paire,date,open,high,low,close
AUDJPY,2019-01-01,77.333,77.348,77.245,77.3
AUDJPY,2019-01-02,77.3,77.305,70.406,74.303
AUDJPY,2019-01-03,74.304,76.013,73.972,75.559
AUDJPY,2019-01-04,75.558,77.293,75.238,77.237
AUDJPY,2019-01-07,77.207,77.731,77.028,77.607
AUDJPY,2019-01-08,77.611,78.014,77.296,77.922
AUDJPY,2019-01-09,77.922,78.107,77.397,77.62
AUDJPY,2019-01-10,77.622,77.996,77.079,77.824
AUDJPY,2019-01-11,77.826,78.352,77.821,78.289
AUDJPY,2019-01-14,78.261,78.261,77.565,77.92
AUDJPY,2019-01-15,77.921,78.518,77.811,78.301
AUDJPY,2019-01-16,78.302,78.376,77.907,78.204
AUDJPY,2019-01-17,78.204,78.977,77.759,78.468
AUDJPY,2019-01-18,78.47,79.102,78.466,78.603
AUDJPY,2019-01-21,78.589,78.712,78.284,78.513
AUDJPY,2019-01-22,78.512,78.526,77.735,77.873
AUDJPY,2019-01-23,77.873,78.417,77.872,78.254
AUDJPY,2019-01-24,78.253,78.54,77.509,77.721
AUDJPY,2019-01-25,77.721,78.834,77.613,78.605
AUDJPY,2019-01-28,78.608,78.823,78.195,78.293
AUDJPY,2019-01-29,78.292,78.484,77.963,78.315
AUDJPY,2019-01-30,78.314,79.285,78.207,79.048
AUDJPY,2019-01-31,79.047,79.394,78.871,79.152
AUDJPY,2019-02-01,79.15,79.604,78.733,79.355
AUDJPY,2019-02-04,79.36,79.534,79.167,79.323
AUDJPY,2019-02-05,79.324,79.843,79.091,79.622
AUDJPY,2019-02-06,79.623,79.656,78.055,78.203
AUDJPY,2019-02-07,78.204,78.245,77.748,77.861
AUDJPY,2019-02-08,77.858,77.979,77.438,77.769
AUDJPY,2019-02-11,77.752,78.152,77.745,77.962
AUDJPY,2019-02-12,77.963,78.531,77.927,78.501
AUDJPY,2019-02-13,78.503,78.945,78.396,78.663
AUDJPY,2019-02-14,78.664,79.239,78.242,78.526
AUDJPY,2019-02-15,78.526,78.936,78.095,78.855
AUDJPY,2019-02-18,78.782,79.192,78.774,78.865
AUDJPY,2019-02-19,78.867,79.354,78.514,79.255
AUDJPY,2019-02-20,79.255,79.573,79.125,79.391
AUDJPY,2019-02-21,79.392,79.817,78.333,78.689
AUDJPY,2019-02-22,78.691,79.096,78.424,78.873
AUDJPY,2019-02-25,78.962,79.776,78.909,79.637
AUDJPY,2019-02-26,79.636,79.664,79.167,79.522
AUDJPY,2019-02-27,79.522,79.548,78.943,79.248
AUDJPY,2019-02-28,79.248,79.468,78.932,79.082
AUDJPY,2019-03-01,79.082,79.648,79.043,79.209
AUDJPY,2019-03-04,79.505,79.557,79.035,79.249
AUDJPY,2019-03-05,79.249,79.365,79.009,79.285
AUDJPY,2019-03-06,79.282,79.342,78.386,78.492
AUDJPY,2019-03-07,78.492,78.76,78.156,78.413
AUDJPY,2019-03-08,78.412,78.412,77.728,78.285
AUDJPY,2019-03-11,78.03,78.769,77.91,78.73
AUDJPY,2019-03-12,78.73,78.927,78.504,78.616
AUDJPY,2019-03-13,78.615,78.978,78.374,78.803
AUDJPY,2019-03-14,78.803,78.993,78.571,78.983
AUDJPY,2019-03-15,78.984,79.243,78.883,78.955
AUDJPY,2019-03-18,78.986,79.412,78.918,79.068
AUDJPY,2019-03-19,79.067,79.193,78.83,78.971
AUDJPY,2019-03-20,78.971,79.311,78.701,78.937
AUDJPY,2019-03-21,78.938,79.358,78.584,78.747
AUDJPY,2019-03-22,78.746,78.837,77.777,77.822
AUDJPY,2019-03-25,77.789,78.346,77.541,78.315
AUDJPY,2019-03-26,78.312,79.001,78.288,78.907
AUDJPY,2019-03-27,78.907,78.914,78.007,78.275
AUDJPY,2019-03-28,78.274,78.443,77.912,78.354
AUDJPY,2019-03-29,78.352,78.704,78.306,78.644
AUDJPY,2019-04-01,79.015,79.265,78.796,79.236
AUDJPY,2019-04-02,79.235,79.402,78.511,78.551
AUDJPY,2019-04-03,78.551,79.464,78.491,79.281
AUDJPY,2019-04-04,79.28,79.464,79.149,79.372
AUDJPY,2019-04-05,79.373,79.636,79.256,79.358
AUDJPY,2019-04-08,79.351,79.507,78.949,79.363
AUDJPY,2019-04-09,79.363,79.614,79.136,79.179
AUDJPY,2019-04-10,79.18,79.608,79.005,79.534
AUDJPY,2019-04-11,79.534,79.634,79.425,79.522
AUDJPY,2019-04-12,79.521,80.484,79.459,80.312
AUDJPY,2019-04-15,80.329,80.442,80.188,80.304
AUDJPY,2019-04-16,80.303,80.387,79.889,80.211
AUDJPY,2019-04-17,80.213,80.72,80.106,80.344
AUDJPY,2019-04-18,80.345,80.6,79.91,80.022
AUDJPY,2019-04-19,80.022,80.11,79.957,79.993
AUDJPY,2019-04-22,79.984,80.079,79.773,79.841
AUDJPY,2019-04-23,79.841,79.845,79.256,79.338
AUDJPY,2019-04-24,79.338,79.356,78.391,78.647
AUDJPY,2019-04-25,78.648,78.711,78.115,78.283
AUDJPY,2019-04-26,78.284,78.8,78.175,78.517
AUDJPY,2019-04-29,78.48,78.944,78.48,78.797
AUDJPY,2019-04-30,78.8,78.925,78.286,78.537
AUDJPY,2019-05-01,78.537,78.702,78.081,78.171
AUDJPY,2019-05-02,78.169,78.46,77.959,77.973
AUDJPY,2019-05-03,77.975,78.182,77.829,78.013
AUDJPY,2019-05-06,77.057,77.666,76.79,77.477
AUDJPY,2019-05-07,77.477,78.042,77.116,77.273
AUDJPY,2019-05-08,77.272,77.38,76.896,76.927
AUDJPY,2019-05-09,76.927,76.973,76.341,76.741
AUDJPY,2019-05-10,76.739,77.234,76.571,76.936
AUDJPY,2019-05-13,76.726,76.865,75.734,75.804
AUDJPY,2019-05-14,75.806,76.359,75.798,76.087
AUDJPY,2019-05-15,76.088,76.094,75.524,75.817
AUDJPY,2019-05-16,75.818,75.999,75.397,75.726
AUDJPY,2019-05-17,75.725,75.84,75.33,75.571
AUDJPY,2019-05-20,76.078,76.389,75.809,76.18
AUDJPY,2019-05-21,76.184,76.281,75.619,76.097
AUDJPY,2019-05-22,76.098,76.185,75.795,75.797
AUDJPY,2019-05-23,75.799,75.88,75.445,75.571
AUDJPY,2019-05-24,75.574,75.828,75.389,75.696
AUDJPY,2019-05-27,75.745,76.008,75.693,75.783
AUDJPY,2019-05-28,75.783,75.952,75.548,75.729
AUDJPY,2019-05-29,75.728,75.862,75.453,75.795
AUDJPY,2019-05-30,75.799,76.164,75.483,75.497
AUDJPY,2019-05-31,75.5,75.643,75.08,75.08
AUDJPY,2019-06-03,75.019,75.486,74.967,75.303
AUDJPY,2019-06-04,75.302,75.693,75.075,75.678
AUDJPY,2019-06-05,75.677,75.902,75.378,75.493
AUDJPY,2019-06-06,75.494,75.775,75.275,75.631
AUDJPY,2019-06-07,75.634,75.815,75.49,75.717
AUDJPY,2019-06-10,75.987,76.017,75.414,75.426
AUDJPY,2019-06-11,75.425,75.676,75.395,75.507
AUDJPY,2019-06-12,75.512,75.555,75.142,75.182
AUDJPY,2019-06-13,75.184,75.282,74.771,74.86
AUDJPY,2019-06-14,74.859,74.919,74.481,74.556
AUDJPY,2019-06-17,74.562,74.78,74.355,74.371
AUDJPY,2019-06-18,74.371,74.719,73.929,74.716
AUDJPY,2019-06-19,74.717,74.773,74.307,74.437
AUDJPY,2019-06-20,74.437,74.679,74.131,74.259
AUDJPY,2019-06-21,74.259,74.537,74.141,74.287
AUDJPY,2019-06-24,74.331,74.799,74.331,74.763
AUDJPY,2019-06-25,74.767,74.855,74.335,74.597
AUDJPY,2019-06-26,74.597,75.353,74.597,75.261
AUDJPY,2019-06-27,75.262,75.618,75.234,75.478
AUDJPY,2019-06-28,75.48,75.791,75.326,75.757
AUDJPY,2019-07-01,76.033,76.285,75.419,75.481
AUDJPY,2019-07-02,75.481,75.745,75.314,75.42
AUDJPY,2019-07-03,75.422,75.904,75.132,75.769
AUDJPY,2019-07-04,75.768,75.925,75.616,75.743
AUDJPY,2019-07-05,75.744,75.899,75.552,75.676
AUDJPY,2019-07-08,75.635,75.887,75.617,75.801
AUDJPY,2019-07-09,75.801,75.913,75.298,75.436
AUDJPY,2019-07-10,75.437,75.621,75.29,75.382
AUDJPY,2019-07-11,75.384,75.725,75.182,75.708
AUDJPY,2019-07-12,75.707,75.909,75.541,75.727
AUDJPY,2019-07-15,75.669,76.02,75.618,75.941
AUDJPY,2019-07-16,75.94,76.142,75.822,75.906
AUDJPY,2019-07-17,75.908,76.003,75.608,75.641
AUDJPY,2019-07-18,75.642,75.987,75.446,75.91
AUDJPY,2019-07-19,75.911,76.11,75.815,75.833
AUDJPY,2019-07-22,75.844,76.16,75.833,75.847
AUDJPY,2019-07-23,75.849,76.073,75.614,75.711
AUDJPY,2019-07-24,75.711,75.722,75.342,75.491
AUDJPY,2019-07-25,75.494,75.588,75.251,75.53
AUDJPY,2019-07-26,75.532,75.585,75.023,75.08
AUDJPY,2019-07-29,74.996,75.193,74.902,75.088
AUDJPY,2019-07-30,75.087,75.192,74.585,74.632
AUDJPY,2019-07-31,74.633,74.891,74.348,74.479
AUDJPY,2019-08-01,74.48,74.852,72.868,73.073
AUDJPY,2019-08-02,73.073,73.126,72.216,72.442
AUDJPY,2019-08-05,72.393,72.463,71.234,71.416
AUDJPY,2019-08-06,71.416,72.714,71.394,71.898
AUDJPY,2019-08-07,71.897,72.051,70.738,71.702
AUDJPY,2019-08-08,71.704,72.358,71.566,72.115
AUDJPY,2019-08-09,72.109,72.235,71.479,71.674
AUDJPY,2019-08-12,71.575,71.694,70.899,71.19
AUDJPY,2019-08-13,71.191,72.93,71.021,72.454
AUDJPY,2019-08-14,72.453,72.48,71.249,71.536
AUDJPY,2019-08-15,71.537,72.502,71.503,71.846
AUDJPY,2019-08-16,71.847,72.236,71.808,72.059
AUDJPY,2019-08-19,72.029,72.307,71.974,71.986
AUDJPY,2019-08-20,71.987,72.357,71.905,71.984
AUDJPY,2019-08-21,71.985,72.404,71.985,72.32
AUDJPY,2019-08-22,72.316,72.338,71.835,71.935
AUDJPY,2019-08-23,71.932,72.109,71.032,71.117
AUDJPY,2019-08-26,70.707,72.075,69.956,71.735
AUDJPY,2019-08-27,71.733,71.773,71.258,71.427
AUDJPY,2019-08-28,71.427,71.589,71.218,71.493
AUDJPY,2019-08-29,71.493,71.808,71.119,71.703
AUDJPY,2019-08-30,71.702,71.755,71.335,71.58
AUDJPY,2019-09-02,71.334,71.532,71.22,71.271
AUDJPY,2019-09-03,71.271,71.726,71.094,71.588
AUDJPY,2019-09-04,71.588,72.346,71.558,72.272
AUDJPY,2019-09-05,72.273,73.148,72.272,72.935
AUDJPY,2019-09-06,72.932,73.284,72.843,73.167
AUDJPY,2019-09-09,73.051,73.703,73.037,73.675
AUDJPY,2019-09-10,73.675,73.832,73.414,73.792
AUDJPY,2019-09-11,73.791,74.283,73.667,74.26
AUDJPY,2019-09-12,74.266,74.487,73.872,74.246
AUDJPY,2019-09-13,74.249,74.496,74.157,74.36
AUDJPY,2019-09-16,73.746,74.296,73.742,74.204
AUDJPY,2019-09-17,74.204,74.283,73.895,74.213
AUDJPY,2019-09-18,74.214,74.236,73.848,73.99
AUDJPY,2019-09-19,73.989,74.011,73.126,73.39
AUDJPY,2019-09-20,73.39,73.457,72.697,72.743
AUDJPY,2019-09-23,72.952,73.04,72.621,72.876
AUDJPY,2019-09-24,72.879,73.304,72.716,72.844
AUDJPY,2019-09-25,72.846,73.082,72.479,72.744
AUDJPY,2019-09-26,72.743,72.991,72.623,72.764
AUDJPY,2019-09-27,72.764,73.319,72.622,72.968
AUDJPY,2019-09-30,72.976,73.101,72.701,72.943
AUDJPY,2019-10-01,72.944,73.374,72.044,72.274
AUDJPY,2019-10-02,72.275,72.483,71.732,71.881
AUDJPY,2019-10-03,71.882,72.164,71.739,72.046
AUDJPY,2019-10-04,72.046,72.456,72.03,72.344
AUDJPY,2019-10-07,72.046,72.418,71.918,72.205
AUDJPY,2019-10-08,72.207,72.54,71.92,71.955
AUDJPY,2019-10-09,71.953,72.488,71.841,72.05
AUDJPY,2019-10-10,72.053,73.077,71.966,72.947
AUDJPY,2019-10-11,72.947,73.957,72.917,73.579
AUDJPY,2019-10-14,73.56,73.749,72.993,73.44
AUDJPY,2019-10-15,73.439,73.686,73.079,73.474
AUDJPY,2019-10-16,73.472,73.557,73.054,73.424
AUDJPY,2019-10-17,73.422,74.402,73.398,74.111
AUDJPY,2019-10-18,74.111,74.353,74.098,74.295
AUDJPY,2019-10-21,74.233,74.728,74.097,74.615
AUDJPY,2019-10-22,74.615,74.823,74.3,74.427
AUDJPY,2019-10-23,74.426,74.513,74.016,74.414
AUDJPY,2019-10-24,74.415,74.491,73.926,74.03
AUDJPY,2019-10-25,74.029,74.312,73.965,74.102
AUDJPY,2019-10-28,74.156,74.581,74.069,74.532
AUDJPY,2019-10-29,74.53,74.822,74.51,74.645
AUDJPY,2019-10-30,74.644,75.143,74.528,75.042
AUDJPY,2019-10-31,75.038,75.294,74.318,74.44
AUDJPY,2019-11-01,74.44,74.886,74.354,74.759
AUDJPY,2019-11-04,74.818,75.008,74.664,74.885
AUDJPY,2019-11-05,74.882,75.407,74.736,75.195
AUDJPY,2019-11-06,75.197,75.302,74.819,74.896
AUDJPY,2019-11-07,74.899,75.673,74.566,75.388
AUDJPY,2019-11-08,75.388,75.558,74.745,74.923
AUDJPY,2019-11-11,74.87,74.959,74.606,74.675
AUDJPY,2019-11-12,74.675,74.942,74.522,74.57
AUDJPY,2019-11-13,74.57,74.706,74.194,74.408
AUDJPY,2019-11-14,74.407,74.428,73.355,73.634
AUDJPY,2019-11-15,73.633,74.212,73.584,74.179
AUDJPY,2019-11-18,74.105,74.32,73.889,73.943
AUDJPY,2019-11-19,73.943,74.277,73.592,74.028
AUDJPY,2019-11-20,74.027,74.159,73.628,73.734
AUDJPY,2019-11-21,73.734,74.05,73.489,73.707
AUDJPY,2019-11-22,73.707,73.917,73.587,73.691
AUDJPY,2019-11-25,73.797,73.997,73.728,73.861
AUDJPY,2019-11-26,73.863,74.106,73.717,74.042
AUDJPY,2019-11-27,74.041,74.294,73.9,74.025
AUDJPY,2019-11-28,74.024,74.164,73.961,74.12
AUDJPY,2019-11-29,74.12,74.275,73.924,74.009
AUDJPY,2019-12-02,74.123,74.519,74.053,74.328
AUDJPY,2019-12-03,74.328,74.844,74.184,74.429
AUDJPY,2019-12-04,74.43,74.643,73.896,74.54
AUDJPY,2019-12-05,74.539,74.626,74.164,74.284
AUDJPY,2019-12-06,74.287,74.535,74.167,74.252
AUDJPY,2019-12-09,74.203,74.289,73.973,74.123
AUDJPY,2019-12-10,74.124,74.275,73.824,74.081
AUDJPY,2019-12-11,74.08,74.755,73.944,74.576
AUDJPY,2019-12-12,74.574,75.973,74.538,75.77
AUDJPY,2019-12-13,75.77,75.958,74.973,75.179
AUDJPY,2019-12-16,75.218,75.629,75.125,75.306
AUDJPY,2019-12-17,75.312,75.352,74.942,75.028
AUDJPY,2019-12-18,75.03,75.207,74.847,75.092
AUDJPY,2019-12-19,75.093,75.432,75.049,75.366
AUDJPY,2019-12-20,75.367,75.613,75.219,75.507
AUDJPY,2019-12-23,75.394,75.795,75.394,75.742
AUDJPY,2019-12-24,75.742,75.783,75.593,75.678
AUDJPY,2019-12-25,75.676,75.753,75.569,75.732
AUDJPY,2019-12-26,75.732,76.185,75.728,76.096
AUDJPY,2019-12-27,76.096,76.545,76.025,76.427
AUDJPY,2019-12-30,76.365,76.508,76.088,76.23
AUDJPY,2019-12-31,76.227,76.435,76.055,76.235
AUDJPY,2020-01-01,76.266,76.316,76.101,76.311
AUDJPY,2020-01-02,76.311,76.321,75.672,75.799
AUDJPY,2020-01-03,75.798,75.801,74.854,75.063
AUDJPY,2020-01-06,74.866,75.27,74.732,75.203
AUDJPY,2020-01-07,75.204,75.262,73.871,74.082
AUDJPY,2020-01-08,74.082,75.068,73.756,74.966
AUDJPY,2020-01-09,74.968,75.202,74.95,75.041
AUDJPY,2020-01-10,75.042,75.697,75.029,75.511
AUDJPY,2020-01-13,75.534,76.009,75.503,75.878
AUDJPY,2020-01-14,75.879,76.103,75.699,75.74
AUDJPY,2020-01-15,75.741,76.036,75.58,75.9
AUDJPY,2020-01-16,75.901,76.244,75.866,76.006
AUDJPY,2020-01-17,76.007,76.167,75.663,75.675
AUDJPY,2020-01-20,75.658,75.894,75.525,75.751
AUDJPY,2020-01-21,75.753,75.813,75.108,75.258
AUDJPY,2020-01-22,75.259,75.408,75.029,75.071
AUDJPY,2020-01-23,75.071,75.492,74.649,75.034
AUDJPY,2020-01-24,75.032,75.172,74.424,74.519
AUDJPY,2020-01-27,74.195,74.329,73.541,73.657
AUDJPY,2020-01-28,73.657,73.877,73.295,73.817
AUDJPY,2020-01-29,73.817,74.008,73.444,73.603
AUDJPY,2020-01-30,73.602,73.633,72.803,73.017
AUDJPY,2020-01-31,73.016,73.439,72.415,72.415
AUDJPY,2020-02-03,72.471,72.923,72.41,72.662
AUDJPY,2020-02-04,72.662,73.847,72.499,73.667
AUDJPY,2020-02-05,73.668,74.342,73.54,74.142
AUDJPY,2020-02-06,74.141,74.391,73.977,74.02
AUDJPY,2020-02-07,74.02,74.025,73.044,73.199
AUDJPY,2020-02-10,73.116,73.67,73.052,73.429
AUDJPY,2020-02-11,73.428,74.003,73.321,73.797
AUDJPY,2020-02-12,73.796,74.292,73.646,73.757
AUDJPY,2020-02-13,73.758,74.09,73.626,73.755
AUDJPY,2020-02-14,73.754,73.985,73.607,73.663
AUDJPY,2020-02-17,73.827,73.952,73.645,73.693
AUDJPY,2020-02-18,73.695,73.697,73.189,73.579
AUDJPY,2020-02-19,73.581,74.472,73.426,74.29
AUDJPY,2020-02-20,74.29,74.416,73.789,74.034
AUDJPY,2020-02-21,74.033,74.297,73.427,73.859
AUDJPY,2020-02-24,73.262,73.908,72.996,73.281
AUDJPY,2020-02-25,73.282,73.498,72.525,72.848
AUDJPY,2020-02-26,72.848,73.012,72.198,72.263
AUDJPY,2020-02-27,72.267,72.589,71.771,72.133
AUDJPY,2020-02-28,72.133,72.186,69.374,70.287
AUDJPY,2020-03-02,69.46,71.198,69.426,71.073
AUDJPY,2020-03-03,71.073,71.509,70.301,70.482
AUDJPY,2020-03-04,70.48,71.427,70.475,71.396
AUDJPY,2020-03-05,71.396,71.398,69.951,70.305
AUDJPY,2020-03-06,70.306,70.425,69.58,69.895
AUDJPY,2020-03-09,68.845,69.177,64.356,68.006
AUDJPY,2020-03-10,68.01,68.987,67.056,68.215
AUDJPY,2020-03-11,68.223,68.786,67.575,67.703
AUDJPY,2020-03-12,67.707,67.813,65.047,65.671
AUDJPY,2020-03-13,65.668,67.739,65.668,66.699
AUDJPY,2020-03-16,65.747,67.375,64.053,64.808
AUDJPY,2020-03-17,64.817,65.825,63.919,64.314
AUDJPY,2020-03-18,64.313,64.647,61.685,62.755
AUDJPY,2020-03-19,62.751,65.543,59.888,63.928
AUDJPY,2020-03-20,63.928,65.63,63.409,64.219
AUDJPY,2020-03-23,64.312,65.25,62.921,65.103
AUDJPY,2020-03-24,65.103,66.638,64.945,66.331
AUDJPY,2020-03-25,66.33,67.703,65.338,65.407
AUDJPY,2020-03-26,65.42,66.588,64.911,66.328
AUDJPY,2020-03-27,66.326,66.932,65.483,66.502
AUDJPY,2020-03-30,66.265,66.668,65.735,66.623
AUDJPY,2020-03-31,66.624,67.265,65.579,65.987
AUDJPY,2020-04-01,65.986,66.356,64.865,65.337
AUDJPY,2020-04-02,65.344,65.626,64.393,65.518
AUDJPY,2020-04-03,65.512,65.59,64.833,64.977
AUDJPY,2020-04-06,65.131,66.808,64.854,66.75
AUDJPY,2020-04-07,66.753,67.674,66.429,66.847
AUDJPY,2020-04-08,66.845,67.991,66.475,67.899
AUDJPY,2020-04-09,67.907,68.882,67.487,68.73
AUDJPY,2020-04-10,68.73,69.027,68.485,68.738
AUDJPY,2020-04-13,68.787,68.971,68.334,68.872
AUDJPY,2020-04-14,68.874,69.261,68.503,68.924
AUDJPY,2020-04-15,68.924,68.946,67.58,67.887
AUDJPY,2020-04-16,67.888,68.947,67.588,68.636
AUDJPY,2020-04-17,68.639,68.75,68.071,68.409
AUDJPY,2020-04-20,68.413,68.895,68.13,68.282
AUDJPY,2020-04-21,68.29,68.335,67.29,67.779
AUDJPY,2020-04-22,67.782,68.473,67.698,67.897
AUDJPY,2020-04-23,67.905,69.008,67.748,68.643
AUDJPY,2020-04-24,68.644,68.783,68.214,68.714
AUDJPY,2020-04-27,68.633,69.386,68.577,69.2
AUDJPY,2020-04-28,69.202,69.564,69.032,69.416
AUDJPY,2020-04-29,69.416,69.945,69.281,69.876
AUDJPY,2020-04-30,69.876,70.167,69.242,69.673
AUDJPY,2020-05-01,69.678,69.722,68.497,68.569
AUDJPY,2020-05-04,68.476,68.714,67.995,68.559
AUDJPY,2020-05-05,68.559,68.986,68.459,68.48
AUDJPY,2020-05-06,68.483,68.621,67.63,67.881
AUDJPY,2020-05-07,67.883,69.206,67.881,69.147
AUDJPY,2020-05-08,69.147,69.727,69.146,69.66
AUDJPY,2020-05-11,69.576,70.175,69.379,69.765
AUDJPY,2020-05-12,69.765,70.156,69.135,69.141
AUDJPY,2020-05-13,69.143,69.761,68.89,69.003
AUDJPY,2020-05-14,69.009,69.486,68.546,69.463
AUDJPY,2020-05-15,69.462,69.532,68.635,68.645
AUDJPY,2020-05-18,68.74,70.073,68.653,70.049
AUDJPY,2020-05-19,70.054,70.961,69.876,70.518
AUDJPY,2020-05-20,70.522,71.032,70.269,70.918
AUDJPY,2020-05-21,70.917,71.082,70.494,70.683
AUDJPY,2020-05-22,70.684,70.795,69.938,70.308
AUDJPY,2020-05-25,70.28,70.581,70.199,70.532
AUDJPY,2020-05-26,70.536,71.782,70.475,71.436
AUDJPY,2020-05-27,71.436,71.923,70.813,71.38
AUDJPY,2020-05-28,71.381,71.778,71.014,71.392
AUDJPY,2020-05-29,71.393,71.929,71.139,71.847
AUDJPY,2020-06-01,71.689,73.298,71.609,72.966
AUDJPY,2020-06-02,72.967,75.333,72.945,75.241
AUDJPY,2020-06-03,75.243,75.767,74.406,75.504
AUDJPY,2020-06-04,75.503,76.204,74.859,75.732
AUDJPY,2020-06-05,75.735,76.748,75.593,76.35
AUDJPY,2020-06-08,76.336,76.786,75.556,76.148
AUDJPY,2020-06-09,76.152,76.273,74.468,74.804
AUDJPY,2020-06-10,74.808,75.612,74.514,74.559
AUDJPY,2020-06-11,74.562,74.825,72.767,72.936
AUDJPY,2020-06-12,72.937,74.301,72.527,73.715
AUDJPY,2020-06-15,73.411,74.84,72.645,74.833
AUDJPY,2020-06-16,74.833,75.087,73.322,74.032
AUDJPY,2020-06-17,74.03,74.308,73.42,73.491
AUDJPY,2020-06-18,73.491,73.894,72.986,73.362
AUDJPY,2020-06-19,73.362,73.826,72.98,73.03
AUDJPY,2020-06-22,72.722,74.143,72.714,74.069
AUDJPY,2020-06-23,74.068,74.421,73.202,73.89
AUDJPY,2020-06-24,73.893,74.161,73.307,73.372
AUDJPY,2020-06-25,73.375,73.909,73.313,73.812
AUDJPY,2020-06-26,73.813,73.88,73.307,73.597
AUDJPY,2020-06-29,73.421,74.01,73.326,73.927
AUDJPY,2020-06-30,73.931,74.595,73.606,74.508
AUDJPY,2020-07-01,74.51,74.701,73.917,74.206
AUDJPY,2020-07-02,74.205,74.706,74.178,74.377
AUDJPY,2020-07-03,74.381,74.675,74.327,74.562
AUDJPY,2020-07-06,74.464,75.161,74.453,74.879
AUDJPY,2020-07-07,74.879,75.062,74.561,74.677
AUDJPY,2020-07-08,74.678,74.986,74.506,74.943
AUDJPY,2020-07-09,74.944,75.061,74.566,74.633
AUDJPY,2020-07-10,74.634,74.66,73.982,74.293
AUDJPY,2020-07-13,74.292,75.007,74.19,74.413
AUDJPY,2020-07-14,74.413,75.023,74.243,74.94
AUDJPY,2020-07-15,74.94,75.275,74.795,74.916
AUDJPY,2020-07-16,74.916,75.099,74.681,74.837
AUDJPY,2020-07-17,74.841,74.967,74.753,74.853
AUDJPY,2020-07-20,74.804,75.332,74.795,75.267
AUDJPY,2020-07-21,75.268,76.314,75.212,76.254
AUDJPY,2020-07-22,76.255,76.87,76.051,76.485
AUDJPY,2020-07-23,76.483,76.709,75.758,75.845
AUDJPY,2020-07-24,75.845,75.9,74.864,75.395
AUDJPY,2020-07-27,75.123,75.423,75.006,75.361
AUDJPY,2020-07-28,75.363,75.577,75.007,75.24
AUDJPY,2020-07-29,75.24,75.514,75.172,75.336
AUDJPY,2020-07-30,75.336,75.482,74.825,75.396
AUDJPY,2020-07-31,75.396,75.921,75.012,75.551
AUDJPY,2020-08-03,75.412,75.804,75.098,75.455
AUDJPY,2020-08-04,75.455,75.812,75.386,75.8
AUDJPY,2020-08-05,75.801,76.407,75.698,75.98
AUDJPY,2020-08-06,75.982,76.437,75.662,76.349
AUDJPY,2020-08-07,76.351,76.438,75.725,75.798
AUDJPY,2020-08-10,75.812,76.017,75.686,75.839
AUDJPY,2020-08-11,75.839,76.335,75.839,76.087
AUDJPY,2020-08-12,76.088,76.714,75.86,76.546
AUDJPY,2020-08-13,76.545,76.701,76.314,76.465
AUDJPY,2020-08-14,76.469,76.503,76.149,76.428
AUDJPY,2020-08-17,76.369,76.677,76.328,76.471
AUDJPY,2020-08-18,76.47,76.549,76.116,76.342
AUDJPY,2020-08-19,76.345,76.678,76.076,76.238
AUDJPY,2020-08-20,76.239,76.313,75.609,76.126
AUDJPY,2020-08-21,76.127,76.275,75.629,75.749
AUDJPY,2020-08-24,75.798,76.149,75.601,75.992
AUDJPY,2020-08-25,75.993,76.651,75.86,76.58
AUDJPY,2020-08-26,76.579,76.768,76.427,76.701
AUDJPY,2020-08-27,76.7,77.536,76.625,77.531
AUDJPY,2020-08-28,77.531,77.958,77.089,77.576
AUDJPY,2020-08-31,77.6,78.461,77.409,78.198
AUDJPY,2020-09-01,78.198,78.36,78.007,78.119
AUDJPY,2020-09-02,78.117,78.168,77.536,77.827
AUDJPY,2020-09-03,77.827,77.906,76.935,76.954
AUDJPY,2020-09-04,76.954,77.526,76.77,77.346
AUDJPY,2020-09-07,77.379,77.602,77.239,77.391
AUDJPY,2020-09-08,77.392,77.64,76.115,76.398
AUDJPY,2020-09-09,76.397,77.425,76.257,77.289
AUDJPY,2020-09-10,77.289,77.736,76.924,77.077
AUDJPY,2020-09-11,77.078,77.588,77.038,77.293
AUDJPY,2020-09-14,77.202,77.348,76.954,77.003
AUDJPY,2020-09-15,77.005,77.509,76.785,76.893
AUDJPY,2020-09-16,76.895,77.181,76.445,76.66
AUDJPY,2020-09-17,76.659,76.786,76.102,76.566
AUDJPY,2020-09-18,76.563,76.854,75.981,76.17
AUDJPY,2020-09-21,76.156,76.391,75.266,75.676
AUDJPY,2020-09-22,75.675,75.769,75.114,75.35
AUDJPY,2020-09-23,75.351,75.378,74.358,74.392
AUDJPY,2020-09-24,74.391,74.627,73.971,74.386
AUDJPY,2020-09-25,74.385,74.627,74.013,74.154
AUDJPY,2020-09-28,74.144,74.822,74.112,74.797
AUDJPY,2020-09-29,74.799,75.512,74.612,75.509
AUDJPY,2020-09-30,75.508,75.703,74.872,75.552
AUDJPY,2020-10-01,75.553,76.052,75.484,75.792
AUDJPY,2020-10-02,75.794,75.846,74.929,75.358
AUDJPY,2020-10-05,75.455,76.078,75.392,76.037
AUDJPY,2020-10-06,76.038,76.164,74.939,75.102
AUDJPY,2020-10-07,75.103,75.754,74.993,75.618
AUDJPY,2020-10-08,75.618,76.077,75.523,76.074
AUDJPY,2020-10-09,76.073,76.52,75.927,76.406
AUDJPY,2020-10-12,76.346,76.511,75.865,75.934
AUDJPY,2020-10-13,75.934,75.95,75.44,75.559
AUDJPY,2020-10-14,75.56,75.718,74.972,75.081
AUDJPY,2020-10-15,75.08,75.259,74.255,74.676
AUDJPY,2020-10-16,74.676,74.735,74.392,74.578
AUDJPY,2020-10-19,74.566,74.949,74.3,74.389
AUDJPY,2020-10-20,74.386,74.612,74.201,74.36
AUDJPY,2020-10-21,74.36,74.611,74.202,74.368
AUDJPY,2020-10-22,74.368,74.857,74.186,74.768
AUDJPY,2020-10-23,74.767,74.924,74.37,74.702
AUDJPY,2020-10-26,74.657,74.943,74.501,74.606
AUDJPY,2020-10-27,74.606,74.784,74.274,74.466
AUDJPY,2020-10-28,74.466,74.63,73.39,73.593
AUDJPY,2020-10-29,73.594,73.852,73.135,73.58
AUDJPY,2020-10-30,73.581,73.92,73.143,73.521
AUDJPY,2020-11-02,73.424,73.958,73.18,73.86
AUDJPY,2020-11-03,73.86,75.383,73.609,75.237
AUDJPY,2020-11-04,75.236,75.475,74.073,74.986
AUDJPY,2020-11-05,74.984,75.461,74.561,75.241
AUDJPY,2020-11-06,75.239,75.371,74.9,74.966
AUDJPY,2020-11-09,75.198,77.038,75.082,76.532
AUDJPY,2020-11-10,76.528,76.825,76.244,76.649
AUDJPY,2020-11-11,76.649,77.098,76.506,76.781
AUDJPY,2020-11-12,76.782,76.823,75.917,76.088
AUDJPY,2020-11-13,76.092,76.302,75.758,76.008
AUDJPY,2020-11-16,76.123,76.771,76.01,76.513
AUDJPY,2020-11-17,76.513,76.562,75.895,76.008
AUDJPY,2020-11-18,76.008,76.158,75.695,75.81
AUDJPY,2020-11-19,75.81,75.85,75.404,75.448
AUDJPY,2020-11-20,75.447,75.975,75.447,75.782
AUDJPY,2020-11-23,75.757,76.331,75.748,76.25
AUDJPY,2020-11-24,76.25,77.003,76.25,76.984
AUDJPY,2020-11-25,76.985,77.042,76.454,76.878
AUDJPY,2020-11-26,76.878,76.917,76.652,76.696
AUDJPY,2020-11-27,76.697,76.952,76.496,76.814
AUDJPY,2020-11-30,76.838,77.112,76.569,76.756
AUDJPY,2020-12-01,76.757,77.011,76.631,76.977
AUDJPY,2020-12-02,76.976,77.498,76.85,77.443
AUDJPY,2020-12-03,77.442,77.562,77.162,77.213
AUDJPY,2020-12-04,77.212,77.501,77.02,77.302
AUDJPY,2020-12-07,77.332,77.502,76.9,77.123
AUDJPY,2020-12-08,77.124,77.369,77.064,77.159
AUDJPY,2020-12-09,77.154,77.943,77.137,77.522
AUDJPY,2020-12-10,77.523,78.586,77.519,78.375
AUDJPY,2020-12-11,78.377,78.78,78.191,78.33
AUDJPY,2020-12-14,78.517,78.704,78.275,78.369
AUDJPY,2020-12-15,78.374,78.543,78.145,78.332
AUDJPY,2020-12-16,78.331,78.431,78.124,78.326
AUDJPY,2020-12-17,78.324,78.821,78.286,78.54
AUDJPY,2020-12-18,78.539,78.824,78.437,78.692
AUDJPY,2020-12-21,78.513,78.639,77.492,78.286
AUDJPY,2020-12-22,78.286,78.354,77.849,78.191
AUDJPY,2020-12-23,78.192,78.584,77.959,78.502
AUDJPY,2020-12-24,78.502,78.844,78.483,78.69
AUDJPY,2020-12-25,78.686,78.776,78.42,78.684
AUDJPY,2020-12-28,78.67,78.881,78.477,78.683
AUDJPY,2020-12-29,78.684,78.956,78.684,78.804
AUDJPY,2020-12-30,78.805,79.397,78.747,79.284
AUDJPY,2020-12-31,79.285,79.79,79.28,79.384
AUDJPY,2021-01-04,79.418,79.681,78.849,79.099
AUDJPY,2021-01-05,79.101,79.836,79.042,79.708
AUDJPY,2021-01-06,79.711,80.551,79.53,80.521
AUDJPY,2021-01-07,80.521,80.691,80.162,80.639
AUDJPY,2021-01-08,80.645,80.926,80.382,80.706
AUDJPY,2021-01-11,80.561,80.686,79.994,80.262
AUDJPY,2021-01-12,80.26,80.72,80.18,80.67
AUDJPY,2021-01-13,80.668,80.684,80.265,80.428
AUDJPY,2021-01-14,80.429,80.852,80.401,80.741
AUDJPY,2021-01-15,80.739,80.788,79.718,79.96
AUDJPY,2021-01-18,80.023,80.066,79.51,79.697
AUDJPY,2021-01-19,79.697,80.318,79.688,80.142
AUDJPY,2021-01-20,80.142,80.376,79.977,80.307
AUDJPY,2021-01-21,80.308,80.515,80.189,80.32
AUDJPY,2021-01-22,80.319,80.445,79.902,80.015
AUDJPY,2021-01-25,80.089,80.338,79.76,80.051
AUDJPY,2021-01-26,80.051,80.345,79.605,80.325
AUDJPY,2021-01-27,80.323,80.441,79.595,79.651
AUDJPY,2021-01-28,79.651,80.236,79.201,80.007
AUDJPY,2021-01-29,80.006,80.647,79.807,79.96
AUDJPY,2021-02-01,79.851,80.209,79.69,80.062
AUDJPY,2021-02-02,80.061,80.366,79.538,79.885
AUDJPY,2021-02-03,79.884,80.187,79.825,80.176
AUDJPY,2021-02-04,80.177,80.331,80.045,80.239
AUDJPY,2021-02-05,80.24,80.915,80.039,80.863
AUDJPY,2021-02-08,80.77,81.189,80.761,81.101
AUDJPY,2021-02-09,81.1,81.159,80.645,80.946
AUDJPY,2021-02-10,80.946,81.097,80.751,80.805
AUDJPY,2021-02-11,80.804,81.372,80.673,81.2
AUDJPY,2021-02-12,81.199,81.484,81.084,81.409
AUDJPY,2021-02-15,81.463,82.088,81.434,82.034
AUDJPY,2021-02-16,82.036,82.413,81.88,82.086
AUDJPY,2021-02-17,82.086,82.292,81.759,82.12
AUDJPY,2021-02-18,82.118,82.3,81.824,82.075
AUDJPY,2021-02-19,82.073,83.157,81.99,82.94
AUDJPY,2021-02-22,82.946,83.434,82.939,83.104
AUDJPY,2021-02-23,83.104,83.366,82.913,83.258
AUDJPY,2021-02-24,83.258,84.528,83.24,84.504
AUDJPY,2021-02-25,84.504,84.949,83.508,83.651
AUDJPY,2021-02-26,83.651,83.743,81.984,82.06
AUDJPY,2021-03-01,82.12,83.132,82.086,83.054
AUDJPY,2021-03-02,83.051,83.635,82.625,83.53
AUDJPY,2021-03-03,83.531,83.754,83.009,83.009
AUDJPY,2021-03-04,83.01,84.038,83.007,83.274
AUDJPY,2021-03-05,83.27,83.592,82.779,83.171
AUDJPY,2021-03-08,83.316,83.744,82.927,83.389
AUDJPY,2021-03-09,83.39,83.915,83.173,83.77
AUDJPY,2021-03-10,83.769,83.928,83.479,83.834
AUDJPY,2021-03-11,83.834,84.562,83.79,84.528
AUDJPY,2021-03-12,84.527,84.776,84.21,84.567
AUDJPY,2021-03-15,84.463,84.729,84.113,84.55
AUDJPY,2021-03-16,84.55,84.663,84.189,84.456
AUDJPY,2021-03-17,84.453,85.099,84.121,85.098
AUDJPY,2021-03-18,85.099,85.448,84.354,84.449
AUDJPY,2021-03-19,84.45,84.546,84.114,84.25
AUDJPY,2021-03-22,83.684,84.378,83.663,84.244
AUDJPY,2021-03-23,84.247,84.265,82.464,82.545
AUDJPY,2021-03-24,82.545,83.039,82.286,82.58
AUDJPY,2021-03-25,82.58,83.061,82.553,82.892
AUDJPY,2021-03-26,82.892,83.836,82.828,83.739
AUDJPY,2021-03-29,83.734,83.933,83.335,83.898
AUDJPY,2021-03-30,83.9,84.284,83.694,83.919
AUDJPY,2021-03-31,83.919,84.476,83.873,84.106
AUDJPY,2021-04-01,84.106,84.273,83.43,84.247
AUDJPY,2021-04-02,84.247,84.484,84.029,84.058
AUDJPY,2021-04-05,84.124,84.411,84.077,84.378
AUDJPY,2021-04-06,84.375,84.461,83.787,84.173
AUDJPY,2021-04-07,84.172,84.244,83.489,83.638
AUDJPY,2021-04-08,83.637,83.784,83.286,83.709
AUDJPY,2021-04-09,83.71,83.785,83.036,83.532
AUDJPY,2021-04-12,83.525,83.686,83.153,83.425
AUDJPY,2021-04-13,83.425,83.463,83.032,83.295
AUDJPY,2021-04-14,83.295,84.286,83.106,84.117
AUDJPY,2021-04-15,84.114,84.411,83.881,84.247
AUDJPY,2021-04-16,84.247,84.379,84.076,84.111
AUDJPY,2021-04-19,84.055,84.147,83.749,83.941
AUDJPY,2021-04-20,83.942,84.716,83.357,83.501
AUDJPY,2021-04-21,83.502,83.923,83.221,83.775
AUDJPY,2021-04-22,83.775,83.861,83.062,83.193
AUDJPY,2021-04-23,83.194,83.743,83.101,83.496
AUDJPY,2021-04-26,83.497,84.499,83.491,84.36
AUDJPY,2021-04-27,84.359,84.515,84.076,84.473
AUDJPY,2021-04-28,84.472,84.752,84.135,84.647
AUDJPY,2021-04-29,84.647,85.005,84.36,84.698
AUDJPY,2021-04-30,84.698,84.851,84.137,84.301
AUDJPY,2021-05-03,84.367,84.749,84.275,84.634
AUDJPY,2021-05-04,84.633,84.736,83.932,84.33
AUDJPY,2021-05-05,84.331,84.704,84.293,84.657
AUDJPY,2021-05-06,84.655,84.933,84.241,84.918
AUDJPY,2021-05-07,84.917,85.315,84.722,85.132
AUDJPY,2021-05-10,85.294,85.803,85.124,85.341
AUDJPY,2021-05-11,85.342,85.444,84.82,85.207
AUDJPY,2021-05-12,85.205,85.259,84.592,84.793
AUDJPY,2021-05-13,84.796,84.839,84.292,84.588
AUDJPY,2021-05-14,84.587,85.169,84.527,85.053
AUDJPY,2021-05-17,84.916,85.139,84.455,84.917
AUDJPY,2021-05-18,84.918,85.148,84.767,84.782
AUDJPY,2021-05-19,84.784,84.956,84.042,84.35
AUDJPY,2021-05-20,84.35,84.647,84.237,84.579
AUDJPY,2021-05-21,84.578,84.653,84.109,84.154
AUDJPY,2021-05-24,84.174,84.415,83.973,84.366
AUDJPY,2021-05-25,84.364,84.666,84.241,84.313
AUDJPY,2021-05-26,84.313,84.8,84.288,84.492
AUDJPY,2021-05-27,84.492,85.067,84.333,85.016
AUDJPY,2021-05-28,85.017,85.151,84.547,84.651
AUDJPY,2021-05-31,84.539,84.905,84.539,84.784
AUDJPY,2021-06-01,84.784,85.053,84.664,84.922
AUDJPY,2021-06-02,84.921,85.189,84.762,84.87
AUDJPY,2021-06-03,84.872,84.99,84.304,84.501
AUDJPY,2021-06-04,84.502,84.844,84.323,84.763
AUDJPY,2021-06-07,84.735,84.877,84.565,84.753
AUDJPY,2021-06-08,84.752,84.851,84.635,84.695
AUDJPY,2021-06-09,84.694,84.834,84.66,84.722
AUDJPY,2021-06-10,84.721,85.017,84.625,84.749
AUDJPY,2021-06-11,84.75,85.052,84.389,84.475
AUDJPY,2021-06-14,84.441,84.938,84.441,84.862
AUDJPY,2021-06-15,84.861,84.929,84.516,84.605
AUDJPY,2021-06-16,84.607,84.755,84.065,84.348
AUDJPY,2021-06-17,84.35,84.609,83.068,83.367
AUDJPY,2021-06-18,83.368,83.38,82.362,82.362
AUDJPY,2021-06-21,82.485,83.273,82.133,83.165
AUDJPY,2021-06-22,83.164,83.654,82.788,83.595
AUDJPY,2021-06-23,83.59,84.144,83.529,84.072
AUDJPY,2021-06-24,84.072,84.166,83.873,84.095
AUDJPY,2021-06-25,84.096,84.255,84.022,84.115
AUDJPY,2021-06-28,83.933,84.159,83.594,83.709
AUDJPY,2021-06-29,83.71,83.725,82.954,83.048
AUDJPY,2021-06-30,83.051,83.349,82.811,83.318
AUDJPY,2021-07-01,83.318,83.654,83.109,83.292
AUDJPY,2021-07-02,83.292,83.638,83.038,83.511
AUDJPY,2021-07-05,83.454,83.713,83.405,83.636
AUDJPY,2021-07-06,83.634,84.193,82.751,82.891
AUDJPY,2021-07-07,82.892,83.345,82.648,82.79
AUDJPY,2021-07-08,82.791,82.805,81.319,81.614
AUDJPY,2021-07-09,81.616,82.545,81.342,82.475
AUDJPY,2021-07-12,82.223,82.672,82.015,82.498
AUDJPY,2021-07-13,82.499,82.818,82.078,82.28
AUDJPY,2021-07-14,82.278,82.528,82.12,82.284
AUDJPY,2021-07-15,82.282,82.304,81.428,81.486
AUDJPY,2021-07-16,81.487,81.942,81.344,81.387
AUDJPY,2021-07-19,81.418,81.554,80.013,80.366
AUDJPY,2021-07-20,80.365,80.671,79.839,80.665
AUDJPY,2021-07-21,80.665,81.193,80.087,81.05
AUDJPY,2021-07-22,81.049,81.481,80.856,81.287
AUDJPY,2021-07-23,81.288,81.656,81.16,81.386
AUDJPY,2021-07-26,81.354,81.513,80.77,81.449
AUDJPY,2021-07-27,81.449,81.479,80.636,80.882
AUDJPY,2021-07-28,80.883,81.142,80.635,81.062
AUDJPY,2021-07-29,81.062,81.355,80.751,80.919
AUDJPY,2021-07-30,80.918,81.079,80.451,80.524
AUDJPY,2021-08-02,80.434,80.76,80.324,80.427
AUDJPY,2021-08-03,80.427,80.914,80.154,80.617
AUDJPY,2021-08-04,80.617,81.034,80.521,80.861
AUDJPY,2021-08-05,80.861,81.353,80.842,81.247
AUDJPY,2021-08-06,81.248,81.396,81.016,81.021
AUDJPY,2021-08-09,80.974,81.107,80.802,80.864
AUDJPY,2021-08-10,80.864,81.321,80.708,81.219
AUDJPY,2021-08-11,81.22,81.581,81.108,81.353
AUDJPY,2021-08-12,81.352,81.374,80.947,81.045
AUDJPY,2021-08-13,81.047,81.107,80.743,80.747
AUDJPY,2021-08-16,80.711,80.875,79.888,80.214
AUDJPY,2021-08-17,80.215,80.216,79.335,79.471
AUDJPY,2021-08-18,79.47,79.772,79.247,79.423
AUDJPY,2021-08-19,79.423,79.55,78.244,78.441
AUDJPY,2021-08-20,78.441,78.632,77.894,78.303
AUDJPY,2021-08-23,78.216,79.185,78.001,79.06
AUDJPY,2021-08-24,79.06,79.744,79.026,79.538
AUDJPY,2021-08-25,79.537,80.099,79.393,80.022
AUDJPY,2021-08-26,80.025,80.091,79.568,79.654
AUDJPY,2021-08-27,79.654,80.348,79.415,80.249
AUDJPY,2021-08-30,80.215,80.381,79.976,80.148
AUDJPY,2021-08-31,80.149,80.637,80.072,80.536
AUDJPY,2021-09-01,80.537,81.228,80.523,81.093
AUDJPY,2021-09-02,81.093,81.523,80.884,81.332
AUDJPY,2021-09-03,81.333,82.025,81.251,81.727
AUDJPY,2021-09-06,81.7,81.832,81.544,81.667
AUDJPY,2021-09-07,81.667,81.989,81.284,81.468
AUDJPY,2021-09-08,81.47,81.646,80.97,81.133
AUDJPY,2021-09-09,81.133,81.195,80.772,80.878
AUDJPY,2021-09-10,80.878,81.427,80.75,80.795
AUDJPY,2021-09-13,80.783,81.132,80.666,81.018
AUDJPY,2021-09-14,81.016,81.149,80.171,80.275
AUDJPY,2021-09-15,80.276,80.346,79.827,80.298
AUDJPY,2021-09-16,80.299,80.366,79.747,79.984
AUDJPY,2021-09-17,79.983,80.504,79.861,79.863
AUDJPY,2021-09-20,79.8,79.962,79.049,79.445
AUDJPY,2021-09-21,79.444,79.831,78.853,78.9
AUDJPY,2021-09-22,78.897,79.943,78.844,79.428
AUDJPY,2021-09-23,79.427,80.595,79.353,80.502
AUDJPY,2021-09-24,80.501,80.767,80.005,80.342
AUDJPY,2021-09-27,80.284,80.962,80.209,80.783
AUDJPY,2021-09-28,80.782,81.31,80.485,80.789
AUDJPY,2021-09-29,80.788,80.928,80.182,80.354
AUDJPY,2021-09-30,80.355,80.903,80.293,80.572
AUDJPY,2021-10-01,80.571,80.808,79.899,80.602
AUDJPY,2021-10-04,80.47,81.176,80.47,80.886
AUDJPY,2021-10-05,80.885,81.346,80.548,81.25
AUDJPY,2021-10-06,81.248,81.402,80.57,81.127
AUDJPY,2021-10-07,81.127,81.712,81.008,81.697
AUDJPY,2021-10-08,81.695,82.072,81.555,82.005
AUDJPY,2021-10-11,81.925,83.556,81.853,83.32
AUDJPY,2021-10-12,83.319,83.8,83.01,83.26
AUDJPY,2021-10-13,83.26,83.71,83.118,83.653
AUDJPY,2021-10-14,83.652,84.458,83.641,84.389
AUDJPY,2021-10-15,84.389,84.925,84.334,84.743
AUDJPY,2021-10-18,84.707,85.017,84.274,84.746
AUDJPY,2021-10-19,84.746,85.642,84.692,85.621
AUDJPY,2021-10-20,85.619,86.023,85.482,85.963
AUDJPY,2021-10-21,85.962,86.254,84.888,84.966
AUDJPY,2021-10-22,84.971,85.542,84.608,84.681
AUDJPY,2021-10-25,84.766,85.303,84.706,85.229
AUDJPY,2021-10-26,85.227,85.92,85.201,85.778
AUDJPY,2021-10-27,85.778,86.057,85.047,85.326
AUDJPY,2021-10-28,85.325,85.707,85.113,85.563
AUDJPY,2021-10-29,85.564,85.871,85.32,85.727
AUDJPY,2021-11-01,85.609,86.058,85.606,85.799
AUDJPY,2021-11-02,85.8,85.909,84.495,84.743
AUDJPY,2021-11-03,84.741,85.204,84.498,85.196
AUDJPY,2021-11-04,85.196,85.206,83.895,84.329
AUDJPY,2021-11-05,84.328,84.328,83.819,83.915
AUDJPY,2021-11-08,83.793,84.172,83.792,83.973
AUDJPY,2021-11-09,83.972,83.988,83.117,83.281
AUDJPY,2021-11-10,83.281,83.955,82.993,83.536
AUDJPY,2021-11-11,83.534,83.661,83.106,83.142
AUDJPY,2021-11-12,83.141,83.557,83.117,83.467
AUDJPY,2021-11-15,83.422,83.926,83.422,83.83
AUDJPY,2021-11-16,83.829,84.159,83.694,83.89
AUDJPY,2021-11-17,83.889,83.912,82.817,82.995
AUDJPY,2021-11-18,82.994,83.258,82.683,83.158
AUDJPY,2021-11-19,83.154,83.358,82.156,82.474
AUDJPY,2021-11-22,82.431,83.21,82.347,82.961
AUDJPY,2021-11-23,82.96,83.249,82.652,83.151
AUDJPY,2021-11-24,83.151,83.236,82.739,83.11
AUDJPY,2021-11-25,83.111,83.196,82.529,82.545
AUDJPY,2021-11-26,82.544,82.592,80.47,80.549
AUDJPY,2021-11-29,81.133,81.409,80.643,81.317
AUDJPY,2021-11-30,81.317,81.392,80.114,80.722
AUDJPY,2021-12-01,80.724,81.475,79.976,80.227
AUDJPY,2021-12-02,80.226,80.558,79.912,80.103
AUDJPY,2021-12-03,80.103,80.204,78.787,78.862
AUDJPY,2021-12-06,78.964,80.061,78.959,79.98
AUDJPY,2021-12-07,79.979,80.927,79.854,80.854
AUDJPY,2021-12-08,80.855,81.715,80.673,81.497
AUDJPY,2021-12-09,81.494,81.668,80.919,81.066
AUDJPY,2021-12-10,81.065,81.555,80.827,81.279
AUDJPY,2021-12-13,81.102,81.487,80.702,80.991
AUDJPY,2021-12-14,80.992,81.148,80.477,80.798
AUDJPY,2021-12-15,80.801,81.896,80.771,81.797
AUDJPY,2021-12-16,81.797,82.437,81.421,81.557
AUDJPY,2021-12-17,81.558,81.748,80.93,80.93
AUDJPY,2021-12-20,80.986,81.092,80.27,80.805
AUDJPY,2021-12-21,80.806,81.669,80.623,81.475
AUDJPY,2021-12-22,81.475,82.473,81.261,82.306
AUDJPY,2021-12-23,82.305,82.983,82.135,82.77
AUDJPY,2021-12-24,82.77,82.871,82.484,82.5
AUDJPY,2021-12-27,82.646,83.223,82.139,83.058
AUDJPY,2021-12-28,83.06,83.436,82.87,83.009
AUDJPY,2021-12-29,83.007,83.497,82.794,83.433
AUDJPY,2021-12-30,83.431,83.757,83.32,83.415
AUDJPY,2021-12-31,83.414,83.749,83.387,83.643
AUDUSD,2019-01-01,0.70519,0.70522,0.70431,0.70476
AUDUSD,2019-01-02,0.70476,0.70481,0.67218,0.69162
AUDUSD,2019-01-03,0.69161,0.70189,0.69161,0.70055
AUDUSD,2019-01-04,0.70054,0.71243,0.69931,0.71167
AUDUSD,2019-01-07,0.71149,0.71493,0.7109,0.7144
AUDUSD,2019-01-08,0.7144,0.7171,0.7116,0.71647
AUDUSD,2019-01-09,0.71647,0.71935,0.71429,0.71742
AUDUSD,2019-01-10,0.71743,0.71973,0.71456,0.71865
AUDUSD,2019-01-11,0.71865,0.72348,0.71819,0.72135
AUDUSD,2019-01-14,0.72111,0.72176,0.71753,0.71987
AUDUSD,2019-01-15,0.71994,0.72253,0.71796,0.72063
AUDUSD,2019-01-16,0.72063,0.72118,0.71614,0.71716
AUDUSD,2019-01-17,0.71714,0.72209,0.71465,0.71891
AUDUSD,2019-01-18,0.71891,0.72143,0.71596,0.71596
AUDUSD,2019-01-21,0.71649,0.71815,0.71397,0.71585
AUDUSD,2019-01-22,0.71584,0.71599,0.71156,0.71206
AUDUSD,2019-01-23,0.71205,0.71468,0.71192,0.71467
AUDUSD,2019-01-24,0.71465,0.71664,0.70769,0.70918
AUDUSD,2019-01-25,0.70918,0.71848,0.70756,0.71767
AUDUSD,2019-01-28,0.71761,0.72036,0.71585,0.71654
AUDUSD,2019-01-29,0.71653,0.71757,0.71375,0.71565
AUDUSD,2019-01-30,0.71564,0.72726,0.71494,0.72533
AUDUSD,2019-01-31,0.72532,0.72948,0.72453,0.72714
AUDUSD,2019-02-01,0.72714,0.72838,0.72362,0.72475
AUDUSD,2019-02-04,0.72462,0.72535,0.7211,0.72123
AUDUSD,2019-02-05,0.72123,0.72641,0.71932,0.72419
AUDUSD,2019-02-06,0.72418,0.72451,0.71015,0.71098
AUDUSD,2019-02-07,0.71101,0.7117,0.7089,0.70936
AUDUSD,2019-02-08,0.70936,0.71011,0.706,0.70858
AUDUSD,2019-02-11,0.70858,0.71075,0.70566,0.70618
AUDUSD,2019-02-12,0.70618,0.71075,0.70536,0.71032
AUDUSD,2019-02-13,0.71031,0.71355,0.70846,0.7091
AUDUSD,2019-02-14,0.7091,0.71312,0.70711,0.71035
AUDUSD,2019-02-15,0.71036,0.71481,0.7079,0.71375
AUDUSD,2019-02-18,0.71323,0.71602,0.71241,0.71307
AUDUSD,2019-02-19,0.71305,0.71734,0.71031,0.71667
AUDUSD,2019-02-20,0.71668,0.71827,0.71408,0.71681
AUDUSD,2019-02-21,0.71682,0.72066,0.70697,0.71077
AUDUSD,2019-02-22,0.71077,0.71499,0.70823,0.71231
AUDUSD,2019-02-25,0.71346,0.71839,0.71305,0.71717
AUDUSD,2019-02-26,0.71715,0.71985,0.71417,0.71928
AUDUSD,2019-02-27,0.7193,0.71952,0.7127,0.71478
AUDUSD,2019-02-28,0.71476,0.71659,0.70893,0.71011
AUDUSD,2019-03-01,0.7101,0.71212,0.70691,0.70759
AUDUSD,2019-03-04,0.71071,0.71074,0.70749,0.70893
AUDUSD,2019-03-05,0.70893,0.70966,0.70584,0.70868
AUDUSD,2019-03-06,0.70871,0.70916,0.7021,0.70315
AUDUSD,2019-03-07,0.70314,0.70512,0.70047,0.70234
AUDUSD,2019-03-08,0.70234,0.70519,0.70028,0.70423
AUDUSD,2019-03-11,0.70291,0.70801,0.70262,0.70713
AUDUSD,2019-03-12,0.70713,0.70914,0.70542,0.70621
AUDUSD,2019-03-13,0.70621,0.70975,0.70486,0.70855
AUDUSD,2019-03-14,0.70856,0.70858,0.70408,0.70672
AUDUSD,2019-03-15,0.70672,0.70969,0.70656,0.70814
AUDUSD,2019-03-18,0.70858,0.71193,0.70779,0.70982
AUDUSD,2019-03-19,0.70983,0.71105,0.70845,0.7087
AUDUSD,2019-03-20,0.70871,0.71494,0.70563,0.71329
AUDUSD,2019-03-21,0.71329,0.71677,0.70893,0.71058
AUDUSD,2019-03-22,0.71059,0.71148,0.70753,0.70785
AUDUSD,2019-03-25,0.7076,0.71165,0.70651,0.71154
AUDUSD,2019-03-26,0.71154,0.71473,0.71132,0.71362
AUDUSD,2019-03-27,0.71362,0.71382,0.70682,0.70834
AUDUSD,2019-03-28,0.70834,0.71056,0.70629,0.70821
AUDUSD,2019-03-29,0.70819,0.71044,0.70739,0.70932
AUDUSD,2019-04-01,0.71167,0.71314,0.71008,0.71091
AUDUSD,2019-04-02,0.71092,0.7129,0.70522,0.70566
AUDUSD,2019-04-03,0.70567,0.71295,0.7054,0.71166
AUDUSD,2019-04-04,0.71167,0.71267,0.70974,0.71084
AUDUSD,2019-04-05,0.71085,0.71314,0.70919,0.71016
AUDUSD,2019-04-08,0.71009,0.71303,0.7087,0.71206
AUDUSD,2019-04-09,0.71206,0.71519,0.71198,0.71271
AUDUSD,2019-04-10,0.71271,0.71745,0.7109,0.71661
AUDUSD,2019-04-11,0.71661,0.7168,0.71162,0.71223
AUDUSD,2019-04-12,0.71223,0.71919,0.71156,0.717
AUDUSD,2019-04-15,0.7175,0.71818,0.71635,0.71728
AUDUSD,2019-04-16,0.71728,0.71788,0.71394,0.7164
AUDUSD,2019-04-17,0.71642,0.72055,0.71561,0.71721
AUDUSD,2019-04-18,0.71722,0.71988,0.71362,0.71458
AUDUSD,2019-04-19,0.71455,0.71581,0.7144,0.71497
AUDUSD,2019-04-22,0.71498,0.71525,0.71279,0.71332
AUDUSD,2019-04-23,0.71332,0.71336,0.70806,0.70964
AUDUSD,2019-04-24,0.70966,0.70986,0.70039,0.70132
AUDUSD,2019-04-25,0.70131,0.70225,0.69878,0.70165
AUDUSD,2019-04-26,0.70166,0.7061,0.70067,0.70353
AUDUSD,2019-04-29,0.70342,0.70604,0.70337,0.70543
AUDUSD,2019-04-30,0.70543,0.70686,0.70305,0.70491
AUDUSD,2019-05-01,0.70488,0.70607,0.70068,0.70134
AUDUSD,2019-05-02,0.70135,0.7029,0.69928,0.69928
AUDUSD,2019-05-03,0.6993,0.70241,0.69844,0.70218
AUDUSD,2019-05-06,0.69674,0.70024,0.69624,0.69921
AUDUSD,2019-05-07,0.69922,0.70476,0.69805,0.70076
AUDUSD,2019-05-08,0.70074,0.70263,0.69856,0.69912
AUDUSD,2019-05-09,0.69912,0.69975,0.69646,0.69872
AUDUSD,2019-05-10,0.69871,0.70181,0.69779,0.69974
AUDUSD,2019-05-13,0.69896,0.70001,0.69392,0.69442
AUDUSD,2019-05-14,0.69442,0.69592,0.69345,0.69371
AUDUSD,2019-05-15,0.69375,0.69379,0.69145,0.69254
AUDUSD,2019-05-16,0.69255,0.69325,0.6886,0.68914
AUDUSD,2019-05-17,0.68912,0.68968,0.68644,0.68659
AUDUSD,2019-05-20,0.69098,0.69337,0.68895,0.69197
AUDUSD,2019-05-21,0.69202,0.69237,0.68661,0.68823
AUDUSD,2019-05-22,0.68824,0.68962,0.68708,0.68766
AUDUSD,2019-05-23,0.68768,0.69041,0.68645,0.68978
AUDUSD,2019-05-24,0.68978,0.69342,0.68809,0.6926
AUDUSD,2019-05-27,0.69292,0.69382,0.69126,0.69197
AUDUSD,2019-05-28,0.69198,0.69353,0.6916,0.69247
AUDUSD,2019-05-29,0.69247,0.69313,0.6904,0.69178
AUDUSD,2019-05-30,0.69183,0.69365,0.68984,0.69048
AUDUSD,2019-05-31,0.69049,0.69439,0.69005,0.69333
AUDUSD,2019-06-03,0.69275,0.69822,0.69268,0.69698
AUDUSD,2019-06-04,0.69699,0.70038,0.69555,0.69903
AUDUSD,2019-06-05,0.69902,0.70071,0.69618,0.69694
AUDUSD,2019-06-06,0.69698,0.6994,0.69632,0.69735
AUDUSD,2019-06-07,0.69738,0.70218,0.69637,0.69979
AUDUSD,2019-06-10,0.70037,0.70075,0.69569,0.69604
AUDUSD,2019-06-11,0.69606,0.69661,0.69467,0.69604
AUDUSD,2019-06-12,0.69606,0.69627,0.69248,0.69293
AUDUSD,2019-06-13,0.69295,0.69381,0.6901,0.69105
AUDUSD,2019-06-14,0.69107,0.69138,0.68609,0.68683
AUDUSD,2019-06-17,0.68721,0.68843,0.68484,0.68513
AUDUSD,2019-06-18,0.68514,0.68817,0.68314,0.68808
AUDUSD,2019-06-19,0.68808,0.69089,0.68547,0.68847
AUDUSD,2019-06-20,0.68847,0.69356,0.68796,0.69204
AUDUSD,2019-06-21,0.69203,0.69375,0.69029,0.69224
AUDUSD,2019-06-24,0.69304,0.69687,0.69286,0.69652
AUDUSD,2019-06-25,0.69653,0.69779,0.69414,0.69601
AUDUSD,2019-06-26,0.69601,0.69946,0.695,0.69848
AUDUSD,2019-06-27,0.69849,0.70087,0.69838,0.70043
AUDUSD,2019-06-28,0.70043,0.70224,0.69978,0.70174
AUDUSD,2019-07-01,0.70298,0.70347,0.69557,0.69644
AUDUSD,2019-07-02,0.69646,0.7,0.69563,0.69937
AUDUSD,2019-07-03,0.69939,0.70392,0.6985,0.70304
AUDUSD,2019-07-04,0.70302,0.70474,0.70151,0.70244
AUDUSD,2019-07-05,0.70244,0.70285,0.6957,0.69761
AUDUSD,2019-07-08,0.69756,0.6994,0.69667,0.69715
AUDUSD,2019-07-09,0.69715,0.69743,0.69202,0.69247
AUDUSD,2019-07-10,0.69247,0.69687,0.69101,0.69576
AUDUSD,2019-07-11,0.69576,0.69876,0.69536,0.69711
AUDUSD,2019-07-12,0.69712,0.70243,0.69708,0.70174
AUDUSD,2019-07-15,0.7014,0.70441,0.70118,0.70373
AUDUSD,2019-07-16,0.70372,0.70424,0.701,0.70152
AUDUSD,2019-07-17,0.70152,0.70245,0.6996,0.70079
AUDUSD,2019-07-18,0.7008,0.70817,0.70047,0.70674
AUDUSD,2019-07-19,0.70675,0.70767,0.70369,0.70384
AUDUSD,2019-07-22,0.704,0.70569,0.70276,0.70289
AUDUSD,2019-07-23,0.7029,0.70348,0.69922,0.69947
AUDUSD,2019-07-24,0.69948,0.69951,0.69722,0.69773
AUDUSD,2019-07-25,0.69773,0.69837,0.6942,0.695
AUDUSD,2019-07-26,0.695,0.69547,0.69023,0.69094
AUDUSD,2019-07-29,0.69035,0.6916,0.68943,0.68976
AUDUSD,2019-07-30,0.68977,0.6908,0.68682,0.68739
AUDUSD,2019-07-31,0.68741,0.68988,0.68316,0.68446
AUDUSD,2019-08-01,0.68446,0.68675,0.67947,0.68013
AUDUSD,2019-08-02,0.68013,0.68182,0.67627,0.67974
AUDUSD,2019-08-05,0.67931,0.68035,0.67473,0.67622
AUDUSD,2019-08-06,0.6762,0.68004,0.67528,0.67616
AUDUSD,2019-08-07,0.67617,0.67823,0.66764,0.67567
AUDUSD,2019-08-08,0.67569,0.68213,0.67456,0.68103
AUDUSD,2019-08-09,0.68102,0.68178,0.67794,0.67803
AUDUSD,2019-08-12,0.6781,0.67953,0.67446,0.67551
AUDUSD,2019-08-13,0.67551,0.6818,0.67469,0.67961
AUDUSD,2019-08-14,0.67961,0.68084,0.67351,0.67541
AUDUSD,2019-08-15,0.67541,0.67904,0.67538,0.67717
AUDUSD,2019-08-16,0.67717,0.67947,0.67703,0.67756
AUDUSD,2019-08-19,0.67788,0.67886,0.67541,0.6755
AUDUSD,2019-08-20,0.6755,0.67946,0.6755,0.67733
AUDUSD,2019-08-21,0.67733,0.67988,0.67726,0.67839
AUDUSD,2019-08-22,0.6784,0.67841,0.67506,0.67552
AUDUSD,2019-08-23,0.67555,0.67776,0.67354,0.67467
AUDUSD,2019-08-26,0.67363,0.67876,0.66892,0.67692
AUDUSD,2019-08-27,0.6769,0.67763,0.67463,0.67541
AUDUSD,2019-08-28,0.67542,0.6762,0.67316,0.67392
AUDUSD,2019-08-29,0.67392,0.6753,0.67165,0.67351
AUDUSD,2019-08-30,0.6735,0.67399,0.67055,0.67338
AUDUSD,2019-09-02,0.67253,0.67344,0.67096,0.6711
AUDUSD,2019-09-03,0.6711,0.67637,0.66872,0.67627
AUDUSD,2019-09-04,0.67627,0.68006,0.67586,0.67961
AUDUSD,2019-09-05,0.67962,0.68296,0.67961,0.68113
AUDUSD,2019-09-06,0.68114,0.68611,0.68066,0.68443
AUDUSD,2019-09-09,0.68382,0.68753,0.6837,0.68636
AUDUSD,2019-09-10,0.68634,0.68698,0.68486,0.68576
AUDUSD,2019-09-11,0.68574,0.68846,0.68482,0.68744
AUDUSD,2019-09-12,0.68749,0.68943,0.68601,0.68623
AUDUSD,2019-09-13,0.68624,0.68902,0.68589,0.68779
AUDUSD,2019-09-16,0.68615,0.68836,0.68535,0.6861
AUDUSD,2019-09-17,0.6861,0.68688,0.68302,0.68651
AUDUSD,2019-09-18,0.68652,0.68659,0.68119,0.68228
AUDUSD,2019-09-19,0.68229,0.6823,0.67799,0.67907
AUDUSD,2019-09-20,0.67908,0.68084,0.67597,0.67631
AUDUSD,2019-09-23,0.67719,0.67812,0.67642,0.67729
AUDUSD,2019-09-24,0.67731,0.68058,0.67649,0.67968
AUDUSD,2019-09-25,0.67969,0.68035,0.67387,0.67538
AUDUSD,2019-09-26,0.67538,0.67805,0.67457,0.67528
AUDUSD,2019-09-27,0.67527,0.67791,0.67431,0.67622
AUDUSD,2019-09-30,0.67597,0.677,0.67409,0.67501
AUDUSD,2019-10-01,0.67501,0.67755,0.66719,0.67075
AUDUSD,2019-10-02,0.67075,0.67181,0.66704,0.67077
AUDUSD,2019-10-03,0.67078,0.67525,0.6702,0.67442
AUDUSD,2019-10-04,0.67441,0.67735,0.67432,0.67671
AUDUSD,2019-10-07,0.67547,0.67648,0.67284,0.67319
AUDUSD,2019-10-08,0.67318,0.67567,0.67222,0.6728
AUDUSD,2019-10-09,0.6728,0.67497,0.67099,0.67187
AUDUSD,2019-10-10,0.67188,0.6774,0.67127,0.67621
AUDUSD,2019-10-11,0.6762,0.68101,0.67589,0.6788
AUDUSD,2019-10-14,0.67885,0.68011,0.67507,0.67746
AUDUSD,2019-10-15,0.67746,0.67882,0.67423,0.67527
AUDUSD,2019-10-16,0.67527,0.67651,0.67232,0.67556
AUDUSD,2019-10-17,0.67555,0.68327,0.67535,0.68243
AUDUSD,2019-10-18,0.68242,0.68562,0.68224,0.68556
AUDUSD,2019-10-21,0.68454,0.688,0.68395,0.687
AUDUSD,2019-10-22,0.68699,0.68825,0.68501,0.68601
AUDUSD,2019-10-23,0.686,0.68604,0.68336,0.68494
AUDUSD,2019-10-24,0.68494,0.68573,0.68105,0.68156
AUDUSD,2019-10-25,0.68157,0.68359,0.68089,0.68196
AUDUSD,2019-10-28,0.68185,0.6845,0.68104,0.68389
AUDUSD,2019-10-29,0.68389,0.68715,0.68379,0.68555
AUDUSD,2019-10-30,0.68554,0.69046,0.68483,0.68969
AUDUSD,2019-10-31,0.68968,0.69294,0.68829,0.68921
AUDUSD,2019-11-01,0.68921,0.6921,0.68836,0.69114
AUDUSD,2019-11-04,0.69128,0.69248,0.68762,0.68885
AUDUSD,2019-11-05,0.68884,0.69277,0.68769,0.68892
AUDUSD,2019-11-06,0.68893,0.69071,0.68687,0.68761
AUDUSD,2019-11-07,0.68761,0.69129,0.68613,0.68986
AUDUSD,2019-11-08,0.68986,0.6906,0.68472,0.68578
AUDUSD,2019-11-11,0.68552,0.68652,0.68448,0.68479
AUDUSD,2019-11-12,0.68478,0.6857,0.6831,0.68412
AUDUSD,2019-11-13,0.6841,0.68568,0.68208,0.68387
AUDUSD,2019-11-14,0.68387,0.68409,0.67692,0.67864
AUDUSD,2019-11-15,0.67864,0.68218,0.67803,0.68168
AUDUSD,2019-11-18,0.68119,0.68222,0.67984,0.68043
AUDUSD,2019-11-19,0.68044,0.68345,0.67847,0.68242
AUDUSD,2019-11-20,0.68241,0.68307,0.67897,0.67972
AUDUSD,2019-11-21,0.67972,0.68136,0.6783,0.6788
AUDUSD,2019-11-22,0.6788,0.6803,0.67802,0.67821
AUDUSD,2019-11-25,0.67901,0.67989,0.67677,0.67761
AUDUSD,2019-11-26,0.67761,0.6795,0.67676,0.67865
AUDUSD,2019-11-27,0.67864,0.67909,0.67587,0.67678
AUDUSD,2019-11-28,0.6768,0.67735,0.67612,0.67674
AUDUSD,2019-11-29,0.67674,0.67792,0.67539,0.67597
AUDUSD,2019-12-02,0.67678,0.68255,0.67612,0.68173
AUDUSD,2019-12-03,0.68173,0.68617,0.68156,0.68492
AUDUSD,2019-12-04,0.68494,0.68546,0.68127,0.68488
AUDUSD,2019-12-05,0.68487,0.68545,0.68206,0.6832
AUDUSD,2019-12-06,0.68322,0.68568,0.68231,0.68374
AUDUSD,2019-12-09,0.68282,0.6838,0.68178,0.68258
AUDUSD,2019-12-10,0.68259,0.6837,0.67999,0.68107
AUDUSD,2019-12-11,0.68107,0.68892,0.68041,0.68696
AUDUSD,2019-12-12,0.68697,0.69383,0.68695,0.69252
AUDUSD,2019-12-13,0.69252,0.69287,0.6864,0.68718
AUDUSD,2019-12-16,0.68835,0.68975,0.68679,0.6872
AUDUSD,2019-12-17,0.68723,0.68772,0.68379,0.68503
AUDUSD,2019-12-18,0.68503,0.68641,0.68382,0.68545
AUDUSD,2019-12-19,0.68545,0.68905,0.68535,0.68895
AUDUSD,2019-12-20,0.68896,0.69064,0.68839,0.6896
AUDUSD,2019-12-23,0.68903,0.69284,0.68903,0.69252
AUDUSD,2019-12-24,0.69251,0.693,0.6912,0.69192
AUDUSD,2019-12-25,0.69192,0.6926,0.69112,0.69241
AUDUSD,2019-12-26,0.6924,0.69494,0.69215,0.69463
AUDUSD,2019-12-27,0.69464,0.69868,0.69429,0.69792
AUDUSD,2019-12-30,0.698,0.70041,0.69777,0.70008
AUDUSD,2019-12-31,0.70006,0.70316,0.6999,0.70115
AUDUSD,2020-01-01,0.70137,0.70192,0.70048,0.70182
AUDUSD,2020-01-02,0.70188,0.70195,0.69782,0.69829
AUDUSD,2020-01-03,0.69828,0.69862,0.69299,0.69456
AUDUSD,2020-01-06,0.69416,0.69574,0.6925,0.69364
AUDUSD,2020-01-07,0.69366,0.69389,0.68498,0.68594
AUDUSD,2020-01-08,0.68592,0.68851,0.68487,0.68749
AUDUSD,2020-01-09,0.68749,0.68802,0.685,0.68529
AUDUSD,2020-01-10,0.68531,0.69109,0.68505,0.68981
AUDUSD,2020-01-13,0.68967,0.69195,0.68932,0.6897
AUDUSD,2020-01-14,0.68969,0.69094,0.68848,0.68944
AUDUSD,2020-01-15,0.68943,0.69163,0.68771,0.69069
AUDUSD,2020-01-16,0.69069,0.69335,0.68875,0.68981
AUDUSD,2020-01-17,0.68981,0.69108,0.687,0.68708
AUDUSD,2020-01-20,0.68721,0.68882,0.68549,0.68752
AUDUSD,2020-01-21,0.68754,0.68802,0.68418,0.68471
AUDUSD,2020-01-22,0.68471,0.68559,0.68268,0.6841
AUDUSD,2020-01-23,0.6841,0.68785,0.6829,0.68482
AUDUSD,2020-01-24,0.6848,0.6857,0.68172,0.6819
AUDUSD,2020-01-27,0.68119,0.68184,0.67518,0.67614
AUDUSD,2020-01-28,0.67614,0.67664,0.67367,0.67636
AUDUSD,2020-01-29,0.67633,0.67769,0.67349,0.6753
AUDUSD,2020-01-30,0.67529,0.67531,0.66997,0.67052
AUDUSD,2020-01-31,0.67051,0.67294,0.66825,0.6685
AUDUSD,2020-02-03,0.66834,0.67067,0.66832,0.66893
AUDUSD,2020-02-04,0.66893,0.67416,0.66784,0.67307
AUDUSD,2020-02-05,0.67309,0.67738,0.67234,0.67511
AUDUSD,2020-02-06,0.67511,0.67648,0.67266,0.67309
AUDUSD,2020-02-07,0.6731,0.6731,0.66619,0.66707
AUDUSD,2020-02-10,0.66647,0.6707,0.66647,0.66892
AUDUSD,2020-02-11,0.66892,0.67363,0.66805,0.6718
AUDUSD,2020-02-12,0.67179,0.67498,0.67065,0.67128
AUDUSD,2020-02-13,0.67128,0.67449,0.67094,0.67186
AUDUSD,2020-02-14,0.67186,0.67312,0.67089,0.67105
AUDUSD,2020-02-17,0.67197,0.6733,0.67065,0.67092
AUDUSD,2020-02-18,0.67091,0.67093,0.66733,0.66936
AUDUSD,2020-02-19,0.66935,0.67072,0.66649,0.66805
AUDUSD,2020-02-20,0.66805,0.66931,0.66099,0.66114
AUDUSD,2020-02-21,0.66114,0.66385,0.65855,0.66241
AUDUSD,2020-02-24,0.65839,0.66195,0.65838,0.66103
AUDUSD,2020-02-25,0.66103,0.66221,0.6586,0.66047
AUDUSD,2020-02-26,0.66046,0.66067,0.65419,0.65464
AUDUSD,2020-02-27,0.65464,0.65918,0.6543,0.65798
AUDUSD,2020-02-28,0.65799,0.6585,0.64335,0.65056
AUDUSD,2020-03-02,0.64668,0.65677,0.64623,0.65487
AUDUSD,2020-03-03,0.65484,0.66453,0.65093,0.65826
AUDUSD,2020-03-04,0.65827,0.66291,0.65827,0.66279
AUDUSD,2020-03-05,0.66279,0.66364,0.65835,0.66156
AUDUSD,2020-03-06,0.66158,0.6657,0.65847,0.66387
AUDUSD,2020-03-09,0.66057,0.66846,0.6307,0.65969
AUDUSD,2020-03-10,0.65974,0.66035,0.6462,0.64938
AUDUSD,2020-03-11,0.64944,0.65393,0.64697,0.64764
AUDUSD,2020-03-12,0.64766,0.64811,0.62114,0.62738
AUDUSD,2020-03-13,0.62744,0.63253,0.61224,0.61835
AUDUSD,2020-03-16,0.61473,0.63027,0.60786,0.61012
AUDUSD,2020-03-17,0.61014,0.61483,0.59585,0.5989
AUDUSD,2020-03-18,0.5989,0.60283,0.57017,0.5792
AUDUSD,2020-03-19,0.57921,0.59639,0.55068,0.57427
AUDUSD,2020-03-20,0.57427,0.5985,0.57087,0.57978
AUDUSD,2020-03-23,0.58034,0.58846,0.56993,0.58746
AUDUSD,2020-03-24,0.58746,0.59896,0.58643,0.59689
AUDUSD,2020-03-25,0.59688,0.6073,0.58927,0.59012
AUDUSD,2020-03-26,0.59011,0.60869,0.58698,0.60774
AUDUSD,2020-03-27,0.60774,0.61998,0.60222,0.61572
AUDUSD,2020-03-30,0.61497,0.61835,0.61111,0.61642
AUDUSD,2020-03-31,0.61645,0.62131,0.60745,0.61375
AUDUSD,2020-04-01,0.61379,0.61848,0.60384,0.60893
AUDUSD,2020-04-02,0.60894,0.61186,0.60065,0.60644
AUDUSD,2020-04-03,0.60643,0.6075,0.59797,0.59867
AUDUSD,2020-04-06,0.6011,0.6122,0.59845,0.61163
AUDUSD,2020-04-07,0.61166,0.62078,0.60969,0.61514
AUDUSD,2020-04-08,0.61509,0.62446,0.61152,0.62326
AUDUSD,2020-04-09,0.62334,0.6363,0.61948,0.63306
AUDUSD,2020-04-10,0.63306,0.63673,0.63123,0.63409
AUDUSD,2020-04-13,0.63458,0.64089,0.63255,0.63987
AUDUSD,2020-04-14,0.63987,0.64443,0.6374,0.64345
AUDUSD,2020-04-15,0.64345,0.64358,0.62838,0.6308
AUDUSD,2020-04-16,0.63081,0.63848,0.62639,0.63589
AUDUSD,2020-04-17,0.63592,0.63829,0.63139,0.63598
AUDUSD,2020-04-20,0.63622,0.6397,0.63296,0.63412
AUDUSD,2020-04-21,0.63415,0.63462,0.6253,0.6292
AUDUSD,2020-04-22,0.62923,0.63525,0.62808,0.62963
AUDUSD,2020-04-23,0.62971,0.64061,0.62825,0.63756
AUDUSD,2020-04-24,0.6376,0.63981,0.63368,0.63892
AUDUSD,2020-04-27,0.63807,0.64712,0.63806,0.64491
AUDUSD,2020-04-28,0.64492,0.65136,0.64338,0.65019
AUDUSD,2020-04-29,0.65019,0.65582,0.65008,0.6554
AUDUSD,2020-04-30,0.65538,0.65695,0.64825,0.64941
AUDUSD,2020-05-01,0.64943,0.64968,0.64097,0.64149
AUDUSD,2020-05-04,0.6412,0.64344,0.63723,0.64252
AUDUSD,2020-05-05,0.64253,0.64756,0.64165,0.64327
AUDUSD,2020-05-06,0.6433,0.64525,0.63779,0.63905
AUDUSD,2020-05-07,0.63907,0.65102,0.63907,0.65002
AUDUSD,2020-05-08,0.65012,0.65476,0.64974,0.65301
AUDUSD,2020-05-11,0.65309,0.65611,0.64562,0.64837
AUDUSD,2020-05-12,0.64839,0.6536,0.64318,0.64512
AUDUSD,2020-05-13,0.64514,0.6524,0.6438,0.64525
AUDUSD,2020-05-14,0.64532,0.64732,0.64031,0.647
AUDUSD,2020-05-15,0.647,0.64728,0.64017,0.64126
AUDUSD,2020-05-18,0.6419,0.6528,0.64098,0.65229
AUDUSD,2020-05-19,0.65233,0.65847,0.65094,0.65399
AUDUSD,2020-05-20,0.65401,0.66157,0.65273,0.65907
AUDUSD,2020-05-21,0.65912,0.6598,0.65485,0.6566
AUDUSD,2020-05-22,0.65659,0.65719,0.65056,0.65334
AUDUSD,2020-05-25,0.65315,0.65498,0.65194,0.65494
AUDUSD,2020-05-26,0.65496,0.66749,0.65418,0.66451
AUDUSD,2020-05-27,0.66451,0.668,0.65672,0.66207
AUDUSD,2020-05-28,0.66209,0.66671,0.65877,0.6632
AUDUSD,2020-05-29,0.66319,0.66829,0.66181,0.6665
AUDUSD,2020-06-01,0.6657,0.6813,0.66479,0.67835
AUDUSD,2020-06-02,0.67835,0.69219,0.67744,0.69133
AUDUSD,2020-06-03,0.69135,0.69829,0.6856,0.69265
AUDUSD,2020-06-04,0.69268,0.69871,0.68819,0.69385
AUDUSD,2020-06-05,0.69386,0.70125,0.69304,0.69668
AUDUSD,2020-06-08,0.69646,0.70289,0.69614,0.70231
AUDUSD,2020-06-09,0.70234,0.70424,0.6898,0.69389
AUDUSD,2020-06-10,0.69392,0.70637,0.69321,0.69676
AUDUSD,2020-06-11,0.69678,0.69936,0.68181,0.68285
AUDUSD,2020-06-12,0.68286,0.69114,0.67992,0.68638
AUDUSD,2020-06-15,0.6841,0.69624,0.67761,0.69619
AUDUSD,2020-06-16,0.69622,0.69762,0.68333,0.68928
AUDUSD,2020-06-17,0.6893,0.69223,0.68518,0.68759
AUDUSD,2020-06-18,0.68759,0.69019,0.68357,0.68558
AUDUSD,2020-06-19,0.6856,0.69111,0.68292,0.68336
AUDUSD,2020-06-22,0.68098,0.69347,0.68097,0.69286
AUDUSD,2020-06-23,0.69285,0.69743,0.68575,0.69428
AUDUSD,2020-06-24,0.69429,0.69616,0.68533,0.68552
AUDUSD,2020-06-25,0.68553,0.68949,0.68469,0.68876
AUDUSD,2020-06-26,0.68877,0.68949,0.68401,0.68641
AUDUSD,2020-06-29,0.68566,0.68905,0.68414,0.68713
AUDUSD,2020-06-30,0.68714,0.69117,0.68322,0.68994
AUDUSD,2020-07-01,0.68994,0.69432,0.68766,0.69109
AUDUSD,2020-07-02,0.69109,0.69519,0.69012,0.69185
AUDUSD,2020-07-03,0.69189,0.69472,0.69133,0.6934
AUDUSD,2020-07-06,0.69285,0.69873,0.69282,0.69742
AUDUSD,2020-07-07,0.69744,0.69972,0.69217,0.69415
AUDUSD,2020-07-08,0.69417,0.69879,0.69269,0.69851
AUDUSD,2020-07-09,0.69852,0.70007,0.69496,0.69594
AUDUSD,2020-07-10,0.69595,0.69689,0.69233,0.69479
AUDUSD,2020-07-13,0.69486,0.69927,0.69355,0.69358
AUDUSD,2020-07-14,0.6936,0.69933,0.69209,0.69876
AUDUSD,2020-07-15,0.69876,0.70373,0.69851,0.70078
AUDUSD,2020-07-16,0.70078,0.70124,0.69628,0.6975
AUDUSD,2020-07-17,0.69754,0.70046,0.69732,0.69936
AUDUSD,2020-07-20,0.69849,0.70253,0.69725,0.70213
AUDUSD,2020-07-21,0.70214,0.71465,0.70152,0.71377
AUDUSD,2020-07-22,0.71378,0.71827,0.71114,0.71362
AUDUSD,2020-07-23,0.71363,0.71615,0.70902,0.70983
AUDUSD,2020-07-24,0.70982,0.71249,0.70637,0.7104
AUDUSD,2020-07-27,0.70873,0.71597,0.70864,0.7158
AUDUSD,2020-07-28,0.7158,0.71765,0.71125,0.71578
AUDUSD,2020-07-29,0.7158,0.71966,0.71491,0.71714
AUDUSD,2020-07-30,0.71714,0.72045,0.71202,0.72016
AUDUSD,2020-07-31,0.72016,0.72268,0.71329,0.71418
AUDUSD,2020-08-03,0.71292,0.71494,0.70759,0.71159
AUDUSD,2020-08-04,0.71157,0.71765,0.71055,0.71758
AUDUSD,2020-08-05,0.71757,0.72409,0.71653,0.71973
AUDUSD,2020-08-06,0.71974,0.7239,0.71737,0.7231
AUDUSD,2020-08-07,0.72314,0.72429,0.71443,0.71558
AUDUSD,2020-08-10,0.71597,0.71837,0.71397,0.71548
AUDUSD,2020-08-11,0.71548,0.71894,0.71345,0.71446
AUDUSD,2020-08-12,0.71446,0.71754,0.71093,0.71639
AUDUSD,2020-08-13,0.7164,0.71875,0.71353,0.71472
AUDUSD,2020-08-14,0.71475,0.71749,0.71316,0.71697
AUDUSD,2020-08-17,0.71646,0.7227,0.71627,0.72136
AUDUSD,2020-08-18,0.72136,0.72642,0.72086,0.72542
AUDUSD,2020-08-19,0.72542,0.72753,0.71789,0.71863
AUDUSD,2020-08-20,0.71865,0.72078,0.71353,0.72033
AUDUSD,2020-08-21,0.72033,0.72155,0.71391,0.71598
AUDUSD,2020-08-24,0.71658,0.72037,0.71414,0.71688
AUDUSD,2020-08-25,0.7169,0.72067,0.71498,0.71974
AUDUSD,2020-08-26,0.71973,0.72454,0.71868,0.72443
AUDUSD,2020-08-27,0.72445,0.72902,0.72163,0.72689
AUDUSD,2020-08-28,0.7269,0.73663,0.72552,0.73639
AUDUSD,2020-08-31,0.73582,0.74028,0.73397,0.73769
AUDUSD,2020-09-01,0.73771,0.74132,0.73588,0.73765
AUDUSD,2020-09-02,0.73765,0.73798,0.7301,0.73275
AUDUSD,2020-09-03,0.73275,0.73324,0.7251,0.72535
AUDUSD,2020-09-04,0.72534,0.72983,0.72218,0.72804
AUDUSD,2020-09-07,0.7285,0.72978,0.72697,0.72798
AUDUSD,2020-09-08,0.72799,0.73085,0.71918,0.7209
AUDUSD,2020-09-09,0.7209,0.72876,0.72054,0.72748
AUDUSD,2020-09-10,0.72749,0.73241,0.72471,0.7261
AUDUSD,2020-09-11,0.72611,0.73056,0.72583,0.72817
AUDUSD,2020-09-14,0.72767,0.73032,0.7264,0.72827
AUDUSD,2020-09-15,0.72832,0.73422,0.72664,0.72951
AUDUSD,2020-09-16,0.72949,0.73448,0.72781,0.72963
AUDUSD,2020-09-17,0.72962,0.73188,0.72537,0.7313
AUDUSD,2020-09-18,0.73131,0.73337,0.72821,0.72852
AUDUSD,2020-09-21,0.72865,0.73237,0.71988,0.72281
AUDUSD,2020-09-22,0.72281,0.72349,0.71539,0.7172
AUDUSD,2020-09-23,0.7172,0.71742,0.70594,0.70638
AUDUSD,2020-09-24,0.70638,0.70806,0.70155,0.70544
AUDUSD,2020-09-25,0.70544,0.70864,0.70052,0.70249
AUDUSD,2020-09-28,0.70283,0.7096,0.70283,0.70932
AUDUSD,2020-09-29,0.70934,0.71453,0.70738,0.7145
AUDUSD,2020-09-30,0.71449,0.71748,0.70999,0.71644
AUDUSD,2020-10-01,0.71644,0.72086,0.71543,0.71805
AUDUSD,2020-10-02,0.71804,0.71845,0.71304,0.71585
AUDUSD,2020-10-05,0.71659,0.71942,0.71561,0.71927
AUDUSD,2020-10-06,0.71928,0.72083,0.70952,0.71087
AUDUSD,2020-10-07,0.71087,0.71511,0.7098,0.71354
AUDUSD,2020-10-08,0.71354,0.71756,0.71227,0.71747
AUDUSD,2020-10-09,0.71744,0.72425,0.71678,0.72396
AUDUSD,2020-10-12,0.72192,0.72345,0.72021,0.72083
AUDUSD,2020-10-13,0.72085,0.72085,0.71497,0.71637
AUDUSD,2020-10-14,0.71638,0.71902,0.7128,0.71406
AUDUSD,2020-10-15,0.71407,0.71482,0.70556,0.70874
AUDUSD,2020-10-16,0.70874,0.7096,0.70702,0.70763
AUDUSD,2020-10-19,0.70786,0.71143,0.70455,0.70534
AUDUSD,2020-10-20,0.70535,0.70721,0.70204,0.70498
AUDUSD,2020-10-21,0.70494,0.71364,0.70494,0.71038
AUDUSD,2020-10-22,0.71039,0.71389,0.70847,0.71268
AUDUSD,2020-10-23,0.71267,0.71577,0.71007,0.71349
AUDUSD,2020-10-26,0.71328,0.7146,0.71024,0.71164
AUDUSD,2020-10-27,0.71164,0.71466,0.71127,0.71225
AUDUSD,2020-10-28,0.71225,0.71569,0.70378,0.70545
AUDUSD,2020-10-29,0.70545,0.70756,0.7002,0.70372
AUDUSD,2020-10-30,0.7037,0.70718,0.70111,0.7026
AUDUSD,2020-11-02,0.70237,0.70571,0.69904,0.70525
AUDUSD,2020-11-03,0.70531,0.72046,0.70275,0.71962
AUDUSD,2020-11-04,0.71962,0.72216,0.70481,0.71796
AUDUSD,2020-11-05,0.71793,0.72889,0.71445,0.72616
AUDUSD,2020-11-06,0.72617,0.7287,0.72386,0.72558
AUDUSD,2020-11-09,0.72782,0.73396,0.72663,0.72787
AUDUSD,2020-11-10,0.72786,0.72939,0.72522,0.72813
AUDUSD,2020-11-11,0.72811,0.73178,0.72597,0.72833
AUDUSD,2020-11-12,0.72834,0.72933,0.7223,0.72393
AUDUSD,2020-11-13,0.72397,0.72728,0.72211,0.72663
AUDUSD,2020-11-16,0.72652,0.73261,0.72632,0.73193
AUDUSD,2020-11-17,0.73192,0.73394,0.72875,0.72958
AUDUSD,2020-11-18,0.72958,0.73303,0.72714,0.72962
AUDUSD,2020-11-19,0.72961,0.72995,0.7254,0.72674
AUDUSD,2020-11-20,0.72675,0.73236,0.72675,0.73004
AUDUSD,2020-11-23,0.73006,0.73371,0.72649,0.72943
AUDUSD,2020-11-24,0.72942,0.73672,0.72907,0.73659
AUDUSD,2020-11-25,0.73661,0.73732,0.73246,0.73633
AUDUSD,2020-11-26,0.73633,0.7374,0.73521,0.7356
AUDUSD,2020-11-27,0.73565,0.73986,0.73523,0.73778
AUDUSD,2020-11-30,0.73853,0.7407,0.73388,0.73584
AUDUSD,2020-12-01,0.73586,0.73831,0.73413,0.738
AUDUSD,2020-12-02,0.738,0.74195,0.73509,0.74142
AUDUSD,2020-12-03,0.74141,0.74492,0.73975,0.74359
AUDUSD,2020-12-04,0.74358,0.74435,0.74098,0.74229
AUDUSD,2020-12-07,0.7431,0.74532,0.7372,0.74149
AUDUSD,2020-12-08,0.74151,0.7435,0.73989,0.74088
AUDUSD,2020-12-09,0.74084,0.74847,0.74072,0.74332
AUDUSD,2020-12-10,0.74333,0.75395,0.74331,0.75228
AUDUSD,2020-12-11,0.75231,0.75714,0.75198,0.75305
AUDUSD,2020-12-14,0.75489,0.75777,0.7524,0.75346
AUDUSD,2020-12-15,0.75348,0.75712,0.75069,0.75572
AUDUSD,2020-12-16,0.75571,0.75784,0.75384,0.75692
AUDUSD,2020-12-17,0.75692,0.76393,0.75667,0.76139
AUDUSD,2020-12-18,0.76138,0.76244,0.75824,0.76193
AUDUSD,2020-12-21,0.75851,0.76058,0.74617,0.75753
AUDUSD,2020-12-22,0.75752,0.75832,0.75165,0.75536
AUDUSD,2020-12-23,0.7553,0.75912,0.75235,0.75822
AUDUSD,2020-12-24,0.75822,0.76063,0.75778,0.75919
AUDUSD,2020-12-25,0.75919,0.76066,0.7576,0.7604
AUDUSD,2020-12-28,0.75998,0.76221,0.75568,0.75871
AUDUSD,2020-12-29,0.75874,0.76244,0.75837,0.76097
AUDUSD,2020-12-30,0.76097,0.76903,0.76061,0.76874
AUDUSD,2020-12-31,0.76877,0.77418,0.76856,0.76928
AUDUSD,2021-01-04,0.77027,0.77403,0.76419,0.76692
AUDUSD,2021-01-05,0.76692,0.77773,0.76605,0.77618
AUDUSD,2021-01-06,0.77621,0.78198,0.77327,0.78152
AUDUSD,2021-01-07,0.78152,0.7816,0.77252,0.77682
AUDUSD,2021-01-08,0.77683,0.77985,0.7728,0.77591
AUDUSD,2021-01-11,0.7755,0.776,0.76658,0.77068
AUDUSD,2021-01-12,0.77067,0.77771,0.76864,0.77752
AUDUSD,2021-01-13,0.77752,0.7781,0.77212,0.77461
AUDUSD,2021-01-14,0.77462,0.78051,0.77281,0.77752
AUDUSD,2021-01-15,0.77751,0.77883,0.76811,0.7698
AUDUSD,2021-01-18,0.77076,0.77102,0.76585,0.76846
AUDUSD,2021-01-19,0.76846,0.77248,0.76842,0.77131
AUDUSD,2021-01-20,0.77132,0.7763,0.77,0.77544
AUDUSD,2021-01-21,0.77544,0.7782,0.77411,0.77593
AUDUSD,2021-01-22,0.77594,0.77686,0.77016,0.77117
AUDUSD,2021-01-25,0.77158,0.7747,0.76824,0.77143
AUDUSD,2021-01-26,0.77143,0.7754,0.76686,0.77529
AUDUSD,2021-01-27,0.77529,0.77635,0.7641,0.76478
AUDUSD,2021-01-28,0.76478,0.76975,0.75915,0.76703
AUDUSD,2021-01-29,0.76703,0.77036,0.76309,0.76405
AUDUSD,2021-02-01,0.76198,0.76623,0.76056,0.76331
AUDUSD,2021-02-02,0.7633,0.76611,0.75634,0.76055
AUDUSD,2021-02-03,0.76054,0.76367,0.76012,0.76359
AUDUSD,2021-02-04,0.76359,0.76474,0.75878,0.75999
AUDUSD,2021-02-05,0.75999,0.7678,0.75826,0.76748
AUDUSD,2021-02-08,0.76679,0.77145,0.76508,0.77079
AUDUSD,2021-02-09,0.77079,0.77426,0.77038,0.77395
AUDUSD,2021-02-10,0.77395,0.77557,0.77169,0.77233
AUDUSD,2021-02-11,0.77233,0.77712,0.77124,0.77513
AUDUSD,2021-02-12,0.77512,0.77642,0.77177,0.77592
AUDUSD,2021-02-15,0.77655,0.77884,0.77586,0.7785
AUDUSD,2021-02-16,0.77849,0.78049,0.77302,0.7735
AUDUSD,2021-02-17,0.77351,0.77716,0.7724,0.77576
AUDUSD,2021-02-18,0.77574,0.77893,0.77307,0.77678
AUDUSD,2021-02-19,0.77678,0.78766,0.77572,0.78658
AUDUSD,2021-02-22,0.78698,0.7929,0.78549,0.79137
AUDUSD,2021-02-23,0.79138,0.79344,0.788,0.79067
AUDUSD,2021-02-24,0.79067,0.79778,0.78948,0.79752
AUDUSD,2021-02-25,0.79751,0.80068,0.78583,0.78622
AUDUSD,2021-02-26,0.78622,0.78715,0.76918,0.77034
AUDUSD,2021-03-01,0.77107,0.77864,0.77067,0.7773
AUDUSD,2021-03-02,0.77729,0.78372,0.77353,0.78238
AUDUSD,2021-03-03,0.7824,0.78379,0.7752,0.77525
AUDUSD,2021-03-04,0.77526,0.78147,0.77041,0.77139
AUDUSD,2021-03-05,0.77134,0.77262,0.76213,0.76815
AUDUSD,2021-03-08,0.7691,0.7722,0.76358,0.76552
AUDUSD,2021-03-09,0.76551,0.77255,0.76211,0.77149
AUDUSD,2021-03-10,0.77148,0.77452,0.76681,0.77298
AUDUSD,2021-03-11,0.77298,0.77934,0.77228,0.7785
AUDUSD,2021-03-12,0.77851,0.78003,0.77239,0.77576
AUDUSD,2021-03-15,0.77497,0.77752,0.77054,0.77475
AUDUSD,2021-03-16,0.77475,0.77571,0.77101,0.77457
AUDUSD,2021-03-17,0.77456,0.78141,0.76987,0.7814
AUDUSD,2021-03-18,0.78143,0.78489,0.77489,0.7752
AUDUSD,2021-03-19,0.77523,0.77719,0.77172,0.77369
AUDUSD,2021-03-22,0.77041,0.77561,0.77023,0.77443
AUDUSD,2021-03-23,0.77442,0.77464,0.75988,0.76062
AUDUSD,2021-03-24,0.76063,0.7628,0.75779,0.75903
AUDUSD,2021-03-25,0.75906,0.76138,0.75627,0.75921
AUDUSD,2021-03-26,0.75923,0.76439,0.75873,0.76371
AUDUSD,2021-03-29,0.76315,0.76553,0.76147,0.76381
AUDUSD,2021-03-30,0.76383,0.76635,0.75844,0.76078
AUDUSD,2021-03-31,0.76079,0.76361,0.75878,0.75935
AUDUSD,2021-04-01,0.75936,0.76194,0.75315,0.76161
AUDUSD,2021-04-02,0.76162,0.76369,0.75925,0.75976
AUDUSD,2021-04-05,0.76027,0.766,0.7598,0.7657
AUDUSD,2021-04-06,0.76566,0.76679,0.76053,0.76659
AUDUSD,2021-04-07,0.76659,0.76765,0.76002,0.76131
AUDUSD,2021-04-08,0.76131,0.76599,0.76022,0.76561
AUDUSD,2021-04-09,0.76564,0.76606,0.75876,0.76168
AUDUSD,2021-04-12,0.76135,0.76351,0.75945,0.76265
AUDUSD,2021-04-13,0.76265,0.76527,0.75846,0.76467
AUDUSD,2021-04-14,0.76468,0.77374,0.76342,0.77244
AUDUSD,2021-04-15,0.77243,0.77606,0.77051,0.77507
AUDUSD,2021-04-16,0.77507,0.77588,0.77237,0.77327
AUDUSD,2021-04-19,0.77269,0.77841,0.77056,0.77641
AUDUSD,2021-04-20,0.77643,0.78155,0.77088,0.77218
AUDUSD,2021-04-21,0.7722,0.7762,0.76991,0.77536
AUDUSD,2021-04-22,0.77536,0.77642,0.76902,0.77037
AUDUSD,2021-04-23,0.77039,0.776,0.76998,0.77438
AUDUSD,2021-04-26,0.77382,0.78148,0.77382,0.77964
AUDUSD,2021-04-27,0.77962,0.78034,0.77612,0.77671
AUDUSD,2021-04-28,0.7767,0.78057,0.77247,0.78006
AUDUSD,2021-04-29,0.78005,0.78175,0.77499,0.77768
AUDUSD,2021-04-30,0.77768,0.77838,0.76955,0.77067
AUDUSD,2021-05-03,0.77197,0.77664,0.77058,0.77578
AUDUSD,2021-05-04,0.77581,0.77605,0.76747,0.77128
AUDUSD,2021-05-05,0.77128,0.77545,0.77036,0.77506
AUDUSD,2021-05-06,0.77505,0.77879,0.77006,0.77867
AUDUSD,2021-05-07,0.77864,0.78621,0.77606,0.78412
AUDUSD,2021-05-10,0.78574,0.78905,0.78264,0.78401
AUDUSD,2021-05-11,0.78402,0.78563,0.78197,0.78371
AUDUSD,2021-05-12,0.78375,0.78419,0.77189,0.7732
AUDUSD,2021-05-13,0.7732,0.77458,0.76879,0.77234
AUDUSD,2021-05-14,0.77237,0.7787,0.77137,0.77756
AUDUSD,2021-05-17,0.77687,0.77833,0.773,0.7773
AUDUSD,2021-05-18,0.7773,0.78132,0.77674,0.77873
AUDUSD,2021-05-19,0.77875,0.77972,0.77104,0.77195
AUDUSD,2021-05-20,0.77196,0.77811,0.7716,0.7769
AUDUSD,2021-05-21,0.77689,0.77823,0.77186,0.77254
AUDUSD,2021-05-24,0.77278,0.77573,0.77056,0.77503
AUDUSD,2021-05-25,0.77502,0.77759,0.77326,0.77497
AUDUSD,2021-05-26,0.77495,0.77955,0.77306,0.77392
AUDUSD,2021-05-27,0.7739,0.77571,0.77226,0.7742
AUDUSD,2021-05-28,0.7742,0.77468,0.76769,0.77078
AUDUSD,2021-05-31,0.77084,0.7746,0.77001,0.7743
AUDUSD,2021-06-01,0.77434,0.77689,0.77304,0.77553
AUDUSD,2021-06-02,0.77554,0.77728,0.77148,0.77436
AUDUSD,2021-06-03,0.77438,0.77534,0.7645,0.76614
AUDUSD,2021-06-04,0.76616,0.77448,0.76507,0.77383
AUDUSD,2021-06-07,0.77322,0.77653,0.77222,0.77559
AUDUSD,2021-06-08,0.77557,0.77632,0.77312,0.77365
AUDUSD,2021-06-09,0.77364,0.77618,0.77238,0.77289
AUDUSD,2021-06-10,0.77288,0.77631,0.77169,0.77469
AUDUSD,2021-06-11,0.77472,0.77753,0.76879,0.77019
AUDUSD,2021-06-14,0.77036,0.77255,0.76934,0.77113
AUDUSD,2021-06-15,0.77114,0.77163,0.76737,0.76852
AUDUSD,2021-06-16,0.76855,0.77152,0.76043,0.76144
AUDUSD,2021-06-17,0.76143,0.76452,0.75392,0.75564
AUDUSD,2021-06-18,0.75563,0.75606,0.74761,0.74762
AUDUSD,2021-06-21,0.74834,0.75457,0.74771,0.75342
AUDUSD,2021-06-22,0.75342,0.7564,0.74936,0.75537
AUDUSD,2021-06-23,0.75537,0.75986,0.75374,0.75727
AUDUSD,2021-06-24,0.75729,0.75911,0.75651,0.75813
AUDUSD,2021-06-25,0.75813,0.76162,0.75792,0.75895
AUDUSD,2021-06-28,0.75738,0.76013,0.75541,0.75677
AUDUSD,2021-06-29,0.75678,0.75702,0.75071,0.75129
AUDUSD,2021-06-30,0.75131,0.75267,0.74914,0.7497
AUDUSD,2021-07-01,0.7497,0.75074,0.74599,0.7465
AUDUSD,2021-07-02,0.7465,0.75326,0.74441,0.75218
AUDUSD,2021-07-05,0.75204,0.75472,0.75084,0.754
AUDUSD,2021-07-06,0.75401,0.75985,0.74803,0.74942
AUDUSD,2021-07-07,0.74943,0.75335,0.74623,0.74829
AUDUSD,2021-07-08,0.74828,0.74835,0.7416,0.74325
AUDUSD,2021-07-09,0.74327,0.74937,0.74093,0.74904
AUDUSD,2021-07-12,0.74779,0.74956,0.74478,0.74772
AUDUSD,2021-07-13,0.74773,0.75026,0.74258,0.74393
AUDUSD,2021-07-14,0.7439,0.74871,0.74306,0.74802
AUDUSD,2021-07-15,0.74802,0.74843,0.74099,0.74222
AUDUSD,2021-07-16,0.74225,0.74423,0.73917,0.7393
AUDUSD,2021-07-19,0.73991,0.74082,0.73213,0.73367
AUDUSD,2021-07-20,0.73366,0.73567,0.72993,0.73381
AUDUSD,2021-07-21,0.73381,0.73622,0.7289,0.73512
AUDUSD,2021-07-22,0.73511,0.7399,0.73417,0.73799
AUDUSD,2021-07-23,0.738,0.73895,0.73565,0.73624
AUDUSD,2021-07-26,0.73624,0.73902,0.73301,0.73835
AUDUSD,2021-07-27,0.73835,0.73883,0.73367,0.73656
AUDUSD,2021-07-28,0.73656,0.7381,0.73164,0.73764
AUDUSD,2021-07-29,0.73764,0.74131,0.73589,0.73955
AUDUSD,2021-07-30,0.73953,0.74041,0.73306,0.73415
AUDUSD,2021-08-02,0.73323,0.73817,0.73286,0.73598
AUDUSD,2021-08-03,0.73599,0.74079,0.73569,0.73961
AUDUSD,2021-08-04,0.73959,0.74263,0.73696,0.73818
AUDUSD,2021-08-05,0.73818,0.74155,0.73762,0.74024
AUDUSD,2021-08-06,0.74024,0.74041,0.7346,0.73518
AUDUSD,2021-08-09,0.7351,0.73634,0.73275,0.73294
AUDUSD,2021-08-10,0.73294,0.73556,0.73155,0.73432
AUDUSD,2021-08-11,0.73434,0.73888,0.73228,0.737
AUDUSD,2021-08-12,0.737,0.73728,0.73315,0.73406
AUDUSD,2021-08-13,0.73407,0.73809,0.73328,0.73677
AUDUSD,2021-08-16,0.73614,0.73725,0.73189,0.73386
AUDUSD,2021-08-17,0.73386,0.73386,0.72421,0.72548
AUDUSD,2021-08-18,0.72546,0.7269,0.72282,0.72304
AUDUSD,2021-08-19,0.72304,0.72344,0.71419,0.71458
AUDUSD,2021-08-20,0.71457,0.71559,0.71056,0.71347
AUDUSD,2021-08-23,0.71213,0.72175,0.711,0.72081
AUDUSD,2021-08-24,0.7208,0.72706,0.72003,0.72481
AUDUSD,2021-08-25,0.72483,0.728,0.72367,0.72759
AUDUSD,2021-08-26,0.72761,0.72792,0.72338,0.72378
AUDUSD,2021-08-27,0.72378,0.73164,0.72216,0.73089
AUDUSD,2021-08-30,0.73029,0.73181,0.7284,0.72894
AUDUSD,2021-08-31,0.72896,0.73409,0.72876,0.73173
AUDUSD,2021-09-01,0.73174,0.73835,0.73075,0.73654
AUDUSD,2021-09-02,0.73654,0.74091,0.73554,0.7397
AUDUSD,2021-09-03,0.73971,0.74775,0.73949,0.7447
AUDUSD,2021-09-06,0.74531,0.74544,0.74259,0.74358
AUDUSD,2021-09-07,0.74357,0.7468,0.73743,0.73859
AUDUSD,2021-09-08,0.73861,0.74036,0.73446,0.73607
AUDUSD,2021-09-09,0.73607,0.73938,0.73465,0.73672
AUDUSD,2021-09-10,0.73674,0.74093,0.73477,0.73512
AUDUSD,2021-09-13,0.73473,0.73753,0.73356,0.73652
AUDUSD,2021-09-14,0.73652,0.73729,0.73129,0.73163
AUDUSD,2021-09-15,0.73164,0.73436,0.73007,0.73408
AUDUSD,2021-09-16,0.73407,0.73468,0.72736,0.72909
AUDUSD,2021-09-17,0.72909,0.73212,0.72612,0.72613
AUDUSD,2021-09-20,0.72616,0.72679,0.72196,0.7259
AUDUSD,2021-09-21,0.72591,0.72826,0.72212,0.72279
AUDUSD,2021-09-22,0.72278,0.7296,0.72233,0.72318
AUDUSD,2021-09-23,0.72319,0.7315,0.72224,0.72962
AUDUSD,2021-09-24,0.72962,0.73161,0.72356,0.72577
AUDUSD,2021-09-27,0.72525,0.72934,0.72491,0.72799
AUDUSD,2021-09-28,0.72797,0.73106,0.7225,0.72435
AUDUSD,2021-09-29,0.72431,0.72638,0.717,0.71782
AUDUSD,2021-09-30,0.7178,0.7257,0.71766,0.72282
AUDUSD,2021-10-01,0.72282,0.7276,0.71916,0.72598
AUDUSD,2021-10-04,0.72568,0.73037,0.72508,0.72888
AUDUSD,2021-10-05,0.72886,0.73006,0.72484,0.72875
AUDUSD,2021-10-06,0.72874,0.72915,0.72254,0.72819
AUDUSD,2021-10-07,0.72816,0.73238,0.72701,0.73162
AUDUSD,2021-10-08,0.73159,0.73377,0.72877,0.73052
AUDUSD,2021-10-11,0.73047,0.73725,0.72917,0.73478
AUDUSD,2021-10-12,0.73476,0.73841,0.73318,0.73328
AUDUSD,2021-10-13,0.73329,0.7383,0.7323,0.73825
AUDUSD,2021-10-14,0.73825,0.74262,0.73714,0.74131
AUDUSD,2021-10-15,0.74131,0.74396,0.7403,0.74174
AUDUSD,2021-10-18,0.74146,0.7437,0.73781,0.74148
AUDUSD,2021-10-19,0.74149,0.74851,0.74144,0.74744
AUDUSD,2021-10-20,0.74743,0.75222,0.74647,0.75146
AUDUSD,2021-10-21,0.75145,0.7546,0.7458,0.74628
AUDUSD,2021-10-22,0.7463,0.75118,0.74533,0.74631
AUDUSD,2021-10-25,0.74647,0.75048,0.7462,0.74912
AUDUSD,2021-10-26,0.74912,0.7525,0.74888,0.75119
AUDUSD,2021-10-27,0.75119,0.75356,0.74868,0.74995
AUDUSD,2021-10-28,0.74996,0.7555,0.74793,0.75305
AUDUSD,2021-10-29,0.75305,0.75548,0.74998,0.75191
AUDUSD,2021-11-01,0.75059,0.75357,0.74857,0.75199
AUDUSD,2021-11-02,0.752,0.75315,0.74198,0.74354
AUDUSD,2021-11-03,0.74353,0.74691,0.74119,0.74684
AUDUSD,2021-11-04,0.74683,0.74701,0.73824,0.74078
AUDUSD,2021-11-05,0.74077,0.74117,0.73595,0.73979
AUDUSD,2021-11-08,0.73911,0.74307,0.73838,0.7414
AUDUSD,2021-11-09,0.74142,0.74312,0.73603,0.73754
AUDUSD,2021-11-10,0.73754,0.73929,0.73225,0.73333
AUDUSD,2021-11-11,0.73332,0.73406,0.72859,0.729
AUDUSD,2021-11-12,0.729,0.73347,0.72761,0.73282
AUDUSD,2021-11-15,0.73217,0.73702,0.73217,0.73447
AUDUSD,2021-11-16,0.73447,0.73676,0.72917,0.73006
AUDUSD,2021-11-17,0.73006,0.73044,0.72582,0.72676
AUDUSD,2021-11-18,0.72676,0.72926,0.72491,0.72759
AUDUSD,2021-11-19,0.72759,0.72909,0.72264,0.72298
AUDUSD,2021-11-22,0.72344,0.72729,0.72202,0.72268
AUDUSD,2021-11-23,0.72268,0.72359,0.72064,0.72212
AUDUSD,2021-11-24,0.72213,0.72271,0.71835,0.72011
AUDUSD,2021-11-25,0.72009,0.72088,0.71725,0.71727
AUDUSD,2021-11-26,0.71727,0.71772,0.71106,0.7113
AUDUSD,2021-11-29,0.71353,0.71591,0.71132,0.71449
AUDUSD,2021-11-30,0.7145,0.71702,0.70624,0.71242
AUDUSD,2021-12-01,0.71245,0.71727,0.70943,0.71068
AUDUSD,2021-12-02,0.71068,0.71192,0.70835,0.7087
AUDUSD,2021-12-03,0.70867,0.70897,0.69926,0.69951
AUDUSD,2021-12-06,0.69978,0.70541,0.69978,0.70483
AUDUSD,2021-12-07,0.70482,0.71239,0.70391,0.71217
AUDUSD,2021-12-08,0.7122,0.71833,0.71166,0.71682
AUDUSD,2021-12-09,0.71681,0.71864,0.71353,0.71458
AUDUSD,2021-12-10,0.71458,0.71819,0.71316,0.71671
AUDUSD,2021-12-13,0.71584,0.71757,0.71101,0.71306
AUDUSD,2021-12-14,0.71306,0.71351,0.70895,0.71033
AUDUSD,2021-12-15,0.71035,0.71771,0.70915,0.71659
AUDUSD,2021-12-16,0.7166,0.72233,0.7145,0.71749
AUDUSD,2021-12-17,0.71748,0.71814,0.71217,0.71217
AUDUSD,2021-12-20,0.71271,0.71323,0.70817,0.71088
AUDUSD,2021-12-21,0.71088,0.71557,0.70981,0.71471
AUDUSD,2021-12-22,0.7147,0.72198,0.71202,0.72115
AUDUSD,2021-12-23,0.72113,0.72513,0.71956,0.72315
AUDUSD,2021-12-24,0.72316,0.72434,0.72129,0.72159
AUDUSD,2021-12-27,0.72255,0.72443,0.72051,0.7235
AUDUSD,2021-12-28,0.72353,0.72634,0.72183,0.72317
AUDUSD,2021-12-29,0.72317,0.7272,0.72126,0.72578
AUDUSD,2021-12-30,0.72577,0.72753,0.7243,0.72489
AUDUSD,2021-12-31,0.72488,0.7277,0.72438,0.72641
EURAUD,2019-01-01,1.62562,1.62756,1.62427,1.62601
EURAUD,2019-01-02,1.62605,1.66515,1.61889,1.63538
EURAUD,2019-01-03,1.63534,1.64075,1.6231,1.6256
EURAUD,2019-01-04,1.62563,1.63053,1.60004,1.60039
EURAUD,2019-01-07,1.60108,1.60865,1.59968,1.60656
EURAUD,2019-01-08,1.60655,1.6075,1.5975,1.59888
EURAUD,2019-01-09,1.59889,1.61103,1.5969,1.61025
EURAUD,2019-01-10,1.61023,1.61534,1.59886,1.60114
EURAUD,2019-01-11,1.6011,1.60233,1.58837,1.58887
EURAUD,2019-01-14,1.58796,1.5989,1.58796,1.5935
EURAUD,2019-01-15,1.59344,1.59344,1.58281,1.58372
EURAUD,2019-01-16,1.5837,1.59125,1.58051,1.58931
EURAUD,2019-01-17,1.58935,1.59218,1.57835,1.58443
EURAUD,2019-01-18,1.58444,1.58803,1.57738,1.58635
EURAUD,2019-01-21,1.5851,1.59147,1.58418,1.58797
EURAUD,2019-01-22,1.58797,1.59658,1.58787,1.59561
EURAUD,2019-01-23,1.59563,1.59734,1.58925,1.59315
EURAUD,2019-01-24,1.59316,1.60373,1.58904,1.59506
EURAUD,2019-01-25,1.59509,1.59814,1.58805,1.58822
EURAUD,2019-01-28,1.58846,1.59689,1.58504,1.5949
EURAUD,2019-01-29,1.59492,1.6005,1.59401,1.59763
EURAUD,2019-01-30,1.59763,1.59874,1.5805,1.58324
EURAUD,2019-01-31,1.58324,1.58562,1.57207,1.57423
EURAUD,2019-02-01,1.57422,1.58171,1.57284,1.58001
EURAUD,2019-02-04,1.57971,1.58587,1.57941,1.58526
EURAUD,2019-02-05,1.58527,1.58977,1.57296,1.5752
EURAUD,2019-02-06,1.5752,1.59984,1.57438,1.59834
EURAUD,2019-02-07,1.59835,1.60142,1.5925,1.59811
EURAUD,2019-02-08,1.59814,1.60594,1.59635,1.59671
EURAUD,2019-02-11,1.59608,1.59983,1.59292,1.59688
EURAUD,2019-02-12,1.59687,1.5982,1.59041,1.59536
EURAUD,2019-02-13,1.59536,1.59722,1.58608,1.5884
EURAUD,2019-02-14,1.5884,1.59457,1.58214,1.58982
EURAUD,2019-02-15,1.58983,1.59406,1.58021,1.58109
EURAUD,2019-02-18,1.58203,1.58724,1.57995,1.5861
EURAUD,2019-02-19,1.58612,1.5914,1.58149,1.58205
EURAUD,2019-02-20,1.58206,1.58663,1.58155,1.58267
EURAUD,2019-02-21,1.58268,1.60193,1.57422,1.59522
EURAUD,2019-02-22,1.59522,1.60012,1.58705,1.58897
EURAUD,2019-02-25,1.58742,1.58939,1.58093,1.58446
EURAUD,2019-02-26,1.58451,1.59003,1.58221,1.58375
EURAUD,2019-02-27,1.58376,1.59626,1.58197,1.59183
EURAUD,2019-02-28,1.59189,1.60456,1.58779,1.60138
EURAUD,2019-03-01,1.60138,1.60715,1.59825,1.6043
EURAUD,2019-03-04,1.60011,1.60557,1.59694,1.59888
EURAUD,2019-03-05,1.59888,1.60372,1.59484,1.59515
EURAUD,2019-03-06,1.59516,1.61214,1.59407,1.60871
EURAUD,2019-03-07,1.6087,1.61103,1.5933,1.59425
EURAUD,2019-03-08,1.59425,1.60013,1.59301,1.59398
EURAUD,2019-03-11,1.59686,1.59783,1.5896,1.59198
EURAUD,2019-03-12,1.59198,1.59968,1.58945,1.59801
EURAUD,2019-03-13,1.59801,1.6012,1.59523,1.59891
EURAUD,2019-03-14,1.59891,1.60567,1.59885,1.59965
EURAUD,2019-03-15,1.59965,1.60029,1.59593,1.59806
EURAUD,2019-03-18,1.59703,1.5996,1.59299,1.59682
EURAUD,2019-03-19,1.59682,1.6021,1.59476,1.60191
EURAUD,2019-03-20,1.6019,1.60767,1.59677,1.60203
EURAUD,2019-03-21,1.60203,1.60225,1.59482,1.60041
EURAUD,2019-03-22,1.60042,1.60206,1.58873,1.59576
EURAUD,2019-03-25,1.59463,1.59821,1.58988,1.59006
EURAUD,2019-03-26,1.59003,1.59049,1.57798,1.57962
EURAUD,2019-03-27,1.57958,1.59162,1.57893,1.58829
EURAUD,2019-03-28,1.58838,1.59031,1.5833,1.58545
EURAUD,2019-03-29,1.58551,1.58732,1.57933,1.58045
EURAUD,2019-04-01,1.57669,1.57966,1.57447,1.57594
EURAUD,2019-04-02,1.57596,1.58765,1.57126,1.58742
EURAUD,2019-04-03,1.58743,1.58787,1.57618,1.57982
EURAUD,2019-04-04,1.57982,1.58106,1.57526,1.57855
EURAUD,2019-04-05,1.57852,1.58138,1.57499,1.57777
EURAUD,2019-04-08,1.57798,1.58403,1.57718,1.5805
EURAUD,2019-04-09,1.5805,1.58232,1.576,1.58044
EURAUD,2019-04-10,1.58045,1.5834,1.5712,1.57339
EURAUD,2019-04-11,1.57339,1.58173,1.57326,1.58079
EURAUD,2019-04-12,1.58079,1.58524,1.5736,1.57478
EURAUD,2019-04-15,1.57414,1.57894,1.57353,1.57582
EURAUD,2019-04-16,1.57584,1.58342,1.572,1.575
EURAUD,2019-04-17,1.575,1.57698,1.56828,1.57486
EURAUD,2019-04-18,1.57487,1.57648,1.56953,1.57197
EURAUD,2019-04-19,1.57197,1.57344,1.57014,1.57061
EURAUD,2019-04-22,1.57026,1.57883,1.57026,1.57826
EURAUD,2019-04-23,1.57826,1.5828,1.57755,1.58183
EURAUD,2019-04-24,1.58185,1.59582,1.58097,1.59015
EURAUD,2019-04-25,1.59014,1.59305,1.58556,1.58682
EURAUD,2019-04-26,1.58679,1.58798,1.58061,1.58295
EURAUD,2019-04-29,1.58252,1.58548,1.58055,1.58531
EURAUD,2019-04-30,1.58529,1.59467,1.58274,1.59091
EURAUD,2019-05-01,1.59091,1.59885,1.58965,1.59708
EURAUD,2019-05-02,1.59707,1.59905,1.59398,1.59754
EURAUD,2019-05-03,1.59754,1.59942,1.59197,1.59453
EURAUD,2019-05-06,1.60185,1.60637,1.59824,1.6018
EURAUD,2019-05-07,1.60177,1.60418,1.59049,1.59659
EURAUD,2019-05-08,1.59658,1.60189,1.59454,1.60152
EURAUD,2019-05-09,1.60151,1.61207,1.60098,1.60543
EURAUD,2019-05-10,1.60542,1.60837,1.60031,1.60475
EURAUD,2019-05-13,1.60595,1.61878,1.60327,1.61725
EURAUD,2019-05-14,1.61725,1.61951,1.61259,1.61475
EURAUD,2019-05-15,1.61475,1.62043,1.61457,1.61803
EURAUD,2019-05-16,1.61803,1.62516,1.61724,1.62113
EURAUD,2019-05-17,1.62113,1.62612,1.62059,1.62409
EURAUD,2019-05-20,1.6142,1.62001,1.60959,1.61361
EURAUD,2019-05-21,1.6136,1.62515,1.61264,1.62196
EURAUD,2019-05-22,1.62196,1.62378,1.6194,1.62195
EURAUD,2019-05-23,1.62196,1.62375,1.61741,1.62121
EURAUD,2019-05-24,1.62119,1.62466,1.61628,1.61708
EURAUD,2019-05-27,1.61655,1.6187,1.61525,1.61741
EURAUD,2019-05-28,1.61737,1.61811,1.61088,1.6126
EURAUD,2019-05-29,1.61256,1.61389,1.60838,1.60962
EURAUD,2019-05-30,1.60959,1.6124,1.60499,1.6117
EURAUD,2019-05-31,1.61167,1.61444,1.60686,1.60958
EURAUD,2019-06-03,1.61084,1.61348,1.60675,1.61329
EURAUD,2019-06-04,1.61328,1.61597,1.60778,1.60971
EURAUD,2019-06-05,1.60971,1.61499,1.60814,1.61102
EURAUD,2019-06-06,1.61101,1.61784,1.60743,1.61676
EURAUD,2019-06-07,1.61677,1.61969,1.61446,1.61822
EURAUD,2019-06-10,1.6153,1.62646,1.61514,1.62583
EURAUD,2019-06-11,1.62585,1.62875,1.62413,1.62751
EURAUD,2019-06-12,1.6275,1.63262,1.62738,1.62943
EURAUD,2019-06-13,1.62944,1.63621,1.62729,1.63203
EURAUD,2019-06-14,1.63202,1.63631,1.63013,1.63105
EURAUD,2019-06-17,1.63023,1.63875,1.62977,1.63806
EURAUD,2019-06-18,1.63805,1.64476,1.62697,1.62721
EURAUD,2019-06-19,1.62719,1.63434,1.62648,1.63182
EURAUD,2019-06-20,1.63181,1.63627,1.62957,1.63181
EURAUD,2019-06-21,1.63184,1.64164,1.62865,1.64099
EURAUD,2019-06-24,1.63984,1.6412,1.63465,1.63641
EURAUD,2019-06-25,1.63634,1.63991,1.63154,1.63314
EURAUD,2019-06-26,1.63316,1.63333,1.62409,1.62814
EURAUD,2019-06-27,1.62814,1.62824,1.62161,1.62324
EURAUD,2019-06-28,1.62324,1.62546,1.6182,1.61898
EURAUD,2019-07-01,1.61526,1.62588,1.61469,1.62043
EURAUD,2019-07-02,1.62042,1.62079,1.61273,1.61416
EURAUD,2019-07-03,1.61415,1.61652,1.60251,1.6053
EURAUD,2019-07-04,1.60533,1.60816,1.60244,1.60642
EURAUD,2019-07-05,1.60639,1.61106,1.60363,1.60795
EURAUD,2019-07-08,1.60823,1.60965,1.60489,1.60852
EURAUD,2019-07-09,1.6085,1.61887,1.60814,1.6178
EURAUD,2019-07-10,1.61781,1.62304,1.61528,1.6179
EURAUD,2019-07-11,1.61791,1.61898,1.61161,1.61352
EURAUD,2019-07-12,1.61354,1.61371,1.60452,1.60493
EURAUD,2019-07-15,1.60527,1.60726,1.59877,1.59984
EURAUD,2019-07-16,1.59983,1.60098,1.59448,1.59802
EURAUD,2019-07-17,1.59802,1.60338,1.59706,1.60189
EURAUD,2019-07-18,1.60188,1.60335,1.59228,1.59318
EURAUD,2019-07-19,1.59315,1.59479,1.58946,1.59249
EURAUD,2019-07-22,1.59226,1.59525,1.58938,1.59384
EURAUD,2019-07-23,1.59383,1.59466,1.58932,1.594
EURAUD,2019-07-24,1.59395,1.59758,1.59335,1.59668
EURAUD,2019-07-25,1.59664,1.609,1.59201,1.60336
EURAUD,2019-07-26,1.60332,1.611,1.60276,1.61007
EURAUD,2019-07-29,1.61066,1.61548,1.60923,1.61514
EURAUD,2019-07-30,1.6151,1.62321,1.61273,1.62279
EURAUD,2019-07-31,1.62279,1.62462,1.61458,1.61744
EURAUD,2019-08-01,1.61742,1.63138,1.6107,1.62884
EURAUD,2019-08-02,1.62884,1.63917,1.6256,1.63316
EURAUD,2019-08-05,1.63369,1.6624,1.63369,1.66225
EURAUD,2019-08-06,1.66223,1.66257,1.64575,1.65697
EURAUD,2019-08-07,1.65698,1.6786,1.65306,1.65794
EURAUD,2019-08-08,1.65794,1.66051,1.64132,1.6423
EURAUD,2019-08-09,1.6423,1.65222,1.64055,1.65023
EURAUD,2019-08-12,1.65035,1.66232,1.64761,1.66024
EURAUD,2019-08-13,1.6602,1.66193,1.63935,1.64432
EURAUD,2019-08-14,1.64433,1.65941,1.64132,1.64962
EURAUD,2019-08-15,1.6496,1.64983,1.63565,1.64045
EURAUD,2019-08-16,1.64045,1.64087,1.63079,1.63534
EURAUD,2019-08-19,1.63562,1.64082,1.63352,1.64031
EURAUD,2019-08-20,1.64028,1.64046,1.63088,1.63814
EURAUD,2019-08-21,1.63814,1.6384,1.63232,1.6346
EURAUD,2019-08-22,1.63465,1.64189,1.63441,1.64054
EURAUD,2019-08-23,1.64052,1.65256,1.63568,1.64955
EURAUD,2019-08-26,1.65472,1.66803,1.6363,1.63977
EURAUD,2019-08-27,1.63974,1.64697,1.63837,1.64169
EURAUD,2019-08-28,1.64166,1.64653,1.63953,1.64472
EURAUD,2019-08-29,1.64472,1.65011,1.63964,1.64182
EURAUD,2019-08-30,1.64182,1.64735,1.63065,1.63065
EURAUD,2019-09-02,1.63329,1.63519,1.62976,1.63353
EURAUD,2019-09-03,1.63351,1.63515,1.62174,1.62231
EURAUD,2019-09-04,1.62228,1.62468,1.61764,1.62351
EURAUD,2019-09-05,1.62348,1.6241,1.61571,1.61977
EURAUD,2019-09-06,1.61977,1.62035,1.60889,1.60943
EURAUD,2019-09-09,1.61162,1.612,1.60484,1.60931
EURAUD,2019-09-10,1.6093,1.61186,1.60758,1.61118
EURAUD,2019-09-11,1.61115,1.61283,1.60117,1.60187
EURAUD,2019-09-12,1.60186,1.61276,1.59053,1.61091
EURAUD,2019-09-13,1.61088,1.61668,1.60685,1.60895
EURAUD,2019-09-16,1.61289,1.61323,1.6014,1.6035
EURAUD,2019-09-17,1.60348,1.61381,1.60293,1.61282
EURAUD,2019-09-18,1.61282,1.61824,1.61265,1.61631
EURAUD,2019-09-19,1.6163,1.63015,1.61625,1.62625
EURAUD,2019-09-20,1.62622,1.62968,1.62226,1.62858
EURAUD,2019-09-23,1.62591,1.6285,1.62006,1.62301
EURAUD,2019-09-24,1.62296,1.62403,1.6154,1.62018
EURAUD,2019-09-25,1.62018,1.62831,1.61672,1.62129
EURAUD,2019-09-26,1.62128,1.62365,1.6144,1.61724
EURAUD,2019-09-27,1.61724,1.62195,1.61315,1.61663
EURAUD,2019-09-30,1.61802,1.62143,1.61193,1.6145
EURAUD,2019-10-01,1.61449,1.63388,1.60743,1.62992
EURAUD,2019-10-02,1.62993,1.63678,1.62775,1.63393
EURAUD,2019-10-03,1.6339,1.63427,1.62565,1.62719
EURAUD,2019-10-04,1.62718,1.62751,1.62079,1.6211
EURAUD,2019-10-07,1.62483,1.63161,1.62261,1.62954
EURAUD,2019-10-08,1.62954,1.63125,1.62522,1.62878
EURAUD,2019-10-09,1.62881,1.63694,1.6257,1.63463
EURAUD,2019-10-10,1.63457,1.63594,1.62626,1.62809
EURAUD,2019-10-11,1.62809,1.62888,1.62032,1.6239
EURAUD,2019-10-14,1.62448,1.63511,1.62184,1.62732
EURAUD,2019-10-15,1.62736,1.63496,1.62451,1.63382
EURAUD,2019-10-16,1.63385,1.64324,1.63356,1.63903
EURAUD,2019-10-17,1.63901,1.63959,1.62592,1.62995
EURAUD,2019-10-18,1.62997,1.63038,1.62604,1.62893
EURAUD,2019-10-21,1.62958,1.63013,1.62191,1.62302
EURAUD,2019-10-22,1.62302,1.62498,1.6206,1.62206
EURAUD,2019-10-23,1.62205,1.62697,1.6216,1.62504
EURAUD,2019-10-24,1.62502,1.63096,1.62447,1.62887
EURAUD,2019-10-25,1.62886,1.63031,1.62113,1.62346
EURAUD,2019-10-28,1.6241,1.62714,1.62147,1.62259
EURAUD,2019-10-29,1.62258,1.62269,1.61664,1.6207
EURAUD,2019-10-30,1.62071,1.62178,1.61481,1.61678
EURAUD,2019-10-31,1.61675,1.62075,1.61122,1.61849
EURAUD,2019-11-01,1.61849,1.61966,1.61323,1.61431
EURAUD,2019-11-04,1.61485,1.61779,1.61221,1.61525
EURAUD,2019-11-05,1.61526,1.618,1.60424,1.60724
EURAUD,2019-11-06,1.60723,1.61091,1.60445,1.60973
EURAUD,2019-11-07,1.60973,1.61159,1.59758,1.60192
EURAUD,2019-11-08,1.6019,1.6095,1.59959,1.6063
EURAUD,2019-11-11,1.60703,1.61172,1.60615,1.61119
EURAUD,2019-11-12,1.61121,1.61388,1.60808,1.60943
EURAUD,2019-11-13,1.60941,1.61444,1.6055,1.60967
EURAUD,2019-11-14,1.60967,1.62608,1.6093,1.62359
EURAUD,2019-11-15,1.62357,1.62642,1.61979,1.6199
EURAUD,2019-11-18,1.6208,1.62715,1.6207,1.62704
EURAUD,2019-11-19,1.62702,1.63068,1.62091,1.62312
EURAUD,2019-11-20,1.62314,1.63039,1.62163,1.62957
EURAUD,2019-11-21,1.62957,1.63231,1.62699,1.62997
EURAUD,2019-11-22,1.62996,1.6315,1.62337,1.62362
EURAUD,2019-11-25,1.62221,1.62664,1.62119,1.62469
EURAUD,2019-11-26,1.62469,1.62719,1.62148,1.6239
EURAUD,2019-11-27,1.62398,1.62791,1.62117,1.62586
EURAUD,2019-11-28,1.62576,1.62876,1.62434,1.62686
EURAUD,2019-11-29,1.62689,1.6314,1.62237,1.62878
EURAUD,2019-12-02,1.62812,1.62935,1.6214,1.62448
EURAUD,2019-12-03,1.62449,1.62466,1.61476,1.61779
EURAUD,2019-12-04,1.61778,1.62606,1.61565,1.61796
EURAUD,2019-12-05,1.61796,1.62672,1.61679,1.62507
EURAUD,2019-12-06,1.62506,1.6253,1.61498,1.61598
EURAUD,2019-12-09,1.61807,1.62362,1.61709,1.62076
EURAUD,2019-12-10,1.62072,1.62958,1.61908,1.6285
EURAUD,2019-12-11,1.62848,1.62981,1.61542,1.62037
EURAUD,2019-12-12,1.62036,1.62039,1.60937,1.61469
EURAUD,2019-12-13,1.61465,1.62341,1.61118,1.6163
EURAUD,2019-12-16,1.61551,1.62208,1.6148,1.62015
EURAUD,2019-12-17,1.62011,1.6314,1.61929,1.62776
EURAUD,2019-12-18,1.62776,1.62839,1.61998,1.62143
EURAUD,2019-12-19,1.62143,1.62154,1.61406,1.61433
EURAUD,2019-12-20,1.61433,1.6146,1.60323,1.6043
EURAUD,2019-12-23,1.60682,1.60721,1.59871,1.60144
EURAUD,2019-12-24,1.60146,1.60397,1.59934,1.60152
EURAUD,2019-12-25,1.60152,1.6028,1.59872,1.602
EURAUD,2019-12-26,1.60197,1.6022,1.59695,1.59796
EURAUD,2019-12-27,1.59796,1.6035,1.59718,1.59941
EURAUD,2019-12-30,1.59979,1.60352,1.59821,1.59982
EURAUD,2019-12-31,1.59985,1.60147,1.59629,1.59714
EURAUD,2020-01-01,1.59765,1.60067,1.59574,1.59832
EURAUD,2020-01-02,1.59829,1.60227,1.59678,1.59955
EURAUD,2020-01-03,1.59956,1.60627,1.59948,1.60566
EURAUD,2020-01-06,1.60824,1.61508,1.60482,1.61381
EURAUD,2020-01-07,1.61379,1.62757,1.61308,1.62592
EURAUD,2020-01-08,1.62594,1.62932,1.6161,1.61623
EURAUD,2020-01-09,1.61626,1.62166,1.61554,1.62092
EURAUD,2020-01-10,1.62089,1.62119,1.60897,1.61086
EURAUD,2020-01-13,1.61111,1.61431,1.60808,1.6142
EURAUD,2020-01-14,1.61419,1.61688,1.60864,1.6138
EURAUD,2020-01-15,1.61383,1.61983,1.61245,1.61446
EURAUD,2020-01-16,1.61446,1.6164,1.61013,1.61432
EURAUD,2020-01-17,1.61432,1.61756,1.61018,1.61274
EURAUD,2020-01-20,1.6135,1.61625,1.61144,1.61371
EURAUD,2020-01-21,1.61369,1.62109,1.61227,1.61881
EURAUD,2020-01-22,1.6188,1.62296,1.617,1.62183
EURAUD,2020-01-23,1.62184,1.6224,1.61084,1.61433
EURAUD,2020-01-24,1.61433,1.6179,1.61065,1.61518
EURAUD,2020-01-27,1.61894,1.63142,1.61719,1.62954
EURAUD,2020-01-28,1.62953,1.63558,1.6281,1.62944
EURAUD,2020-01-29,1.62943,1.63328,1.625,1.63079
EURAUD,2020-01-30,1.63079,1.64681,1.63079,1.64461
EURAUD,2020-01-31,1.64459,1.65945,1.63928,1.65909
EURAUD,2020-02-03,1.65924,1.65924,1.64683,1.65357
EURAUD,2020-02-04,1.65354,1.65601,1.63806,1.64071
EURAUD,2020-02-05,1.64071,1.64223,1.62607,1.62927
EURAUD,2020-02-06,1.62927,1.63236,1.62559,1.6312
EURAUD,2020-02-07,1.63119,1.64478,1.63101,1.63947
EURAUD,2020-02-10,1.64093,1.64233,1.6304,1.6308
EURAUD,2020-02-11,1.63079,1.63265,1.62121,1.6251
EURAUD,2020-02-12,1.62507,1.62581,1.6129,1.61992
EURAUD,2020-02-13,1.61991,1.62034,1.60855,1.61344
EURAUD,2020-02-14,1.61342,1.6165,1.60964,1.61322
EURAUD,2020-02-17,1.61239,1.6155,1.60985,1.61502
EURAUD,2020-02-18,1.61502,1.62281,1.6125,1.6125
EURAUD,2020-02-19,1.61249,1.6191,1.61104,1.61792
EURAUD,2020-02-20,1.61798,1.6331,1.6145,1.63149
EURAUD,2020-02-21,1.63148,1.64066,1.62881,1.63646
EURAUD,2020-02-24,1.64168,1.64445,1.63672,1.64097
EURAUD,2020-02-25,1.64097,1.65022,1.63894,1.64708
EURAUD,2020-02-26,1.64706,1.66315,1.64441,1.66266
EURAUD,2020-02-27,1.66266,1.6759,1.66174,1.671
EURAUD,2020-02-28,1.671,1.70682,1.67033,1.69418
EURAUD,2020-03-02,1.70715,1.71251,1.68759,1.70158
EURAUD,2020-03-03,1.7016,1.71016,1.68287,1.69768
EURAUD,2020-03-04,1.6977,1.6977,1.6774,1.68027
EURAUD,2020-03-05,1.68027,1.70176,1.67779,1.69615
EURAUD,2020-03-06,1.69612,1.7108,1.69292,1.69949
EURAUD,2020-03-09,1.71649,1.81997,1.7087,1.72756
EURAUD,2020-03-10,1.72759,1.75337,1.72314,1.74192
EURAUD,2020-03-11,1.74192,1.74802,1.72855,1.73851
EURAUD,2020-03-12,1.73845,1.79822,1.73753,1.78193
EURAUD,2020-03-13,1.78194,1.81077,1.76373,1.79325
EURAUD,2020-03-16,1.7905,1.8334,1.77264,1.82938
EURAUD,2020-03-17,1.82936,1.84247,1.81482,1.8388
EURAUD,2020-03-18,1.83877,1.90136,1.8292,1.88915
EURAUD,2020-03-19,1.88924,1.97987,1.80258,1.85383
EURAUD,2020-03-20,1.85383,1.8658,1.80078,1.84229
EURAUD,2020-03-23,1.83902,1.87476,1.82835,1.83162
EURAUD,2020-03-24,1.8316,1.84658,1.80177,1.80866
EURAUD,2020-03-25,1.80872,1.84654,1.78335,1.84475
EURAUD,2020-03-26,1.84456,1.85703,1.81207,1.81742
EURAUD,2020-03-27,1.81737,1.8254,1.79415,1.80625
EURAUD,2020-03-30,1.80627,1.81693,1.78532,1.78862
EURAUD,2020-03-31,1.78856,1.80871,1.77321,1.7961
EURAUD,2020-04-01,1.79609,1.8124,1.76751,1.7979
EURAUD,2020-04-02,1.79791,1.80742,1.78783,1.78809
EURAUD,2020-04-03,1.78806,1.80576,1.78466,1.80199
EURAUD,2020-04-06,1.79591,1.80398,1.76405,1.76521
EURAUD,2020-04-07,1.7652,1.77126,1.75498,1.77049
EURAUD,2020-04-08,1.77049,1.77575,1.73986,1.74204
EURAUD,2020-04-09,1.74201,1.75045,1.72051,1.72459
EURAUD,2020-04-10,1.72453,1.73005,1.71765,1.72019
EURAUD,2020-04-13,1.72304,1.72818,1.70341,1.70619
EURAUD,2020-04-14,1.70619,1.7163,1.70026,1.70675
EURAUD,2020-04-15,1.70666,1.73137,1.70636,1.7282
EURAUD,2020-04-16,1.72817,1.73506,1.70168,1.7072
EURAUD,2020-04-17,1.7072,1.7163,1.70355,1.70829
EURAUD,2020-04-20,1.70577,1.71688,1.70163,1.71282
EURAUD,2020-04-21,1.7128,1.73208,1.71141,1.72515
EURAUD,2020-04-22,1.72512,1.72743,1.70905,1.71589
EURAUD,2020-04-23,1.71586,1.71973,1.68848,1.68971
EURAUD,2020-04-24,1.68968,1.69779,1.68715,1.6926
EURAUD,2020-04-27,1.69571,1.69579,1.67349,1.67822
EURAUD,2020-04-28,1.67818,1.68219,1.66403,1.66583
EURAUD,2020-04-29,1.66581,1.668,1.65779,1.65944
EURAUD,2020-04-30,1.6594,1.68809,1.65386,1.68512
EURAUD,2020-05-01,1.6851,1.71393,1.68435,1.71057
EURAUD,2020-05-04,1.70986,1.71953,1.69421,1.69673
EURAUD,2020-05-05,1.69668,1.69668,1.67821,1.68464
EURAUD,2020-05-06,1.68454,1.69241,1.67631,1.6895
EURAUD,2020-05-07,1.68947,1.68947,1.66113,1.66681
EURAUD,2020-05-08,1.66678,1.66754,1.65715,1.65924
EURAUD,2020-05-11,1.65676,1.67425,1.65324,1.66694
EURAUD,2020-05-12,1.66691,1.68097,1.66066,1.68093
EURAUD,2020-05-13,1.68093,1.68137,1.66679,1.67679
EURAUD,2020-05-14,1.67677,1.68382,1.66935,1.66995
EURAUD,2020-05-15,1.66995,1.68919,1.66925,1.68607
EURAUD,2020-05-18,1.68279,1.68672,1.66904,1.67294
EURAUD,2020-05-19,1.67294,1.67712,1.66276,1.67049
EURAUD,2020-05-20,1.67049,1.67611,1.66144,1.66569
EURAUD,2020-05-21,1.66567,1.67338,1.66501,1.66734
EURAUD,2020-05-22,1.66732,1.67631,1.66622,1.66773
EURAUD,2020-05-25,1.66717,1.67018,1.66353,1.66435
EURAUD,2020-05-26,1.66434,1.66593,1.64687,1.65189
EURAUD,2020-05-27,1.65189,1.67173,1.64531,1.66376
EURAUD,2020-05-28,1.66373,1.67521,1.65859,1.67017
EURAUD,2020-05-29,1.67015,1.67715,1.66328,1.6647
EURAUD,2020-06-01,1.6691,1.67062,1.63355,1.63984
EURAUD,2020-06-02,1.63982,1.64158,1.61558,1.61773
EURAUD,2020-06-03,1.61772,1.63162,1.60326,1.62183
EURAUD,2020-06-04,1.62185,1.63652,1.62132,1.63357
EURAUD,2020-06-05,1.63356,1.63562,1.61669,1.61986
EURAUD,2020-06-08,1.62053,1.62254,1.6071,1.60937
EURAUD,2020-06-09,1.6093,1.63303,1.60652,1.63291
EURAUD,2020-06-10,1.63287,1.63484,1.61578,1.63114
EURAUD,2020-06-11,1.63117,1.6559,1.62856,1.65282
EURAUD,2020-06-12,1.6528,1.65856,1.63794,1.63909
EURAUD,2020-06-15,1.64066,1.65725,1.62813,1.62832
EURAUD,2020-06-16,1.62827,1.64302,1.62464,1.63406
EURAUD,2020-06-17,1.63403,1.6425,1.6221,1.63471
EURAUD,2020-06-18,1.63468,1.64216,1.63085,1.63456
EURAUD,2020-06-19,1.63456,1.63715,1.62581,1.63487
EURAUD,2020-06-22,1.64194,1.64194,1.6262,1.62751
EURAUD,2020-06-23,1.6275,1.63815,1.62441,1.62918
EURAUD,2020-06-24,1.62917,1.6415,1.6264,1.64089
EURAUD,2020-06-25,1.64089,1.6415,1.62741,1.62841
EURAUD,2020-06-26,1.62839,1.63708,1.62774,1.63365
EURAUD,2020-06-29,1.63537,1.6445,1.63259,1.63649
EURAUD,2020-06-30,1.6365,1.64037,1.62631,1.62807
EURAUD,2020-07-01,1.62801,1.63003,1.62094,1.62783
EURAUD,2020-07-02,1.62784,1.63054,1.62166,1.62399
EURAUD,2020-07-03,1.62401,1.62488,1.61695,1.61871
EURAUD,2020-07-06,1.62182,1.62525,1.61765,1.62179
EURAUD,2020-07-07,1.62179,1.62803,1.61733,1.62397
EURAUD,2020-07-08,1.62397,1.62805,1.62178,1.62282
EURAUD,2020-07-09,1.62283,1.62717,1.6193,1.62176
EURAUD,2020-07-10,1.62176,1.6291,1.62125,1.62571
EURAUD,2020-07-13,1.62485,1.63554,1.62227,1.63543
EURAUD,2020-07-14,1.63543,1.64001,1.63127,1.6327
EURAUD,2020-07-15,1.63276,1.63432,1.62548,1.62896
EURAUD,2020-07-16,1.62895,1.63491,1.62773,1.63249
EURAUD,2020-07-17,1.63242,1.6387,1.62866,1.6334
EURAUD,2020-07-20,1.63201,1.64057,1.62953,1.63137
EURAUD,2020-07-21,1.63134,1.63242,1.61151,1.6159
EURAUD,2020-07-22,1.61587,1.62337,1.61019,1.62037
EURAUD,2020-07-23,1.62034,1.63476,1.61823,1.63332
EURAUD,2020-07-24,1.63333,1.64336,1.63012,1.64013
EURAUD,2020-07-27,1.64123,1.64975,1.63768,1.64385
EURAUD,2020-07-28,1.64384,1.64658,1.63583,1.63693
EURAUD,2020-07-29,1.63693,1.64405,1.63394,1.64257
EURAUD,2020-07-30,1.64262,1.65462,1.6393,1.64832
EURAUD,2020-07-31,1.64831,1.65284,1.64521,1.64845
EURAUD,2020-08-03,1.65134,1.65579,1.6469,1.65244
EURAUD,2020-08-04,1.65246,1.65389,1.64337,1.64607
EURAUD,2020-08-05,1.64607,1.65043,1.64068,1.64928
EURAUD,2020-08-06,1.64928,1.65199,1.63892,1.64205
EURAUD,2020-08-07,1.64201,1.64785,1.63844,1.64646
EURAUD,2020-08-10,1.64577,1.64754,1.63923,1.64011
EURAUD,2020-08-11,1.64009,1.64475,1.63522,1.64231
EURAUD,2020-08-12,1.64233,1.6517,1.64188,1.64606
EURAUD,2020-08-13,1.64605,1.65373,1.64333,1.6529
EURAUD,2020-08-14,1.65291,1.65499,1.64917,1.65096
EURAUD,2020-08-17,1.65164,1.65266,1.64365,1.64595
EURAUD,2020-08-18,1.64596,1.65294,1.6438,1.64659
EURAUD,2020-08-19,1.64657,1.64957,1.6414,1.64792
EURAUD,2020-08-20,1.6479,1.65503,1.6465,1.64761
EURAUD,2020-08-21,1.64761,1.65047,1.64126,1.64685
EURAUD,2020-08-24,1.64473,1.64918,1.64373,1.64494
EURAUD,2020-08-25,1.64492,1.65208,1.64241,1.64404
EURAUD,2020-08-26,1.64405,1.6443,1.63369,1.63422
EURAUD,2020-08-27,1.63425,1.63629,1.62559,1.62598
EURAUD,2020-08-28,1.62603,1.6297,1.61487,1.61571
EURAUD,2020-08-31,1.61668,1.62231,1.61502,1.61792
EURAUD,2020-09-01,1.6179,1.62461,1.61502,1.61611
EURAUD,2020-09-02,1.61609,1.62124,1.61402,1.61638
EURAUD,2020-09-03,1.61642,1.63256,1.61366,1.6323
EURAUD,2020-09-04,1.6323,1.63268,1.62286,1.6253
EURAUD,2020-09-07,1.62467,1.62729,1.62248,1.62328
EURAUD,2020-09-08,1.62327,1.63521,1.61762,1.63203
EURAUD,2020-09-09,1.63201,1.63271,1.62006,1.62233
EURAUD,2020-09-10,1.62232,1.63129,1.62211,1.62815
EURAUD,2020-09-11,1.62815,1.62967,1.62331,1.62577
EURAUD,2020-09-14,1.62531,1.63352,1.62346,1.62929
EURAUD,2020-09-15,1.62926,1.63262,1.61741,1.62312
EURAUD,2020-09-16,1.62313,1.62341,1.61234,1.61767
EURAUD,2020-09-17,1.61767,1.62345,1.61241,1.61982
EURAUD,2020-09-18,1.61984,1.62508,1.61698,1.62333
EURAUD,2020-09-21,1.62379,1.63122,1.61925,1.62715
EURAUD,2020-09-22,1.62714,1.6363,1.62555,1.63197
EURAUD,2020-09-23,1.63198,1.65049,1.63156,1.65003
EURAUD,2020-09-24,1.64997,1.65923,1.64895,1.65457
EURAUD,2020-09-25,1.65461,1.65782,1.64769,1.65394
EURAUD,2020-09-28,1.65316,1.65463,1.64544,1.646
EURAUD,2020-09-29,1.64597,1.64936,1.64013,1.6431
EURAUD,2020-09-30,1.64312,1.65134,1.63296,1.63611
EURAUD,2020-10-01,1.6361,1.63768,1.63153,1.63532
EURAUD,2020-10-02,1.63532,1.64225,1.63429,1.63527
EURAUD,2020-10-05,1.63369,1.64222,1.63074,1.63876
EURAUD,2020-10-06,1.63876,1.65357,1.63628,1.65085
EURAUD,2020-10-07,1.65086,1.65239,1.64576,1.64867
EURAUD,2020-10-08,1.64869,1.6509,1.63917,1.63987
EURAUD,2020-10-09,1.63987,1.64216,1.63266,1.63289
EURAUD,2020-10-12,1.63505,1.63972,1.63276,1.63863
EURAUD,2020-10-13,1.63863,1.64591,1.63699,1.63886
EURAUD,2020-10-14,1.63884,1.64711,1.63366,1.64456
EURAUD,2020-10-15,1.64454,1.65677,1.64374,1.65149
EURAUD,2020-10-16,1.65147,1.65835,1.6508,1.65458
EURAUD,2020-10-19,1.65473,1.66987,1.64846,1.66824
EURAUD,2020-10-20,1.66823,1.68267,1.66781,1.67777
EURAUD,2020-10-21,1.67773,1.67787,1.66388,1.66813
EURAUD,2020-10-22,1.66812,1.67122,1.65572,1.65764
EURAUD,2020-10-23,1.65764,1.66651,1.65528,1.66112
EURAUD,2020-10-26,1.66057,1.66598,1.65333,1.65924
EURAUD,2020-10-27,1.65924,1.66055,1.65359,1.65392
EURAUD,2020-10-28,1.65392,1.66853,1.646,1.66514
EURAUD,2020-10-29,1.66512,1.6686,1.65807,1.65937
EURAUD,2020-10-30,1.65937,1.66411,1.65285,1.65649
EURAUD,2020-11-02,1.65758,1.664,1.64745,1.6503
EURAUD,2020-11-03,1.6503,1.65747,1.63208,1.63422
EURAUD,2020-11-04,1.6342,1.6504,1.6286,1.63386
EURAUD,2020-11-05,1.63386,1.6392,1.62292,1.62703
EURAUD,2020-11-06,1.62705,1.6373,1.62422,1.63522
EURAUD,2020-11-09,1.63301,1.63499,1.62054,1.62421
EURAUD,2020-11-10,1.62434,1.62825,1.61877,1.62294
EURAUD,2020-11-11,1.62294,1.62428,1.61437,1.61708
EURAUD,2020-11-12,1.61708,1.6335,1.61577,1.6303
EURAUD,2020-11-13,1.63025,1.63433,1.62642,1.62744
EURAUD,2020-11-16,1.62807,1.62921,1.61583,1.6201
EURAUD,2020-11-17,1.62008,1.62805,1.6176,1.62587
EURAUD,2020-11-18,1.6259,1.63045,1.61879,1.62321
EURAUD,2020-11-19,1.6232,1.63337,1.6216,1.63247
EURAUD,2020-11-20,1.63247,1.6325,1.62046,1.62334
EURAUD,2020-11-23,1.6227,1.62686,1.61908,1.62331
EURAUD,2020-11-24,1.62331,1.62358,1.61214,1.61495
EURAUD,2020-11-25,1.61499,1.62448,1.61396,1.61815
EURAUD,2020-11-26,1.61815,1.62126,1.61544,1.61897
EURAUD,2020-11-27,1.61897,1.62008,1.61447,1.61817
EURAUD,2020-11-30,1.61913,1.62783,1.61628,1.62209
EURAUD,2020-12-01,1.62209,1.63865,1.62184,1.63534
EURAUD,2020-12-02,1.63538,1.64192,1.63191,1.63366
EURAUD,2020-12-03,1.63367,1.63711,1.62992,1.63311
EURAUD,2020-12-04,1.63311,1.64101,1.6304,1.63195
EURAUD,2020-12-07,1.63192,1.63995,1.62809,1.6329
EURAUD,2020-12-08,1.63288,1.63651,1.63033,1.63425
EURAUD,2020-12-09,1.6344,1.63454,1.61774,1.6247
EURAUD,2020-12-10,1.62472,1.62483,1.60899,1.61398
EURAUD,2020-12-11,1.61399,1.61404,1.604,1.60701
EURAUD,2020-12-14,1.60735,1.61285,1.60444,1.61219
EURAUD,2020-12-15,1.61217,1.61797,1.60653,1.60812
EURAUD,2020-12-16,1.60813,1.61448,1.60614,1.61109
EURAUD,2020-12-17,1.61114,1.61216,1.60057,1.6102
EURAUD,2020-12-18,1.6102,1.6145,1.60583,1.60714
EURAUD,2020-12-21,1.61085,1.6256,1.60764,1.61482
EURAUD,2020-12-22,1.61484,1.6231,1.61297,1.6133
EURAUD,2020-12-23,1.61339,1.61618,1.60623,1.60807
EURAUD,2020-12-24,1.60811,1.61017,1.60229,1.60337
EURAUD,2020-12-25,1.603,1.60786,1.60183,1.60348
EURAUD,2020-12-28,1.60251,1.61526,1.60168,1.61035
EURAUD,2020-12-29,1.61032,1.61335,1.60633,1.60986
EURAUD,2020-12-30,1.6099,1.61116,1.59832,1.59963
EURAUD,2020-12-31,1.59964,1.59968,1.58282,1.58732
EURAUD,2021-01-04,1.58774,1.60296,1.58617,1.59746
EURAUD,2021-01-05,1.59746,1.59881,1.58152,1.58424
EURAUD,2021-01-06,1.58424,1.58792,1.57693,1.57851
EURAUD,2021-01-07,1.57851,1.58643,1.57825,1.57919
EURAUD,2021-01-08,1.57918,1.58135,1.57237,1.57334
EURAUD,2021-01-11,1.57463,1.58314,1.57339,1.57771
EURAUD,2021-01-12,1.57772,1.57924,1.56932,1.57003
EURAUD,2021-01-13,1.57004,1.57464,1.5684,1.56987
EURAUD,2021-01-14,1.56986,1.57069,1.55924,1.56256
EURAUD,2021-01-15,1.5626,1.57331,1.56121,1.56702
EURAUD,2021-01-18,1.56736,1.57504,1.56621,1.5715
EURAUD,2021-01-19,1.57149,1.5769,1.56711,1.57368
EURAUD,2021-01-20,1.5737,1.57589,1.56014,1.56213
EURAUD,2021-01-21,1.56215,1.56839,1.55963,1.56773
EURAUD,2021-01-22,1.56773,1.5804,1.5669,1.57707
EURAUD,2021-01-25,1.57679,1.57846,1.57075,1.57384
EURAUD,2021-01-26,1.57388,1.57943,1.56859,1.5687
EURAUD,2021-01-27,1.5687,1.58283,1.56729,1.58232
EURAUD,2021-01-28,1.5823,1.59466,1.57613,1.58007
EURAUD,2021-01-29,1.58007,1.58918,1.57745,1.58742
EURAUD,2021-02-01,1.59107,1.59349,1.57873,1.58077
EURAUD,2021-02-02,1.58077,1.58963,1.57705,1.58244
EURAUD,2021-02-03,1.58243,1.58373,1.57646,1.5768
EURAUD,2021-02-04,1.57679,1.57823,1.57052,1.57432
EURAUD,2021-02-05,1.57432,1.57632,1.56815,1.56815
EURAUD,2021-02-08,1.56932,1.57167,1.56164,1.56343
EURAUD,2021-02-09,1.56344,1.5688,1.56221,1.56532
EURAUD,2021-02-10,1.56531,1.57042,1.56491,1.56892
EURAUD,2021-02-11,1.56895,1.57071,1.56245,1.56477
EURAUD,2021-02-12,1.56477,1.56826,1.56112,1.56117
EURAUD,2021-02-15,1.56095,1.5621,1.55731,1.55824
EURAUD,2021-02-16,1.55823,1.56356,1.5559,1.56262
EURAUD,2021-02-17,1.56261,1.56279,1.55246,1.55258
EURAUD,2021-02-18,1.55263,1.56048,1.55043,1.5565
EURAUD,2021-02-19,1.55649,1.55756,1.53912,1.53912
EURAUD,2021-02-22,1.53886,1.54102,1.53429,1.53686
EURAUD,2021-02-23,1.53687,1.54019,1.53421,1.53662
EURAUD,2021-02-24,1.53664,1.53749,1.52538,1.52564
EURAUD,2021-02-25,1.52564,1.54782,1.5252,1.54619
EURAUD,2021-02-26,1.54621,1.56911,1.54538,1.56606
EURAUD,2021-03-01,1.56472,1.56634,1.54666,1.54991
EURAUD,2021-03-02,1.54992,1.55357,1.54091,1.54446
EURAUD,2021-03-03,1.54444,1.55408,1.54217,1.55369
EURAUD,2021-03-04,1.55368,1.55378,1.5422,1.5512
EURAUD,2021-03-05,1.55131,1.56096,1.54768,1.54978
EURAUD,2021-03-08,1.54847,1.55397,1.5443,1.54792
EURAUD,2021-03-09,1.54792,1.55293,1.54066,1.54185
EURAUD,2021-03-10,1.54186,1.54775,1.539,1.54244
EURAUD,2021-03-11,1.54245,1.54304,1.53531,1.53877
EURAUD,2021-03-12,1.53876,1.54234,1.53669,1.53969
EURAUD,2021-03-15,1.54051,1.5457,1.53705,1.53918
EURAUD,2021-03-16,1.53918,1.54726,1.53445,1.53641
EURAUD,2021-03-17,1.53639,1.5463,1.53324,1.53329
EURAUD,2021-03-18,1.53329,1.53717,1.52699,1.53716
EURAUD,2021-03-19,1.53718,1.54104,1.53352,1.53708
EURAUD,2021-03-22,1.53967,1.54286,1.53723,1.54062
EURAUD,2021-03-23,1.54062,1.55754,1.54043,1.5564
EURAUD,2021-03-24,1.55642,1.56072,1.5509,1.55609
EURAUD,2021-03-25,1.55609,1.5577,1.55039,1.55086
EURAUD,2021-03-26,1.55086,1.5524,1.54258,1.54319
EURAUD,2021-03-29,1.54297,1.5463,1.53872,1.54062
EURAUD,2021-03-30,1.54062,1.54449,1.53572,1.5407
EURAUD,2021-03-31,1.54069,1.54482,1.538,1.54418
EURAUD,2021-04-01,1.54418,1.55528,1.54397,1.54618
EURAUD,2021-04-02,1.5462,1.54815,1.54193,1.54365
EURAUD,2021-04-05,1.54541,1.5462,1.54034,1.54314
EURAUD,2021-04-06,1.54313,1.55263,1.5427,1.54873
EURAUD,2021-04-07,1.54873,1.56107,1.54708,1.5593
EURAUD,2021-04-08,1.5593,1.56017,1.55278,1.55612
EURAUD,2021-04-09,1.55609,1.56623,1.5556,1.56132
EURAUD,2021-04-12,1.55969,1.56512,1.55884,1.56169
EURAUD,2021-04-13,1.56168,1.56743,1.56109,1.56308
EURAUD,2021-04-14,1.56313,1.56556,1.54862,1.55118
EURAUD,2021-04-15,1.55119,1.55342,1.54241,1.5441
EURAUD,2021-04-16,1.54411,1.54992,1.54385,1.54886
EURAUD,2021-04-19,1.5483,1.55283,1.54481,1.55083
EURAUD,2021-04-20,1.55084,1.55984,1.54411,1.55806
EURAUD,2021-04-21,1.55806,1.5608,1.55027,1.5523
EURAUD,2021-04-22,1.5523,1.56041,1.55046,1.5594
EURAUD,2021-04-23,1.5594,1.56203,1.55424,1.56203
EURAUD,2021-04-26,1.56166,1.56202,1.54591,1.54919
EURAUD,2021-04-27,1.54917,1.55702,1.54801,1.55631
EURAUD,2021-04-28,1.55632,1.56332,1.55408,1.55546
EURAUD,2021-04-29,1.55549,1.56251,1.55369,1.55891
EURAUD,2021-04-30,1.55889,1.56155,1.55561,1.55684
EURAUD,2021-05-03,1.55739,1.56092,1.55283,1.55425
EURAUD,2021-05-04,1.55425,1.56415,1.5527,1.55755
EURAUD,2021-05-05,1.55754,1.55789,1.54808,1.54904
EURAUD,2021-05-06,1.54905,1.55744,1.54786,1.54932
EURAUD,2021-05-07,1.54932,1.55523,1.54671,1.55038
EURAUD,2021-05-10,1.54739,1.55039,1.54192,1.54835
EURAUD,2021-05-11,1.54835,1.55435,1.54776,1.54938
EURAUD,2021-05-12,1.54939,1.56421,1.54887,1.56191
EURAUD,2021-05-13,1.56189,1.56886,1.5604,1.56349
EURAUD,2021-05-14,1.56349,1.56688,1.55928,1.55986
EURAUD,2021-05-17,1.56134,1.57026,1.56015,1.56373
EURAUD,2021-05-18,1.56371,1.56958,1.56043,1.56937
EURAUD,2021-05-19,1.56933,1.5794,1.56869,1.57639
EURAUD,2021-05-20,1.5764,1.57701,1.56964,1.57338
EURAUD,2021-05-21,1.57338,1.57974,1.5682,1.57475
EURAUD,2021-05-24,1.57474,1.58207,1.57298,1.57579
EURAUD,2021-05-25,1.57579,1.58132,1.57448,1.58016
EURAUD,2021-05-26,1.58016,1.58052,1.57228,1.57518
EURAUD,2021-05-27,1.5752,1.57746,1.57247,1.57472
EURAUD,2021-05-28,1.57473,1.58308,1.5726,1.58045
EURAUD,2021-05-31,1.5797,1.58227,1.57491,1.57964
EURAUD,2021-06-01,1.57967,1.58133,1.57415,1.57516
EURAUD,2021-06-02,1.57516,1.57993,1.57266,1.57652
EURAUD,2021-06-03,1.57652,1.58506,1.57492,1.58306
EURAUD,2021-06-04,1.58305,1.58426,1.57058,1.57088
EURAUD,2021-06-07,1.5704,1.5732,1.56663,1.57161
EURAUD,2021-06-08,1.57162,1.57551,1.57054,1.57323
EURAUD,2021-06-09,1.57321,1.57714,1.57119,1.57556
EURAUD,2021-06-10,1.57557,1.57657,1.56879,1.57113
EURAUD,2021-06-11,1.57112,1.57321,1.56586,1.57012
EURAUD,2021-06-14,1.57052,1.57268,1.56868,1.57176
EURAUD,2021-06-15,1.57176,1.57918,1.57052,1.57744
EURAUD,2021-06-16,1.57741,1.57887,1.57076,1.57512
EURAUD,2021-06-17,1.5751,1.57894,1.56891,1.57638
EURAUD,2021-06-18,1.57635,1.58608,1.57543,1.58534
EURAUD,2021-06-21,1.58319,1.58662,1.57814,1.58085
EURAUD,2021-06-22,1.58085,1.58715,1.57903,1.57994
EURAUD,2021-06-23,1.58002,1.58186,1.57359,1.57516
EURAUD,2021-06-24,1.57516,1.57679,1.57203,1.57314
EURAUD,2021-06-25,1.57313,1.57423,1.57075,1.57093
EURAUD,2021-06-28,1.57292,1.57708,1.57009,1.57605
EURAUD,2021-06-29,1.57603,1.58454,1.57561,1.58376
EURAUD,2021-06-30,1.58376,1.58601,1.57868,1.58124
EURAUD,2021-07-01,1.58128,1.58782,1.58001,1.58661
EURAUD,2021-07-02,1.58661,1.5876,1.57518,1.57518
EURAUD,2021-07-05,1.57654,1.57851,1.57166,1.57308
EURAUD,2021-07-06,1.57308,1.57864,1.56155,1.57731
EURAUD,2021-07-07,1.57731,1.57962,1.5703,1.5758
EURAUD,2021-07-08,1.5758,1.59782,1.57571,1.59369
EURAUD,2021-07-09,1.59366,1.59748,1.58434,1.58434
EURAUD,2021-07-12,1.58506,1.59123,1.58277,1.58634
EURAUD,2021-07-13,1.58633,1.58853,1.57946,1.58265
EURAUD,2021-07-14,1.58267,1.58459,1.57751,1.5817
EURAUD,2021-07-15,1.58173,1.5926,1.5815,1.59111
EURAUD,2021-07-16,1.59111,1.59687,1.58728,1.59504
EURAUD,2021-07-19,1.59462,1.61213,1.59166,1.60702
EURAUD,2021-07-20,1.60702,1.61132,1.60403,1.60529
EURAUD,2021-07-21,1.60529,1.61295,1.60109,1.60395
EURAUD,2021-07-22,1.60396,1.60537,1.59011,1.595
EURAUD,2021-07-23,1.59499,1.59972,1.59349,1.5975
EURAUD,2021-07-26,1.59685,1.60594,1.59606,1.59858
EURAUD,2021-07-27,1.59865,1.60859,1.59845,1.60466
EURAUD,2021-07-28,1.60466,1.60998,1.60247,1.60569
EURAUD,2021-07-29,1.60568,1.61021,1.60227,1.60762
EURAUD,2021-07-30,1.60766,1.61758,1.60599,1.61546
EURAUD,2021-08-02,1.61645,1.61835,1.60951,1.6131
EURAUD,2021-08-03,1.61311,1.61316,1.60327,1.60463
EURAUD,2021-08-04,1.60461,1.60588,1.59672,1.60338
EURAUD,2021-08-05,1.60336,1.60389,1.59635,1.59836
EURAUD,2021-08-06,1.59835,1.60169,1.59525,1.5982
EURAUD,2021-08-09,1.59895,1.60231,1.59677,1.60099
EURAUD,2021-08-10,1.60101,1.60367,1.59237,1.59578
EURAUD,2021-08-11,1.59577,1.59929,1.59001,1.59298
EURAUD,2021-08-12,1.59297,1.59994,1.5925,1.59856
EURAUD,2021-08-13,1.59855,1.60134,1.59776,1.59957
EURAUD,2021-08-16,1.60047,1.60856,1.59858,1.60471
EURAUD,2021-08-17,1.6047,1.6166,1.60462,1.61383
EURAUD,2021-08-18,1.61382,1.61905,1.61171,1.6184
EURAUD,2021-08-19,1.61839,1.63561,1.61597,1.63385
EURAUD,2021-08-20,1.63387,1.64358,1.63242,1.63803
EURAUD,2021-08-23,1.63761,1.64125,1.6271,1.62909
EURAUD,2021-08-24,1.62907,1.63015,1.6173,1.62128
EURAUD,2021-08-25,1.62128,1.62198,1.61664,1.61771
EURAUD,2021-08-26,1.61768,1.62429,1.61709,1.6237
EURAUD,2021-08-27,1.6237,1.62647,1.61216,1.6123
EURAUD,2021-08-30,1.61387,1.61899,1.61179,1.61806
EURAUD,2021-08-31,1.61807,1.61946,1.61126,1.61378
EURAUD,2021-09-01,1.61377,1.61479,1.60508,1.60736
EURAUD,2021-09-02,1.6074,1.60919,1.60065,1.60499
EURAUD,2021-09-03,1.605,1.60631,1.59229,1.5931
EURAUD,2021-09-06,1.59221,1.59795,1.59217,1.59656
EURAUD,2021-09-07,1.59655,1.60523,1.59086,1.60326
EURAUD,2021-09-08,1.60326,1.60852,1.60039,1.60546
EURAUD,2021-09-09,1.60547,1.6079,1.59766,1.60457
EURAUD,2021-09-10,1.60458,1.60697,1.59737,1.60534
EURAUD,2021-09-13,1.60378,1.60712,1.59932,1.60324
EURAUD,2021-09-14,1.60322,1.61397,1.60195,1.613
EURAUD,2021-09-15,1.61293,1.61662,1.60943,1.60986
EURAUD,2021-09-16,1.60984,1.617,1.60611,1.61341
EURAUD,2021-09-17,1.61339,1.61508,1.60891,1.61354
EURAUD,2021-09-20,1.61456,1.62138,1.61301,1.61524
EURAUD,2021-09-21,1.61524,1.6234,1.61112,1.62164
EURAUD,2021-09-22,1.62164,1.62264,1.61001,1.61589
EURAUD,2021-09-23,1.61589,1.61957,1.60589,1.6088
EURAUD,2021-09-24,1.60881,1.61757,1.6053,1.6134
EURAUD,2021-09-27,1.61541,1.6156,1.60374,1.60636
EURAUD,2021-09-28,1.60637,1.61623,1.60016,1.61313
EURAUD,2021-09-29,1.61314,1.61825,1.60667,1.61602
EURAUD,2021-09-30,1.616,1.61629,1.59786,1.60101
EURAUD,2021-10-01,1.60107,1.61031,1.59394,1.59558
EURAUD,2021-10-04,1.59691,1.60089,1.59251,1.59347
EURAUD,2021-10-05,1.5935,1.5993,1.58902,1.59096
EURAUD,2021-10-06,1.59096,1.59938,1.58632,1.58662
EURAUD,2021-10-07,1.58661,1.58866,1.5785,1.57974
EURAUD,2021-10-08,1.57977,1.58503,1.57795,1.5829
EURAUD,2021-10-11,1.58233,1.58576,1.56919,1.57215
EURAUD,2021-10-12,1.57216,1.57556,1.56447,1.57223
EURAUD,2021-10-13,1.57221,1.5754,1.5687,1.57067
EURAUD,2021-10-14,1.57065,1.57213,1.56109,1.56328
EURAUD,2021-10-15,1.56329,1.56598,1.56092,1.56238
EURAUD,2021-10-18,1.5626,1.57181,1.5601,1.56602
EURAUD,2021-10-19,1.56604,1.56638,1.55448,1.55593
EURAUD,2021-10-20,1.55599,1.558,1.5486,1.55044
EURAUD,2021-10-21,1.55048,1.55872,1.54582,1.5575
EURAUD,2021-10-22,1.5575,1.55994,1.54957,1.55822
EURAUD,2021-10-25,1.55811,1.55942,1.54843,1.54943
EURAUD,2021-10-26,1.54945,1.54948,1.54302,1.54349
EURAUD,2021-10-27,1.5435,1.54843,1.53969,1.54636
EURAUD,2021-10-28,1.54636,1.55194,1.5395,1.55109
EURAUD,2021-10-29,1.55111,1.55253,1.53572,1.53634
EURAUD,2021-11-01,1.53875,1.544,1.53558,1.54234
EURAUD,2021-11-02,1.54233,1.56019,1.53973,1.55708
EURAUD,2021-11-03,1.55709,1.56212,1.55448,1.55506
EURAUD,2021-11-04,1.55504,1.56239,1.55338,1.55966
EURAUD,2021-11-05,1.55971,1.56666,1.55776,1.5619
EURAUD,2021-11-08,1.56251,1.56476,1.55863,1.56274
EURAUD,2021-11-09,1.56275,1.57296,1.55964,1.57178
EURAUD,2021-11-10,1.57178,1.5745,1.56381,1.56604
EURAUD,2021-11-11,1.56602,1.57351,1.56468,1.57004
EURAUD,2021-11-12,1.57004,1.57182,1.55999,1.56019
EURAUD,2021-11-15,1.56218,1.56245,1.5463,1.5474
EURAUD,2021-11-16,1.54741,1.55174,1.54475,1.55008
EURAUD,2021-11-17,1.55008,1.5585,1.54855,1.55707
EURAUD,2021-11-18,1.55702,1.56481,1.55273,1.56214
EURAUD,2021-11-19,1.56216,1.56285,1.55601,1.55859
EURAUD,2021-11-22,1.55976,1.56109,1.54912,1.5553
EURAUD,2021-11-23,1.5553,1.56273,1.5533,1.55692
EURAUD,2021-11-24,1.55693,1.56107,1.55213,1.55545
EURAUD,2021-11-25,1.55543,1.56306,1.55492,1.56258
EURAUD,2021-11-26,1.56256,1.59111,1.56176,1.5889
EURAUD,2021-11-29,1.58269,1.58917,1.57517,1.58026
EURAUD,2021-11-30,1.58026,1.59701,1.57875,1.59007
EURAUD,2021-12-01,1.59008,1.59448,1.5799,1.59246
EURAUD,2021-12-02,1.59245,1.60055,1.59094,1.59508
EURAUD,2021-12-03,1.59508,1.617,1.5949,1.61538
EURAUD,2021-12-06,1.6136,1.61504,1.59895,1.60065
EURAUD,2021-12-07,1.60064,1.60265,1.57896,1.58256
EURAUD,2021-12-08,1.58255,1.58623,1.57923,1.58232
EURAUD,2021-12-09,1.58234,1.58531,1.57682,1.58022
EURAUD,2021-12-10,1.58023,1.58263,1.57179,1.57714
EURAUD,2021-12-13,1.57778,1.587,1.5736,1.58218
EURAUD,2021-12-14,1.58217,1.59069,1.58007,1.58459
EURAUD,2021-12-15,1.58455,1.58565,1.57323,1.57531
EURAUD,2021-12-16,1.57534,1.5805,1.56566,1.5794
EURAUD,2021-12-17,1.57938,1.58386,1.57524,1.57685
EURAUD,2021-12-20,1.57534,1.58998,1.57509,1.58611
EURAUD,2021-12-21,1.58611,1.58827,1.57563,1.57903
EURAUD,2021-12-22,1.57903,1.58297,1.56846,1.57042
EURAUD,2021-12-23,1.57042,1.57568,1.56114,1.56558
EURAUD,2021-12-24,1.56562,1.56759,1.5615,1.56429
EURAUD,2021-12-27,1.56392,1.56951,1.56272,1.56566
EURAUD,2021-12-28,1.56566,1.56604,1.55928,1.56413
EURAUD,2021-12-29,1.56416,1.56701,1.55932,1.56495
EURAUD,2021-12-30,1.56496,1.56501,1.55663,1.56173
EURAUD,2021-12-31,1.56169,1.56746,1.55604,1.56321
EURCAD,2019-01-01,1.56178,1.5634,1.56117,1.56159
EURCAD,2019-01-02,1.56159,1.5634,1.53824,1.54183
EURCAD,2019-01-03,1.54183,1.55064,1.53431,1.53524
EURCAD,2019-01-04,1.53526,1.53894,1.52361,1.52364
EURCAD,2019-01-07,1.52422,1.53215,1.52312,1.52627
EURCAD,2019-01-08,1.52627,1.52631,1.51716,1.51742
EURCAD,2019-01-09,1.51743,1.52692,1.51495,1.52653
EURCAD,2019-01-10,1.52653,1.53041,1.52034,1.52346
EURCAD,2019-01-11,1.52343,1.52647,1.51834,1.52085
EURCAD,2019-01-14,1.51913,1.5252,1.51908,1.52322
EURCAD,2019-01-15,1.52318,1.52428,1.51078,1.51355
EURCAD,2019-01-16,1.51355,1.51445,1.50848,1.51126
EURCAD,2019-01-17,1.51126,1.51813,1.50935,1.51301
EURCAD,2019-01-18,1.51298,1.51426,1.50426,1.50701
EURCAD,2019-01-21,1.50667,1.51271,1.50651,1.51172
EURCAD,2019-01-22,1.51172,1.51816,1.51151,1.51764
EURCAD,2019-01-23,1.51766,1.52245,1.51154,1.51893
EURCAD,2019-01-24,1.51895,1.52036,1.50766,1.51018
EURCAD,2019-01-25,1.51019,1.51297,1.50672,1.50697
EURCAD,2019-01-28,1.50705,1.51849,1.50636,1.51567
EURCAD,2019-01-29,1.51568,1.51891,1.51291,1.51752
EURCAD,2019-01-30,1.51754,1.51845,1.50554,1.50939
EURCAD,2019-01-31,1.50941,1.51189,1.50181,1.50267
EURCAD,2019-02-01,1.50271,1.50819,1.49795,1.50021
EURCAD,2019-02-04,1.49896,1.50294,1.49733,1.49976
EURCAD,2019-02-05,1.49975,1.50068,1.49579,1.49753
EURCAD,2019-02-06,1.49754,1.50387,1.49697,1.5019
EURCAD,2019-02-07,1.50191,1.51214,1.50001,1.50916
EURCAD,2019-02-08,1.50917,1.51117,1.50149,1.50313
EURCAD,2019-02-11,1.50169,1.50535,1.49787,1.50036
EURCAD,2019-02-12,1.50037,1.50165,1.49538,1.4994
EURCAD,2019-02-13,1.4994,1.49943,1.49194,1.49345
EURCAD,2019-02-14,1.49345,1.50609,1.4914,1.50182
EURCAD,2019-02-15,1.50182,1.50248,1.49268,1.49539
EURCAD,2019-02-18,1.49603,1.50036,1.49461,1.49702
EURCAD,2019-02-19,1.49704,1.50373,1.49485,1.49796
EURCAD,2019-02-20,1.49795,1.49941,1.49296,1.49433
EURCAD,2019-02-21,1.49433,1.50052,1.49126,1.49971
EURCAD,2019-02-22,1.49971,1.50103,1.48801,1.48814
EURCAD,2019-02-25,1.48862,1.49965,1.48779,1.49839
EURCAD,2019-02-26,1.49836,1.50475,1.49756,1.49974
EURCAD,2019-02-27,1.49974,1.50074,1.4939,1.49577
EURCAD,2019-02-28,1.49576,1.50495,1.49487,1.49714
EURCAD,2019-03-01,1.49714,1.51202,1.49198,1.51111
EURCAD,2019-03-04,1.51103,1.51152,1.50586,1.50907
EURCAD,2019-03-05,1.50906,1.51252,1.50702,1.50993
EURCAD,2019-03-06,1.50993,1.52223,1.5094,1.52078
EURCAD,2019-03-07,1.52079,1.52115,1.50385,1.50544
EURCAD,2019-03-08,1.50543,1.51037,1.50281,1.50725
EURCAD,2019-03-11,1.50671,1.51131,1.50564,1.50809
EURCAD,2019-03-12,1.50808,1.51225,1.50674,1.50773
EURCAD,2019-03-13,1.50772,1.51018,1.50487,1.50693
EURCAD,2019-03-14,1.50693,1.50897,1.50457,1.50656
EURCAD,2019-03-15,1.50656,1.51468,1.5045,1.51013
EURCAD,2019-03-18,1.50918,1.51452,1.50852,1.51207
EURCAD,2019-03-19,1.51206,1.51354,1.50402,1.51286
EURCAD,2019-03-20,1.51284,1.52001,1.51118,1.5186
EURCAD,2019-03-21,1.51861,1.52103,1.51584,1.52066
EURCAD,2019-03-22,1.52065,1.5214,1.51049,1.51727
EURCAD,2019-03-25,1.51533,1.52128,1.51489,1.51555
EURCAD,2019-03-26,1.51554,1.51665,1.50698,1.50846
EURCAD,2019-03-27,1.50846,1.51354,1.50615,1.5091
EURCAD,2019-03-28,1.50904,1.51134,1.50483,1.50811
EURCAD,2019-03-29,1.50813,1.5095,1.49729,1.49734
EURCAD,2019-04-01,1.49833,1.50249,1.49036,1.49172
EURCAD,2019-04-02,1.49173,1.49757,1.49067,1.4948
EURCAD,2019-04-03,1.4948,1.50047,1.49232,1.50043
EURCAD,2019-04-04,1.50042,1.5016,1.49691,1.4998
EURCAD,2019-04-05,1.49982,1.50604,1.49863,1.50052
EURCAD,2019-04-08,1.50066,1.50522,1.49825,1.4985
EURCAD,2019-04-09,1.4985,1.50324,1.49705,1.50155
EURCAD,2019-04-10,1.50156,1.5045,1.49901,1.50167
EURCAD,2019-04-11,1.50168,1.5086,1.50156,1.50626
EURCAD,2019-04-12,1.50626,1.51,1.5045,1.50565
EURCAD,2019-04-15,1.50693,1.5143,1.50385,1.5112
EURCAD,2019-04-16,1.51125,1.51537,1.50559,1.50728
EURCAD,2019-04-17,1.5073,1.50926,1.50021,1.508
EURCAD,2019-04-18,1.50799,1.50959,1.50097,1.50255
EURCAD,2019-04-19,1.50254,1.50598,1.50159,1.50495
EURCAD,2019-04-22,1.50414,1.5054,1.50119,1.50247
EURCAD,2019-04-23,1.50248,1.50808,1.50141,1.50715
EURCAD,2019-04-24,1.50719,1.51325,1.50228,1.50479
EURCAD,2019-04-25,1.5048,1.50593,1.50047,1.5009
EURCAD,2019-04-26,1.50089,1.50399,1.49856,1.49908
EURCAD,2019-04-29,1.49922,1.50526,1.49916,1.50478
EURCAD,2019-04-30,1.50475,1.51101,1.50111,1.50166
EURCAD,2019-05-01,1.50164,1.51006,1.50045,1.50538
EURCAD,2019-05-02,1.50538,1.50803,1.50299,1.50496
EURCAD,2019-05-03,1.50494,1.50517,1.49866,1.50287
EURCAD,2019-05-06,1.50329,1.51005,1.5026,1.50634
EURCAD,2019-05-07,1.50634,1.50859,1.50321,1.50735
EURCAD,2019-05-08,1.50737,1.51029,1.50601,1.50864
EURCAD,2019-05-09,1.50864,1.51807,1.50711,1.51064
EURCAD,2019-05-10,1.51064,1.51406,1.50441,1.50705
EURCAD,2019-05-13,1.50725,1.51473,1.50695,1.51387
EURCAD,2019-05-14,1.51386,1.51412,1.50791,1.50794
EURCAD,2019-05-15,1.50795,1.51146,1.50449,1.5064
EURCAD,2019-05-16,1.5064,1.50697,1.49947,1.50421
EURCAD,2019-05-17,1.50423,1.50991,1.49977,1.50202
EURCAD,2019-05-20,1.49989,1.50227,1.49725,1.49938
EURCAD,2019-05-21,1.49939,1.50015,1.49439,1.49637
EURCAD,2019-05-22,1.49639,1.4991,1.49242,1.49895
EURCAD,2019-05-23,1.49896,1.50811,1.49776,1.50692
EURCAD,2019-05-24,1.50689,1.50946,1.5039,1.50583
EURCAD,2019-05-27,1.50604,1.50742,1.50371,1.50396
EURCAD,2019-05-28,1.50397,1.50809,1.50212,1.50648
EURCAD,2019-05-29,1.50647,1.50876,1.50332,1.50484
EURCAD,2019-05-30,1.50485,1.50609,1.49943,1.50601
EURCAD,2019-05-31,1.50601,1.51231,1.50558,1.50917
EURCAD,2019-06-03,1.50865,1.5142,1.50734,1.51151
EURCAD,2019-06-04,1.51151,1.51394,1.50645,1.50706
EURCAD,2019-06-05,1.50705,1.51255,1.50493,1.50699
EURCAD,2019-06-06,1.507,1.51463,1.50285,1.50597
EURCAD,2019-06-07,1.50597,1.50693,1.50273,1.50309
EURCAD,2019-06-10,1.49896,1.50271,1.49827,1.50128
EURCAD,2019-06-11,1.5013,1.50635,1.49839,1.50453
EURCAD,2019-06-12,1.50452,1.50821,1.5022,1.50568
EURCAD,2019-06-13,1.50568,1.50651,1.5009,1.50321
EURCAD,2019-06-14,1.50317,1.50568,1.49827,1.50285
EURCAD,2019-06-17,1.50288,1.50768,1.5026,1.50517
EURCAD,2019-06-18,1.50513,1.50838,1.49688,1.49743
EURCAD,2019-06-19,1.49742,1.49994,1.49055,1.49088
EURCAD,2019-06-20,1.49088,1.49307,1.48619,1.48897
EURCAD,2019-06-21,1.48898,1.50342,1.48787,1.50289
EURCAD,2019-06-24,1.50221,1.50531,1.50036,1.50281
EURCAD,2019-06-25,1.5028,1.50493,1.49567,1.49792
EURCAD,2019-06-26,1.49791,1.49822,1.49068,1.49235
EURCAD,2019-06-27,1.49237,1.49433,1.48816,1.48893
EURCAD,2019-06-28,1.48894,1.49195,1.48628,1.48818
EURCAD,2019-07-01,1.48548,1.4879,1.48123,1.48239
EURCAD,2019-07-02,1.48237,1.48532,1.47867,1.47897
EURCAD,2019-07-03,1.47896,1.48031,1.47233,1.47365
EURCAD,2019-07-04,1.47366,1.47616,1.4706,1.47253
EURCAD,2019-07-05,1.47253,1.47494,1.46697,1.46811
EURCAD,2019-07-08,1.46676,1.46951,1.46363,1.46948
EURCAD,2019-07-09,1.46948,1.47293,1.46865,1.47074
EURCAD,2019-07-10,1.47074,1.47735,1.46967,1.4717
EURCAD,2019-07-11,1.47173,1.47336,1.46939,1.47014
EURCAD,2019-07-12,1.47013,1.47049,1.4652,1.46799
EURCAD,2019-07-15,1.46786,1.46986,1.46687,1.46917
EURCAD,2019-07-16,1.46917,1.47013,1.46047,1.46712
EURCAD,2019-07-17,1.46713,1.46774,1.46346,1.46554
EURCAD,2019-07-18,1.46553,1.47078,1.46305,1.46783
EURCAD,2019-07-19,1.4678,1.47105,1.46403,1.46485
EURCAD,2019-07-22,1.46454,1.47152,1.46278,1.47099
EURCAD,2019-07-23,1.47102,1.47142,1.4638,1.46518
EURCAD,2019-07-24,1.46517,1.46538,1.46163,1.46423
EURCAD,2019-07-25,1.46423,1.47067,1.4574,1.46671
EURCAD,2019-07-26,1.4667,1.46931,1.4647,1.46504
EURCAD,2019-07-29,1.46408,1.46739,1.46244,1.4668
EURCAD,2019-07-30,1.46679,1.47009,1.46567,1.46687
EURCAD,2019-07-31,1.46687,1.46696,1.45933,1.46083
EURCAD,2019-08-01,1.46082,1.46763,1.45804,1.46382
EURCAD,2019-08-02,1.46382,1.47134,1.46344,1.46611
EURCAD,2019-08-05,1.4671,1.48572,1.46601,1.48546
EURCAD,2019-08-06,1.48546,1.48875,1.47603,1.48811
EURCAD,2019-08-07,1.48811,1.49946,1.48567,1.49156
EURCAD,2019-08-08,1.49155,1.49228,1.47827,1.47979
EURCAD,2019-08-09,1.4798,1.4869,1.47835,1.4804
EURCAD,2019-08-12,1.47795,1.48671,1.47721,1.48459
EURCAD,2019-08-13,1.48458,1.49137,1.47397,1.47682
EURCAD,2019-08-14,1.47683,1.48869,1.4762,1.48312
EURCAD,2019-08-15,1.48311,1.48716,1.47776,1.47955
EURCAD,2019-08-16,1.47955,1.47997,1.47048,1.47048
EURCAD,2019-08-19,1.47098,1.47792,1.47067,1.47711
EURCAD,2019-08-20,1.47711,1.47948,1.47476,1.47785
EURCAD,2019-08-21,1.47785,1.47803,1.47112,1.47362
EURCAD,2019-08-22,1.47361,1.47657,1.47077,1.47358
EURCAD,2019-08-23,1.47357,1.485,1.47191,1.47976
EURCAD,2019-08-26,1.482,1.48587,1.47022,1.47115
EURCAD,2019-08-27,1.47115,1.47486,1.46841,1.47318
EURCAD,2019-08-28,1.47319,1.47658,1.472,1.47501
EURCAD,2019-08-29,1.475,1.47601,1.46871,1.46898
EURCAD,2019-08-30,1.46897,1.46987,1.45927,1.46307
EURCAD,2019-09-02,1.46343,1.46559,1.45991,1.46191
EURCAD,2019-09-03,1.46192,1.46538,1.45791,1.46359
EURCAD,2019-09-04,1.46356,1.46916,1.4582,1.45929
EURCAD,2019-09-05,1.45929,1.46382,1.45533,1.45976
EURCAD,2019-09-06,1.45975,1.46114,1.45127,1.45188
EURCAD,2019-09-09,1.45286,1.45567,1.45027,1.45476
EURCAD,2019-09-10,1.45474,1.45681,1.44985,1.45264
EURCAD,2019-09-11,1.45263,1.45357,1.44563,1.45199
EURCAD,2019-09-12,1.45198,1.46331,1.44336,1.46064
EURCAD,2019-09-13,1.46064,1.47151,1.46059,1.47112
EURCAD,2019-09-16,1.46396,1.46924,1.45553,1.45691
EURCAD,2019-09-17,1.4569,1.46808,1.45668,1.46626
EURCAD,2019-09-18,1.46627,1.46999,1.46292,1.46661
EURCAD,2019-09-19,1.46659,1.47086,1.46226,1.46434
EURCAD,2019-09-20,1.46432,1.46829,1.45881,1.46135
EURCAD,2019-09-23,1.45993,1.46349,1.45642,1.45789
EURCAD,2019-09-24,1.45786,1.46032,1.45635,1.4582
EURCAD,2019-09-25,1.45819,1.45925,1.45011,1.45193
EURCAD,2019-09-26,1.45193,1.45332,1.4472,1.44915
EURCAD,2019-09-27,1.44917,1.4522,1.44704,1.44888
EURCAD,2019-09-30,1.44821,1.449,1.44204,1.44327
EURCAD,2019-10-01,1.44325,1.44903,1.44154,1.44517
EURCAD,2019-10-02,1.44516,1.4613,1.44345,1.46077
EURCAD,2019-10-03,1.46072,1.46748,1.45723,1.46362
EURCAD,2019-10-04,1.46362,1.46435,1.45774,1.46059
EURCAD,2019-10-07,1.46288,1.46374,1.45937,1.45959
EURCAD,2019-10-08,1.45959,1.46467,1.45781,1.45993
EURCAD,2019-10-09,1.45992,1.46605,1.45861,1.46469
EURCAD,2019-10-10,1.46468,1.46891,1.46084,1.46299
EURCAD,2019-10-11,1.46299,1.46838,1.4547,1.45659
EURCAD,2019-10-14,1.4564,1.45977,1.45502,1.45827
EURCAD,2019-10-15,1.45828,1.46107,1.45318,1.45704
EURCAD,2019-10-16,1.45704,1.46223,1.45557,1.46209
EURCAD,2019-10-17,1.4621,1.466,1.45946,1.46125
EURCAD,2019-10-18,1.46125,1.46635,1.46045,1.46631
EURCAD,2019-10-21,1.46581,1.4663,1.45818,1.45937
EURCAD,2019-10-22,1.45937,1.46062,1.4557,1.4572
EURCAD,2019-10-23,1.4572,1.45775,1.45404,1.45549
EURCAD,2019-10-24,1.45549,1.45889,1.45073,1.45129
EURCAD,2019-10-25,1.4513,1.45291,1.44648,1.44653
EURCAD,2019-10-28,1.44727,1.45052,1.44644,1.44891
EURCAD,2019-10-29,1.44891,1.45555,1.4455,1.45459
EURCAD,2019-10-30,1.45457,1.46845,1.45277,1.4682
EURCAD,2019-10-31,1.46817,1.47199,1.46422,1.46903
EURCAD,2019-11-01,1.46903,1.4707,1.46639,1.46684
EURCAD,2019-11-04,1.46718,1.46928,1.4629,1.46354
EURCAD,2019-11-05,1.46354,1.4645,1.45436,1.45661
EURCAD,2019-11-06,1.45662,1.46133,1.45616,1.4596
EURCAD,2019-11-07,1.4596,1.46008,1.45434,1.45605
EURCAD,2019-11-08,1.45606,1.45996,1.45441,1.45736
EURCAD,2019-11-11,1.45723,1.46123,1.45663,1.46027
EURCAD,2019-11-12,1.46028,1.46246,1.45494,1.45754
EURCAD,2019-11-13,1.45752,1.4618,1.45603,1.45895
EURCAD,2019-11-14,1.45895,1.46206,1.45727,1.46004
EURCAD,2019-11-15,1.46003,1.46356,1.45753,1.46114
EURCAD,2019-11-18,1.46108,1.46541,1.46095,1.46225
EURCAD,2019-11-19,1.46222,1.47072,1.46112,1.47023
EURCAD,2019-11-20,1.47022,1.47516,1.46857,1.47371
EURCAD,2019-11-21,1.47371,1.47713,1.46803,1.46952
EURCAD,2019-11-22,1.4695,1.47102,1.46451,1.46509
EURCAD,2019-11-25,1.46487,1.46643,1.46382,1.46473
EURCAD,2019-11-26,1.46471,1.4673,1.46232,1.46263
EURCAD,2019-11-27,1.46263,1.46303,1.45873,1.46197
EURCAD,2019-11-28,1.46196,1.46469,1.4614,1.46229
EURCAD,2019-11-29,1.46231,1.46489,1.45998,1.46179
EURCAD,2019-12-02,1.46301,1.47453,1.46247,1.47373
EURCAD,2019-12-03,1.47375,1.47586,1.47197,1.4729
EURCAD,2019-12-04,1.47289,1.47413,1.46081,1.46206
EURCAD,2019-12-05,1.46205,1.46384,1.45976,1.46306
EURCAD,2019-12-06,1.46307,1.46878,1.46097,1.46485
EURCAD,2019-12-09,1.46507,1.46862,1.46289,1.46461
EURCAD,2019-12-10,1.46461,1.46846,1.46383,1.46794
EURCAD,2019-12-11,1.46793,1.46848,1.46217,1.46647
EURCAD,2019-12-12,1.46647,1.4745,1.46353,1.47101
EURCAD,2019-12-13,1.47101,1.47219,1.46325,1.46395
EURCAD,2019-12-16,1.46601,1.46751,1.46164,1.46596
EURCAD,2019-12-17,1.46592,1.47123,1.46575,1.4676
EURCAD,2019-12-18,1.46759,1.46761,1.45671,1.45764
EURCAD,2019-12-19,1.45763,1.46178,1.45721,1.4597
EURCAD,2019-12-20,1.4597,1.46154,1.45592,1.45595
EURCAD,2019-12-23,1.45673,1.46115,1.45549,1.45807
EURCAD,2019-12-24,1.45807,1.45956,1.45695,1.45848
EURCAD,2019-12-25,1.45846,1.45986,1.45619,1.45932
EURCAD,2019-12-26,1.45927,1.45939,1.45415,1.45533
EURCAD,2019-12-27,1.45532,1.46239,1.45514,1.46183
EURCAD,2019-12-30,1.46018,1.46516,1.45952,1.46297
EURCAD,2019-12-31,1.46295,1.46363,1.45442,1.45571
EURCAD,2020-01-01,1.45551,1.45621,1.4549,1.45563
EURCAD,2020-01-02,1.45563,1.4568,1.44956,1.45036
EURCAD,2020-01-03,1.45036,1.45213,1.44496,1.45016
EURCAD,2020-01-06,1.45014,1.45377,1.44782,1.45133
EURCAD,2020-01-07,1.45128,1.45264,1.44874,1.45007
EURCAD,2020-01-08,1.45005,1.45192,1.44621,1.44865
EURCAD,2020-01-09,1.44865,1.45457,1.44785,1.45116
EURCAD,2020-01-10,1.45113,1.45276,1.44596,1.45092
EURCAD,2020-01-13,1.45049,1.45474,1.44962,1.45372
EURCAD,2020-01-14,1.45371,1.45658,1.45164,1.45404
EURCAD,2020-01-15,1.45404,1.45812,1.45285,1.45425
EURCAD,2020-01-16,1.45425,1.45647,1.45124,1.45234
EURCAD,2020-01-17,1.45234,1.4537,1.44773,1.44903
EURCAD,2020-01-20,1.44842,1.45016,1.4457,1.44751
EURCAD,2020-01-21,1.4475,1.45235,1.44718,1.4492
EURCAD,2020-01-22,1.4492,1.45832,1.44553,1.45818
EURCAD,2020-01-23,1.45816,1.46139,1.45075,1.45128
EURCAD,2020-01-24,1.45126,1.45176,1.44768,1.44834
EURCAD,2020-01-27,1.45095,1.45517,1.44955,1.45325
EURCAD,2020-01-28,1.45325,1.45518,1.44912,1.45091
EURCAD,2020-01-29,1.45088,1.45408,1.44796,1.45358
EURCAD,2020-01-30,1.45358,1.45957,1.45341,1.45707
EURCAD,2020-01-31,1.45706,1.46847,1.45541,1.46839
EURCAD,2020-02-03,1.46861,1.47195,1.46094,1.47075
EURCAD,2020-02-04,1.47075,1.47125,1.46367,1.46701
EURCAD,2020-02-05,1.46701,1.46862,1.46052,1.46147
EURCAD,2020-02-06,1.46146,1.46259,1.45766,1.45897
EURCAD,2020-02-07,1.45897,1.46135,1.45533,1.45605
EURCAD,2020-02-10,1.45569,1.45838,1.45264,1.45294
EURCAD,2020-02-11,1.45296,1.4531,1.44915,1.45115
EURCAD,2020-02-12,1.45111,1.45132,1.43982,1.44165
EURCAD,2020-02-13,1.44164,1.44356,1.43542,1.43816
EURCAD,2020-02-14,1.43817,1.43941,1.43491,1.43511
EURCAD,2020-02-17,1.43613,1.43652,1.4326,1.43445
EURCAD,2020-02-18,1.43445,1.43705,1.42999,1.43071
EURCAD,2020-02-19,1.4307,1.43181,1.42632,1.42921
EURCAD,2020-02-20,1.42919,1.43401,1.42669,1.43052
EURCAD,2020-02-21,1.43052,1.43759,1.4292,1.43369
EURCAD,2020-02-24,1.43289,1.44356,1.43274,1.44144
EURCAD,2020-02-25,1.4415,1.44744,1.43807,1.4448
EURCAD,2020-02-26,1.44478,1.45279,1.4407,1.45263
EURCAD,2020-02-27,1.45259,1.47373,1.45231,1.47214
EURCAD,2020-02-28,1.47214,1.48687,1.47179,1.4773
EURCAD,2020-03-02,1.48377,1.4924,1.47266,1.48488
EURCAD,2020-03-03,1.48489,1.49776,1.48124,1.49505
EURCAD,2020-03-04,1.49507,1.49541,1.47929,1.4909
EURCAD,2020-03-05,1.4909,1.50743,1.49032,1.50288
EURCAD,2020-03-06,1.50288,1.52457,1.50153,1.51407
EURCAD,2020-03-09,1.5371,1.58149,1.53538,1.55719
EURCAD,2020-03-10,1.55719,1.57018,1.54376,1.55354
EURCAD,2020-03-11,1.55354,1.56058,1.54446,1.55093
EURCAD,2020-03-12,1.55093,1.56566,1.52879,1.55926
EURCAD,2020-03-13,1.55927,1.56332,1.53124,1.5323
EURCAD,2020-03-16,1.53786,1.56733,1.53246,1.56414
EURCAD,2020-03-17,1.56417,1.56922,1.54467,1.56879
EURCAD,2020-03-18,1.5688,1.58873,1.56104,1.58467
EURCAD,2020-03-19,1.58466,1.59911,1.5419,1.54477
EURCAD,2020-03-20,1.54477,1.54867,1.52153,1.53649
EURCAD,2020-03-23,1.53637,1.5686,1.53482,1.55843
EURCAD,2020-03-24,1.55837,1.57921,1.55462,1.5592
EURCAD,2020-03-25,1.5592,1.56083,1.54131,1.54848
EURCAD,2020-03-26,1.54849,1.5585,1.54078,1.55115
EURCAD,2020-03-27,1.55115,1.56032,1.54419,1.55679
EURCAD,2020-03-30,1.5579,1.56615,1.55318,1.56382
EURCAD,2020-03-31,1.56382,1.57112,1.54428,1.55209
EURCAD,2020-04-01,1.55207,1.56171,1.54417,1.54975
EURCAD,2020-04-02,1.54975,1.5535,1.53132,1.53242
EURCAD,2020-04-03,1.53245,1.53731,1.52147,1.53351
EURCAD,2020-04-06,1.53764,1.54201,1.52135,1.52388
EURCAD,2020-04-07,1.52388,1.52964,1.51991,1.52661
EURCAD,2020-04-08,1.52662,1.52956,1.52024,1.52055
EURCAD,2020-04-09,1.52052,1.53357,1.52043,1.52781
EURCAD,2020-04-10,1.52773,1.53063,1.52451,1.52546
EURCAD,2020-04-13,1.52451,1.53061,1.51208,1.51488
EURCAD,2020-04-14,1.51489,1.52888,1.51487,1.52451
EURCAD,2020-04-15,1.52448,1.54121,1.52427,1.53932
EURCAD,2020-04-16,1.53932,1.53936,1.52154,1.52429
EURCAD,2020-04-17,1.52427,1.5299,1.52175,1.52189
EURCAD,2020-04-20,1.52278,1.53756,1.52265,1.53501
EURCAD,2020-04-21,1.535,1.54552,1.53236,1.5406
EURCAD,2020-04-22,1.54064,1.5444,1.52981,1.53273
EURCAD,2020-04-23,1.5327,1.53477,1.51407,1.51544
EURCAD,2020-04-24,1.51545,1.52677,1.51143,1.52549
EURCAD,2020-04-27,1.52419,1.52734,1.51674,1.51937
EURCAD,2020-04-28,1.51935,1.52276,1.5135,1.51466
EURCAD,2020-04-29,1.51469,1.51618,1.50874,1.50922
EURCAD,2020-04-30,1.5092,1.5288,1.50525,1.52701
EURCAD,2020-05-01,1.527,1.55326,1.52628,1.54659
EURCAD,2020-05-04,1.54469,1.54941,1.53413,1.5356
EURCAD,2020-05-05,1.5356,1.53571,1.51918,1.52171
EURCAD,2020-05-06,1.52171,1.53054,1.51658,1.52938
EURCAD,2020-05-07,1.52937,1.52937,1.5077,1.51416
EURCAD,2020-05-08,1.51409,1.51501,1.50874,1.50886
EURCAD,2020-05-11,1.50848,1.51854,1.50666,1.51548
EURCAD,2020-05-12,1.51547,1.52741,1.51359,1.52733
EURCAD,2020-05-13,1.52733,1.52798,1.5207,1.52473
EURCAD,2020-05-14,1.52472,1.52622,1.51543,1.51646
EURCAD,2020-05-15,1.51646,1.52731,1.51549,1.52583
EURCAD,2020-05-18,1.52325,1.52722,1.51841,1.52133
EURCAD,2020-05-19,1.52133,1.52774,1.51654,1.52286
EURCAD,2020-05-20,1.52284,1.52819,1.52097,1.52675
EURCAD,2020-05-21,1.52675,1.53169,1.52419,1.52699
EURCAD,2020-05-22,1.52697,1.53224,1.52424,1.52615
EURCAD,2020-05-25,1.52415,1.52645,1.52141,1.52305
EURCAD,2020-05-26,1.52305,1.5236,1.51171,1.51328
EURCAD,2020-05-27,1.51326,1.51994,1.50544,1.51528
EURCAD,2020-05-28,1.51529,1.52722,1.51373,1.52606
EURCAD,2020-05-29,1.52606,1.53851,1.52549,1.52863
EURCAD,2020-06-01,1.53117,1.5325,1.5094,1.51107
EURCAD,2020-06-02,1.51107,1.51364,1.50541,1.51107
EURCAD,2020-06-03,1.51107,1.52,1.50941,1.51602
EURCAD,2020-06-04,1.51605,1.53352,1.51125,1.53057
EURCAD,2020-06-05,1.53057,1.53455,1.51485,1.51526
EURCAD,2020-06-08,1.51435,1.51714,1.5092,1.51139
EURCAD,2020-06-09,1.51138,1.5264,1.51031,1.5211
EURCAD,2020-06-10,1.5211,1.52712,1.51741,1.52619
EURCAD,2020-06-11,1.52621,1.54484,1.52603,1.53943
EURCAD,2020-06-12,1.53941,1.5419,1.52713,1.52923
EURCAD,2020-06-15,1.52757,1.53931,1.52757,1.53398
EURCAD,2020-06-16,1.53401,1.53941,1.5218,1.52483
EURCAD,2020-06-17,1.52486,1.52788,1.51933,1.52637
EURCAD,2020-06-18,1.52636,1.52828,1.52087,1.52343
EURCAD,2020-06-19,1.52343,1.52547,1.51511,1.5206
EURCAD,2020-06-22,1.52266,1.5255,1.51951,1.52289
EURCAD,2020-06-23,1.52288,1.5328,1.52227,1.5318
EURCAD,2020-06-24,1.5318,1.53532,1.52809,1.53506
EURCAD,2020-06-25,1.53506,1.53513,1.52672,1.52988
EURCAD,2020-06-26,1.52988,1.53714,1.52936,1.53485
EURCAD,2020-06-29,1.53366,1.54255,1.53366,1.53584
EURCAD,2020-06-30,1.53584,1.53658,1.52409,1.52487
EURCAD,2020-07-01,1.52489,1.53082,1.51977,1.52927
EURCAD,2020-07-02,1.52931,1.53547,1.52356,1.52494
EURCAD,2020-07-03,1.52494,1.52689,1.52127,1.52266
EURCAD,2020-07-06,1.52464,1.53615,1.52272,1.53155
EURCAD,2020-07-07,1.53155,1.5355,1.52869,1.53378
EURCAD,2020-07-08,1.53381,1.53691,1.52943,1.53245
EURCAD,2020-07-09,1.53246,1.53506,1.52834,1.53301
EURCAD,2020-07-10,1.53301,1.53984,1.53174,1.53582
EURCAD,2020-07-13,1.53568,1.54466,1.53399,1.54407
EURCAD,2020-07-14,1.54409,1.5538,1.5437,1.55162
EURCAD,2020-07-15,1.55162,1.55439,1.54027,1.54206
EURCAD,2020-07-16,1.54205,1.54793,1.5393,1.54575
EURCAD,2020-07-17,1.54573,1.55343,1.54456,1.55166
EURCAD,2020-07-20,1.54937,1.55744,1.54658,1.5494
EURCAD,2020-07-21,1.5494,1.55202,1.53762,1.55104
EURCAD,2020-07-22,1.5511,1.55882,1.54974,1.55177
EURCAD,2020-07-23,1.55177,1.55554,1.54765,1.55411
EURCAD,2020-07-24,1.55414,1.56429,1.5537,1.56342
EURCAD,2020-07-27,1.56279,1.57739,1.56188,1.56975
EURCAD,2020-07-28,1.56972,1.57192,1.56597,1.56791
EURCAD,2020-07-29,1.56798,1.57565,1.56627,1.57186
EURCAD,2020-07-30,1.57183,1.59323,1.57052,1.5925
EURCAD,2020-07-31,1.5925,1.59782,1.57707,1.57928
EURCAD,2020-08-03,1.57737,1.58095,1.57073,1.57526
EURCAD,2020-08-04,1.57526,1.57846,1.56974,1.57079
EURCAD,2020-08-05,1.5708,1.57823,1.56829,1.57494
EURCAD,2020-08-06,1.57493,1.58215,1.57176,1.58156
EURCAD,2020-08-07,1.58155,1.58247,1.5732,1.57734
EURCAD,2020-08-10,1.57871,1.57881,1.56675,1.56714
EURCAD,2020-08-11,1.56714,1.56882,1.55987,1.56201
EURCAD,2020-08-12,1.56201,1.56552,1.55846,1.5618
EURCAD,2020-08-13,1.56182,1.56735,1.56008,1.56214
EURCAD,2020-08-14,1.56214,1.57111,1.56035,1.57051
EURCAD,2020-08-17,1.56756,1.57218,1.5653,1.57
EURCAD,2020-08-18,1.57002,1.57541,1.56536,1.57188
EURCAD,2020-08-19,1.57187,1.57245,1.56217,1.56467
EURCAD,2020-08-20,1.56469,1.56785,1.56128,1.56368
EURCAD,2020-08-21,1.56369,1.56432,1.55234,1.55392
EURCAD,2020-08-24,1.55329,1.56173,1.55238,1.55881
EURCAD,2020-08-25,1.55882,1.56466,1.55747,1.55799
EURCAD,2020-08-26,1.55798,1.55914,1.55233,1.55582
EURCAD,2020-08-27,1.55587,1.55989,1.5469,1.55119
EURCAD,2020-08-28,1.55119,1.56056,1.55077,1.55891
EURCAD,2020-08-31,1.5582,1.56036,1.55384,1.55636
EURCAD,2020-09-01,1.55633,1.56479,1.55517,1.55642
EURCAD,2020-09-02,1.55637,1.5566,1.54475,1.54549
EURCAD,2020-09-03,1.5455,1.55776,1.54289,1.55564
EURCAD,2020-09-04,1.55566,1.55603,1.54554,1.54609
EURCAD,2020-09-07,1.54515,1.55235,1.54416,1.54773
EURCAD,2020-09-08,1.54773,1.55946,1.54636,1.55788
EURCAD,2020-09-09,1.5579,1.5614,1.55108,1.5525
EURCAD,2020-09-10,1.55247,1.56586,1.55231,1.55938
EURCAD,2020-09-11,1.55937,1.56363,1.55751,1.56073
EURCAD,2020-09-14,1.55964,1.56561,1.55841,1.56367
EURCAD,2020-09-15,1.56367,1.56496,1.55944,1.56243
EURCAD,2020-09-16,1.56244,1.56442,1.55271,1.55582
EURCAD,2020-09-17,1.55582,1.56251,1.55346,1.55782
EURCAD,2020-09-18,1.55784,1.5656,1.55771,1.56282
EURCAD,2020-09-21,1.56246,1.5674,1.55774,1.56464
EURCAD,2020-09-22,1.56463,1.56625,1.5566,1.5566
EURCAD,2020-09-23,1.5566,1.56175,1.55393,1.56053
EURCAD,2020-09-24,1.56052,1.56367,1.55583,1.55841
EURCAD,2020-09-25,1.55841,1.55993,1.55513,1.5563
EURCAD,2020-09-28,1.55515,1.56281,1.55506,1.55969
EURCAD,2020-09-29,1.5597,1.57387,1.5597,1.57142
EURCAD,2020-09-30,1.57141,1.57386,1.5592,1.5601
EURCAD,2020-10-01,1.5601,1.56394,1.55787,1.56028
EURCAD,2020-10-02,1.56029,1.56248,1.55742,1.55815
EURCAD,2020-10-05,1.5572,1.56484,1.55609,1.56297
EURCAD,2020-10-06,1.56296,1.5656,1.5599,1.56349
EURCAD,2020-10-07,1.56348,1.56598,1.5585,1.55998
EURCAD,2020-10-08,1.55997,1.5607,1.55099,1.55223
EURCAD,2020-10-09,1.55226,1.55522,1.55024,1.55084
EURCAD,2020-10-12,1.55064,1.55232,1.54742,1.5489
EURCAD,2020-10-13,1.54889,1.55031,1.54038,1.54294
EURCAD,2020-10-14,1.54294,1.54674,1.53891,1.54451
EURCAD,2020-10-15,1.54454,1.55063,1.54355,1.54851
EURCAD,2020-10-16,1.54856,1.55095,1.54394,1.54487
EURCAD,2020-10-19,1.54553,1.55283,1.54255,1.5522
EURCAD,2020-10-20,1.55218,1.55843,1.55052,1.55185
EURCAD,2020-10-21,1.55181,1.55955,1.55052,1.559
EURCAD,2020-10-22,1.559,1.5604,1.55137,1.55196
EURCAD,2020-10-23,1.55197,1.55897,1.55,1.55571
EURCAD,2020-10-26,1.55607,1.56297,1.55573,1.55948
EURCAD,2020-10-27,1.55945,1.56005,1.55292,1.55418
EURCAD,2020-10-28,1.55416,1.56559,1.55222,1.56373
EURCAD,2020-10-29,1.56373,1.56692,1.55375,1.55496
EURCAD,2020-10-30,1.55495,1.55876,1.55005,1.55088
EURCAD,2020-11-02,1.55092,1.55646,1.53635,1.53887
EURCAD,2020-11-03,1.53886,1.54293,1.53614,1.54102
EURCAD,2020-11-04,1.54101,1.54884,1.53543,1.53994
EURCAD,2020-11-05,1.53997,1.55065,1.53943,1.54598
EURCAD,2020-11-06,1.54599,1.55266,1.54294,1.54991
EURCAD,2020-11-09,1.55059,1.55162,1.53124,1.538
EURCAD,2020-11-10,1.538,1.54133,1.53356,1.54006
EURCAD,2020-11-11,1.54004,1.54148,1.53311,1.53811
EURCAD,2020-11-12,1.53811,1.55203,1.53798,1.55069
EURCAD,2020-11-13,1.55071,1.55761,1.5506,1.5541
EURCAD,2020-11-16,1.55503,1.55514,1.54633,1.5506
EURCAD,2020-11-17,1.55061,1.55841,1.54963,1.55474
EURCAD,2020-11-18,1.55473,1.55547,1.5466,1.55033
EURCAD,2020-11-19,1.55035,1.55298,1.54763,1.55282
EURCAD,2020-11-20,1.5528,1.55376,1.54741,1.55188
EURCAD,2020-11-23,1.55102,1.55471,1.54633,1.54828
EURCAD,2020-11-24,1.54829,1.55208,1.54489,1.54614
EURCAD,2020-11-25,1.54616,1.5508,1.54561,1.54932
EURCAD,2020-11-26,1.54933,1.55185,1.54651,1.55083
EURCAD,2020-11-27,1.55086,1.55437,1.5481,1.55361
EURCAD,2020-11-30,1.55468,1.55535,1.54735,1.55078
EURCAD,2020-12-01,1.55076,1.56229,1.54962,1.56112
EURCAD,2020-12-02,1.56113,1.5661,1.55746,1.56474
EURCAD,2020-12-03,1.56477,1.57107,1.56,1.56277
EURCAD,2020-12-04,1.56279,1.56615,1.5479,1.54873
EURCAD,2020-12-07,1.55028,1.55649,1.5484,1.55037
EURCAD,2020-12-08,1.5504,1.55374,1.54829,1.55192
EURCAD,2020-12-09,1.5519,1.55401,1.54423,1.5493
EURCAD,2020-12-10,1.54926,1.54981,1.54026,1.54718
EURCAD,2020-12-11,1.54719,1.54963,1.54452,1.54597
EURCAD,2020-12-14,1.54712,1.55359,1.54606,1.55023
EURCAD,2020-12-15,1.55022,1.55185,1.54219,1.54346
EURCAD,2020-12-16,1.54344,1.55665,1.54308,1.55462
EURCAD,2020-12-17,1.55463,1.56237,1.55282,1.56109
EURCAD,2020-12-18,1.5611,1.56713,1.56009,1.56632
EURCAD,2020-12-21,1.56417,1.57433,1.56321,1.57243
EURCAD,2020-12-22,1.5724,1.57848,1.56843,1.5711
EURCAD,2020-12-23,1.57115,1.57194,1.56425,1.56605
EURCAD,2020-12-24,1.56608,1.56917,1.56086,1.56639
EURCAD,2020-12-25,1.56631,1.56942,1.56347,1.56688
EURCAD,2020-12-28,1.56428,1.5731,1.56417,1.56931
EURCAD,2020-12-29,1.56928,1.5716,1.56592,1.57065
EURCAD,2020-12-30,1.57067,1.57375,1.56616,1.5682
EURCAD,2020-12-31,1.56819,1.56873,1.55366,1.55384
EURCAD,2021-01-04,1.55626,1.56797,1.55506,1.56598
EURCAD,2021-01-05,1.56599,1.56663,1.55648,1.55892
EURCAD,2021-01-06,1.55894,1.56581,1.55716,1.56256
EURCAD,2021-01-07,1.56263,1.56385,1.5543,1.55631
EURCAD,2021-01-08,1.55631,1.55805,1.55006,1.55031
EURCAD,2021-01-11,1.55165,1.55906,1.54946,1.55328
EURCAD,2021-01-12,1.55328,1.55362,1.54837,1.55136
EURCAD,2021-01-13,1.55135,1.55364,1.54174,1.5442
EURCAD,2021-01-14,1.5442,1.54445,1.53346,1.53667
EURCAD,2021-01-15,1.53666,1.54327,1.5362,1.53724
EURCAD,2021-01-18,1.53831,1.54494,1.53695,1.53978
EURCAD,2021-01-19,1.53977,1.54784,1.53842,1.54428
EURCAD,2021-01-20,1.54427,1.54525,1.52679,1.52982
EURCAD,2021-01-21,1.52982,1.53878,1.52842,1.53878
EURCAD,2021-01-22,1.53879,1.55013,1.5384,1.54908
EURCAD,2021-01-25,1.54726,1.54952,1.54294,1.54669
EURCAD,2021-01-26,1.5467,1.54968,1.54298,1.5438
EURCAD,2021-01-27,1.54378,1.55188,1.54179,1.55131
EURCAD,2021-01-28,1.55131,1.55933,1.5497,1.55514
EURCAD,2021-01-29,1.55514,1.55812,1.54716,1.54954
EURCAD,2021-02-01,1.551,1.55394,1.54551,1.55057
EURCAD,2021-02-02,1.55057,1.55132,1.53874,1.53905
EURCAD,2021-02-03,1.53908,1.54013,1.5349,1.53939
EURCAD,2021-02-04,1.53937,1.53964,1.53194,1.53464
EURCAD,2021-02-05,1.53462,1.53862,1.53126,1.53683
EURCAD,2021-02-08,1.53563,1.53857,1.53409,1.53529
EURCAD,2021-02-09,1.53532,1.54373,1.53498,1.5385
EURCAD,2021-02-10,1.53849,1.54129,1.53744,1.53869
EURCAD,2021-02-11,1.5387,1.54139,1.53683,1.54053
EURCAD,2021-02-12,1.54055,1.54418,1.5374,1.53795
EURCAD,2021-02-15,1.53761,1.53841,1.53192,1.53292
EURCAD,2021-02-16,1.5329,1.53785,1.53127,1.5366
EURCAD,2021-02-17,1.53661,1.5371,1.52809,1.52971
EURCAD,2021-02-18,1.5297,1.53674,1.52852,1.53334
EURCAD,2021-02-19,1.53333,1.53784,1.52798,1.52803
EURCAD,2021-02-22,1.52788,1.53507,1.52623,1.53397
EURCAD,2021-02-23,1.53398,1.53496,1.52807,1.53029
EURCAD,2021-02-24,1.53029,1.53045,1.521,1.52266
EURCAD,2021-02-25,1.52265,1.53582,1.52136,1.53353
EURCAD,2021-02-26,1.53351,1.53876,1.52904,1.53707
EURCAD,2021-03-01,1.5364,1.53807,1.52255,1.52299
EURCAD,2021-03-02,1.52305,1.52826,1.52004,1.52702
EURCAD,2021-03-03,1.52701,1.52742,1.52214,1.52683
EURCAD,2021-03-04,1.52681,1.52704,1.51404,1.51733
EURCAD,2021-03-05,1.51734,1.51785,1.50627,1.50736
EURCAD,2021-03-08,1.5078,1.50811,1.4992,1.50009
EURCAD,2021-03-09,1.50011,1.50527,1.49857,1.50445
EURCAD,2021-03-10,1.50446,1.50687,1.50235,1.50495
EURCAD,2021-03-11,1.50496,1.5066,1.50073,1.50193
EURCAD,2021-03-12,1.50193,1.50197,1.48934,1.49048
EURCAD,2021-03-15,1.4902,1.49151,1.48427,1.4881
EURCAD,2021-03-16,1.4881,1.49029,1.47969,1.48094
EURCAD,2021-03-17,1.48091,1.48927,1.4809,1.4844
EURCAD,2021-03-18,1.48438,1.49163,1.48061,1.48892
EURCAD,2021-03-19,1.48894,1.49059,1.48398,1.48751
EURCAD,2021-03-22,1.48607,1.49547,1.48503,1.49403
EURCAD,2021-03-23,1.49404,1.49741,1.48555,1.49043
EURCAD,2021-03-24,1.49045,1.49261,1.48385,1.48588
EURCAD,2021-03-25,1.48586,1.48979,1.48216,1.48425
EURCAD,2021-03-26,1.48425,1.48599,1.48015,1.48242
EURCAD,2021-03-29,1.48212,1.48702,1.48052,1.48163
EURCAD,2021-03-30,1.48163,1.48294,1.47701,1.47953
EURCAD,2021-03-31,1.47953,1.47993,1.47251,1.4734
EURCAD,2021-04-01,1.47337,1.47972,1.47291,1.47763
EURCAD,2021-04-02,1.47765,1.48039,1.47506,1.47834
EURCAD,2021-04-05,1.47792,1.48122,1.47418,1.47947
EURCAD,2021-04-06,1.47948,1.49346,1.47903,1.49273
EURCAD,2021-04-07,1.49273,1.50332,1.49242,1.49744
EURCAD,2021-04-08,1.49745,1.49954,1.49442,1.49693
EURCAD,2021-04-09,1.49692,1.49983,1.4894,1.49027
EURCAD,2021-04-12,1.49139,1.4971,1.48925,1.49639
EURCAD,2021-04-13,1.49637,1.50291,1.49506,1.49859
EURCAD,2021-04-14,1.49862,1.5046,1.49755,1.49992
EURCAD,2021-04-15,1.49991,1.50249,1.4946,1.50154
EURCAD,2021-04-16,1.50154,1.50192,1.4964,1.4985
EURCAD,2021-04-19,1.497,1.50957,1.49509,1.50809
EURCAD,2021-04-20,1.50809,1.51846,1.50565,1.51751
EURCAD,2021-04-21,1.51751,1.51924,1.49901,1.50514
EURCAD,2021-04-22,1.50514,1.50871,1.49818,1.50209
EURCAD,2021-04-23,1.5021,1.51016,1.49945,1.5087
EURCAD,2021-04-26,1.50837,1.50998,1.49581,1.49731
EURCAD,2021-04-27,1.49732,1.49996,1.49639,1.49985
EURCAD,2021-04-28,1.49983,1.49995,1.49028,1.4929
EURCAD,2021-04-29,1.49295,1.49381,1.48802,1.48838
EURCAD,2021-04-30,1.4884,1.48889,1.4758,1.47655
EURCAD,2021-05-03,1.47771,1.48402,1.47625,1.48084
EURCAD,2021-05-04,1.4808,1.48378,1.47759,1.47791
EURCAD,2021-05-05,1.4779,1.47808,1.47041,1.47313
EURCAD,2021-05-06,1.47314,1.47681,1.4647,1.46659
EURCAD,2021-05-07,1.46652,1.47866,1.4657,1.47471
EURCAD,2021-05-10,1.47366,1.47616,1.46704,1.46824
EURCAD,2021-05-11,1.46823,1.47472,1.46775,1.4691
EURCAD,2021-05-12,1.46909,1.47016,1.45817,1.46384
EURCAD,2021-05-13,1.46385,1.47205,1.46294,1.46975
EURCAD,2021-05-14,1.46977,1.47294,1.46689,1.46951
EURCAD,2021-05-17,1.4701,1.47416,1.46546,1.46621
EURCAD,2021-05-18,1.4662,1.47555,1.46424,1.47553
EURCAD,2021-05-19,1.47549,1.48167,1.47217,1.47643
EURCAD,2021-05-20,1.47644,1.48001,1.47277,1.47468
EURCAD,2021-05-21,1.47465,1.47851,1.46689,1.46919
EURCAD,2021-05-24,1.46937,1.47586,1.46707,1.47176
EURCAD,2021-05-25,1.47176,1.47848,1.47174,1.47771
EURCAD,2021-05-26,1.47771,1.48203,1.47533,1.47885
EURCAD,2021-05-27,1.47885,1.47885,1.47055,1.47174
EURCAD,2021-05-28,1.47175,1.47504,1.46791,1.47165
EURCAD,2021-05-31,1.47178,1.47775,1.46992,1.47531
EURCAD,2021-06-01,1.47527,1.4758,1.46975,1.47472
EURCAD,2021-06-02,1.47473,1.47536,1.46837,1.47003
EURCAD,2021-06-03,1.47004,1.47195,1.46742,1.46884
EURCAD,2021-06-04,1.46886,1.47253,1.46658,1.46902
EURCAD,2021-06-07,1.46789,1.47356,1.46765,1.47339
EURCAD,2021-06-08,1.47338,1.47567,1.47004,1.47442
EURCAD,2021-06-09,1.47442,1.47544,1.47231,1.47532
EURCAD,2021-06-10,1.47533,1.47597,1.47083,1.47238
EURCAD,2021-06-11,1.47237,1.47389,1.46766,1.47106
EURCAD,2021-06-14,1.47128,1.47483,1.46986,1.47189
EURCAD,2021-06-15,1.47188,1.47922,1.47077,1.4774
EURCAD,2021-06-16,1.47738,1.47829,1.47048,1.47273
EURCAD,2021-06-17,1.47275,1.47343,1.46791,1.47066
EURCAD,2021-06-18,1.47066,1.47946,1.4697,1.47861
EURCAD,2021-06-21,1.47732,1.48243,1.47168,1.47343
EURCAD,2021-06-22,1.47343,1.47575,1.46834,1.46945
EURCAD,2021-06-23,1.46945,1.47019,1.46549,1.46789
EURCAD,2021-06-24,1.4679,1.4719,1.46632,1.46974
EURCAD,2021-06-25,1.46973,1.47141,1.46707,1.46719
EURCAD,2021-06-28,1.46662,1.47258,1.46619,1.47134
EURCAD,2021-06-29,1.47134,1.47571,1.46923,1.47524
EURCAD,2021-06-30,1.47525,1.47713,1.46639,1.46934
EURCAD,2021-07-01,1.46932,1.47409,1.46817,1.47362
EURCAD,2021-07-02,1.47361,1.47369,1.46129,1.46198
EURCAD,2021-07-05,1.46082,1.4671,1.46054,1.46389
EURCAD,2021-07-06,1.46387,1.47713,1.46163,1.47279
EURCAD,2021-07-07,1.47277,1.47653,1.46766,1.47196
EURCAD,2021-07-08,1.47195,1.49143,1.47164,1.48441
EURCAD,2021-07-09,1.48442,1.48631,1.47715,1.47738
EURCAD,2021-07-12,1.47742,1.48317,1.47626,1.47761
EURCAD,2021-07-13,1.47761,1.48167,1.47226,1.47437
EURCAD,2021-07-14,1.47437,1.48144,1.46944,1.48099
EURCAD,2021-07-15,1.481,1.48931,1.47883,1.48721
EURCAD,2021-07-16,1.48722,1.48981,1.48409,1.48823
EURCAD,2021-07-19,1.48804,1.50994,1.48759,1.5034
EURCAD,2021-07-20,1.5034,1.50604,1.49265,1.4933
EURCAD,2021-07-21,1.49329,1.49741,1.47751,1.48239
EURCAD,2021-07-22,1.48238,1.48815,1.47642,1.47905
EURCAD,2021-07-23,1.47905,1.4825,1.47769,1.47796
EURCAD,2021-07-26,1.47794,1.48341,1.47705,1.48062
EURCAD,2021-07-27,1.48062,1.4897,1.48019,1.48825
EURCAD,2021-07-28,1.48826,1.48878,1.48226,1.48304
EURCAD,2021-07-29,1.48303,1.48389,1.47784,1.48024
EURCAD,2021-07-30,1.48018,1.48196,1.47598,1.47943
EURCAD,2021-08-02,1.47967,1.48555,1.47907,1.48434
EURCAD,2021-08-03,1.48434,1.49246,1.48286,1.48758
EURCAD,2021-08-04,1.48756,1.49248,1.48341,1.48488
EURCAD,2021-08-05,1.48488,1.48495,1.47666,1.47928
EURCAD,2021-08-06,1.47931,1.47969,1.47521,1.47582
EURCAD,2021-08-09,1.47506,1.47837,1.47404,1.47579
EURCAD,2021-08-10,1.4758,1.47706,1.46634,1.4672
EURCAD,2021-08-11,1.4672,1.46947,1.46641,1.46858
EURCAD,2021-08-12,1.46858,1.47056,1.46602,1.46922
EURCAD,2021-08-13,1.46924,1.47685,1.46835,1.4755
EURCAD,2021-08-16,1.47583,1.48285,1.47559,1.48055
EURCAD,2021-08-17,1.48055,1.48667,1.4775,1.47851
EURCAD,2021-08-18,1.47851,1.48327,1.47695,1.48191
EURCAD,2021-08-19,1.48188,1.49835,1.48077,1.49822
EURCAD,2021-08-20,1.49821,1.51139,1.49699,1.49983
EURCAD,2021-08-23,1.49805,1.50102,1.48476,1.48594
EURCAD,2021-08-24,1.48592,1.48633,1.47906,1.48045
EURCAD,2021-08-25,1.48046,1.48483,1.47908,1.48194
EURCAD,2021-08-26,1.48192,1.49185,1.48176,1.49098
EURCAD,2021-08-27,1.49105,1.49251,1.48709,1.48747
EURCAD,2021-08-30,1.4877,1.49086,1.48277,1.48738
EURCAD,2021-08-31,1.48738,1.49344,1.48688,1.48995
EURCAD,2021-09-01,1.48995,1.49602,1.48551,1.49441
EURCAD,2021-09-02,1.49443,1.49658,1.48914,1.49047
EURCAD,2021-09-03,1.49043,1.49211,1.48568,1.48727
EURCAD,2021-09-06,1.48607,1.48999,1.48585,1.48819
EURCAD,2021-09-07,1.4882,1.49828,1.48738,1.49769
EURCAD,2021-09-08,1.49769,1.50623,1.49427,1.50024
EURCAD,2021-09-09,1.50023,1.50476,1.49368,1.4974
EURCAD,2021-09-10,1.49741,1.49912,1.48824,1.49883
EURCAD,2021-09-13,1.49807,1.49885,1.49124,1.49369
EURCAD,2021-09-14,1.49369,1.49929,1.49169,1.49781
EURCAD,2021-09-15,1.49783,1.50133,1.49121,1.49125
EURCAD,2021-09-16,1.49129,1.49387,1.48506,1.49193
EURCAD,2021-09-17,1.49189,1.4978,1.48831,1.49552
EURCAD,2021-09-20,1.49592,1.50976,1.49494,1.50127
EURCAD,2021-09-21,1.50126,1.50584,1.49512,1.5024
EURCAD,2021-09-22,1.5024,1.50325,1.49014,1.49429
EURCAD,2021-09-23,1.49428,1.49553,1.48265,1.48648
EURCAD,2021-09-24,1.48649,1.49091,1.48145,1.48181
EURCAD,2021-09-27,1.48218,1.48331,1.47594,1.47674
EURCAD,2021-09-28,1.47673,1.48388,1.47348,1.48152
EURCAD,2021-09-29,1.48136,1.48306,1.47742,1.47958
EURCAD,2021-09-30,1.47958,1.47984,1.46448,1.46797
EURCAD,2021-10-01,1.46803,1.47589,1.46452,1.46556
EURCAD,2021-10-04,1.46551,1.46817,1.46035,1.46236
EURCAD,2021-10-05,1.46241,1.4642,1.45499,1.45901
EURCAD,2021-10-06,1.45904,1.46232,1.45375,1.45423
EURCAD,2021-10-07,1.45422,1.45692,1.44874,1.45031
EURCAD,2021-10-08,1.45033,1.45126,1.44123,1.44263
EURCAD,2021-10-11,1.44252,1.44428,1.43898,1.4419
EURCAD,2021-10-12,1.4419,1.44397,1.43467,1.43862
EURCAD,2021-10-13,1.43857,1.44312,1.43646,1.44243
EURCAD,2021-10-14,1.44244,1.44246,1.43218,1.43438
EURCAD,2021-10-15,1.43438,1.43755,1.43184,1.43328
EURCAD,2021-10-18,1.43342,1.43861,1.4326,1.43681
EURCAD,2021-10-19,1.43681,1.44103,1.43491,1.43702
EURCAD,2021-10-20,1.43701,1.43869,1.43373,1.43618
EURCAD,2021-10-21,1.43616,1.44006,1.43326,1.43801
EURCAD,2021-10-22,1.438,1.44074,1.43285,1.4389
EURCAD,2021-10-25,1.43889,1.44043,1.43356,1.43697
EURCAD,2021-10-26,1.43697,1.43755,1.43356,1.43689
EURCAD,2021-10-27,1.43689,1.44413,1.4292,1.43465
EURCAD,2021-10-28,1.43463,1.44343,1.43085,1.44233
EURCAD,2021-10-29,1.44231,1.44413,1.4295,1.43085
EURCAD,2021-11-01,1.43062,1.43611,1.42955,1.43523
EURCAD,2021-11-02,1.4352,1.4398,1.43462,1.4366
EURCAD,2021-11-03,1.43661,1.44072,1.43641,1.43767
EURCAD,2021-11-04,1.43767,1.44073,1.43237,1.43886
EURCAD,2021-11-05,1.43882,1.44132,1.43344,1.44004
EURCAD,2021-11-08,1.43809,1.44364,1.43787,1.44172
EURCAD,2021-11-09,1.44172,1.44621,1.43918,1.44177
EURCAD,2021-11-10,1.44177,1.44232,1.43027,1.43417
EURCAD,2021-11-11,1.43413,1.44457,1.43309,1.44101
EURCAD,2021-11-12,1.44103,1.4422,1.43503,1.43521
EURCAD,2021-11-15,1.43522,1.43769,1.42125,1.42245
EURCAD,2021-11-16,1.42248,1.42543,1.42066,1.42215
EURCAD,2021-11-17,1.42215,1.42836,1.41749,1.42723
EURCAD,2021-11-18,1.42722,1.43574,1.42634,1.43271
EURCAD,2021-11-19,1.43275,1.43276,1.42397,1.42567
EURCAD,2021-11-22,1.42681,1.42897,1.42331,1.42781
EURCAD,2021-11-23,1.42781,1.43536,1.42377,1.42529
EURCAD,2021-11-24,1.42528,1.42697,1.4163,1.41836
EURCAD,2021-11-25,1.41838,1.42284,1.41695,1.41947
EURCAD,2021-11-26,1.41947,1.44914,1.41917,1.44616
EURCAD,2021-11-29,1.44026,1.44312,1.4334,1.43837
EURCAD,2021-11-30,1.43836,1.45492,1.43781,1.44727
EURCAD,2021-12-01,1.44727,1.4521,1.44194,1.45004
EURCAD,2021-12-02,1.45002,1.45533,1.44543,1.44908
EURCAD,2021-12-03,1.44907,1.45345,1.43977,1.45279
EURCAD,2021-12-06,1.44992,1.45168,1.43861,1.43993
EURCAD,2021-12-07,1.43997,1.44045,1.42092,1.42543
EURCAD,2021-12-08,1.42547,1.43679,1.42226,1.43519
EURCAD,2021-12-09,1.43522,1.43671,1.43203,1.43495
EURCAD,2021-12-10,1.43494,1.44026,1.43048,1.43961
EURCAD,2021-12-13,1.4394,1.44711,1.43524,1.4451
EURCAD,2021-12-14,1.4451,1.45189,1.44237,1.44841
EURCAD,2021-12-15,1.44841,1.45475,1.44663,1.44933
EURCAD,2021-12-16,1.44934,1.45194,1.44173,1.44843
EURCAD,2021-12-17,1.44841,1.45352,1.4446,1.44821
EURCAD,2021-12-20,1.44839,1.46455,1.44653,1.45875
EURCAD,2021-12-21,1.45875,1.46281,1.45525,1.45855
EURCAD,2021-12-22,1.45855,1.46127,1.45273,1.45563
EURCAD,2021-12-23,1.45563,1.45737,1.44817,1.45217
EURCAD,2021-12-24,1.45218,1.45504,1.44706,1.4492
EURCAD,2021-12-27,1.44771,1.45347,1.4461,1.44873
EURCAD,2021-12-28,1.44872,1.45112,1.4454,1.44973
EURCAD,2021-12-29,1.44972,1.4555,1.44543,1.45197
EURCAD,2021-12-30,1.45197,1.4521,1.44151,1.44298
EURCAD,2021-12-31,1.44298,1.44383,1.43485,1.4359
EURJPY,2019-01-01,125.692,125.846,125.652,125.725
EURJPY,2019-01-02,125.725,125.733,119.063,121.528
EURJPY,2019-01-03,121.528,123.411,121.283,122.844
EURJPY,2019-01-04,122.844,123.855,122.583,123.647
EURJPY,2019-01-07,123.661,124.799,123.403,124.69
EURJPY,2019-01-08,124.691,124.859,124.119,124.599
EURJPY,2019-01-09,124.601,125.094,124.461,125.005
EURJPY,2019-01-10,125.006,125.065,124.358,124.625
EURJPY,2019-01-11,124.625,124.996,124.234,124.471
EURJPY,2019-01-14,124.359,124.428,123.768,124.177
EURJPY,2019-01-15,124.178,124.852,123.397,124.016
EURJPY,2019-01-16,124.016,124.416,123.523,124.298
EURJPY,2019-01-17,124.298,124.68,123.738,124.334
EURJPY,2019-01-18,124.334,124.973,124.316,124.705
EURJPY,2019-01-21,124.632,124.829,124.509,124.687
EURJPY,2019-01-22,124.686,124.708,124.044,124.264
EURJPY,2019-01-23,124.264,124.938,124.261,124.679
EURJPY,2019-01-24,124.68,124.898,123.784,123.982
EURJPY,2019-01-25,123.981,125.315,123.923,124.943
EURJPY,2019-01-28,124.889,125.035,124.598,124.876
EURJPY,2019-01-29,124.876,125.236,124.683,125.131
EURJPY,2019-01-30,125.131,125.463,124.882,125.16
EURJPY,2019-01-31,125.161,125.294,124.492,124.609
EURJPY,2019-02-01,124.609,125.734,124.362,125.428
EURJPY,2019-02-04,125.397,125.945,125.355,125.761
EURJPY,2019-02-05,125.765,125.872,125.28,125.431
EURJPY,2019-02-06,125.431,125.436,124.817,125.017
EURJPY,2019-02-07,125.017,125.067,124.346,124.453
EURJPY,2019-02-08,124.453,124.694,124.173,124.224
EURJPY,2019-02-11,124.225,124.877,124.225,124.508
EURJPY,2019-02-12,124.509,125.27,124.448,125.249
EURJPY,2019-02-13,125.25,125.536,124.89,124.958
EURJPY,2019-02-14,124.958,125.453,124.698,124.85
EURJPY,2019-02-15,124.849,124.857,124.229,124.754
EURJPY,2019-02-18,124.711,125.271,124.698,125.099
EURJPY,2019-02-19,125.101,125.538,124.767,125.396
EURJPY,2019-02-20,125.395,125.936,125.39,125.659
EURJPY,2019-02-21,125.66,125.868,125.323,125.535
EURJPY,2019-02-22,125.537,125.776,125.364,125.385
EURJPY,2019-02-25,125.426,126.302,125.359,126.196
EURJPY,2019-02-26,126.194,126.226,125.717,125.954
EURJPY,2019-02-27,125.954,126.347,125.536,126.157
EURJPY,2019-02-28,126.157,126.904,125.888,126.654
EURJPY,2019-03-01,126.651,127.499,126.646,127.167
EURJPY,2019-03-04,127.302,127.38,126.444,126.717
EURJPY,2019-03-05,126.718,126.936,126.361,126.478
EURJPY,2019-03-06,126.478,126.533,126.174,126.279
EURJPY,2019-03-07,126.279,126.429,124.669,125.017
EURJPY,2019-03-08,125.018,125.024,124.273,124.861
EURJPY,2019-03-11,124.674,125.465,124.48,125.352
EURJPY,2019-03-12,125.351,125.826,125.07,125.636
EURJPY,2019-03-13,125.636,126.14,125.454,126.006
EURJPY,2019-03-14,126.005,126.564,125.934,126.354
EURJPY,2019-03-15,126.355,126.57,126.12,126.228
EURJPY,2019-03-18,126.183,126.691,126.146,126.275
EURJPY,2019-03-19,126.276,126.615,126.093,126.538
EURJPY,2019-03-20,126.539,126.789,126.259,126.469
EURJPY,2019-03-21,126.471,126.602,125.684,126.039
EURJPY,2019-03-22,126.04,126.178,123.82,124.222
EURJPY,2019-03-25,124.1,124.818,123.878,124.532
EURJPY,2019-03-26,124.53,125.008,124.427,124.657
EURJPY,2019-03-27,124.655,124.737,124.049,124.338
EURJPY,2019-03-28,124.338,124.426,123.653,124.237
EURJPY,2019-03-29,124.235,124.637,124.142,124.331
EURJPY,2019-04-01,124.64,124.952,124.436,124.876
EURJPY,2019-04-02,124.877,124.879,124.476,124.701
EURJPY,2019-04-03,124.703,125.448,124.607,125.26
EURJPY,2019-04-04,125.259,125.391,124.968,125.302
EURJPY,2019-04-05,125.299,125.509,125.237,125.246
EURJPY,2019-04-08,125.25,125.618,124.984,125.442
EURJPY,2019-04-09,125.443,125.618,125.127,125.149
EURJPY,2019-04-10,125.151,125.454,124.777,125.148
EURJPY,2019-04-11,125.15,125.716,125.148,125.713
EURJPY,2019-04-12,125.712,126.766,125.686,126.542
EURJPY,2019-04-15,126.54,126.792,126.492,126.552
EURJPY,2019-04-16,126.552,126.682,126.198,126.346
EURJPY,2019-04-17,126.346,126.809,126.311,126.539
EURJPY,2019-04-18,126.539,126.561,125.652,125.81
EURJPY,2019-04-19,125.81,125.883,125.717,125.784
EURJPY,2019-04-22,125.768,126.067,125.717,126.019
EURJPY,2019-04-23,126.02,126.051,125.279,125.569
EURJPY,2019-04-24,125.572,125.597,124.803,125.137
EURJPY,2019-04-25,125.14,125.232,124.21,124.292
EURJPY,2019-04-26,124.292,124.714,124.088,124.404
EURJPY,2019-04-29,124.389,125.097,124.387,124.966
EURJPY,2019-04-30,124.967,125.089,124.473,124.995
EURJPY,2019-05-01,124.995,125.231,124.705,124.871
EURJPY,2019-05-02,124.868,125.122,124.552,124.584
EURJPY,2019-05-03,124.584,124.617,124.279,124.453
EURJPY,2019-05-06,123.539,124.296,123.36,124.109
EURJPY,2019-05-07,124.109,124.251,123.107,123.381
EURJPY,2019-05-08,123.379,123.518,123.109,123.208
EURJPY,2019-05-09,123.208,123.265,122.484,123.205
EURJPY,2019-05-10,123.203,123.614,123.042,123.505
EURJPY,2019-05-13,123.279,123.452,122.548,122.606
EURJPY,2019-05-14,122.607,123.4,122.605,122.872
EURJPY,2019-05-15,122.872,123.09,122.079,122.684
EURJPY,2019-05-16,122.682,122.963,122.54,122.772
EURJPY,2019-05-17,122.773,122.996,122.272,122.791
EURJPY,2019-05-20,122.891,123.191,122.535,122.936
EURJPY,2019-05-21,122.935,123.745,122.673,123.437
EURJPY,2019-05-22,123.438,123.507,122.94,122.949
EURJPY,2019-05-23,122.951,123.049,122.146,122.53
EURJPY,2019-05-24,122.53,122.822,122.433,122.46
EURJPY,2019-05-27,122.512,122.804,122.468,122.582
EURJPY,2019-05-28,122.582,122.701,122.001,122.129
EURJPY,2019-05-29,122.129,122.211,121.578,122.014
EURJPY,2019-05-30,122.015,122.258,121.671,121.685
EURJPY,2019-05-31,121.685,121.841,120.918,120.92
EURJPY,2019-06-03,120.863,121.65,120.784,121.495
EURJPY,2019-06-04,121.495,121.841,121.302,121.83
EURJPY,2019-06-05,121.83,122.265,121.474,121.63
EURJPY,2019-06-06,121.631,122.394,121.237,122.29
EURJPY,2019-06-07,122.292,122.716,122.099,122.588
EURJPY,2019-06-10,122.835,122.922,122.623,122.641
EURJPY,2019-06-11,122.641,123.178,122.622,122.899
EURJPY,2019-06-12,122.899,123.004,122.417,122.515
EURJPY,2019-06-13,122.515,122.56,122.135,122.183
EURJPY,2019-06-14,122.183,122.264,121.591,121.688
EURJPY,2019-06-17,121.604,122.125,121.589,121.833
EURJPY,2019-06-18,121.832,121.87,121.064,121.591
EURJPY,2019-06-19,121.591,121.653,121.17,121.471
EURJPY,2019-06-20,121.472,121.921,121.085,121.187
EURJPY,2019-06-21,121.186,122.124,120.95,121.969
EURJPY,2019-06-24,122.017,122.394,121.975,122.353
EURJPY,2019-06-25,122.353,122.465,121.65,121.837
EURJPY,2019-06-26,121.837,122.628,121.835,122.545
EURJPY,2019-06-27,122.546,122.892,122.401,122.527
EURJPY,2019-06-28,122.527,122.782,122.281,122.639
EURJPY,2019-07-01,122.892,123.355,122.161,122.322
EURJPY,2019-07-02,122.322,122.534,121.722,121.749
EURJPY,2019-07-03,121.75,121.799,121.316,121.641
EURJPY,2019-07-04,121.641,121.717,121.535,121.678
EURJPY,2019-07-05,121.681,121.931,121.606,121.74
EURJPY,2019-07-08,121.676,121.982,121.515,121.934
EURJPY,2019-07-09,121.935,122.132,121.847,122.052
EURJPY,2019-07-10,122.052,122.318,121.951,121.979
EURJPY,2019-07-11,121.978,122.191,121.622,122.173
EURJPY,2019-07-12,122.178,122.23,121.514,121.576
EURJPY,2019-07-15,121.571,121.852,121.418,121.499
EURJPY,2019-07-16,121.5,121.68,121.098,121.31
EURJPY,2019-07-17,121.311,121.484,121.123,121.179
EURJPY,2019-07-18,121.179,121.212,120.78,120.951
EURJPY,2019-07-19,120.951,121.28,120.81,120.855
EURJPY,2019-07-22,120.822,121.166,120.8,120.901
EURJPY,2019-07-23,120.901,121.09,120.493,120.693
EURJPY,2019-07-24,120.693,120.7,120.206,120.548
EURJPY,2019-07-25,120.549,121.375,120.05,121.117
EURJPY,2019-07-26,121.116,121.195,120.794,120.924
EURJPY,2019-07-29,120.866,121.33,120.734,121.289
EURJPY,2019-07-30,121.287,121.379,120.881,121.123
EURJPY,2019-07-31,121.122,121.189,120.349,120.478
EURJPY,2019-08-01,120.479,120.709,118.839,119.034
EURJPY,2019-08-02,119.033,119.105,118.261,118.354
EURJPY,2019-08-05,118.332,118.93,117.675,118.721
EURJPY,2019-08-06,118.721,119.875,118.701,119.142
EURJPY,2019-08-07,119.142,119.188,118.438,118.895
EURJPY,2019-08-08,118.894,119.165,118.321,118.451
EURJPY,2019-08-09,118.453,118.741,118.086,118.369
EURJPY,2019-08-12,118.193,118.406,117.516,118.196
EURJPY,2019-08-13,118.197,119.584,117.685,119.143
EURJPY,2019-08-14,119.144,119.151,117.76,118.021
EURJPY,2019-08-15,118.019,118.974,117.625,117.872
EURJPY,2019-08-16,117.872,118.164,117.578,117.928
EURJPY,2019-08-19,117.861,118.476,117.861,118.091
EURJPY,2019-08-20,118.091,118.265,117.578,117.929
EURJPY,2019-08-21,117.932,118.329,117.931,118.222
EURJPY,2019-08-22,118.222,118.301,117.73,118.016
EURJPY,2019-08-23,118.014,118.165,117.259,117.394
EURJPY,2019-08-26,117.103,118.196,116.561,117.637
EURJPY,2019-08-27,117.636,117.763,117.211,117.268
EURJPY,2019-08-28,117.269,117.678,117.101,117.599
EURJPY,2019-08-29,117.598,117.938,117.278,117.732
EURJPY,2019-08-30,117.734,117.774,116.622,116.708
EURJPY,2019-09-02,116.558,116.776,116.348,116.432
EURJPY,2019-09-03,116.432,116.467,115.864,116.147
EURJPY,2019-09-04,116.146,117.433,116.143,117.341
EURJPY,2019-09-05,117.34,118.612,117.275,118.145
EURJPY,2019-09-06,118.143,118.265,117.784,117.868
EURJPY,2019-09-09,117.783,118.605,117.735,118.577
EURJPY,2019-09-10,118.576,118.901,118.269,118.9
EURJPY,2019-09-11,118.898,119.169,118.297,118.97
EURJPY,2019-09-12,118.972,119.821,117.552,119.618
EURJPY,2019-09-13,119.619,120.009,119.536,119.667
EURJPY,2019-09-16,119.001,119.509,118.685,118.997
EURJPY,2019-09-17,118.993,119.773,118.871,119.704
EURJPY,2019-09-18,119.704,119.822,119.409,119.602
EURJPY,2019-09-19,119.602,119.641,118.953,119.364
EURJPY,2019-09-20,119.363,119.38,118.457,118.516
EURJPY,2019-09-23,118.651,118.787,117.753,118.288
EURJPY,2019-09-24,118.288,118.56,117.886,118.028
EURJPY,2019-09-25,118.027,118.198,117.79,117.949
EURJPY,2019-09-26,117.948,118.05,117.515,117.689
EURJPY,2019-09-27,117.689,118.474,117.445,118.057
EURJPY,2019-09-30,118.137,118.182,117.542,117.778
EURJPY,2019-10-01,117.777,118.17,117.674,117.81
EURJPY,2019-10-02,117.809,118.001,117.325,117.456
EURJPY,2019-10-03,117.457,117.649,117.072,117.243
EURJPY,2019-10-04,117.243,117.488,117.083,117.356
EURJPY,2019-10-07,117.107,117.903,117.084,117.674
EURJPY,2019-10-08,117.673,117.966,117.129,117.207
EURJPY,2019-10-09,117.211,118.094,117.207,117.785
EURJPY,2019-10-10,117.785,118.942,117.731,118.779
EURJPY,2019-10-11,118.78,120.003,118.763,119.63
EURJPY,2019-10-14,119.524,119.712,119.188,119.518
EURJPY,2019-10-15,119.516,120.224,119.12,120.052
EURJPY,2019-10-16,120.052,120.468,119.745,120.354
EURJPY,2019-10-17,120.353,121.354,120.334,120.812
EURJPY,2019-10-18,120.814,121.118,120.67,121.074
EURJPY,2019-10-21,121.031,121.472,120.779,121.113
EURJPY,2019-10-22,121.113,121.285,120.577,120.734
EURJPY,2019-10-23,120.732,121.051,120.385,120.937
EURJPY,2019-10-24,120.935,121.385,120.428,120.599
EURJPY,2019-10-25,120.598,120.801,120.352,120.366
EURJPY,2019-10-28,120.496,120.989,120.408,120.945
EURJPY,2019-10-29,120.944,121.063,120.575,120.984
EURJPY,2019-10-30,120.983,121.447,120.875,121.341
EURJPY,2019-10-31,121.342,121.468,120.284,120.492
EURJPY,2019-11-01,120.491,120.941,120.36,120.766
EURJPY,2019-11-04,120.873,121.106,120.752,120.964
EURJPY,2019-11-05,120.963,121.298,120.696,120.866
EURJPY,2019-11-06,120.867,120.907,120.471,120.571
EURJPY,2019-11-07,120.57,121.112,120.138,120.775
EURJPY,2019-11-08,120.773,120.874,120.217,120.364
EURJPY,2019-11-11,120.375,120.42,120.068,120.326
EURJPY,2019-11-12,120.326,120.636,119.945,120.027
EURJPY,2019-11-13,120.028,120.18,119.578,119.784
EURJPY,2019-11-14,119.783,119.812,119.249,119.558
EURJPY,2019-11-15,119.559,120.315,119.54,120.185
EURJPY,2019-11-18,120.188,120.686,120.091,120.317
EURJPY,2019-11-19,120.317,120.496,120.0,120.166
EURJPY,2019-11-20,120.166,120.407,119.848,120.162
EURJPY,2019-11-21,120.164,120.576,119.94,120.149
EURJPY,2019-11-22,120.149,120.488,119.662,119.683
EURJPY,2019-11-25,119.732,120.114,119.669,120.011
EURJPY,2019-11-26,120.013,120.252,119.916,120.247
EURJPY,2019-11-27,120.246,120.596,120.059,120.364
EURJPY,2019-11-28,120.363,120.602,120.338,120.595
EURJPY,2019-11-29,120.596,120.762,120.411,120.586
EURJPY,2019-12-02,120.72,121.015,120.521,120.755
EURJPY,2019-12-03,120.755,120.96,120.244,120.416
EURJPY,2019-12-04,120.417,120.81,120.099,120.614
EURJPY,2019-12-05,120.611,120.888,120.554,120.729
EURJPY,2019-12-06,120.73,120.786,120.003,120.033
EURJPY,2019-12-09,120.104,120.268,119.992,120.143
EURJPY,2019-12-10,120.142,120.76,120.116,120.651
EURJPY,2019-12-11,120.651,120.927,120.372,120.849
EURJPY,2019-12-12,120.848,122.581,120.756,122.349
EURJPY,2019-12-13,122.351,122.648,121.459,121.562
EURJPY,2019-12-16,121.59,122.228,121.59,122.025
EURJPY,2019-12-17,122.028,122.459,121.926,122.132
EURJPY,2019-12-18,122.132,122.139,121.716,121.765
EURJPY,2019-12-19,121.767,122.049,121.421,121.671
EURJPY,2019-12-20,121.672,121.688,121.191,121.211
EURJPY,2019-12-23,121.236,121.352,121.082,121.308
EURJPY,2019-12-24,121.308,121.371,121.061,121.234
EURJPY,2019-12-25,121.228,121.37,121.011,121.34
EURJPY,2019-12-26,121.339,121.781,121.326,121.704
EURJPY,2019-12-27,121.704,122.503,121.596,122.37
EURJPY,2019-12-30,122.263,122.485,121.872,121.978
EURJPY,2019-12-31,121.982,122.093,121.725,121.827
EURJPY,2020-01-01,121.851,121.984,121.742,121.981
EURJPY,2020-01-02,121.978,122.021,120.981,121.253
EURJPY,2020-01-03,121.252,121.283,120.167,120.573
EURJPY,2020-01-06,120.424,121.395,120.276,121.371
EURJPY,2020-01-07,121.371,121.445,120.223,120.459
EURJPY,2020-01-08,120.459,121.379,120.167,121.178
EURJPY,2020-01-09,121.18,121.688,121.174,121.647
EURJPY,2020-01-10,121.649,121.837,121.522,121.738
EURJPY,2020-01-13,121.718,122.501,121.716,122.489
EURJPY,2020-01-14,122.488,122.763,122.185,122.237
EURJPY,2020-01-15,122.238,122.721,122.208,122.546
EURJPY,2020-01-16,122.546,122.87,122.506,122.706
EURJPY,2020-01-17,122.706,122.84,122.114,122.116
EURJPY,2020-01-20,122.107,122.316,122.033,122.251
EURJPY,2020-01-21,122.251,122.37,121.714,121.838
EURJPY,2020-01-22,121.837,122.015,121.612,121.759
EURJPY,2020-01-23,121.76,121.793,120.633,121.131
EURJPY,2020-01-24,121.13,121.264,120.414,120.452
EURJPY,2020-01-27,120.183,120.398,119.905,120.034
EURJPY,2020-01-28,120.035,120.418,119.806,120.29
EURJPY,2020-01-29,120.289,120.365,119.888,120.036
EURJPY,2020-01-30,120.036,120.246,119.775,120.089
EURJPY,2020-01-31,120.091,120.405,120.026,120.163
EURJPY,2020-02-03,120.275,120.378,119.918,120.157
EURJPY,2020-02-04,120.157,120.981,120.062,120.875
EURJPY,2020-02-05,120.874,121.15,120.656,120.804
EURJPY,2020-02-06,120.804,121.019,120.568,120.754
EURJPY,2020-02-07,120.754,120.762,120.079,120.08
EURJPY,2020-02-10,120.013,120.338,119.677,119.759
EURJPY,2020-02-11,119.759,120.024,119.592,119.937
EURJPY,2020-02-12,119.936,120.302,119.398,119.486
EURJPY,2020-02-13,119.488,119.593,118.872,119.005
EURJPY,2020-02-14,119.011,119.227,118.865,118.883
EURJPY,2020-02-17,119.054,119.194,118.904,119.027
EURJPY,2020-02-18,119.027,119.03,118.462,118.657
EURJPY,2020-02-19,118.656,120.495,118.631,120.208
EURJPY,2020-02-20,120.208,121.395,120.093,120.797
EURJPY,2020-02-21,120.796,121.352,120.358,120.98
EURJPY,2020-02-24,120.316,121.069,119.899,120.26
EURJPY,2020-02-25,120.262,120.533,119.41,119.991
EURJPY,2020-02-26,119.992,120.585,119.75,120.168
EURJPY,2020-02-27,120.169,121.04,119.949,120.541
EURJPY,2020-02-28,120.541,120.593,118.379,119.162
EURJPY,2020-03-02,118.659,120.948,118.602,120.944
EURJPY,2020-03-03,120.945,120.947,119.461,119.661
EURJPY,2020-03-04,119.662,120.131,119.025,119.973
EURJPY,2020-03-05,119.974,119.976,118.996,119.248
EURJPY,2020-03-06,119.246,119.432,118.707,118.835
EURJPY,2020-03-09,118.264,118.687,116.124,117.503
EURJPY,2020-03-10,117.501,119.482,117.27,118.84
EURJPY,2020-03-11,118.84,119.225,117.448,117.721
EURJPY,2020-03-12,117.725,118.336,116.308,117.035
EURJPY,2020-03-13,117.034,120.32,116.955,119.833
EURJPY,2020-03-16,119.071,119.887,117.134,118.568
EURJPY,2020-03-17,118.568,119.684,117.292,118.331
EURJPY,2020-03-18,118.329,118.924,116.897,118.606
EURJPY,2020-03-19,118.603,119.324,117.405,118.585
EURJPY,2020-03-20,118.593,119.298,117.841,118.479
EURJPY,2020-03-23,118.5,119.934,117.721,119.288
EURJPY,2020-03-24,119.277,120.536,118.805,119.989
EURJPY,2020-03-25,119.991,121.143,119.51,120.679
EURJPY,2020-03-26,120.675,121.078,119.952,120.555
EURJPY,2020-03-27,120.558,120.719,118.802,120.183
EURJPY,2020-03-30,119.621,119.993,118.795,119.191
EURJPY,2020-03-31,119.191,119.703,118.191,118.539
EURJPY,2020-04-01,118.541,118.872,116.944,117.5
EURJPY,2020-04-02,117.5,117.716,116.349,117.169
EURJPY,2020-04-03,117.167,117.349,116.731,117.204
EURJPY,2020-04-06,117.148,118.305,117.116,117.848
EURJPY,2020-04-07,117.847,119.035,117.506,118.372
EURJPY,2020-04-08,118.371,118.693,117.913,118.295
EURJPY,2020-04-09,118.295,119.0,118.072,118.541
EURJPY,2020-04-10,118.541,118.739,118.393,118.463
EURJPY,2020-04-13,118.678,118.711,117.306,117.526
EURJPY,2020-04-14,117.526,117.939,117.303,117.648
EURJPY,2020-04-15,117.645,117.751,116.792,117.34
EURJPY,2020-04-16,117.34,117.501,116.551,117.195
EURJPY,2020-04-17,117.195,117.236,116.622,116.931
EURJPY,2020-04-20,116.732,117.288,116.682,116.973
EURJPY,2020-04-21,116.973,117.16,116.219,116.939
EURJPY,2020-04-22,116.941,117.218,116.441,116.52
EURJPY,2020-04-23,116.52,116.833,115.636,115.995
EURJPY,2020-04-24,116.0,116.43,115.544,116.321
EURJPY,2020-04-27,116.431,116.511,116.047,116.147
EURJPY,2020-04-28,116.146,116.266,115.583,115.641
EURJPY,2020-04-29,115.641,116.076,115.449,115.964
EURJPY,2020-04-30,115.963,117.775,115.547,117.423
EURJPY,2020-05-01,117.423,117.765,117.018,117.38
EURJPY,2020-05-04,117.179,117.279,116.266,116.334
EURJPY,2020-05-05,116.336,116.569,115.337,115.379
EURJPY,2020-05-06,115.379,115.382,114.426,114.692
EURJPY,2020-05-07,114.693,115.274,114.603,115.264
EURJPY,2020-05-08,115.267,115.743,115.031,115.551
EURJPY,2020-05-11,115.305,116.513,115.284,116.303
EURJPY,2020-05-12,116.301,116.854,115.956,116.229
EURJPY,2020-05-13,116.23,116.401,115.69,115.712
EURJPY,2020-05-14,115.712,116.034,115.324,116.008
EURJPY,2020-05-15,116.01,116.196,115.474,115.793
EURJPY,2020-05-18,115.871,117.24,115.713,117.197
EURJPY,2020-05-19,117.2,118.199,117.026,117.806
EURJPY,2020-05-20,117.806,118.203,117.737,118.134
EURJPY,2020-05-21,118.133,118.525,117.727,117.861
EURJPY,2020-05-22,117.861,117.977,116.995,117.337
EURJPY,2020-05-25,117.231,117.556,117.084,117.398
EURJPY,2020-05-26,117.4,118.333,117.381,118.014
EURJPY,2020-05-27,118.014,118.909,117.703,118.767
EURJPY,2020-05-28,118.767,119.393,118.482,119.244
EURJPY,2020-05-29,119.243,119.898,118.857,119.68
EURJPY,2020-06-01,119.746,119.974,119.422,119.664
EURJPY,2020-06-02,119.661,121.742,119.622,121.727
EURJPY,2020-06-03,121.728,122.622,121.266,122.466
EURJPY,2020-06-04,122.468,123.97,121.845,123.728
EURJPY,2020-06-05,123.728,124.429,123.539,123.723
EURJPY,2020-06-08,123.753,124.118,122.222,122.559
EURJPY,2020-06-09,122.559,122.573,121.327,122.156
EURJPY,2020-06-10,122.157,122.363,121.567,121.625
EURJPY,2020-06-11,121.628,121.893,120.429,120.563
EURJPY,2020-06-12,120.565,121.816,120.253,120.865
EURJPY,2020-06-15,120.609,121.867,120.335,121.861
EURJPY,2020-06-16,121.861,122.117,120.471,120.981
EURJPY,2020-06-17,120.982,121.233,120.147,120.151
EURJPY,2020-06-18,120.151,120.54,119.589,119.924
EURJPY,2020-06-19,119.926,120.213,119.374,119.413
EURJPY,2020-06-22,119.425,120.605,119.311,120.555
EURJPY,2020-06-23,120.555,121.1,119.905,120.394
EURJPY,2020-06-24,120.393,120.748,120.036,120.407
EURJPY,2020-06-25,120.406,120.625,120.139,120.21
EURJPY,2020-06-26,120.21,120.378,119.811,120.25
EURJPY,2020-06-29,120.087,121.358,120.087,120.994
EURJPY,2020-06-30,120.994,121.426,120.586,121.312
EURJPY,2020-07-01,121.312,121.48,120.259,120.809
EURJPY,2020-07-02,120.81,121.44,120.748,120.799
EURJPY,2020-07-03,120.801,120.961,120.608,120.802
EURJPY,2020-07-06,120.807,121.966,120.782,121.45
EURJPY,2020-07-07,121.45,121.717,121.183,121.281
EURJPY,2020-07-08,121.283,121.879,121.136,121.633
EURJPY,2020-07-09,121.633,121.964,120.903,121.049
EURJPY,2020-07-10,121.051,121.066,120.269,120.827
EURJPY,2020-07-13,120.798,121.964,120.798,121.71
EURJPY,2020-07-14,121.709,122.417,121.468,122.37
EURJPY,2020-07-15,122.369,122.499,121.82,122.047
EURJPY,2020-07-16,122.045,122.501,121.814,122.177
EURJPY,2020-07-17,122.178,122.573,121.929,122.299
EURJPY,2020-07-20,122.299,122.972,122.161,122.806
EURJPY,2020-07-21,122.807,123.298,122.469,123.235
EURJPY,2020-07-22,123.236,124.291,123.058,123.946
EURJPY,2020-07-23,123.946,124.242,123.708,123.886
EURJPY,2020-07-24,123.888,123.888,122.839,123.682
EURJPY,2020-07-27,123.457,123.926,123.22,123.892
EURJPY,2020-07-28,123.892,123.984,123.012,123.174
EURJPY,2020-07-29,123.174,123.806,123.014,123.75
EURJPY,2020-07-30,123.75,124.309,123.335,124.284
EURJPY,2020-07-31,124.284,125.207,123.838,124.653
EURJPY,2020-08-03,124.52,125.055,123.991,124.694
EURJPY,2020-08-04,124.694,125.0,124.264,124.783
EURJPY,2020-08-05,124.785,125.514,124.634,125.327
EURJPY,2020-08-06,125.327,125.587,124.662,125.383
EURJPY,2020-08-07,125.381,125.392,124.458,124.822
EURJPY,2020-08-10,124.816,124.884,124.319,124.393
EURJPY,2020-08-11,124.395,125.499,124.395,124.967
EURJPY,2020-08-12,124.965,126.215,124.949,126.01
EURJPY,2020-08-13,126.009,126.755,125.916,126.402
EURJPY,2020-08-14,126.404,126.413,125.741,126.21
EURJPY,2020-08-17,126.197,126.46,125.67,125.875
EURJPY,2020-08-18,125.875,126.09,125.344,125.717
EURJPY,2020-08-19,125.719,126.06,125.374,125.645
EURJPY,2020-08-20,125.645,125.78,125.08,125.436
EURJPY,2020-08-21,125.434,125.556,124.44,124.768
EURJPY,2020-08-24,124.712,125.343,124.687,125.01
EURJPY,2020-08-25,125.011,126.029,124.94,125.91
EURJPY,2020-08-26,125.907,126.139,125.261,125.356
EURJPY,2020-08-27,125.356,126.092,125.132,126.075
EURJPY,2020-08-28,126.076,126.774,125.195,125.366
EURJPY,2020-08-31,125.493,126.845,125.388,126.524
EURJPY,2020-09-01,126.524,127.074,126.135,126.254
EURJPY,2020-09-02,126.253,126.313,125.553,125.811
EURJPY,2020-09-03,125.812,126.023,125.284,125.626
EURJPY,2020-09-04,125.626,125.985,125.301,125.757
EURJPY,2020-09-07,125.838,125.941,125.515,125.634
EURJPY,2020-09-08,125.634,125.642,124.423,124.694
EURJPY,2020-09-09,124.694,125.645,124.448,125.397
EURJPY,2020-09-10,125.397,126.461,125.319,125.502
EURJPY,2020-09-11,125.503,126.123,125.483,125.742
EURJPY,2020-09-14,125.561,125.899,125.285,125.471
EURJPY,2020-09-15,125.471,125.768,124.755,124.816
EURJPY,2020-09-16,124.816,125.014,123.833,124.023
EURJPY,2020-09-17,124.023,124.165,123.311,124.036
EURJPY,2020-09-18,124.035,124.308,123.431,123.799
EURJPY,2020-09-21,123.784,123.939,122.517,123.146
EURJPY,2020-09-22,123.146,123.275,122.654,122.979
EURJPY,2020-09-23,122.98,123.19,122.576,122.756
EURJPY,2020-09-24,122.757,123.159,122.58,123.084
EURJPY,2020-09-25,123.083,123.154,122.608,122.807
EURJPY,2020-09-28,122.693,123.208,122.376,123.125
EURJPY,2020-09-29,123.125,124.118,123.023,124.079
EURJPY,2020-09-30,124.08,124.248,123.53,123.621
EURJPY,2020-10-01,123.622,124.202,123.611,123.959
EURJPY,2020-10-02,123.959,123.991,123.017,123.382
EURJPY,2020-10-05,123.29,124.713,123.289,124.617
EURJPY,2020-10-06,124.619,124.73,123.85,123.993
EURJPY,2020-10-07,123.994,124.875,123.865,124.68
EURJPY,2020-10-08,124.68,124.874,124.362,124.764
EURJPY,2020-10-09,124.762,125.084,124.513,124.892
EURJPY,2020-10-12,124.928,125.015,124.285,124.433
EURJPY,2020-10-13,124.433,124.468,123.806,123.839
EURJPY,2020-10-14,123.841,123.937,123.471,123.487
EURJPY,2020-10-15,123.485,123.773,123.015,123.336
EURJPY,2020-10-16,123.336,123.712,123.115,123.465
EURJPY,2020-10-19,123.489,124.339,123.363,124.108
EURJPY,2020-10-20,124.108,125.0,124.095,124.769
EURJPY,2020-10-21,124.77,124.836,123.912,124.062
EURJPY,2020-10-22,124.061,124.092,123.647,123.941
EURJPY,2020-10-23,123.941,124.228,123.411,124.172
EURJPY,2020-10-26,124.071,124.203,123.774,123.799
EURJPY,2020-10-27,123.798,123.992,122.991,123.17
EURJPY,2020-10-28,123.171,123.175,122.185,122.551
EURJPY,2020-10-29,122.551,122.889,121.891,122.105
EURJPY,2020-10-30,122.106,122.462,121.615,121.869
EURJPY,2020-11-02,121.757,122.151,121.699,121.9
EURJPY,2020-11-03,121.9,123.07,121.809,122.961
EURJPY,2020-11-04,122.963,123.021,121.958,122.529
EURJPY,2020-11-05,122.53,123.181,122.209,122.427
EURJPY,2020-11-06,122.426,122.99,122.218,122.697
EURJPY,2020-11-09,122.838,125.134,122.673,124.318
EURJPY,2020-11-10,124.318,124.604,123.99,124.4
EURJPY,2020-11-11,124.399,124.674,123.918,124.171
EURJPY,2020-11-12,124.172,124.5,123.683,124.056
EURJPY,2020-11-13,124.057,124.3,123.66,123.802
EURJPY,2020-11-16,124.02,124.438,123.626,123.968
EURJPY,2020-11-17,123.965,124.025,123.514,123.588
EURJPY,2020-11-18,123.588,123.589,123.004,123.068
EURJPY,2020-11-19,123.067,123.318,122.843,123.174
EURJPY,2020-11-20,123.172,123.479,123.009,123.093
EURJPY,2020-11-23,123.053,123.825,123.048,123.783
EURJPY,2020-11-24,123.784,124.363,123.66,124.337
EURJPY,2020-11-25,124.336,124.51,124.143,124.407
EURJPY,2020-11-26,124.409,124.568,123.911,124.177
EURJPY,2020-11-27,124.178,124.533,123.899,124.471
EURJPY,2020-11-30,124.457,125.126,124.304,124.511
EURJPY,2020-12-01,124.511,125.953,124.487,125.892
EURJPY,2020-12-02,125.893,126.562,125.776,126.528
EURJPY,2020-12-03,126.528,126.654,126.028,126.105
EURJPY,2020-12-04,126.107,126.682,126.04,126.31
EURJPY,2020-12-07,126.279,126.484,125.945,125.945
EURJPY,2020-12-08,125.946,126.257,125.86,126.108
EURJPY,2020-12-09,126.107,126.517,125.784,125.96
EURJPY,2020-12-10,125.961,126.742,125.939,126.509
EURJPY,2020-12-11,126.507,126.528,125.783,125.959
EURJPY,2020-12-14,126.226,126.513,125.916,126.355
EURJPY,2020-12-15,126.354,126.589,125.931,125.978
EURJPY,2020-12-16,125.979,126.345,125.704,126.204
EURJPY,2020-12-17,126.198,126.531,126.013,126.472
EURJPY,2020-12-18,126.472,127.013,126.383,126.586
EURJPY,2020-12-21,126.499,126.614,125.91,126.43
EURJPY,2020-12-22,126.43,126.657,125.991,126.154
EURJPY,2020-12-23,126.155,126.378,125.935,126.247
EURJPY,2020-12-24,126.247,126.499,126.078,126.215
EURJPY,2020-12-25,126.216,126.385,125.999,126.168
EURJPY,2020-12-28,126.094,126.955,126.046,126.748
EURJPY,2020-12-29,126.748,127.231,126.744,126.879
EURJPY,2020-12-30,126.881,127.133,126.463,126.832
EURJPY,2020-12-31,126.83,126.98,126.078,126.121
EURJPY,2021-01-04,126.166,126.796,126.094,126.368
EURJPY,2021-01-05,126.367,126.553,126.047,126.287
EURJPY,2021-01-06,126.286,127.243,126.136,127.112
EURJPY,2021-01-07,127.11,127.492,126.914,127.357
EURJPY,2021-01-08,127.362,127.464,126.814,127.029
EURJPY,2021-01-11,126.866,127.015,126.555,126.639
EURJPY,2021-01-12,126.639,126.864,126.538,126.661
EURJPY,2021-01-13,126.661,126.691,126.214,126.27
EURJPY,2021-01-14,126.271,126.524,125.925,126.171
EURJPY,2021-01-15,126.17,126.192,125.401,125.408
EURJPY,2021-01-18,125.436,125.488,125.087,125.249
EURJPY,2021-01-19,125.25,126.211,125.236,126.126
EURJPY,2021-01-20,126.127,126.185,125.268,125.457
EURJPY,2021-01-21,125.456,125.968,125.377,125.923
EURJPY,2021-01-22,125.923,126.399,125.918,126.275
EURJPY,2021-01-25,126.291,126.369,125.808,125.995
EURJPY,2021-01-26,125.994,126.16,125.688,126.012
EURJPY,2021-01-27,126.014,126.187,125.598,126.039
EURJPY,2021-01-28,126.041,126.664,126.004,126.423
EURJPY,2021-01-29,126.423,127.343,126.363,127.054
EURJPY,2021-02-01,127.1,127.127,126.519,126.567
EURJPY,2021-02-02,126.566,126.822,126.267,126.42
EURJPY,2021-02-03,126.421,126.525,126.143,126.431
EURJPY,2021-02-04,126.432,126.464,126.097,126.336
EURJPY,2021-02-05,126.336,126.99,126.164,126.916
EURJPY,2021-02-08,126.796,127.125,126.648,126.808
EURJPY,2021-02-09,126.807,126.849,126.434,126.726
EURJPY,2021-02-10,126.725,127.078,126.645,126.788
EURJPY,2021-02-11,126.787,127.162,126.702,127.069
EURJPY,2021-02-12,127.068,127.306,126.98,127.142
EURJPY,2021-02-15,127.18,127.973,127.172,127.837
EURJPY,2021-02-16,127.836,128.454,127.836,128.279
EURJPY,2021-02-17,128.279,128.355,127.309,127.505
EURJPY,2021-02-18,127.506,127.826,127.328,127.757
EURJPY,2021-02-19,127.758,128.182,127.652,127.729
EURJPY,2021-02-22,127.681,128.243,127.503,127.73
EURJPY,2021-02-23,127.729,128.054,127.686,127.942
EURJPY,2021-02-24,127.939,128.946,127.93,128.943
EURJPY,2021-02-25,128.94,129.974,128.873,129.353
EURJPY,2021-02-26,129.35,129.466,128.559,128.573
EURJPY,2021-03-01,128.633,128.94,128.22,128.733
EURJPY,2021-03-02,128.734,129.075,128.181,129.018
EURJPY,2021-03-03,129.016,129.458,128.738,128.981
EURJPY,2021-03-04,128.98,129.639,128.913,129.186
EURJPY,2021-03-05,129.184,129.577,128.846,129.045
EURJPY,2021-03-08,129.111,129.388,128.779,129.086
EURJPY,2021-03-09,129.088,129.545,128.934,129.172
EURJPY,2021-03-10,129.172,129.429,129.036,129.319
EURJPY,2021-03-11,129.318,130.129,129.231,130.079
EURJPY,2021-03-12,130.078,130.391,129.815,130.298
EURJPY,2021-03-15,130.176,130.485,129.988,130.146
EURJPY,2021-03-16,130.146,130.396,129.487,129.77
EURJPY,2021-03-17,129.77,130.497,129.751,130.486
EURJPY,2021-03-18,130.487,130.663,129.593,129.823
EURJPY,2021-03-19,129.822,129.998,129.318,129.588
EURJPY,2021-03-22,128.977,129.941,128.948,129.797
EURJPY,2021-03-23,129.797,129.919,128.438,128.488
EURJPY,2021-03-24,128.485,128.858,128.29,128.512
EURJPY,2021-03-25,128.512,128.943,128.382,128.562
EURJPY,2021-03-26,128.561,129.46,128.523,129.282
EURJPY,2021-03-29,129.339,129.428,128.831,129.263
EURJPY,2021-03-30,129.263,129.548,129.178,129.309
EURJPY,2021-03-31,129.31,130.044,129.251,129.884
EURJPY,2021-04-01,129.883,130.307,129.648,130.269
EURJPY,2021-04-02,130.269,130.317,129.966,130.138
EURJPY,2021-04-05,130.105,130.264,129.833,130.214
EURJPY,2021-04-06,130.213,130.561,129.812,130.368
EURJPY,2021-04-07,130.368,130.684,130.137,130.424
EURJPY,2021-04-08,130.423,130.477,129.569,130.269
EURJPY,2021-04-09,130.272,130.548,130.049,130.489
EURJPY,2021-04-12,130.36,130.61,129.893,130.292
EURJPY,2021-04-13,130.291,130.499,129.798,130.203
EURJPY,2021-04-14,130.204,130.582,130.03,130.484
EURJPY,2021-04-15,130.486,130.529,130.022,130.095
EURJPY,2021-04-16,130.094,130.54,129.977,130.341
EURJPY,2021-04-19,130.203,130.322,129.698,130.187
EURJPY,2021-04-20,130.187,130.972,129.991,130.11
EURJPY,2021-04-21,130.11,130.141,129.634,130.054
EURJPY,2021-04-22,130.055,130.467,129.669,129.738
EURJPY,2021-04-23,129.739,130.561,129.589,130.469
EURJPY,2021-04-26,130.47,130.76,130.207,130.699
EURJPY,2021-04-27,130.697,131.519,130.569,131.483
EURJPY,2021-04-28,131.483,131.816,131.395,131.68
EURJPY,2021-04-29,131.681,132.366,131.595,132.049
EURJPY,2021-04-30,132.049,132.191,131.375,131.386
EURJPY,2021-05-03,131.467,132.16,131.416,131.55
EURJPY,2021-05-04,131.551,131.638,131.14,131.356
EURJPY,2021-05-05,131.356,131.459,130.981,131.146
EURJPY,2021-05-06,131.147,131.849,131.116,131.572
EURJPY,2021-05-07,131.571,132.173,131.48,132.063
EURJPY,2021-05-10,132.114,132.527,131.961,132.147
EURJPY,2021-05-11,132.148,132.473,131.783,132.026
EURJPY,2021-05-12,132.026,132.461,131.656,132.446
EURJPY,2021-05-13,132.448,132.731,132.034,132.26
EURJPY,2021-05-14,132.26,132.843,132.255,132.805
EURJPY,2021-05-17,132.476,132.95,132.471,132.796
EURJPY,2021-05-18,132.795,133.187,132.713,133.061
EURJPY,2021-05-19,133.062,133.438,132.636,132.977
EURJPY,2021-05-20,132.977,133.095,132.704,133.082
EURJPY,2021-05-21,133.083,133.208,132.531,132.717
EURJPY,2021-05-24,132.621,133.043,132.518,132.951
EURJPY,2021-05-25,132.951,133.611,132.839,133.236
EURJPY,2021-05-26,133.237,133.413,132.996,133.099
EURJPY,2021-05-27,133.099,134.055,132.93,133.884
EURJPY,2021-05-28,133.884,134.006,133.607,133.883
EURJPY,2021-05-31,133.747,134.019,133.659,133.935
EURJPY,2021-06-01,133.938,134.123,133.684,133.779
EURJPY,2021-06-02,133.779,134.07,133.646,133.808
EURJPY,2021-06-03,133.808,133.915,133.624,133.782
EURJPY,2021-06-04,133.783,133.783,133.139,133.233
EURJPY,2021-06-07,133.092,133.383,132.886,133.21
EURJPY,2021-06-08,133.209,133.424,133.132,133.25
EURJPY,2021-06-09,133.252,133.626,133.201,133.493
EURJPY,2021-06-10,133.492,133.757,133.043,133.161
EURJPY,2021-06-11,133.16,133.411,132.664,132.779
EURJPY,2021-06-14,132.706,133.438,132.648,133.392
EURJPY,2021-06-15,133.391,133.681,133.272,133.469
EURJPY,2021-06-16,133.47,133.585,132.652,132.868
EURJPY,2021-06-17,132.872,132.872,131.022,131.427
EURJPY,2021-06-18,131.426,131.429,130.608,130.755
EURJPY,2021-06-21,130.683,131.544,130.037,131.484
EURJPY,2021-06-22,131.483,132.194,131.216,132.084
EURJPY,2021-06-23,132.083,132.693,132.033,132.436
EURJPY,2021-06-24,132.436,132.576,132.113,132.303
EURJPY,2021-06-25,132.303,132.452,132.121,132.208
EURJPY,2021-06-28,132.213,132.345,131.777,131.939
EURJPY,2021-06-29,131.94,131.95,131.276,131.539
EURJPY,2021-06-30,131.54,131.781,131.276,131.752
EURJPY,2021-07-01,131.753,132.43,131.56,132.163
EURJPY,2021-07-02,132.162,132.229,131.677,131.691
EURJPY,2021-07-05,131.699,131.865,131.545,131.575
EURJPY,2021-07-06,131.574,131.862,130.619,130.756
EURJPY,2021-07-07,130.757,131.036,130.406,130.469
EURJPY,2021-07-08,130.469,130.488,129.623,130.077
EURJPY,2021-07-09,130.078,130.876,129.933,130.748
EURJPY,2021-07-12,130.714,130.99,130.45,130.881
EURJPY,2021-07-13,130.88,131.087,130.211,130.228
EURJPY,2021-07-14,130.228,130.431,130.018,130.159
EURJPY,2021-07-15,130.159,130.193,129.611,129.666
EURJPY,2021-07-16,129.664,130.28,129.642,129.929
EURJPY,2021-07-19,129.898,129.957,128.889,129.162
EURJPY,2021-07-20,129.162,129.523,128.596,129.506
EURJPY,2021-07-21,129.507,130.189,129.157,130.012
EURJPY,2021-07-22,130.009,130.294,129.485,129.663
EURJPY,2021-07-23,129.663,130.184,129.638,130.093
EURJPY,2021-07-26,130.023,130.347,129.676,130.213
EURJPY,2021-07-27,130.213,130.27,129.544,129.795
EURJPY,2021-07-28,129.795,130.236,129.622,130.173
EURJPY,2021-07-29,130.174,130.56,129.895,130.093
EURJPY,2021-07-30,130.091,130.497,130.018,130.137
EURJPY,2021-08-02,130.106,130.422,129.601,129.748
EURJPY,2021-08-03,129.75,129.865,129.164,129.368
EURJPY,2021-08-04,129.369,129.817,129.133,129.657
EURJPY,2021-08-05,129.658,130.014,129.629,129.875
EURJPY,2021-08-06,129.876,129.962,129.582,129.625
EURJPY,2021-08-09,129.636,129.66,129.392,129.476
EURJPY,2021-08-10,129.476,129.687,129.402,129.617
EURJPY,2021-08-11,129.616,129.804,129.559,129.601
EURJPY,2021-08-12,129.602,129.706,129.392,129.563
EURJPY,2021-08-13,129.565,129.696,129.233,129.267
EURJPY,2021-08-16,129.37,129.434,128.498,128.729
EURJPY,2021-08-17,128.73,128.873,128.246,128.262
EURJPY,2021-08-18,128.263,128.948,128.219,128.543
EURJPY,2021-08-19,128.542,128.705,127.932,128.174
EURJPY,2021-08-20,128.171,128.524,127.945,128.397
EURJPY,2021-08-23,128.266,129.144,128.251,128.805
EURJPY,2021-08-24,128.804,129.031,128.59,128.964
EURJPY,2021-08-25,128.961,129.543,128.768,129.465
EURJPY,2021-08-26,129.464,129.765,129.227,129.35
EURJPY,2021-08-27,129.35,129.749,129.156,129.551
EURJPY,2021-08-30,129.574,129.753,129.486,129.698
EURJPY,2021-08-31,129.697,130.174,129.592,129.974
EURJPY,2021-09-01,129.975,130.453,129.965,130.361
EURJPY,2021-09-02,130.359,130.589,130.16,130.547
EURJPY,2021-09-03,130.547,130.743,130.186,130.278
EURJPY,2021-09-06,130.27,130.501,130.205,130.394
EURJPY,2021-09-07,130.394,130.658,130.294,130.623
EURJPY,2021-09-08,130.622,130.694,130.175,130.268
EURJPY,2021-09-09,130.268,130.288,129.667,129.785
EURJPY,2021-09-10,129.785,130.276,129.685,129.789
EURJPY,2021-09-13,129.815,129.96,129.587,129.903
EURJPY,2021-09-14,129.903,130.194,129.365,129.491
EURJPY,2021-09-15,129.488,129.535,129.058,129.28
EURJPY,2021-09-16,129.28,129.359,128.608,129.061
EURJPY,2021-09-17,129.06,129.673,128.906,128.92
EURJPY,2021-09-20,128.925,129.026,128.143,128.334
EURJPY,2021-09-21,128.332,128.704,127.933,127.964
EURJPY,2021-09-22,127.965,128.775,127.929,128.352
EURJPY,2021-09-23,128.351,129.544,128.335,129.522
EURJPY,2021-09-24,129.522,129.846,129.384,129.729
EURJPY,2021-09-27,129.776,129.933,129.48,129.779
EURJPY,2021-09-28,129.778,130.382,129.665,130.333
EURJPY,2021-09-29,130.332,130.474,129.672,129.866
EURJPY,2021-09-30,129.863,129.963,128.778,129.003
EURJPY,2021-10-01,129.002,129.045,128.549,128.73
EURJPY,2021-10-04,128.605,129.377,128.583,128.903
EURJPY,2021-10-05,128.902,129.388,128.755,129.274
EURJPY,2021-10-06,129.275,129.499,128.332,128.732
EURJPY,2021-10-07,128.73,129.089,128.63,129.072
EURJPY,2021-10-08,129.071,129.906,129.004,129.863
EURJPY,2021-10-11,129.741,131.226,129.741,131.003
EURJPY,2021-10-12,131.0,131.275,130.742,130.915
EURJPY,2021-10-13,130.914,131.462,130.88,131.398
EURJPY,2021-10-14,131.398,132.0,131.375,131.935
EURJPY,2021-10-15,131.935,132.772,131.919,132.503
EURJPY,2021-10-18,132.389,132.786,132.146,132.726
EURJPY,2021-10-19,132.724,133.267,132.62,133.23
EURJPY,2021-10-20,133.228,133.48,132.736,133.291
EURJPY,2021-10-21,133.289,133.373,132.259,132.347
EURJPY,2021-10-22,132.35,132.793,131.919,132.123
EURJPY,2021-10-25,132.156,132.599,131.861,132.065
EURJPY,2021-10-26,132.065,132.665,131.961,132.412
EURJPY,2021-10-27,132.411,132.523,131.578,131.955
EURJPY,2021-10-28,131.956,132.732,131.556,132.727
EURJPY,2021-10-29,132.729,132.919,131.606,131.789
EURJPY,2021-11-01,131.808,132.444,131.796,132.345
EURJPY,2021-11-02,132.344,132.363,131.475,131.96
EURJPY,2021-11-03,131.96,132.498,131.749,132.492
EURJPY,2021-11-04,132.492,132.561,131.017,131.537
EURJPY,2021-11-05,131.541,131.585,130.836,131.158
EURJPY,2021-11-08,130.996,131.427,130.895,131.238
EURJPY,2021-11-09,131.239,131.249,130.676,130.911
EURJPY,2021-11-10,130.912,131.417,130.643,130.831
EURJPY,2021-11-11,130.83,130.997,130.439,130.552
EURJPY,2021-11-12,130.552,130.761,130.235,130.324
EURJPY,2021-11-15,130.393,130.598,129.61,129.736
EURJPY,2021-11-16,129.73,130.111,129.662,130.046
EURJPY,2021-11-17,130.046,130.067,129.034,129.24
EURJPY,2021-11-18,129.235,129.973,129.07,129.92
EURJPY,2021-11-19,129.92,129.987,127.976,128.62
EURJPY,2021-11-22,128.607,129.321,128.56,129.048
EURJPY,2021-11-23,129.044,129.597,128.891,129.469
EURJPY,2021-11-24,129.469,129.559,128.688,129.286
EURJPY,2021-11-25,129.283,129.526,128.942,128.994
EURJPY,2021-11-26,128.989,129.056,127.794,128.299
EURJPY,2021-11-29,128.448,128.606,127.488,128.512
EURJPY,2021-11-30,128.512,128.562,127.643,128.37
EURJPY,2021-12-01,128.368,128.784,127.489,127.773
EURJPY,2021-12-02,127.769,128.221,127.69,127.783
EURJPY,2021-12-03,127.783,128.339,127.383,127.547
EURJPY,2021-12-06,127.539,128.086,127.512,128.032
EURJPY,2021-12-07,128.032,128.465,127.601,127.975
EURJPY,2021-12-08,127.976,129.105,127.823,128.966
EURJPY,2021-12-09,128.966,129.068,127.936,128.118
EURJPY,2021-12-10,128.118,128.402,127.809,128.291
EURJPY,2021-12-13,128.182,128.455,128.009,128.154
EURJPY,2021-12-14,128.154,128.556,127.965,128.044
EURJPY,2021-12-15,128.044,128.946,128.012,128.872
EURJPY,2021-12-16,128.872,129.638,128.449,128.824
EURJPY,2021-12-17,128.827,128.982,127.747,127.751
EURJPY,2021-12-20,127.696,128.308,127.516,128.181
EURJPY,2021-12-21,128.181,128.782,128.05,128.664
EURJPY,2021-12-22,128.664,129.501,128.562,129.265
EURJPY,2021-12-23,129.265,129.727,129.05,129.604
EURJPY,2021-12-24,129.604,129.748,129.192,129.375
EURJPY,2021-12-27,129.271,130.153,129.211,130.052
EURJPY,2021-12-28,130.051,130.224,129.61,129.876
EURJPY,2021-12-29,129.878,130.583,129.651,130.582
EURJPY,2021-12-30,130.582,130.589,130.123,130.284
EURJPY,2021-12-31,130.284,131.038,130.16,130.854
EURNZD,2019-01-01,1.70583,1.70738,1.70352,1.70727
EURNZD,2019-01-02,1.70727,1.71971,1.69718,1.70582
EURNZD,2019-01-03,1.70582,1.7158,1.69965,1.70291
EURNZD,2019-01-04,1.70295,1.70742,1.68854,1.69055
EURNZD,2019-01-07,1.68893,1.70053,1.68893,1.69964
EURNZD,2019-01-08,1.69958,1.70392,1.69454,1.69894
EURNZD,2019-01-09,1.69904,1.70184,1.68853,1.70154
EURNZD,2019-01-10,1.70147,1.70574,1.69354,1.69594
EURNZD,2019-01-11,1.69587,1.69703,1.67656,1.67715
EURNZD,2019-01-14,1.67834,1.68784,1.67733,1.68066
EURNZD,2019-01-15,1.68065,1.68172,1.67148,1.67325
EURNZD,2019-01-16,1.67325,1.68699,1.66914,1.68284
EURNZD,2019-01-17,1.68294,1.69343,1.67893,1.68444
EURNZD,2019-01-18,1.68444,1.68832,1.67749,1.68523
EURNZD,2019-01-21,1.68204,1.69384,1.68204,1.68954
EURNZD,2019-01-22,1.68953,1.69408,1.68031,1.68323
EURNZD,2019-01-23,1.68323,1.68344,1.66996,1.67624
EURNZD,2019-01-24,1.67616,1.68094,1.66983,1.67293
EURNZD,2019-01-25,1.67293,1.67584,1.66553,1.66715
EURNZD,2019-01-28,1.66863,1.67408,1.66098,1.67254
EURNZD,2019-01-29,1.67255,1.67629,1.66773,1.67574
EURNZD,2019-01-30,1.67574,1.67614,1.66301,1.66544
EURNZD,2019-01-31,1.66544,1.66653,1.65285,1.65573
EURNZD,2019-02-01,1.65573,1.66179,1.65336,1.6611
EURNZD,2019-02-04,1.65994,1.66473,1.65903,1.66288
EURNZD,2019-02-05,1.66288,1.66449,1.65286,1.6531
EURNZD,2019-02-06,1.6531,1.68002,1.65158,1.67834
EURNZD,2019-02-07,1.67834,1.68417,1.6753,1.68082
EURNZD,2019-02-08,1.68082,1.68484,1.67502,1.67773
EURNZD,2019-02-11,1.67834,1.67862,1.67203,1.67407
EURNZD,2019-02-12,1.67407,1.68367,1.67296,1.68149
EURNZD,2019-02-13,1.68153,1.68345,1.65443,1.65463
EURNZD,2019-02-14,1.65464,1.65543,1.64683,1.65303
EURNZD,2019-02-15,1.65303,1.65724,1.64101,1.64479
EURNZD,2019-02-18,1.64594,1.65303,1.64134,1.64983
EURNZD,2019-02-19,1.64983,1.65746,1.6461,1.64873
EURNZD,2019-02-20,1.64873,1.65446,1.64853,1.65443
EURNZD,2019-02-21,1.65444,1.66666,1.64963,1.66433
EURNZD,2019-02-22,1.66432,1.67665,1.65374,1.65426
EURNZD,2019-02-25,1.65093,1.65413,1.64643,1.65054
EURNZD,2019-02-26,1.65054,1.6548,1.64787,1.65179
EURNZD,2019-02-27,1.65181,1.66521,1.6496,1.66063
EURNZD,2019-02-28,1.66065,1.67276,1.65996,1.66739
EURNZD,2019-03-01,1.6674,1.6727,1.66394,1.67105
EURNZD,2019-03-04,1.66643,1.67041,1.65977,1.66162
EURNZD,2019-03-05,1.66167,1.66913,1.6613,1.66243
EURNZD,2019-03-06,1.66246,1.67249,1.66209,1.67096
EURNZD,2019-03-07,1.67098,1.67134,1.65482,1.65525
EURNZD,2019-03-08,1.65525,1.65875,1.64989,1.65014
EURNZD,2019-03-11,1.65274,1.65359,1.64354,1.64734
EURNZD,2019-03-12,1.64733,1.64888,1.64044,1.64687
EURNZD,2019-03-13,1.64688,1.65417,1.64634,1.65226
EURNZD,2019-03-14,1.65226,1.65989,1.65163,1.65386
EURNZD,2019-03-15,1.65388,1.65516,1.65073,1.65319
EURNZD,2019-03-18,1.65249,1.65645,1.65007,1.65603
EURNZD,2019-03-19,1.65608,1.6571,1.6512,1.65674
EURNZD,2019-03-20,1.65668,1.66304,1.65014,1.65182
EURNZD,2019-03-21,1.65184,1.65444,1.64574,1.65264
EURNZD,2019-03-22,1.65265,1.65288,1.6368,1.64275
EURNZD,2019-03-25,1.64229,1.6458,1.6349,1.6369
EURNZD,2019-03-26,1.63691,1.64049,1.62919,1.63194
EURNZD,2019-03-27,1.63194,1.66001,1.62853,1.65523
EURNZD,2019-03-28,1.65545,1.65904,1.64813,1.65583
EURNZD,2019-03-29,1.65583,1.65679,1.64494,1.64688
EURNZD,2019-04-01,1.64578,1.65332,1.64299,1.65014
EURNZD,2019-04-02,1.65014,1.66178,1.64754,1.65943
EURNZD,2019-04-03,1.65944,1.66102,1.65278,1.65624
EURNZD,2019-04-04,1.65626,1.66272,1.6535,1.66083
EURNZD,2019-04-05,1.66083,1.66941,1.65909,1.66507
EURNZD,2019-04-08,1.66445,1.67125,1.66269,1.67024
EURNZD,2019-04-09,1.6702,1.67293,1.6672,1.66854
EURNZD,2019-04-10,1.66854,1.67182,1.66398,1.66604
EURNZD,2019-04-11,1.66604,1.67488,1.66543,1.67424
EURNZD,2019-04-12,1.67426,1.67858,1.66768,1.67003
EURNZD,2019-04-15,1.67104,1.67514,1.66754,1.6705
EURNZD,2019-04-16,1.6705,1.69174,1.66563,1.68204
EURNZD,2019-04-17,1.68204,1.68474,1.67585,1.67965
EURNZD,2019-04-18,1.67968,1.68406,1.67701,1.68004
EURNZD,2019-04-19,1.68007,1.68205,1.67899,1.6799
EURNZD,2019-04-22,1.67969,1.6873,1.67958,1.68506
EURNZD,2019-04-23,1.68503,1.69028,1.68403,1.68713
EURNZD,2019-04-24,1.68717,1.69605,1.68618,1.69103
EURNZD,2019-04-25,1.69104,1.69274,1.67551,1.67884
EURNZD,2019-04-26,1.67885,1.67953,1.67083,1.67294
EURNZD,2019-04-29,1.67466,1.67757,1.66907,1.67678
EURNZD,2019-04-30,1.67675,1.69124,1.67443,1.68593
EURNZD,2019-05-01,1.68593,1.69207,1.68463,1.69013
EURNZD,2019-05-02,1.69014,1.69315,1.68689,1.68914
EURNZD,2019-05-03,1.68914,1.69037,1.68143,1.68518
EURNZD,2019-05-06,1.69019,1.6963,1.68543,1.69503
EURNZD,2019-05-07,1.69498,1.69813,1.69023,1.69634
EURNZD,2019-05-08,1.69636,1.71543,1.69454,1.70068
EURNZD,2019-05-09,1.70068,1.70765,1.69946,1.70334
EURNZD,2019-05-10,1.70334,1.70483,1.69804,1.70127
EURNZD,2019-05-13,1.70028,1.71138,1.69938,1.70876
EURNZD,2019-05-14,1.70879,1.70916,1.70263,1.70494
EURNZD,2019-05-15,1.70495,1.71008,1.7038,1.70768
EURNZD,2019-05-16,1.70769,1.71224,1.70314,1.70973
EURNZD,2019-05-17,1.70975,1.71318,1.70759,1.71153
EURNZD,2019-05-20,1.70896,1.71169,1.70464,1.70774
EURNZD,2019-05-21,1.70775,1.71771,1.7066,1.71588
EURNZD,2019-05-22,1.7159,1.71926,1.71489,1.71744
EURNZD,2019-05-23,1.71748,1.71963,1.71135,1.71484
EURNZD,2019-05-24,1.7148,1.71644,1.70825,1.70939
EURNZD,2019-05-27,1.70991,1.7112,1.70855,1.70967
EURNZD,2019-05-28,1.70968,1.70968,1.7049,1.70628
EURNZD,2019-05-29,1.70629,1.71301,1.70478,1.7095
EURNZD,2019-05-30,1.70948,1.71295,1.70594,1.71118
EURNZD,2019-05-31,1.7112,1.715,1.70684,1.70741
EURNZD,2019-06-03,1.70903,1.71048,1.70268,1.70608
EURNZD,2019-06-04,1.70606,1.70994,1.70125,1.70274
EURNZD,2019-06-05,1.7027,1.70281,1.69349,1.69434
EURNZD,2019-06-06,1.69433,1.70373,1.69144,1.70367
EURNZD,2019-06-07,1.70367,1.70413,1.69755,1.6999
EURNZD,2019-06-10,1.69853,1.71249,1.69822,1.71195
EURNZD,2019-06-11,1.71195,1.72164,1.71153,1.72068
EURNZD,2019-06-12,1.72065,1.72571,1.71571,1.71709
EURNZD,2019-06-13,1.71709,1.72088,1.71466,1.71984
EURNZD,2019-06-14,1.71979,1.72754,1.71953,1.7256
EURNZD,2019-06-17,1.72404,1.72891,1.72135,1.72753
EURNZD,2019-06-18,1.72756,1.73067,1.7125,1.7131
EURNZD,2019-06-19,1.71312,1.72007,1.71215,1.71426
EURNZD,2019-06-20,1.71434,1.71776,1.71082,1.71585
EURNZD,2019-06-21,1.71585,1.72773,1.71172,1.7248
EURNZD,2019-06-24,1.72454,1.72686,1.7197,1.72096
EURNZD,2019-06-25,1.72096,1.72098,1.70895,1.71368
EURNZD,2019-06-26,1.71365,1.72091,1.69903,1.70264
EURNZD,2019-06-27,1.70263,1.70378,1.6955,1.69664
EURNZD,2019-06-28,1.69666,1.69886,1.6915,1.6921
EURNZD,2019-07-01,1.68944,1.69589,1.68848,1.69173
EURNZD,2019-07-02,1.69166,1.69853,1.68839,1.69064
EURNZD,2019-07-03,1.69058,1.69204,1.68004,1.68265
EURNZD,2019-07-04,1.68265,1.68974,1.68047,1.68653
EURNZD,2019-07-05,1.68647,1.69774,1.68539,1.69406
EURNZD,2019-07-08,1.69304,1.69487,1.68785,1.69231
EURNZD,2019-07-09,1.69235,1.69755,1.69064,1.69735
EURNZD,2019-07-10,1.69734,1.70558,1.69096,1.69439
EURNZD,2019-07-11,1.69444,1.6946,1.68539,1.68866
EURNZD,2019-07-12,1.68866,1.68904,1.68261,1.68281
EURNZD,2019-07-15,1.68403,1.68557,1.67354,1.67504
EURNZD,2019-07-16,1.67506,1.67506,1.66783,1.67293
EURNZD,2019-07-17,1.67294,1.67294,1.66419,1.66774
EURNZD,2019-07-18,1.66774,1.66944,1.66026,1.66159
EURNZD,2019-07-19,1.66161,1.66224,1.65593,1.659
EURNZD,2019-07-22,1.65754,1.66341,1.65263,1.66245
EURNZD,2019-07-23,1.66245,1.66504,1.65934,1.66484
EURNZD,2019-07-24,1.66474,1.66554,1.65884,1.66283
EURNZD,2019-07-25,1.66283,1.67504,1.65747,1.67353
EURNZD,2019-07-26,1.67353,1.67838,1.67298,1.67684
EURNZD,2019-07-29,1.67684,1.68243,1.67616,1.68064
EURNZD,2019-07-30,1.68061,1.68784,1.67922,1.68605
EURNZD,2019-07-31,1.68613,1.69288,1.68481,1.68991
EURNZD,2019-08-01,1.68989,1.69234,1.68014,1.69063
EURNZD,2019-08-02,1.69063,1.70374,1.69013,1.69871
EURNZD,2019-08-05,1.70044,1.72262,1.69984,1.71425
EURNZD,2019-08-06,1.71426,1.72064,1.70663,1.71564
EURNZD,2019-08-07,1.71562,1.7573,1.70999,1.73714
EURNZD,2019-08-08,1.73704,1.74124,1.72309,1.72475
EURNZD,2019-08-09,1.72483,1.73498,1.72123,1.73163
EURNZD,2019-08-12,1.73074,1.74088,1.72834,1.73951
EURNZD,2019-08-13,1.73951,1.74724,1.72746,1.72963
EURNZD,2019-08-14,1.72959,1.74068,1.72686,1.73034
EURNZD,2019-08-15,1.73034,1.73459,1.72014,1.72657
EURNZD,2019-08-16,1.7266,1.72811,1.71989,1.72478
EURNZD,2019-08-19,1.72483,1.73247,1.72194,1.73016
EURNZD,2019-08-20,1.73016,1.73144,1.72373,1.73137
EURNZD,2019-08-21,1.73135,1.73462,1.72841,1.73154
EURNZD,2019-08-22,1.73163,1.74158,1.73033,1.73453
EURNZD,2019-08-23,1.73451,1.74479,1.73107,1.74148
EURNZD,2019-08-26,1.74613,1.75921,1.7337,1.73838
EURNZD,2019-08-27,1.73835,1.74686,1.73827,1.74245
EURNZD,2019-08-28,1.74254,1.75236,1.74155,1.74933
EURNZD,2019-08-29,1.74933,1.75733,1.74412,1.75064
EURNZD,2019-08-30,1.75074,1.75644,1.74144,1.74162
EURNZD,2019-09-02,1.74294,1.74704,1.73523,1.73907
EURNZD,2019-09-03,1.73904,1.74366,1.73065,1.73116
EURNZD,2019-09-04,1.73114,1.73658,1.72836,1.73608
EURNZD,2019-09-05,1.73606,1.73666,1.72819,1.73173
EURNZD,2019-09-06,1.73173,1.73173,1.71313,1.71494
EURNZD,2019-09-09,1.71783,1.72092,1.71198,1.71852
EURNZD,2019-09-10,1.71854,1.72262,1.71453,1.72254
EURNZD,2019-09-11,1.72257,1.72384,1.71273,1.71504
EURNZD,2019-09-12,1.71496,1.72902,1.70007,1.72709
EURNZD,2019-09-13,1.72706,1.73856,1.72641,1.73555
EURNZD,2019-09-16,1.73684,1.73872,1.72953,1.73494
EURNZD,2019-09-17,1.73495,1.74397,1.73463,1.74093
EURNZD,2019-09-18,1.74083,1.74844,1.74056,1.74561
EURNZD,2019-09-19,1.74558,1.75514,1.74524,1.75475
EURNZD,2019-09-20,1.75474,1.76152,1.75335,1.76008
EURNZD,2019-09-23,1.75754,1.75913,1.74545,1.74594
EURNZD,2019-09-24,1.74594,1.74754,1.73865,1.74366
EURNZD,2019-09-25,1.74366,1.74855,1.73264,1.74568
EURNZD,2019-09-26,1.74568,1.74639,1.72977,1.73423
EURNZD,2019-09-27,1.73421,1.74044,1.73253,1.7371
EURNZD,2019-09-30,1.73934,1.75055,1.73673,1.74046
EURNZD,2019-10-01,1.74044,1.75524,1.73663,1.75123
EURNZD,2019-10-02,1.75116,1.75446,1.74631,1.74893
EURNZD,2019-10-03,1.74893,1.75065,1.73726,1.74096
EURNZD,2019-10-04,1.74096,1.74126,1.73277,1.7377
EURNZD,2019-10-07,1.74093,1.74774,1.73676,1.74376
EURNZD,2019-10-08,1.74384,1.7441,1.73634,1.74034
EURNZD,2019-10-09,1.74034,1.74956,1.73554,1.74704
EURNZD,2019-10-10,1.747,1.74768,1.73867,1.7406
EURNZD,2019-10-11,1.74058,1.74433,1.73587,1.74054
EURNZD,2019-10-14,1.74173,1.75566,1.7412,1.74884
EURNZD,2019-10-15,1.74885,1.75844,1.7447,1.75274
EURNZD,2019-10-16,1.75274,1.7699,1.75274,1.76127
EURNZD,2019-10-17,1.76127,1.76284,1.75068,1.75074
EURNZD,2019-10-18,1.7507,1.75145,1.74503,1.74874
EURNZD,2019-10-21,1.74843,1.75022,1.7387,1.73904
EURNZD,2019-10-22,1.73908,1.73908,1.73232,1.73554
EURNZD,2019-10-23,1.73554,1.74114,1.73194,1.73373
EURNZD,2019-10-24,1.73373,1.7434,1.73365,1.74089
EURNZD,2019-10-25,1.74091,1.749,1.73956,1.74414
EURNZD,2019-10-28,1.74383,1.75113,1.74136,1.74666
EURNZD,2019-10-29,1.7466,1.75036,1.74111,1.74943
EURNZD,2019-10-30,1.74943,1.75164,1.73857,1.74004
EURNZD,2019-10-31,1.74014,1.74654,1.7334,1.73935
EURNZD,2019-11-01,1.73935,1.74014,1.7291,1.73624
EURNZD,2019-11-04,1.73524,1.74114,1.72742,1.73808
EURNZD,2019-11-05,1.73812,1.73979,1.73,1.73757
EURNZD,2019-11-06,1.73765,1.74112,1.73488,1.73907
EURNZD,2019-11-07,1.73904,1.74241,1.73345,1.73357
EURNZD,2019-11-08,1.73358,1.74364,1.73114,1.74046
EURNZD,2019-11-11,1.73883,1.74144,1.7312,1.73396
EURNZD,2019-11-12,1.73395,1.74361,1.73245,1.73764
EURNZD,2019-11-13,1.73764,1.73905,1.71444,1.71619
EURNZD,2019-11-14,1.71624,1.73388,1.71515,1.72685
EURNZD,2019-11-15,1.72684,1.72951,1.72334,1.72504
EURNZD,2019-11-18,1.72288,1.73253,1.72288,1.73093
EURNZD,2019-11-19,1.73093,1.73469,1.72188,1.72224
EURNZD,2019-11-20,1.72218,1.72824,1.72089,1.72821
EURNZD,2019-11-21,1.72827,1.73129,1.72162,1.72753
EURNZD,2019-11-22,1.72753,1.72849,1.71933,1.71933
EURNZD,2019-11-25,1.71823,1.7212,1.71244,1.71636
EURNZD,2019-11-26,1.71636,1.71869,1.71361,1.71491
EURNZD,2019-11-27,1.71494,1.71855,1.71097,1.71574
EURNZD,2019-11-28,1.71567,1.71699,1.71131,1.71511
EURNZD,2019-11-29,1.71521,1.71892,1.70812,1.71394
EURNZD,2019-12-02,1.71343,1.71482,1.69924,1.70455
EURNZD,2019-12-03,1.70455,1.70466,1.69618,1.69996
EURNZD,2019-12-04,1.69993,1.70419,1.69057,1.69223
EURNZD,2019-12-05,1.69227,1.7013,1.68874,1.69683
EURNZD,2019-12-06,1.69683,1.6974,1.68074,1.68342
EURNZD,2019-12-09,1.68613,1.69172,1.68447,1.68935
EURNZD,2019-12-10,1.68935,1.69642,1.68513,1.69498
EURNZD,2019-12-11,1.69502,1.70046,1.68684,1.69153
EURNZD,2019-12-12,1.69153,1.69307,1.68381,1.68948
EURNZD,2019-12-13,1.68948,1.69426,1.68324,1.68486
EURNZD,2019-12-16,1.68453,1.69093,1.68433,1.68934
EURNZD,2019-12-17,1.6893,1.69964,1.68597,1.69764
EURNZD,2019-12-18,1.69764,1.69864,1.68073,1.68824
EURNZD,2019-12-19,1.68824,1.6927,1.68223,1.68243
EURNZD,2019-12-20,1.68242,1.68634,1.67532,1.67564
EURNZD,2019-12-23,1.67874,1.67924,1.66974,1.67189
EURNZD,2019-12-24,1.67193,1.67479,1.66713,1.66758
EURNZD,2019-12-25,1.66876,1.67262,1.66664,1.66985
EURNZD,2019-12-26,1.66985,1.66989,1.66227,1.66347
EURNZD,2019-12-27,1.66344,1.66917,1.66171,1.66621
EURNZD,2019-12-30,1.66505,1.66984,1.6618,1.66369
EURNZD,2019-12-31,1.66364,1.66841,1.66239,1.66586
EURNZD,2020-01-01,1.66741,1.66778,1.66454,1.66524
EURNZD,2020-01-02,1.66527,1.67364,1.66443,1.66754
EURNZD,2020-01-03,1.6675,1.67564,1.66745,1.6734
EURNZD,2020-01-06,1.67664,1.68147,1.67472,1.67865
EURNZD,2020-01-07,1.67866,1.68374,1.67565,1.68204
EURNZD,2020-01-08,1.68201,1.68664,1.66898,1.66998
EURNZD,2020-01-09,1.66997,1.68182,1.66902,1.68133
EURNZD,2020-01-10,1.68129,1.68224,1.67333,1.67542
EURNZD,2020-01-13,1.67354,1.68084,1.67251,1.6806
EURNZD,2020-01-14,1.6806,1.68424,1.67888,1.68424
EURNZD,2020-01-15,1.68434,1.69203,1.68165,1.68484
EURNZD,2020-01-16,1.68484,1.68512,1.67447,1.67781
EURNZD,2020-01-17,1.67781,1.67954,1.67463,1.67686
EURNZD,2020-01-20,1.67585,1.68051,1.67477,1.67943
EURNZD,2020-01-21,1.67941,1.68303,1.67771,1.68064
EURNZD,2020-01-22,1.68064,1.68356,1.67705,1.68244
EURNZD,2020-01-23,1.68244,1.68384,1.66905,1.67044
EURNZD,2020-01-24,1.67044,1.67213,1.66633,1.66798
EURNZD,2020-01-27,1.67394,1.6843,1.66926,1.68364
EURNZD,2020-01-28,1.68354,1.68991,1.68074,1.68533
EURNZD,2020-01-29,1.68535,1.68961,1.68333,1.68718
EURNZD,2020-01-30,1.68718,1.70303,1.68684,1.70086
EURNZD,2020-01-31,1.70088,1.71619,1.69849,1.71506
EURNZD,2020-02-03,1.71404,1.71759,1.70535,1.71241
EURNZD,2020-02-04,1.71241,1.71497,1.6986,1.70135
EURNZD,2020-02-05,1.70135,1.70467,1.69601,1.6972
EURNZD,2020-02-06,1.69711,1.70355,1.69616,1.69975
EURNZD,2020-02-07,1.69975,1.71076,1.69925,1.70845
EURNZD,2020-02-10,1.70865,1.71236,1.70634,1.70785
EURNZD,2020-02-11,1.70787,1.71052,1.70104,1.70436
EURNZD,2020-02-12,1.70434,1.70444,1.68044,1.68697
EURNZD,2020-02-13,1.68697,1.68763,1.67846,1.68303
EURNZD,2020-02-14,1.68303,1.68734,1.68187,1.68281
EURNZD,2020-02-17,1.68059,1.68741,1.68026,1.68321
EURNZD,2020-02-18,1.68324,1.69453,1.68296,1.6882
EURNZD,2020-02-19,1.68817,1.69435,1.68551,1.69181
EURNZD,2020-02-20,1.69187,1.70663,1.69024,1.70339
EURNZD,2020-02-21,1.70339,1.71429,1.70061,1.70762
EURNZD,2020-02-24,1.71347,1.71646,1.7087,1.7104
EURNZD,2020-02-25,1.71038,1.72306,1.70824,1.72101
EURNZD,2020-02-26,1.72101,1.73196,1.71916,1.73112
EURNZD,2020-02-27,1.73112,1.74501,1.72794,1.7424
EURNZD,2020-02-28,1.7424,1.77367,1.74143,1.76486
EURNZD,2020-03-02,1.77804,1.7875,1.7659,1.77819
EURNZD,2020-03-03,1.77819,1.785,1.76603,1.78233
EURNZD,2020-03-04,1.78227,1.78227,1.76487,1.76764
EURNZD,2020-03-05,1.76762,1.78612,1.76333,1.77757
EURNZD,2020-03-06,1.77757,1.7863,1.76815,1.7745
EURNZD,2020-03-09,1.79498,1.91205,1.77264,1.7986
EURNZD,2020-03-10,1.7986,1.81282,1.79383,1.80593
EURNZD,2020-03-11,1.80594,1.80866,1.78645,1.79748
EURNZD,2020-03-12,1.79755,1.83684,1.79416,1.82854
EURNZD,2020-03-13,1.82849,1.84289,1.80654,1.82884
EURNZD,2020-03-16,1.84627,1.86099,1.8143,1.84736
EURNZD,2020-03-17,1.84731,1.85584,1.8302,1.85201
EURNZD,2020-03-18,1.85199,1.92574,1.84542,1.91478
EURNZD,2020-03-19,1.91473,1.99265,1.81672,1.87383
EURNZD,2020-03-20,1.87372,1.89076,1.83229,1.87103
EURNZD,2020-03-23,1.88383,1.90923,1.87066,1.8746
EURNZD,2020-03-24,1.87455,1.88723,1.84384,1.85368
EURNZD,2020-03-25,1.85371,1.87975,1.83198,1.87536
EURNZD,2020-03-26,1.87519,1.88877,1.84311,1.84832
EURNZD,2020-03-27,1.84844,1.85976,1.8324,1.84104
EURNZD,2020-03-30,1.84158,1.85315,1.83019,1.83457
EURNZD,2020-03-31,1.83459,1.85947,1.82472,1.8529
EURNZD,2020-04-01,1.8529,1.86294,1.82835,1.84488
EURNZD,2020-04-02,1.84494,1.84968,1.82981,1.8333
EURNZD,2020-04-03,1.83335,1.84832,1.83175,1.84153
EURNZD,2020-04-06,1.83918,1.84724,1.81028,1.81557
EURNZD,2020-04-07,1.81557,1.82764,1.80587,1.82694
EURNZD,2020-04-08,1.82694,1.83011,1.8025,1.80522
EURNZD,2020-04-09,1.80524,1.81397,1.79367,1.79778
EURNZD,2020-04-10,1.79778,1.80342,1.79191,1.79469
EURNZD,2020-04-13,1.79793,1.80273,1.78644,1.78977
EURNZD,2020-04-14,1.78972,1.80615,1.78389,1.8001
EURNZD,2020-04-15,1.80008,1.82604,1.79978,1.81854
EURNZD,2020-04-16,1.81844,1.82946,1.80394,1.80958
EURNZD,2020-04-17,1.80964,1.81434,1.79824,1.80094
EURNZD,2020-04-20,1.79814,1.80754,1.78684,1.79775
EURNZD,2020-04-21,1.79774,1.82559,1.79671,1.82063
EURNZD,2020-04-22,1.82063,1.82595,1.80982,1.82435
EURNZD,2020-04-23,1.82433,1.82799,1.7896,1.79404
EURNZD,2020-04-24,1.79402,1.80338,1.79033,1.79814
EURNZD,2020-04-27,1.79596,1.79969,1.78607,1.79663
EURNZD,2020-04-28,1.79663,1.80641,1.78053,1.78257
EURNZD,2020-04-29,1.78257,1.78569,1.77024,1.77144
EURNZD,2020-04-30,1.77133,1.79414,1.76594,1.7884
EURNZD,2020-05-01,1.7884,1.81831,1.78707,1.81029
EURNZD,2020-05-04,1.81103,1.82254,1.80029,1.8021
EURNZD,2020-05-05,1.8021,1.8021,1.78625,1.79049
EURNZD,2020-05-06,1.79047,1.80075,1.78266,1.79714
EURNZD,2020-05-07,1.79714,1.79739,1.77459,1.77793
EURNZD,2020-05-08,1.77793,1.77895,1.76413,1.76426
EURNZD,2020-05-11,1.76015,1.78549,1.75964,1.77864
EURNZD,2020-05-12,1.77862,1.78798,1.7726,1.78783
EURNZD,2020-05-13,1.78783,1.80856,1.78003,1.80444
EURNZD,2020-05-14,1.80444,1.8111,1.79613,1.79723
EURNZD,2020-05-15,1.79723,1.82631,1.79635,1.82298
EURNZD,2020-05-18,1.81913,1.82549,1.80071,1.8069
EURNZD,2020-05-19,1.80689,1.80805,1.78955,1.79522
EURNZD,2020-05-20,1.79524,1.79854,1.78485,1.78607
EURNZD,2020-05-21,1.78617,1.79643,1.78617,1.78814
EURNZD,2020-05-22,1.78814,1.79361,1.78331,1.78694
EURNZD,2020-05-25,1.78574,1.79049,1.78251,1.78471
EURNZD,2020-05-26,1.78466,1.78654,1.76462,1.77145
EURNZD,2020-05-27,1.77144,1.78486,1.76234,1.78037
EURNZD,2020-05-28,1.78038,1.78954,1.77543,1.78749
EURNZD,2020-05-29,1.78749,1.79806,1.78475,1.78898
EURNZD,2020-06-01,1.79313,1.79513,1.76648,1.77096
EURNZD,2020-06-02,1.77093,1.77796,1.74957,1.7522
EURNZD,2020-06-03,1.75217,1.75716,1.74056,1.74781
EURNZD,2020-06-04,1.74779,1.75877,1.74228,1.75399
EURNZD,2020-06-05,1.75399,1.75489,1.73281,1.73464
EURNZD,2020-06-08,1.73574,1.73764,1.71952,1.72129
EURNZD,2020-06-09,1.72131,1.74509,1.71891,1.74393
EURNZD,2020-06-10,1.74388,1.74609,1.73257,1.74567
EURNZD,2020-06-11,1.74566,1.76525,1.74167,1.76014
EURNZD,2020-06-12,1.76011,1.76374,1.74423,1.74553
EURNZD,2020-06-15,1.74258,1.75944,1.74144,1.74395
EURNZD,2020-06-16,1.74395,1.75834,1.73865,1.74399
EURNZD,2020-06-17,1.74399,1.75065,1.73365,1.74403
EURNZD,2020-06-18,1.74403,1.74899,1.74044,1.7435
EURNZD,2020-06-19,1.7435,1.74834,1.73798,1.74404
EURNZD,2020-06-22,1.75154,1.75214,1.73283,1.73674
EURNZD,2020-06-23,1.73674,1.74613,1.73583,1.74004
EURNZD,2020-06-24,1.7399,1.75818,1.73806,1.75699
EURNZD,2020-06-25,1.75699,1.75728,1.74301,1.7443
EURNZD,2020-06-26,1.7443,1.7492,1.74024,1.74574
EURNZD,2020-06-29,1.74867,1.75748,1.74643,1.74964
EURNZD,2020-06-30,1.74964,1.75526,1.73892,1.74147
EURNZD,2020-07-01,1.74149,1.74223,1.7322,1.73653
EURNZD,2020-07-02,1.73653,1.73693,1.72433,1.72644
EURNZD,2020-07-03,1.72645,1.728,1.71783,1.72014
EURNZD,2020-07-06,1.72254,1.73104,1.71941,1.72483
EURNZD,2020-07-07,1.72479,1.72824,1.71632,1.72147
EURNZD,2020-07-08,1.72153,1.72753,1.71893,1.72464
EURNZD,2020-07-09,1.72464,1.72683,1.71543,1.71835
EURNZD,2020-07-10,1.71837,1.72168,1.71683,1.71884
EURNZD,2020-07-13,1.71734,1.73588,1.71646,1.73575
EURNZD,2020-07-14,1.73577,1.74863,1.73452,1.74353
EURNZD,2020-07-15,1.74353,1.74564,1.73368,1.73677
EURNZD,2020-07-16,1.73674,1.74439,1.73664,1.74118
EURNZD,2020-07-17,1.74113,1.74951,1.73772,1.74273
EURNZD,2020-07-20,1.74154,1.74877,1.73873,1.74085
EURNZD,2020-07-21,1.74083,1.74314,1.72652,1.73524
EURNZD,2020-07-22,1.73514,1.73964,1.7288,1.73744
EURNZD,2020-07-23,1.73735,1.75033,1.73203,1.74774
EURNZD,2020-07-24,1.74776,1.7565,1.74543,1.75463
EURNZD,2020-07-27,1.75506,1.76148,1.74966,1.75959
EURNZD,2020-07-28,1.75959,1.766,1.75568,1.75963
EURNZD,2020-07-29,1.75964,1.77053,1.75767,1.77024
EURNZD,2020-07-30,1.77024,1.77733,1.76699,1.773
EURNZD,2020-07-31,1.773,1.78014,1.77103,1.77624
EURNZD,2020-08-03,1.77554,1.78274,1.76888,1.77798
EURNZD,2020-08-04,1.77804,1.78568,1.77534,1.77772
EURNZD,2020-08-05,1.77774,1.78674,1.77547,1.78614
EURNZD,2020-08-06,1.78614,1.79124,1.77447,1.77688
EURNZD,2020-08-07,1.77687,1.78636,1.77244,1.78574
EURNZD,2020-08-10,1.78334,1.78744,1.77814,1.78014
EURNZD,2020-08-11,1.78014,1.79046,1.77309,1.78634
EURNZD,2020-08-12,1.78634,1.79982,1.785,1.79314
EURNZD,2020-08-13,1.79314,1.80578,1.78914,1.80504
EURNZD,2020-08-14,1.80504,1.80984,1.80357,1.80933
EURNZD,2020-08-17,1.80844,1.81794,1.80449,1.81213
EURNZD,2020-08-18,1.81214,1.81911,1.80541,1.80754
EURNZD,2020-08-19,1.80754,1.80908,1.79483,1.80494
EURNZD,2020-08-20,1.80494,1.82227,1.80344,1.81462
EURNZD,2020-08-21,1.81462,1.81746,1.80113,1.80313
EURNZD,2020-08-24,1.80494,1.81064,1.80255,1.80679
EURNZD,2020-08-25,1.8068,1.81345,1.80389,1.80624
EURNZD,2020-08-26,1.80624,1.80694,1.78463,1.78532
EURNZD,2020-08-27,1.78534,1.78661,1.7762,1.77888
EURNZD,2020-08-28,1.77888,1.7835,1.76438,1.76523
EURNZD,2020-08-31,1.76763,1.77407,1.76611,1.77284
EURNZD,2020-09-01,1.77284,1.77525,1.76069,1.76155
EURNZD,2020-09-02,1.76155,1.76333,1.74896,1.75089
EURNZD,2020-09-03,1.75094,1.77076,1.74686,1.76994
EURNZD,2020-09-04,1.76995,1.76997,1.75924,1.76033
EURNZD,2020-09-07,1.76224,1.76834,1.76023,1.76628
EURNZD,2020-09-08,1.76628,1.78152,1.76294,1.77968
EURNZD,2020-09-09,1.77969,1.77989,1.76443,1.76707
EURNZD,2020-09-10,1.76706,1.7833,1.76683,1.77884
EURNZD,2020-09-11,1.77875,1.78113,1.77186,1.77604
EURNZD,2020-09-14,1.77634,1.77693,1.76752,1.77175
EURNZD,2020-09-15,1.77173,1.77557,1.76174,1.76493
EURNZD,2020-09-16,1.76495,1.76514,1.75047,1.75564
EURNZD,2020-09-17,1.75563,1.76209,1.75113,1.75153
EURNZD,2020-09-18,1.75156,1.75301,1.7446,1.75084
EURNZD,2020-09-21,1.75153,1.76714,1.7487,1.76484
EURNZD,2020-09-22,1.76477,1.76743,1.75834,1.76543
EURNZD,2020-09-23,1.76534,1.78291,1.75863,1.78161
EURNZD,2020-09-24,1.78158,1.78744,1.77977,1.78264
EURNZD,2020-09-25,1.78263,1.78294,1.77075,1.77616
EURNZD,2020-09-28,1.77494,1.78308,1.77287,1.77821
EURNZD,2020-09-29,1.77821,1.78247,1.77346,1.77855
EURNZD,2020-09-30,1.77856,1.78384,1.76795,1.77034
EURNZD,2020-10-01,1.77044,1.77192,1.76413,1.76557
EURNZD,2020-10-02,1.76557,1.7701,1.7633,1.76434
EURNZD,2020-10-05,1.76254,1.77621,1.76167,1.77173
EURNZD,2020-10-06,1.77181,1.78365,1.7699,1.78093
EURNZD,2020-10-07,1.78094,1.79136,1.77874,1.78991
EURNZD,2020-10-08,1.78991,1.79644,1.78314,1.78573
EURNZD,2020-10-09,1.78574,1.78584,1.77219,1.77254
EURNZD,2020-10-12,1.77354,1.77814,1.77175,1.77674
EURNZD,2020-10-13,1.77666,1.77934,1.76389,1.76444
EURNZD,2020-10-14,1.76434,1.76666,1.75822,1.76433
EURNZD,2020-10-15,1.76444,1.77793,1.76383,1.77414
EURNZD,2020-10-16,1.77414,1.77724,1.77143,1.77314
EURNZD,2020-10-19,1.77164,1.78631,1.76687,1.78502
EURNZD,2020-10-20,1.78505,1.80204,1.78473,1.79755
EURNZD,2020-10-21,1.79754,1.79814,1.77793,1.78374
EURNZD,2020-10-22,1.78365,1.78583,1.76754,1.77052
EURNZD,2020-10-23,1.77052,1.77714,1.76622,1.77193
EURNZD,2020-10-26,1.77223,1.77387,1.76337,1.76885
EURNZD,2020-10-27,1.76884,1.76924,1.75593,1.75834
EURNZD,2020-10-28,1.75829,1.77027,1.75223,1.76694
EURNZD,2020-10-29,1.76683,1.77014,1.75904,1.76164
EURNZD,2020-10-30,1.76156,1.76664,1.75282,1.76034
EURNZD,2020-11-02,1.76144,1.76611,1.75243,1.75513
EURNZD,2020-11-03,1.75515,1.7592,1.745,1.74798
EURNZD,2020-11-04,1.748,1.76174,1.74397,1.75114
EURNZD,2020-11-05,1.75113,1.75654,1.74474,1.74684
EURNZD,2020-11-06,1.74684,1.7557,1.74034,1.75242
EURNZD,2020-11-09,1.75094,1.75169,1.7298,1.73243
EURNZD,2020-11-10,1.73241,1.73663,1.72513,1.73093
EURNZD,2020-11-11,1.73094,1.73561,1.70652,1.70656
EURNZD,2020-11-12,1.70674,1.72844,1.70453,1.72614
EURNZD,2020-11-13,1.72614,1.73412,1.72593,1.72784
EURNZD,2020-11-16,1.72764,1.72888,1.71543,1.71694
EURNZD,2020-11-17,1.71694,1.72734,1.71443,1.72153
EURNZD,2020-11-18,1.72154,1.72427,1.70868,1.71203
EURNZD,2020-11-19,1.71204,1.71874,1.71123,1.71824
EURNZD,2020-11-20,1.7183,1.71896,1.7057,1.71006
EURNZD,2020-11-23,1.71057,1.71234,1.70533,1.70893
EURNZD,2020-11-24,1.70894,1.70969,1.69466,1.70472
EURNZD,2020-11-25,1.70475,1.70954,1.69823,1.70153
EURNZD,2020-11-26,1.70154,1.70484,1.69796,1.70075
EURNZD,2020-11-27,1.70076,1.70233,1.69643,1.7022
EURNZD,2020-11-30,1.69974,1.70564,1.69781,1.70064
EURNZD,2020-12-01,1.70063,1.70923,1.69823,1.70744
EURNZD,2020-12-02,1.70744,1.71809,1.70403,1.71324
EURNZD,2020-12-03,1.71298,1.71785,1.71134,1.71755
EURNZD,2020-12-04,1.71761,1.72801,1.71651,1.72023
EURNZD,2020-12-07,1.72154,1.72578,1.71778,1.72034
EURNZD,2020-12-08,1.72033,1.72504,1.71734,1.72003
EURNZD,2020-12-09,1.72014,1.72254,1.70942,1.72153
EURNZD,2020-12-10,1.72153,1.72244,1.70867,1.71203
EURNZD,2020-12-11,1.71204,1.71354,1.70793,1.70793
EURNZD,2020-12-14,1.70884,1.71593,1.70717,1.71483
EURNZD,2020-12-15,1.71475,1.72194,1.71233,1.71484
EURNZD,2020-12-16,1.71484,1.72414,1.71023,1.71574
EURNZD,2020-12-17,1.71574,1.71674,1.70622,1.71564
EURNZD,2020-12-18,1.71561,1.72254,1.71343,1.71574
EURNZD,2020-12-21,1.71723,1.73453,1.71432,1.72403
EURNZD,2020-12-22,1.72404,1.73474,1.72362,1.72733
EURNZD,2020-12-23,1.72734,1.73014,1.7153,1.71733
EURNZD,2020-12-24,1.71734,1.72124,1.71073,1.71533
EURNZD,2020-12-25,1.71481,1.71697,1.71343,1.71369
EURNZD,2020-12-28,1.71291,1.72359,1.71197,1.71934
EURNZD,2020-12-29,1.71934,1.72054,1.7091,1.7136
EURNZD,2020-12-30,1.71355,1.71434,1.70363,1.70462
EURNZD,2020-12-31,1.70463,1.70494,1.69404,1.69959
EURNZD,2021-01-04,1.70153,1.71274,1.69927,1.70683
EURNZD,2021-01-05,1.70674,1.70859,1.69394,1.69521
EURNZD,2021-01-06,1.69517,1.69764,1.6863,1.68904
EURNZD,2021-01-07,1.68903,1.69694,1.68843,1.68854
EURNZD,2021-01-08,1.68854,1.69241,1.68437,1.68794
EURNZD,2021-01-11,1.68743,1.69818,1.68743,1.69504
EURNZD,2021-01-12,1.69513,1.69654,1.6878,1.68894
EURNZD,2021-01-13,1.68894,1.69654,1.6872,1.69144
EURNZD,2021-01-14,1.69126,1.69274,1.68102,1.68363
EURNZD,2021-01-15,1.68364,1.69749,1.68213,1.69302
EURNZD,2021-01-18,1.69114,1.70065,1.69063,1.69733
EURNZD,2021-01-19,1.69734,1.70714,1.69374,1.70259
EURNZD,2021-01-20,1.70257,1.70526,1.68385,1.68608
EURNZD,2021-01-21,1.68614,1.6911,1.68143,1.68626
EURNZD,2021-01-22,1.68622,1.69746,1.68513,1.69414
EURNZD,2021-01-25,1.69464,1.69643,1.68378,1.68645
EURNZD,2021-01-26,1.68651,1.69063,1.67772,1.68024
EURNZD,2021-01-27,1.68027,1.69491,1.67577,1.69462
EURNZD,2021-01-28,1.69455,1.70431,1.68658,1.68956
EURNZD,2021-01-29,1.68955,1.69244,1.68197,1.68884
EURNZD,2021-02-01,1.69404,1.69498,1.68231,1.68428
EURNZD,2021-02-02,1.68426,1.68744,1.67077,1.67325
EURNZD,2021-02-03,1.6733,1.67365,1.66693,1.66734
EURNZD,2021-02-04,1.66724,1.6736,1.66375,1.67149
EURNZD,2021-02-05,1.67145,1.67824,1.66949,1.67178
EURNZD,2021-02-08,1.67363,1.67549,1.66637,1.66757
EURNZD,2021-02-09,1.66757,1.67584,1.66495,1.67314
EURNZD,2021-02-10,1.67314,1.68464,1.67299,1.67887
EURNZD,2021-02-11,1.67888,1.6819,1.67457,1.67743
EURNZD,2021-02-12,1.67744,1.68482,1.67709,1.67782
EURNZD,2021-02-15,1.68184,1.68184,1.67444,1.67734
EURNZD,2021-02-16,1.67733,1.6827,1.67141,1.68155
EURNZD,2021-02-17,1.68164,1.68271,1.67274,1.67443
EURNZD,2021-02-18,1.6745,1.6801,1.6723,1.67507
EURNZD,2021-02-19,1.67507,1.67746,1.65909,1.66049
EURNZD,2021-02-22,1.66124,1.66214,1.65353,1.6599
EURNZD,2021-02-23,1.65988,1.66553,1.65344,1.65574
EURNZD,2021-02-24,1.65574,1.66122,1.63216,1.63517
EURNZD,2021-02-25,1.63523,1.65324,1.63422,1.65133
EURNZD,2021-02-26,1.65134,1.67078,1.64994,1.66854
EURNZD,2021-03-01,1.66664,1.66854,1.65323,1.65624
EURNZD,2021-03-02,1.65624,1.66425,1.65278,1.65707
EURNZD,2021-03-03,1.65707,1.66695,1.65509,1.66667
EURNZD,2021-03-04,1.66664,1.66815,1.65656,1.66733
EURNZD,2021-03-05,1.66735,1.67564,1.6606,1.66182
EURNZD,2021-03-08,1.66234,1.67024,1.65837,1.66147
EURNZD,2021-03-09,1.66147,1.66734,1.65633,1.6571
EURNZD,2021-03-10,1.6571,1.66428,1.65551,1.65765
EURNZD,2021-03-11,1.65764,1.66094,1.65107,1.65803
EURNZD,2021-03-12,1.65814,1.6667,1.65701,1.66484
EURNZD,2021-03-15,1.66433,1.66539,1.65434,1.65587
EURNZD,2021-03-16,1.65587,1.66451,1.65287,1.65457
EURNZD,2021-03-17,1.65453,1.66436,1.64875,1.65216
EURNZD,2021-03-18,1.65213,1.66366,1.64843,1.66283
EURNZD,2021-03-19,1.66286,1.66453,1.65878,1.66036
EURNZD,2021-03-22,1.66212,1.67468,1.65876,1.673
EURNZD,2021-03-23,1.67305,1.69482,1.67304,1.69307
EURNZD,2021-03-24,1.69307,1.69896,1.69115,1.695
EURNZD,2021-03-25,1.69502,1.69682,1.68952,1.69051
EURNZD,2021-03-26,1.69047,1.69171,1.68383,1.68422
EURNZD,2021-03-29,1.68518,1.68918,1.67855,1.67896
EURNZD,2021-03-30,1.67897,1.68175,1.67333,1.67654
EURNZD,2021-03-31,1.67651,1.68088,1.67163,1.6793
EURNZD,2021-04-01,1.67931,1.68658,1.67479,1.67695
EURNZD,2021-04-02,1.67693,1.67745,1.66879,1.66981
EURNZD,2021-04-05,1.67168,1.67559,1.66666,1.67228
EURNZD,2021-04-06,1.67228,1.68465,1.67162,1.68104
EURNZD,2021-04-07,1.6811,1.69546,1.68014,1.69286
EURNZD,2021-04-08,1.69286,1.69367,1.68438,1.68744
EURNZD,2021-04-09,1.68744,1.69545,1.68491,1.69234
EURNZD,2021-04-12,1.68969,1.69527,1.688,1.69398
EURNZD,2021-04-13,1.69395,1.69837,1.68986,1.69301
EURNZD,2021-04-14,1.69302,1.69623,1.67462,1.67842
EURNZD,2021-04-15,1.67842,1.67863,1.66584,1.66813
EURNZD,2021-04-16,1.66812,1.67964,1.66748,1.67605
EURNZD,2021-04-19,1.67927,1.67966,1.67083,1.6749
EURNZD,2021-04-20,1.67491,1.67963,1.66973,1.6793
EURNZD,2021-04-21,1.67933,1.67945,1.66675,1.67099
EURNZD,2021-04-22,1.67098,1.68105,1.66934,1.67929
EURNZD,2021-04-23,1.67928,1.68193,1.67439,1.68006
EURNZD,2021-04-26,1.68047,1.68155,1.6685,1.67078
EURNZD,2021-04-27,1.67079,1.67871,1.66958,1.6782
EURNZD,2021-04-28,1.67818,1.68031,1.66713,1.66923
EURNZD,2021-04-29,1.66923,1.67681,1.667,1.67303
EURNZD,2021-04-30,1.67299,1.6805,1.67027,1.67803
EURNZD,2021-05-03,1.67708,1.68314,1.67141,1.67546
EURNZD,2021-05-04,1.67551,1.68866,1.67403,1.67745
EURNZD,2021-05-05,1.67748,1.67863,1.66208,1.66333
EURNZD,2021-05-06,1.66333,1.67538,1.66094,1.66816
EURNZD,2021-05-07,1.66816,1.67542,1.66559,1.66966
EURNZD,2021-05-10,1.66799,1.6714,1.666,1.66967
EURNZD,2021-05-11,1.66963,1.67569,1.66769,1.67215
EURNZD,2021-05-12,1.67215,1.68842,1.67119,1.68588
EURNZD,2021-05-13,1.68586,1.69131,1.67896,1.6816
EURNZD,2021-05-14,1.6816,1.68648,1.67353,1.67389
EURNZD,2021-05-17,1.67373,1.69072,1.67309,1.68394
EURNZD,2021-05-18,1.68394,1.68877,1.67925,1.68872
EURNZD,2021-05-19,1.68871,1.7036,1.68766,1.69931
EURNZD,2021-05-20,1.69925,1.70077,1.69246,1.69871
EURNZD,2021-05-21,1.69872,1.70358,1.69024,1.69813
EURNZD,2021-05-24,1.69622,1.70283,1.69049,1.69306
EURNZD,2021-05-25,1.69306,1.6968,1.69043,1.69523
EURNZD,2021-05-26,1.69523,1.69539,1.67135,1.67524
EURNZD,2021-05-27,1.67521,1.6768,1.66844,1.67395
EURNZD,2021-05-28,1.674,1.68406,1.6728,1.68093
EURNZD,2021-05-31,1.67839,1.68489,1.67785,1.68102
EURNZD,2021-06-01,1.68102,1.6899,1.67825,1.68448
EURNZD,2021-06-02,1.68447,1.68993,1.68103,1.68798
EURNZD,2021-06-03,1.68799,1.70096,1.68627,1.69727
EURNZD,2021-06-04,1.69727,1.69882,1.68606,1.6861
EURNZD,2021-06-07,1.68545,1.68885,1.68131,1.68719
EURNZD,2021-06-08,1.6872,1.69485,1.68523,1.69301
EURNZD,2021-06-09,1.69302,1.6993,1.68992,1.69803
EURNZD,2021-06-10,1.69805,1.6989,1.6891,1.69304
EURNZD,2021-06-11,1.693,1.70051,1.68885,1.6981
EURNZD,2021-06-14,1.6956,1.6987,1.69291,1.69687
EURNZD,2021-06-15,1.69682,1.70573,1.69356,1.70237
EURNZD,2021-06-16,1.70232,1.70427,1.69466,1.69631
EURNZD,2021-06-17,1.6963,1.70396,1.68909,1.69826
EURNZD,2021-06-18,1.69824,1.71224,1.69762,1.71049
EURNZD,2021-06-21,1.70572,1.71021,1.70171,1.70513
EURNZD,2021-06-22,1.70516,1.70838,1.69718,1.70103
EURNZD,2021-06-23,1.70108,1.70431,1.69032,1.69324
EURNZD,2021-06-24,1.69325,1.69336,1.68706,1.68887
EURNZD,2021-06-25,1.68887,1.69028,1.68558,1.68754
EURNZD,2021-06-28,1.68567,1.69418,1.68451,1.69219
EURNZD,2021-06-29,1.69223,1.70315,1.69097,1.70255
EURNZD,2021-06-30,1.70252,1.70429,1.69396,1.69449
EURNZD,2021-07-01,1.69449,1.70113,1.69293,1.70111
EURNZD,2021-07-02,1.70111,1.70176,1.68601,1.68613
EURNZD,2021-07-05,1.68641,1.69177,1.67735,1.6822
EURNZD,2021-07-06,1.68219,1.69143,1.66932,1.68472
EURNZD,2021-07-07,1.68473,1.6876,1.67532,1.68159
EURNZD,2021-07-08,1.68159,1.70874,1.68137,1.70481
EURNZD,2021-07-09,1.70482,1.70979,1.69562,1.69629
EURNZD,2021-07-12,1.69301,1.70566,1.69266,1.69801
EURNZD,2021-07-13,1.69801,1.7054,1.69302,1.69573
EURNZD,2021-07-14,1.69578,1.69658,1.67742,1.68127
EURNZD,2021-07-15,1.68127,1.69437,1.67833,1.68457
EURNZD,2021-07-16,1.68458,1.68869,1.68088,1.68556
EURNZD,2021-07-19,1.68509,1.70558,1.68508,1.70189
EURNZD,2021-07-20,1.70191,1.70965,1.69691,1.70167
EURNZD,2021-07-21,1.70163,1.70561,1.69017,1.69431
EURNZD,2021-07-22,1.69433,1.69859,1.6848,1.68643
EURNZD,2021-07-23,1.68646,1.69108,1.68363,1.6861
EURNZD,2021-07-26,1.68477,1.69416,1.68418,1.68609
EURNZD,2021-07-27,1.68611,1.7022,1.68579,1.69751
EURNZD,2021-07-28,1.69752,1.70632,1.69556,1.70189
EURNZD,2021-07-29,1.70188,1.70474,1.69322,1.69601
EURNZD,2021-07-30,1.696,1.70376,1.69464,1.70113
EURNZD,2021-08-02,1.70141,1.7056,1.69861,1.69945
EURNZD,2021-08-03,1.69947,1.69967,1.68307,1.6846
EURNZD,2021-08-04,1.68461,1.6859,1.6746,1.68052
EURNZD,2021-08-05,1.68051,1.68104,1.67355,1.67891
EURNZD,2021-08-06,1.6789,1.67952,1.67124,1.67637
EURNZD,2021-08-09,1.67585,1.68251,1.67402,1.67843
EURNZD,2021-08-10,1.67842,1.6839,1.66969,1.67278
EURNZD,2021-08-11,1.67271,1.67452,1.66366,1.66751
EURNZD,2021-08-12,1.66753,1.67684,1.66621,1.67534
EURNZD,2021-08-13,1.67537,1.67939,1.67402,1.67434
EURNZD,2021-08-16,1.67349,1.67948,1.67215,1.67574
EURNZD,2021-08-17,1.67573,1.70319,1.67527,1.69025
EURNZD,2021-08-18,1.69024,1.7049,1.68596,1.70244
EURNZD,2021-08-19,1.70243,1.71589,1.70097,1.71212
EURNZD,2021-08-20,1.7121,1.71627,1.70655,1.71038
EURNZD,2021-08-23,1.71298,1.71412,1.70121,1.70362
EURNZD,2021-08-24,1.70364,1.70625,1.68808,1.69397
EURNZD,2021-08-25,1.69398,1.694,1.68445,1.6884
EURNZD,2021-08-26,1.68837,1.69292,1.68645,1.69239
EURNZD,2021-08-27,1.69242,1.69501,1.68039,1.68084
EURNZD,2021-08-30,1.68267,1.68798,1.68143,1.68574
EURNZD,2021-08-31,1.68574,1.68583,1.67304,1.67474
EURNZD,2021-09-01,1.67475,1.67888,1.67057,1.67585
EURNZD,2021-09-02,1.67584,1.67739,1.66679,1.67026
EURNZD,2021-09-03,1.67023,1.67143,1.65819,1.65954
EURNZD,2021-09-06,1.65809,1.66438,1.65798,1.66378
EURNZD,2021-09-07,1.66376,1.67043,1.66067,1.66866
EURNZD,2021-09-08,1.66861,1.67014,1.66089,1.66506
EURNZD,2021-09-09,1.66507,1.66789,1.65693,1.66415
EURNZD,2021-09-10,1.66415,1.66708,1.65315,1.65973
EURNZD,2021-09-13,1.65727,1.66268,1.65414,1.66
EURNZD,2021-09-14,1.66002,1.66689,1.6557,1.66354
EURNZD,2021-09-15,1.66355,1.66861,1.65513,1.6572
EURNZD,2021-09-16,1.65728,1.66614,1.65401,1.66393
EURNZD,2021-09-17,1.66392,1.67051,1.66208,1.66496
EURNZD,2021-09-20,1.66659,1.67359,1.66378,1.67105
EURNZD,2021-09-21,1.67105,1.67616,1.66282,1.67526
EURNZD,2021-09-22,1.67527,1.6759,1.66504,1.67178
EURNZD,2021-09-23,1.67178,1.67511,1.65525,1.66166
EURNZD,2021-09-24,1.66166,1.67316,1.65865,1.67033
EURNZD,2021-09-27,1.66896,1.67243,1.66537,1.66898
EURNZD,2021-09-28,1.66902,1.68152,1.66485,1.67902
EURNZD,2021-09-29,1.67906,1.69134,1.67742,1.68814
EURNZD,2021-09-30,1.68812,1.6893,1.67406,1.67814
EURNZD,2021-10-01,1.67816,1.68347,1.66849,1.66913
EURNZD,2021-10-04,1.67035,1.67402,1.66625,1.66848
EURNZD,2021-10-05,1.66848,1.67329,1.6629,1.6669
EURNZD,2021-10-06,1.66691,1.67891,1.66109,1.67052
EURNZD,2021-10-07,1.6705,1.67207,1.66407,1.66606
EURNZD,2021-10-08,1.66607,1.67112,1.66269,1.6695
EURNZD,2021-10-11,1.67135,1.67266,1.66197,1.66398
EURNZD,2021-10-12,1.664,1.66833,1.65747,1.66528
EURNZD,2021-10-13,1.66526,1.66949,1.66039,1.66329
EURNZD,2021-10-14,1.66328,1.66359,1.64594,1.64741
EURNZD,2021-10-15,1.6474,1.64853,1.63863,1.63882
EURNZD,2021-10-18,1.63788,1.64463,1.63305,1.63764
EURNZD,2021-10-19,1.63767,1.63854,1.62284,1.6255
EURNZD,2021-10-20,1.6255,1.62631,1.6155,1.61872
EURNZD,2021-10-21,1.61873,1.62801,1.616,1.62459
EURNZD,2021-10-22,1.62458,1.63053,1.61934,1.62677
EURNZD,2021-10-25,1.62632,1.6301,1.61832,1.62
EURNZD,2021-10-26,1.61995,1.62145,1.61532,1.61782
EURNZD,2021-10-27,1.61782,1.62573,1.61419,1.61913
EURNZD,2021-10-28,1.61914,1.625,1.61288,1.62366
EURNZD,2021-10-29,1.62369,1.62846,1.61143,1.61144
EURNZD,2021-11-01,1.61338,1.61588,1.60801,1.61572
EURNZD,2021-11-02,1.61571,1.63204,1.61394,1.62492
EURNZD,2021-11-03,1.62493,1.62792,1.61794,1.61859
EURNZD,2021-11-04,1.6186,1.62706,1.61773,1.62539
EURNZD,2021-11-05,1.62541,1.63251,1.62157,1.62337
EURNZD,2021-11-08,1.6237,1.62791,1.6125,1.61781
EURNZD,2021-11-09,1.61781,1.62828,1.61669,1.6274
EURNZD,2021-11-10,1.62735,1.63106,1.62312,1.62517
EURNZD,2021-11-11,1.62521,1.63513,1.62404,1.63053
EURNZD,2021-11-12,1.63054,1.63465,1.62376,1.62433
EURNZD,2021-11-15,1.62477,1.62712,1.61109,1.61383
EURNZD,2021-11-16,1.61382,1.62201,1.61127,1.61904
EURNZD,2021-11-17,1.61907,1.62049,1.61184,1.61601
EURNZD,2021-11-18,1.61597,1.61901,1.60626,1.61424
EURNZD,2021-11-19,1.6143,1.61621,1.6084,1.6115
EURNZD,2021-11-22,1.61067,1.61765,1.60678,1.61765
EURNZD,2021-11-23,1.61765,1.62605,1.61522,1.61726
EURNZD,2021-11-24,1.61725,1.63245,1.61629,1.62947
EURNZD,2021-11-25,1.62948,1.63954,1.62613,1.63765
EURNZD,2021-11-26,1.63765,1.66223,1.63601,1.65995
EURNZD,2021-11-29,1.65489,1.65931,1.64773,1.65317
EURNZD,2021-11-30,1.65322,1.66894,1.65249,1.66007
EURNZD,2021-12-01,1.6601,1.66269,1.65112,1.66113
EURNZD,2021-12-02,1.6611,1.66791,1.65518,1.65959
EURNZD,2021-12-03,1.65959,1.67732,1.65959,1.6751
EURNZD,2021-12-06,1.67122,1.67652,1.6683,1.67168
EURNZD,2021-12-07,1.67169,1.67451,1.65675,1.6609
EURNZD,2021-12-08,1.66104,1.66825,1.66021,1.66617
EURNZD,2021-12-09,1.66617,1.66752,1.65892,1.66195
EURNZD,2021-12-10,1.66198,1.66677,1.65948,1.66397
EURNZD,2021-12-13,1.66106,1.67261,1.66004,1.6711
EURNZD,2021-12-14,1.67117,1.67604,1.66745,1.67131
EURNZD,2021-12-15,1.67131,1.67489,1.66239,1.6657
EURNZD,2021-12-16,1.66569,1.67003,1.65487,1.66751
EURNZD,2021-12-17,1.66761,1.67538,1.66549,1.66706
EURNZD,2021-12-20,1.66495,1.68277,1.66442,1.6799
EURNZD,2021-12-21,1.6799,1.68177,1.66464,1.66821
EURNZD,2021-12-22,1.66824,1.67222,1.66034,1.66441
EURNZD,2021-12-23,1.66441,1.66848,1.65522,1.65983
EURNZD,2021-12-24,1.65983,1.66349,1.65144,1.65806
EURNZD,2021-12-27,1.65994,1.66609,1.65783,1.6621
EURNZD,2021-12-28,1.66209,1.66489,1.65833,1.66231
EURNZD,2021-12-29,1.66236,1.66472,1.65846,1.66093
EURNZD,2021-12-30,1.66093,1.66097,1.6527,1.6577
EURNZD,2021-12-31,1.6577,1.66432,1.65411,1.66094
EURUSD,2019-01-01,1.14598,1.14676,1.14566,1.14612
EURUSD,2019-01-02,1.14612,1.14967,1.13092,1.13121
EURUSD,2019-01-03,1.13122,1.1411,1.13099,1.13899
EURUSD,2019-01-04,1.13901,1.14189,1.13456,1.13943
EURUSD,2019-01-07,1.13955,1.14826,1.13954,1.14789
EURUSD,2019-01-08,1.1479,1.14844,1.14222,1.14572
EURUSD,2019-01-09,1.14573,1.15578,1.14389,1.15541
EURUSD,2019-01-10,1.15541,1.15697,1.14844,1.15081
EURUSD,2019-01-11,1.15082,1.15403,1.1458,1.14656
EURUSD,2019-01-14,1.14589,1.1482,1.14506,1.14726
EURUSD,2019-01-15,1.14727,1.14896,1.13819,1.14141
EURUSD,2019-01-16,1.1414,1.14248,1.13777,1.13994
EURUSD,2019-01-17,1.13994,1.14059,1.137,1.1392
EURUSD,2019-01-18,1.1392,1.14103,1.13532,1.13614
EURUSD,2019-01-21,1.13603,1.1391,1.13567,1.13688
EURUSD,2019-01-22,1.13687,1.13739,1.13361,1.13633
EURUSD,2019-01-23,1.13634,1.13942,1.13505,1.13861
EURUSD,2019-01-24,1.13861,1.13913,1.12892,1.13126
EURUSD,2019-01-25,1.13127,1.14176,1.13049,1.14032
EURUSD,2019-01-28,1.14005,1.14436,1.139,1.14294
EURUSD,2019-01-29,1.14295,1.14501,1.14111,1.14348
EURUSD,2019-01-30,1.14348,1.15016,1.14062,1.14853
EURUSD,2019-01-31,1.14852,1.15141,1.14356,1.14482
EURUSD,2019-02-01,1.14482,1.14884,1.14343,1.14547
EURUSD,2019-02-04,1.14503,1.14603,1.14244,1.14349
EURUSD,2019-02-05,1.14348,1.14404,1.14011,1.14087
EURUSD,2019-02-06,1.14087,1.14091,1.13608,1.13656
EURUSD,2019-02-07,1.13655,1.13675,1.13244,1.13382
EURUSD,2019-02-08,1.13382,1.13508,1.13207,1.13207
EURUSD,2019-02-11,1.13186,1.13298,1.12672,1.12785
EURUSD,2019-02-12,1.12785,1.13396,1.12577,1.13336
EURUSD,2019-02-13,1.13336,1.13414,1.1249,1.12646
EURUSD,2019-02-14,1.12646,1.13098,1.12498,1.12947
EURUSD,2019-02-15,1.12946,1.13061,1.1234,1.12925
EURUSD,2019-02-18,1.12906,1.13338,1.12889,1.13114
EURUSD,2019-02-19,1.13115,1.13574,1.12755,1.13399
EURUSD,2019-02-20,1.13399,1.13711,1.13249,1.13461
EURUSD,2019-02-21,1.13461,1.13663,1.13202,1.13398
EURUSD,2019-02-22,1.13399,1.13556,1.13161,1.13319
EURUSD,2019-02-25,1.1334,1.13675,1.13281,1.13647
EURUSD,2019-02-26,1.13647,1.14027,1.1345,1.1393
EURUSD,2019-02-27,1.13931,1.14036,1.13622,1.13795
EURUSD,2019-02-28,1.13796,1.14197,1.13595,1.1373
EURUSD,2019-03-01,1.13731,1.14085,1.13533,1.13633
EURUSD,2019-03-04,1.13811,1.13826,1.1309,1.13362
EURUSD,2019-03-05,1.13363,1.13384,1.12895,1.1306
EURUSD,2019-03-06,1.13059,1.13245,1.12855,1.13129
EURUSD,2019-03-07,1.1313,1.13202,1.11764,1.1198
EURUSD,2019-03-08,1.1198,1.12461,1.11852,1.12311
EURUSD,2019-03-11,1.12316,1.12738,1.12217,1.12591
EURUSD,2019-03-12,1.1259,1.13049,1.12492,1.12865
EURUSD,2019-03-13,1.12864,1.13385,1.12773,1.13303
EURUSD,2019-03-14,1.13304,1.13361,1.1294,1.13064
EURUSD,2019-03-15,1.13066,1.13443,1.13,1.1324
EURUSD,2019-03-18,1.13201,1.13589,1.13189,1.1336
EURUSD,2019-03-19,1.1336,1.13615,1.13336,1.13542
EURUSD,2019-03-20,1.13543,1.1448,1.13354,1.14284
EURUSD,2019-03-21,1.14282,1.14373,1.13425,1.13737
EURUSD,2019-03-22,1.13737,1.13905,1.12732,1.13004
EURUSD,2019-03-25,1.12892,1.13314,1.12883,1.13151
EURUSD,2019-03-26,1.13152,1.13259,1.12632,1.12738
EURUSD,2019-03-27,1.12737,1.12855,1.12421,1.12521
EURUSD,2019-03-28,1.12518,1.12612,1.12135,1.12298
EURUSD,2019-03-29,1.12297,1.12466,1.12098,1.12179
EURUSD,2019-04-01,1.12254,1.12498,1.11984,1.12049
EURUSD,2019-04-02,1.12049,1.1216,1.11836,1.12032
EURUSD,2019-04-03,1.12032,1.12547,1.12019,1.12446
EURUSD,2019-04-04,1.12447,1.12475,1.12059,1.12222
EURUSD,2019-04-05,1.12222,1.12472,1.12099,1.12142
EURUSD,2019-04-08,1.12138,1.12744,1.12118,1.12555
EURUSD,2019-04-09,1.12557,1.12842,1.12554,1.12655
EURUSD,2019-04-10,1.12654,1.12876,1.12294,1.12758
EURUSD,2019-04-11,1.12759,1.12873,1.12498,1.12601
EURUSD,2019-04-12,1.12602,1.13239,1.12572,1.12976
EURUSD,2019-04-15,1.13035,1.13209,1.12975,1.13043
EURUSD,2019-04-16,1.13044,1.13139,1.12788,1.12845
EURUSD,2019-04-17,1.12845,1.13237,1.12813,1.12965
EURUSD,2019-04-18,1.12964,1.13039,1.12261,1.12349
EURUSD,2019-04-19,1.12349,1.12476,1.12323,1.12408
EURUSD,2019-04-22,1.12408,1.1262,1.12357,1.12584
EURUSD,2019-04-23,1.12585,1.12612,1.11921,1.12237
EURUSD,2019-04-24,1.12239,1.12241,1.11406,1.11533
EURUSD,2019-04-25,1.11534,1.11623,1.11178,1.11353
EURUSD,2019-04-26,1.11353,1.11739,1.11111,1.11429
EURUSD,2019-04-29,1.11441,1.11869,1.11441,1.11848
EURUSD,2019-04-30,1.11847,1.1229,1.11757,1.12157
EURUSD,2019-05-01,1.12157,1.12647,1.1187,1.12024
EURUSD,2019-05-02,1.12023,1.1219,1.11707,1.11729
EURUSD,2019-05-03,1.11728,1.12047,1.1135,1.12007
EURUSD,2019-05-06,1.11799,1.12092,1.11672,1.1201
EURUSD,2019-05-07,1.12011,1.12178,1.11666,1.11895
EURUSD,2019-05-08,1.11893,1.12136,1.11827,1.11977
EURUSD,2019-05-09,1.11977,1.12509,1.11734,1.12184
EURUSD,2019-05-10,1.12185,1.12536,1.12177,1.12329
EURUSD,2019-05-13,1.1232,1.12635,1.12191,1.1232
EURUSD,2019-05-14,1.1232,1.12439,1.12011,1.12032
EURUSD,2019-05-15,1.12031,1.12245,1.11779,1.12068
EURUSD,2019-05-16,1.12069,1.12238,1.11662,1.11731
EURUSD,2019-05-17,1.1173,1.11841,1.11551,1.11563
EURUSD,2019-05-20,1.11598,1.11748,1.11506,1.11673
EURUSD,2019-05-21,1.11673,1.1188,1.11419,1.11643
EURUSD,2019-05-22,1.11643,1.11802,1.11485,1.11552
EURUSD,2019-05-23,1.11553,1.11875,1.1107,1.11841
EURUSD,2019-05-24,1.11841,1.12121,1.11771,1.12043
EURUSD,2019-05-27,1.12091,1.12151,1.11869,1.11934
EURUSD,2019-05-28,1.11933,1.11983,1.11592,1.11681
EURUSD,2019-05-29,1.11682,1.11724,1.11243,1.11366
EURUSD,2019-05-30,1.11365,1.11433,1.1116,1.11295
EURUSD,2019-05-31,1.11295,1.11797,1.11251,1.11678
EURUSD,2019-06-03,1.11607,1.12619,1.11601,1.12457
EURUSD,2019-06-04,1.12458,1.12774,1.12267,1.12536
EURUSD,2019-06-05,1.12535,1.13065,1.122,1.12286
EURUSD,2019-06-06,1.12286,1.1309,1.12008,1.12755
EURUSD,2019-06-07,1.12756,1.13477,1.12512,1.13334
EURUSD,2019-06-10,1.1322,1.13308,1.12902,1.13179
EURUSD,2019-06-11,1.13179,1.13374,1.13013,1.13295
EURUSD,2019-06-12,1.13295,1.13434,1.12824,1.12924
EURUSD,2019-06-13,1.12924,1.13037,1.12683,1.12795
EURUSD,2019-06-14,1.12794,1.12891,1.12024,1.1205
EURUSD,2019-06-17,1.12089,1.1247,1.12037,1.12242
EURUSD,2019-06-18,1.12244,1.12428,1.11813,1.11978
EURUSD,2019-06-19,1.11978,1.12542,1.11871,1.12357
EURUSD,2019-06-20,1.12357,1.13173,1.12351,1.12943
EURUSD,2019-06-21,1.12943,1.13777,1.1283,1.13679
EURUSD,2019-06-24,1.13695,1.14039,1.13662,1.13991
EURUSD,2019-06-25,1.13993,1.14119,1.13442,1.13681
EURUSD,2019-06-26,1.1368,1.13913,1.13474,1.13735
EURUSD,2019-06-27,1.13734,1.13814,1.13477,1.13711
EURUSD,2019-06-28,1.13711,1.13933,1.13506,1.13681
EURUSD,2019-07-01,1.13595,1.1371,1.12801,1.12868
EURUSD,2019-07-02,1.12868,1.13215,1.12751,1.12904
EURUSD,2019-07-03,1.12904,1.13123,1.12686,1.12873
EURUSD,2019-07-04,1.12873,1.12951,1.12731,1.12853
EURUSD,2019-07-05,1.12853,1.1286,1.12073,1.12235
EURUSD,2019-07-08,1.12215,1.12344,1.12069,1.12151
EURUSD,2019-07-09,1.1215,1.12187,1.11933,1.12043
EURUSD,2019-07-10,1.12043,1.12643,1.12018,1.12583
EURUSD,2019-07-11,1.12585,1.12857,1.12451,1.12498
EURUSD,2019-07-12,1.12498,1.12748,1.12381,1.12698
EURUSD,2019-07-15,1.12666,1.12838,1.12532,1.12597
EURUSD,2019-07-16,1.12598,1.12634,1.12018,1.12116
EURUSD,2019-07-17,1.12117,1.12335,1.11997,1.12273
EURUSD,2019-07-18,1.12273,1.1282,1.12051,1.1261
EURUSD,2019-07-19,1.12608,1.12683,1.12033,1.12192
EURUSD,2019-07-22,1.1215,1.12253,1.12037,1.12042
EURUSD,2019-07-23,1.12042,1.1208,1.11457,1.11508
EURUSD,2019-07-24,1.11508,1.11558,1.11269,1.11419
EURUSD,2019-07-25,1.1142,1.11877,1.11013,1.11448
EURUSD,2019-07-26,1.11447,1.11509,1.1112,1.11247
EURUSD,2019-07-29,1.11246,1.11509,1.11128,1.11423
EURUSD,2019-07-30,1.11424,1.1161,1.11321,1.11568
EURUSD,2019-07-31,1.11568,1.1162,1.106,1.10715
EURUSD,2019-08-01,1.10715,1.10958,1.10268,1.10788
EURUSD,2019-08-02,1.10789,1.11164,1.10696,1.11057
EURUSD,2019-08-05,1.11042,1.12453,1.11033,1.12418
EURUSD,2019-08-06,1.12418,1.12497,1.11675,1.12054
EURUSD,2019-08-07,1.12053,1.12417,1.11791,1.12039
EURUSD,2019-08-08,1.12038,1.12323,1.11769,1.11861
EURUSD,2019-08-09,1.11861,1.12229,1.11833,1.11969
EURUSD,2019-08-12,1.11978,1.12306,1.11619,1.12162
EURUSD,2019-08-13,1.12162,1.12285,1.11698,1.11764
EURUSD,2019-08-14,1.11764,1.11908,1.11305,1.11428
EURUSD,2019-08-15,1.11428,1.11583,1.10913,1.11103
EURUSD,2019-08-16,1.11105,1.11113,1.10662,1.10899
EURUSD,2019-08-19,1.10925,1.11137,1.1076,1.10814
EURUSD,2019-08-20,1.10816,1.11066,1.10655,1.10972
EURUSD,2019-08-21,1.1097,1.1107,1.10804,1.10901
EURUSD,2019-08-22,1.10903,1.1113,1.10635,1.10836
EURUSD,2019-08-23,1.10835,1.11532,1.10516,1.1136
EURUSD,2019-08-26,1.11507,1.11639,1.10942,1.11013
EURUSD,2019-08-27,1.11012,1.11159,1.10855,1.10893
EURUSD,2019-08-28,1.10894,1.10978,1.10733,1.10855
EURUSD,2019-08-29,1.10856,1.1093,1.10419,1.10589
EURUSD,2019-08-30,1.10589,1.10599,1.09632,1.0988
EURUSD,2019-09-02,1.09893,1.09962,1.0958,1.09641
EURUSD,2019-09-03,1.09641,1.09786,1.0926,1.09725
EURUSD,2019-09-04,1.09725,1.10383,1.09715,1.10347
EURUSD,2019-09-05,1.10346,1.10847,1.10166,1.1034
EURUSD,2019-09-06,1.1034,1.10572,1.10201,1.1025
EURUSD,2019-09-09,1.1026,1.1068,1.10153,1.10469
EURUSD,2019-09-10,1.10469,1.10595,1.10305,1.10501
EURUSD,2019-09-11,1.10501,1.10555,1.09851,1.10135
EURUSD,2019-09-12,1.10134,1.10871,1.09268,1.10561
EURUSD,2019-09-13,1.1056,1.11094,1.1056,1.10707
EURUSD,2019-09-16,1.10732,1.10863,1.09932,1.10031
EURUSD,2019-09-17,1.1003,1.10755,1.09901,1.10736
EURUSD,2019-09-18,1.10737,1.10746,1.10136,1.10291
EURUSD,2019-09-19,1.10291,1.10735,1.10229,1.10446
EURUSD,2019-09-20,1.10444,1.10676,1.09961,1.10169
EURUSD,2019-09-23,1.10136,1.10253,1.09661,1.09939
EURUSD,2019-09-24,1.09938,1.1024,1.09837,1.10135
EURUSD,2019-09-25,1.10134,1.10168,1.09374,1.09511
EURUSD,2019-09-26,1.09511,1.09672,1.09087,1.09222
EURUSD,2019-09-27,1.09223,1.09586,1.09046,1.09367
EURUSD,2019-09-30,1.09419,1.09478,1.08847,1.08993
EURUSD,2019-10-01,1.08992,1.09428,1.0879,1.09339
EURUSD,2019-10-02,1.0934,1.09636,1.0904,1.09605
EURUSD,2019-10-03,1.09604,1.09992,1.09408,1.09744
EURUSD,2019-10-04,1.09745,1.0999,1.0957,1.0976
EURUSD,2019-10-07,1.09803,1.10004,1.09619,1.09715
EURUSD,2019-10-08,1.09716,1.09958,1.09409,1.09597
EURUSD,2019-10-09,1.09597,1.099,1.09548,1.09842
EURUSD,2019-10-10,1.09841,1.10337,1.09797,1.10106
EURUSD,2019-10-11,1.10105,1.10626,1.10007,1.10329
EURUSD,2019-10-14,1.10316,1.10426,1.10128,1.10259
EURUSD,2019-10-15,1.10258,1.10459,1.09912,1.10344
EURUSD,2019-10-16,1.10344,1.10855,1.10223,1.10737
EURUSD,2019-10-17,1.10738,1.11398,1.1065,1.11244
EURUSD,2019-10-18,1.11245,1.11719,1.11145,1.11703
EURUSD,2019-10-21,1.11607,1.11793,1.11386,1.11515
EURUSD,2019-10-22,1.11517,1.11568,1.11176,1.11289
EURUSD,2019-10-23,1.11288,1.11405,1.11061,1.11322
EURUSD,2019-10-24,1.11322,1.11627,1.1093,1.11034
EURUSD,2019-10-25,1.11035,1.11229,1.10729,1.1079
EURUSD,2019-10-28,1.108,1.11065,1.1076,1.10982
EURUSD,2019-10-29,1.10982,1.11183,1.10735,1.1112
EURUSD,2019-10-30,1.11119,1.11554,1.10801,1.11521
EURUSD,2019-10-31,1.11521,1.11755,1.11314,1.11561
EURUSD,2019-11-01,1.11559,1.11718,1.11281,1.11641
EURUSD,2019-11-04,1.11684,1.11753,1.11218,1.11279
EURUSD,2019-11-05,1.11279,1.11401,1.10635,1.10738
EURUSD,2019-11-06,1.10739,1.10928,1.10651,1.107
EURUSD,2019-11-07,1.10699,1.10914,1.1036,1.10523
EURUSD,2019-11-08,1.10524,1.10554,1.10167,1.10176
EURUSD,2019-11-11,1.1023,1.1043,1.10163,1.10347
EURUSD,2019-11-12,1.10347,1.10385,1.10025,1.1012
EURUSD,2019-11-13,1.1012,1.10203,1.09953,1.10096
EURUSD,2019-11-14,1.10096,1.10274,1.0989,1.10197
EURUSD,2019-11-15,1.10198,1.10569,1.10145,1.10494
EURUSD,2019-11-18,1.10489,1.10899,1.10487,1.10722
EURUSD,2019-11-19,1.10721,1.10839,1.10626,1.10779
EURUSD,2019-11-20,1.10781,1.10813,1.1053,1.10779
EURUSD,2019-11-21,1.10779,1.10969,1.10522,1.10656
EURUSD,2019-11-22,1.10657,1.10872,1.10143,1.10179
EURUSD,2019-11-25,1.1017,1.10321,1.10035,1.10104
EURUSD,2019-11-26,1.10105,1.10256,1.10071,1.1022
EURUSD,2019-11-27,1.1022,1.10222,1.09922,1.10048
EURUSD,2019-11-28,1.10049,1.10179,1.10003,1.10113
EURUSD,2019-11-29,1.10113,1.10282,1.09811,1.1015
EURUSD,2019-12-02,1.10229,1.10907,1.10029,1.10761
EURUSD,2019-12-03,1.1076,1.10934,1.1066,1.10818
EURUSD,2019-12-04,1.10819,1.11161,1.10666,1.10827
EURUSD,2019-12-05,1.10824,1.1108,1.10793,1.11038
EURUSD,2019-12-06,1.11039,1.11097,1.10398,1.10543
EURUSD,2019-12-09,1.1058,1.10779,1.10533,1.10643
EURUSD,2019-12-10,1.10642,1.10977,1.10628,1.10923
EURUSD,2019-12-11,1.10923,1.11448,1.10701,1.11325
EURUSD,2019-12-12,1.11326,1.11995,1.11029,1.11833
EURUSD,2019-12-13,1.11833,1.1186,1.1112,1.11174
EURUSD,2019-12-16,1.1128,1.11581,1.11225,1.11355
EURUSD,2019-12-17,1.11355,1.11746,1.11293,1.11514
EURUSD,2019-12-18,1.11512,1.11512,1.11105,1.11154
EURUSD,2019-12-19,1.11154,1.11442,1.11072,1.11231
EURUSD,2019-12-20,1.11231,1.11236,1.10662,1.10769
EURUSD,2019-12-23,1.1081,1.10958,1.10699,1.10917
EURUSD,2019-12-24,1.10918,1.10938,1.1069,1.10873
EURUSD,2019-12-25,1.10873,1.10953,1.1073,1.10944
EURUSD,2019-12-26,1.10944,1.11088,1.10821,1.11012
EURUSD,2019-12-27,1.11013,1.11883,1.10987,1.11713
EURUSD,2019-12-30,1.11736,1.12207,1.11718,1.12013
EURUSD,2019-12-31,1.12013,1.12391,1.11987,1.12072
EURUSD,2020-01-01,1.1212,1.12218,1.12106,1.12188
EURUSD,2020-01-02,1.12188,1.12245,1.11635,1.11708
EURUSD,2020-01-03,1.11707,1.11798,1.11249,1.11548
EURUSD,2020-01-06,1.11656,1.12055,1.11571,1.11954
EURUSD,2020-01-07,1.11953,1.1197,1.11335,1.1154
EURUSD,2020-01-08,1.11539,1.11682,1.11016,1.11129
EURUSD,2020-01-09,1.1113,1.11204,1.10924,1.11093
EURUSD,2020-01-10,1.11092,1.11291,1.1085,1.11165
EURUSD,2020-01-13,1.11141,1.11469,1.11125,1.11344
EURUSD,2020-01-14,1.11344,1.11444,1.11045,1.11275
EURUSD,2020-01-15,1.11276,1.11634,1.11185,1.11524
EURUSD,2020-01-16,1.11524,1.11727,1.11279,1.11368
EURUSD,2020-01-17,1.11368,1.11425,1.10862,1.1089
EURUSD,2020-01-20,1.1091,1.11023,1.10766,1.10962
EURUSD,2020-01-21,1.10963,1.11179,1.10809,1.10851
EURUSD,2020-01-22,1.10851,1.10984,1.107,1.10957
EURUSD,2020-01-23,1.10956,1.11087,1.10362,1.10554
EURUSD,2020-01-24,1.10554,1.10617,1.10195,1.10224
EURUSD,2020-01-27,1.10318,1.10375,1.10096,1.10193
EURUSD,2020-01-28,1.10193,1.10252,1.09978,1.1022
EURUSD,2020-01-29,1.1022,1.10276,1.09923,1.10138
EURUSD,2020-01-30,1.10138,1.10393,1.10069,1.10285
EURUSD,2020-01-31,1.10285,1.10954,1.10168,1.10944
EURUSD,2020-02-03,1.10939,1.10939,1.10356,1.10623
EURUSD,2020-02-04,1.10623,1.10641,1.10328,1.10446
EURUSD,2020-02-05,1.10449,1.10479,1.09937,1.10003
EURUSD,2020-02-06,1.10003,1.10138,1.09644,1.09806
EURUSD,2020-02-07,1.09809,1.09849,1.09419,1.09438
EURUSD,2020-02-10,1.09439,1.09574,1.09076,1.09101
EURUSD,2020-02-11,1.09103,1.09248,1.08913,1.09189
EURUSD,2020-02-12,1.09187,1.09255,1.08654,1.08756
EURUSD,2020-02-13,1.08755,1.08887,1.0834,1.08413
EURUSD,2020-02-14,1.08415,1.08611,1.08271,1.08299
EURUSD,2020-02-17,1.08406,1.08509,1.08291,1.08366
EURUSD,2020-02-18,1.08365,1.08372,1.07854,1.07949
EURUSD,2020-02-19,1.07949,1.08115,1.07822,1.08096
EURUSD,2020-02-20,1.08095,1.08211,1.07778,1.07875
EURUSD,2020-02-21,1.07875,1.08635,1.07871,1.08456
EURUSD,2020-02-24,1.08145,1.0872,1.0805,1.08485
EURUSD,2020-02-25,1.08485,1.08902,1.083,1.08797
EURUSD,2020-02-26,1.08796,1.09086,1.08549,1.08864
EURUSD,2020-02-27,1.08865,1.10064,1.08848,1.09963
EURUSD,2020-02-28,1.09964,1.1053,1.09509,1.10251
EURUSD,2020-03-02,1.10423,1.11845,1.10362,1.11443
EURUSD,2020-03-03,1.11443,1.12134,1.10953,1.11765
EURUSD,2020-03-04,1.11765,1.11875,1.10955,1.1138
EURUSD,2020-03-05,1.11382,1.12447,1.11195,1.12224
EURUSD,2020-03-06,1.12224,1.13546,1.12112,1.12804
EURUSD,2020-03-09,1.13473,1.14954,1.1335,1.13989
EURUSD,2020-03-10,1.13989,1.14251,1.12749,1.13136
EURUSD,2020-03-11,1.13136,1.13667,1.12501,1.12611
EURUSD,2020-03-12,1.12612,1.13336,1.1055,1.11823
EURUSD,2020-03-13,1.11822,1.12213,1.1055,1.10992
EURUSD,2020-03-16,1.10705,1.12366,1.10705,1.11633
EURUSD,2020-03-17,1.11632,1.11891,1.0955,1.1016
EURUSD,2020-03-18,1.10161,1.10451,1.08016,1.09442
EURUSD,2020-03-19,1.09442,1.0949,1.06542,1.06544
EURUSD,2020-03-20,1.06543,1.08309,1.06375,1.06929
EURUSD,2020-03-23,1.07011,1.08279,1.06357,1.07635
EURUSD,2020-03-24,1.07633,1.08879,1.07457,1.07977
EURUSD,2020-03-25,1.07978,1.08938,1.07599,1.08884
EURUSD,2020-03-26,1.08882,1.10589,1.08742,1.10475
EURUSD,2020-03-27,1.10475,1.11473,1.09533,1.11379
EURUSD,2020-03-30,1.11172,1.1144,1.101,1.1029
EURUSD,2020-03-31,1.10289,1.10427,1.09265,1.10259
EURUSD,2020-04-01,1.1026,1.10361,1.09026,1.09513
EURUSD,2020-04-02,1.09514,1.09644,1.08206,1.0846
EURUSD,2020-04-03,1.08459,1.08553,1.07727,1.07955
EURUSD,2020-04-06,1.08082,1.08354,1.07683,1.07988
EURUSD,2020-04-07,1.07988,1.09263,1.07904,1.08935
EURUSD,2020-04-08,1.08934,1.08969,1.08299,1.08599
EURUSD,2020-04-09,1.08598,1.09516,1.08409,1.09226
EURUSD,2020-04-10,1.09226,1.09524,1.09192,1.09326
EURUSD,2020-04-13,1.09482,1.09678,1.08926,1.09198
EURUSD,2020-04-14,1.09197,1.09907,1.09149,1.09834
EURUSD,2020-04-15,1.09832,1.09872,1.08564,1.09037
EURUSD,2020-04-16,1.09036,1.09072,1.08166,1.08584
EURUSD,2020-04-17,1.08588,1.08926,1.08119,1.08711
EURUSD,2020-04-20,1.08748,1.08967,1.08411,1.08637
EURUSD,2020-04-21,1.08636,1.08802,1.08165,1.08563
EURUSD,2020-04-22,1.08563,1.08852,1.08032,1.08062
EURUSD,2020-04-23,1.08062,1.08466,1.0756,1.07743
EURUSD,2020-04-24,1.07743,1.08294,1.07271,1.08196
EURUSD,2020-04-27,1.08211,1.08602,1.08112,1.08245
EURUSD,2020-04-28,1.08244,1.08884,1.08097,1.08324
EURUSD,2020-04-29,1.08324,1.08856,1.08308,1.08772
EURUSD,2020-04-30,1.0877,1.09726,1.0833,1.09448
EURUSD,2020-05-01,1.09447,1.10187,1.09344,1.09777
EURUSD,2020-05-04,1.09676,1.09736,1.08956,1.0903
EURUSD,2020-05-05,1.09031,1.09258,1.08258,1.08384
EURUSD,2020-05-06,1.08385,1.08438,1.07819,1.0798
EURUSD,2020-05-07,1.0798,1.08408,1.07665,1.08361
EURUSD,2020-05-08,1.0836,1.08756,1.08151,1.08371
EURUSD,2020-05-11,1.08265,1.08504,1.08005,1.08093
EURUSD,2020-05-12,1.08093,1.08851,1.07843,1.08454
EURUSD,2020-05-13,1.08455,1.08965,1.08116,1.0821
EURUSD,2020-05-14,1.0821,1.08239,1.07748,1.0806
EURUSD,2020-05-15,1.08061,1.08509,1.07888,1.08183
EURUSD,2020-05-18,1.08088,1.0927,1.07999,1.09139
EURUSD,2020-05-19,1.09138,1.09759,1.09021,1.0926
EURUSD,2020-05-20,1.09262,1.09989,1.09262,1.09796
EURUSD,2020-05-21,1.09794,1.10083,1.09371,1.0949
EURUSD,2020-05-22,1.09491,1.09535,1.08852,1.0898
EURUSD,2020-05-25,1.08956,1.09144,1.08706,1.09016
EURUSD,2020-05-26,1.09015,1.09957,1.08969,1.09784
EURUSD,2020-05-27,1.09785,1.10307,1.0934,1.10166
EURUSD,2020-05-28,1.10165,1.10934,1.09916,1.10779
EURUSD,2020-05-29,1.10778,1.11451,1.10698,1.11036
EURUSD,2020-06-01,1.11129,1.1154,1.11004,1.11251
EURUSD,2020-06-02,1.11252,1.11959,1.11151,1.11851
EURUSD,2020-06-03,1.1185,1.12577,1.11795,1.12349
EURUSD,2020-06-04,1.1235,1.13623,1.11947,1.13354
EURUSD,2020-06-05,1.13357,1.13836,1.12784,1.12911
EURUSD,2020-06-08,1.12934,1.13198,1.12682,1.1304
EURUSD,2020-06-09,1.1304,1.13638,1.12409,1.1332
EURUSD,2020-06-10,1.1332,1.14224,1.13219,1.13667
EURUSD,2020-06-11,1.13668,1.14036,1.1287,1.12879
EURUSD,2020-06-12,1.12881,1.13405,1.12125,1.1255
EURUSD,2020-06-15,1.12329,1.1338,1.12262,1.13375
EURUSD,2020-06-16,1.13376,1.13532,1.12278,1.12648
EURUSD,2020-06-17,1.12649,1.12939,1.12068,1.12419
EURUSD,2020-06-18,1.12419,1.12613,1.11854,1.12076
EURUSD,2020-06-19,1.12075,1.12542,1.1168,1.11759
EURUSD,2020-06-22,1.11835,1.12809,1.11684,1.12776
EURUSD,2020-06-23,1.12775,1.13486,1.1233,1.13124
EURUSD,2020-06-24,1.13124,1.13257,1.12481,1.12499
EURUSD,2020-06-25,1.125,1.12597,1.11903,1.12179
EURUSD,2020-06-26,1.12179,1.12393,1.11951,1.1217
EURUSD,2020-06-29,1.12149,1.12879,1.12149,1.12467
EURUSD,2020-06-30,1.12466,1.12619,1.1191,1.12335
EURUSD,2020-07-01,1.12336,1.12751,1.11848,1.12511
EURUSD,2020-07-02,1.12511,1.13026,1.12233,1.12372
EURUSD,2020-07-03,1.12373,1.12518,1.12192,1.12464
EURUSD,2020-07-06,1.12433,1.13454,1.12411,1.13123
EURUSD,2020-07-07,1.13123,1.13325,1.12588,1.12744
EURUSD,2020-07-08,1.12745,1.13518,1.12623,1.13372
EURUSD,2020-07-09,1.13372,1.13706,1.12801,1.12879
EURUSD,2020-07-10,1.12881,1.13247,1.12547,1.1299
EURUSD,2020-07-13,1.13039,1.13748,1.13008,1.13447
EURUSD,2020-07-14,1.13447,1.14123,1.13251,1.14099
EURUSD,2020-07-15,1.141,1.1452,1.1391,1.14168
EURUSD,2020-07-16,1.14168,1.14417,1.13704,1.13878
EURUSD,2020-07-17,1.13877,1.14436,1.13774,1.14269
EURUSD,2020-07-20,1.14084,1.14677,1.14023,1.14557
EURUSD,2020-07-21,1.14559,1.15423,1.14228,1.1535
EURUSD,2020-07-22,1.1535,1.16013,1.15068,1.15646
EURUSD,2020-07-23,1.15647,1.16268,1.15403,1.15952
EURUSD,2020-07-24,1.15953,1.1658,1.15812,1.16546
EURUSD,2020-07-27,1.1643,1.17813,1.16413,1.17682
EURUSD,2020-07-28,1.17681,1.17736,1.16987,1.17185
EURUSD,2020-07-29,1.17185,1.18061,1.17139,1.17806
EURUSD,2020-07-30,1.17809,1.18762,1.17308,1.18719
EURUSD,2020-07-31,1.18718,1.19087,1.17617,1.17753
EURUSD,2020-08-03,1.17725,1.17966,1.16959,1.17603
EURUSD,2020-08-04,1.17603,1.18148,1.17211,1.18136
EURUSD,2020-08-05,1.18135,1.19048,1.17992,1.1872
EURUSD,2020-08-06,1.18721,1.1916,1.18179,1.18752
EURUSD,2020-08-07,1.18753,1.18818,1.17551,1.17862
EURUSD,2020-08-10,1.17886,1.18006,1.17357,1.1736
EURUSD,2020-08-11,1.1736,1.1808,1.17219,1.17347
EURUSD,2020-08-12,1.17348,1.1817,1.1711,1.17939
EURUSD,2020-08-13,1.17939,1.18641,1.17934,1.18155
EURUSD,2020-08-14,1.18153,1.18503,1.17817,1.18414
EURUSD,2020-08-17,1.18389,1.18809,1.18286,1.18745
EURUSD,2020-08-18,1.18745,1.19656,1.18742,1.19464
EURUSD,2020-08-19,1.19463,1.19526,1.18302,1.18437
EURUSD,2020-08-20,1.1844,1.18711,1.18019,1.18695
EURUSD,2020-08-21,1.18694,1.18828,1.17541,1.17949
EURUSD,2020-08-24,1.17911,1.18495,1.17841,1.17934
EURUSD,2020-08-25,1.17934,1.18435,1.17841,1.18339
EURUSD,2020-08-26,1.1834,1.18406,1.17721,1.184
EURUSD,2020-08-27,1.18403,1.19018,1.17623,1.18205
EURUSD,2020-08-28,1.18205,1.19197,1.18109,1.19018
EURUSD,2020-08-31,1.18998,1.1966,1.1884,1.19367
EURUSD,2020-09-01,1.19368,1.20113,1.19013,1.19226
EURUSD,2020-09-02,1.19224,1.19239,1.18221,1.18457
EURUSD,2020-09-03,1.18458,1.18646,1.17889,1.18412
EURUSD,2020-09-04,1.18413,1.18654,1.17809,1.18371
EURUSD,2020-09-07,1.18432,1.18486,1.18116,1.18188
EURUSD,2020-09-08,1.18187,1.18273,1.1757,1.17667
EURUSD,2020-09-09,1.17667,1.18339,1.17527,1.18037
EURUSD,2020-09-10,1.18035,1.19175,1.18004,1.18234
EURUSD,2020-09-11,1.18237,1.18741,1.18237,1.18453
EURUSD,2020-09-14,1.18348,1.1888,1.18319,1.18671
EURUSD,2020-09-15,1.1867,1.19005,1.18395,1.18419
EURUSD,2020-09-16,1.1842,1.18825,1.17876,1.18045
EURUSD,2020-09-17,1.18043,1.18561,1.17373,1.18468
EURUSD,2020-09-18,1.18468,1.18705,1.1826,1.18385
EURUSD,2020-09-21,1.18369,1.18717,1.17317,1.17626
EURUSD,2020-09-22,1.17627,1.17715,1.16916,1.17059
EURUSD,2020-09-23,1.1706,1.17188,1.16513,1.16568
EURUSD,2020-09-24,1.16567,1.16869,1.16265,1.16735
EURUSD,2020-09-25,1.16735,1.1685,1.16121,1.16277
EURUSD,2020-09-28,1.16271,1.16799,1.1615,1.16768
EURUSD,2020-09-29,1.16768,1.17457,1.16652,1.17414
EURUSD,2020-09-30,1.17414,1.17548,1.16847,1.17232
EURUSD,2020-10-01,1.17234,1.17696,1.17171,1.17439
EURUSD,2020-10-02,1.17439,1.17445,1.16956,1.17157
EURUSD,2020-10-05,1.1711,1.17975,1.17053,1.17891
EURUSD,2020-10-06,1.17889,1.18077,1.17302,1.17371
EURUSD,2020-10-07,1.1737,1.17818,1.17249,1.17657
EURUSD,2020-10-08,1.17657,1.17816,1.17326,1.17668
EURUSD,2020-10-09,1.17667,1.1831,1.17576,1.18248
EURUSD,2020-10-12,1.18103,1.18266,1.17867,1.18129
EURUSD,2020-10-13,1.18127,1.18139,1.17304,1.1742
EURUSD,2020-10-14,1.17419,1.1771,1.17199,1.17447
EURUSD,2020-10-15,1.17444,1.17578,1.16884,1.17064
EURUSD,2020-10-16,1.17065,1.17462,1.16939,1.17132
EURUSD,2020-10-19,1.17181,1.17936,1.17031,1.17683
EURUSD,2020-10-20,1.17683,1.18407,1.17598,1.1829
EURUSD,2020-10-21,1.18289,1.18807,1.1828,1.18516
EURUSD,2020-10-22,1.18516,1.18668,1.18114,1.18146
EURUSD,2020-10-23,1.18143,1.18648,1.17866,1.18572
EURUSD,2020-10-26,1.18546,1.18605,1.18032,1.18091
EURUSD,2020-10-27,1.18092,1.18387,1.17695,1.17815
EURUSD,2020-10-28,1.17818,1.17879,1.17178,1.17482
EURUSD,2020-10-29,1.17482,1.17587,1.16501,1.16783
EURUSD,2020-10-30,1.16782,1.17042,1.164,1.16431
EURUSD,2020-11-02,1.16498,1.16557,1.16221,1.16404
EURUSD,2020-11-03,1.16405,1.17639,1.16372,1.17616
EURUSD,2020-11-04,1.17617,1.17704,1.16026,1.17321
EURUSD,2020-11-05,1.17321,1.18596,1.17107,1.18167
EURUSD,2020-11-06,1.18169,1.18908,1.17952,1.187
EURUSD,2020-11-09,1.18898,1.19199,1.17952,1.1824
EURUSD,2020-11-10,1.1824,1.18432,1.17799,1.18184
EURUSD,2020-11-11,1.18183,1.18327,1.17454,1.17792
EURUSD,2020-11-12,1.17792,1.18231,1.17585,1.18038
EURUSD,2020-11-13,1.18039,1.18374,1.17989,1.1831
EURUSD,2020-11-16,1.18411,1.18689,1.18141,1.18592
EURUSD,2020-11-17,1.18593,1.18937,1.18425,1.18636
EURUSD,2020-11-18,1.18637,1.18908,1.18448,1.18451
EURUSD,2020-11-19,1.18452,1.18825,1.18161,1.18653
EURUSD,2020-11-20,1.18655,1.18908,1.18498,1.18544
EURUSD,2020-11-23,1.18538,1.1906,1.17997,1.18422
EURUSD,2020-11-24,1.18422,1.18978,1.18384,1.18974
EURUSD,2020-11-25,1.18976,1.19297,1.18818,1.19162
EURUSD,2020-11-26,1.19164,1.19409,1.18852,1.19109
EURUSD,2020-11-27,1.1911,1.19641,1.19094,1.1962
EURUSD,2020-11-30,1.19614,1.20032,1.19236,1.19374
EURUSD,2020-12-01,1.19372,1.20765,1.19353,1.20706
EURUSD,2020-12-02,1.20707,1.21183,1.20399,1.21138
EURUSD,2020-12-03,1.21137,1.21746,1.2101,1.21449
EURUSD,2020-12-04,1.21449,1.21773,1.21101,1.21202
EURUSD,2020-12-07,1.21308,1.21662,1.20784,1.21092
EURUSD,2020-12-08,1.21091,1.21339,1.20953,1.21094
EURUSD,2020-12-09,1.21095,1.21475,1.20587,1.20784
EURUSD,2020-12-10,1.20784,1.21588,1.20784,1.21433
EURUSD,2020-12-11,1.21434,1.21629,1.21053,1.21086
EURUSD,2020-12-14,1.21367,1.21767,1.21155,1.21486
EURUSD,2020-12-15,1.21485,1.21689,1.2121,1.21543
EURUSD,2020-12-16,1.21543,1.22121,1.2125,1.21961
EURUSD,2020-12-17,1.21961,1.22726,1.21898,1.22614
EURUSD,2020-12-18,1.22613,1.22687,1.22255,1.22559
EURUSD,2020-12-21,1.2221,1.22529,1.21296,1.22346
EURUSD,2020-12-22,1.22347,1.2257,1.2152,1.21872
EURUSD,2020-12-23,1.21871,1.2221,1.21538,1.21939
EURUSD,2020-12-24,1.2194,1.22156,1.21773,1.2182
EURUSD,2020-12-25,1.21816,1.22031,1.21709,1.21922
EURUSD,2020-12-28,1.2186,1.22502,1.21811,1.22196
EURUSD,2020-12-29,1.22196,1.2275,1.22193,1.22519
EURUSD,2020-12-30,1.2252,1.23101,1.22511,1.22984
EURUSD,2020-12-31,1.22986,1.23092,1.22091,1.22141
EURUSD,2021-01-04,1.22396,1.23096,1.22296,1.22525
EURUSD,2021-01-05,1.22525,1.23056,1.2247,1.22984
EURUSD,2021-01-06,1.22985,1.23494,1.22655,1.23382
EURUSD,2021-01-07,1.23384,1.23443,1.2245,1.22691
EURUSD,2021-01-08,1.2269,1.22845,1.21929,1.22174
EURUSD,2021-01-11,1.22175,1.22284,1.21321,1.21605
EURUSD,2021-01-12,1.21605,1.22097,1.21371,1.22085
EURUSD,2021-01-13,1.22087,1.22227,1.21399,1.21619
EURUSD,2021-01-14,1.21618,1.21784,1.2111,1.21506
EURUSD,2021-01-15,1.21505,1.21624,1.20747,1.20748
EURUSD,2021-01-18,1.20838,1.20867,1.20535,1.20776
EURUSD,2021-01-19,1.20775,1.21448,1.20772,1.21391
EURUSD,2021-01-20,1.21392,1.21581,1.20767,1.21144
EURUSD,2021-01-21,1.21145,1.2173,1.21093,1.21654
EURUSD,2021-01-22,1.21654,1.21894,1.21515,1.21667
EURUSD,2021-01-25,1.21688,1.21832,1.21158,1.21426
EURUSD,2021-01-26,1.21427,1.21758,1.21076,1.21632
EURUSD,2021-01-27,1.21632,1.21696,1.20585,1.21027
EURUSD,2021-01-28,1.21028,1.21424,1.20807,1.21209
EURUSD,2021-01-29,1.21209,1.2156,1.20944,1.21298
EURUSD,2021-02-01,1.21297,1.21363,1.2056,1.20676
EURUSD,2021-02-02,1.20676,1.20877,1.20115,1.20365
EURUSD,2021-02-03,1.20365,1.205,1.2004,1.20412
EURUSD,2021-02-04,1.20413,1.20427,1.19574,1.19662
EURUSD,2021-02-05,1.19659,1.20498,1.19522,1.20481
EURUSD,2021-02-08,1.20375,1.2066,1.20196,1.20522
EURUSD,2021-02-09,1.20522,1.21218,1.20491,1.21161
EURUSD,2021-02-10,1.21162,1.2144,1.21088,1.2119
EURUSD,2021-02-11,1.21189,1.21494,1.21134,1.21304
EURUSD,2021-02-12,1.21306,1.21332,1.20815,1.21177
EURUSD,2021-02-15,1.21244,1.21451,1.21167,1.2132
EURUSD,2021-02-16,1.21319,1.21693,1.20859,1.2088
EURUSD,2021-02-17,1.20879,1.20982,1.20232,1.20455
EURUSD,2021-02-18,1.20454,1.20958,1.20355,1.20917
EURUSD,2021-02-19,1.20917,1.21444,1.20823,1.21167
EURUSD,2021-02-22,1.21151,1.21693,1.20911,1.21638
EURUSD,2021-02-23,1.21637,1.21801,1.21353,1.21506
EURUSD,2021-02-24,1.21506,1.21745,1.21092,1.21693
EURUSD,2021-02-25,1.21696,1.22433,1.21559,1.21577
EURUSD,2021-02-26,1.21579,1.21826,1.20621,1.20704
EURUSD,2021-03-01,1.20702,1.21011,1.20276,1.20484
EURUSD,2021-03-02,1.20485,1.20943,1.19916,1.20848
EURUSD,2021-03-03,1.2085,1.21132,1.20427,1.20464
EURUSD,2021-03-04,1.20463,1.2063,1.19605,1.19672
EURUSD,2021-03-05,1.19671,1.19687,1.18932,1.19128
EURUSD,2021-03-08,1.19177,1.19321,1.18442,1.18508
EURUSD,2021-03-09,1.18509,1.19156,1.18355,1.18967
EURUSD,2021-03-10,1.18967,1.19296,1.18688,1.19242
EURUSD,2021-03-11,1.19242,1.19899,1.19156,1.19808
EURUSD,2021-03-12,1.19809,1.19884,1.19099,1.19476
EURUSD,2021-03-15,1.19451,1.19674,1.1911,1.19263
EURUSD,2021-03-16,1.19263,1.19518,1.18819,1.1902
EURUSD,2021-03-17,1.19018,1.19873,1.18861,1.19825
EURUSD,2021-03-18,1.19827,1.19888,1.19061,1.19174
EURUSD,2021-03-19,1.19175,1.19371,1.18738,1.19031
EURUSD,2021-03-22,1.18712,1.19468,1.18708,1.19322
EURUSD,2021-03-23,1.19323,1.19407,1.1836,1.18396
EURUSD,2021-03-24,1.18399,1.18508,1.18089,1.18127
EURUSD,2021-03-25,1.18128,1.18277,1.17617,1.17756
EURUSD,2021-03-26,1.17756,1.18049,1.17716,1.17918
EURUSD,2021-03-29,1.17917,1.17939,1.17606,1.17685
EURUSD,2021-03-30,1.17684,1.17737,1.17112,1.17231
EURUSD,2021-03-31,1.1723,1.17598,1.1704,1.1727
EURUSD,2021-04-01,1.17271,1.17825,1.17125,1.17772
EURUSD,2021-04-02,1.17772,1.17866,1.1749,1.17603
EURUSD,2021-04-05,1.17544,1.18194,1.17379,1.18169
EURUSD,2021-04-06,1.18168,1.18776,1.17951,1.18737
EURUSD,2021-04-07,1.18737,1.19147,1.18608,1.18723
EURUSD,2021-04-08,1.18724,1.19274,1.18609,1.19153
EURUSD,2021-04-09,1.19151,1.19201,1.18669,1.18977
EURUSD,2021-04-12,1.18903,1.1919,1.1871,1.19115
EURUSD,2021-04-13,1.19117,1.19557,1.18776,1.19538
EURUSD,2021-04-14,1.19541,1.19872,1.19509,1.19832
EURUSD,2021-04-15,1.1983,1.19932,1.1956,1.19692
EURUSD,2021-04-16,1.19692,1.19946,1.19503,1.19805
EURUSD,2021-04-19,1.19722,1.2048,1.19424,1.20424
EURUSD,2021-04-20,1.20424,1.20797,1.20224,1.20324
EURUSD,2021-04-21,1.20323,1.20436,1.19985,1.20372
EURUSD,2021-04-22,1.20372,1.20694,1.19936,1.20143
EURUSD,2021-04-23,1.20144,1.20999,1.20127,1.20938
EURUSD,2021-04-26,1.20913,1.21167,1.20608,1.20793
EURUSD,2021-04-27,1.20794,1.20927,1.20567,1.20892
EURUSD,2021-04-28,1.2089,1.21353,1.2056,1.21348
EURUSD,2021-04-29,1.2135,1.21498,1.21021,1.21245
EURUSD,2021-04-30,1.21243,1.21265,1.20165,1.20169
EURUSD,2021-05-03,1.20309,1.2076,1.2013,1.20588
EURUSD,2021-05-04,1.2059,1.20598,1.19989,1.20144
EURUSD,2021-05-05,1.20145,1.20265,1.19859,1.20074
EURUSD,2021-05-06,1.20076,1.20716,1.19929,1.20651
EURUSD,2021-05-07,1.20651,1.21713,1.20527,1.21615
EURUSD,2021-05-10,1.21601,1.21782,1.21271,1.21405
EURUSD,2021-05-11,1.21406,1.21815,1.2123,1.2144
EURUSD,2021-05-12,1.21441,1.2152,1.20655,1.20777
EURUSD,2021-05-13,1.20776,1.2106,1.20514,1.20767
EURUSD,2021-05-14,1.20768,1.21477,1.20708,1.2142
EURUSD,2021-05-17,1.2145,1.21687,1.21259,1.21563
EURUSD,2021-05-18,1.21561,1.22339,1.21534,1.22223
EURUSD,2021-05-19,1.22225,1.22451,1.21598,1.21704
EURUSD,2021-05-20,1.21704,1.223,1.21689,1.22249
EURUSD,2021-05-21,1.2225,1.22396,1.21607,1.21778
EURUSD,2021-05-24,1.21778,1.22298,1.21722,1.2214
EURUSD,2021-05-25,1.2214,1.22664,1.22113,1.22468
EURUSD,2021-05-26,1.22468,1.22629,1.2182,1.2192
EURUSD,2021-05-27,1.2192,1.22149,1.21751,1.21927
EURUSD,2021-05-28,1.21927,1.22048,1.21325,1.21905
EURUSD,2021-05-31,1.2199,1.22343,1.21832,1.22325
EURUSD,2021-06-01,1.22325,1.22542,1.2211,1.22174
EURUSD,2021-06-02,1.22172,1.22265,1.2164,1.22094
EURUSD,2021-06-03,1.22094,1.22141,1.21181,1.213
EURUSD,2021-06-04,1.21299,1.21856,1.21039,1.21644
EURUSD,2021-06-07,1.21601,1.22017,1.21448,1.21905
EURUSD,2021-06-08,1.21905,1.21941,1.21642,1.21724
EURUSD,2021-06-09,1.21725,1.22179,1.21714,1.21784
EURUSD,2021-06-10,1.21782,1.21945,1.21433,1.21725
EURUSD,2021-06-11,1.21726,1.21929,1.20925,1.21072
EURUSD,2021-06-14,1.21045,1.21305,1.20942,1.21218
EURUSD,2021-06-15,1.21218,1.21473,1.21013,1.21245
EURUSD,2021-06-16,1.21246,1.21347,1.19865,1.1995
EURUSD,2021-06-17,1.19949,1.20062,1.18916,1.1913
EURUSD,2021-06-18,1.19129,1.19249,1.18472,1.18592
EURUSD,2021-06-21,1.18542,1.19213,1.18476,1.19119
EURUSD,2021-06-22,1.19119,1.19526,1.18808,1.19364
EURUSD,2021-06-23,1.19364,1.197,1.19113,1.19296
EURUSD,2021-06-24,1.19297,1.19562,1.19176,1.19278
EURUSD,2021-06-25,1.19278,1.19751,1.19261,1.19347
EURUSD,2021-06-28,1.19296,1.19444,1.19022,1.19286
EURUSD,2021-06-29,1.19287,1.19295,1.18775,1.19002
EURUSD,2021-06-30,1.19003,1.1909,1.1845,1.18558
EURUSD,2021-07-01,1.18559,1.18842,1.18373,1.18457
EURUSD,2021-07-02,1.18455,1.18741,1.1807,1.18622
EURUSD,2021-07-05,1.18598,1.18804,1.18513,1.18624
EURUSD,2021-07-06,1.18623,1.18951,1.18068,1.18221
EURUSD,2021-07-07,1.18222,1.18364,1.17815,1.17929
EURUSD,2021-07-08,1.17928,1.18678,1.17834,1.18463
EURUSD,2021-07-09,1.18463,1.1881,1.18249,1.1871
EURUSD,2021-07-12,1.18751,1.18802,1.1836,1.18627
EURUSD,2021-07-13,1.18627,1.18751,1.17721,1.17748
EURUSD,2021-07-14,1.17747,1.18387,1.17717,1.18329
EURUSD,2021-07-15,1.18329,1.18506,1.17962,1.18112
EURUSD,2021-07-16,1.18114,1.18221,1.17921,1.18047
EURUSD,2021-07-19,1.18054,1.18244,1.17636,1.17917
EURUSD,2021-07-20,1.17917,1.18024,1.17555,1.17813
EURUSD,2021-07-21,1.17811,1.18046,1.17518,1.17922
EURUSD,2021-07-22,1.17925,1.18304,1.17572,1.17722
EURUSD,2021-07-23,1.17722,1.17865,1.17544,1.17683
EURUSD,2021-07-26,1.17681,1.18172,1.17632,1.18047
EURUSD,2021-07-27,1.18046,1.18409,1.17698,1.18203
EURUSD,2021-07-28,1.18205,1.18494,1.17721,1.18454
EURUSD,2021-07-29,1.18453,1.18942,1.18406,1.18903
EURUSD,2021-07-30,1.18902,1.19085,1.18515,1.18667
EURUSD,2021-08-02,1.18641,1.18968,1.18587,1.1874
EURUSD,2021-08-03,1.18738,1.18932,1.18535,1.18694
EURUSD,2021-08-04,1.18693,1.18996,1.18326,1.18371
EURUSD,2021-08-05,1.18373,1.18572,1.1828,1.18332
EURUSD,2021-08-06,1.18332,1.18333,1.17543,1.17596
EURUSD,2021-08-09,1.1758,1.17689,1.17344,1.1736
EURUSD,2021-08-10,1.17359,1.17427,1.17095,1.17195
EURUSD,2021-08-11,1.17195,1.17541,1.17059,1.17417
EURUSD,2021-08-12,1.17415,1.17481,1.17236,1.17356
EURUSD,2021-08-13,1.17357,1.18045,1.17302,1.17933
EURUSD,2021-08-16,1.17934,1.18007,1.17672,1.17776
EURUSD,2021-08-17,1.17776,1.17846,1.17017,1.17091
EURUSD,2021-08-18,1.17092,1.17427,1.16936,1.17026
EURUSD,2021-08-19,1.17027,1.17041,1.16656,1.16763
EURUSD,2021-08-20,1.16762,1.17044,1.16638,1.16951
EURUSD,2021-08-23,1.16935,1.17501,1.16925,1.17441
EURUSD,2021-08-24,1.17439,1.1765,1.17272,1.17526
EURUSD,2021-08-25,1.17527,1.17745,1.1726,1.17717
EURUSD,2021-08-26,1.17716,1.17789,1.17458,1.17533
EURUSD,2021-08-27,1.17534,1.18022,1.17348,1.1791
EURUSD,2021-08-30,1.17937,1.18097,1.17827,1.17965
EURUSD,2021-08-31,1.17961,1.1845,1.17952,1.18098
EURUSD,2021-09-01,1.18098,1.18571,1.17935,1.18407
EURUSD,2021-09-02,1.18407,1.1876,1.18342,1.18736
EURUSD,2021-09-03,1.18736,1.1909,1.18655,1.18773
EURUSD,2021-09-06,1.1876,1.18862,1.18557,1.18731
EURUSD,2021-09-07,1.1873,1.18851,1.18358,1.18429
EURUSD,2021-09-08,1.18428,1.18511,1.18019,1.18188
EURUSD,2021-09-09,1.18186,1.18412,1.18051,1.1823
EURUSD,2021-09-10,1.1823,1.1851,1.18092,1.18101
EURUSD,2021-09-13,1.18111,1.18169,1.177,1.18096
EURUSD,2021-09-14,1.18095,1.18458,1.18,1.18023
EURUSD,2021-09-15,1.18024,1.18318,1.17991,1.1819
EURUSD,2021-09-16,1.18189,1.18204,1.17504,1.17648
EURUSD,2021-09-17,1.17647,1.17888,1.17235,1.17239
EURUSD,2021-09-20,1.17288,1.17364,1.17001,1.17266
EURUSD,2021-09-21,1.17267,1.17486,1.17147,1.17228
EURUSD,2021-09-22,1.17228,1.17555,1.16843,1.1687
EURUSD,2021-09-23,1.16871,1.175,1.16834,1.17398
EURUSD,2021-09-24,1.17397,1.17476,1.17005,1.17181
EURUSD,2021-09-27,1.17253,1.17261,1.16846,1.16956
EURUSD,2021-09-28,1.16956,1.17031,1.16682,1.1686
EURUSD,2021-09-29,1.16858,1.169,1.15894,1.16014
EURUSD,2021-09-30,1.16015,1.16096,1.15624,1.15736
EURUSD,2021-10-01,1.15735,1.16072,1.15628,1.15923
EURUSD,2021-10-04,1.15954,1.164,1.15876,1.1616
EURUSD,2021-10-05,1.16161,1.16198,1.15804,1.15955
EURUSD,2021-10-06,1.15954,1.15977,1.15291,1.15549
EURUSD,2021-10-07,1.15548,1.1572,1.15474,1.15592
EURUSD,2021-10-08,1.15591,1.15861,1.15413,1.15721
EURUSD,2021-10-11,1.15674,1.15867,1.15478,1.15532
EURUSD,2021-10-12,1.15533,1.15703,1.15242,1.15304
EURUSD,2021-10-13,1.15305,1.15994,1.15299,1.15968
EURUSD,2021-10-14,1.15966,1.16242,1.15839,1.15903
EURUSD,2021-10-15,1.15903,1.16185,1.15881,1.15983
EURUSD,2021-10-18,1.15903,1.16223,1.15717,1.16131
EURUSD,2021-10-19,1.16133,1.16693,1.1613,1.16313
EURUSD,2021-10-20,1.16313,1.16586,1.16168,1.16523
EURUSD,2021-10-21,1.16522,1.16674,1.16194,1.16246
EURUSD,2021-10-22,1.16249,1.16556,1.1621,1.16395
EURUSD,2021-10-25,1.16382,1.16649,1.15907,1.16087
EURUSD,2021-10-26,1.16087,1.16257,1.15848,1.15962
EURUSD,2021-10-27,1.15962,1.16259,1.15849,1.15982
EURUSD,2021-10-28,1.15984,1.16921,1.15821,1.16821
EURUSD,2021-10-29,1.16821,1.16899,1.1535,1.15529
EURUSD,2021-11-01,1.15576,1.1609,1.1546,1.15995
EURUSD,2021-11-02,1.15996,1.16133,1.15751,1.1579
EURUSD,2021-11-03,1.1579,1.16164,1.15622,1.16152
EURUSD,2021-11-04,1.16152,1.1616,1.15282,1.15552
EURUSD,2021-11-05,1.15553,1.15731,1.15132,1.15631
EURUSD,2021-11-08,1.15566,1.15949,1.15503,1.15877
EURUSD,2021-11-09,1.15877,1.16087,1.15698,1.1594
EURUSD,2021-11-10,1.1594,1.15952,1.14759,1.14856
EURUSD,2021-11-11,1.14856,1.14875,1.14428,1.14474
EURUSD,2021-11-12,1.14477,1.1462,1.14328,1.14413
EURUSD,2021-11-15,1.14473,1.14638,1.13562,1.13668
EURUSD,2021-11-16,1.1367,1.13856,1.13089,1.13179
EURUSD,2021-11-17,1.1318,1.13321,1.12635,1.13178
EURUSD,2021-11-18,1.13178,1.1374,1.13137,1.13676
EURUSD,2021-11-19,1.13677,1.13692,1.12499,1.12794
EURUSD,2021-11-22,1.12873,1.12907,1.12306,1.12417
EURUSD,2021-11-23,1.12415,1.1275,1.12259,1.12445
EURUSD,2021-11-24,1.12444,1.12552,1.11859,1.12025
EURUSD,2021-11-25,1.12025,1.12296,1.12025,1.12091
EURUSD,2021-11-26,1.12091,1.13301,1.12067,1.13071
EURUSD,2021-11-29,1.13004,1.13134,1.12583,1.12925
EURUSD,2021-11-30,1.12925,1.13828,1.12349,1.13299
EURUSD,2021-12-01,1.13298,1.13596,1.13025,1.13187
EURUSD,2021-12-02,1.13189,1.13476,1.12953,1.13057
EURUSD,2021-12-03,1.13057,1.13333,1.12665,1.13117
EURUSD,2021-12-06,1.13046,1.13129,1.12663,1.12834
EURUSD,2021-12-07,1.12833,1.12984,1.12275,1.12723
EURUSD,2021-12-08,1.12725,1.13547,1.12667,1.13441
EURUSD,2021-12-09,1.13441,1.13442,1.12783,1.12936
EURUSD,2021-12-10,1.12935,1.13239,1.12651,1.13146
EURUSD,2021-12-13,1.131,1.13192,1.126,1.12834
EURUSD,2021-12-14,1.12834,1.13238,1.12535,1.12575
EURUSD,2021-12-15,1.12575,1.12991,1.12215,1.12902
EURUSD,2021-12-16,1.12903,1.13603,1.12811,1.13336
EURUSD,2021-12-17,1.13335,1.13488,1.1235,1.1237
EURUSD,2021-12-20,1.12371,1.13037,1.12344,1.12771
EURUSD,2021-12-21,1.12771,1.13026,1.12607,1.12871
EURUSD,2021-12-22,1.12872,1.13423,1.12644,1.13265
EURUSD,2021-12-23,1.13263,1.13422,1.129,1.13228
EURUSD,2021-12-24,1.13227,1.13433,1.13031,1.13102
EURUSD,2021-12-27,1.13101,1.13344,1.13028,1.13294
EURUSD,2021-12-28,1.13293,1.13331,1.12895,1.1313
EURUSD,2021-12-29,1.13131,1.13688,1.12737,1.13595
EURUSD,2021-12-30,1.13595,1.13597,1.12984,1.13222
EURUSD,2021-12-31,1.13219,1.13863,1.13032,1.13667
GBPAUD,2019-01-01,1.80709,1.81019,1.80434,1.80929
GBPAUD,2019-01-02,1.80931,1.84076,1.79571,1.80929
GBPAUD,2019-01-03,1.80928,1.81319,1.79856,1.80217
GBPAUD,2019-01-04,1.80217,1.80696,1.78601,1.78644
GBPAUD,2019-01-07,1.7875,1.79274,1.78239,1.78943
GBPAUD,2019-01-08,1.78943,1.79433,1.77617,1.77768
GBPAUD,2019-01-09,1.77767,1.78492,1.77539,1.78367
GBPAUD,2019-01-10,1.78367,1.78852,1.77072,1.77431
GBPAUD,2019-01-11,1.77431,1.78499,1.76117,1.77852
GBPAUD,2019-01-14,1.78121,1.79441,1.78024,1.78815
GBPAUD,2019-01-15,1.7881,1.79033,1.76403,1.78586
GBPAUD,2019-01-16,1.78582,1.79682,1.78271,1.79672
GBPAUD,2019-01-17,1.79672,1.81008,1.79381,1.80566
GBPAUD,2019-01-18,1.80566,1.80588,1.79136,1.79667
GBPAUD,2019-01-21,1.79596,1.80431,1.79136,1.80042
GBPAUD,2019-01-22,1.80042,1.82118,1.80002,1.81916
GBPAUD,2019-01-23,1.81916,1.83448,1.81331,1.83037
GBPAUD,2019-01-24,1.83036,1.85217,1.82576,1.84976
GBPAUD,2019-01-25,1.84973,1.85167,1.83236,1.83823
GBPAUD,2019-01-28,1.83702,1.84072,1.83049,1.83634
GBPAUD,2019-01-29,1.83634,1.84414,1.8244,1.82738
GBPAUD,2019-01-30,1.82739,1.82886,1.80371,1.80801
GBPAUD,2019-01-31,1.80801,1.80972,1.79959,1.80251
GBPAUD,2019-02-01,1.80251,1.81039,1.79358,1.80356
GBPAUD,2019-02-04,1.80332,1.81587,1.80172,1.80595
GBPAUD,2019-02-05,1.80595,1.81211,1.78682,1.78888
GBPAUD,2019-02-06,1.78891,1.82204,1.7882,1.81883
GBPAUD,2019-02-07,1.81881,1.82935,1.80856,1.82511
GBPAUD,2019-02-08,1.82512,1.8343,1.82174,1.82554
GBPAUD,2019-02-11,1.82278,1.8258,1.81853,1.82126
GBPAUD,2019-02-12,1.82126,1.82339,1.81262,1.8145
GBPAUD,2019-02-13,1.8145,1.81998,1.80816,1.81258
GBPAUD,2019-02-14,1.81259,1.8141,1.79896,1.80137
GBPAUD,2019-02-15,1.80137,1.80826,1.79896,1.8035
GBPAUD,2019-02-18,1.80759,1.81489,1.80331,1.81203
GBPAUD,2019-02-19,1.81203,1.82613,1.80859,1.82191
GBPAUD,2019-02-20,1.82191,1.82612,1.81716,1.81948
GBPAUD,2019-02-21,1.81948,1.84485,1.8095,1.83441
GBPAUD,2019-02-22,1.83441,1.84012,1.82236,1.83059
GBPAUD,2019-02-25,1.83046,1.83293,1.81948,1.83011
GBPAUD,2019-02-26,1.8301,1.85026,1.8299,1.84306
GBPAUD,2019-02-27,1.84309,1.86969,1.84079,1.86286
GBPAUD,2019-02-28,1.86291,1.87234,1.85802,1.86762
GBPAUD,2019-03-01,1.86762,1.87098,1.85751,1.86438
GBPAUD,2019-03-04,1.86231,1.87209,1.85679,1.85855
GBPAUD,2019-03-05,1.85855,1.86382,1.85222,1.85605
GBPAUD,2019-03-06,1.85605,1.87522,1.8548,1.8743
GBPAUD,2019-03-07,1.8743,1.87736,1.86057,1.86362
GBPAUD,2019-03-08,1.86367,1.86921,1.84321,1.84573
GBPAUD,2019-03-11,1.84286,1.87791,1.83906,1.87279
GBPAUD,2019-03-12,1.8728,1.87426,1.84066,1.84962
GBPAUD,2019-03-13,1.84962,1.8851,1.84871,1.87496
GBPAUD,2019-03-14,1.87496,1.88615,1.86965,1.87561
GBPAUD,2019-03-15,1.87561,1.87758,1.86182,1.87559
GBPAUD,2019-03-18,1.87566,1.87805,1.85938,1.86838
GBPAUD,2019-03-19,1.86837,1.87431,1.86357,1.872
GBPAUD,2019-03-20,1.872,1.87836,1.84731,1.85112
GBPAUD,2019-03-21,1.85098,1.85161,1.83377,1.84744
GBPAUD,2019-03-22,1.84744,1.86609,1.84422,1.8647
GBPAUD,2019-03-25,1.86626,1.86737,1.85167,1.85656
GBPAUD,2019-03-26,1.85656,1.85968,1.84681,1.85079
GBPAUD,2019-03-27,1.85077,1.87312,1.8502,1.85646
GBPAUD,2019-03-28,1.85649,1.86269,1.84129,1.84284
GBPAUD,2019-03-29,1.84285,1.85315,1.82977,1.83608
GBPAUD,2019-04-01,1.83056,1.84781,1.82727,1.83782
GBPAUD,2019-04-02,1.83781,1.86046,1.83333,1.85986
GBPAUD,2019-04-03,1.85987,1.86088,1.8439,1.85111
GBPAUD,2019-04-04,1.85112,1.85337,1.83413,1.83882
GBPAUD,2019-04-05,1.83883,1.84142,1.82971,1.83362
GBPAUD,2019-04-08,1.83383,1.84323,1.8297,1.83395
GBPAUD,2019-04-09,1.83394,1.8356,1.82557,1.83142
GBPAUD,2019-04-10,1.83142,1.83599,1.82339,1.82748
GBPAUD,2019-04-11,1.82748,1.83575,1.8253,1.83266
GBPAUD,2019-04-12,1.83266,1.83543,1.82131,1.82152
GBPAUD,2019-04-15,1.81974,1.82879,1.81953,1.82595
GBPAUD,2019-04-16,1.82595,1.8327,1.81731,1.82051
GBPAUD,2019-04-17,1.82051,1.82229,1.80976,1.81755
GBPAUD,2019-04-18,1.81756,1.82002,1.81146,1.81766
GBPAUD,2019-04-19,1.81767,1.81907,1.81286,1.81297
GBPAUD,2019-04-22,1.81447,1.8209,1.81444,1.8196
GBPAUD,2019-04-23,1.81959,1.83009,1.81951,1.82313
GBPAUD,2019-04-24,1.82312,1.84491,1.82292,1.83956
GBPAUD,2019-04-25,1.83956,1.843,1.83584,1.83737
GBPAUD,2019-04-26,1.83737,1.83921,1.83081,1.83447
GBPAUD,2019-04-29,1.83296,1.83624,1.83075,1.83287
GBPAUD,2019-04-30,1.83286,1.8539,1.83015,1.84955
GBPAUD,2019-05-01,1.84959,1.86173,1.84807,1.86078
GBPAUD,2019-05-02,1.86077,1.86332,1.8553,1.86326
GBPAUD,2019-05-03,1.86322,1.87692,1.85669,1.87516
GBPAUD,2019-05-06,1.88516,1.88802,1.86969,1.87302
GBPAUD,2019-05-07,1.87296,1.87825,1.85964,1.86456
GBPAUD,2019-05-08,1.86446,1.86691,1.85326,1.86042
GBPAUD,2019-05-09,1.86036,1.86757,1.85963,1.86161
GBPAUD,2019-05-10,1.86166,1.86446,1.8543,1.85648
GBPAUD,2019-05-13,1.85824,1.87156,1.85458,1.86652
GBPAUD,2019-05-14,1.86648,1.86659,1.85742,1.86022
GBPAUD,2019-05-15,1.86026,1.86722,1.85081,1.85468
GBPAUD,2019-05-16,1.85466,1.86311,1.85038,1.85671
GBPAUD,2019-05-17,1.85672,1.85904,1.85041,1.85104
GBPAUD,2019-05-20,1.84092,1.84725,1.83686,1.83907
GBPAUD,2019-05-21,1.83902,1.8617,1.83787,1.84609
GBPAUD,2019-05-22,1.84608,1.84991,1.83451,1.84122
GBPAUD,2019-05-23,1.84122,1.8425,1.83217,1.83551
GBPAUD,2019-05-24,1.83551,1.84206,1.82982,1.83469
GBPAUD,2019-05-27,1.83537,1.83838,1.82984,1.83227
GBPAUD,2019-05-28,1.83229,1.83352,1.8258,1.82777
GBPAUD,2019-05-29,1.82777,1.83084,1.82355,1.82527
GBPAUD,2019-05-30,1.8253,1.82636,1.81939,1.82557
GBPAUD,2019-05-31,1.8255,1.82692,1.81701,1.82052
GBPAUD,2019-06-03,1.82246,1.8245,1.81247,1.81664
GBPAUD,2019-06-04,1.8166,1.81934,1.81171,1.81702
GBPAUD,2019-06-05,1.81698,1.82312,1.81343,1.82026
GBPAUD,2019-06-06,1.82025,1.82294,1.81627,1.8201
GBPAUD,2019-06-07,1.82013,1.82682,1.81616,1.81851
GBPAUD,2019-06-10,1.81601,1.82662,1.81437,1.82294
GBPAUD,2019-06-11,1.82295,1.83025,1.82096,1.82782
GBPAUD,2019-06-12,1.82781,1.83576,1.82692,1.83137
GBPAUD,2019-06-13,1.83138,1.83773,1.82924,1.83444
GBPAUD,2019-06-14,1.83444,1.83849,1.83071,1.83167
GBPAUD,2019-06-17,1.82924,1.83543,1.82814,1.83018
GBPAUD,2019-06-18,1.83015,1.83503,1.82184,1.82596
GBPAUD,2019-06-19,1.82596,1.8408,1.82381,1.83762
GBPAUD,2019-06-20,1.83757,1.84219,1.82888,1.8359
GBPAUD,2019-06-21,1.83589,1.84005,1.82979,1.8387
GBPAUD,2019-06-24,1.83597,1.83858,1.82611,1.82866
GBPAUD,2019-06-25,1.8286,1.83656,1.82065,1.82306
GBPAUD,2019-06-26,1.82307,1.82337,1.81308,1.81725
GBPAUD,2019-06-27,1.81725,1.81969,1.80633,1.80917
GBPAUD,2019-06-28,1.80917,1.81513,1.80557,1.8069
GBPAUD,2019-07-01,1.80602,1.81712,1.80386,1.81533
GBPAUD,2019-07-02,1.81532,1.81567,1.79958,1.80101
GBPAUD,2019-07-03,1.801,1.80317,1.78532,1.78943
GBPAUD,2019-07-04,1.78947,1.79336,1.78578,1.79102
GBPAUD,2019-07-05,1.79107,1.7954,1.7859,1.79406
GBPAUD,2019-07-08,1.79387,1.79617,1.78997,1.79496
GBPAUD,2019-07-09,1.79487,1.80137,1.79399,1.79874
GBPAUD,2019-07-10,1.79873,1.80397,1.79425,1.79721
GBPAUD,2019-07-11,1.79713,1.80037,1.79304,1.79577
GBPAUD,2019-07-12,1.79587,1.79622,1.78917,1.79043
GBPAUD,2019-07-15,1.78835,1.79192,1.77696,1.77827
GBPAUD,2019-07-16,1.77831,1.7793,1.76292,1.76877
GBPAUD,2019-07-17,1.76877,1.77552,1.76666,1.77396
GBPAUD,2019-07-18,1.77396,1.77631,1.76716,1.77441
GBPAUD,2019-07-19,1.77441,1.77817,1.77171,1.77473
GBPAUD,2019-07-22,1.77082,1.77842,1.76694,1.77417
GBPAUD,2019-07-23,1.77416,1.77904,1.7671,1.77783
GBPAUD,2019-07-24,1.77782,1.79246,1.77743,1.78914
GBPAUD,2019-07-25,1.78906,1.79836,1.78708,1.79153
GBPAUD,2019-07-26,1.7915,1.7962,1.79,1.79162
GBPAUD,2019-07-29,1.79161,1.79257,1.76922,1.77079
GBPAUD,2019-07-30,1.77083,1.77239,1.75595,1.76831
GBPAUD,2019-07-31,1.76828,1.77891,1.76226,1.77536
GBPAUD,2019-08-01,1.77537,1.78851,1.76391,1.78229
GBPAUD,2019-08-02,1.7823,1.79113,1.77561,1.78786
GBPAUD,2019-08-05,1.78826,1.80311,1.78552,1.79746
GBPAUD,2019-08-06,1.79745,1.80045,1.78817,1.79957
GBPAUD,2019-08-07,1.79956,1.82058,1.79386,1.79641
GBPAUD,2019-08-08,1.7964,1.79969,1.77952,1.7827
GBPAUD,2019-08-09,1.78278,1.78845,1.77094,1.77169
GBPAUD,2019-08-12,1.77542,1.79259,1.77142,1.78758
GBPAUD,2019-08-13,1.78768,1.79106,1.77044,1.77467
GBPAUD,2019-08-14,1.77467,1.79121,1.7706,1.78536
GBPAUD,2019-08-15,1.78532,1.79357,1.77626,1.78517
GBPAUD,2019-08-16,1.78515,1.79553,1.77854,1.79011
GBPAUD,2019-08-19,1.78929,1.79537,1.78592,1.79518
GBPAUD,2019-08-20,1.79518,1.79646,1.77996,1.79526
GBPAUD,2019-08-21,1.79526,1.79586,1.78281,1.78802
GBPAUD,2019-08-22,1.78804,1.81542,1.78787,1.81332
GBPAUD,2019-08-23,1.81326,1.82047,1.80416,1.81949
GBPAUD,2019-08-26,1.82027,1.83353,1.80153,1.80521
GBPAUD,2019-08-27,1.80518,1.82167,1.80245,1.81797
GBPAUD,2019-08-28,1.81801,1.82353,1.80145,1.81261
GBPAUD,2019-08-29,1.81262,1.81787,1.80476,1.80871
GBPAUD,2019-08-30,1.80877,1.81622,1.80421,1.80421
GBPAUD,2019-09-02,1.80448,1.80924,1.79213,1.79742
GBPAUD,2019-09-03,1.79742,1.79973,1.77916,1.78757
GBPAUD,2019-09-04,1.78753,1.80324,1.78321,1.80161
GBPAUD,2019-09-05,1.8016,1.81111,1.79237,1.80916
GBPAUD,2019-09-06,1.80914,1.81017,1.79291,1.79317
GBPAUD,2019-09-09,1.79356,1.80339,1.78428,1.79849
GBPAUD,2019-09-10,1.79849,1.80631,1.79322,1.80172
GBPAUD,2019-09-11,1.8017,1.80292,1.79338,1.79394
GBPAUD,2019-09-12,1.79393,1.79879,1.78791,1.79632
GBPAUD,2019-09-13,1.79629,1.81701,1.79366,1.81629
GBPAUD,2019-09-16,1.81623,1.82003,1.80526,1.81077
GBPAUD,2019-09-17,1.81082,1.82443,1.80922,1.82071
GBPAUD,2019-09-18,1.82071,1.83118,1.81924,1.82732
GBPAUD,2019-09-19,1.82732,1.84533,1.82692,1.84383
GBPAUD,2019-09-20,1.84381,1.84961,1.8355,1.84327
GBPAUD,2019-09-23,1.84052,1.84448,1.8331,1.83542
GBPAUD,2019-09-24,1.8354,1.84104,1.82747,1.83658
GBPAUD,2019-09-25,1.83657,1.84072,1.82739,1.82962
GBPAUD,2019-09-26,1.82963,1.83243,1.82051,1.8254
GBPAUD,2019-09-27,1.82541,1.82732,1.81521,1.81527
GBPAUD,2019-09-30,1.81789,1.82891,1.81524,1.82037
GBPAUD,2019-10-01,1.82037,1.84065,1.81357,1.83223
GBPAUD,2019-10-02,1.83223,1.84021,1.82675,1.83408
GBPAUD,2019-10-03,1.83411,1.84278,1.82729,1.82974
GBPAUD,2019-10-04,1.82973,1.82982,1.81505,1.82117
GBPAUD,2019-10-07,1.8212,1.83052,1.81922,1.82496
GBPAUD,2019-10-08,1.82496,1.82629,1.80976,1.81602
GBPAUD,2019-10-09,1.81601,1.82302,1.80903,1.81729
GBPAUD,2019-10-10,1.81726,1.84302,1.80754,1.8379
GBPAUD,2019-10-11,1.83792,1.8683,1.82756,1.86066
GBPAUD,2019-10-14,1.85947,1.87144,1.85176,1.86091
GBPAUD,2019-10-15,1.86097,1.89422,1.85784,1.88917
GBPAUD,2019-10-16,1.88928,1.90923,1.87778,1.8973
GBPAUD,2019-10-17,1.89731,1.90185,1.87177,1.88487
GBPAUD,2019-10-18,1.88491,1.89386,1.87752,1.89276
GBPAUD,2019-10-21,1.89091,1.89332,1.87853,1.8878
GBPAUD,2019-10-22,1.8878,1.89269,1.87619,1.87769
GBPAUD,2019-10-23,1.87769,1.88609,1.8748,1.88604
GBPAUD,2019-10-24,1.88604,1.89281,1.8768,1.88341
GBPAUD,2019-10-25,1.88334,1.88543,1.87632,1.87977
GBPAUD,2019-10-28,1.87802,1.88556,1.87687,1.87959
GBPAUD,2019-10-29,1.87959,1.88079,1.86953,1.87631
GBPAUD,2019-10-30,1.8763,1.87997,1.86762,1.87028
GBPAUD,2019-10-31,1.87023,1.88068,1.8648,1.87701
GBPAUD,2019-11-01,1.87701,1.88011,1.86999,1.87034
GBPAUD,2019-11-04,1.86927,1.87349,1.86741,1.87084
GBPAUD,2019-11-05,1.87084,1.87347,1.8597,1.86935
GBPAUD,2019-11-06,1.86929,1.87132,1.86516,1.86922
GBPAUD,2019-11-07,1.86922,1.87151,1.85456,1.85803
GBPAUD,2019-11-08,1.85802,1.87106,1.85542,1.86146
GBPAUD,2019-11-11,1.86586,1.88098,1.86426,1.87669
GBPAUD,2019-11-12,1.8767,1.88128,1.87226,1.87806
GBPAUD,2019-11-13,1.8781,1.88384,1.8743,1.8792
GBPAUD,2019-11-14,1.87924,1.90212,1.8785,1.89779
GBPAUD,2019-11-15,1.89778,1.89868,1.89068,1.89068
GBPAUD,2019-11-18,1.89592,1.90567,1.89364,1.90275
GBPAUD,2019-11-19,1.90279,1.90792,1.8906,1.89415
GBPAUD,2019-11-20,1.89422,1.90281,1.89181,1.90127
GBPAUD,2019-11-21,1.90127,1.90574,1.89914,1.90294
GBPAUD,2019-11-22,1.90294,1.90466,1.88958,1.89072
GBPAUD,2019-11-25,1.89301,1.9062,1.88921,1.90287
GBPAUD,2019-11-26,1.90287,1.9042,1.89188,1.89474
GBPAUD,2019-11-27,1.89478,1.9145,1.89224,1.91019
GBPAUD,2019-11-28,1.9101,1.9142,1.90505,1.9076
GBPAUD,2019-11-29,1.90764,1.91517,1.90017,1.91244
GBPAUD,2019-12-02,1.90672,1.90944,1.89524,1.89782
GBPAUD,2019-12-03,1.89782,1.90244,1.88963,1.89731
GBPAUD,2019-12-04,1.89727,1.91606,1.89626,1.91378
GBPAUD,2019-12-05,1.91375,1.92773,1.91234,1.92561
GBPAUD,2019-12-06,1.92561,1.92603,1.91539,1.91885
GBPAUD,2019-12-09,1.92237,1.93074,1.92072,1.92556
GBPAUD,2019-12-10,1.92555,1.93884,1.92303,1.92747
GBPAUD,2019-12-11,1.92752,1.92961,1.91681,1.92122
GBPAUD,2019-12-12,1.92119,1.95041,1.89463,1.94536
GBPAUD,2019-12-13,1.94532,1.95146,1.92772,1.93716
GBPAUD,2019-12-16,1.93622,1.95216,1.92572,1.93037
GBPAUD,2019-12-17,1.93029,1.93638,1.91297,1.91532
GBPAUD,2019-12-18,1.91532,1.91749,1.90341,1.90864
GBPAUD,2019-12-19,1.90861,1.9102,1.88728,1.88913
GBPAUD,2019-12-20,1.88913,1.89432,1.88142,1.88273
GBPAUD,2019-12-23,1.88546,1.88639,1.86511,1.86875
GBPAUD,2019-12-24,1.86875,1.87332,1.863,1.86649
GBPAUD,2019-12-25,1.86627,1.87463,1.86627,1.87274
GBPAUD,2019-12-26,1.87278,1.87643,1.86927,1.87137
GBPAUD,2019-12-27,1.87136,1.88151,1.86594,1.87205
GBPAUD,2019-12-30,1.8723,1.87898,1.86983,1.87254
GBPAUD,2019-12-31,1.87254,1.89093,1.86953,1.88905
GBPAUD,2020-01-01,1.88685,1.8912,1.88671,1.8876
GBPAUD,2020-01-02,1.88766,1.89098,1.87711,1.88251
GBPAUD,2020-01-03,1.88251,1.88642,1.87806,1.88264
GBPAUD,2020-01-06,1.88371,1.89997,1.88017,1.89851
GBPAUD,2020-01-07,1.89855,1.91552,1.89771,1.91154
GBPAUD,2020-01-08,1.91153,1.91567,1.90527,1.90595
GBPAUD,2020-01-09,1.90596,1.90919,1.89697,1.90687
GBPAUD,2020-01-10,1.90687,1.90716,1.88937,1.8918
GBPAUD,2020-01-13,1.88936,1.89061,1.87699,1.8826
GBPAUD,2020-01-14,1.88255,1.88907,1.87659,1.88851
GBPAUD,2020-01-15,1.88851,1.89107,1.88402,1.88762
GBPAUD,2020-01-16,1.88762,1.89757,1.88371,1.89531
GBPAUD,2020-01-17,1.89531,1.90028,1.88858,1.89148
GBPAUD,2020-01-20,1.89002,1.89632,1.88514,1.89114
GBPAUD,2020-01-21,1.89114,1.90731,1.8895,1.90504
GBPAUD,2020-01-22,1.905,1.92231,1.905,1.9211
GBPAUD,2020-01-23,1.9211,1.9221,1.9094,1.91561
GBPAUD,2020-01-24,1.91551,1.92169,1.90956,1.91485
GBPAUD,2020-01-27,1.91941,1.93441,1.91614,1.93121
GBPAUD,2020-01-28,1.93121,1.93522,1.92157,1.92527
GBPAUD,2020-01-29,1.9253,1.93062,1.92075,1.92791
GBPAUD,2020-01-30,1.92797,1.95485,1.92797,1.95122
GBPAUD,2020-01-31,1.95122,1.97534,1.94695,1.97448
GBPAUD,2020-02-03,1.97064,1.97203,1.94043,1.94269
GBPAUD,2020-02-04,1.94264,1.9443,1.92537,1.93571
GBPAUD,2020-02-05,1.93565,1.93669,1.91798,1.92464
GBPAUD,2020-02-06,1.92465,1.92735,1.91638,1.92077
GBPAUD,2020-02-07,1.92077,1.94163,1.92046,1.92988
GBPAUD,2020-02-10,1.9317,1.93735,1.92166,1.93058
GBPAUD,2020-02-11,1.93059,1.93254,1.92104,1.92827
GBPAUD,2020-02-12,1.92823,1.93149,1.92122,1.92998
GBPAUD,2020-02-13,1.92998,1.94398,1.92387,1.94137
GBPAUD,2020-02-14,1.94137,1.94427,1.93506,1.94321
GBPAUD,2020-02-17,1.93848,1.94267,1.93421,1.93825
GBPAUD,2020-02-18,1.93825,1.95182,1.93738,1.94177
GBPAUD,2020-02-19,1.94177,1.94511,1.93304,1.93463
GBPAUD,2020-02-20,1.93463,1.94931,1.93043,1.94804
GBPAUD,2020-02-21,1.94801,1.9623,1.94512,1.95441
GBPAUD,2020-02-24,1.96515,1.96518,1.95193,1.95491
GBPAUD,2020-02-25,1.95491,1.9714,1.952,1.96837
GBPAUD,2020-02-26,1.96841,1.9774,1.96554,1.97105
GBPAUD,2020-02-27,1.97104,1.97455,1.95525,1.95833
GBPAUD,2020-02-28,1.95833,1.9832,1.95737,1.96908
GBPAUD,2020-03-02,1.97607,1.97765,1.94372,1.9492
GBPAUD,2020-03-03,1.94926,1.96108,1.92988,1.9472
GBPAUD,2020-03-04,1.94717,1.94717,1.92896,1.94164
GBPAUD,2020-03-05,1.94163,1.96491,1.9408,1.95713
GBPAUD,2020-03-06,1.95708,1.96742,1.95203,1.96509
GBPAUD,2020-03-09,1.97896,2.07645,1.96319,1.9812
GBPAUD,2020-03-10,1.9812,1.99922,1.97679,1.98689
GBPAUD,2020-03-11,1.98685,1.99052,1.97097,1.97859
GBPAUD,2020-03-12,1.97853,2.02013,1.97276,2.00328
GBPAUD,2020-03-13,2.00323,2.01864,1.97896,1.983
GBPAUD,2020-03-16,1.97708,2.02097,1.96455,2.00982
GBPAUD,2020-03-17,2.00982,2.02505,1.99069,2.02241
GBPAUD,2020-03-18,2.02236,2.0303,1.97711,2.00377
GBPAUD,2020-03-19,2.00388,2.08511,1.97361,1.9992
GBPAUD,2020-03-20,1.99939,2.03045,1.96683,2.00577
GBPAUD,2020-03-23,2.00633,2.03534,1.96859,1.97305
GBPAUD,2020-03-24,1.97301,1.99727,1.95153,1.97456
GBPAUD,2020-03-25,1.97452,2.00738,1.95429,2.00707
GBPAUD,2020-03-26,2.00677,2.01629,1.98353,2.00554
GBPAUD,2020-03-27,2.00562,2.03398,1.99677,2.01975
GBPAUD,2020-03-30,2.01981,2.03077,2.00396,2.00575
GBPAUD,2020-03-31,2.00569,2.0371,1.98658,2.02061
GBPAUD,2020-04-01,2.02064,2.05015,2.01046,2.03251
GBPAUD,2020-04-02,2.03244,2.05925,2.02792,2.04263
GBPAUD,2020-04-03,2.04273,2.05306,2.0336,2.04566
GBPAUD,2020-04-06,2.03723,2.0431,1.99862,1.99921
GBPAUD,2020-04-07,1.99905,2.00763,1.98704,2.00502
GBPAUD,2020-04-08,2.00515,2.01157,1.98444,1.98755
GBPAUD,2020-04-09,1.98745,1.99897,1.96013,1.96601
GBPAUD,2020-04-10,1.96589,1.97311,1.95757,1.96068
GBPAUD,2020-04-13,1.95972,1.9724,1.9545,1.9562
GBPAUD,2020-04-14,1.9562,1.96929,1.95133,1.96173
GBPAUD,2020-04-15,1.96174,1.98618,1.96121,1.9841
GBPAUD,2020-04-16,1.98415,1.98973,1.95658,1.96326
GBPAUD,2020-04-17,1.96326,1.96913,1.95911,1.96383
GBPAUD,2020-04-20,1.96415,1.9703,1.94924,1.96136
GBPAUD,2020-04-21,1.96125,1.973,1.94808,1.95478
GBPAUD,2020-04-22,1.95476,1.95839,1.93645,1.95655
GBPAUD,2020-04-23,1.95658,1.95988,1.93367,1.93692
GBPAUD,2020-04-24,1.9369,1.94578,1.93234,1.93365
GBPAUD,2020-04-27,1.93766,1.93767,1.91851,1.92578
GBPAUD,2020-04-28,1.92579,1.92875,1.91099,1.91213
GBPAUD,2020-04-29,1.91216,1.91296,1.89987,1.90241
GBPAUD,2020-04-30,1.90237,1.94012,1.89903,1.937
GBPAUD,2020-05-01,1.93695,1.94961,1.93609,1.9462
GBPAUD,2020-05-04,1.94687,1.95334,1.93381,1.93657
GBPAUD,2020-05-05,1.93653,1.93664,1.92686,1.93406
GBPAUD,2020-05-06,1.93406,1.9375,1.91889,1.92823
GBPAUD,2020-05-07,1.9282,1.9282,1.89801,1.90326
GBPAUD,2020-05-08,1.90319,1.90672,1.89446,1.89896
GBPAUD,2020-05-11,1.89974,1.90814,1.89448,1.90164
GBPAUD,2020-05-12,1.90161,1.9125,1.88817,1.89883
GBPAUD,2020-05-13,1.89882,1.90036,1.88701,1.89644
GBPAUD,2020-05-14,1.89633,1.90148,1.88964,1.89053
GBPAUD,2020-05-15,1.89047,1.897,1.88481,1.88673
GBPAUD,2020-05-18,1.88166,1.88452,1.86811,1.86999
GBPAUD,2020-05-19,1.86997,1.87607,1.86316,1.87369
GBPAUD,2020-05-20,1.87368,1.87455,1.85251,1.85629
GBPAUD,2020-05-21,1.85623,1.86577,1.85414,1.86115
GBPAUD,2020-05-22,1.86112,1.87197,1.86024,1.86112
GBPAUD,2020-05-25,1.86286,1.86668,1.8595,1.86281
GBPAUD,2020-05-26,1.86279,1.86488,1.84891,1.85548
GBPAUD,2020-05-27,1.85548,1.8627,1.84522,1.85194
GBPAUD,2020-05-28,1.8519,1.86289,1.84781,1.85711
GBPAUD,2020-05-29,1.8571,1.86604,1.84609,1.85064
GBPAUD,2020-06-01,1.85042,1.85513,1.83279,1.84042
GBPAUD,2020-06-02,1.84039,1.84546,1.81714,1.81949
GBPAUD,2020-06-03,1.81949,1.83185,1.80555,1.81501
GBPAUD,2020-06-04,1.81504,1.82005,1.80567,1.81653
GBPAUD,2020-06-05,1.81653,1.82478,1.80589,1.81735
GBPAUD,2020-06-08,1.81882,1.82447,1.80973,1.81301
GBPAUD,2020-06-09,1.81288,1.83301,1.81082,1.83126
GBPAUD,2020-06-10,1.83126,1.83367,1.81276,1.82407
GBPAUD,2020-06-11,1.82411,1.84382,1.82241,1.84088
GBPAUD,2020-06-12,1.84088,1.84517,1.82287,1.82597
GBPAUD,2020-06-15,1.82701,1.84244,1.81476,1.81497
GBPAUD,2020-06-16,1.81489,1.83792,1.81464,1.82507
GBPAUD,2020-06-17,1.82501,1.83063,1.81322,1.82485
GBPAUD,2020-06-18,1.82484,1.83197,1.80838,1.812
GBPAUD,2020-06-19,1.81198,1.8152,1.79452,1.80618
GBPAUD,2020-06-22,1.81148,1.81231,1.79981,1.80389
GBPAUD,2020-06-23,1.8038,1.81329,1.79157,1.80369
GBPAUD,2020-06-24,1.80365,1.81265,1.80029,1.81036
GBPAUD,2020-06-25,1.81037,1.81243,1.80109,1.80351
GBPAUD,2020-06-26,1.8035,1.80856,1.79612,1.79641
GBPAUD,2020-06-29,1.79701,1.80102,1.78918,1.79138
GBPAUD,2020-06-30,1.79138,1.79715,1.78677,1.79531
GBPAUD,2020-07-01,1.79524,1.8064,1.79089,1.80337
GBPAUD,2020-07-02,1.80337,1.80904,1.79845,1.80151
GBPAUD,2020-07-03,1.80146,1.80202,1.79396,1.7974
GBPAUD,2020-07-06,1.79866,1.80007,1.78836,1.79133
GBPAUD,2020-07-07,1.79136,1.80727,1.78872,1.80642
GBPAUD,2020-07-08,1.80644,1.81055,1.80342,1.80543
GBPAUD,2020-07-09,1.80538,1.81397,1.80477,1.81102
GBPAUD,2020-07-10,1.81102,1.82006,1.81062,1.81587
GBPAUD,2020-07-13,1.8143,1.81921,1.80397,1.80935
GBPAUD,2020-07-14,1.80937,1.8107,1.79706,1.79857
GBPAUD,2020-07-15,1.79857,1.80192,1.79331,1.79639
GBPAUD,2020-07-16,1.79635,1.80166,1.79316,1.80025
GBPAUD,2020-07-17,1.80023,1.80092,1.79322,1.79619
GBPAUD,2020-07-20,1.79513,1.80674,1.79269,1.80295
GBPAUD,2020-07-21,1.80293,1.80551,1.78132,1.78356
GBPAUD,2020-07-22,1.78356,1.78681,1.76943,1.7832
GBPAUD,2020-07-23,1.78321,1.79582,1.77598,1.79317
GBPAUD,2020-07-24,1.79322,1.8046,1.7907,1.80036
GBPAUD,2020-07-27,1.80317,1.8069,1.79491,1.80024
GBPAUD,2020-07-28,1.80024,1.80893,1.79706,1.80529
GBPAUD,2020-07-29,1.8053,1.81081,1.80224,1.80956
GBPAUD,2020-07-30,1.80956,1.83367,1.80724,1.82089
GBPAUD,2020-07-31,1.82092,1.83587,1.81766,1.83141
GBPAUD,2020-08-03,1.83412,1.84057,1.83061,1.83758
GBPAUD,2020-08-04,1.83758,1.83871,1.82273,1.82316
GBPAUD,2020-08-05,1.82314,1.82486,1.81597,1.82329
GBPAUD,2020-08-06,1.82329,1.83521,1.81367,1.81658
GBPAUD,2020-08-07,1.81654,1.8256,1.81378,1.82319
GBPAUD,2020-08-10,1.82231,1.82903,1.82161,1.8274
GBPAUD,2020-08-11,1.82736,1.83073,1.82136,1.82639
GBPAUD,2020-08-12,1.8265,1.83242,1.81746,1.82075
GBPAUD,2020-08-13,1.82077,1.82996,1.81788,1.82834
GBPAUD,2020-08-14,1.82833,1.8354,1.82364,1.8247
GBPAUD,2020-08-17,1.82526,1.82694,1.81251,1.81664
GBPAUD,2020-08-18,1.81663,1.83047,1.81577,1.82666
GBPAUD,2020-08-19,1.82663,1.82997,1.81598,1.82403
GBPAUD,2020-08-20,1.82396,1.83855,1.82052,1.83486
GBPAUD,2020-08-21,1.83485,1.84107,1.82521,1.82746
GBPAUD,2020-08-24,1.82541,1.82949,1.82101,1.823
GBPAUD,2020-08-25,1.82293,1.83199,1.8216,1.8268
GBPAUD,2020-08-26,1.8268,1.8285,1.82366,1.82448
GBPAUD,2020-08-27,1.82449,1.8264,1.8154,1.81572
GBPAUD,2020-08-28,1.81573,1.82116,1.80809,1.81214
GBPAUD,2020-08-31,1.81131,1.81628,1.80693,1.81127
GBPAUD,2020-09-01,1.8113,1.82603,1.80854,1.81632
GBPAUD,2020-09-02,1.81631,1.82237,1.81335,1.82137
GBPAUD,2020-09-03,1.82134,1.82869,1.81593,1.82833
GBPAUD,2020-09-04,1.82831,1.82835,1.81837,1.82327
GBPAUD,2020-09-07,1.81906,1.82078,1.80531,1.80756
GBPAUD,2020-09-08,1.80758,1.80794,1.79622,1.79811
GBPAUD,2020-09-09,1.79814,1.79846,1.78151,1.78651
GBPAUD,2020-09-10,1.78649,1.79243,1.75772,1.76351
GBPAUD,2020-09-11,1.76345,1.76349,1.74921,1.75627
GBPAUD,2020-09-14,1.75315,1.7715,1.75315,1.76398
GBPAUD,2020-09-15,1.76395,1.76648,1.75381,1.76579
GBPAUD,2020-09-16,1.76578,1.77842,1.75895,1.77606
GBPAUD,2020-09-17,1.77611,1.78384,1.76196,1.77396
GBPAUD,2020-09-18,1.77403,1.78038,1.76631,1.7709
GBPAUD,2020-09-21,1.7693,1.77762,1.76327,1.77307
GBPAUD,2020-09-22,1.77303,1.78234,1.76976,1.77651
GBPAUD,2020-09-23,1.7765,1.80033,1.77617,1.79956
GBPAUD,2020-09-24,1.79956,1.81792,1.79836,1.80791
GBPAUD,2020-09-25,1.80792,1.81339,1.80256,1.81206
GBPAUD,2020-09-28,1.81389,1.82829,1.80811,1.81462
GBPAUD,2020-09-29,1.8146,1.81684,1.79997,1.80024
GBPAUD,2020-09-30,1.80023,1.80683,1.79861,1.80252
GBPAUD,2020-10-01,1.80254,1.8053,1.78471,1.79428
GBPAUD,2020-10-02,1.79426,1.81139,1.79353,1.8048
GBPAUD,2020-10-05,1.80315,1.80921,1.79884,1.80608
GBPAUD,2020-10-06,1.80614,1.81702,1.80311,1.812
GBPAUD,2020-10-07,1.81202,1.81355,1.79955,1.80984
GBPAUD,2020-10-08,1.80988,1.81288,1.80088,1.80326
GBPAUD,2020-10-09,1.80325,1.80541,1.79576,1.80062
GBPAUD,2020-10-12,1.80356,1.81454,1.80015,1.81218
GBPAUD,2020-10-13,1.81217,1.81978,1.80521,1.80527
GBPAUD,2020-10-14,1.80523,1.8247,1.79651,1.82194
GBPAUD,2020-10-15,1.82199,1.83316,1.81722,1.82031
GBPAUD,2020-10-16,1.82029,1.82905,1.81499,1.82447
GBPAUD,2020-10-19,1.82027,1.8373,1.81958,1.83535
GBPAUD,2020-10-20,1.83536,1.84512,1.82993,1.83759
GBPAUD,2020-10-21,1.83759,1.84997,1.83184,1.84788
GBPAUD,2020-10-22,1.8479,1.85259,1.83288,1.83477
GBPAUD,2020-10-23,1.83483,1.83795,1.82537,1.82586
GBPAUD,2020-10-26,1.82883,1.83277,1.82406,1.82866
GBPAUD,2020-10-27,1.82871,1.83306,1.82421,1.82924
GBPAUD,2020-10-28,1.82923,1.84399,1.82161,1.84096
GBPAUD,2020-10-29,1.84096,1.84934,1.83461,1.83735
GBPAUD,2020-10-30,1.83727,1.84543,1.83266,1.84168
GBPAUD,2020-11-02,1.83889,1.84699,1.82909,1.83199
GBPAUD,2020-11-03,1.83196,1.83765,1.81864,1.82282
GBPAUD,2020-11-04,1.82286,1.83629,1.80368,1.80555
GBPAUD,2020-11-05,1.80564,1.81373,1.80017,1.80902
GBPAUD,2020-11-06,1.80902,1.81258,1.80401,1.81088
GBPAUD,2020-11-09,1.8073,1.81252,1.79363,1.80885
GBPAUD,2020-11-10,1.80887,1.82657,1.80713,1.82098
GBPAUD,2020-11-11,1.82097,1.82363,1.81374,1.81529
GBPAUD,2020-11-12,1.81529,1.81787,1.80687,1.81213
GBPAUD,2020-11-13,1.81213,1.81919,1.8118,1.81462
GBPAUD,2020-11-16,1.81259,1.81542,1.79877,1.80617
GBPAUD,2020-11-17,1.80611,1.81846,1.80181,1.81669
GBPAUD,2020-11-18,1.81674,1.82176,1.81198,1.81592
GBPAUD,2020-11-19,1.8159,1.8241,1.81308,1.82254
GBPAUD,2020-11-20,1.82256,1.82273,1.81413,1.81832
GBPAUD,2020-11-23,1.81962,1.83161,1.8174,1.82664
GBPAUD,2020-11-24,1.82666,1.8269,1.81364,1.81366
GBPAUD,2020-11-25,1.81365,1.82202,1.81178,1.81727
GBPAUD,2020-11-26,1.8173,1.81999,1.81009,1.81502
GBPAUD,2020-11-27,1.81502,1.81613,1.79831,1.8008
GBPAUD,2020-11-30,1.80452,1.8165,1.80006,1.81202
GBPAUD,2020-12-01,1.81202,1.82473,1.81102,1.81832
GBPAUD,2020-12-02,1.81841,1.82126,1.80031,1.80271
GBPAUD,2020-12-03,1.80272,1.81448,1.80159,1.80875
GBPAUD,2020-12-04,1.80875,1.82158,1.80571,1.80948
GBPAUD,2020-12-07,1.80411,1.8084,1.78628,1.80089
GBPAUD,2020-12-08,1.80086,1.80471,1.79149,1.80363
GBPAUD,2020-12-09,1.80378,1.80435,1.7932,1.79778
GBPAUD,2020-12-10,1.79776,1.79916,1.76201,1.7679
GBPAUD,2020-12-11,1.76791,1.76809,1.74254,1.75425
GBPAUD,2020-12-14,1.76916,1.77641,1.76327,1.76828
GBPAUD,2020-12-15,1.76828,1.78267,1.76659,1.77913
GBPAUD,2020-12-16,1.77914,1.79074,1.77832,1.7836
GBPAUD,2020-12-17,1.78364,1.78642,1.77769,1.78186
GBPAUD,2020-12-18,1.78185,1.78363,1.76944,1.77263
GBPAUD,2020-12-21,1.76616,1.77715,1.75897,1.77477
GBPAUD,2020-12-22,1.77475,1.78371,1.76838,1.77391
GBPAUD,2020-12-23,1.77402,1.78797,1.77206,1.78183
GBPAUD,2020-12-24,1.78184,1.79268,1.78026,1.78624
GBPAUD,2020-12-25,1.78591,1.78928,1.78416,1.78457
GBPAUD,2020-12-28,1.78152,1.7843,1.7726,1.77437
GBPAUD,2020-12-29,1.77434,1.7793,1.77009,1.77341
GBPAUD,2020-12-30,1.77346,1.77633,1.76747,1.77263
GBPAUD,2020-12-31,1.77262,1.77618,1.76252,1.77576
GBPAUD,2021-01-04,1.77064,1.77915,1.76316,1.76929
GBPAUD,2021-01-05,1.76926,1.77063,1.75242,1.75531
GBPAUD,2021-01-06,1.75531,1.75793,1.74195,1.74294
GBPAUD,2021-01-07,1.74297,1.7564,1.74153,1.74642
GBPAUD,2021-01-08,1.74642,1.75273,1.74383,1.74593
GBPAUD,2021-01-11,1.74837,1.75639,1.74601,1.75446
GBPAUD,2021-01-12,1.7544,1.76562,1.75357,1.75748
GBPAUD,2021-01-13,1.75748,1.76927,1.75726,1.76157
GBPAUD,2021-01-14,1.76158,1.76313,1.75487,1.75957
GBPAUD,2021-01-15,1.75959,1.7684,1.75813,1.76251
GBPAUD,2021-01-18,1.76306,1.77061,1.76047,1.76729
GBPAUD,2021-01-19,1.76725,1.77261,1.76136,1.76873
GBPAUD,2021-01-20,1.76877,1.77353,1.75832,1.76222
GBPAUD,2021-01-21,1.76218,1.77074,1.7591,1.76905
GBPAUD,2021-01-22,1.76904,1.77453,1.76686,1.77256
GBPAUD,2021-01-25,1.77242,1.77676,1.76849,1.77259
GBPAUD,2021-01-26,1.7726,1.7766,1.77031,1.77217
GBPAUD,2021-01-27,1.77217,1.7885,1.77091,1.78722
GBPAUD,2021-01-28,1.7872,1.79698,1.78496,1.78908
GBPAUD,2021-01-29,1.78908,1.79485,1.78331,1.79121
GBPAUD,2021-02-01,1.79806,1.80057,1.78868,1.79136
GBPAUD,2021-02-02,1.79135,1.8015,1.78761,1.79571
GBPAUD,2021-02-03,1.7957,1.7982,1.78716,1.78737
GBPAUD,2021-02-04,1.78736,1.80002,1.779,1.79876
GBPAUD,2021-02-05,1.79878,1.8022,1.78736,1.78736
GBPAUD,2021-02-08,1.78812,1.79031,1.78164,1.78305
GBPAUD,2021-02-09,1.78305,1.78832,1.78132,1.78483
GBPAUD,2021-02-10,1.78483,1.79256,1.78323,1.7905
GBPAUD,2021-02-11,1.79052,1.79236,1.77908,1.78153
GBPAUD,2021-02-12,1.78154,1.78906,1.78018,1.78404
GBPAUD,2021-02-15,1.78316,1.78933,1.78291,1.78704
GBPAUD,2021-02-16,1.78703,1.79661,1.78551,1.79487
GBPAUD,2021-02-17,1.79482,1.79497,1.78674,1.78725
GBPAUD,2021-02-18,1.78729,1.80231,1.78502,1.79788
GBPAUD,2021-02-19,1.79788,1.79935,1.77884,1.77897
GBPAUD,2021-02-22,1.78012,1.78148,1.77566,1.7774
GBPAUD,2021-02-23,1.7774,1.78568,1.77461,1.7855
GBPAUD,2021-02-24,1.78549,1.79315,1.77311,1.77343
GBPAUD,2021-02-25,1.77347,1.7822,1.76884,1.78092
GBPAUD,2021-02-26,1.78091,1.81104,1.77649,1.80601
GBPAUD,2021-03-01,1.80597,1.80821,1.78896,1.79177
GBPAUD,2021-03-02,1.79175,1.79476,1.78223,1.78326
GBPAUD,2021-03-03,1.78327,1.79673,1.7808,1.79547
GBPAUD,2021-03-04,1.79547,1.80192,1.78614,1.80088
GBPAUD,2021-03-05,1.80084,1.80826,1.79659,1.79992
GBPAUD,2021-03-08,1.79306,1.80962,1.79306,1.80531
GBPAUD,2021-03-09,1.80531,1.81128,1.79826,1.7998
GBPAUD,2021-03-10,1.79982,1.80739,1.79826,1.8019
GBPAUD,2021-03-11,1.80191,1.80241,1.7922,1.79648
GBPAUD,2021-03-12,1.79647,1.79987,1.79047,1.79327
GBPAUD,2021-03-15,1.79414,1.80138,1.78895,1.79367
GBPAUD,2021-03-16,1.79367,1.79501,1.78727,1.79458
GBPAUD,2021-03-17,1.7946,1.80224,1.78657,1.78825
GBPAUD,2021-03-18,1.78826,1.79622,1.7813,1.79583
GBPAUD,2021-03-19,1.79583,1.7993,1.78643,1.78966
GBPAUD,2021-03-22,1.79401,1.79606,1.78502,1.78936
GBPAUD,2021-03-23,1.78937,1.80599,1.78903,1.80508
GBPAUD,2021-03-24,1.80508,1.80727,1.79768,1.80316
GBPAUD,2021-03-25,1.80316,1.81467,1.79915,1.81037
GBPAUD,2021-03-26,1.81037,1.81177,1.80379,1.80392
GBPAUD,2021-03-29,1.80259,1.81201,1.80113,1.80315
GBPAUD,2021-03-30,1.8032,1.80898,1.79791,1.80659
GBPAUD,2021-03-31,1.80658,1.81583,1.8038,1.81521
GBPAUD,2021-04-01,1.81521,1.8264,1.8145,1.81616
GBPAUD,2021-04-02,1.81617,1.81947,1.81182,1.81407
GBPAUD,2021-04-05,1.81635,1.81945,1.81413,1.81673
GBPAUD,2021-04-06,1.81671,1.82074,1.80176,1.80387
GBPAUD,2021-04-07,1.80388,1.814,1.80039,1.80474
GBPAUD,2021-04-08,1.80473,1.80712,1.7922,1.79355
GBPAUD,2021-04-09,1.79359,1.80285,1.79337,1.79811
GBPAUD,2021-04-12,1.79674,1.80517,1.7951,1.80316
GBPAUD,2021-04-13,1.80315,1.80872,1.79811,1.79911
GBPAUD,2021-04-14,1.7991,1.80088,1.78091,1.78348
GBPAUD,2021-04-15,1.78346,1.78655,1.77558,1.7781
GBPAUD,2021-04-16,1.77808,1.79017,1.77399,1.78818
GBPAUD,2021-04-19,1.78875,1.80449,1.78286,1.80181
GBPAUD,2021-04-20,1.80181,1.80652,1.79102,1.80475
GBPAUD,2021-04-21,1.80475,1.80703,1.79479,1.7965
GBPAUD,2021-04-22,1.79645,1.79957,1.78957,1.7962
GBPAUD,2021-04-23,1.79617,1.79692,1.78856,1.79083
GBPAUD,2021-04-26,1.79172,1.79172,1.77807,1.78199
GBPAUD,2021-04-27,1.78198,1.79155,1.78086,1.78978
GBPAUD,2021-04-28,1.78977,1.79645,1.7867,1.78864
GBPAUD,2021-04-29,1.78866,1.8,1.78677,1.79363
GBPAUD,2021-04-30,1.79363,1.79519,1.78692,1.79011
GBPAUD,2021-05-03,1.78734,1.79658,1.78542,1.79195
GBPAUD,2021-05-04,1.79194,1.80604,1.78998,1.8003
GBPAUD,2021-05-05,1.8003,1.80383,1.79336,1.79431
GBPAUD,2021-05-06,1.79432,1.80302,1.78319,1.78426
GBPAUD,2021-05-07,1.78427,1.7929,1.78045,1.78255
GBPAUD,2021-05-10,1.781,1.80383,1.78076,1.80213
GBPAUD,2021-05-11,1.80213,1.80747,1.79967,1.80341
GBPAUD,2021-05-12,1.80343,1.82223,1.80291,1.81851
GBPAUD,2021-05-13,1.81851,1.82349,1.815,1.81842
GBPAUD,2021-05-14,1.81842,1.81969,1.8106,1.81124
GBPAUD,2021-05-17,1.81405,1.82144,1.811,1.81991
GBPAUD,2021-05-18,1.8199,1.82432,1.81647,1.82163
GBPAUD,2021-05-19,1.82164,1.83013,1.82024,1.82723
GBPAUD,2021-05-20,1.82724,1.82765,1.81906,1.82559
GBPAUD,2021-05-21,1.8256,1.83264,1.82441,1.82896
GBPAUD,2021-05-24,1.8293,1.83324,1.82358,1.8262
GBPAUD,2021-05-25,1.8262,1.8287,1.81952,1.82476
GBPAUD,2021-05-26,1.82479,1.82628,1.81679,1.82363
GBPAUD,2021-05-27,1.82362,1.83608,1.82073,1.83431
GBPAUD,2021-05-28,1.83432,1.84227,1.8312,1.83941
GBPAUD,2021-05-31,1.83735,1.84096,1.83053,1.83717
GBPAUD,2021-06-01,1.83717,1.83892,1.82295,1.825
GBPAUD,2021-06-02,1.82499,1.83211,1.8216,1.82977
GBPAUD,2021-06-03,1.82979,1.84324,1.82822,1.8412
GBPAUD,2021-06-04,1.84122,1.84494,1.82794,1.82794
GBPAUD,2021-06-07,1.82867,1.83051,1.82357,1.82753
GBPAUD,2021-06-08,1.82755,1.82955,1.82433,1.82867
GBPAUD,2021-06-09,1.82865,1.8312,1.82307,1.82554
GBPAUD,2021-06-10,1.82556,1.82895,1.8194,1.82895
GBPAUD,2021-06-11,1.82897,1.83493,1.82216,1.8309
GBPAUD,2021-06-14,1.82994,1.83355,1.82502,1.82942
GBPAUD,2021-06-15,1.82942,1.83472,1.82488,1.8319
GBPAUD,2021-06-16,1.83187,1.84005,1.82924,1.83698
GBPAUD,2021-06-17,1.83698,1.84476,1.8296,1.84426
GBPAUD,2021-06-18,1.84425,1.85017,1.83968,1.84469
GBPAUD,2021-06-21,1.84463,1.84944,1.83667,1.84786
GBPAUD,2021-06-22,1.84788,1.85232,1.8441,1.84641
GBPAUD,2021-06-23,1.8464,1.85196,1.84011,1.84409
GBPAUD,2021-06-24,1.84407,1.84547,1.83312,1.83537
GBPAUD,2021-06-25,1.83536,1.83597,1.82603,1.82676
GBPAUD,2021-06-28,1.83089,1.83961,1.82697,1.83364
GBPAUD,2021-06-29,1.83365,1.84385,1.83295,1.84189
GBPAUD,2021-06-30,1.8419,1.84848,1.83814,1.84427
GBPAUD,2021-07-01,1.84432,1.84711,1.8393,1.84286
GBPAUD,2021-07-02,1.84283,1.84699,1.83616,1.83616
GBPAUD,2021-07-05,1.83814,1.84064,1.83493,1.83704
GBPAUD,2021-07-06,1.83702,1.84277,1.82549,1.84175
GBPAUD,2021-07-07,1.84173,1.84479,1.83569,1.84393
GBPAUD,2021-07-08,1.84392,1.85643,1.84377,1.85509
GBPAUD,2021-07-09,1.85508,1.85872,1.84698,1.85504
GBPAUD,2021-07-12,1.85526,1.86093,1.85287,1.85691
GBPAUD,2021-07-13,1.85691,1.85905,1.85048,1.8555
GBPAUD,2021-07-14,1.8555,1.86193,1.85063,1.85213
GBPAUD,2021-07-15,1.85213,1.86452,1.84976,1.86278
GBPAUD,2021-07-16,1.86278,1.86506,1.8571,1.85913
GBPAUD,2021-07-19,1.85873,1.86933,1.85411,1.86283
GBPAUD,2021-07-20,1.86284,1.86713,1.85613,1.85772
GBPAUD,2021-07-21,1.85773,1.8656,1.85731,1.86505
GBPAUD,2021-07-22,1.86504,1.86854,1.85794,1.86602
GBPAUD,2021-07-23,1.86602,1.86885,1.86066,1.86528
GBPAUD,2021-07-26,1.86504,1.87527,1.86464,1.87232
GBPAUD,2021-07-27,1.87231,1.88719,1.8717,1.88453
GBPAUD,2021-07-28,1.88454,1.8927,1.88291,1.88493
GBPAUD,2021-07-29,1.88493,1.8933,1.88412,1.88795
GBPAUD,2021-07-30,1.88792,1.89711,1.88614,1.89186
GBPAUD,2021-08-02,1.8933,1.89479,1.8817,1.88712
GBPAUD,2021-08-03,1.88712,1.88744,1.8756,1.88139
GBPAUD,2021-08-04,1.88137,1.88614,1.87645,1.8813
GBPAUD,2021-08-05,1.88133,1.8822,1.87701,1.88122
GBPAUD,2021-08-06,1.88121,1.88768,1.88094,1.88509
GBPAUD,2021-08-09,1.88648,1.89217,1.88402,1.88895
GBPAUD,2021-08-10,1.88893,1.8914,1.88052,1.88385
GBPAUD,2021-08-11,1.88385,1.88648,1.87685,1.88117
GBPAUD,2021-08-12,1.88116,1.88644,1.8796,1.88125
GBPAUD,2021-08-13,1.88126,1.88319,1.87737,1.87956
GBPAUD,2021-08-16,1.87875,1.89303,1.8783,1.88575
GBPAUD,2021-08-17,1.88574,1.89527,1.88546,1.89363
GBPAUD,2021-08-18,1.89371,1.90178,1.8911,1.90045
GBPAUD,2021-08-19,1.90049,1.91325,1.89896,1.90725
GBPAUD,2021-08-20,1.90727,1.91534,1.90551,1.90707
GBPAUD,2021-08-23,1.90665,1.9101,1.90081,1.90361
GBPAUD,2021-08-24,1.9036,1.90472,1.88853,1.89332
GBPAUD,2021-08-25,1.89331,1.89499,1.88858,1.89152
GBPAUD,2021-08-26,1.8915,1.89527,1.88924,1.89257
GBPAUD,2021-08-27,1.89259,1.89516,1.88064,1.88064
GBPAUD,2021-08-30,1.88252,1.88876,1.87971,1.88722
GBPAUD,2021-08-31,1.88722,1.88807,1.87728,1.87917
GBPAUD,2021-09-01,1.87916,1.87955,1.86738,1.86944
GBPAUD,2021-09-02,1.8694,1.87216,1.86312,1.87022
GBPAUD,2021-09-03,1.87028,1.87139,1.85298,1.85876
GBPAUD,2021-09-06,1.85833,1.86392,1.85699,1.86083
GBPAUD,2021-09-07,1.86087,1.86729,1.85468,1.86532
GBPAUD,2021-09-08,1.86533,1.87122,1.86243,1.87008
GBPAUD,2021-09-09,1.87008,1.87905,1.86862,1.87809
GBPAUD,2021-09-10,1.87807,1.88186,1.87275,1.87985
GBPAUD,2021-09-13,1.87954,1.88338,1.87607,1.87845
GBPAUD,2021-09-14,1.87847,1.89177,1.87777,1.88701
GBPAUD,2021-09-15,1.88698,1.89032,1.88398,1.88623
GBPAUD,2021-09-16,1.88622,1.89323,1.88439,1.89218
GBPAUD,2021-09-17,1.89217,1.893,1.88474,1.88797
GBPAUD,2021-09-20,1.89027,1.89597,1.88068,1.88176
GBPAUD,2021-09-21,1.88175,1.88997,1.87907,1.88921
GBPAUD,2021-09-22,1.88925,1.89003,1.87459,1.88253
GBPAUD,2021-09-23,1.88257,1.88626,1.87503,1.88024
GBPAUD,2021-09-24,1.88021,1.88811,1.8771,1.88252
GBPAUD,2021-09-27,1.88284,1.88863,1.87513,1.88166
GBPAUD,2021-09-28,1.88167,1.88432,1.86694,1.86916
GBPAUD,2021-09-29,1.86919,1.87199,1.86229,1.87025
GBPAUD,2021-09-30,1.87025,1.87252,1.86197,1.86302
GBPAUD,2021-10-01,1.86305,1.86957,1.86039,1.86397
GBPAUD,2021-10-04,1.86679,1.87065,1.86221,1.86647
GBPAUD,2021-10-05,1.8665,1.87587,1.8659,1.86952
GBPAUD,2021-10-06,1.86953,1.877,1.86573,1.86634
GBPAUD,2021-10-07,1.86631,1.86766,1.86021,1.86119
GBPAUD,2021-10-08,1.86126,1.86774,1.85938,1.86149
GBPAUD,2021-10-11,1.86317,1.8669,1.84672,1.84942
GBPAUD,2021-10-12,1.84941,1.85354,1.84394,1.85126
GBPAUD,2021-10-13,1.85124,1.85585,1.84862,1.85116
GBPAUD,2021-10-14,1.85116,1.85296,1.84178,1.84354
GBPAUD,2021-10-15,1.84354,1.85701,1.84164,1.85088
GBPAUD,2021-10-18,1.85352,1.86082,1.8499,1.85222
GBPAUD,2021-10-19,1.85222,1.85307,1.84238,1.84501
GBPAUD,2021-10-20,1.84502,1.84722,1.83564,1.83908
GBPAUD,2021-10-21,1.83912,1.84894,1.83242,1.84778
GBPAUD,2021-10-22,1.84777,1.84971,1.836,1.84113
GBPAUD,2021-10-25,1.8391,1.84363,1.83587,1.83703
GBPAUD,2021-10-26,1.83701,1.84141,1.83038,1.83218
GBPAUD,2021-10-27,1.83217,1.83355,1.82542,1.83081
GBPAUD,2021-10-28,1.8308,1.83453,1.82538,1.83209
GBPAUD,2021-10-29,1.83208,1.83263,1.81765,1.81765
GBPAUD,2021-11-01,1.82096,1.82375,1.81394,1.81557
GBPAUD,2021-11-02,1.81553,1.83416,1.81258,1.83098
GBPAUD,2021-11-03,1.83098,1.84246,1.82717,1.83333
GBPAUD,2021-11-04,1.83332,1.8402,1.8223,1.8232
GBPAUD,2021-11-05,1.82319,1.82798,1.8202,1.82207
GBPAUD,2021-11-08,1.8219,1.82919,1.81918,1.82916
GBPAUD,2021-11-09,1.82915,1.83951,1.82682,1.83828
GBPAUD,2021-11-10,1.83829,1.84274,1.82718,1.82859
GBPAUD,2021-11-11,1.82861,1.83692,1.82784,1.83296
GBPAUD,2021-11-12,1.83293,1.83693,1.82839,1.82856
GBPAUD,2021-11-15,1.83026,1.83148,1.82093,1.82554
GBPAUD,2021-11-16,1.82557,1.84048,1.82273,1.83863
GBPAUD,2021-11-17,1.83864,1.85742,1.83843,1.85561
GBPAUD,2021-11-18,1.8556,1.85983,1.84975,1.855
GBPAUD,2021-11-19,1.85498,1.85945,1.84838,1.857
GBPAUD,2021-11-22,1.85788,1.85993,1.84718,1.85353
GBPAUD,2021-11-23,1.85353,1.8557,1.84921,1.8519
GBPAUD,2021-11-24,1.8519,1.85729,1.84948,1.8508
GBPAUD,2021-11-25,1.85077,1.85639,1.84803,1.85571
GBPAUD,2021-11-26,1.85572,1.87675,1.85467,1.87053
GBPAUD,2021-11-29,1.87169,1.87322,1.86241,1.86315
GBPAUD,2021-11-30,1.86315,1.87858,1.8623,1.86589
GBPAUD,2021-12-01,1.86589,1.86949,1.85751,1.86798
GBPAUD,2021-12-02,1.86796,1.87886,1.86681,1.87632
GBPAUD,2021-12-03,1.87637,1.8916,1.87616,1.89022
GBPAUD,2021-12-06,1.88976,1.89093,1.87711,1.88132
GBPAUD,2021-12-07,1.88132,1.88435,1.8579,1.85951
GBPAUD,2021-12-08,1.85952,1.86134,1.83908,1.84243
GBPAUD,2021-12-09,1.84248,1.85059,1.83862,1.85032
GBPAUD,2021-12-10,1.85033,1.85278,1.84178,1.84932
GBPAUD,2021-12-13,1.84888,1.86285,1.84589,1.85274
GBPAUD,2021-12-14,1.85273,1.86339,1.85089,1.86211
GBPAUD,2021-12-15,1.86214,1.86259,1.84741,1.85045
GBPAUD,2021-12-16,1.85044,1.8581,1.84165,1.85654
GBPAUD,2021-12-17,1.85653,1.86214,1.85394,1.85735
GBPAUD,2021-12-20,1.85593,1.86451,1.85446,1.85787
GBPAUD,2021-12-21,1.85785,1.86061,1.85081,1.85617
GBPAUD,2021-12-22,1.85613,1.8606,1.84829,1.85097
GBPAUD,2021-12-23,1.85098,1.85753,1.84762,1.85316
GBPAUD,2021-12-24,1.85326,1.85571,1.84973,1.85177
GBPAUD,2021-12-27,1.85087,1.86058,1.85058,1.85745
GBPAUD,2021-12-28,1.85742,1.85967,1.85169,1.85722
GBPAUD,2021-12-29,1.85732,1.86176,1.85443,1.85929
GBPAUD,2021-12-30,1.85928,1.86318,1.85397,1.86166
GBPAUD,2021-12-31,1.86164,1.86579,1.85663,1.85836
GBPCAD,2019-01-01,1.73722,1.73871,1.73381,1.73757
GBPCAD,2019-01-02,1.73758,1.73843,1.69879,1.70573
GBPCAD,2019-01-03,1.70573,1.7137,1.6996,1.70198
GBPCAD,2019-01-04,1.70198,1.70835,1.69527,1.70034
GBPCAD,2019-01-07,1.7014,1.70663,1.69533,1.69995
GBPCAD,2019-01-08,1.69995,1.70001,1.6867,1.68704
GBPCAD,2019-01-09,1.68704,1.69283,1.68304,1.69088
GBPCAD,2019-01-10,1.69093,1.69274,1.68175,1.68821
GBPCAD,2019-01-11,1.68821,1.70596,1.67569,1.70242
GBPCAD,2019-01-14,1.70388,1.71369,1.70076,1.70925
GBPCAD,2019-01-15,1.70926,1.71291,1.68355,1.7067
GBPCAD,2019-01-16,1.7067,1.71014,1.70099,1.70844
GBPCAD,2019-01-17,1.70845,1.72728,1.70654,1.72423
GBPCAD,2019-01-18,1.72422,1.72425,1.70678,1.70678
GBPCAD,2019-01-21,1.70728,1.71556,1.70459,1.71397
GBPCAD,2019-01-22,1.71398,1.73167,1.71311,1.73029
GBPCAD,2019-01-23,1.73029,1.74806,1.72488,1.74513
GBPCAD,2019-01-24,1.74509,1.75274,1.73735,1.75135
GBPCAD,2019-01-25,1.75134,1.75178,1.7374,1.74417
GBPCAD,2019-01-28,1.74288,1.74954,1.73902,1.74509
GBPCAD,2019-01-29,1.74509,1.74951,1.73238,1.73574
GBPCAD,2019-01-30,1.73574,1.73784,1.72052,1.72368
GBPCAD,2019-01-31,1.72368,1.72897,1.71794,1.72059
GBPCAD,2019-02-01,1.72059,1.72467,1.70834,1.71253
GBPCAD,2019-02-04,1.71119,1.72163,1.70715,1.70848
GBPCAD,2019-02-05,1.70848,1.71147,1.69832,1.70063
GBPCAD,2019-02-06,1.70064,1.71109,1.70023,1.70906
GBPCAD,2019-02-07,1.70906,1.72729,1.70375,1.72351
GBPCAD,2019-02-08,1.72351,1.72719,1.71479,1.71808
GBPCAD,2019-02-11,1.71491,1.71919,1.70768,1.71106
GBPCAD,2019-02-12,1.71107,1.71272,1.70339,1.70529
GBPCAD,2019-02-13,1.70529,1.71403,1.70054,1.70421
GBPCAD,2019-02-14,1.70421,1.70768,1.69722,1.70166
GBPCAD,2019-02-15,1.70166,1.70851,1.69815,1.70682
GBPCAD,2019-02-18,1.70994,1.71287,1.70549,1.71017
GBPCAD,2019-02-19,1.71017,1.72943,1.709,1.72508
GBPCAD,2019-02-20,1.72508,1.72593,1.71538,1.71795
GBPCAD,2019-02-21,1.71795,1.72631,1.71556,1.72456
GBPCAD,2019-02-22,1.72456,1.72597,1.71345,1.71436
GBPCAD,2019-02-25,1.71638,1.73305,1.71343,1.73066
GBPCAD,2019-02-26,1.73067,1.75172,1.73058,1.74522
GBPCAD,2019-02-27,1.74532,1.75396,1.74184,1.75041
GBPCAD,2019-02-28,1.75037,1.75502,1.74312,1.746
GBPCAD,2019-03-01,1.746,1.75818,1.73559,1.75542
GBPCAD,2019-03-04,1.75828,1.76287,1.7513,1.75418
GBPCAD,2019-03-05,1.75417,1.76021,1.74836,1.75689
GBPCAD,2019-03-06,1.75689,1.7718,1.75408,1.77168
GBPCAD,2019-03-07,1.77168,1.77217,1.75696,1.75974
GBPCAD,2019-03-08,1.75974,1.76356,1.74215,1.7457
GBPCAD,2019-03-11,1.73944,1.77948,1.73882,1.77408
GBPCAD,2019-03-12,1.77405,1.77496,1.74333,1.74508
GBPCAD,2019-03-13,1.74508,1.77922,1.74504,1.76706
GBPCAD,2019-03-14,1.76705,1.77437,1.76007,1.7664
GBPCAD,2019-03-15,1.7664,1.77506,1.75556,1.7723
GBPCAD,2019-03-18,1.77214,1.77455,1.76071,1.7692
GBPCAD,2019-03-19,1.7692,1.77153,1.75583,1.76795
GBPCAD,2019-03-20,1.76796,1.76838,1.75196,1.75453
GBPCAD,2019-03-21,1.75453,1.75859,1.74194,1.75532
GBPCAD,2019-03-22,1.75531,1.77391,1.74963,1.77293
GBPCAD,2019-03-25,1.77394,1.77906,1.76468,1.76954
GBPCAD,2019-03-26,1.76954,1.77731,1.76226,1.76738
GBPCAD,2019-03-27,1.76744,1.77886,1.76284,1.76384
GBPCAD,2019-03-28,1.76384,1.76917,1.75031,1.75296
GBPCAD,2019-03-29,1.75297,1.76332,1.73407,1.73957
GBPCAD,2019-04-01,1.74019,1.75472,1.73359,1.73954
GBPCAD,2019-04-02,1.73955,1.75364,1.73263,1.75132
GBPCAD,2019-04-03,1.75131,1.75821,1.7484,1.75806
GBPCAD,2019-04-04,1.75807,1.7614,1.74369,1.74706
GBPCAD,2019-04-05,1.74706,1.75263,1.73864,1.74379
GBPCAD,2019-04-08,1.74356,1.74852,1.736,1.73877
GBPCAD,2019-04-09,1.73876,1.74466,1.73363,1.73997
GBPCAD,2019-04-10,1.73997,1.74681,1.73889,1.74418
GBPCAD,2019-04-11,1.74418,1.75188,1.74348,1.74629
GBPCAD,2019-04-12,1.74629,1.74928,1.74129,1.74129
GBPCAD,2019-04-15,1.74215,1.75485,1.74125,1.75108
GBPCAD,2019-04-16,1.7511,1.75383,1.74081,1.74219
GBPCAD,2019-04-17,1.74219,1.7441,1.73138,1.74041
GBPCAD,2019-04-18,1.7404,1.74282,1.73533,1.73727
GBPCAD,2019-04-19,1.73727,1.74102,1.73578,1.73783
GBPCAD,2019-04-22,1.738,1.73912,1.7314,1.73227
GBPCAD,2019-04-23,1.73228,1.7442,1.73193,1.73725
GBPCAD,2019-04-24,1.73725,1.75069,1.73711,1.74078
GBPCAD,2019-04-25,1.74078,1.74264,1.73715,1.73789
GBPCAD,2019-04-26,1.73789,1.74246,1.73598,1.73731
GBPCAD,2019-04-29,1.73713,1.7436,1.73692,1.73974
GBPCAD,2019-04-30,1.73975,1.75578,1.73951,1.74574
GBPCAD,2019-05-01,1.74573,1.75693,1.74418,1.75388
GBPCAD,2019-05-02,1.75388,1.75806,1.7506,1.75528
GBPCAD,2019-05-03,1.75528,1.76884,1.74952,1.7676
GBPCAD,2019-05-06,1.76903,1.77273,1.75921,1.76133
GBPCAD,2019-05-07,1.76133,1.7629,1.75639,1.76026
GBPCAD,2019-05-08,1.7603,1.76118,1.74833,1.75241
GBPCAD,2019-05-09,1.75244,1.75709,1.74881,1.75159
GBPCAD,2019-05-10,1.75159,1.75475,1.74261,1.74405
GBPCAD,2019-05-13,1.74383,1.75182,1.74353,1.74714
GBPCAD,2019-05-14,1.74713,1.74735,1.73678,1.73711
GBPCAD,2019-05-15,1.73714,1.74147,1.72459,1.72668
GBPCAD,2019-05-16,1.72668,1.7274,1.71634,1.72271
GBPCAD,2019-05-17,1.72272,1.72439,1.70994,1.71156
GBPCAD,2019-05-20,1.71046,1.71395,1.7074,1.70883
GBPCAD,2019-05-21,1.70885,1.71806,1.70157,1.70306
GBPCAD,2019-05-22,1.70307,1.70497,1.69019,1.70153
GBPCAD,2019-05-23,1.70155,1.70849,1.69611,1.70609
GBPCAD,2019-05-24,1.70603,1.71097,1.70143,1.70828
GBPCAD,2019-05-27,1.71009,1.71243,1.7025,1.70377
GBPCAD,2019-05-28,1.70379,1.70873,1.70123,1.70746
GBPCAD,2019-05-29,1.70746,1.71342,1.70494,1.70642
GBPCAD,2019-05-30,1.70643,1.70718,1.69813,1.70579
GBPCAD,2019-05-31,1.70579,1.70954,1.70159,1.70619
GBPCAD,2019-06-03,1.70718,1.71126,1.69933,1.702
GBPCAD,2019-06-04,1.70202,1.70519,1.69811,1.70108
GBPCAD,2019-06-05,1.70109,1.70634,1.69761,1.70278
GBPCAD,2019-06-06,1.70279,1.70672,1.69456,1.69543
GBPCAD,2019-06-07,1.69544,1.70058,1.68912,1.68913
GBPCAD,2019-06-10,1.68545,1.68912,1.67935,1.68329
GBPCAD,2019-06-11,1.68329,1.69318,1.67985,1.6897
GBPCAD,2019-06-12,1.68969,1.69629,1.68654,1.69229
GBPCAD,2019-06-13,1.69231,1.6928,1.68466,1.68967
GBPCAD,2019-06-14,1.68963,1.69194,1.68293,1.6877
GBPCAD,2019-06-17,1.68564,1.69037,1.68031,1.68166
GBPCAD,2019-06-18,1.68166,1.68308,1.67548,1.6803
GBPCAD,2019-06-19,1.6803,1.68807,1.67707,1.67886
GBPCAD,2019-06-20,1.67885,1.68199,1.66733,1.67519
GBPCAD,2019-06-21,1.67519,1.68532,1.66746,1.68408
GBPCAD,2019-06-24,1.68188,1.68398,1.67706,1.67932
GBPCAD,2019-06-25,1.67934,1.68569,1.6684,1.67206
GBPCAD,2019-06-26,1.67202,1.6729,1.66348,1.66559
GBPCAD,2019-06-27,1.66561,1.67054,1.65747,1.65949
GBPCAD,2019-06-28,1.65949,1.66569,1.65787,1.66134
GBPCAD,2019-07-01,1.66063,1.66408,1.65467,1.66064
GBPCAD,2019-07-02,1.66065,1.66087,1.64982,1.65014
GBPCAD,2019-07-03,1.65013,1.65102,1.63988,1.64273
GBPCAD,2019-07-04,1.64269,1.64594,1.63915,1.64178
GBPCAD,2019-07-05,1.64183,1.64438,1.6365,1.6379
GBPCAD,2019-07-08,1.63714,1.63981,1.63273,1.63974
GBPCAD,2019-07-09,1.63977,1.63989,1.63258,1.63522
GBPCAD,2019-07-10,1.63519,1.64247,1.63367,1.63477
GBPCAD,2019-07-11,1.63473,1.64208,1.63325,1.63618
GBPCAD,2019-07-12,1.6362,1.63944,1.63159,1.63751
GBPCAD,2019-07-15,1.63554,1.63895,1.63093,1.63303
GBPCAD,2019-07-16,1.63303,1.63419,1.61449,1.62383
GBPCAD,2019-07-17,1.62383,1.62524,1.61768,1.62298
GBPCAD,2019-07-18,1.62298,1.63694,1.62204,1.63489
GBPCAD,2019-07-19,1.63489,1.64099,1.63108,1.6319
GBPCAD,2019-07-22,1.62904,1.63845,1.62558,1.63743
GBPCAD,2019-07-23,1.63743,1.63946,1.63046,1.63414
GBPCAD,2019-07-24,1.63413,1.64418,1.63211,1.64068
GBPCAD,2019-07-25,1.64069,1.64388,1.63653,1.63882
GBPCAD,2019-07-26,1.6388,1.64059,1.62991,1.6301
GBPCAD,2019-07-29,1.62903,1.63054,1.60673,1.60819
GBPCAD,2019-07-30,1.6082,1.60893,1.59615,1.59837
GBPCAD,2019-07-31,1.59836,1.60939,1.59587,1.60348
GBPCAD,2019-08-01,1.60348,1.60821,1.59708,1.60178
GBPCAD,2019-08-02,1.6018,1.60896,1.59808,1.60508
GBPCAD,2019-08-05,1.60588,1.60964,1.60124,1.60628
GBPCAD,2019-08-06,1.60624,1.61649,1.60134,1.61617
GBPCAD,2019-08-07,1.61616,1.6229,1.61213,1.61613
GBPCAD,2019-08-08,1.61613,1.61824,1.60378,1.60621
GBPCAD,2019-08-09,1.60621,1.60689,1.58732,1.5895
GBPCAD,2019-08-12,1.5897,1.60223,1.58813,1.59851
GBPCAD,2019-08-13,1.59852,1.60723,1.59227,1.59393
GBPCAD,2019-08-14,1.59393,1.60764,1.59268,1.60505
GBPCAD,2019-08-15,1.60506,1.61729,1.60274,1.60999
GBPCAD,2019-08-16,1.60999,1.61928,1.60868,1.61086
GBPCAD,2019-08-19,1.61115,1.61809,1.60438,1.61643
GBPCAD,2019-08-20,1.61643,1.62295,1.60848,1.61956
GBPCAD,2019-08-21,1.61955,1.62018,1.60698,1.61188
GBPCAD,2019-08-22,1.61194,1.63099,1.61063,1.62873
GBPCAD,2019-08-23,1.62873,1.63564,1.62354,1.63168
GBPCAD,2019-08-26,1.63059,1.63484,1.61802,1.61948
GBPCAD,2019-08-27,1.61943,1.63424,1.61577,1.63128
GBPCAD,2019-08-28,1.63129,1.63424,1.61728,1.62558
GBPCAD,2019-08-29,1.62553,1.62598,1.61772,1.61829
GBPCAD,2019-08-30,1.61829,1.62401,1.61353,1.6184
GBPCAD,2019-09-02,1.61668,1.62098,1.60389,1.60853
GBPCAD,2019-09-03,1.60849,1.61439,1.59561,1.6125
GBPCAD,2019-09-04,1.6125,1.6278,1.61048,1.61935
GBPCAD,2019-09-05,1.61935,1.63329,1.61335,1.63041
GBPCAD,2019-09-06,1.63038,1.63156,1.61687,1.61733
GBPCAD,2019-09-09,1.61694,1.62971,1.61047,1.62567
GBPCAD,2019-09-10,1.62566,1.63078,1.62088,1.62438
GBPCAD,2019-09-11,1.62438,1.62971,1.6211,1.62602
GBPCAD,2019-09-12,1.62602,1.63219,1.62243,1.62869
GBPCAD,2019-09-13,1.62868,1.6609,1.62854,1.66051
GBPCAD,2019-09-16,1.65023,1.65527,1.6437,1.64518
GBPCAD,2019-09-17,1.64514,1.65899,1.64152,1.65524
GBPCAD,2019-09-18,1.65518,1.6617,1.64903,1.65803
GBPCAD,2019-09-19,1.65803,1.66373,1.65184,1.66028
GBPCAD,2019-09-20,1.66022,1.66898,1.65338,1.65399
GBPCAD,2019-09-23,1.65298,1.65783,1.64689,1.64864
GBPCAD,2019-09-24,1.64864,1.65764,1.64524,1.65294
GBPCAD,2019-09-25,1.65293,1.65538,1.63684,1.63849
GBPCAD,2019-09-26,1.63849,1.64089,1.63063,1.63568
GBPCAD,2019-09-27,1.63568,1.63683,1.62603,1.6269
GBPCAD,2019-09-30,1.62659,1.63354,1.62545,1.62728
GBPCAD,2019-10-01,1.62728,1.63403,1.61907,1.62454
GBPCAD,2019-10-02,1.6245,1.64066,1.61908,1.63974
GBPCAD,2019-10-03,1.63974,1.65529,1.63374,1.64584
GBPCAD,2019-10-04,1.64583,1.64696,1.63278,1.64088
GBPCAD,2019-10-07,1.63838,1.64233,1.63432,1.63457
GBPCAD,2019-10-08,1.63457,1.63546,1.62343,1.62769
GBPCAD,2019-10-09,1.62769,1.63539,1.62323,1.6283
GBPCAD,2019-10-10,1.62827,1.65673,1.62514,1.65151
GBPCAD,2019-10-11,1.65154,1.68183,1.64738,1.6693
GBPCAD,2019-10-14,1.66689,1.67285,1.65354,1.66758
GBPCAD,2019-10-15,1.66753,1.69102,1.66687,1.68479
GBPCAD,2019-10-16,1.68479,1.69934,1.67304,1.6925
GBPCAD,2019-10-17,1.69243,1.70919,1.68133,1.68973
GBPCAD,2019-10-18,1.68973,1.70394,1.68688,1.70363
GBPCAD,2019-10-21,1.70088,1.70629,1.69096,1.69735
GBPCAD,2019-10-22,1.69743,1.70059,1.6836,1.68682
GBPCAD,2019-10-23,1.68684,1.68945,1.68143,1.68924
GBPCAD,2019-10-24,1.68924,1.69319,1.67279,1.67797
GBPCAD,2019-10-25,1.67797,1.68082,1.67301,1.67502
GBPCAD,2019-10-28,1.67354,1.6812,1.67324,1.67822
GBPCAD,2019-10-29,1.67817,1.68778,1.67237,1.68388
GBPCAD,2019-10-30,1.68388,1.69981,1.68316,1.69829
GBPCAD,2019-10-31,1.69829,1.70796,1.69812,1.7036
GBPCAD,2019-11-01,1.7036,1.70795,1.69916,1.70013
GBPCAD,2019-11-04,1.69823,1.70054,1.69313,1.69509
GBPCAD,2019-11-05,1.69511,1.69631,1.68974,1.69417
GBPCAD,2019-11-06,1.69417,1.69876,1.69308,1.69488
GBPCAD,2019-11-07,1.69488,1.69559,1.68487,1.68881
GBPCAD,2019-11-08,1.68883,1.69669,1.68764,1.68921
GBPCAD,2019-11-11,1.69209,1.70554,1.69048,1.70089
GBPCAD,2019-11-12,1.70089,1.70317,1.69694,1.70081
GBPCAD,2019-11-13,1.70081,1.70571,1.69804,1.70315
GBPCAD,2019-11-14,1.70315,1.70854,1.7001,1.70661
GBPCAD,2019-11-15,1.70661,1.7095,1.70251,1.70553
GBPCAD,2019-11-18,1.70913,1.71576,1.70684,1.70998
GBPCAD,2019-11-19,1.70998,1.71584,1.70676,1.71558
GBPCAD,2019-11-20,1.71558,1.72269,1.71255,1.71936
GBPCAD,2019-11-21,1.71938,1.72689,1.71203,1.71553
GBPCAD,2019-11-22,1.71549,1.71721,1.704,1.70641
GBPCAD,2019-11-25,1.70943,1.71866,1.70705,1.71549
GBPCAD,2019-11-26,1.71547,1.71706,1.70477,1.70643
GBPCAD,2019-11-27,1.70644,1.71988,1.70216,1.71753
GBPCAD,2019-11-28,1.71753,1.72127,1.713,1.71454
GBPCAD,2019-11-29,1.71453,1.71984,1.71163,1.7174
GBPCAD,2019-12-02,1.71339,1.72234,1.71288,1.72163
GBPCAD,2019-12-03,1.72163,1.73209,1.72006,1.72738
GBPCAD,2019-12-04,1.72737,1.73945,1.72598,1.72928
GBPCAD,2019-12-05,1.72928,1.7348,1.72748,1.73358
GBPCAD,2019-12-06,1.73358,1.74269,1.72738,1.74013
GBPCAD,2019-12-09,1.74068,1.74699,1.73824,1.74004
GBPCAD,2019-12-10,1.74003,1.74846,1.73401,1.73739
GBPCAD,2019-12-11,1.73739,1.74397,1.73488,1.73863
GBPCAD,2019-12-12,1.73863,1.77899,1.72093,1.77219
GBPCAD,2019-12-13,1.77214,1.77724,1.75208,1.75458
GBPCAD,2019-12-16,1.75694,1.76507,1.74259,1.7465
GBPCAD,2019-12-17,1.74648,1.75051,1.72269,1.72682
GBPCAD,2019-12-18,1.72682,1.72794,1.71227,1.7158
GBPCAD,2019-12-19,1.71578,1.72278,1.70545,1.70818
GBPCAD,2019-12-20,1.70818,1.72259,1.70732,1.70853
GBPCAD,2019-12-23,1.70934,1.71344,1.69811,1.70134
GBPCAD,2019-12-24,1.70136,1.70628,1.69926,1.70036
GBPCAD,2019-12-25,1.70129,1.70675,1.70123,1.70589
GBPCAD,2019-12-26,1.70586,1.7093,1.70218,1.7042
GBPCAD,2019-12-27,1.70421,1.71644,1.69988,1.71093
GBPCAD,2019-12-30,1.70963,1.71853,1.70651,1.71228
GBPCAD,2019-12-31,1.71227,1.72266,1.71015,1.72166
GBPCAD,2020-01-01,1.71988,1.72076,1.71841,1.71904
GBPCAD,2020-01-02,1.71905,1.72079,1.70419,1.70687
GBPCAD,2020-01-03,1.70687,1.70815,1.6962,1.69981
GBPCAD,2020-01-06,1.69859,1.70856,1.69561,1.70722
GBPCAD,2020-01-07,1.70724,1.71249,1.70163,1.7047
GBPCAD,2020-01-08,1.7047,1.71194,1.70263,1.70828
GBPCAD,2020-01-09,1.70828,1.7111,1.69825,1.70713
GBPCAD,2020-01-10,1.70713,1.71054,1.70136,1.70409
GBPCAD,2020-01-13,1.70113,1.70427,1.69174,1.69539
GBPCAD,2020-01-14,1.6954,1.70153,1.69303,1.70153
GBPCAD,2020-01-15,1.70153,1.70318,1.69788,1.7004
GBPCAD,2020-01-16,1.7004,1.70609,1.69923,1.70521
GBPCAD,2020-01-17,1.70514,1.71065,1.69929,1.69949
GBPCAD,2020-01-20,1.69674,1.69951,1.69394,1.69629
GBPCAD,2020-01-21,1.69629,1.70829,1.69581,1.70538
GBPCAD,2020-01-22,1.70548,1.72758,1.70512,1.7272
GBPCAD,2020-01-23,1.72724,1.73047,1.7204,1.72208
GBPCAD,2020-01-24,1.72208,1.72844,1.71556,1.71789
GBPCAD,2020-01-27,1.72013,1.72744,1.71756,1.72211
GBPCAD,2020-01-28,1.72211,1.72304,1.71013,1.71428
GBPCAD,2020-01-29,1.71428,1.71896,1.71219,1.71837
GBPCAD,2020-01-30,1.71835,1.73328,1.71533,1.72863
GBPCAD,2020-01-31,1.72863,1.74794,1.7285,1.74754
GBPCAD,2020-02-03,1.74423,1.74581,1.72316,1.72783
GBPCAD,2020-02-04,1.72785,1.73224,1.71936,1.73068
GBPCAD,2020-02-05,1.73068,1.73555,1.72224,1.72634
GBPCAD,2020-02-06,1.72634,1.72675,1.71641,1.71794
GBPCAD,2020-02-07,1.71791,1.72515,1.71354,1.71401
GBPCAD,2020-02-10,1.71398,1.72467,1.7111,1.71988
GBPCAD,2020-02-11,1.71991,1.72351,1.71451,1.72182
GBPCAD,2020-02-12,1.72182,1.72358,1.71602,1.71759
GBPCAD,2020-02-13,1.71756,1.73227,1.71543,1.73045
GBPCAD,2020-02-14,1.73045,1.73111,1.72203,1.72861
GBPCAD,2020-02-17,1.72641,1.72916,1.72,1.7215
GBPCAD,2020-02-18,1.72151,1.73053,1.71843,1.72286
GBPCAD,2020-02-19,1.72286,1.72342,1.70698,1.70892
GBPCAD,2020-02-20,1.70889,1.71256,1.70194,1.70805
GBPCAD,2020-02-21,1.70805,1.71753,1.7067,1.71313
GBPCAD,2020-02-24,1.71527,1.72018,1.71209,1.71719
GBPCAD,2020-02-25,1.71725,1.7294,1.71684,1.72665
GBPCAD,2020-02-26,1.72664,1.72839,1.71495,1.72212
GBPCAD,2020-02-27,1.72212,1.72601,1.71442,1.72528
GBPCAD,2020-02-28,1.72528,1.73757,1.70928,1.71699
GBPCAD,2020-03-02,1.72026,1.72188,1.6972,1.70095
GBPCAD,2020-03-03,1.70095,1.7172,1.70085,1.71481
GBPCAD,2020-03-04,1.71481,1.72545,1.70473,1.72285
GBPCAD,2020-03-05,1.72286,1.73961,1.72278,1.73405
GBPCAD,2020-03-06,1.73403,1.75281,1.73396,1.75105
GBPCAD,2020-03-09,1.77101,1.80509,1.77,1.78579
GBPCAD,2020-03-10,1.78596,1.79198,1.76375,1.77203
GBPCAD,2020-03-11,1.77203,1.78158,1.7601,1.76516
GBPCAD,2020-03-12,1.76516,1.7739,1.7261,1.75291
GBPCAD,2020-03-13,1.75286,1.75286,1.69082,1.69426
GBPCAD,2020-03-16,1.70391,1.72069,1.69854,1.71851
GBPCAD,2020-03-17,1.71851,1.72591,1.69989,1.72542
GBPCAD,2020-03-18,1.72538,1.72607,1.66235,1.68072
GBPCAD,2020-03-19,1.68069,1.70299,1.65429,1.66591
GBPCAD,2020-03-20,1.66588,1.69963,1.6616,1.66949
GBPCAD,2020-03-23,1.6746,1.69182,1.66114,1.67876
GBPCAD,2020-03-24,1.67876,1.7101,1.6731,1.70222
GBPCAD,2020-03-25,1.70222,1.71685,1.66911,1.68476
GBPCAD,2020-03-26,1.68473,1.7183,1.6815,1.71175
GBPCAD,2020-03-27,1.71187,1.74877,1.70695,1.73964
GBPCAD,2020-03-30,1.74183,1.76119,1.73447,1.75366
GBPCAD,2020-03-31,1.75364,1.7797,1.73831,1.74614
GBPCAD,2020-04-01,1.74611,1.76874,1.7443,1.75187
GBPCAD,2020-04-02,1.75187,1.76909,1.74507,1.7506
GBPCAD,2020-04-03,1.75068,1.75533,1.72647,1.74097
GBPCAD,2020-04-06,1.73888,1.74653,1.71754,1.72584
GBPCAD,2020-04-07,1.72579,1.73384,1.71991,1.72876
GBPCAD,2020-04-08,1.72883,1.74459,1.72546,1.73477
GBPCAD,2020-04-09,1.73471,1.74805,1.73464,1.74163
GBPCAD,2020-04-10,1.74141,1.74509,1.73759,1.73825
GBPCAD,2020-04-13,1.73363,1.74976,1.73247,1.73689
GBPCAD,2020-04-14,1.73693,1.75789,1.73693,1.75223
GBPCAD,2020-04-15,1.7522,1.76962,1.74835,1.76718
GBPCAD,2020-04-16,1.76721,1.76778,1.74885,1.75281
GBPCAD,2020-04-17,1.75279,1.75921,1.74933,1.74954
GBPCAD,2020-04-20,1.74981,1.76003,1.74644,1.75764
GBPCAD,2020-04-21,1.75763,1.76259,1.73864,1.74553
GBPCAD,2020-04-22,1.74553,1.75174,1.74018,1.74767
GBPCAD,2020-04-23,1.74767,1.75044,1.73316,1.73718
GBPCAD,2020-04-24,1.73717,1.74441,1.73326,1.74218
GBPCAD,2020-04-27,1.74194,1.75099,1.73927,1.74342
GBPCAD,2020-04-28,1.74342,1.74872,1.737,1.73857
GBPCAD,2020-04-29,1.73859,1.74028,1.72703,1.73013
GBPCAD,2020-04-30,1.73014,1.75774,1.72602,1.75517
GBPCAD,2020-05-01,1.75514,1.77037,1.75404,1.75946
GBPCAD,2020-05-04,1.75824,1.76227,1.74771,1.75264
GBPCAD,2020-05-05,1.75266,1.75405,1.74365,1.74705
GBPCAD,2020-05-06,1.74706,1.75062,1.73728,1.74543
GBPCAD,2020-05-07,1.74543,1.75016,1.72071,1.72891
GBPCAD,2020-05-08,1.72885,1.73624,1.72283,1.72697
GBPCAD,2020-05-11,1.72678,1.73299,1.72037,1.72878
GBPCAD,2020-05-12,1.72876,1.73152,1.72088,1.72529
GBPCAD,2020-05-13,1.7253,1.72951,1.71694,1.72433
GBPCAD,2020-05-14,1.72435,1.72572,1.71465,1.71669
GBPCAD,2020-05-15,1.71668,1.71932,1.70514,1.70689
GBPCAD,2020-05-18,1.70293,1.71037,1.69855,1.70048
GBPCAD,2020-05-19,1.70046,1.70898,1.69831,1.70805
GBPCAD,2020-05-20,1.70802,1.70885,1.69813,1.70143
GBPCAD,2020-05-21,1.70136,1.70813,1.69702,1.70444
GBPCAD,2020-05-22,1.70444,1.71221,1.70142,1.70274
GBPCAD,2020-05-25,1.70303,1.70627,1.70149,1.70461
GBPCAD,2020-05-26,1.70461,1.71121,1.69753,1.69974
GBPCAD,2020-05-27,1.69972,1.70076,1.68436,1.68665
GBPCAD,2020-05-28,1.68664,1.69912,1.68484,1.69682
GBPCAD,2020-05-29,1.69683,1.71192,1.69048,1.69982
GBPCAD,2020-06-01,1.69763,1.7031,1.69355,1.69583
GBPCAD,2020-06-02,1.6958,1.70088,1.69048,1.69958
GBPCAD,2020-06-03,1.69957,1.70645,1.69559,1.69659
GBPCAD,2020-06-04,1.69658,1.70455,1.68786,1.70203
GBPCAD,2020-06-05,1.70203,1.70847,1.69638,1.69998
GBPCAD,2020-06-08,1.69995,1.70656,1.69243,1.70254
GBPCAD,2020-06-09,1.70254,1.71166,1.70056,1.70584
GBPCAD,2020-06-10,1.70584,1.71392,1.70495,1.70668
GBPCAD,2020-06-11,1.70673,1.71747,1.7051,1.71461
GBPCAD,2020-06-12,1.71461,1.7157,1.69924,1.70359
GBPCAD,2020-06-15,1.70223,1.7141,1.70101,1.70985
GBPCAD,2020-06-16,1.7099,1.71748,1.70096,1.70304
GBPCAD,2020-06-17,1.70311,1.70395,1.69666,1.70391
GBPCAD,2020-06-18,1.7039,1.70544,1.68343,1.68876
GBPCAD,2020-06-19,1.68876,1.69257,1.67499,1.6799
GBPCAD,2020-06-22,1.68044,1.68842,1.67964,1.68794
GBPCAD,2020-06-23,1.68795,1.69702,1.68248,1.69584
GBPCAD,2020-06-24,1.69582,1.70056,1.68732,1.69354
GBPCAD,2020-06-25,1.6935,1.69858,1.69038,1.69431
GBPCAD,2020-06-26,1.69431,1.69546,1.68487,1.68769
GBPCAD,2020-06-29,1.68672,1.69134,1.67811,1.68109
GBPCAD,2020-06-30,1.6811,1.6861,1.67686,1.68144
GBPCAD,2020-07-01,1.68145,1.69673,1.67753,1.69411
GBPCAD,2020-07-02,1.69411,1.70246,1.69008,1.6916
GBPCAD,2020-07-03,1.6916,1.69329,1.6875,1.69096
GBPCAD,2020-07-06,1.69046,1.69564,1.68863,1.69153
GBPCAD,2020-07-07,1.69152,1.71032,1.69152,1.70601
GBPCAD,2020-07-08,1.70604,1.70879,1.70205,1.70479
GBPCAD,2020-07-09,1.70479,1.7147,1.70363,1.71184
GBPCAD,2020-07-10,1.71184,1.72063,1.71036,1.71548
GBPCAD,2020-07-13,1.71416,1.71797,1.7072,1.70825
GBPCAD,2020-07-14,1.70825,1.71051,1.70076,1.70914
GBPCAD,2020-07-15,1.70914,1.71587,1.69876,1.70049
GBPCAD,2020-07-16,1.7005,1.70866,1.69398,1.70453
GBPCAD,2020-07-17,1.70452,1.70733,1.69855,1.70624
GBPCAD,2020-07-20,1.70402,1.71486,1.70085,1.71235
GBPCAD,2020-07-21,1.71234,1.71569,1.70571,1.71193
GBPCAD,2020-07-22,1.71193,1.71294,1.70336,1.70776
GBPCAD,2020-07-23,1.70776,1.70836,1.69777,1.70612
GBPCAD,2020-07-24,1.70611,1.71796,1.70611,1.71613
GBPCAD,2020-07-27,1.71685,1.72626,1.71443,1.71909
GBPCAD,2020-07-28,1.71907,1.7345,1.7177,1.72909
GBPCAD,2020-07-29,1.72909,1.73628,1.72651,1.73157
GBPCAD,2020-07-30,1.73156,1.76078,1.73138,1.75918
GBPCAD,2020-07-31,1.75922,1.76738,1.75109,1.75453
GBPCAD,2020-08-03,1.75234,1.75899,1.7456,1.75167
GBPCAD,2020-08-04,1.75167,1.75259,1.73868,1.73968
GBPCAD,2020-08-05,1.73969,1.74532,1.73485,1.74099
GBPCAD,2020-08-06,1.74101,1.75229,1.73957,1.7496
GBPCAD,2020-08-07,1.74963,1.75299,1.74183,1.74655
GBPCAD,2020-08-10,1.74763,1.75037,1.7429,1.74604
GBPCAD,2020-08-11,1.74605,1.74605,1.73433,1.7371
GBPCAD,2020-08-12,1.73711,1.73874,1.72363,1.72754
GBPCAD,2020-08-13,1.72757,1.73372,1.724,1.72783
GBPCAD,2020-08-14,1.72784,1.73953,1.72587,1.73528
GBPCAD,2020-08-17,1.73565,1.7372,1.72804,1.73282
GBPCAD,2020-08-18,1.7328,1.7455,1.73138,1.74371
GBPCAD,2020-08-19,1.74372,1.74491,1.72933,1.73185
GBPCAD,2020-08-20,1.73184,1.74282,1.72743,1.74135
GBPCAD,2020-08-21,1.74134,1.74476,1.72384,1.72432
GBPCAD,2020-08-24,1.72404,1.7299,1.72161,1.72754
GBPCAD,2020-08-25,1.72755,1.73615,1.72752,1.73119
GBPCAD,2020-08-26,1.73119,1.73771,1.73008,1.73693
GBPCAD,2020-08-27,1.7369,1.74104,1.73032,1.73207
GBPCAD,2020-08-28,1.73206,1.7498,1.73122,1.74838
GBPCAD,2020-08-31,1.74695,1.7485,1.73781,1.74229
GBPCAD,2020-09-01,1.74219,1.75535,1.74081,1.74919
GBPCAD,2020-09-02,1.74917,1.74958,1.7364,1.74143
GBPCAD,2020-09-03,1.74138,1.74397,1.73531,1.74246
GBPCAD,2020-09-04,1.74246,1.74376,1.72964,1.73436
GBPCAD,2020-09-07,1.73225,1.73426,1.72046,1.72341
GBPCAD,2020-09-08,1.72343,1.7249,1.71291,1.7164
GBPCAD,2020-09-09,1.71642,1.71708,1.70412,1.70957
GBPCAD,2020-09-10,1.70956,1.71509,1.6852,1.68903
GBPCAD,2020-09-11,1.68899,1.69341,1.68098,1.68583
GBPCAD,2020-09-14,1.68398,1.70085,1.68323,1.69291
GBPCAD,2020-09-15,1.6929,1.70092,1.68821,1.69973
GBPCAD,2020-09-16,1.69973,1.71363,1.69683,1.70808
GBPCAD,2020-09-17,1.7081,1.7156,1.69776,1.70614
GBPCAD,2020-09-18,1.70614,1.71174,1.70338,1.70481
GBPCAD,2020-09-21,1.70462,1.7102,1.69735,1.70492
GBPCAD,2020-09-22,1.7049,1.71023,1.69224,1.69437
GBPCAD,2020-09-23,1.69434,1.70613,1.69003,1.7019
GBPCAD,2020-09-24,1.70192,1.71161,1.70007,1.7028
GBPCAD,2020-09-25,1.70284,1.70851,1.69888,1.70623
GBPCAD,2020-09-28,1.7071,1.72773,1.7064,1.71946
GBPCAD,2020-09-29,1.71946,1.72612,1.71603,1.72167
GBPCAD,2020-09-30,1.72167,1.72941,1.71578,1.71876
GBPCAD,2020-10-01,1.71881,1.72481,1.70463,1.71189
GBPCAD,2020-10-02,1.71189,1.72439,1.70887,1.72038
GBPCAD,2020-10-05,1.72029,1.72344,1.71311,1.72251
GBPCAD,2020-10-06,1.72251,1.72463,1.7121,1.7161
GBPCAD,2020-10-07,1.71606,1.71894,1.70618,1.71245
GBPCAD,2020-10-08,1.71245,1.71781,1.704,1.70689
GBPCAD,2020-10-09,1.70685,1.71281,1.70175,1.71056
GBPCAD,2020-10-12,1.70988,1.71464,1.70797,1.71288
GBPCAD,2020-10-13,1.71286,1.71431,1.69783,1.69957
GBPCAD,2020-10-14,1.69957,1.71627,1.69055,1.71112
GBPCAD,2020-10-15,1.71113,1.71353,1.70407,1.70675
GBPCAD,2020-10-16,1.70677,1.71167,1.69878,1.70309
GBPCAD,2020-10-19,1.7011,1.71462,1.69983,1.70764
GBPCAD,2020-10-20,1.70765,1.7112,1.69593,1.69964
GBPCAD,2020-10-21,1.69965,1.72865,1.69841,1.72694
GBPCAD,2020-10-22,1.72694,1.7302,1.71654,1.71785
GBPCAD,2020-10-23,1.71784,1.72194,1.71103,1.71134
GBPCAD,2020-10-26,1.71391,1.72221,1.71169,1.71865
GBPCAD,2020-10-27,1.71865,1.721,1.71502,1.71886
GBPCAD,2020-10-28,1.71886,1.73218,1.71533,1.72885
GBPCAD,2020-10-29,1.72889,1.73499,1.71928,1.72167
GBPCAD,2020-10-30,1.72168,1.72832,1.71859,1.72438
GBPCAD,2020-11-02,1.7205,1.7282,1.70539,1.70819
GBPCAD,2020-11-03,1.70819,1.72043,1.70593,1.71884
GBPCAD,2020-11-04,1.71884,1.72245,1.69706,1.70176
GBPCAD,2020-11-05,1.70176,1.71956,1.70062,1.71874
GBPCAD,2020-11-06,1.71874,1.71882,1.71098,1.71629
GBPCAD,2020-11-09,1.71599,1.7173,1.70251,1.71284
GBPCAD,2020-11-10,1.71284,1.73062,1.71262,1.72785
GBPCAD,2020-11-11,1.72786,1.73496,1.72236,1.72661
GBPCAD,2020-11-12,1.72661,1.7302,1.71888,1.72362
GBPCAD,2020-11-13,1.72363,1.73591,1.72323,1.73285
GBPCAD,2020-11-16,1.73159,1.73497,1.72112,1.72858
GBPCAD,2020-11-17,1.7286,1.73847,1.72641,1.73715
GBPCAD,2020-11-18,1.73719,1.74131,1.73123,1.73432
GBPCAD,2020-11-19,1.73435,1.73793,1.72842,1.73366
GBPCAD,2020-11-20,1.73359,1.74035,1.73083,1.73904
GBPCAD,2020-11-23,1.73891,1.74961,1.73765,1.74218
GBPCAD,2020-11-24,1.74221,1.7434,1.73508,1.73638
GBPCAD,2020-11-25,1.73637,1.7415,1.73188,1.73994
GBPCAD,2020-11-26,1.73996,1.74143,1.73299,1.73853
GBPCAD,2020-11-27,1.73857,1.74036,1.72518,1.72852
GBPCAD,2020-11-30,1.73283,1.7348,1.72493,1.7323
GBPCAD,2020-12-01,1.73234,1.7408,1.72702,1.73573
GBPCAD,2020-12-02,1.73573,1.73734,1.71984,1.72669
GBPCAD,2020-12-03,1.7267,1.74003,1.72548,1.73082
GBPCAD,2020-12-04,1.73085,1.73529,1.71455,1.71687
GBPCAD,2020-12-07,1.71369,1.71722,1.69655,1.7098
GBPCAD,2020-12-08,1.7098,1.71449,1.70084,1.71268
GBPCAD,2020-12-09,1.7127,1.72217,1.70778,1.7143
GBPCAD,2020-12-10,1.7143,1.71619,1.68702,1.69469
GBPCAD,2020-12-11,1.69468,1.69626,1.67682,1.68788
GBPCAD,2020-12-14,1.70207,1.71314,1.69597,1.70029
GBPCAD,2020-12-15,1.70028,1.71292,1.69456,1.70751
GBPCAD,2020-12-16,1.7075,1.72929,1.70679,1.72105
GBPCAD,2020-12-17,1.72105,1.73368,1.71976,1.72741
GBPCAD,2020-12-18,1.72742,1.72952,1.71917,1.72891
GBPCAD,2020-12-21,1.7149,1.73142,1.70475,1.72808
GBPCAD,2020-12-22,1.72808,1.73138,1.72024,1.72745
GBPCAD,2020-12-23,1.72745,1.74336,1.72573,1.73522
GBPCAD,2020-12-24,1.73522,1.74811,1.73439,1.74248
GBPCAD,2020-12-25,1.74234,1.74765,1.74084,1.74373
GBPCAD,2020-12-28,1.74022,1.7436,1.72552,1.7291
GBPCAD,2020-12-29,1.72906,1.73276,1.72567,1.73022
GBPCAD,2020-12-30,1.73022,1.74068,1.72913,1.73769
GBPCAD,2020-12-31,1.73772,1.74443,1.73475,1.73964
GBPCAD,2021-01-04,1.73715,1.74109,1.72453,1.73437
GBPCAD,2021-01-05,1.73435,1.73517,1.72467,1.72723
GBPCAD,2021-01-06,1.72721,1.73116,1.71944,1.72524
GBPCAD,2021-01-07,1.7253,1.73024,1.71869,1.72102
GBPCAD,2021-01-08,1.72104,1.7271,1.7187,1.72028
GBPCAD,2021-01-11,1.7192,1.72956,1.7189,1.7272
GBPCAD,2021-01-12,1.72725,1.73983,1.7265,1.73653
GBPCAD,2021-01-13,1.73653,1.74339,1.72836,1.73266
GBPCAD,2021-01-14,1.73265,1.73392,1.72734,1.73033
GBPCAD,2021-01-15,1.73038,1.7339,1.72733,1.72939
GBPCAD,2021-01-18,1.72989,1.73471,1.72841,1.7315
GBPCAD,2021-01-19,1.73153,1.73733,1.7299,1.73556
GBPCAD,2021-01-20,1.73561,1.74181,1.71983,1.72573
GBPCAD,2021-01-21,1.72574,1.73639,1.72418,1.73636
GBPCAD,2021-01-22,1.73634,1.74283,1.73216,1.74149
GBPCAD,2021-01-25,1.73946,1.74428,1.73683,1.74195
GBPCAD,2021-01-26,1.74193,1.74643,1.73802,1.74396
GBPCAD,2021-01-27,1.74398,1.75412,1.74362,1.75215
GBPCAD,2021-01-28,1.75214,1.7612,1.75134,1.76072
GBPCAD,2021-01-29,1.76072,1.76398,1.74778,1.74967
GBPCAD,2021-02-01,1.75253,1.75749,1.75035,1.7571
GBPCAD,2021-02-02,1.75709,1.75732,1.74554,1.74642
GBPCAD,2021-02-03,1.74645,1.74813,1.74162,1.7449
GBPCAD,2021-02-04,1.7449,1.75493,1.7349,1.75334
GBPCAD,2021-02-05,1.75333,1.7569,1.74993,1.75158
GBPCAD,2021-02-08,1.74978,1.75332,1.74748,1.75088
GBPCAD,2021-02-09,1.75089,1.75919,1.75045,1.75416
GBPCAD,2021-02-10,1.75421,1.75928,1.7528,1.75596
GBPCAD,2021-02-11,1.75596,1.75784,1.75098,1.75386
GBPCAD,2021-02-12,1.75386,1.76142,1.75369,1.75837
GBPCAD,2021-02-15,1.75643,1.76268,1.75604,1.75798
GBPCAD,2021-02-16,1.75796,1.76673,1.75747,1.76498
GBPCAD,2021-02-17,1.76499,1.7654,1.75905,1.76084
GBPCAD,2021-02-18,1.76083,1.77497,1.75828,1.77105
GBPCAD,2021-02-19,1.77105,1.77431,1.76543,1.76654
GBPCAD,2021-02-22,1.76728,1.77516,1.76515,1.77393
GBPCAD,2021-02-23,1.77392,1.77838,1.77084,1.77809
GBPCAD,2021-02-24,1.7781,1.78846,1.76693,1.76992
GBPCAD,2021-02-25,1.7699,1.77131,1.76181,1.76624
GBPCAD,2021-02-26,1.76623,1.77545,1.75511,1.77272
GBPCAD,2021-03-01,1.77333,1.77775,1.75988,1.76057
GBPCAD,2021-03-02,1.76058,1.76491,1.75623,1.76309
GBPCAD,2021-03-03,1.7631,1.76682,1.76014,1.76433
GBPCAD,2021-03-04,1.76436,1.76773,1.75737,1.76146
GBPCAD,2021-03-05,1.76146,1.7617,1.74833,1.75068
GBPCAD,2021-03-08,1.74685,1.75645,1.74578,1.74946
GBPCAD,2021-03-09,1.7495,1.75894,1.74776,1.75604
GBPCAD,2021-03-10,1.7561,1.7603,1.75312,1.75798
GBPCAD,2021-03-11,1.758,1.75948,1.75163,1.7534
GBPCAD,2021-03-12,1.75342,1.75398,1.73432,1.73578
GBPCAD,2021-03-15,1.73605,1.73827,1.73071,1.73403
GBPCAD,2021-03-16,1.73405,1.73416,1.72348,1.72974
GBPCAD,2021-03-17,1.72974,1.73515,1.72828,1.73114
GBPCAD,2021-03-18,1.73113,1.74344,1.72822,1.7394
GBPCAD,2021-03-19,1.73939,1.74045,1.73207,1.73257
GBPCAD,2021-03-22,1.73239,1.73662,1.7271,1.73519
GBPCAD,2021-03-23,1.73518,1.73749,1.7252,1.72847
GBPCAD,2021-03-24,1.72847,1.72978,1.71982,1.72175
GBPCAD,2021-03-25,1.72173,1.73378,1.71773,1.73259
GBPCAD,2021-03-26,1.73254,1.73793,1.72824,1.73365
GBPCAD,2021-03-29,1.73368,1.74484,1.73175,1.73405
GBPCAD,2021-03-30,1.73404,1.73632,1.73105,1.73477
GBPCAD,2021-03-31,1.73483,1.7377,1.72998,1.73195
GBPCAD,2021-04-01,1.73196,1.73914,1.73047,1.73559
GBPCAD,2021-04-02,1.73561,1.7393,1.73364,1.73768
GBPCAD,2021-04-05,1.73625,1.74266,1.73625,1.74172
GBPCAD,2021-04-06,1.74171,1.74434,1.73324,1.73859
GBPCAD,2021-04-07,1.73859,1.74259,1.73105,1.73313
GBPCAD,2021-04-08,1.73314,1.73562,1.72398,1.72524
GBPCAD,2021-04-09,1.72527,1.72767,1.71608,1.71621
GBPCAD,2021-04-12,1.7176,1.72774,1.71506,1.7277
GBPCAD,2021-04-13,1.7277,1.73338,1.72204,1.72481
GBPCAD,2021-04-14,1.7248,1.73235,1.72369,1.72444
GBPCAD,2021-04-15,1.72444,1.73068,1.71958,1.72906
GBPCAD,2021-04-16,1.72907,1.73178,1.71742,1.73129
GBPCAD,2021-04-19,1.7295,1.75431,1.72763,1.7521
GBPCAD,2021-04-20,1.75209,1.75864,1.74623,1.75773
GBPCAD,2021-04-21,1.75773,1.75812,1.73588,1.74188
GBPCAD,2021-04-22,1.74181,1.74293,1.72702,1.73008
GBPCAD,2021-04-23,1.73008,1.73523,1.72861,1.73089
GBPCAD,2021-04-26,1.73042,1.73606,1.72008,1.72225
GBPCAD,2021-04-27,1.72226,1.72736,1.72049,1.72477
GBPCAD,2021-04-28,1.72477,1.72495,1.71521,1.71671
GBPCAD,2021-04-29,1.71667,1.71875,1.70997,1.71241
GBPCAD,2021-04-30,1.71241,1.71313,1.69527,1.69661
GBPCAD,2021-05-03,1.69706,1.71051,1.69522,1.70724
GBPCAD,2021-05-04,1.70724,1.7121,1.7038,1.70818
GBPCAD,2021-05-05,1.70819,1.71119,1.70387,1.70628
GBPCAD,2021-05-06,1.70628,1.70671,1.68561,1.68899
GBPCAD,2021-05-07,1.68893,1.70124,1.68869,1.69573
GBPCAD,2021-05-10,1.69753,1.71333,1.69656,1.70886
GBPCAD,2021-05-11,1.70885,1.71494,1.70688,1.70989
GBPCAD,2021-05-12,1.70989,1.71204,1.70112,1.70429
GBPCAD,2021-05-13,1.70429,1.71062,1.70062,1.70937
GBPCAD,2021-05-14,1.70936,1.71017,1.70305,1.70565
GBPCAD,2021-05-17,1.70747,1.70982,1.70306,1.70635
GBPCAD,2021-05-18,1.70635,1.71344,1.70499,1.71271
GBPCAD,2021-05-19,1.71266,1.71509,1.70704,1.71127
GBPCAD,2021-05-20,1.71128,1.71389,1.70709,1.711
GBPCAD,2021-05-21,1.71099,1.71528,1.7058,1.70623
GBPCAD,2021-05-24,1.70755,1.71015,1.70295,1.70553
GBPCAD,2021-05-25,1.70556,1.70971,1.7027,1.70637
GBPCAD,2021-05-26,1.70637,1.71422,1.70409,1.71205
GBPCAD,2021-05-27,1.71207,1.71548,1.70789,1.71428
GBPCAD,2021-05-28,1.7143,1.71672,1.70744,1.71272
GBPCAD,2021-05-31,1.71125,1.71753,1.70942,1.71576
GBPCAD,2021-06-01,1.71576,1.71709,1.70144,1.70854
GBPCAD,2021-06-02,1.70857,1.71041,1.70426,1.7061
GBPCAD,2021-06-03,1.7061,1.71257,1.70479,1.70831
GBPCAD,2021-06-04,1.70832,1.7161,1.70709,1.70953
GBPCAD,2021-06-07,1.70843,1.71439,1.70687,1.71328
GBPCAD,2021-06-08,1.71332,1.71527,1.70732,1.71378
GBPCAD,2021-06-09,1.71378,1.71634,1.70517,1.70943
GBPCAD,2021-06-10,1.70941,1.71498,1.70548,1.71392
GBPCAD,2021-06-11,1.71392,1.71727,1.71098,1.71553
GBPCAD,2021-06-14,1.71471,1.71688,1.7111,1.71318
GBPCAD,2021-06-15,1.71317,1.71782,1.71064,1.71566
GBPCAD,2021-06-16,1.71566,1.72052,1.71444,1.71745
GBPCAD,2021-06-17,1.71748,1.72208,1.71558,1.72056
GBPCAD,2021-06-18,1.72053,1.7222,1.71413,1.71956
GBPCAD,2021-06-21,1.71901,1.72582,1.71809,1.72229
GBPCAD,2021-06-22,1.72226,1.72381,1.71405,1.71715
GBPCAD,2021-06-23,1.71713,1.72111,1.71425,1.71851
GBPCAD,2021-06-24,1.7185,1.71877,1.70798,1.7147
GBPCAD,2021-06-25,1.7147,1.71647,1.7059,1.70628
GBPCAD,2021-06-28,1.706,1.71648,1.70538,1.71169
GBPCAD,2021-06-29,1.71167,1.71708,1.70948,1.71564
GBPCAD,2021-06-30,1.71566,1.71916,1.70873,1.71376
GBPCAD,2021-07-01,1.71375,1.71509,1.7062,1.71162
GBPCAD,2021-07-02,1.71163,1.71304,1.70237,1.70428
GBPCAD,2021-07-05,1.70343,1.71266,1.70171,1.7094
GBPCAD,2021-07-06,1.7094,1.72445,1.70916,1.7196
GBPCAD,2021-07-07,1.71959,1.72502,1.71476,1.72234
GBPCAD,2021-07-08,1.72233,1.73392,1.72192,1.72783
GBPCAD,2021-07-09,1.72794,1.73294,1.72428,1.72934
GBPCAD,2021-07-12,1.72886,1.73369,1.72755,1.72956
GBPCAD,2021-07-13,1.72958,1.73475,1.72599,1.72853
GBPCAD,2021-07-14,1.72857,1.73701,1.72513,1.73413
GBPCAD,2021-07-15,1.73411,1.74269,1.7298,1.74112
GBPCAD,2021-07-16,1.74113,1.7423,1.7334,1.73589
GBPCAD,2021-07-19,1.73474,1.75672,1.7341,1.74256
GBPCAD,2021-07-20,1.74257,1.74477,1.72596,1.72804
GBPCAD,2021-07-21,1.72804,1.73167,1.71485,1.72364
GBPCAD,2021-07-22,1.72364,1.73391,1.72247,1.73024
GBPCAD,2021-07-23,1.73025,1.73307,1.72459,1.72625
GBPCAD,2021-07-26,1.72724,1.73599,1.72585,1.73411
GBPCAD,2021-07-27,1.73411,1.74948,1.73175,1.74774
GBPCAD,2021-07-28,1.74776,1.74881,1.7399,1.74087
GBPCAD,2021-07-29,1.74087,1.74348,1.7352,1.7383
GBPCAD,2021-07-30,1.73828,1.73948,1.73173,1.73296
GBPCAD,2021-08-02,1.7343,1.73806,1.73099,1.73639
GBPCAD,2021-08-03,1.73637,1.74696,1.73572,1.74417
GBPCAD,2021-08-04,1.74418,1.75063,1.74037,1.74222
GBPCAD,2021-08-05,1.74224,1.74492,1.73737,1.741
GBPCAD,2021-08-06,1.741,1.74497,1.7389,1.74057
GBPCAD,2021-08-09,1.74078,1.74508,1.73865,1.74118
GBPCAD,2021-08-10,1.74118,1.74358,1.73076,1.73199
GBPCAD,2021-08-11,1.73199,1.73549,1.73032,1.73425
GBPCAD,2021-08-12,1.73423,1.73654,1.7273,1.72897
GBPCAD,2021-08-13,1.729,1.73641,1.7261,1.73398
GBPCAD,2021-08-16,1.73316,1.74339,1.73277,1.73986
GBPCAD,2021-08-17,1.73984,1.74297,1.73119,1.73481
GBPCAD,2021-08-18,1.73484,1.74152,1.73175,1.74016
GBPCAD,2021-08-19,1.74014,1.75087,1.73994,1.74884
GBPCAD,2021-08-20,1.74883,1.76246,1.74618,1.74638
GBPCAD,2021-08-23,1.74553,1.74807,1.73318,1.73632
GBPCAD,2021-08-24,1.73632,1.73798,1.72737,1.72881
GBPCAD,2021-08-25,1.72881,1.73505,1.72824,1.7327
GBPCAD,2021-08-26,1.73272,1.73805,1.73056,1.73784
GBPCAD,2021-08-27,1.73784,1.74226,1.73473,1.73595
GBPCAD,2021-08-30,1.73485,1.73903,1.72911,1.73472
GBPCAD,2021-08-31,1.73473,1.74179,1.73119,1.73494
GBPCAD,2021-09-01,1.73493,1.74076,1.73045,1.73804
GBPCAD,2021-09-02,1.73799,1.74155,1.7349,1.73678
GBPCAD,2021-09-03,1.73678,1.73835,1.73109,1.73525
GBPCAD,2021-09-06,1.73397,1.73787,1.73163,1.73445
GBPCAD,2021-09-07,1.73447,1.74391,1.73315,1.74248
GBPCAD,2021-09-08,1.74248,1.7528,1.74014,1.74744
GBPCAD,2021-09-09,1.74745,1.7564,1.74709,1.75259
GBPCAD,2021-09-10,1.75261,1.75557,1.74528,1.75525
GBPCAD,2021-09-13,1.75401,1.75537,1.74797,1.7501
GBPCAD,2021-09-14,1.75012,1.75684,1.74985,1.75228
GBPCAD,2021-09-15,1.75231,1.75575,1.74559,1.7473
GBPCAD,2021-09-16,1.74731,1.75005,1.74318,1.74971
GBPCAD,2021-09-17,1.74972,1.75423,1.7434,1.75268
GBPCAD,2021-09-20,1.75267,1.7602,1.74824,1.74893
GBPCAD,2021-09-21,1.749,1.75343,1.74291,1.75033
GBPCAD,2021-09-22,1.75032,1.75122,1.73669,1.7409
GBPCAD,2021-09-23,1.74089,1.74232,1.72848,1.73727
GBPCAD,2021-09-24,1.73728,1.7412,1.72835,1.72913
GBPCAD,2021-09-27,1.72776,1.73676,1.72433,1.72982
GBPCAD,2021-09-28,1.72979,1.73049,1.71352,1.71653
GBPCAD,2021-09-29,1.71653,1.71901,1.70858,1.71241
GBPCAD,2021-09-30,1.7124,1.71886,1.70495,1.70829
GBPCAD,2021-10-01,1.70829,1.71946,1.70753,1.71219
GBPCAD,2021-10-04,1.71329,1.71594,1.70885,1.71292
GBPCAD,2021-10-05,1.71297,1.71697,1.70995,1.71448
GBPCAD,2021-10-06,1.71449,1.71604,1.70851,1.71052
GBPCAD,2021-10-07,1.71052,1.7125,1.70722,1.70876
GBPCAD,2021-10-08,1.70877,1.70992,1.69688,1.69741
GBPCAD,2021-10-11,1.69822,1.7039,1.69456,1.69619
GBPCAD,2021-10-12,1.6962,1.699,1.69075,1.69387
GBPCAD,2021-10-13,1.69388,1.70059,1.69273,1.70003
GBPCAD,2021-10-14,1.70003,1.70008,1.6897,1.69139
GBPCAD,2021-10-15,1.6914,1.70568,1.6891,1.69878
GBPCAD,2021-10-18,1.69869,1.70403,1.69561,1.69937
GBPCAD,2021-10-19,1.69937,1.70852,1.69667,1.70398
GBPCAD,2021-10-20,1.704,1.70605,1.69705,1.70352
GBPCAD,2021-10-21,1.70352,1.70681,1.69942,1.70598
GBPCAD,2021-10-22,1.70599,1.70605,1.69839,1.70094
GBPCAD,2021-10-25,1.70013,1.70613,1.6985,1.70367
GBPCAD,2021-10-26,1.70365,1.70878,1.70247,1.70561
GBPCAD,2021-10-27,1.70562,1.70772,1.69036,1.6985
GBPCAD,2021-10-28,1.69847,1.70499,1.69613,1.70357
GBPCAD,2021-10-29,1.70354,1.70517,1.69328,1.69424
GBPCAD,2021-11-01,1.69242,1.69501,1.68776,1.68948
GBPCAD,2021-11-02,1.68949,1.69418,1.68731,1.6893
GBPCAD,2021-11-03,1.6893,1.69884,1.68858,1.69494
GBPCAD,2021-11-04,1.69493,1.69558,1.67919,1.68195
GBPCAD,2021-11-05,1.68193,1.68376,1.67333,1.68045
GBPCAD,2021-11-08,1.67887,1.69078,1.67618,1.68749
GBPCAD,2021-11-09,1.6875,1.69121,1.68504,1.68619
GBPCAD,2021-11-10,1.6862,1.68724,1.67149,1.67466
GBPCAD,2021-11-11,1.67466,1.68696,1.6738,1.6823
GBPCAD,2021-11-12,1.68232,1.68807,1.68126,1.68219
GBPCAD,2021-11-15,1.68225,1.68567,1.67709,1.67811
GBPCAD,2021-11-16,1.67813,1.68782,1.6773,1.68686
GBPCAD,2021-11-17,1.68686,1.70212,1.68585,1.70091
GBPCAD,2021-11-18,1.70092,1.7047,1.69753,1.70128
GBPCAD,2021-11-19,1.70129,1.70261,1.69427,1.6987
GBPCAD,2021-11-22,1.6988,1.70208,1.69615,1.70154
GBPCAD,2021-11-23,1.70162,1.70468,1.69344,1.69531
GBPCAD,2021-11-24,1.69532,1.69785,1.68591,1.68763
GBPCAD,2021-11-25,1.68766,1.68931,1.68372,1.68579
GBPCAD,2021-11-26,1.6858,1.70873,1.68543,1.70407
GBPCAD,2021-11-29,1.69981,1.70201,1.69427,1.69584
GBPCAD,2021-11-30,1.69584,1.71123,1.69206,1.69826
GBPCAD,2021-12-01,1.69826,1.70378,1.69422,1.70078
GBPCAD,2021-12-02,1.70081,1.70916,1.69712,1.70456
GBPCAD,2021-12-03,1.70456,1.70586,1.68969,1.69945
GBPCAD,2021-12-06,1.69659,1.69964,1.68983,1.6924
GBPCAD,2021-12-07,1.69237,1.69301,1.67192,1.67485
GBPCAD,2021-12-08,1.67484,1.67692,1.66385,1.67109
GBPCAD,2021-12-09,1.67109,1.68106,1.6694,1.6802
GBPCAD,2021-12-10,1.68018,1.68844,1.67563,1.6883
GBPCAD,2021-12-13,1.68711,1.69684,1.68335,1.69223
GBPCAD,2021-12-14,1.69222,1.70215,1.68966,1.7021
GBPCAD,2021-12-15,1.7021,1.70876,1.69969,1.70229
GBPCAD,2021-12-16,1.70229,1.70935,1.69425,1.70257
GBPCAD,2021-12-17,1.70252,1.70771,1.70021,1.70594
GBPCAD,2021-12-20,1.70565,1.71411,1.7025,1.70865
GBPCAD,2021-12-21,1.70865,1.71528,1.70593,1.71454
GBPCAD,2021-12-22,1.71454,1.72146,1.71005,1.71561
GBPCAD,2021-12-23,1.71562,1.72298,1.7129,1.71913
GBPCAD,2021-12-24,1.71918,1.72059,1.7133,1.71458
GBPCAD,2021-12-27,1.71347,1.72329,1.71347,1.71874
GBPCAD,2021-12-28,1.71874,1.72293,1.71745,1.72141
GBPCAD,2021-12-29,1.72143,1.7283,1.71903,1.72507
GBPCAD,2021-12-30,1.72507,1.72898,1.71749,1.72009
GBPCAD,2021-12-31,1.72009,1.7214,1.70761,1.70783
GBPJPY,2019-01-01,139.702,139.905,139.493,139.883
GBPJPY,2019-01-02,139.883,139.883,132.425,134.446
GBPJPY,2019-01-03,134.447,136.784,133.875,136.179
GBPJPY,2019-01-04,136.179,138.3,135.801,138.026
GBPJPY,2019-01-07,138.019,138.978,137.607,138.877
GBPJPY,2019-01-08,138.877,139.438,137.972,138.529
GBPJPY,2019-01-09,138.529,139.105,137.759,138.465
GBPJPY,2019-01-10,138.465,138.512,137.446,138.097
GBPJPY,2019-01-11,138.096,139.481,137.635,139.309
GBPJPY,2019-01-14,139.479,140.055,138.599,139.344
GBPJPY,2019-01-15,139.348,140.427,137.359,139.844
GBPJPY,2019-01-16,139.845,140.7,138.984,140.521
GBPJPY,2019-01-17,140.52,142.215,139.51,141.696
GBPJPY,2019-01-18,141.698,142.079,141.085,141.291
GBPJPY,2019-01-21,141.273,141.53,140.683,141.372
GBPJPY,2019-01-22,141.371,141.929,140.622,141.677
GBPJPY,2019-01-23,141.673,143.557,141.673,143.24
GBPJPY,2019-01-24,143.243,143.846,142.711,143.78
GBPJPY,2019-01-25,143.78,144.837,143.397,144.526
GBPJPY,2019-01-28,144.42,144.716,143.599,143.783
GBPJPY,2019-01-29,143.781,144.485,142.732,143.123
GBPJPY,2019-01-30,143.122,143.597,142.731,142.929
GBPJPY,2019-01-31,142.93,143.213,142.242,142.678
GBPJPY,2019-02-01,142.677,143.492,142.074,143.181
GBPJPY,2019-02-04,143.135,144.169,143.056,143.262
GBPJPY,2019-02-05,143.264,143.554,142.032,142.444
GBPJPY,2019-02-06,142.446,142.513,141.752,142.251
GBPJPY,2019-02-07,142.251,142.625,141.126,142.119
GBPJPY,2019-02-08,142.12,142.518,141.845,142.044
GBPJPY,2019-02-11,141.936,142.556,141.84,142.001
GBPJPY,2019-02-12,142.003,142.633,141.867,142.455
GBPJPY,2019-02-13,142.457,143.33,142.429,142.591
GBPJPY,2019-02-14,142.594,143.03,141.289,141.465
GBPJPY,2019-02-15,141.464,142.4,141.006,142.337
GBPJPY,2019-02-18,142.521,143.022,142.502,142.918
GBPJPY,2019-02-19,142.92,144.699,142.474,144.408
GBPJPY,2019-02-20,144.407,145.042,144.12,144.462
GBPJPY,2019-02-21,144.462,144.924,144.08,144.359
GBPJPY,2019-02-22,144.362,144.745,143.779,144.442
GBPJPY,2019-02-25,144.649,145.969,144.402,145.756
GBPJPY,2019-02-26,145.757,147.058,145.401,146.574
GBPJPY,2019-02-27,146.578,148.044,146.161,147.64
GBPJPY,2019-02-28,147.639,148.265,146.981,147.709
GBPJPY,2019-03-01,147.705,148.566,147.514,147.771
GBPJPY,2019-03-04,148.15,148.308,147.103,147.302
GBPJPY,2019-03-05,147.303,147.786,146.605,147.166
GBPJPY,2019-03-06,147.167,147.302,146.689,147.119
GBPJPY,2019-03-07,147.119,147.278,145.784,146.138
GBPJPY,2019-03-08,146.138,146.145,144.314,144.641
GBPJPY,2019-03-11,143.931,147.806,143.721,147.461
GBPJPY,2019-03-12,147.461,147.461,144.575,145.417
GBPJPY,2019-03-13,145.418,148.719,145.395,147.763
GBPJPY,2019-03-14,147.762,148.873,147.382,148.151
GBPJPY,2019-03-15,148.151,148.372,147.422,148.161
GBPJPY,2019-03-18,148.19,148.385,147.015,147.747
GBPJPY,2019-03-19,147.743,148.051,147.54,147.862
GBPJPY,2019-03-20,147.862,148.083,145.878,146.121
GBPJPY,2019-03-21,146.123,146.393,144.13,145.491
GBPJPY,2019-03-22,145.491,145.749,144.53,145.19
GBPJPY,2019-03-25,145.235,145.803,144.633,145.407
GBPJPY,2019-03-26,145.406,146.467,145.011,146.054
GBPJPY,2019-03-27,146.054,146.495,145.119,145.322
GBPJPY,2019-03-28,145.32,145.56,144.204,144.408
GBPJPY,2019-03-29,144.41,145.486,143.819,144.445
GBPJPY,2019-04-01,144.735,146.341,144.383,145.631
GBPJPY,2019-04-02,145.629,146.437,144.93,146.106
GBPJPY,2019-04-03,146.107,147.189,146.021,146.77
GBPJPY,2019-04-04,146.769,146.955,145.675,145.963
GBPJPY,2019-04-05,145.963,146.544,145.103,145.581
GBPJPY,2019-04-08,145.605,145.774,145.103,145.559
GBPJPY,2019-04-09,145.559,146.052,144.778,145.021
GBPJPY,2019-04-10,145.024,145.706,144.955,145.36
GBPJPY,2019-04-11,145.36,145.95,145.134,145.741
GBPJPY,2019-04-12,145.746,147.01,145.712,146.367
GBPJPY,2019-04-15,146.388,146.994,146.345,146.647
GBPJPY,2019-04-16,146.644,146.751,145.962,146.036
GBPJPY,2019-04-17,146.038,146.3,145.835,146.044
GBPJPY,2019-04-18,146.045,146.061,145.284,145.479
GBPJPY,2019-04-19,145.479,145.569,145.256,145.343
GBPJPY,2019-04-22,145.278,145.51,145.212,145.295
GBPJPY,2019-04-23,145.294,145.626,144.582,144.739
GBPJPY,2019-04-24,144.74,145.019,144.395,144.725
GBPJPY,2019-04-25,144.725,144.875,143.783,143.883
GBPJPY,2019-04-26,143.883,144.457,143.767,144.114
GBPJPY,2019-04-29,144.074,144.716,144.066,144.467
GBPJPY,2019-04-30,144.465,145.377,144.045,145.295
GBPJPY,2019-05-01,145.295,145.698,145.221,145.477
GBPJPY,2019-05-02,145.475,145.87,145.084,145.294
GBPJPY,2019-05-03,145.297,146.504,144.805,146.331
GBPJPY,2019-05-06,145.378,145.939,144.822,145.115
GBPJPY,2019-05-07,145.119,145.364,143.861,144.084
GBPJPY,2019-05-08,144.08,144.082,143.036,143.118
GBPJPY,2019-05-09,143.124,143.21,142.23,142.865
GBPJPY,2019-05-10,142.864,143.237,142.508,142.935
GBPJPY,2019-05-13,142.695,142.866,141.201,141.502
GBPJPY,2019-05-14,141.502,142.173,141.394,141.548
GBPJPY,2019-05-15,141.549,141.641,140.199,140.628
GBPJPY,2019-05-16,140.627,140.787,140.199,140.605
GBPJPY,2019-05-17,140.606,140.679,139.545,139.937
GBPJPY,2019-05-20,140.246,140.528,139.699,140.111
GBPJPY,2019-05-21,140.111,141.737,139.647,140.489
GBPJPY,2019-05-22,140.487,140.701,139.312,139.57
GBPJPY,2019-05-23,139.57,139.595,138.526,138.714
GBPJPY,2019-05-24,138.717,139.487,138.504,138.918
GBPJPY,2019-05-27,139.085,139.641,138.672,138.865
GBPJPY,2019-05-28,138.866,139.009,138.285,138.425
GBPJPY,2019-05-29,138.427,138.581,137.867,138.362
GBPJPY,2019-05-30,138.361,138.735,137.819,137.828
GBPJPY,2019-05-31,137.828,137.956,136.628,136.737
GBPJPY,2019-06-03,136.724,137.12,136.615,136.809
GBPJPY,2019-06-04,136.808,137.52,136.556,137.52
GBPJPY,2019-06-05,137.519,137.78,137.197,137.431
GBPJPY,2019-06-06,137.433,137.808,136.987,137.673
GBPJPY,2019-06-07,137.678,138.161,137.478,137.774
GBPJPY,2019-06-10,138.082,138.252,137.476,137.506
GBPJPY,2019-06-11,137.508,138.321,137.504,138.023
GBPJPY,2019-06-12,138.026,138.24,137.555,137.699
GBPJPY,2019-06-13,137.7,137.776,137.096,137.337
GBPJPY,2019-06-14,137.337,137.407,136.508,136.651
GBPJPY,2019-06-17,136.474,136.93,135.997,136.124
GBPJPY,2019-06-18,136.122,136.486,135.373,136.441
GBPJPY,2019-06-19,136.44,136.998,135.78,136.791
GBPJPY,2019-06-20,136.787,137.172,136.194,136.343
GBPJPY,2019-06-21,136.344,136.833,135.942,136.694
GBPJPY,2019-06-24,136.597,137.125,136.486,136.727
GBPJPY,2019-06-25,136.729,136.841,135.803,136.001
GBPJPY,2019-06-26,136.0,136.889,136.0,136.775
GBPJPY,2019-06-27,136.778,137.329,136.415,136.555
GBPJPY,2019-06-28,136.56,137.198,136.268,136.961
GBPJPY,2019-07-01,137.431,137.784,136.736,137.033
GBPJPY,2019-07-02,137.029,137.135,135.797,135.841
GBPJPY,2019-07-03,135.841,135.846,135.168,135.594
GBPJPY,2019-07-04,135.594,135.712,135.437,135.667
GBPJPY,2019-07-05,135.668,136.04,135.484,135.858
GBPJPY,2019-07-08,135.793,136.141,135.537,136.065
GBPJPY,2019-07-09,136.064,136.277,135.39,135.7
GBPJPY,2019-07-10,135.701,136.049,135.472,135.486
GBPJPY,2019-07-11,135.486,136.049,135.078,135.964
GBPJPY,2019-07-12,135.967,136.015,135.499,135.686
GBPJPY,2019-07-15,135.443,135.839,134.952,135.054
GBPJPY,2019-07-16,135.055,135.26,133.96,134.264
GBPJPY,2019-07-17,134.264,134.619,133.968,134.199
GBPJPY,2019-07-18,134.197,134.83,133.848,134.708
GBPJPY,2019-07-19,134.709,135.004,134.556,134.665
GBPJPY,2019-07-22,134.49,135.082,134.381,134.576
GBPJPY,2019-07-23,134.578,134.982,134.309,134.61
GBPJPY,2019-07-24,134.61,135.272,134.241,135.073
GBPJPY,2019-07-25,135.077,135.663,134.707,135.323
GBPJPY,2019-07-26,135.325,135.387,134.531,134.553
GBPJPY,2019-07-29,134.429,134.569,132.846,132.976
GBPJPY,2019-07-30,132.978,133.065,131.601,131.981
GBPJPY,2019-07-31,131.981,132.988,131.842,132.242
GBPJPY,2019-08-01,132.241,132.55,129.927,130.254
GBPJPY,2019-08-02,130.253,130.416,129.071,129.598
GBPJPY,2019-08-05,129.545,129.598,128.104,128.371
GBPJPY,2019-08-06,128.37,130.06,128.357,129.392
GBPJPY,2019-08-07,129.39,129.524,128.218,128.813
GBPJPY,2019-08-08,128.815,129.327,128.257,128.57
GBPJPY,2019-08-09,128.569,128.747,126.963,127.079
GBPJPY,2019-08-12,127.147,127.513,126.537,127.268
GBPJPY,2019-08-13,127.274,129.219,126.797,128.589
GBPJPY,2019-08-14,128.59,128.65,127.461,127.726
GBPJPY,2019-08-15,127.726,128.976,127.563,128.267
GBPJPY,2019-08-16,128.266,129.568,128.145,129.134
GBPJPY,2019-08-19,129.162,129.531,128.965,129.236
GBPJPY,2019-08-20,129.236,129.636,128.26,129.241
GBPJPY,2019-08-21,129.243,129.666,128.88,129.31
GBPJPY,2019-08-22,129.309,130.695,128.755,130.435
GBPJPY,2019-08-23,130.433,130.561,128.988,129.498
GBPJPY,2019-08-26,128.729,130.142,128.187,129.503
GBPJPY,2019-08-27,129.502,130.383,129.002,129.858
GBPJPY,2019-08-28,129.861,130.063,128.47,129.602
GBPJPY,2019-08-29,129.597,130.028,128.966,129.696
GBPJPY,2019-08-30,129.699,129.808,129.078,129.225
GBPJPY,2019-09-02,128.861,129.312,127.865,128.11
GBPJPY,2019-09-03,128.11,128.246,126.669,127.975
GBPJPY,2019-09-04,127.976,130.437,127.931,130.218
GBPJPY,2019-09-05,130.214,132.158,129.912,131.957
GBPJPY,2019-09-06,131.954,132.122,131.261,131.333
GBPJPY,2019-09-09,131.067,132.554,130.804,132.513
GBPJPY,2019-09-10,132.514,132.986,132.01,132.963
GBPJPY,2019-09-11,132.96,133.359,132.667,133.228
GBPJPY,2019-09-12,133.23,133.639,132.167,133.376
GBPJPY,2019-09-13,133.389,135.189,133.308,135.089
GBPJPY,2019-09-16,134.175,134.866,133.874,134.372
GBPJPY,2019-09-17,134.368,135.423,133.985,135.126
GBPJPY,2019-09-18,135.129,135.657,134.59,135.21
GBPJPY,2019-09-19,135.209,135.514,134.264,135.331
GBPJPY,2019-09-20,135.333,135.746,134.066,134.13
GBPJPY,2019-09-23,134.275,134.542,133.347,133.769
GBPJPY,2019-09-24,133.768,134.61,133.543,133.792
GBPJPY,2019-09-25,133.787,134.004,132.836,133.099
GBPJPY,2019-09-26,133.098,133.285,132.378,132.835
GBPJPY,2019-09-27,132.83,133.275,132.314,132.609
GBPJPY,2019-09-30,132.723,133.337,132.472,132.789
GBPJPY,2019-10-01,132.79,133.352,131.777,132.431
GBPJPY,2019-10-02,132.427,132.548,131.573,131.852
GBPJPY,2019-10-03,131.851,132.543,131.477,131.838
GBPJPY,2019-10-04,131.838,131.986,131.275,131.836
GBPJPY,2019-10-07,131.292,132.236,131.263,131.781
GBPJPY,2019-10-08,131.779,132.111,130.425,130.676
GBPJPY,2019-10-09,130.675,131.818,130.648,130.938
GBPJPY,2019-10-10,130.944,134.552,130.844,134.081
GBPJPY,2019-10-11,134.081,137.895,133.975,137.065
GBPJPY,2019-10-14,136.81,137.16,135.494,136.669
GBPJPY,2019-10-15,136.664,139.307,136.446,138.819
GBPJPY,2019-10-16,138.815,140.09,137.508,139.315
GBPJPY,2019-10-17,139.314,141.5,138.622,139.694
GBPJPY,2019-10-18,139.694,140.772,139.342,140.702
GBPJPY,2019-10-21,140.395,141.355,139.472,140.871
GBPJPY,2019-10-22,140.868,141.11,139.506,139.764
GBPJPY,2019-10-23,139.76,140.424,139.082,140.361
GBPJPY,2019-10-24,140.362,140.734,138.865,139.44
GBPJPY,2019-10-25,139.437,139.8,139.022,139.372
GBPJPY,2019-10-28,139.313,140.256,139.271,140.096
GBPJPY,2019-10-29,140.09,140.534,139.463,140.066
GBPJPY,2019-10-30,140.063,140.5,139.955,140.363
GBPJPY,2019-10-31,140.367,140.683,139.6,139.737
GBPJPY,2019-11-01,139.737,140.18,139.684,139.956
GBPJPY,2019-11-04,139.898,140.233,139.816,140.102
GBPJPY,2019-11-05,140.103,140.75,139.992,140.575
GBPJPY,2019-11-06,140.575,140.588,139.869,140.014
GBPJPY,2019-11-07,140.015,140.528,139.486,140.083
GBPJPY,2019-11-08,140.083,140.203,139.414,139.516
GBPJPY,2019-11-11,139.753,140.491,139.363,140.158
GBPJPY,2019-11-12,140.157,140.583,139.927,140.062
GBPJPY,2019-11-13,140.063,140.254,139.437,139.837
GBPJPY,2019-11-14,139.837,139.85,139.396,139.756
GBPJPY,2019-11-15,139.756,140.461,139.672,140.318
GBPJPY,2019-11-18,140.572,141.575,140.354,140.707
GBPJPY,2019-11-19,140.707,140.933,140.102,140.235
GBPJPY,2019-11-20,140.234,140.483,139.675,140.201
GBPJPY,2019-11-21,140.201,140.923,139.971,140.266
GBPJPY,2019-11-22,140.267,140.51,139.318,139.413
GBPJPY,2019-11-25,139.707,140.624,139.587,140.562
GBPJPY,2019-11-26,140.56,140.899,139.982,140.296
GBPJPY,2019-11-27,140.292,141.84,140.044,141.406
GBPJPY,2019-11-28,141.409,141.762,141.246,141.403
GBPJPY,2019-11-29,141.403,141.683,141.11,141.393
GBPJPY,2019-12-02,141.363,141.818,140.94,141.065
GBPJPY,2019-12-03,141.068,141.708,140.917,141.224
GBPJPY,2019-12-04,141.224,142.786,140.829,142.663
GBPJPY,2019-12-05,142.663,143.248,142.608,143.054
GBPJPY,2019-12-06,143.054,143.142,142.364,142.576
GBPJPY,2019-12-09,142.663,143.102,142.557,142.739
GBPJPY,2019-12-10,142.739,143.662,142.543,142.797
GBPJPY,2019-12-11,142.802,143.375,142.554,143.284
GBPJPY,2019-12-12,143.284,147.913,142.475,147.405
GBPJPY,2019-12-13,147.401,147.955,145.451,145.728
GBPJPY,2019-12-16,145.701,146.805,145.077,145.381
GBPJPY,2019-12-17,145.387,145.722,143.473,143.715
GBPJPY,2019-12-18,143.717,143.719,143.066,143.332
GBPJPY,2019-12-19,143.335,143.862,141.974,142.386
GBPJPY,2019-12-20,142.387,143.049,142.086,142.232
GBPJPY,2019-12-23,142.262,142.534,141.16,141.555
GBPJPY,2019-12-24,141.555,141.854,141.147,141.407
GBPJPY,2019-12-25,141.4,141.895,141.346,141.846
GBPJPY,2019-12-26,141.846,142.722,141.827,142.491
GBPJPY,2019-12-27,142.491,143.635,142.035,143.204
GBPJPY,2019-12-30,143.232,143.426,142.588,142.75
GBPJPY,2019-12-31,142.751,144.356,142.425,144.092
GBPJPY,2020-01-01,144.044,144.086,143.732,144.053
GBPJPY,2020-01-02,144.053,144.186,142.263,142.699
GBPJPY,2020-01-03,142.697,142.749,140.996,141.337
GBPJPY,2020-01-06,141.158,142.831,140.82,142.789
GBPJPY,2020-01-07,142.788,143.291,141.322,141.618
GBPJPY,2020-01-08,141.618,143.103,141.119,142.895
GBPJPY,2020-01-09,142.894,143.453,142.42,143.104
GBPJPY,2020-01-10,143.104,143.495,142.885,142.948
GBPJPY,2020-01-13,142.766,142.963,142.359,142.856
GBPJPY,2020-01-14,142.858,143.432,142.448,143.038
GBPJPY,2020-01-15,143.038,143.447,142.663,143.276
GBPJPY,2020-01-16,143.276,144.165,143.237,144.07
GBPJPY,2020-01-17,144.07,144.525,143.231,143.236
GBPJPY,2020-01-20,143.019,143.357,142.798,143.261
GBPJPY,2020-01-21,143.263,143.973,142.856,143.379
GBPJPY,2020-01-22,143.377,144.606,143.327,144.231
GBPJPY,2020-01-23,144.233,144.304,143.203,143.733
GBPJPY,2020-01-24,143.734,144.413,142.713,142.814
GBPJPY,2020-01-27,142.461,142.743,142.05,142.251
GBPJPY,2020-01-28,142.25,142.45,141.476,142.126
GBPJPY,2020-01-29,142.125,142.232,141.705,141.909
GBPJPY,2020-01-30,141.909,142.705,141.255,142.479
GBPJPY,2020-01-31,142.479,143.284,142.479,143.026
GBPJPY,2020-02-03,142.87,143.101,141.065,141.164
GBPJPY,2020-02-04,141.164,142.84,140.92,142.606
GBPJPY,2020-02-05,142.605,143.373,142.22,142.705
GBPJPY,2020-02-06,142.704,142.819,142.085,142.184
GBPJPY,2020-02-07,142.184,142.371,141.384,141.384
GBPJPY,2020-02-10,141.344,142.089,141.233,141.768
GBPJPY,2020-02-11,141.767,142.459,141.691,142.31
GBPJPY,2020-02-12,142.305,142.884,142.218,142.359
GBPJPY,2020-02-13,142.361,143.475,142.139,143.191
GBPJPY,2020-02-14,143.197,143.403,142.762,143.193
GBPJPY,2020-02-17,143.149,143.366,142.762,142.844
GBPJPY,2020-02-18,142.844,143.229,142.314,142.884
GBPJPY,2020-02-19,142.88,144.162,142.818,143.731
GBPJPY,2020-02-20,143.731,144.603,143.594,144.226
GBPJPY,2020-02-21,144.228,144.957,143.718,144.516
GBPJPY,2020-02-24,144.037,144.619,142.629,143.263
GBPJPY,2020-02-25,143.264,143.642,142.959,143.4
GBPJPY,2020-02-26,143.403,143.717,142.232,142.452
GBPJPY,2020-02-27,142.453,142.545,140.799,141.272
GBPJPY,2020-02-28,141.267,141.349,137.532,138.46
GBPJPY,2020-03-02,137.462,139.183,137.149,138.543
GBPJPY,2020-03-03,138.539,138.541,136.935,137.253
GBPJPY,2020-03-04,137.249,138.676,137.199,138.633
GBPJPY,2020-03-05,138.637,138.637,137.309,137.6
GBPJPY,2020-03-06,137.6,137.73,136.432,137.439
GBPJPY,2020-03-09,136.338,136.827,132.577,134.752
GBPJPY,2020-03-10,134.752,137.208,134.046,135.547
GBPJPY,2020-03-11,135.547,136.544,133.641,133.977
GBPJPY,2020-03-12,133.975,134.236,131.291,131.572
GBPJPY,2020-03-13,131.562,134.308,131.219,132.524
GBPJPY,2020-03-16,131.693,133.035,128.893,130.268
GBPJPY,2020-03-17,130.271,131.216,128.583,130.122
GBPJPY,2020-03-18,130.123,130.314,124.062,125.768
GBPJPY,2020-03-19,125.777,129.561,124.741,127.884
GBPJPY,2020-03-20,127.884,132.04,127.456,129.018
GBPJPY,2020-03-23,129.285,129.382,127.338,128.478
GBPJPY,2020-03-24,128.473,131.424,128.003,130.991
GBPJPY,2020-03-25,130.991,133.39,129.85,131.297
GBPJPY,2020-03-26,131.305,133.814,130.611,133.047
GBPJPY,2020-03-27,133.047,134.729,132.107,134.437
GBPJPY,2020-03-30,133.798,134.407,132.745,133.656
GBPJPY,2020-03-31,133.66,134.617,133.04,133.367
GBPJPY,2020-04-01,133.367,133.583,132.347,132.828
GBPJPY,2020-04-02,132.829,134.082,132.538,133.856
GBPJPY,2020-04-03,133.846,133.925,132.541,133.064
GBPJPY,2020-04-06,132.469,134.523,132.469,133.458
GBPJPY,2020-04-07,133.461,134.972,133.1,134.048
GBPJPY,2020-04-08,134.049,135.017,133.689,134.967
GBPJPY,2020-04-09,134.966,135.744,134.634,135.162
GBPJPY,2020-04-10,135.162,135.401,134.718,134.718
GBPJPY,2020-04-13,134.981,135.221,134.504,134.743
GBPJPY,2020-04-14,134.743,135.495,134.568,135.217
GBPJPY,2020-04-15,135.22,135.272,133.633,134.711
GBPJPY,2020-04-16,134.713,134.96,133.71,134.77
GBPJPY,2020-04-17,134.768,134.839,133.894,134.43
GBPJPY,2020-04-20,134.243,134.719,133.712,133.942
GBPJPY,2020-04-21,133.942,134.031,131.903,132.499
GBPJPY,2020-04-22,132.502,133.293,132.041,132.861
GBPJPY,2020-04-23,132.858,133.679,132.392,132.966
GBPJPY,2020-04-24,132.97,133.151,132.388,132.898
GBPJPY,2020-04-27,132.982,133.571,132.818,133.268
GBPJPY,2020-04-28,133.27,133.553,132.687,132.743
GBPJPY,2020-04-29,132.745,133.057,131.937,132.939
GBPJPY,2020-04-30,132.936,135.449,132.662,134.961
GBPJPY,2020-05-01,134.96,135.071,133.36,133.537
GBPJPY,2020-05-04,133.358,133.442,132.513,132.771
GBPJPY,2020-05-05,132.771,133.176,132.336,132.452
GBPJPY,2020-05-06,132.452,132.462,130.655,130.895
GBPJPY,2020-05-07,130.894,132.019,130.771,131.611
GBPJPY,2020-05-08,131.616,132.68,131.553,132.292
GBPJPY,2020-05-11,132.081,133.187,131.876,132.675
GBPJPY,2020-05-12,132.674,132.855,131.255,131.295
GBPJPY,2020-05-13,131.297,131.933,130.645,130.864
GBPJPY,2020-05-14,130.865,131.344,130.136,131.327
GBPJPY,2020-05-15,131.326,131.416,129.523,129.61
GBPJPY,2020-05-18,129.391,131.275,129.295,130.998
GBPJPY,2020-05-19,131.003,132.504,130.775,132.137
GBPJPY,2020-05-20,132.137,132.419,131.434,131.651
GBPJPY,2020-05-21,131.653,131.949,131.217,131.558
GBPJPY,2020-05-22,131.557,131.772,130.671,130.92
GBPJPY,2020-05-25,130.942,131.404,130.876,131.396
GBPJPY,2020-05-26,131.394,133.036,131.374,132.556
GBPJPY,2020-05-27,132.556,132.999,131.627,132.2
GBPJPY,2020-05-28,132.203,132.879,131.822,132.593
GBPJPY,2020-05-29,132.592,133.459,131.773,133.084
GBPJPY,2020-06-01,132.702,134.531,132.702,134.298
GBPJPY,2020-06-02,134.294,136.939,134.259,136.911
GBPJPY,2020-06-03,136.91,137.386,136.249,137.051
GBPJPY,2020-06-04,137.051,137.806,135.949,137.582
GBPJPY,2020-06-05,137.581,139.733,137.268,138.791
GBPJPY,2020-06-08,138.924,139.576,137.417,138.062
GBPJPY,2020-06-09,138.06,138.173,136.231,136.999
GBPJPY,2020-06-10,136.999,137.414,135.94,136.006
GBPJPY,2020-06-11,136.01,136.419,134.114,134.279
GBPJPY,2020-06-12,134.28,136.04,133.79,134.646
GBPJPY,2020-06-15,134.285,135.831,133.498,135.827
GBPJPY,2020-06-16,135.829,136.347,134.722,135.124
GBPJPY,2020-06-17,135.121,135.135,134.057,134.124
GBPJPY,2020-06-18,134.127,134.345,132.389,132.942
GBPJPY,2020-06-19,132.944,133.246,131.919,131.945
GBPJPY,2020-06-22,131.854,133.711,131.656,133.618
GBPJPY,2020-06-23,133.618,133.984,132.597,133.287
GBPJPY,2020-06-24,133.288,133.609,132.676,132.839
GBPJPY,2020-06-25,132.843,133.609,132.786,133.134
GBPJPY,2020-06-26,133.136,133.26,132.037,132.235
GBPJPY,2020-06-29,132.073,132.686,131.95,132.44
GBPJPY,2020-06-30,132.441,133.889,132.015,133.775
GBPJPY,2020-07-01,133.774,134.218,132.943,133.828
GBPJPY,2020-07-02,133.825,134.7,133.788,134.003
GBPJPY,2020-07-03,134.003,134.21,133.696,134.172
GBPJPY,2020-07-06,134.01,134.67,133.988,134.14
GBPJPY,2020-07-07,134.14,135.41,134.104,134.903
GBPJPY,2020-07-08,134.905,135.422,134.575,135.31
GBPJPY,2020-07-09,135.309,135.92,135.047,135.17
GBPJPY,2020-07-10,135.173,135.196,134.279,134.94
GBPJPY,2020-07-13,134.895,135.482,134.586,134.653
GBPJPY,2020-07-14,134.653,134.867,133.977,134.791
GBPJPY,2020-07-15,134.792,135.083,134.464,134.589
GBPJPY,2020-07-16,134.587,135.17,134.058,134.728
GBPJPY,2020-07-17,134.733,134.903,134.122,134.482
GBPJPY,2020-07-20,134.394,135.906,134.327,135.713
GBPJPY,2020-07-21,135.712,136.438,135.705,136.011
GBPJPY,2020-07-22,136.011,136.623,135.276,136.399
GBPJPY,2020-07-23,136.399,136.62,135.837,136.007
GBPJPY,2020-07-24,136.008,136.043,134.994,135.766
GBPJPY,2020-07-27,135.622,135.974,135.14,135.677
GBPJPY,2020-07-28,135.679,136.126,135.318,135.842
GBPJPY,2020-07-29,135.842,136.466,135.673,136.332
GBPJPY,2020-07-30,136.332,137.385,136.071,137.302
GBPJPY,2020-07-31,137.301,139.197,136.785,138.481
GBPJPY,2020-08-03,138.313,139.021,137.745,138.665
GBPJPY,2020-08-04,138.665,138.879,137.802,138.208
GBPJPY,2020-08-05,138.207,138.999,138.036,138.546
GBPJPY,2020-08-06,138.548,139.234,138.434,138.701
GBPJPY,2020-08-07,138.702,138.745,137.842,138.233
GBPJPY,2020-08-10,138.224,138.644,138.044,138.598
GBPJPY,2020-08-11,138.598,139.494,138.573,138.979
GBPJPY,2020-08-12,138.979,139.616,138.873,139.382
GBPJPY,2020-08-13,139.385,140.205,139.271,139.814
GBPJPY,2020-08-14,139.817,140.009,139.338,139.482
GBPJPY,2020-08-17,139.489,139.683,138.731,138.926
GBPJPY,2020-08-18,138.924,139.663,138.593,139.457
GBPJPY,2020-08-19,139.46,139.953,138.79,139.068
GBPJPY,2020-08-20,139.068,139.875,138.563,139.686
GBPJPY,2020-08-21,139.686,139.942,138.247,138.465
GBPJPY,2020-08-24,138.357,139.0,138.286,138.542
GBPJPY,2020-08-25,138.543,140.027,138.439,139.905
GBPJPY,2020-08-26,139.907,140.297,139.629,139.948
GBPJPY,2020-08-27,139.945,140.854,139.692,140.777
GBPJPY,2020-08-28,140.778,141.612,140.01,140.619
GBPJPY,2020-08-31,140.611,142.036,140.495,141.643
GBPJPY,2020-09-01,141.646,142.712,141.328,141.899
GBPJPY,2020-09-02,141.899,141.968,141.015,141.759
GBPJPY,2020-09-03,141.761,141.776,140.473,140.708
GBPJPY,2020-09-04,140.709,141.432,140.112,141.06
GBPJPY,2020-09-07,140.811,140.994,139.592,139.898
GBPJPY,2020-09-08,139.898,139.914,137.053,137.38
GBPJPY,2020-09-09,137.377,138.356,136.734,138.084
GBPJPY,2020-09-10,138.084,138.353,135.567,135.936
GBPJPY,2020-09-11,135.939,136.591,135.569,135.798
GBPJPY,2020-09-14,135.564,136.584,135.502,135.839
GBPJPY,2020-09-15,135.842,136.432,135.411,135.786
GBPJPY,2020-09-16,135.782,136.464,135.553,136.161
GBPJPY,2020-09-17,136.163,136.165,134.565,135.836
GBPJPY,2020-09-18,135.836,136.156,134.948,135.03
GBPJPY,2020-09-21,135.063,135.326,133.536,134.187
GBPJPY,2020-09-22,134.188,134.382,133.035,133.866
GBPJPY,2020-09-23,133.866,134.615,133.137,133.882
GBPJPY,2020-09-24,133.885,134.665,133.603,134.492
GBPJPY,2020-09-25,134.489,134.821,133.825,134.517
GBPJPY,2020-09-28,134.598,136.228,134.358,135.736
GBPJPY,2020-09-29,135.734,136.252,135.448,135.945
GBPJPY,2020-09-30,135.946,136.541,135.174,136.195
GBPJPY,2020-10-01,136.198,137.005,135.357,136.004
GBPJPY,2020-10-02,136.005,136.386,135.047,136.131
GBPJPY,2020-10-05,136.091,137.416,135.925,137.34
GBPJPY,2020-10-06,137.342,137.443,135.891,136.101
GBPJPY,2020-10-07,136.101,136.991,135.953,136.865
GBPJPY,2020-10-08,136.865,137.402,136.676,137.187
GBPJPY,2020-10-09,137.187,137.824,136.782,137.734
GBPJPY,2020-10-12,137.766,137.812,137.217,137.615
GBPJPY,2020-10-13,137.617,137.771,136.36,136.413
GBPJPY,2020-10-14,136.414,137.329,135.66,136.802
GBPJPY,2020-10-15,136.804,137.167,135.765,135.941
GBPJPY,2020-10-16,135.944,136.413,135.374,136.096
GBPJPY,2020-10-19,135.883,137.245,135.883,136.537
GBPJPY,2020-10-20,136.537,137.029,136.327,136.652
GBPJPY,2020-10-21,136.654,137.663,136.551,137.432
GBPJPY,2020-10-22,137.433,137.585,136.963,137.187
GBPJPY,2020-10-23,137.191,137.325,136.361,136.527
GBPJPY,2020-10-26,136.682,137.064,136.295,136.438
GBPJPY,2020-10-27,136.438,136.585,136.122,136.222
GBPJPY,2020-10-28,136.227,136.234,134.881,135.494
GBPJPY,2020-10-29,135.491,135.944,134.643,135.202
GBPJPY,2020-10-30,135.201,135.799,134.399,135.461
GBPJPY,2020-11-02,135.045,135.429,134.869,135.319
GBPJPY,2020-11-03,135.316,137.378,135.155,137.15
GBPJPY,2020-11-04,137.149,137.321,135.091,135.409
GBPJPY,2020-11-05,135.411,136.299,135.075,136.119
GBPJPY,2020-11-06,136.116,136.189,135.462,135.871
GBPJPY,2020-11-09,135.941,138.908,135.73,138.449
GBPJPY,2020-11-10,138.448,139.769,138.16,139.583
GBPJPY,2020-11-11,139.58,140.282,139.199,139.387
GBPJPY,2020-11-12,139.388,139.408,137.744,137.894
GBPJPY,2020-11-13,137.898,138.51,137.538,138.046
GBPJPY,2020-11-16,137.943,138.863,137.663,138.202
GBPJPY,2020-11-17,138.2,138.355,137.812,138.094
GBPJPY,2020-11-18,138.093,138.176,137.6,137.673
GBPJPY,2020-11-19,137.675,138.0,137.19,137.514
GBPJPY,2020-11-20,137.514,138.054,137.485,137.939
GBPJPY,2020-11-23,137.915,139.336,137.814,139.29
GBPJPY,2020-11-24,139.293,139.837,139.114,139.635
GBPJPY,2020-11-25,139.634,139.854,138.996,139.719
GBPJPY,2020-11-26,139.718,139.783,138.922,139.213
GBPJPY,2020-11-27,139.215,139.222,138.274,138.447
GBPJPY,2020-11-30,138.667,139.466,138.416,139.089
GBPJPY,2020-12-01,139.088,140.309,138.956,139.979
GBPJPY,2020-12-02,139.98,140.444,138.886,139.622
GBPJPY,2020-12-03,139.62,140.286,139.518,139.67
GBPJPY,2020-12-04,139.67,140.703,139.44,139.937
GBPJPY,2020-12-07,139.595,139.871,137.9,138.898
GBPJPY,2020-12-08,138.9,139.368,138.402,139.175
GBPJPY,2020-12-09,139.174,140.329,138.856,139.378
GBPJPY,2020-12-10,139.379,139.659,138.381,138.57
GBPJPY,2020-12-11,138.57,138.624,136.785,137.506
GBPJPY,2020-12-14,138.943,139.43,138.262,138.591
GBPJPY,2020-12-15,138.593,139.599,138.277,139.371
GBPJPY,2020-12-16,139.37,140.063,139.146,139.708
GBPJPY,2020-12-17,139.705,140.445,139.574,139.954
GBPJPY,2020-12-18,139.955,140.321,139.311,139.728
GBPJPY,2020-12-21,138.695,139.527,136.962,138.953
GBPJPY,2020-12-22,138.954,139.125,137.995,138.713
GBPJPY,2020-12-23,138.713,140.313,138.528,139.888
GBPJPY,2020-12-24,139.883,141.211,139.847,140.391
GBPJPY,2020-12-25,140.391,140.764,140.069,140.101
GBPJPY,2020-12-28,140.262,140.569,139.474,139.648
GBPJPY,2020-12-29,139.651,140.165,139.609,139.765
GBPJPY,2020-12-30,139.767,140.662,139.707,140.547
GBPJPY,2020-12-31,140.549,141.248,140.357,141.168
GBPJPY,2021-01-04,140.73,141.304,139.687,139.958
GBPJPY,2021-01-05,139.956,140.149,139.508,139.924
GBPJPY,2021-01-06,139.924,140.57,139.752,140.352
GBPJPY,2021-01-07,140.349,140.99,140.103,140.839
GBPJPY,2021-01-08,140.839,141.376,140.733,140.928
GBPJPY,2021-01-11,140.759,140.968,140.334,140.824
GBPJPY,2021-01-12,140.821,142.028,140.745,141.785
GBPJPY,2021-01-13,141.783,142.257,141.522,141.692
GBPJPY,2021-01-14,141.692,142.235,141.625,142.076
GBPJPY,2021-01-15,142.074,142.111,140.954,141.041
GBPJPY,2021-01-18,141.082,141.195,140.354,140.851
GBPJPY,2021-01-19,140.853,141.774,140.829,141.756
GBPJPY,2021-01-20,141.756,142.336,141.082,141.524
GBPJPY,2021-01-21,141.524,142.215,141.423,142.098
GBPJPY,2021-01-22,142.095,142.2,141.508,141.928
GBPJPY,2021-01-25,142.001,142.322,141.65,141.904
GBPJPY,2021-01-26,141.906,142.452,141.277,142.354
GBPJPY,2021-01-27,142.354,142.856,142.195,142.362
GBPJPY,2021-01-28,142.362,143.262,142.186,143.148
GBPJPY,2021-01-29,143.146,143.953,142.991,143.423
GBPJPY,2021-02-01,143.597,144.096,143.319,143.429
GBPJPY,2021-02-02,143.428,143.772,143.127,143.457
GBPJPY,2021-02-03,143.454,143.683,143.108,143.312
GBPJPY,2021-02-04,143.313,144.388,142.834,144.34
GBPJPY,2021-02-05,144.341,144.887,144.25,144.66
GBPJPY,2021-02-08,144.44,144.93,144.406,144.616
GBPJPY,2021-02-09,144.615,144.667,144.032,144.483
GBPJPY,2021-02-10,144.485,145.063,144.365,144.689
GBPJPY,2021-02-11,144.688,144.902,144.571,144.669
GBPJPY,2021-02-12,144.668,145.473,144.494,145.335
GBPJPY,2021-02-15,145.263,146.644,145.263,146.61
GBPJPY,2021-02-16,146.609,147.565,146.517,147.339
GBPJPY,2021-02-17,147.333,147.362,146.415,146.771
GBPJPY,2021-02-18,146.771,147.785,146.547,147.566
GBPJPY,2021-02-19,147.566,148.154,147.281,147.616
GBPJPY,2021-02-22,147.672,148.292,147.541,147.717
GBPJPY,2021-02-23,147.717,148.669,147.659,148.666
GBPJPY,2021-02-24,148.667,150.104,148.64,149.884
GBPJPY,2021-02-25,149.883,150.439,148.476,148.983
GBPJPY,2021-02-26,148.982,149.075,147.399,148.284
GBPJPY,2021-03-01,148.335,149.297,148.28,148.818
GBPJPY,2021-03-02,148.818,149.191,148.111,148.967
GBPJPY,2021-03-03,148.967,149.695,148.882,149.049
GBPJPY,2021-03-04,149.049,150.728,149.041,149.976
GBPJPY,2021-03-05,149.972,150.366,149.353,149.908
GBPJPY,2021-03-08,149.419,150.695,149.419,150.55
GBPJPY,2021-03-09,150.557,151.278,150.489,150.776
GBPJPY,2021-03-10,150.775,151.188,150.64,151.069
GBPJPY,2021-03-11,151.069,151.879,150.968,151.866
GBPJPY,2021-03-12,151.865,152.234,151.226,151.706
GBPJPY,2021-03-15,151.653,152.111,151.198,151.665
GBPJPY,2021-03-16,151.664,151.748,150.785,151.573
GBPJPY,2021-03-17,151.573,152.196,151.338,152.184
GBPJPY,2021-03-18,152.185,152.548,151.455,151.663
GBPJPY,2021-03-19,151.66,151.797,150.562,150.929
GBPJPY,2021-03-22,150.279,150.93,150.252,150.752
GBPJPY,2021-03-23,150.753,150.777,148.911,149.013
GBPJPY,2021-03-24,149.007,149.442,148.523,148.913
GBPJPY,2021-03-25,148.914,150.132,148.907,150.077
GBPJPY,2021-03-26,150.077,151.542,150.034,151.227
GBPJPY,2021-03-29,151.29,151.806,150.578,151.288
GBPJPY,2021-03-30,151.286,151.94,151.149,151.615
GBPJPY,2021-03-31,151.611,152.781,151.552,152.679
GBPJPY,2021-04-01,152.679,153.068,152.288,153.01
GBPJPY,2021-04-02,153.011,153.198,152.698,152.963
GBPJPY,2021-04-05,152.902,153.363,152.835,153.301
GBPJPY,2021-04-06,153.3,153.412,151.599,151.845
GBPJPY,2021-04-07,151.844,152.071,150.655,150.954
GBPJPY,2021-04-08,150.954,151.088,149.88,150.143
GBPJPY,2021-04-09,150.146,150.933,149.586,150.263
GBPJPY,2021-04-12,150.245,150.586,149.752,150.434
GBPJPY,2021-04-13,150.433,150.825,149.665,149.863
GBPJPY,2021-04-14,149.862,150.453,149.582,150.028
GBPJPY,2021-04-15,150.026,150.199,149.682,149.807
GBPJPY,2021-04-16,149.807,150.628,149.381,150.544
GBPJPY,2021-04-19,150.427,151.316,149.887,151.254
GBPJPY,2021-04-20,151.254,151.978,150.554,150.71
GBPJPY,2021-04-21,150.71,150.968,150.041,150.512
GBPJPY,2021-04-22,150.508,150.649,149.305,149.438
GBPJPY,2021-04-23,149.437,149.95,149.056,149.677
GBPJPY,2021-04-26,149.682,150.379,149.533,150.336
GBPJPY,2021-04-27,150.336,151.261,150.145,151.192
GBPJPY,2021-04-28,151.193,151.565,151.008,151.41
GBPJPY,2021-04-29,151.411,152.406,151.329,151.921
GBPJPY,2021-04-30,151.922,152.111,150.869,150.988
GBPJPY,2021-05-03,150.858,151.927,150.79,151.662
GBPJPY,2021-05-04,151.661,152.055,150.995,151.828
GBPJPY,2021-05-05,151.828,152.23,151.714,151.907
GBPJPY,2021-05-06,151.904,152.119,151.245,151.529
GBPJPY,2021-05-07,151.529,152.112,151.261,151.845
GBPJPY,2021-05-10,152.018,154.023,151.926,153.805
GBPJPY,2021-05-11,153.804,153.958,153.144,153.672
GBPJPY,2021-05-12,153.67,154.429,153.52,154.205
GBPJPY,2021-05-13,154.207,154.335,153.462,153.825
GBPJPY,2021-05-14,153.824,154.285,153.608,154.145
GBPJPY,2021-05-17,154.089,154.55,153.73,154.546
GBPJPY,2021-05-18,154.549,154.828,154.411,154.448
GBPJPY,2021-05-19,154.451,154.808,153.536,154.134
GBPJPY,2021-05-20,154.133,154.443,153.617,154.41
GBPJPY,2021-05-21,154.411,154.674,154.008,154.15
GBPJPY,2021-05-24,154.085,154.156,153.767,154.076
GBPJPY,2021-05-25,154.071,154.446,153.772,153.858
GBPJPY,2021-05-26,153.857,154.344,153.77,154.09
GBPJPY,2021-05-27,154.086,156.073,153.838,155.959
GBPJPY,2021-05-28,155.958,156.055,155.583,155.829
GBPJPY,2021-05-31,155.602,155.913,155.297,155.769
GBPJPY,2021-06-01,155.763,155.93,154.758,154.99
GBPJPY,2021-06-02,154.988,155.5,154.961,155.302
GBPJPY,2021-06-03,155.3,155.814,155.292,155.592
GBPJPY,2021-06-04,155.592,155.749,155.028,155.04
GBPJPY,2021-06-07,155.027,155.278,154.546,154.897
GBPJPY,2021-06-08,154.896,155.089,154.552,154.886
GBPJPY,2021-06-09,154.885,155.312,154.478,154.672
GBPJPY,2021-06-10,154.674,155.21,154.127,155.01
GBPJPY,2021-06-11,155.011,155.205,154.638,154.736
GBPJPY,2021-06-14,154.584,155.343,154.317,155.258
GBPJPY,2021-06-15,155.258,155.482,154.53,154.997
GBPJPY,2021-06-16,154.997,155.375,154.67,154.95
GBPJPY,2021-06-17,154.952,155.009,153.141,153.763
GBPJPY,2021-06-18,153.763,153.764,151.984,152.094
GBPJPY,2021-06-21,152.061,153.769,151.309,153.686
GBPJPY,2021-06-22,153.685,154.464,153.093,154.351
GBPJPY,2021-06-23,154.348,155.153,154.233,155.044
GBPJPY,2021-06-24,155.043,155.14,153.823,154.353
GBPJPY,2021-06-25,154.356,154.53,153.594,153.757
GBPJPY,2021-06-28,153.666,154.222,153.384,153.498
GBPJPY,2021-06-29,153.5,153.518,152.608,152.975
GBPJPY,2021-06-30,152.973,153.751,152.662,153.669
GBPJPY,2021-07-01,153.674,153.968,153.349,153.505
GBPJPY,2021-07-02,153.503,153.73,153.079,153.485
GBPJPY,2021-07-05,153.407,153.742,153.285,153.649
GBPJPY,2021-07-06,153.65,154.068,152.351,152.671
GBPJPY,2021-07-07,152.67,153.17,152.285,152.666
GBPJPY,2021-07-08,152.666,152.687,150.661,151.409
GBPJPY,2021-07-09,151.411,153.148,151.169,153.026
GBPJPY,2021-07-12,152.943,153.343,152.407,153.199
GBPJPY,2021-07-13,153.2,153.482,152.413,152.678
GBPJPY,2021-07-14,152.678,153.296,152.292,152.409
GBPJPY,2021-07-15,152.408,152.801,151.603,151.8
GBPJPY,2021-07-16,151.8,152.607,151.423,151.478
GBPJPY,2021-07-19,151.393,151.527,149.326,149.712
GBPJPY,2021-07-20,149.713,149.972,148.457,149.866
GBPJPY,2021-07-21,149.865,151.338,149.284,151.166
GBPJPY,2021-07-22,151.165,151.91,150.734,151.691
GBPJPY,2021-07-23,151.689,152.157,151.534,151.952
GBPJPY,2021-07-26,151.932,152.604,151.4,152.506
GBPJPY,2021-07-27,152.507,152.537,151.57,152.427
GBPJPY,2021-07-28,152.429,152.988,152.174,152.807
GBPJPY,2021-07-29,152.806,153.441,152.509,152.773
GBPJPY,2021-07-30,152.771,153.21,152.435,152.45
GBPJPY,2021-08-02,152.419,152.858,151.533,151.782
GBPJPY,2021-08-03,151.783,152.197,151.162,151.677
GBPJPY,2021-08-04,151.676,152.511,151.51,152.133
GBPJPY,2021-08-05,152.136,153.029,152.113,152.854
GBPJPY,2021-08-06,152.853,153.245,152.653,152.895
GBPJPY,2021-08-09,152.868,153.065,152.574,152.758
GBPJPY,2021-08-10,152.757,153.313,152.616,153.015
GBPJPY,2021-08-11,153.013,153.293,152.862,153.048
GBPJPY,2021-08-12,153.048,153.196,152.314,152.472
GBPJPY,2021-08-13,152.472,152.552,151.915,151.915
GBPJPY,2021-08-16,151.796,152.196,150.919,151.272
GBPJPY,2021-08-17,151.273,151.295,150.172,150.502
GBPJPY,2021-08-18,150.5,151.402,150.434,150.95
GBPJPY,2021-08-19,150.948,151.212,149.541,149.612
GBPJPY,2021-08-20,149.611,149.881,149.181,149.513
GBPJPY,2021-08-23,149.202,150.756,149.198,150.506
GBPJPY,2021-08-24,150.507,151.006,150.053,150.595
GBPJPY,2021-08-25,150.591,151.453,150.442,151.37
GBPJPY,2021-08-26,151.37,151.592,150.609,150.76
GBPJPY,2021-08-27,150.762,151.516,150.459,151.147
GBPJPY,2021-08-30,151.068,151.313,150.943,151.27
GBPJPY,2021-08-31,151.27,151.591,151.06,151.344
GBPJPY,2021-09-01,151.344,151.944,151.324,151.607
GBPJPY,2021-09-02,151.608,152.192,151.346,152.119
GBPJPY,2021-09-03,152.119,152.292,151.77,152.019
GBPJPY,2021-09-06,151.936,152.253,151.793,151.976
GBPJPY,2021-09-07,151.973,152.22,151.495,151.974
GBPJPY,2021-09-08,151.971,152.087,151.459,151.732
GBPJPY,2021-09-09,151.734,152.168,151.417,151.902
GBPJPY,2021-09-10,151.901,152.638,151.778,152.001
GBPJPY,2021-09-13,151.838,152.324,151.823,152.203
GBPJPY,2021-09-14,152.201,152.848,151.324,151.495
GBPJPY,2021-09-15,151.494,151.553,150.825,151.47
GBPJPY,2021-09-16,151.47,151.567,150.87,151.353
GBPJPY,2021-09-17,151.352,151.925,150.945,150.973
GBPJPY,2021-09-20,150.895,151.09,149.16,149.506
GBPJPY,2021-09-21,149.503,150.13,148.952,149.069
GBPJPY,2021-09-22,149.068,149.958,149.01,149.537
GBPJPY,2021-09-23,149.536,151.478,149.524,151.372
GBPJPY,2021-09-24,151.372,151.731,150.997,151.319
GBPJPY,2021-09-27,151.231,152.196,151.115,152.02
GBPJPY,2021-09-28,152.018,152.568,150.537,151.02
GBPJPY,2021-09-29,151.021,151.188,149.907,150.292
GBPJPY,2021-09-30,150.292,150.945,149.801,150.122
GBPJPY,2021-10-01,150.121,150.74,149.226,150.415
GBPJPY,2021-10-04,150.333,151.52,150.073,150.99
GBPJPY,2021-10-05,150.991,152.047,150.744,151.906
GBPJPY,2021-10-06,151.904,152.157,150.809,151.421
GBPJPY,2021-10-07,151.42,152.089,151.028,152.071
GBPJPY,2021-10-08,152.071,152.935,152.002,152.793
GBPJPY,2021-10-11,152.624,154.504,152.624,154.102
GBPJPY,2021-10-12,154.102,154.822,153.681,154.141
GBPJPY,2021-10-13,154.142,154.952,154.11,154.87
GBPJPY,2021-10-14,154.871,155.74,154.826,155.582
GBPJPY,2021-10-15,155.582,157.414,155.569,156.968
GBPJPY,2021-10-18,156.885,157.379,156.606,156.978
GBPJPY,2021-10-19,156.979,158.053,156.872,157.981
GBPJPY,2021-10-20,157.984,158.215,157.015,158.102
GBPJPY,2021-10-21,158.103,158.165,156.774,157.006
GBPJPY,2021-10-22,157.011,157.656,155.924,156.116
GBPJPY,2021-10-25,155.982,156.815,155.982,156.572
GBPJPY,2021-10-26,156.574,157.77,156.506,157.175
GBPJPY,2021-10-27,157.175,157.265,155.703,156.225
GBPJPY,2021-10-28,156.227,156.773,155.913,156.77
GBPJPY,2021-10-29,156.771,157.097,155.785,155.964
GBPJPY,2021-11-01,155.918,156.489,155.604,155.781
GBPJPY,2021-11-02,155.783,155.832,154.661,155.171
GBPJPY,2021-11-03,155.171,156.245,154.959,156.202
GBPJPY,2021-11-04,156.2,156.213,153.115,153.758
GBPJPY,2021-11-05,153.761,153.761,152.808,153.015
GBPJPY,2021-11-08,152.756,153.653,152.703,153.611
GBPJPY,2021-11-09,153.61,153.628,152.737,153.102
GBPJPY,2021-11-10,153.105,153.738,152.576,152.766
GBPJPY,2021-11-11,152.763,153.009,152.374,152.418
GBPJPY,2021-11-12,152.416,152.932,152.405,152.727
GBPJPY,2021-11-15,152.83,153.278,152.625,153.049
GBPJPY,2021-11-16,153.044,154.312,153.036,154.257
GBPJPY,2021-11-17,154.251,154.731,153.648,154.02
GBPJPY,2021-11-18,154.021,154.305,153.704,154.265
GBPJPY,2021-11-19,154.266,154.447,152.514,153.244
GBPJPY,2021-11-22,153.129,154.053,153.09,153.786
GBPJPY,2021-11-23,153.784,154.212,153.278,153.998
GBPJPY,2021-11-24,153.996,154.145,153.362,153.829
GBPJPY,2021-11-25,153.829,154.058,153.133,153.194
GBPJPY,2021-11-26,153.189,153.242,150.696,150.781
GBPJPY,2021-11-29,151.203,151.912,150.684,151.518
GBPJPY,2021-11-30,151.515,151.624,149.722,150.632
GBPJPY,2021-12-01,150.632,151.432,149.52,149.874
GBPJPY,2021-12-02,149.872,150.792,149.784,150.307
GBPJPY,2021-12-03,150.307,150.752,148.975,149.229
GBPJPY,2021-12-06,149.209,150.602,149.182,150.479
GBPJPY,2021-12-07,150.479,151.125,150.12,150.365
GBPJPY,2021-12-08,150.362,150.695,149.357,150.159
GBPJPY,2021-12-09,150.158,150.315,149.485,150.009
GBPJPY,2021-12-10,150.011,150.509,149.667,150.445
GBPJPY,2021-12-13,150.305,150.752,149.869,150.063
GBPJPY,2021-12-14,150.064,150.577,149.762,150.466
GBPJPY,2021-12-15,150.465,151.474,150.273,151.37
GBPJPY,2021-12-16,151.365,152.631,151.089,151.427
GBPJPY,2021-12-17,151.43,151.71,150.424,150.474
GBPJPY,2021-12-20,150.449,150.548,149.521,150.135
GBPJPY,2021-12-21,150.137,151.408,149.886,151.244
GBPJPY,2021-12-22,151.242,152.577,151.099,152.356
GBPJPY,2021-12-23,152.357,153.705,152.298,153.414
GBPJPY,2021-12-24,153.415,153.552,152.963,153.182
GBPJPY,2021-12-27,153.035,154.457,152.933,154.288
GBPJPY,2021-12-28,154.286,154.58,153.998,154.19
GBPJPY,2021-12-29,154.19,155.143,154.053,155.14
GBPJPY,2021-12-30,155.143,155.663,154.912,155.302
GBPJPY,2021-12-31,155.302,156.009,154.993,155.543
GBPNZD,2019-01-01,1.89431,1.89973,1.89296,1.89972
GBPNZD,2019-01-02,1.89972,1.90545,1.87638,1.88728
GBPNZD,2019-01-03,1.88725,1.89705,1.88453,1.88787
GBPNZD,2019-01-04,1.88788,1.89666,1.88395,1.88776
GBPNZD,2019-01-07,1.8847,1.89408,1.88226,1.893
GBPNZD,2019-01-08,1.893,1.89807,1.88876,1.88892
GBPNZD,2019-01-09,1.88892,1.89084,1.87531,1.88472
GBPNZD,2019-01-10,1.88471,1.88747,1.87495,1.87932
GBPNZD,2019-01-11,1.87928,1.88269,1.86012,1.87741
GBPNZD,2019-01-14,1.88241,1.89394,1.88057,1.8859
GBPNZD,2019-01-15,1.8859,1.89109,1.86172,1.88682
GBPNZD,2019-01-16,1.88684,1.90377,1.88178,1.90241
GBPNZD,2019-01-17,1.90242,1.92471,1.90019,1.91952
GBPNZD,2019-01-18,1.9195,1.92048,1.90499,1.90842
GBPNZD,2019-01-21,1.90635,1.9184,1.90599,1.91565
GBPNZD,2019-01-22,1.91565,1.92974,1.91352,1.91901
GBPNZD,2019-01-23,1.91901,1.92877,1.90734,1.92581
GBPNZD,2019-01-24,1.92581,1.94257,1.91961,1.94001
GBPNZD,2019-01-25,1.94001,1.94192,1.92115,1.92906
GBPNZD,2019-01-28,1.92975,1.93285,1.91941,1.92582
GBPNZD,2019-01-29,1.92584,1.9302,1.91026,1.91674
GBPNZD,2019-01-30,1.91674,1.91818,1.89732,1.90182
GBPNZD,2019-01-31,1.90182,1.90412,1.89041,1.89581
GBPNZD,2019-02-01,1.89575,1.89862,1.88193,1.89683
GBPNZD,2019-02-04,1.89517,1.90606,1.89117,1.89427
GBPNZD,2019-02-05,1.89427,1.89759,1.87512,1.87736
GBPNZD,2019-02-06,1.87739,1.9148,1.87593,1.90991
GBPNZD,2019-02-07,1.90981,1.92211,1.9018,1.91957
GBPNZD,2019-02-08,1.91959,1.92442,1.91149,1.91842
GBPNZD,2019-02-11,1.91644,1.91743,1.90874,1.90928
GBPNZD,2019-02-12,1.90928,1.91692,1.90731,1.91245
GBPNZD,2019-02-13,1.91245,1.91526,1.88321,1.88816
GBPNZD,2019-02-14,1.88816,1.88894,1.86852,1.87291
GBPNZD,2019-02-15,1.87295,1.87886,1.8659,1.87671
GBPNZD,2019-02-18,1.88087,1.88973,1.87317,1.88482
GBPNZD,2019-02-19,1.88482,1.90301,1.88324,1.89875
GBPNZD,2019-02-20,1.89874,1.90699,1.89383,1.90197
GBPNZD,2019-02-21,1.90195,1.91947,1.8965,1.91385
GBPNZD,2019-02-22,1.91384,1.9283,1.90303,1.90575
GBPNZD,2019-02-25,1.90056,1.90972,1.89455,1.90637
GBPNZD,2019-02-26,1.90639,1.9278,1.90547,1.92223
GBPNZD,2019-02-27,1.92223,1.95107,1.91947,1.94346
GBPNZD,2019-02-28,1.9441,1.95407,1.93853,1.94462
GBPNZD,2019-03-01,1.94461,1.94745,1.93423,1.94201
GBPNZD,2019-03-04,1.94078,1.94877,1.92894,1.93157
GBPNZD,2019-03-05,1.93157,1.94091,1.9289,1.93444
GBPNZD,2019-03-06,1.93441,1.94707,1.93408,1.94678
GBPNZD,2019-03-07,1.94679,1.94764,1.93265,1.93485
GBPNZD,2019-03-08,1.93485,1.93813,1.90822,1.91227
GBPNZD,2019-03-11,1.90947,1.94342,1.90214,1.93798
GBPNZD,2019-03-12,1.93798,1.93821,1.89994,1.90637
GBPNZD,2019-03-13,1.90637,1.9509,1.90552,1.93755
GBPNZD,2019-03-14,1.93755,1.94888,1.93451,1.93916
GBPNZD,2019-03-15,1.93916,1.94302,1.92564,1.94121
GBPNZD,2019-03-18,1.94128,1.94361,1.92325,1.93779
GBPNZD,2019-03-19,1.93777,1.93982,1.92763,1.93612
GBPNZD,2019-03-20,1.93613,1.94181,1.90509,1.90848
GBPNZD,2019-03-21,1.9085,1.91136,1.89587,1.90776
GBPNZD,2019-03-22,1.90775,1.92244,1.90406,1.92061
GBPNZD,2019-03-25,1.92229,1.92254,1.90487,1.91134
GBPNZD,2019-03-26,1.91133,1.9195,1.9064,1.91214
GBPNZD,2019-03-27,1.91209,1.95116,1.90869,1.93463
GBPNZD,2019-03-28,1.93477,1.94244,1.92122,1.92458
GBPNZD,2019-03-29,1.9246,1.93308,1.90496,1.91468
GBPNZD,2019-04-01,1.91173,1.93141,1.9061,1.92436
GBPNZD,2019-04-02,1.92435,1.94641,1.92156,1.94431
GBPNZD,2019-04-03,1.94431,1.94664,1.93359,1.9407
GBPNZD,2019-04-04,1.94067,1.94432,1.93184,1.93478
GBPNZD,2019-04-05,1.93478,1.94328,1.9317,1.93512
GBPNZD,2019-04-08,1.93409,1.94216,1.93159,1.93806
GBPNZD,2019-04-09,1.93807,1.94145,1.93221,1.93348
GBPNZD,2019-04-10,1.93353,1.94208,1.9308,1.93519
GBPNZD,2019-04-11,1.9352,1.94435,1.93376,1.94103
GBPNZD,2019-04-12,1.94104,1.9437,1.9301,1.93229
GBPNZD,2019-04-15,1.93202,1.9415,1.9298,1.9358
GBPNZD,2019-04-16,1.93579,1.95576,1.92588,1.94413
GBPNZD,2019-04-17,1.94413,1.94661,1.93373,1.93864
GBPNZD,2019-04-18,1.93863,1.94827,1.93809,1.94274
GBPNZD,2019-04-19,1.94272,1.94503,1.93871,1.94011
GBPNZD,2019-04-22,1.94165,1.94697,1.93873,1.94272
GBPNZD,2019-04-23,1.94271,1.95451,1.94092,1.9445
GBPNZD,2019-04-24,1.94442,1.96191,1.94421,1.95627
GBPNZD,2019-04-25,1.95627,1.95878,1.9397,1.94407
GBPNZD,2019-04-26,1.94406,1.94508,1.93519,1.93895
GBPNZD,2019-04-29,1.93816,1.94223,1.93412,1.93867
GBPNZD,2019-04-30,1.93868,1.96571,1.93601,1.96002
GBPNZD,2019-05-01,1.96002,1.97147,1.95891,1.96942
GBPNZD,2019-05-02,1.96938,1.97302,1.96477,1.97012
GBPNZD,2019-05-03,1.97011,1.98419,1.96244,1.98232
GBPNZD,2019-05-06,1.98643,1.99122,1.97778,1.98191
GBPNZD,2019-05-07,1.98193,1.98837,1.97721,1.98104
GBPNZD,2019-05-08,1.98104,2.0024,1.97115,1.9756
GBPNZD,2019-05-09,1.97558,1.98053,1.97153,1.97507
GBPNZD,2019-05-10,1.97508,1.97637,1.96759,1.96955
GBPNZD,2019-05-13,1.96763,1.9797,1.96667,1.97215
GBPNZD,2019-05-14,1.97216,1.97216,1.96156,1.96414
GBPNZD,2019-05-15,1.96421,1.96996,1.95296,1.95746
GBPNZD,2019-05-16,1.95747,1.96219,1.94874,1.95816
GBPNZD,2019-05-17,1.95816,1.95865,1.95013,1.95103
GBPNZD,2019-05-20,1.94894,1.95162,1.94497,1.94635
GBPNZD,2019-05-21,1.94635,1.96775,1.94495,1.95299
GBPNZD,2019-05-22,1.95295,1.95762,1.9429,1.94963
GBPNZD,2019-05-23,1.94964,1.95123,1.93941,1.94148
GBPNZD,2019-05-24,1.94149,1.94612,1.93103,1.93946
GBPNZD,2019-05-27,1.94107,1.94482,1.93472,1.93686
GBPNZD,2019-05-28,1.93682,1.93726,1.93061,1.93402
GBPNZD,2019-05-29,1.93401,1.94552,1.93171,1.93844
GBPNZD,2019-05-30,1.93845,1.9397,1.93389,1.9382
GBPNZD,2019-05-31,1.9382,1.93922,1.92922,1.93122
GBPNZD,2019-06-03,1.93309,1.93495,1.91774,1.92116
GBPNZD,2019-06-04,1.92115,1.92517,1.91907,1.92199
GBPNZD,2019-06-05,1.92194,1.92194,1.91091,1.91453
GBPNZD,2019-06-06,1.91454,1.91939,1.91163,1.91803
GBPNZD,2019-06-07,1.91799,1.92193,1.90835,1.91062
GBPNZD,2019-06-10,1.90908,1.92231,1.90893,1.91951
GBPNZD,2019-06-11,1.91951,1.93438,1.91891,1.93244
GBPNZD,2019-06-12,1.93245,1.93983,1.9278,1.92987
GBPNZD,2019-06-13,1.92987,1.93579,1.92692,1.93313
GBPNZD,2019-06-14,1.93314,1.94134,1.93271,1.93882
GBPNZD,2019-06-17,1.93528,1.93955,1.92867,1.93022
GBPNZD,2019-06-18,1.93022,1.93097,1.91848,1.92236
GBPNZD,2019-06-19,1.92234,1.93767,1.92101,1.93044
GBPNZD,2019-06-20,1.93043,1.93341,1.92251,1.93049
GBPNZD,2019-06-21,1.93049,1.93584,1.92481,1.93399
GBPNZD,2019-06-24,1.92926,1.93435,1.92074,1.92318
GBPNZD,2019-06-25,1.92317,1.92523,1.90801,1.91292
GBPNZD,2019-06-26,1.91291,1.92132,1.89513,1.90039
GBPNZD,2019-06-27,1.90039,1.9026,1.88946,1.89091
GBPNZD,2019-06-28,1.89091,1.8957,1.88772,1.88912
GBPNZD,2019-07-01,1.88799,1.89585,1.88297,1.89515
GBPNZD,2019-07-02,1.89514,1.89654,1.88421,1.88627
GBPNZD,2019-07-03,1.88626,1.88737,1.87079,1.87572
GBPNZD,2019-07-04,1.87571,1.88426,1.87302,1.88036
GBPNZD,2019-07-05,1.88032,1.89192,1.87929,1.89032
GBPNZD,2019-07-08,1.88952,1.89108,1.88212,1.88849
GBPNZD,2019-07-09,1.88848,1.88932,1.88091,1.88717
GBPNZD,2019-07-10,1.88716,1.89595,1.87894,1.88215
GBPNZD,2019-07-11,1.88214,1.88306,1.87736,1.87941
GBPNZD,2019-07-12,1.87942,1.88191,1.87416,1.87762
GBPNZD,2019-07-15,1.87664,1.87927,1.86091,1.86199
GBPNZD,2019-07-16,1.86197,1.86197,1.84688,1.85162
GBPNZD,2019-07-17,1.85162,1.85162,1.84273,1.84694
GBPNZD,2019-07-18,1.84693,1.85351,1.84376,1.8507
GBPNZD,2019-07-19,1.85071,1.8522,1.84449,1.84858
GBPNZD,2019-07-22,1.84462,1.85144,1.83674,1.85062
GBPNZD,2019-07-23,1.85062,1.85716,1.84592,1.85675
GBPNZD,2019-07-24,1.85672,1.86682,1.85451,1.86319
GBPNZD,2019-07-25,1.86321,1.87222,1.86079,1.86988
GBPNZD,2019-07-26,1.86987,1.87275,1.86547,1.86547
GBPNZD,2019-07-29,1.86512,1.86671,1.84107,1.8426
GBPNZD,2019-07-30,1.84261,1.84395,1.82764,1.83722
GBPNZD,2019-07-31,1.83721,1.85616,1.83697,1.85493
GBPNZD,2019-08-01,1.85493,1.85589,1.84061,1.84992
GBPNZD,2019-08-02,1.84992,1.86306,1.84561,1.85982
GBPNZD,2019-08-05,1.85946,1.87513,1.84292,1.85361
GBPNZD,2019-08-06,1.85362,1.867,1.849,1.86323
GBPNZD,2019-08-07,1.86322,1.90579,1.85791,1.88212
GBPNZD,2019-08-08,1.88212,1.88732,1.86867,1.87213
GBPNZD,2019-08-09,1.87212,1.87532,1.85772,1.8593
GBPNZD,2019-08-12,1.86232,1.87552,1.85841,1.87296
GBPNZD,2019-08-13,1.87306,1.88289,1.86452,1.86668
GBPNZD,2019-08-14,1.86671,1.88117,1.8635,1.87262
GBPNZD,2019-08-15,1.87261,1.88818,1.86701,1.87882
GBPNZD,2019-08-16,1.87882,1.89342,1.87487,1.88912
GBPNZD,2019-08-19,1.88841,1.89502,1.88614,1.89343
GBPNZD,2019-08-20,1.89344,1.89756,1.88251,1.89742
GBPNZD,2019-08-21,1.89742,1.89859,1.88944,1.89411
GBPNZD,2019-08-22,1.89401,1.92619,1.89302,1.91711
GBPNZD,2019-08-23,1.91711,1.92303,1.9097,1.92011
GBPNZD,2019-08-26,1.91972,1.93392,1.90831,1.91372
GBPNZD,2019-08-27,1.91369,1.93365,1.91262,1.92952
GBPNZD,2019-08-28,1.92951,1.94108,1.91592,1.92801
GBPNZD,2019-08-29,1.92792,1.93642,1.91922,1.92861
GBPNZD,2019-08-30,1.92863,1.93662,1.92682,1.92712
GBPNZD,2019-09-02,1.92598,1.93182,1.90771,1.91341
GBPNZD,2019-09-03,1.91351,1.92212,1.89941,1.90746
GBPNZD,2019-09-04,1.90739,1.92752,1.90578,1.92649
GBPNZD,2019-09-05,1.92649,1.93631,1.915,1.93417
GBPNZD,2019-09-06,1.93422,1.93489,1.90841,1.91082
GBPNZD,2019-09-09,1.91172,1.92394,1.90525,1.92036
GBPNZD,2019-09-10,1.92036,1.92992,1.91491,1.92623
GBPNZD,2019-09-11,1.92623,1.92841,1.91898,1.92062
GBPNZD,2019-09-12,1.92062,1.92841,1.91022,1.92581
GBPNZD,2019-09-13,1.92585,1.96071,1.92383,1.9593
GBPNZD,2019-09-16,1.95764,1.96192,1.9451,1.95911
GBPNZD,2019-09-17,1.95911,1.97032,1.95691,1.96521
GBPNZD,2019-09-18,1.96514,1.97974,1.96317,1.97336
GBPNZD,2019-09-19,1.97342,1.98995,1.97192,1.98953
GBPNZD,2019-09-20,1.98953,2.00002,1.98722,1.99155
GBPNZD,2019-09-23,1.98901,1.99182,1.97247,1.97442
GBPNZD,2019-09-24,1.97442,1.98231,1.96974,1.97652
GBPNZD,2019-09-25,1.97652,1.97802,1.96381,1.96992
GBPNZD,2019-09-26,1.96992,1.97082,1.95131,1.95742
GBPNZD,2019-09-27,1.95736,1.96116,1.94982,1.95131
GBPNZD,2019-09-30,1.95266,1.9686,1.94989,1.96232
GBPNZD,2019-10-01,1.96231,1.97732,1.95907,1.96852
GBPNZD,2019-10-02,1.96851,1.97052,1.95696,1.96331
GBPNZD,2019-10-03,1.96327,1.97048,1.95329,1.95768
GBPNZD,2019-10-04,1.9577,1.95774,1.94029,1.95261
GBPNZD,2019-10-07,1.95186,1.96161,1.94753,1.95282
GBPNZD,2019-10-08,1.95282,1.95382,1.93141,1.94035
GBPNZD,2019-10-09,1.94035,1.94646,1.93191,1.94214
GBPNZD,2019-10-10,1.94212,1.97247,1.93101,1.96485
GBPNZD,2019-10-11,1.96487,2.00322,1.95737,1.99462
GBPNZD,2019-10-14,1.99431,2.01265,1.9899,1.9998
GBPNZD,2019-10-15,1.99981,2.03477,1.99719,2.02663
GBPNZD,2019-10-16,2.02664,2.05569,2.01791,2.03884
GBPNZD,2019-10-17,2.03884,2.05074,2.01738,2.02442
GBPNZD,2019-10-18,2.02442,2.03377,2.01544,2.02692
GBPNZD,2019-10-21,2.02851,2.03415,2.01502,2.02273
GBPNZD,2019-10-22,2.02264,2.02629,2.0072,2.00902
GBPNZD,2019-10-23,2.00905,2.01461,2.00418,2.01209
GBPNZD,2019-10-24,2.01209,2.02255,2.00561,2.0128
GBPNZD,2019-10-25,2.0128,2.02083,2.01214,2.01943
GBPNZD,2019-10-28,2.01691,2.03059,2.01484,2.0231
GBPNZD,2019-10-29,2.02301,2.03151,2.01536,2.02528
GBPNZD,2019-10-30,2.02529,2.03212,2.01113,2.01282
GBPNZD,2019-10-31,2.01282,2.02409,2.01012,2.01716
GBPNZD,2019-11-01,2.01719,2.01948,2.0069,2.01242
GBPNZD,2019-11-04,2.00852,2.01603,2.00018,2.01296
GBPNZD,2019-11-05,2.01302,2.02156,2.00394,2.02084
GBPNZD,2019-11-06,2.02089,2.02401,2.01642,2.01944
GBPNZD,2019-11-07,2.01944,2.02328,2.00755,2.01075
GBPNZD,2019-11-08,2.01074,2.02543,2.00766,2.01831
GBPNZD,2019-11-11,2.01629,2.02618,2.00938,2.01971
GBPNZD,2019-11-12,2.01972,2.03273,2.01933,2.02772
GBPNZD,2019-11-13,2.02773,2.02962,2.00054,2.00354
GBPNZD,2019-11-14,2.00355,2.02534,2.00202,2.01851
GBPNZD,2019-11-15,2.01852,2.02004,2.0121,2.01402
GBPNZD,2019-11-18,2.01416,2.02742,2.01333,2.02423
GBPNZD,2019-11-19,2.02427,2.02947,2.00734,2.00966
GBPNZD,2019-11-20,2.00977,2.01663,2.00738,2.01638
GBPNZD,2019-11-21,2.01645,2.02061,2.00995,2.01685
GBPNZD,2019-11-22,2.01685,2.01798,2.0001,2.00337
GBPNZD,2019-11-25,2.00391,2.01613,1.99902,2.01031
GBPNZD,2019-11-26,2.01031,2.0126,1.99813,2.00084
GBPNZD,2019-11-27,2.00084,2.0206,1.99581,2.01572
GBPNZD,2019-11-28,2.01479,2.01611,2.00832,2.01096
GBPNZD,2019-11-29,2.01108,2.01783,2.00171,2.01173
GBPNZD,2019-12-02,2.00641,2.00956,1.98566,1.99124
GBPNZD,2019-12-03,1.99126,1.99687,1.98657,1.99361
GBPNZD,2019-12-04,1.99357,2.00842,1.99001,2.00158
GBPNZD,2019-12-05,2.00162,2.01549,1.99731,2.01066
GBPNZD,2019-12-06,2.01059,2.01127,1.99586,1.99969
GBPNZD,2019-12-09,2.00271,2.00993,2.00071,2.00714
GBPNZD,2019-12-10,2.00717,2.01779,2.00047,2.00601
GBPNZD,2019-12-11,2.00605,2.01387,1.99942,2.00553
GBPNZD,2019-12-12,2.00558,2.04022,1.98392,2.03533
GBPNZD,2019-12-13,2.03533,2.04141,2.014,2.02101
GBPNZD,2019-12-16,2.01839,2.03455,2.008,2.01252
GBPNZD,2019-12-17,2.01252,2.01508,1.99281,1.99747
GBPNZD,2019-12-18,1.99747,2.0003,1.97761,1.98726
GBPNZD,2019-12-19,1.98725,1.99493,1.96704,1.96883
GBPNZD,2019-12-20,1.96882,1.97947,1.96495,1.96771
GBPNZD,2019-12-23,1.96961,1.9716,1.94722,1.95094
GBPNZD,2019-12-24,1.95097,1.95491,1.94289,1.94528
GBPNZD,2019-12-25,1.9467,1.95606,1.94661,1.95193
GBPNZD,2019-12-26,1.95193,1.95504,1.94605,1.948
GBPNZD,2019-12-27,1.94796,1.96024,1.94133,1.95102
GBPNZD,2019-12-30,1.94935,1.95533,1.94659,1.94701
GBPNZD,2019-12-31,1.94704,1.97089,1.94604,1.96993
GBPNZD,2020-01-01,1.96902,1.96997,1.96645,1.96664
GBPNZD,2020-01-02,1.96658,1.97542,1.95775,1.96244
GBPNZD,2020-01-03,1.96243,1.96858,1.9588,1.96222
GBPNZD,2020-01-06,1.96441,1.97559,1.96052,1.9748
GBPNZD,2020-01-07,1.97482,1.98388,1.9719,1.97743
GBPNZD,2020-01-08,1.97743,1.98157,1.9669,1.96921
GBPNZD,2020-01-09,1.96921,1.97822,1.96487,1.97791
GBPNZD,2020-01-10,1.97791,1.97902,1.96511,1.96789
GBPNZD,2020-01-13,1.96222,1.96629,1.95411,1.95996
GBPNZD,2020-01-14,1.95996,1.97091,1.9543,1.97091
GBPNZD,2020-01-15,1.97091,1.97511,1.96511,1.96982
GBPNZD,2020-01-16,1.96982,1.97167,1.95821,1.96999
GBPNZD,2020-01-17,1.96995,1.97612,1.96451,1.96701
GBPNZD,2020-01-20,1.96423,1.97102,1.96041,1.96802
GBPNZD,2020-01-21,1.96802,1.97992,1.96615,1.97778
GBPNZD,2020-01-22,1.97779,1.99441,1.97765,1.99276
GBPNZD,2020-01-23,1.99276,1.99489,1.98011,1.98212
GBPNZD,2020-01-24,1.98201,1.9885,1.97603,1.97752
GBPNZD,2020-01-27,1.98621,1.997,1.97914,1.99513
GBPNZD,2020-01-28,1.99513,1.99791,1.9876,1.9913
GBPNZD,2020-01-29,1.99123,1.9971,1.98966,1.99459
GBPNZD,2020-01-30,1.99459,2.02003,1.99431,2.018
GBPNZD,2020-01-31,2.018,2.04313,2.01711,2.04221
GBPNZD,2020-02-03,2.03551,2.04166,2.00904,2.01175
GBPNZD,2020-02-04,2.0117,2.02027,2.00181,2.00704
GBPNZD,2020-02-05,2.00704,2.01518,1.9994,2.00495
GBPNZD,2020-02-06,2.00483,2.01161,1.99912,2.00149
GBPNZD,2020-02-07,2.00149,2.01937,2.00105,2.01202
GBPNZD,2020-02-10,2.0116,2.02516,2.00875,2.02174
GBPNZD,2020-02-11,2.02174,2.02541,2.01725,2.02222
GBPNZD,2020-02-12,2.02225,2.02296,1.99993,2.00987
GBPNZD,2020-02-13,2.00983,2.0279,2.00455,2.02508
GBPNZD,2020-02-14,2.02508,2.02987,2.02017,2.02709
GBPNZD,2020-02-17,2.02106,2.02934,2.01763,2.02004
GBPNZD,2020-02-18,2.02009,2.04002,2.01953,2.03284
GBPNZD,2020-02-19,2.03278,2.03437,2.0213,2.023
GBPNZD,2020-02-20,2.02303,2.03724,2.02105,2.03382
GBPNZD,2020-02-21,2.03382,2.05073,2.0309,2.03997
GBPNZD,2020-02-24,2.04892,2.05379,2.03426,2.03761
GBPNZD,2020-02-25,2.0376,2.05954,2.03503,2.05676
GBPNZD,2020-02-26,2.05681,2.06128,2.04782,2.05218
GBPNZD,2020-02-27,2.05218,2.05535,2.03307,2.042
GBPNZD,2020-02-28,2.042,2.06716,2.04125,2.05045
GBPNZD,2020-03-02,2.06227,2.06306,2.03308,2.03694
GBPNZD,2020-03-03,2.037,2.04763,2.0257,2.04425
GBPNZD,2020-03-04,2.04419,2.04752,2.02706,2.04261
GBPNZD,2020-03-05,2.0426,2.05829,2.03974,2.05102
GBPNZD,2020-03-06,2.05102,2.05814,2.03713,2.0518
GBPNZD,2020-03-09,2.06828,2.18156,2.03513,2.06264
GBPNZD,2020-03-10,2.06264,2.07612,2.05047,2.05976
GBPNZD,2020-03-11,2.05974,2.06172,2.03759,2.04574
GBPNZD,2020-03-12,2.0458,2.06572,2.03128,2.05538
GBPNZD,2020-03-13,2.05537,2.06211,2.02065,2.0244
GBPNZD,2020-03-16,2.03657,2.05923,2.00498,2.02966
GBPNZD,2020-03-17,2.02966,2.03979,2.00751,2.03684
GBPNZD,2020-03-18,2.03684,2.05379,1.98915,2.03063
GBPNZD,2020-03-19,2.03066,2.10014,1.98925,2.02081
GBPNZD,2020-03-20,2.02081,2.06832,2.00196,2.03781
GBPNZD,2020-03-23,2.05179,2.07759,2.00634,2.01933
GBPNZD,2020-03-24,2.01924,2.04011,1.99459,2.02361
GBPNZD,2020-03-25,2.02361,2.04325,2.00603,2.04015
GBPNZD,2020-03-26,2.04014,2.05136,2.02393,2.03986
GBPNZD,2020-03-27,2.03997,2.07325,2.03423,2.05982
GBPNZD,2020-03-30,2.0619,2.07241,2.05037,2.05729
GBPNZD,2020-03-31,2.05729,2.09591,2.04426,2.0845
GBPNZD,2020-04-01,2.0845,2.10352,2.07712,2.08545
GBPNZD,2020-04-02,2.08545,2.10278,2.07694,2.09422
GBPNZD,2020-04-03,2.09423,2.1014,2.08455,2.0902
GBPNZD,2020-04-06,2.08197,2.09144,2.05302,2.05605
GBPNZD,2020-04-07,2.05607,2.06972,2.04925,2.06884
GBPNZD,2020-04-08,2.06891,2.07323,2.05586,2.05948
GBPNZD,2020-04-09,2.05949,2.07376,2.04445,2.04936
GBPNZD,2020-04-10,2.04898,2.05688,2.04209,2.04479
GBPNZD,2020-04-13,2.04818,2.05996,2.04529,2.05189
GBPNZD,2020-04-14,2.05187,2.07649,2.04754,2.06909
GBPNZD,2020-04-15,2.06905,2.09451,2.06821,2.08751
GBPNZD,2020-04-16,2.08752,2.09885,2.07304,2.08096
GBPNZD,2020-04-17,2.08095,2.0844,2.06582,2.07012
GBPNZD,2020-04-20,2.06648,2.07702,2.04685,2.05862
GBPNZD,2020-04-21,2.05847,2.07576,2.05324,2.06277
GBPNZD,2020-04-22,2.06277,2.08189,2.0506,2.08022
GBPNZD,2020-04-23,2.08011,2.08315,2.04812,2.05651
GBPNZD,2020-04-24,2.05652,2.06285,2.0515,2.05313
GBPNZD,2020-04-27,2.05163,2.06324,2.04682,2.0615
GBPNZD,2020-04-28,2.06152,2.07138,2.04442,2.04611
GBPNZD,2020-04-29,2.04611,2.04748,2.02805,2.03071
GBPNZD,2020-04-30,2.03071,2.06224,2.02775,2.05569
GBPNZD,2020-05-01,2.05568,2.07006,2.05407,2.05952
GBPNZD,2020-05-04,2.06131,2.07107,2.05331,2.05685
GBPNZD,2020-05-05,2.05683,2.05999,2.0494,2.05564
GBPNZD,2020-05-06,2.05564,2.05961,2.04217,2.05109
GBPNZD,2020-05-07,2.05109,2.0557,2.027,2.03012
GBPNZD,2020-05-08,2.03012,2.03132,2.01645,2.01881
GBPNZD,2020-05-11,2.02084,2.03476,2.01902,2.02906
GBPNZD,2020-05-12,2.02902,2.03444,2.01208,2.01959
GBPNZD,2020-05-13,2.0196,2.04487,2.01228,2.04072
GBPNZD,2020-05-14,2.04072,2.04753,2.03121,2.03452
GBPNZD,2020-05-15,2.03451,2.04705,2.03308,2.03931
GBPNZD,2020-05-18,2.03412,2.03959,2.01618,2.01972
GBPNZD,2020-05-19,2.01972,2.02269,2.00592,2.0136
GBPNZD,2020-05-20,2.0136,2.01371,1.98828,1.99045
GBPNZD,2020-05-21,1.99049,2.00286,1.98912,1.99599
GBPNZD,2020-05-22,1.99599,2.00374,1.99202,1.99425
GBPNZD,2020-05-25,1.99582,2.00106,1.99315,1.99745
GBPNZD,2020-05-26,1.99739,2.00007,1.9812,1.98979
GBPNZD,2020-05-27,1.98978,1.99318,1.97576,1.98175
GBPNZD,2020-05-28,1.98175,1.98992,1.97755,1.98752
GBPNZD,2020-05-29,1.98752,1.99854,1.97702,1.98839
GBPNZD,2020-06-01,1.98944,1.99324,1.98161,1.98756
GBPNZD,2020-06-02,1.98752,1.99995,1.96752,1.97078
GBPNZD,2020-06-03,1.97075,1.97268,1.95504,1.95604
GBPNZD,2020-06-04,1.95603,1.95822,1.94706,1.95048
GBPNZD,2020-06-05,1.95049,1.95652,1.94165,1.94549
GBPNZD,2020-06-08,1.94844,1.95101,1.9372,1.93904
GBPNZD,2020-06-09,1.93904,1.95847,1.93735,1.95581
GBPNZD,2020-06-10,1.95575,1.95732,1.94455,1.95205
GBPNZD,2020-06-11,1.9521,1.96356,1.94918,1.96042
GBPNZD,2020-06-12,1.96032,1.96312,1.94113,1.94342
GBPNZD,2020-06-15,1.94183,1.95267,1.93766,1.94391
GBPNZD,2020-06-16,1.94384,1.95991,1.94353,1.94787
GBPNZD,2020-06-17,1.94785,1.95057,1.93677,1.94689
GBPNZD,2020-06-18,1.9469,1.95117,1.92746,1.93275
GBPNZD,2020-06-19,1.93275,1.94001,1.91961,1.92591
GBPNZD,2020-06-22,1.93042,1.93291,1.91507,1.92487
GBPNZD,2020-06-23,1.92485,1.93341,1.91381,1.9264
GBPNZD,2020-06-24,1.92642,1.94739,1.92441,1.93846
GBPNZD,2020-06-25,1.93844,1.94047,1.92905,1.9318
GBPNZD,2020-06-26,1.93187,1.93471,1.91956,1.91961
GBPNZD,2020-06-29,1.92379,1.92506,1.91212,1.91503
GBPNZD,2020-06-30,1.91507,1.92283,1.91311,1.92042
GBPNZD,2020-07-01,1.92036,1.92874,1.91512,1.92381
GBPNZD,2020-07-02,1.92371,1.92479,1.91262,1.91515
GBPNZD,2020-07-03,1.91512,1.91719,1.90651,1.90921
GBPNZD,2020-07-06,1.91069,1.91291,1.90345,1.90505
GBPNZD,2020-07-07,1.90505,1.9178,1.90196,1.9148
GBPNZD,2020-07-08,1.91486,1.92081,1.91359,1.91861
GBPNZD,2020-07-09,1.91863,1.92422,1.91606,1.91885
GBPNZD,2020-07-10,1.91885,1.92472,1.91611,1.91971
GBPNZD,2020-07-13,1.92022,1.92683,1.91403,1.9204
GBPNZD,2020-07-14,1.92038,1.92444,1.91491,1.92057
GBPNZD,2020-07-15,1.92053,1.92462,1.91311,1.91526
GBPNZD,2020-07-16,1.91523,1.92283,1.91261,1.92011
GBPNZD,2020-07-17,1.92011,1.92122,1.91354,1.91612
GBPNZD,2020-07-20,1.91777,1.92732,1.91142,1.92401
GBPNZD,2020-07-21,1.92401,1.93206,1.9132,1.91531
GBPNZD,2020-07-22,1.91531,1.91802,1.90022,1.91201
GBPNZD,2020-07-23,1.91202,1.92142,1.90032,1.91872
GBPNZD,2020-07-24,1.91882,1.92905,1.91731,1.92577
GBPNZD,2020-07-27,1.93031,1.93052,1.91946,1.92695
GBPNZD,2020-07-28,1.92691,1.94483,1.92458,1.94063
GBPNZD,2020-07-29,1.94056,1.9528,1.93889,1.95021
GBPNZD,2020-07-30,1.95021,1.97052,1.94791,1.95866
GBPNZD,2020-07-31,1.95865,1.9777,1.95594,1.97306
GBPNZD,2020-08-03,1.97191,1.97873,1.96306,1.97717
GBPNZD,2020-08-04,1.97717,1.98012,1.96681,1.96892
GBPNZD,2020-08-05,1.96894,1.97557,1.96591,1.97462
GBPNZD,2020-08-06,1.97461,1.98542,1.96152,1.96564
GBPNZD,2020-08-07,1.96564,1.97905,1.96354,1.97729
GBPNZD,2020-08-10,1.97562,1.98638,1.97493,1.9834
GBPNZD,2020-08-11,1.98344,1.99022,1.97507,1.98654
GBPNZD,2020-08-12,1.98654,1.99662,1.97614,1.98342
GBPNZD,2020-08-13,1.98344,1.99772,1.97912,1.99655
GBPNZD,2020-08-14,1.99652,2.00662,1.99594,1.99952
GBPNZD,2020-08-17,1.99762,2.00802,1.99441,2.00012
GBPNZD,2020-08-18,2.00002,2.01182,1.99832,2.00502
GBPNZD,2020-08-19,2.00502,2.00693,1.98551,1.99783
GBPNZD,2020-08-20,1.99782,2.02698,1.99341,2.0208
GBPNZD,2020-08-21,2.02092,2.02697,1.99981,2.00061
GBPNZD,2020-08-24,2.00272,2.00701,1.99652,2.00245
GBPNZD,2020-08-25,2.00245,2.01288,2.00082,2.00702
GBPNZD,2020-08-26,2.00703,2.00773,1.9924,1.99315
GBPNZD,2020-08-27,1.99315,1.99635,1.98521,1.98641
GBPNZD,2020-08-28,1.98641,1.99163,1.97441,1.97921
GBPNZD,2020-08-31,1.98241,1.98632,1.97633,1.98461
GBPNZD,2020-09-01,1.98461,1.99291,1.97779,1.97979
GBPNZD,2020-09-02,1.97979,1.98168,1.96691,1.97289
GBPNZD,2020-09-03,1.97291,1.9829,1.96813,1.98242
GBPNZD,2020-09-04,1.98245,1.98263,1.97021,1.97542
GBPNZD,2020-09-07,1.97311,1.97574,1.96221,1.96681
GBPNZD,2020-09-08,1.96681,1.967,1.95501,1.96074
GBPNZD,2020-09-09,1.96073,1.96102,1.94081,1.94589
GBPNZD,2020-09-10,1.94589,1.95232,1.92101,1.92672
GBPNZD,2020-09-11,1.92671,1.92671,1.91001,1.91821
GBPNZD,2020-09-14,1.91844,1.92532,1.91278,1.9182
GBPNZD,2020-09-15,1.91821,1.92057,1.91121,1.92002
GBPNZD,2020-09-16,1.92,1.92977,1.91282,1.92741
GBPNZD,2020-09-17,1.92743,1.93821,1.91253,1.91819
GBPNZD,2020-09-18,1.91811,1.91936,1.90612,1.91042
GBPNZD,2020-09-21,1.91032,1.92414,1.90579,1.92307
GBPNZD,2020-09-22,1.92308,1.92738,1.91318,1.92163
GBPNZD,2020-09-23,1.92166,1.94482,1.91533,1.94306
GBPNZD,2020-09-24,1.94306,1.95822,1.94189,1.94779
GBPNZD,2020-09-25,1.94779,1.94849,1.93701,1.94593
GBPNZD,2020-09-28,1.94862,1.96939,1.94541,1.96035
GBPNZD,2020-09-29,1.96035,1.96182,1.94651,1.94865
GBPNZD,2020-09-30,1.94865,1.95872,1.94551,1.95041
GBPNZD,2020-10-01,1.95042,1.95252,1.93231,1.9372
GBPNZD,2020-10-02,1.93721,1.95422,1.93612,1.94761
GBPNZD,2020-10-05,1.94451,1.95704,1.94232,1.95255
GBPNZD,2020-10-06,1.95254,1.96032,1.94301,1.95477
GBPNZD,2020-10-07,1.95476,1.96571,1.94813,1.96488
GBPNZD,2020-10-08,1.96495,1.97263,1.95681,1.96363
GBPNZD,2020-10-09,1.96367,1.96371,1.94979,1.95501
GBPNZD,2020-10-12,1.95637,1.96817,1.95373,1.96488
GBPNZD,2020-10-13,1.96487,1.96752,1.94341,1.94361
GBPNZD,2020-10-14,1.94351,1.96114,1.93451,1.95453
GBPNZD,2020-10-15,1.95456,1.96482,1.95202,1.95531
GBPNZD,2020-10-16,1.95537,1.9618,1.94722,1.95542
GBPNZD,2020-10-19,1.95102,1.96548,1.95094,1.96382
GBPNZD,2020-10-20,1.96384,1.97682,1.96181,1.96878
GBPNZD,2020-10-21,1.96878,1.97637,1.96148,1.97592
GBPNZD,2020-10-22,1.97591,1.98003,1.95658,1.95977
GBPNZD,2020-10-23,1.95976,1.96155,1.94792,1.94911
GBPNZD,2020-10-26,1.95122,1.95532,1.94235,1.94946
GBPNZD,2020-10-27,1.94945,1.95021,1.94009,1.94465
GBPNZD,2020-10-28,1.94466,1.95802,1.93991,1.95336
GBPNZD,2020-10-29,1.95337,1.96128,1.94701,1.95051
GBPNZD,2020-10-30,1.95051,1.96196,1.94492,1.95742
GBPNZD,2020-11-02,1.95418,1.96044,1.94443,1.94831
GBPNZD,2020-11-03,1.94831,1.95212,1.94361,1.94968
GBPNZD,2020-11-04,1.94971,1.9569,1.93155,1.9351
GBPNZD,2020-11-05,1.9351,1.94582,1.93204,1.94212
GBPNZD,2020-11-06,1.94212,1.9442,1.9316,1.94046
GBPNZD,2020-11-09,1.93771,1.93997,1.92191,1.92935
GBPNZD,2020-11-10,1.92945,1.94835,1.92756,1.94208
GBPNZD,2020-11-11,1.94202,1.9464,1.91565,1.91569
GBPNZD,2020-11-12,1.91571,1.92248,1.9097,1.91862
GBPNZD,2020-11-13,1.91854,1.93147,1.91814,1.92681
GBPNZD,2020-11-16,1.92528,1.92692,1.90918,1.91401
GBPNZD,2020-11-17,1.914,1.92746,1.91052,1.92351
GBPNZD,2020-11-18,1.92354,1.9266,1.91249,1.91512
GBPNZD,2020-11-19,1.9151,1.92407,1.91293,1.91826
GBPNZD,2020-11-20,1.91829,1.91844,1.90942,1.91625
GBPNZD,2020-11-23,1.91647,1.92792,1.91228,1.92285
GBPNZD,2020-11-24,1.92288,1.92376,1.90722,1.91446
GBPNZD,2020-11-25,1.91446,1.91961,1.90712,1.91082
GBPNZD,2020-11-26,1.91085,1.91335,1.90311,1.90669
GBPNZD,2020-11-27,1.90672,1.90707,1.88956,1.89278
GBPNZD,2020-11-30,1.89502,1.90358,1.89061,1.89972
GBPNZD,2020-12-01,1.89972,1.90332,1.89139,1.89832
GBPNZD,2020-12-02,1.89833,1.90192,1.88704,1.89041
GBPNZD,2020-12-03,1.89051,1.90748,1.8895,1.90222
GBPNZD,2020-12-04,1.90222,1.91866,1.90132,1.90711
GBPNZD,2020-12-07,1.90312,1.90873,1.88458,1.89722
GBPNZD,2020-12-08,1.89719,1.90113,1.88833,1.89818
GBPNZD,2020-12-09,1.89825,1.91142,1.89057,1.90483
GBPNZD,2020-12-10,1.90483,1.90798,1.87142,1.87521
GBPNZD,2020-12-11,1.8752,1.87636,1.85221,1.86501
GBPNZD,2020-12-14,1.87591,1.89007,1.8753,1.8808
GBPNZD,2020-12-15,1.88079,1.89983,1.87938,1.89721
GBPNZD,2020-12-16,1.89719,1.90914,1.89103,1.8992
GBPNZD,2020-12-17,1.89924,1.90468,1.89192,1.89844
GBPNZD,2020-12-18,1.89853,1.90022,1.88851,1.89374
GBPNZD,2020-12-21,1.88513,1.89951,1.87797,1.89467
GBPNZD,2020-12-22,1.89468,1.90674,1.89125,1.89924
GBPNZD,2020-12-23,1.89922,1.91021,1.89287,1.90289
GBPNZD,2020-12-24,1.90289,1.91478,1.90077,1.91143
GBPNZD,2020-12-25,1.9107,1.91143,1.90562,1.90744
GBPNZD,2020-12-28,1.90412,1.90732,1.89193,1.89429
GBPNZD,2020-12-29,1.89424,1.89714,1.88381,1.8877
GBPNZD,2020-12-30,1.88765,1.89252,1.88338,1.88896
GBPNZD,2020-12-31,1.88894,1.90218,1.88422,1.89963
GBPNZD,2021-01-04,1.89781,1.90411,1.88743,1.89029
GBPNZD,2021-01-05,1.89029,1.89167,1.87635,1.87825
GBPNZD,2021-01-06,1.87821,1.87954,1.8632,1.86485
GBPNZD,2021-01-07,1.86485,1.87862,1.8626,1.86734
GBPNZD,2021-01-08,1.86734,1.88005,1.86639,1.87261
GBPNZD,2021-01-11,1.87379,1.88702,1.87357,1.88492
GBPNZD,2021-01-12,1.88489,1.89942,1.88388,1.89045
GBPNZD,2021-01-13,1.89044,1.90608,1.88953,1.89785
GBPNZD,2021-01-14,1.89784,1.90139,1.89071,1.89572
GBPNZD,2021-01-15,1.89571,1.9078,1.89441,1.90446
GBPNZD,2021-01-18,1.90239,1.91122,1.90142,1.90864
GBPNZD,2021-01-19,1.90872,1.91692,1.90517,1.91359
GBPNZD,2021-01-20,1.91358,1.92138,1.90006,1.90203
GBPNZD,2021-01-21,1.90207,1.90977,1.89741,1.90279
GBPNZD,2021-01-22,1.90276,1.90732,1.89953,1.90465
GBPNZD,2021-01-25,1.90693,1.90731,1.89551,1.8994
GBPNZD,2021-01-26,1.8994,1.90176,1.89211,1.89812
GBPNZD,2021-01-27,1.89812,1.91472,1.89726,1.91406
GBPNZD,2021-01-28,1.91394,1.91975,1.9094,1.91303
GBPNZD,2021-01-29,1.91304,1.91581,1.90003,1.90602
GBPNZD,2021-02-01,1.91441,1.91526,1.90501,1.90863
GBPNZD,2021-02-02,1.90864,1.91155,1.89591,1.89875
GBPNZD,2021-02-03,1.89871,1.89937,1.8898,1.88991
GBPNZD,2021-02-04,1.88984,1.91105,1.88601,1.90972
GBPNZD,2021-02-05,1.90973,1.91752,1.90505,1.90624
GBPNZD,2021-02-08,1.90691,1.90871,1.90049,1.90178
GBPNZD,2021-02-09,1.90179,1.90951,1.89931,1.90773
GBPNZD,2021-02-10,1.90782,1.92252,1.90755,1.91598
GBPNZD,2021-02-11,1.91597,1.91949,1.90723,1.90983
GBPNZD,2021-02-12,1.90981,1.92431,1.90909,1.91781
GBPNZD,2021-02-15,1.92092,1.92642,1.91718,1.92361
GBPNZD,2021-02-16,1.92361,1.93331,1.91639,1.93152
GBPNZD,2021-02-17,1.93152,1.93443,1.92491,1.92745
GBPNZD,2021-02-18,1.92753,1.94162,1.92545,1.93482
GBPNZD,2021-02-19,1.93483,1.93792,1.91663,1.91793
GBPNZD,2021-02-22,1.92102,1.92197,1.91451,1.91962
GBPNZD,2021-02-23,1.91962,1.92767,1.91926,1.92401
GBPNZD,2021-02-24,1.92401,1.93144,1.89608,1.90071
GBPNZD,2021-02-25,1.90072,1.90567,1.89549,1.90201
GBPNZD,2021-02-26,1.90199,1.92874,1.89353,1.92441
GBPNZD,2021-03-01,1.92392,1.93232,1.90965,1.91456
GBPNZD,2021-03-02,1.91461,1.92461,1.91117,1.91332
GBPNZD,2021-03-03,1.9134,1.92719,1.9111,1.92602
GBPNZD,2021-03-04,1.92612,1.93604,1.91783,1.93568
GBPNZD,2021-03-05,1.93568,1.94171,1.92862,1.92922
GBPNZD,2021-03-08,1.92319,1.94628,1.92319,1.9377
GBPNZD,2021-03-09,1.93769,1.94513,1.93198,1.93428
GBPNZD,2021-03-10,1.93433,1.94372,1.93309,1.93647
GBPNZD,2021-03-11,1.93647,1.94131,1.92641,1.93573
GBPNZD,2021-03-12,1.93572,1.94262,1.93401,1.93892
GBPNZD,2021-03-15,1.93871,1.94014,1.92805,1.92965
GBPNZD,2021-03-16,1.92964,1.93412,1.92328,1.93258
GBPNZD,2021-03-17,1.93258,1.94068,1.92052,1.92687
GBPNZD,2021-03-18,1.92687,1.94506,1.92426,1.94261
GBPNZD,2021-03-19,1.94262,1.94549,1.93172,1.93318
GBPNZD,2021-03-22,1.93677,1.94539,1.92584,1.9431
GBPNZD,2021-03-23,1.94316,1.9669,1.9427,1.96355
GBPNZD,2021-03-24,1.96355,1.9696,1.95956,1.96413
GBPNZD,2021-03-25,1.96416,1.97667,1.96051,1.97339
GBPNZD,2021-03-26,1.97337,1.97513,1.96837,1.96982
GBPNZD,2021-03-29,1.97074,1.98225,1.96306,1.965
GBPNZD,2021-03-30,1.965,1.97021,1.95885,1.96572
GBPNZD,2021-03-31,1.96568,1.97467,1.96354,1.97405
GBPNZD,2021-04-01,1.97404,1.98131,1.96677,1.96969
GBPNZD,2021-04-02,1.96968,1.97086,1.96262,1.9649
GBPNZD,2021-04-05,1.96759,1.97076,1.96539,1.96878
GBPNZD,2021-04-06,1.96876,1.97505,1.95522,1.95796
GBPNZD,2021-04-07,1.95797,1.96649,1.95381,1.95935
GBPNZD,2021-04-08,1.95936,1.9613,1.94412,1.94489
GBPNZD,2021-04-09,1.94491,1.953,1.94402,1.94862
GBPNZD,2021-04-12,1.94762,1.95667,1.94483,1.95587
GBPNZD,2021-04-13,1.95584,1.96034,1.94699,1.94865
GBPNZD,2021-04-14,1.94862,1.95116,1.92581,1.92974
GBPNZD,2021-04-15,1.92973,1.92991,1.91793,1.9209
GBPNZD,2021-04-16,1.92088,1.9381,1.91718,1.93713
GBPNZD,2021-04-19,1.93805,1.95009,1.92826,1.94594
GBPNZD,2021-04-20,1.94593,1.94615,1.93524,1.94519
GBPNZD,2021-04-21,1.94521,1.94535,1.93026,1.93382
GBPNZD,2021-04-22,1.93377,1.9393,1.92905,1.93423
GBPNZD,2021-04-23,1.9342,1.936,1.92711,1.92742
GBPNZD,2021-04-26,1.92857,1.93176,1.91782,1.92181
GBPNZD,2021-04-27,1.92181,1.9312,1.92068,1.92994
GBPNZD,2021-04-28,1.92996,1.93204,1.91803,1.91947
GBPNZD,2021-04-29,1.91951,1.93176,1.91713,1.92494
GBPNZD,2021-04-30,1.92495,1.93082,1.92051,1.9285
GBPNZD,2021-05-03,1.92199,1.93525,1.92199,1.93167
GBPNZD,2021-05-04,1.93172,1.94806,1.93107,1.93891
GBPNZD,2021-05-05,1.93891,1.94374,1.92356,1.92664
GBPNZD,2021-05-06,1.92664,1.93325,1.91743,1.9212
GBPNZD,2021-05-07,1.92121,1.93002,1.91745,1.9201
GBPNZD,2021-05-10,1.92106,1.94492,1.92059,1.94325
GBPNZD,2021-05-11,1.94324,1.94841,1.93961,1.94633
GBPNZD,2021-05-12,1.94634,1.96678,1.94529,1.96282
GBPNZD,2021-05-13,1.96283,1.96586,1.95184,1.95577
GBPNZD,2021-05-14,1.95577,1.95779,1.94251,1.94321
GBPNZD,2021-05-17,1.94338,1.96218,1.94337,1.95979
GBPNZD,2021-05-18,1.9598,1.96112,1.95305,1.96017
GBPNZD,2021-05-19,1.96018,1.97268,1.95905,1.96965
GBPNZD,2021-05-20,1.96965,1.9722,1.96128,1.97095
GBPNZD,2021-05-21,1.97093,1.97705,1.96697,1.97342
GBPNZD,2021-05-24,1.97257,1.97434,1.95891,1.96208
GBPNZD,2021-05-25,1.96207,1.96439,1.95084,1.95765
GBPNZD,2021-05-26,1.95765,1.95811,1.93361,1.93942
GBPNZD,2021-05-27,1.93943,1.94998,1.93279,1.94989
GBPNZD,2021-05-28,1.94996,1.96067,1.94825,1.95662
GBPNZD,2021-05-31,1.9521,1.96002,1.94893,1.95497
GBPNZD,2021-06-01,1.95499,1.95718,1.94714,1.95159
GBPNZD,2021-06-02,1.95163,1.95991,1.94707,1.95912
GBPNZD,2021-06-03,1.95915,1.97789,1.95734,1.97392
GBPNZD,2021-06-04,1.97394,1.97755,1.96229,1.96285
GBPNZD,2021-06-07,1.96188,1.96569,1.95743,1.96196
GBPNZD,2021-06-08,1.96199,1.96798,1.95903,1.96789
GBPNZD,2021-06-09,1.96787,1.96978,1.96174,1.96747
GBPNZD,2021-06-10,1.96748,1.97117,1.95983,1.97085
GBPNZD,2021-06-11,1.97086,1.98304,1.96526,1.97913
GBPNZD,2021-06-14,1.97632,1.97875,1.97033,1.97502
GBPNZD,2021-06-15,1.97506,1.98156,1.96966,1.977
GBPNZD,2021-06-16,1.97695,1.98645,1.97183,1.97833
GBPNZD,2021-06-17,1.97845,1.99147,1.96979,1.98683
GBPNZD,2021-06-18,1.98681,1.99601,1.98431,1.99001
GBPNZD,2021-06-21,1.98574,1.99363,1.98112,1.99311
GBPNZD,2021-06-22,1.99309,1.99597,1.98295,1.98785
GBPNZD,2021-06-23,1.98782,1.99086,1.97867,1.98234
GBPNZD,2021-06-24,1.98231,1.98242,1.96656,1.97033
GBPNZD,2021-06-25,1.97034,1.97115,1.96014,1.96262
GBPNZD,2021-06-28,1.95902,1.97623,1.95853,1.96875
GBPNZD,2021-06-29,1.96872,1.98118,1.96692,1.98003
GBPNZD,2021-06-30,1.98003,1.98538,1.97463,1.9764
GBPNZD,2021-07-01,1.97639,1.97952,1.9698,1.97581
GBPNZD,2021-07-02,1.97582,1.97924,1.96541,1.96652
GBPNZD,2021-07-05,1.96652,1.97376,1.9611,1.96445
GBPNZD,2021-07-06,1.96437,1.97501,1.95268,1.96711
GBPNZD,2021-07-07,1.96709,1.96941,1.95938,1.96766
GBPNZD,2021-07-08,1.96766,1.98622,1.96726,1.98449
GBPNZD,2021-07-09,1.98454,1.9893,1.97901,1.98628
GBPNZD,2021-07-12,1.98074,1.99282,1.97695,1.98757
GBPNZD,2021-07-13,1.98759,1.99562,1.98173,1.98812
GBPNZD,2021-07-14,1.98815,1.989,1.96722,1.9687
GBPNZD,2021-07-15,1.96869,1.98396,1.96448,1.9721
GBPNZD,2021-07-16,1.97209,1.97796,1.9626,1.96473
GBPNZD,2021-07-19,1.96281,1.97768,1.96281,1.97279
GBPNZD,2021-07-20,1.97277,1.98071,1.96654,1.96925
GBPNZD,2021-07-21,1.96926,1.97259,1.96291,1.97011
GBPNZD,2021-07-22,1.97008,1.97896,1.96849,1.97293
GBPNZD,2021-07-23,1.97296,1.97443,1.96542,1.96872
GBPNZD,2021-07-26,1.96527,1.97815,1.96455,1.97478
GBPNZD,2021-07-27,1.97479,1.99684,1.97394,1.99356
GBPNZD,2021-07-28,1.99339,2.00661,1.99176,1.99785
GBPNZD,2021-07-29,1.99781,2.00216,1.98716,1.99169
GBPNZD,2021-07-30,1.99165,1.99679,1.99029,1.99302
GBPNZD,2021-08-02,1.98916,1.9971,1.98699,1.98809
GBPNZD,2021-08-03,1.98806,1.98875,1.97347,1.97511
GBPNZD,2021-08-04,1.97513,1.97643,1.96687,1.97179
GBPNZD,2021-08-05,1.97184,1.97617,1.96773,1.976
GBPNZD,2021-08-06,1.97603,1.97969,1.97142,1.97809
GBPNZD,2021-08-09,1.97879,1.98515,1.97401,1.9803
GBPNZD,2021-08-10,1.98027,1.98607,1.9711,1.97469
GBPNZD,2021-08-11,1.97468,1.97609,1.96458,1.96918
GBPNZD,2021-08-12,1.9692,1.97693,1.96646,1.97163
GBPNZD,2021-08-13,1.97162,1.97367,1.96664,1.96911
GBPNZD,2021-08-16,1.9675,1.97504,1.96652,1.9692
GBPNZD,2021-08-17,1.96919,1.99663,1.9687,1.98338
GBPNZD,2021-08-18,1.98336,2.00073,1.97872,1.9992
GBPNZD,2021-08-19,1.99921,2.00734,1.9918,1.99856
GBPNZD,2021-08-20,1.99855,2.00078,1.99112,1.99112
GBPNZD,2021-08-23,1.99075,1.99754,1.98755,1.99069
GBPNZD,2021-08-24,1.99069,1.99368,1.97192,1.97815
GBPNZD,2021-08-25,1.97816,1.97931,1.9694,1.97416
GBPNZD,2021-08-26,1.97413,1.97732,1.96788,1.97263
GBPNZD,2021-08-27,1.97264,1.97661,1.96049,1.96081
GBPNZD,2021-08-30,1.96138,1.9692,1.96138,1.9661
GBPNZD,2021-08-31,1.9661,1.96614,1.94859,1.95009
GBPNZD,2021-09-01,1.95009,1.95555,1.94595,1.94906
GBPNZD,2021-09-02,1.94903,1.95155,1.94075,1.94629
GBPNZD,2021-09-03,1.94627,1.94727,1.93396,1.93571
GBPNZD,2021-09-06,1.93489,1.9416,1.93315,1.93914
GBPNZD,2021-09-07,1.93914,1.94482,1.93395,1.94138
GBPNZD,2021-09-08,1.94133,1.94233,1.9355,1.93947
GBPNZD,2021-09-09,1.93947,1.94815,1.93822,1.94781
GBPNZD,2021-09-10,1.94776,1.95099,1.93889,1.944
GBPNZD,2021-09-13,1.94123,1.94814,1.93828,1.94502
GBPNZD,2021-09-14,1.94503,1.95093,1.94289,1.94618
GBPNZD,2021-09-15,1.94614,1.95039,1.93968,1.94169
GBPNZD,2021-09-16,1.94168,1.95197,1.94131,1.95127
GBPNZD,2021-09-17,1.95127,1.95643,1.94685,1.94952
GBPNZD,2021-09-20,1.95033,1.95385,1.94012,1.94665
GBPNZD,2021-09-21,1.94669,1.95185,1.93964,1.95168
GBPNZD,2021-09-22,1.95166,1.95206,1.93904,1.94768
GBPNZD,2021-09-23,1.94767,1.95116,1.9365,1.942
GBPNZD,2021-09-24,1.942,1.95305,1.9395,1.94821
GBPNZD,2021-09-27,1.94899,1.95793,1.94445,1.95506
GBPNZD,2021-09-28,1.95509,1.96229,1.94232,1.94552
GBPNZD,2021-09-29,1.94552,1.9568,1.9431,1.95365
GBPNZD,2021-09-30,1.9537,1.96106,1.94719,1.95288
GBPNZD,2021-10-01,1.95287,1.95772,1.94919,1.95144
GBPNZD,2021-10-04,1.95153,1.95678,1.94786,1.95443
GBPNZD,2021-10-05,1.95444,1.96121,1.95321,1.95878
GBPNZD,2021-10-06,1.95878,1.9711,1.9521,1.96487
GBPNZD,2021-10-07,1.96491,1.96724,1.95847,1.96281
GBPNZD,2021-10-08,1.96282,1.96857,1.95939,1.96435
GBPNZD,2021-10-11,1.9668,1.97071,1.9551,1.95745
GBPNZD,2021-10-12,1.95746,1.96224,1.95291,1.96067
GBPNZD,2021-10-13,1.96067,1.96581,1.9586,1.96025
GBPNZD,2021-10-14,1.96025,1.96052,1.94104,1.94273
GBPNZD,2021-10-15,1.94273,1.94998,1.93767,1.94241
GBPNZD,2021-10-18,1.94149,1.94724,1.93544,1.93703
GBPNZD,2021-10-19,1.93678,1.93819,1.9247,1.92751
GBPNZD,2021-10-20,1.9275,1.92855,1.91612,1.92003
GBPNZD,2021-10-21,1.92003,1.92958,1.9155,1.92714
GBPNZD,2021-10-22,1.92717,1.93064,1.91751,1.92274
GBPNZD,2021-10-25,1.9211,1.92828,1.91833,1.92062
GBPNZD,2021-10-26,1.92058,1.92636,1.91795,1.92037
GBPNZD,2021-10-27,1.92034,1.92475,1.912,1.91689
GBPNZD,2021-10-28,1.91685,1.91891,1.9114,1.91778
GBPNZD,2021-10-29,1.91781,1.92586,1.90862,1.90895
GBPNZD,2021-11-01,1.90911,1.91053,1.8978,1.90194
GBPNZD,2021-11-02,1.90192,1.91801,1.89956,1.91073
GBPNZD,2021-11-03,1.91073,1.91662,1.90636,1.90822
GBPNZD,2021-11-04,1.90818,1.91398,1.89497,1.90001
GBPNZD,2021-11-05,1.9,1.9059,1.89307,1.89392
GBPNZD,2021-11-08,1.89293,1.89876,1.88513,1.89355
GBPNZD,2021-11-09,1.89351,1.9049,1.8923,1.90321
GBPNZD,2021-11-10,1.90319,1.90892,1.89559,1.89777
GBPNZD,2021-11-11,1.89778,1.91019,1.89668,1.90345
GBPNZD,2021-11-12,1.9035,1.91,1.90228,1.90352
GBPNZD,2021-11-15,1.90381,1.90726,1.89697,1.90386
GBPNZD,2021-11-16,1.90386,1.92145,1.90162,1.92039
GBPNZD,2021-11-17,1.92039,1.92863,1.91531,1.92586
GBPNZD,2021-11-18,1.92584,1.92801,1.9126,1.91688
GBPNZD,2021-11-19,1.91688,1.92292,1.91368,1.92051
GBPNZD,2021-11-22,1.91905,1.92769,1.91407,1.92769
GBPNZD,2021-11-23,1.92769,1.93326,1.92189,1.92368
GBPNZD,2021-11-24,1.9236,1.94261,1.92291,1.93873
GBPNZD,2021-11-25,1.93883,1.94609,1.93509,1.94494
GBPNZD,2021-11-26,1.94494,1.96042,1.94332,1.95263
GBPNZD,2021-11-29,1.95211,1.959,1.94745,1.94915
GBPNZD,2021-11-30,1.94915,1.96327,1.94515,1.94787
GBPNZD,2021-12-01,1.94787,1.95002,1.93963,1.94848
GBPNZD,2021-12-02,1.94848,1.95915,1.94619,1.95229
GBPNZD,2021-12-03,1.9523,1.96217,1.95095,1.96139
GBPNZD,2021-12-06,1.95784,1.96661,1.9567,1.96475
GBPNZD,2021-12-07,1.96476,1.96894,1.94719,1.95158
GBPNZD,2021-12-08,1.95156,1.95448,1.93559,1.93999
GBPNZD,2021-12-09,1.93996,1.94755,1.9353,1.94594
GBPNZD,2021-12-10,1.94593,1.95254,1.94358,1.95142
GBPNZD,2021-12-13,1.94803,1.96323,1.94558,1.95697
GBPNZD,2021-12-14,1.95687,1.96453,1.95279,1.96395
GBPNZD,2021-12-15,1.96396,1.96944,1.95256,1.95643
GBPNZD,2021-12-16,1.95643,1.96146,1.94574,1.95992
GBPNZD,2021-12-17,1.95985,1.96906,1.95941,1.96388
GBPNZD,2021-12-20,1.96234,1.97026,1.96151,1.96768
GBPNZD,2021-12-21,1.96769,1.96887,1.95649,1.96098
GBPNZD,2021-12-22,1.96099,1.96555,1.9551,1.96166
GBPNZD,2021-12-23,1.96166,1.97374,1.95539,1.96499
GBPNZD,2021-12-24,1.965,1.96851,1.95689,1.96521
GBPNZD,2021-12-27,1.96523,1.97618,1.96323,1.97187
GBPNZD,2021-12-28,1.97187,1.97731,1.9692,1.97377
GBPNZD,2021-12-29,1.97371,1.97802,1.97105,1.97325
GBPNZD,2021-12-30,1.97325,1.97858,1.97018,1.976
GBPNZD,2021-12-31,1.97601,1.98021,1.97094,1.97504
GBPUSD,2019-01-01,1.27459,1.27544,1.27227,1.27528
GBPUSD,2019-01-02,1.27528,1.27729,1.2425,1.25149
GBPUSD,2019-01-03,1.25151,1.26472,1.25143,1.26268
GBPUSD,2019-01-04,1.26268,1.27443,1.26157,1.2717
GBPUSD,2019-01-07,1.27187,1.2789,1.27113,1.27849
GBPUSD,2019-01-08,1.27849,1.2797,1.27066,1.27383
GBPUSD,2019-01-09,1.27383,1.28033,1.27157,1.27982
GBPUSD,2019-01-10,1.27984,1.28008,1.27278,1.27526
GBPUSD,2019-01-11,1.27526,1.28655,1.27096,1.28347
GBPUSD,2019-01-14,1.28516,1.29304,1.28187,1.28742
GBPUSD,2019-01-15,1.28742,1.29156,1.26688,1.28707
GBPUSD,2019-01-16,1.28708,1.28971,1.28247,1.28868
GBPUSD,2019-01-17,1.28868,1.30006,1.28319,1.29827
GBPUSD,2019-01-18,1.29828,1.2993,1.28567,1.28696
GBPUSD,2019-01-21,1.28724,1.29105,1.28301,1.28901
GBPUSD,2019-01-22,1.28901,1.29751,1.28549,1.29553
GBPUSD,2019-01-23,1.29553,1.30817,1.2942,1.30816
GBPUSD,2019-01-24,1.30815,1.31281,1.3012,1.31194
GBPUSD,2019-01-25,1.31194,1.32172,1.30616,1.31984
GBPUSD,2019-01-28,1.31837,1.32109,1.31367,1.31598
GBPUSD,2019-01-29,1.31598,1.31995,1.30559,1.30794
GBPUSD,2019-01-30,1.30794,1.31451,1.30539,1.31156
GBPUSD,2019-01-31,1.31156,1.31599,1.30972,1.31082
GBPUSD,2019-02-01,1.31081,1.31147,1.3043,1.30739
GBPUSD,2019-02-04,1.30618,1.31034,1.30262,1.30265
GBPUSD,2019-02-05,1.30265,1.30516,1.29245,1.29566
GBPUSD,2019-02-06,1.29568,1.29791,1.2925,1.29333
GBPUSD,2019-02-07,1.29333,1.29961,1.2854,1.29483
GBPUSD,2019-02-08,1.29483,1.29759,1.29211,1.29441
GBPUSD,2019-02-11,1.29277,1.29386,1.28447,1.28631
GBPUSD,2019-02-12,1.28632,1.29092,1.28325,1.28905
GBPUSD,2019-02-13,1.28902,1.29584,1.28426,1.28542
GBPUSD,2019-02-14,1.28542,1.28774,1.27727,1.27974
GBPUSD,2019-02-15,1.27973,1.28977,1.27844,1.28865
GBPUSD,2019-02-18,1.29028,1.29385,1.28913,1.29226
GBPUSD,2019-02-19,1.29224,1.30728,1.28959,1.30589
GBPUSD,2019-02-20,1.30591,1.31088,1.30117,1.30439
GBPUSD,2019-02-21,1.30437,1.3095,1.30246,1.30401
GBPUSD,2019-02-22,1.304,1.30799,1.2968,1.30494
GBPUSD,2019-02-25,1.30713,1.31485,1.30488,1.31268
GBPUSD,2019-02-26,1.31266,1.32878,1.31221,1.32581
GBPUSD,2019-02-27,1.32586,1.33499,1.3233,1.33172
GBPUSD,2019-02-28,1.33173,1.33192,1.32531,1.32639
GBPUSD,2019-03-01,1.32639,1.32864,1.31716,1.31983
GBPUSD,2019-03-04,1.32446,1.32541,1.31663,1.31779
GBPUSD,2019-03-05,1.31776,1.31985,1.30975,1.31553
GBPUSD,2019-03-06,1.31551,1.31833,1.31237,1.31802
GBPUSD,2019-03-07,1.31802,1.31847,1.30679,1.309
GBPUSD,2019-03-08,1.30899,1.31083,1.29896,1.30111
GBPUSD,2019-03-11,1.29646,1.32889,1.29604,1.32453
GBPUSD,2019-03-12,1.32453,1.32458,1.30046,1.30638
GBPUSD,2019-03-13,1.30636,1.33808,1.30627,1.32863
GBPUSD,2019-03-14,1.32862,1.3331,1.32071,1.3257
GBPUSD,2019-03-15,1.3257,1.33,1.32023,1.32884
GBPUSD,2019-03-18,1.3295,1.32999,1.31841,1.32642
GBPUSD,2019-03-19,1.32642,1.33105,1.32406,1.32688
GBPUSD,2019-03-20,1.32688,1.32689,1.31459,1.32042
GBPUSD,2019-03-21,1.32041,1.32269,1.30039,1.31293
GBPUSD,2019-03-22,1.31293,1.32236,1.30806,1.32058
GBPUSD,2019-03-25,1.32127,1.32456,1.31596,1.32119
GBPUSD,2019-03-26,1.32119,1.32613,1.3157,1.32091
GBPUSD,2019-03-27,1.32091,1.32687,1.3142,1.31514
GBPUSD,2019-03-28,1.31513,1.31982,1.3034,1.30535
GBPUSD,2019-03-29,1.30533,1.31353,1.29776,1.30294
GBPUSD,2019-04-01,1.30368,1.31496,1.30054,1.30669
GBPUSD,2019-04-02,1.3067,1.31492,1.30131,1.31262
GBPUSD,2019-04-03,1.31262,1.31956,1.31207,1.31755
GBPUSD,2019-04-04,1.31755,1.31907,1.30596,1.30728
GBPUSD,2019-04-05,1.30728,1.31216,1.29866,1.30338
GBPUSD,2019-04-08,1.30337,1.30739,1.30197,1.30603
GBPUSD,2019-04-09,1.30605,1.3121,1.30302,1.30543
GBPUSD,2019-04-10,1.30544,1.31198,1.30474,1.30971
GBPUSD,2019-04-11,1.30971,1.3109,1.30501,1.30544
GBPUSD,2019-04-12,1.30543,1.31325,1.30502,1.30634
GBPUSD,2019-04-15,1.30737,1.31188,1.30691,1.3099
GBPUSD,2019-04-16,1.3099,1.31003,1.30389,1.30435
GBPUSD,2019-04-17,1.30436,1.30669,1.30283,1.30377
GBPUSD,2019-04-18,1.30377,1.30522,1.29784,1.29909
GBPUSD,2019-04-19,1.29913,1.30092,1.29783,1.29815
GBPUSD,2019-04-22,1.29892,1.29976,1.2975,1.29803
GBPUSD,2019-04-23,1.29805,1.30188,1.29277,1.29369
GBPUSD,2019-04-24,1.29369,1.29635,1.28875,1.29024
GBPUSD,2019-04-25,1.29023,1.29163,1.28654,1.28938
GBPUSD,2019-04-26,1.28938,1.29433,1.28744,1.29106
GBPUSD,2019-04-29,1.29137,1.29467,1.29046,1.29313
GBPUSD,2019-04-30,1.29313,1.30485,1.2926,1.30393
GBPUSD,2019-05-01,1.3039,1.3102,1.30336,1.30527
GBPUSD,2019-05-02,1.30527,1.30801,1.30178,1.30312
GBPUSD,2019-05-03,1.30314,1.31762,1.2988,1.31694
GBPUSD,2019-05-06,1.31388,1.31704,1.3081,1.30968
GBPUSD,2019-05-07,1.3097,1.3131,1.30392,1.30671
GBPUSD,2019-05-08,1.30669,1.308,1.29868,1.30076
GBPUSD,2019-05-09,1.30076,1.30355,1.29673,1.30084
GBPUSD,2019-05-10,1.30087,1.30471,1.29908,1.29997
GBPUSD,2019-05-13,1.29924,1.30407,1.29409,1.2963
GBPUSD,2019-05-14,1.29629,1.29703,1.2903,1.29059
GBPUSD,2019-05-15,1.2906,1.29229,1.2826,1.2846
GBPUSD,2019-05-16,1.28459,1.28515,1.27878,1.27961
GBPUSD,2019-05-17,1.27961,1.27967,1.27118,1.2715
GBPUSD,2019-05-20,1.27331,1.27571,1.27144,1.27273
GBPUSD,2019-05-21,1.27273,1.28137,1.26849,1.27066
GBPUSD,2019-05-22,1.27066,1.27193,1.26239,1.26631
GBPUSD,2019-05-23,1.26629,1.26836,1.26049,1.26626
GBPUSD,2019-05-24,1.26626,1.27323,1.26471,1.27111
GBPUSD,2019-05-27,1.27257,1.27476,1.2667,1.26804
GBPUSD,2019-05-28,1.26803,1.2702,1.265,1.26583
GBPUSD,2019-05-29,1.26582,1.2671,1.26115,1.26285
GBPUSD,2019-05-30,1.26287,1.26401,1.25803,1.26059
GBPUSD,2019-05-31,1.2606,1.26443,1.2559,1.26291
GBPUSD,2019-06-03,1.26277,1.26738,1.26102,1.26632
GBPUSD,2019-06-04,1.26631,1.27142,1.26418,1.27029
GBPUSD,2019-06-05,1.27029,1.27436,1.26755,1.26873
GBPUSD,2019-06-06,1.26872,1.27419,1.26685,1.26942
GBPUSD,2019-06-07,1.26942,1.27627,1.26882,1.27354
GBPUSD,2019-06-10,1.27197,1.27357,1.26527,1.26901
GBPUSD,2019-06-11,1.269,1.27319,1.26699,1.27237
GBPUSD,2019-06-12,1.27238,1.27583,1.26811,1.26921
GBPUSD,2019-06-13,1.2692,1.27077,1.26618,1.26788
GBPUSD,2019-06-14,1.26786,1.26818,1.25796,1.25891
GBPUSD,2019-06-17,1.25784,1.26054,1.25304,1.25408
GBPUSD,2019-06-18,1.2541,1.25686,1.25058,1.25655
GBPUSD,2019-06-19,1.25655,1.26733,1.25423,1.26526
GBPUSD,2019-06-20,1.26526,1.27264,1.26515,1.27071
GBPUSD,2019-06-21,1.27072,1.27462,1.26421,1.27403
GBPUSD,2019-06-24,1.2729,1.27665,1.27077,1.27383
GBPUSD,2019-06-25,1.27384,1.27836,1.26715,1.269
GBPUSD,2019-06-26,1.26897,1.27071,1.26622,1.26947
GBPUSD,2019-06-27,1.26947,1.27247,1.26596,1.26732
GBPUSD,2019-06-28,1.26732,1.27345,1.2665,1.26916
GBPUSD,2019-07-01,1.26968,1.27053,1.26316,1.2644
GBPUSD,2019-07-02,1.26443,1.26455,1.25837,1.25972
GBPUSD,2019-07-03,1.25972,1.26,1.2557,1.25824
GBPUSD,2019-07-04,1.25824,1.25911,1.25683,1.25825
GBPUSD,2019-07-05,1.25824,1.25873,1.24808,1.25209
GBPUSD,2019-07-08,1.25251,1.25396,1.24996,1.25151
GBPUSD,2019-07-09,1.25144,1.25181,1.24393,1.24573
GBPUSD,2019-07-10,1.24572,1.25206,1.24435,1.25056
GBPUSD,2019-07-11,1.25056,1.25713,1.25049,1.25202
GBPUSD,2019-07-12,1.25206,1.25786,1.25199,1.25705
GBPUSD,2019-07-15,1.25515,1.25781,1.25099,1.25158
GBPUSD,2019-07-16,1.2516,1.25192,1.23959,1.24093
GBPUSD,2019-07-17,1.24093,1.24562,1.23816,1.24335
GBPUSD,2019-07-18,1.24335,1.25581,1.24276,1.25422
GBPUSD,2019-07-19,1.25423,1.25545,1.24757,1.24972
GBPUSD,2019-07-22,1.24746,1.25193,1.24551,1.24717
GBPUSD,2019-07-23,1.2472,1.24815,1.24174,1.2437
GBPUSD,2019-07-24,1.24368,1.2522,1.24263,1.24848
GBPUSD,2019-07-25,1.24847,1.25174,1.24365,1.24525
GBPUSD,2019-07-26,1.24524,1.24591,1.23757,1.23805
GBPUSD,2019-07-29,1.23737,1.23828,1.2212,1.22161
GBPUSD,2019-07-30,1.22161,1.22212,1.21185,1.21569
GBPUSD,2019-07-31,1.21571,1.22491,1.21334,1.21526
GBPUSD,2019-08-01,1.21527,1.21713,1.20791,1.21231
GBPUSD,2019-08-02,1.21231,1.21692,1.20898,1.21572
GBPUSD,2019-08-05,1.21579,1.21882,1.21013,1.2156
GBPUSD,2019-08-06,1.21557,1.22093,1.21365,1.21698
GBPUSD,2019-08-07,1.21699,1.21906,1.21207,1.21394
GBPUSD,2019-08-08,1.21394,1.21825,1.20949,1.2142
GBPUSD,2019-08-09,1.2142,1.21475,1.20214,1.20214
GBPUSD,2019-08-12,1.20448,1.21063,1.20148,1.20767
GBPUSD,2019-08-13,1.20768,1.20975,1.20416,1.20622
GBPUSD,2019-08-14,1.20623,1.21006,1.20444,1.20594
GBPUSD,2019-08-15,1.20593,1.21503,1.20502,1.20902
GBPUSD,2019-08-16,1.20904,1.21753,1.2081,1.21425
GBPUSD,2019-08-19,1.21533,1.21725,1.21044,1.21275
GBPUSD,2019-08-20,1.21276,1.21796,1.20639,1.21613
GBPUSD,2019-08-21,1.21614,1.21748,1.2112,1.21314
GBPUSD,2019-08-22,1.21312,1.2273,1.21081,1.22509
GBPUSD,2019-08-23,1.22504,1.22935,1.21941,1.22824
GBPUSD,2019-08-26,1.22649,1.22856,1.22075,1.22214
GBPUSD,2019-08-27,1.22213,1.23097,1.22085,1.22802
GBPUSD,2019-08-28,1.22803,1.22874,1.21556,1.22174
GBPUSD,2019-08-29,1.22173,1.22321,1.21719,1.21831
GBPUSD,2019-08-30,1.21834,1.22255,1.21389,1.21573
GBPUSD,2019-09-02,1.21472,1.21743,1.20355,1.20642
GBPUSD,2019-09-03,1.20642,1.21052,1.19581,1.20901
GBPUSD,2019-09-04,1.20901,1.22592,1.20842,1.22454
GBPUSD,2019-09-05,1.22454,1.23537,1.22097,1.23241
GBPUSD,2019-09-06,1.23242,1.23431,1.22791,1.228
GBPUSD,2019-09-09,1.22703,1.23853,1.2233,1.23451
GBPUSD,2019-09-10,1.23449,1.23792,1.23066,1.23571
GBPUSD,2019-09-11,1.23569,1.23706,1.23121,1.2334
GBPUSD,2019-09-12,1.23337,1.23663,1.2283,1.23282
GBPUSD,2019-09-13,1.23288,1.25056,1.23267,1.24974
GBPUSD,2019-09-16,1.24741,1.25037,1.23988,1.24249
GBPUSD,2019-09-17,1.24248,1.25271,1.23921,1.2501
GBPUSD,2019-09-18,1.25009,1.2512,1.24388,1.24686
GBPUSD,2019-09-19,1.24688,1.256,1.24379,1.25225
GBPUSD,2019-09-20,1.25225,1.25821,1.24592,1.24751
GBPUSD,2019-09-23,1.24657,1.24903,1.24126,1.24327
GBPUSD,2019-09-24,1.24326,1.25028,1.24139,1.24848
GBPUSD,2019-09-25,1.24848,1.2487,1.23438,1.23581
GBPUSD,2019-09-26,1.23582,1.23801,1.23023,1.2328
GBPUSD,2019-09-27,1.2328,1.23362,1.22707,1.22851
GBPUSD,2019-09-30,1.22901,1.23458,1.22754,1.22888
GBPUSD,2019-10-01,1.22889,1.23389,1.22044,1.2291
GBPUSD,2019-10-02,1.22912,1.23241,1.22266,1.2304
GBPUSD,2019-10-03,1.23039,1.24127,1.22653,1.23408
GBPUSD,2019-10-04,1.23406,1.23567,1.22758,1.23291
GBPUSD,2019-10-07,1.23068,1.23364,1.22835,1.22868
GBPUSD,2019-10-08,1.22872,1.23021,1.21949,1.22194
GBPUSD,2019-10-09,1.22193,1.22913,1.21975,1.22113
GBPUSD,2019-10-10,1.22113,1.24687,1.22082,1.24298
GBPUSD,2019-10-11,1.24298,1.2707,1.24069,1.26408
GBPUSD,2019-10-14,1.26242,1.26496,1.25156,1.26082
GBPUSD,2019-10-15,1.26079,1.2799,1.26024,1.27592
GBPUSD,2019-10-16,1.27592,1.28772,1.26556,1.28187
GBPUSD,2019-10-17,1.28188,1.29892,1.2749,1.28641
GBPUSD,2019-10-18,1.28642,1.29849,1.28391,1.29802
GBPUSD,2019-10-21,1.29498,1.3012,1.28742,1.29709
GBPUSD,2019-10-22,1.29709,1.29999,1.28616,1.28829
GBPUSD,2019-10-23,1.28829,1.29214,1.28407,1.29203
GBPUSD,2019-10-24,1.29201,1.295,1.2788,1.28382
GBPUSD,2019-10-25,1.28382,1.28627,1.2804,1.28234
GBPUSD,2019-10-28,1.28111,1.28761,1.28106,1.28557
GBPUSD,2019-10-29,1.28555,1.29047,1.28062,1.28644
GBPUSD,2019-10-30,1.28644,1.29073,1.28448,1.2901
GBPUSD,2019-10-31,1.2901,1.29756,1.29009,1.29383
GBPUSD,2019-11-01,1.29383,1.29723,1.29269,1.29368
GBPUSD,2019-11-04,1.29268,1.29424,1.28758,1.28886
GBPUSD,2019-11-05,1.28883,1.29172,1.28587,1.28798
GBPUSD,2019-11-06,1.28797,1.2897,1.28437,1.28551
GBPUSD,2019-11-07,1.28551,1.28777,1.27938,1.28194
GBPUSD,2019-11-08,1.28193,1.28226,1.27684,1.27714
GBPUSD,2019-11-11,1.27978,1.28981,1.27853,1.28533
GBPUSD,2019-11-12,1.28533,1.28735,1.28151,1.28502
GBPUSD,2019-11-13,1.28501,1.28588,1.28216,1.2853
GBPUSD,2019-11-14,1.2853,1.28882,1.28245,1.28815
GBPUSD,2019-11-15,1.28813,1.29189,1.28671,1.28998
GBPUSD,2019-11-18,1.29239,1.29854,1.29093,1.29488
GBPUSD,2019-11-19,1.29484,1.29697,1.29101,1.2928
GBPUSD,2019-11-20,1.29279,1.29287,1.28872,1.29252
GBPUSD,2019-11-21,1.29252,1.29699,1.28929,1.29188
GBPUSD,2019-11-22,1.29187,1.29284,1.28232,1.28283
GBPUSD,2019-11-25,1.28554,1.29115,1.28406,1.28959
GBPUSD,2019-11-26,1.28957,1.29031,1.28348,1.286
GBPUSD,2019-11-27,1.286,1.29501,1.28271,1.2929
GBPUSD,2019-11-28,1.29295,1.29506,1.28991,1.29114
GBPUSD,2019-11-29,1.29111,1.29419,1.28787,1.29132
GBPUSD,2019-12-02,1.29093,1.29487,1.28959,1.29393
GBPUSD,2019-12-03,1.29392,1.30115,1.29302,1.29965
GBPUSD,2019-12-04,1.29966,1.31204,1.29822,1.31086
GBPUSD,2019-12-05,1.31088,1.31662,1.3105,1.31574
GBPUSD,2019-12-06,1.31576,1.3165,1.31003,1.31319
GBPUSD,2019-12-09,1.3134,1.31804,1.31327,1.31453
GBPUSD,2019-12-10,1.31452,1.32151,1.31067,1.31287
GBPUSD,2019-12-11,1.31287,1.32136,1.31114,1.31992
GBPUSD,2019-12-12,1.31992,1.35149,1.30503,1.34728
GBPUSD,2019-12-13,1.34728,1.35075,1.33053,1.33266
GBPUSD,2019-12-16,1.33349,1.34218,1.32351,1.3267
GBPUSD,2019-12-17,1.32672,1.33006,1.3099,1.31217
GBPUSD,2019-12-18,1.31218,1.31289,1.30594,1.30842
GBPUSD,2019-12-19,1.30842,1.3133,1.29897,1.30167
GBPUSD,2019-12-20,1.30166,1.30791,1.29783,1.29952
GBPUSD,2019-12-23,1.30019,1.30317,1.29045,1.29432
GBPUSD,2019-12-24,1.29432,1.29702,1.29085,1.29301
GBPUSD,2019-12-25,1.293,1.29733,1.29275,1.29694
GBPUSD,2019-12-26,1.29694,1.30156,1.29596,1.30008
GBPUSD,2019-12-27,1.30008,1.31169,1.2968,1.30758
GBPUSD,2019-12-30,1.30848,1.315,1.30576,1.31109
GBPUSD,2019-12-31,1.31107,1.3284,1.31054,1.32559
GBPUSD,2020-01-01,1.32463,1.32608,1.32457,1.32497
GBPUSD,2020-01-02,1.32497,1.32661,1.31152,1.31467
GBPUSD,2020-01-03,1.31466,1.316,1.30531,1.30787
GBPUSD,2020-01-06,1.30808,1.31785,1.30633,1.31711
GBPUSD,2020-01-07,1.31708,1.3212,1.30948,1.31134
GBPUSD,2020-01-08,1.31135,1.31694,1.30799,1.31051
GBPUSD,2020-01-09,1.31047,1.31233,1.30126,1.30691
GBPUSD,2020-01-10,1.30691,1.30968,1.30422,1.30569
GBPUSD,2020-01-13,1.30347,1.3045,1.29608,1.29859
GBPUSD,2020-01-14,1.29858,1.30329,1.29542,1.30211
GBPUSD,2020-01-15,1.30211,1.30582,1.2985,1.30392
GBPUSD,2020-01-16,1.30395,1.30828,1.30252,1.3076
GBPUSD,2020-01-17,1.30758,1.31184,1.3005,1.30058
GBPUSD,2020-01-20,1.29915,1.30132,1.29617,1.30035
GBPUSD,2020-01-21,1.30037,1.30831,1.29952,1.30451
GBPUSD,2020-01-22,1.30451,1.31525,1.30343,1.31435
GBPUSD,2020-01-23,1.31435,1.31508,1.30966,1.31186
GBPUSD,2020-01-24,1.31185,1.31739,1.30565,1.30701
GBPUSD,2020-01-27,1.30799,1.3105,1.30395,1.30588
GBPUSD,2020-01-28,1.30588,1.30649,1.29752,1.30231
GBPUSD,2020-01-29,1.3023,1.30273,1.29892,1.30207
GBPUSD,2020-01-30,1.30207,1.31099,1.29773,1.30846
GBPUSD,2020-01-31,1.30846,1.3209,1.30835,1.32014
GBPUSD,2020-02-03,1.31766,1.31837,1.29827,1.29963
GBPUSD,2020-02-04,1.29963,1.30464,1.2941,1.30302
GBPUSD,2020-02-05,1.30302,1.30697,1.2956,1.29949
GBPUSD,2020-02-06,1.29949,1.29986,1.29211,1.29299
GBPUSD,2020-02-07,1.29296,1.29589,1.28813,1.28818
GBPUSD,2020-02-10,1.28843,1.29459,1.28716,1.29154
GBPUSD,2020-02-11,1.29154,1.29679,1.28941,1.29557
GBPUSD,2020-02-12,1.29554,1.29914,1.29511,1.29573
GBPUSD,2020-02-13,1.29574,1.30693,1.29439,1.30447
GBPUSD,2020-02-14,1.30445,1.30634,1.30009,1.30455
GBPUSD,2020-02-17,1.30324,1.30537,1.29977,1.30055
GBPUSD,2020-02-18,1.30055,1.30486,1.29705,1.29987
GBPUSD,2020-02-19,1.29987,1.30229,1.29072,1.29255
GBPUSD,2020-02-20,1.29255,1.29281,1.28488,1.28803
GBPUSD,2020-02-21,1.28803,1.29806,1.28785,1.29529
GBPUSD,2020-02-24,1.29449,1.29543,1.28864,1.29239
GBPUSD,2020-02-25,1.29238,1.30179,1.2914,1.3002
GBPUSD,2020-02-26,1.3002,1.30077,1.28927,1.29054
GBPUSD,2020-02-27,1.29055,1.29462,1.28599,1.2887
GBPUSD,2020-02-28,1.2887,1.29195,1.27255,1.28125
GBPUSD,2020-03-02,1.27879,1.28503,1.27387,1.2766
GBPUSD,2020-03-03,1.2766,1.28438,1.27581,1.28194
GBPUSD,2020-03-04,1.28195,1.28725,1.27698,1.28707
GBPUSD,2020-03-05,1.28707,1.29683,1.28603,1.29487
GBPUSD,2020-03-06,1.29489,1.30517,1.29488,1.30459
GBPUSD,2020-03-09,1.30726,1.32003,1.30342,1.30726
GBPUSD,2020-03-10,1.30727,1.30884,1.28654,1.29048
GBPUSD,2020-03-11,1.29048,1.29765,1.28035,1.28168
GBPUSD,2020-03-12,1.28166,1.28487,1.24899,1.25708
GBPUSD,2020-03-13,1.25706,1.2624,1.22597,1.22673
GBPUSD,2020-03-16,1.22617,1.24214,1.22015,1.22655
GBPUSD,2020-03-17,1.22655,1.22695,1.20009,1.21152
GBPUSD,2020-03-18,1.21155,1.21294,1.14497,1.1608
GBPUSD,2020-03-19,1.16084,1.1793,1.14095,1.14901
GBPUSD,2020-03-20,1.149,1.19334,1.14755,1.16301
GBPUSD,2020-03-23,1.16693,1.17133,1.14462,1.15948
GBPUSD,2020-03-24,1.15945,1.17989,1.15792,1.17884
GBPUSD,2020-03-25,1.17884,1.1973,1.16383,1.18466
GBPUSD,2020-03-26,1.18466,1.22292,1.18182,1.21914
GBPUSD,2020-03-27,1.21924,1.24851,1.21436,1.24448
GBPUSD,2020-03-30,1.24283,1.24656,1.23166,1.23673
GBPUSD,2020-03-31,1.23673,1.24725,1.22419,1.24047
GBPUSD,2020-04-01,1.24047,1.2438,1.23297,1.23797
GBPUSD,2020-04-02,1.23797,1.24751,1.23482,1.23904
GBPUSD,2020-04-03,1.23904,1.23949,1.22051,1.2264
GBPUSD,2020-04-06,1.22296,1.23269,1.21645,1.22303
GBPUSD,2020-04-07,1.22303,1.23839,1.22177,1.2336
GBPUSD,2020-04-08,1.23359,1.24192,1.22876,1.23902
GBPUSD,2020-04-09,1.23902,1.24829,1.23602,1.24524
GBPUSD,2020-04-10,1.24524,1.24862,1.24419,1.24449
GBPUSD,2020-04-13,1.24506,1.25364,1.24455,1.25195
GBPUSD,2020-04-14,1.25193,1.2647,1.25088,1.26241
GBPUSD,2020-04-15,1.26242,1.26242,1.24365,1.25178
GBPUSD,2020-04-16,1.25177,1.25243,1.24075,1.24867
GBPUSD,2020-04-17,1.24864,1.25219,1.24065,1.24939
GBPUSD,2020-04-20,1.24935,1.24996,1.24162,1.24396
GBPUSD,2020-04-21,1.24395,1.24415,1.22469,1.23006
GBPUSD,2020-04-22,1.23004,1.23856,1.22742,1.23216
GBPUSD,2020-04-23,1.23216,1.24146,1.23076,1.23513
GBPUSD,2020-04-24,1.2351,1.23769,1.22978,1.23654
GBPUSD,2020-04-27,1.23627,1.24543,1.23593,1.24207
GBPUSD,2020-04-28,1.24204,1.2518,1.24034,1.24341
GBPUSD,2020-04-29,1.24342,1.24851,1.23886,1.24696
GBPUSD,2020-04-30,1.24696,1.26429,1.24284,1.25805
GBPUSD,2020-05-01,1.25805,1.25812,1.24828,1.24869
GBPUSD,2020-05-04,1.24851,1.24868,1.2405,1.24445
GBPUSD,2020-05-05,1.24446,1.24835,1.242,1.24432
GBPUSD,2020-05-06,1.24435,1.24498,1.2322,1.23236
GBPUSD,2020-05-07,1.23237,1.24181,1.22657,1.23732
GBPUSD,2020-05-08,1.23732,1.24667,1.23559,1.24033
GBPUSD,2020-05-11,1.23965,1.24372,1.22828,1.23311
GBPUSD,2020-05-12,1.23309,1.23778,1.22508,1.2251
GBPUSD,2020-05-13,1.22512,1.23396,1.22096,1.22379
GBPUSD,2020-05-14,1.22379,1.22408,1.21653,1.22331
GBPUSD,2020-05-15,1.2233,1.22385,1.20998,1.21003
GBPUSD,2020-05-18,1.20824,1.22271,1.20745,1.21994
GBPUSD,2020-05-19,1.21994,1.22961,1.21834,1.22551
GBPUSD,2020-05-20,1.22554,1.22874,1.2221,1.22359
GBPUSD,2020-05-21,1.22363,1.22494,1.21853,1.22217
GBPUSD,2020-05-22,1.22218,1.22334,1.21613,1.21665
GBPUSD,2020-05-25,1.21734,1.22032,1.21635,1.22015
GBPUSD,2020-05-26,1.22015,1.23628,1.21968,1.23313
GBPUSD,2020-05-27,1.23314,1.23538,1.22043,1.22625
GBPUSD,2020-05-28,1.22627,1.23443,1.22335,1.23182
GBPUSD,2020-05-29,1.23178,1.23939,1.22903,1.23454
GBPUSD,2020-06-01,1.23236,1.25065,1.23235,1.24856
GBPUSD,2020-06-02,1.24856,1.25831,1.24782,1.25801
GBPUSD,2020-06-03,1.25801,1.26149,1.25532,1.25734
GBPUSD,2020-06-04,1.25735,1.2633,1.25004,1.26054
GBPUSD,2020-06-05,1.26054,1.27309,1.25825,1.26656
GBPUSD,2020-06-08,1.26767,1.27403,1.26276,1.2734
GBPUSD,2020-06-09,1.2734,1.27554,1.2618,1.2709
GBPUSD,2020-06-10,1.27089,1.28127,1.27059,1.2711
GBPUSD,2020-06-11,1.27113,1.27502,1.25696,1.25724
GBPUSD,2020-06-12,1.25723,1.2653,1.24734,1.25396
GBPUSD,2020-06-15,1.25112,1.26379,1.2454,1.26373
GBPUSD,2020-06-16,1.26376,1.26871,1.25523,1.25816
GBPUSD,2020-06-17,1.25817,1.25885,1.25105,1.25495
GBPUSD,2020-06-18,1.25496,1.25625,1.24013,1.2424
GBPUSD,2020-06-19,1.24241,1.24556,1.23424,1.23476
GBPUSD,2020-06-22,1.23419,1.25071,1.2335,1.24999
GBPUSD,2020-06-23,1.24999,1.25317,1.24317,1.25241
GBPUSD,2020-06-24,1.25244,1.25425,1.24108,1.24118
GBPUSD,2020-06-25,1.2412,1.24639,1.23886,1.24239
GBPUSD,2020-06-26,1.24242,1.24365,1.23142,1.23343
GBPUSD,2020-06-29,1.23442,1.23892,1.22514,1.23104
GBPUSD,2020-06-30,1.23105,1.24015,1.22573,1.23874
GBPUSD,2020-07-01,1.23874,1.24902,1.23592,1.24637
GBPUSD,2020-07-02,1.24636,1.25298,1.2456,1.24656
GBPUSD,2020-07-03,1.24655,1.24879,1.24377,1.24798
GBPUSD,2020-07-06,1.2464,1.25201,1.24536,1.24944
GBPUSD,2020-07-07,1.24943,1.25921,1.24622,1.25404
GBPUSD,2020-07-08,1.25406,1.2623,1.25084,1.26125
GBPUSD,2020-07-09,1.26124,1.26691,1.2598,1.26049
GBPUSD,2020-07-10,1.26049,1.26638,1.25666,1.26202
GBPUSD,2020-07-13,1.26126,1.2666,1.255,1.25514
GBPUSD,2020-07-14,1.25513,1.25743,1.24797,1.25684
GBPUSD,2020-07-15,1.25686,1.26493,1.25633,1.25903
GBPUSD,2020-07-16,1.25902,1.26248,1.25196,1.2558
GBPUSD,2020-07-17,1.25583,1.25742,1.25115,1.25654
GBPUSD,2020-07-20,1.25449,1.26652,1.25178,1.26607
GBPUSD,2020-07-21,1.26607,1.27679,1.26499,1.27317
GBPUSD,2020-07-22,1.27322,1.27435,1.26436,1.27266
GBPUSD,2020-07-23,1.27268,1.27598,1.26726,1.27294
GBPUSD,2020-07-24,1.27294,1.28033,1.27168,1.27926
GBPUSD,2020-07-27,1.27903,1.29028,1.2774,1.28878
GBPUSD,2020-07-28,1.28878,1.29525,1.28379,1.29238
GBPUSD,2020-07-29,1.29238,1.30133,1.29116,1.29786
GBPUSD,2020-07-30,1.29786,1.31199,1.29441,1.3115
GBPUSD,2020-07-31,1.3115,1.31699,1.30701,1.30836
GBPUSD,2020-08-03,1.30755,1.31124,1.30044,1.30776
GBPUSD,2020-08-04,1.30774,1.31078,1.29809,1.30843
GBPUSD,2020-08-05,1.30845,1.31612,1.30575,1.31247
GBPUSD,2020-08-06,1.31248,1.31855,1.31183,1.31368
GBPUSD,2020-08-07,1.31369,1.31472,1.30092,1.30509
GBPUSD,2020-08-10,1.30535,1.31031,1.30187,1.3076
GBPUSD,2020-08-11,1.3076,1.31316,1.30412,1.30507
GBPUSD,2020-08-12,1.30508,1.30674,1.3005,1.30456
GBPUSD,2020-08-13,1.30458,1.31246,1.30429,1.30695
GBPUSD,2020-08-14,1.30695,1.31423,1.30479,1.30829
GBPUSD,2020-08-17,1.3091,1.31216,1.30738,1.31058
GBPUSD,2020-08-18,1.31058,1.32542,1.31054,1.32524
GBPUSD,2020-08-19,1.32522,1.32671,1.3091,1.31092
GBPUSD,2020-08-20,1.31091,1.32245,1.30641,1.3218
GBPUSD,2020-08-21,1.32181,1.32549,1.30588,1.30881
GBPUSD,2020-08-24,1.30798,1.31489,1.30532,1.30702
GBPUSD,2020-08-25,1.30703,1.31703,1.30585,1.31496
GBPUSD,2020-08-26,1.31495,1.32195,1.31168,1.32187
GBPUSD,2020-08-27,1.32188,1.32844,1.31606,1.31998
GBPUSD,2020-08-28,1.31997,1.33562,1.31858,1.33488
GBPUSD,2020-08-31,1.33328,1.33952,1.33008,1.33629
GBPUSD,2020-09-01,1.33631,1.34821,1.3356,1.33996
GBPUSD,2020-09-02,1.33994,1.34004,1.32829,1.33474
GBPUSD,2020-09-03,1.33475,1.33477,1.32421,1.32632
GBPUSD,2020-09-04,1.32634,1.33187,1.31756,1.32782
GBPUSD,2020-09-07,1.32468,1.32657,1.31401,1.31603
GBPUSD,2020-09-08,1.31603,1.31654,1.29496,1.29641
GBPUSD,2020-09-09,1.29646,1.30231,1.28845,1.29981
GBPUSD,2020-09-10,1.2998,1.30347,1.27731,1.28066
GBPUSD,2020-09-11,1.28068,1.28654,1.27621,1.27942
GBPUSD,2020-09-14,1.27733,1.29191,1.27664,1.2848
GBPUSD,2020-09-15,1.28481,1.2926,1.28143,1.28829
GBPUSD,2020-09-16,1.28826,1.3007,1.28748,1.296
GBPUSD,2020-09-17,1.29601,1.29986,1.28645,1.29747
GBPUSD,2020-09-18,1.29746,1.29996,1.29139,1.29143
GBPUSD,2020-09-21,1.29237,1.29663,1.2775,1.28174
GBPUSD,2020-09-22,1.28174,1.28669,1.27105,1.27423
GBPUSD,2020-09-23,1.27423,1.27768,1.26748,1.27134
GBPUSD,2020-09-24,1.27133,1.2781,1.26903,1.27555
GBPUSD,2020-09-25,1.27554,1.28054,1.26871,1.27395
GBPUSD,2020-09-28,1.27617,1.29298,1.27508,1.28729
GBPUSD,2020-09-29,1.28731,1.29026,1.28222,1.28644
GBPUSD,2020-09-30,1.28643,1.29424,1.28052,1.29157
GBPUSD,2020-10-01,1.29159,1.29782,1.28191,1.28852
GBPUSD,2020-10-02,1.28853,1.29537,1.28365,1.29274
GBPUSD,2020-10-05,1.29337,1.29934,1.28994,1.29924
GBPUSD,2020-10-06,1.29924,1.3007,1.28662,1.28832
GBPUSD,2020-10-07,1.28832,1.29293,1.2845,1.29157
GBPUSD,2020-10-08,1.29157,1.297,1.28908,1.2939
GBPUSD,2020-10-09,1.29388,1.30486,1.29208,1.30433
GBPUSD,2020-10-12,1.30234,1.30825,1.30051,1.30641
GBPUSD,2020-10-13,1.30641,1.30676,1.29215,1.29342
GBPUSD,2020-10-14,1.29342,1.30641,1.28623,1.30113
GBPUSD,2020-10-15,1.30116,1.30297,1.28901,1.29031
GBPUSD,2020-10-16,1.29031,1.29619,1.28618,1.29082
GBPUSD,2020-10-19,1.28924,1.3024,1.2892,1.29471
GBPUSD,2020-10-20,1.29472,1.29796,1.2911,1.29556
GBPUSD,2020-10-21,1.29558,1.31766,1.29536,1.31288
GBPUSD,2020-10-22,1.31287,1.31497,1.30702,1.30774
GBPUSD,2020-10-23,1.30776,1.31223,1.30187,1.30391
GBPUSD,2020-10-26,1.30563,1.30745,1.29925,1.30151
GBPUSD,2020-10-27,1.30151,1.30794,1.30008,1.30302
GBPUSD,2020-10-28,1.30301,1.30632,1.29162,1.29887
GBPUSD,2020-10-29,1.29886,1.30254,1.28804,1.29307
GBPUSD,2020-10-30,1.29307,1.29879,1.28987,1.29472
GBPUSD,2020-11-02,1.29243,1.29424,1.28538,1.29215
GBPUSD,2020-11-03,1.29213,1.31307,1.29146,1.31189
GBPUSD,2020-11-04,1.31186,1.31397,1.2914,1.29653
GBPUSD,2020-11-05,1.29656,1.31567,1.29389,1.31378
GBPUSD,2020-11-06,1.31377,1.31769,1.30922,1.31477
GBPUSD,2020-11-09,1.31592,1.32078,1.31179,1.31684
GBPUSD,2020-11-10,1.31683,1.32778,1.31568,1.32607
GBPUSD,2020-11-11,1.32605,1.33132,1.31908,1.32232
GBPUSD,2020-11-12,1.32229,1.32281,1.31061,1.31204
GBPUSD,2020-11-13,1.31205,1.31996,1.31088,1.31983
GBPUSD,2020-11-16,1.3166,1.3242,1.31652,1.3221
GBPUSD,2020-11-17,1.32211,1.32725,1.31928,1.3256
GBPUSD,2020-11-18,1.3256,1.33121,1.32435,1.32512
GBPUSD,2020-11-19,1.32509,1.32787,1.31957,1.32468
GBPUSD,2020-11-20,1.3247,1.32975,1.3247,1.32817
GBPUSD,2020-11-23,1.32927,1.33975,1.32633,1.33257
GBPUSD,2020-11-24,1.33256,1.33801,1.32927,1.33612
GBPUSD,2020-11-25,1.33612,1.33931,1.33038,1.33827
GBPUSD,2020-11-26,1.33829,1.33975,1.33217,1.33528
GBPUSD,2020-11-27,1.3353,1.33814,1.32875,1.33068
GBPUSD,2020-11-30,1.3331,1.33846,1.33048,1.33348
GBPUSD,2020-12-01,1.33351,1.3442,1.33153,1.3421
GBPUSD,2020-12-02,1.3422,1.34409,1.32872,1.33678
GBPUSD,2020-12-03,1.33681,1.34997,1.33528,1.34515
GBPUSD,2020-12-04,1.34515,1.35391,1.34098,1.34332
GBPUSD,2020-12-07,1.34092,1.34373,1.32243,1.33548
GBPUSD,2020-12-08,1.3355,1.33932,1.32896,1.33643
GBPUSD,2020-12-09,1.33642,1.34778,1.33235,1.3365
GBPUSD,2020-12-10,1.33652,1.33894,1.3245,1.33015
GBPUSD,2020-12-11,1.33016,1.33239,1.31339,1.32203
GBPUSD,2020-12-14,1.33603,1.34451,1.32897,1.33249
GBPUSD,2020-12-15,1.33248,1.34688,1.32798,1.34465
GBPUSD,2020-12-16,1.34466,1.35545,1.34339,1.35019
GBPUSD,2020-12-17,1.35018,1.36244,1.34948,1.35681
GBPUSD,2020-12-18,1.35691,1.3573,1.34712,1.35142
GBPUSD,2020-12-21,1.34004,1.34995,1.31875,1.34466
GBPUSD,2020-12-22,1.34465,1.34569,1.33036,1.3401
GBPUSD,2020-12-23,1.34009,1.35704,1.33704,1.35122
GBPUSD,2020-12-24,1.35123,1.36188,1.35021,1.35357
GBPUSD,2020-12-25,1.35357,1.3587,1.35308,1.35408
GBPUSD,2020-12-28,1.35452,1.35753,1.3429,1.3464
GBPUSD,2020-12-29,1.34639,1.35224,1.34591,1.34967
GBPUSD,2020-12-30,1.34967,1.363,1.34927,1.36286
GBPUSD,2020-12-31,1.36286,1.36859,1.36037,1.3663
GBPUSD,2021-01-04,1.36455,1.37039,1.35412,1.35705
GBPUSD,2021-01-05,1.35708,1.36417,1.3554,1.36268
GBPUSD,2021-01-06,1.36269,1.36707,1.35384,1.36234
GBPUSD,2021-01-07,1.36234,1.3633,1.35325,1.35684
GBPUSD,2021-01-08,1.35683,1.36356,1.35378,1.35621
GBPUSD,2021-01-11,1.35588,1.35697,1.34503,1.35225
GBPUSD,2021-01-12,1.35225,1.367,1.3504,1.36664
GBPUSD,2021-01-13,1.36665,1.37009,1.36113,1.36471
GBPUSD,2021-01-14,1.36471,1.37107,1.3616,1.36822
GBPUSD,2021-01-15,1.3682,1.36977,1.35721,1.35769
GBPUSD,2021-01-18,1.35922,1.35996,1.35193,1.3582
GBPUSD,2021-01-19,1.35822,1.36471,1.35809,1.36437
GBPUSD,2021-01-20,1.36436,1.37186,1.3623,1.36662
GBPUSD,2021-01-21,1.36663,1.37456,1.36583,1.37283
GBPUSD,2021-01-22,1.37284,1.37359,1.36355,1.36784
GBPUSD,2021-01-25,1.36763,1.37232,1.36484,1.36765
GBPUSD,2021-01-26,1.36768,1.37442,1.36092,1.3741
GBPUSD,2021-01-27,1.37408,1.37585,1.36588,1.36705
GBPUSD,2021-01-28,1.36702,1.37457,1.36298,1.37244
GBPUSD,2021-01-29,1.37244,1.37512,1.3657,1.37023
GBPUSD,2021-02-01,1.37052,1.37574,1.3656,1.36751
GBPUSD,2021-02-02,1.36752,1.37101,1.36108,1.3659
GBPUSD,2021-02-03,1.3659,1.36832,1.36189,1.36493
GBPUSD,2021-02-04,1.36494,1.36978,1.35655,1.36719
GBPUSD,2021-02-05,1.3672,1.37397,1.36657,1.37291
GBPUSD,2021-02-08,1.37151,1.37491,1.368,1.3745
GBPUSD,2021-02-09,1.3745,1.38203,1.37419,1.3815
GBPUSD,2021-02-10,1.38153,1.38658,1.38023,1.38302
GBPUSD,2021-02-11,1.38302,1.38593,1.38001,1.38109
GBPUSD,2021-02-12,1.38107,1.38623,1.37754,1.38497
GBPUSD,2021-02-15,1.38482,1.39188,1.38482,1.39138
GBPUSD,2021-02-16,1.39135,1.39515,1.3869,1.3885
GBPUSD,2021-02-17,1.3885,1.39037,1.38294,1.38658
GBPUSD,2021-02-18,1.38657,1.39859,1.38395,1.3967
GBPUSD,2021-02-19,1.3967,1.40359,1.39511,1.40059
GBPUSD,2021-02-22,1.4011,1.40861,1.39803,1.40673
GBPUSD,2021-02-23,1.40673,1.41203,1.40541,1.4119
GBPUSD,2021-02-24,1.4119,1.42415,1.40819,1.41461
GBPUSD,2021-02-25,1.41459,1.4182,1.4,1.40033
GBPUSD,2021-02-26,1.40035,1.40214,1.38876,1.39244
GBPUSD,2021-03-01,1.3929,1.3999,1.39035,1.39285
GBPUSD,2021-03-02,1.39285,1.39768,1.38587,1.39536
GBPUSD,2021-03-03,1.39542,1.40061,1.39207,1.39208
GBPUSD,2021-03-04,1.39208,1.40171,1.38801,1.38933
GBPUSD,2021-03-05,1.3893,1.39062,1.37784,1.38357
GBPUSD,2021-03-08,1.38114,1.38654,1.37999,1.38212
GBPUSD,2021-03-09,1.38213,1.39253,1.38016,1.3887
GBPUSD,2021-03-10,1.3887,1.39378,1.38453,1.393
GBPUSD,2021-03-11,1.393,1.39956,1.39186,1.39874
GBPUSD,2021-03-12,1.39872,1.40045,1.38632,1.39129
GBPUSD,2021-03-15,1.39143,1.39495,1.3853,1.38981
GBPUSD,2021-03-16,1.38981,1.39059,1.38089,1.3902
GBPUSD,2021-03-17,1.3902,1.39759,1.38506,1.39749
GBPUSD,2021-03-18,1.3975,1.40012,1.38971,1.39227
GBPUSD,2021-03-19,1.39228,1.39591,1.38301,1.38662
GBPUSD,2021-03-22,1.3835,1.38767,1.38174,1.38587
GBPUSD,2021-03-23,1.38593,1.38619,1.37234,1.37311
GBPUSD,2021-03-24,1.37312,1.37424,1.36738,1.36883
GBPUSD,2021-03-25,1.36885,1.37482,1.367,1.37461
GBPUSD,2021-03-26,1.37469,1.38123,1.37418,1.37855
GBPUSD,2021-03-29,1.37904,1.38469,1.37551,1.37739
GBPUSD,2021-03-30,1.37739,1.37831,1.37058,1.37457
GBPUSD,2021-03-31,1.37456,1.38116,1.3716,1.37854
GBPUSD,2021-04-01,1.37855,1.38373,1.37457,1.38332
GBPUSD,2021-04-02,1.38333,1.38521,1.38095,1.38272
GBPUSD,2021-04-05,1.3821,1.39148,1.38126,1.39121
GBPUSD,2021-04-06,1.39121,1.39186,1.38017,1.38297
GBPUSD,2021-04-07,1.38299,1.38397,1.37241,1.37412
GBPUSD,2021-04-08,1.37413,1.37822,1.37185,1.3733
GBPUSD,2021-04-09,1.37333,1.37503,1.36696,1.37054
GBPUSD,2021-04-12,1.37025,1.37766,1.36689,1.37532
GBPUSD,2021-04-13,1.37532,1.37688,1.36941,1.37586
GBPUSD,2021-04-14,1.37587,1.38085,1.37493,1.37775
GBPUSD,2021-04-15,1.37774,1.38088,1.37612,1.37831
GBPUSD,2021-04-16,1.37831,1.38437,1.37159,1.38261
GBPUSD,2021-04-19,1.3828,1.39926,1.38094,1.39911
GBPUSD,2021-04-20,1.3991,1.40089,1.3926,1.39375
GBPUSD,2021-04-21,1.39377,1.39494,1.38853,1.39308
GBPUSD,2021-04-22,1.39305,1.39495,1.38234,1.38386
GBPUSD,2021-04-23,1.38387,1.38952,1.38352,1.38736
GBPUSD,2021-04-26,1.38668,1.39292,1.38642,1.38943
GBPUSD,2021-04-27,1.38943,1.39239,1.38582,1.39027
GBPUSD,2021-04-28,1.39028,1.39564,1.38607,1.39539
GBPUSD,2021-04-29,1.39542,1.39764,1.39317,1.395
GBPUSD,2021-04-30,1.39501,1.39581,1.38023,1.38077
GBPUSD,2021-05-03,1.38116,1.39315,1.38008,1.39028
GBPUSD,2021-05-04,1.39028,1.3905,1.38382,1.38869
GBPUSD,2021-05-05,1.38869,1.3926,1.38759,1.39083
GBPUSD,2021-05-06,1.39082,1.39405,1.38569,1.38953
GBPUSD,2021-05-07,1.38953,1.40056,1.38896,1.39811
GBPUSD,2021-05-10,1.40035,1.41582,1.39938,1.41306
GBPUSD,2021-05-11,1.41307,1.41665,1.41036,1.41352
GBPUSD,2021-05-12,1.41351,1.41527,1.40499,1.40619
GBPUSD,2021-05-13,1.4062,1.40778,1.40053,1.40457
GBPUSD,2021-05-14,1.40457,1.41108,1.40359,1.40945
GBPUSD,2021-05-17,1.40956,1.41477,1.40769,1.41475
GBPUSD,2021-05-18,1.41475,1.422,1.41451,1.41869
GBPUSD,2021-05-19,1.41869,1.42004,1.40995,1.41069
GBPUSD,2021-05-20,1.41068,1.41938,1.41009,1.41846
GBPUSD,2021-05-21,1.41848,1.42336,1.41401,1.41409
GBPUSD,2021-05-24,1.41468,1.41714,1.4111,1.41548
GBPUSD,2021-05-25,1.41549,1.42107,1.41153,1.41424
GBPUSD,2021-05-26,1.41424,1.41758,1.41119,1.41149
GBPUSD,2021-05-27,1.41146,1.42188,1.40913,1.42028
GBPUSD,2021-05-28,1.42029,1.42053,1.4136,1.41834
GBPUSD,2021-05-31,1.41793,1.42284,1.41636,1.42266
GBPUSD,2021-06-01,1.42265,1.42491,1.41452,1.41553
GBPUSD,2021-06-02,1.41552,1.4183,1.41115,1.41707
GBPUSD,2021-06-03,1.41709,1.42026,1.40861,1.41076
GBPUSD,2021-06-04,1.41077,1.42002,1.40827,1.41553
GBPUSD,2021-06-07,1.41544,1.41906,1.4111,1.41753
GBPUSD,2021-06-08,1.41755,1.41843,1.41207,1.41487
GBPUSD,2021-06-09,1.41485,1.4189,1.41094,1.41107
GBPUSD,2021-06-10,1.41108,1.4178,1.4073,1.417
GBPUSD,2021-06-11,1.417,1.41851,1.40953,1.41056
GBPUSD,2021-06-14,1.40994,1.41237,1.40699,1.4109
GBPUSD,2021-06-15,1.4109,1.41286,1.40341,1.40804
GBPUSD,2021-06-16,1.40803,1.41324,1.39802,1.39886
GBPUSD,2021-06-17,1.39887,1.40085,1.38955,1.39374
GBPUSD,2021-06-18,1.39375,1.3944,1.37914,1.38003
GBPUSD,2021-06-21,1.38068,1.39369,1.37859,1.39238
GBPUSD,2021-06-22,1.39237,1.39633,1.386,1.39488
GBPUSD,2021-06-23,1.39486,1.40011,1.39237,1.39663
GBPUSD,2021-06-24,1.39664,1.39863,1.38892,1.39157
GBPUSD,2021-06-25,1.39158,1.39351,1.38711,1.38779
GBPUSD,2021-06-28,1.38794,1.39393,1.38705,1.38782
GBPUSD,2021-06-29,1.38782,1.38802,1.38137,1.38398
GBPUSD,2021-06-30,1.38397,1.38726,1.37982,1.38279
GBPUSD,2021-07-01,1.3828,1.38342,1.37515,1.37585
GBPUSD,2021-07-02,1.37584,1.38444,1.37313,1.38244
GBPUSD,2021-07-05,1.38189,1.38617,1.38167,1.38529
GBPUSD,2021-07-06,1.38529,1.38981,1.37727,1.38037
GBPUSD,2021-07-07,1.38038,1.38414,1.37537,1.37992
GBPUSD,2021-07-08,1.37996,1.38015,1.37414,1.37893
GBPUSD,2021-07-09,1.37899,1.39088,1.37552,1.38924
GBPUSD,2021-07-12,1.38911,1.39097,1.38387,1.38858
GBPUSD,2021-07-13,1.38859,1.39051,1.37998,1.38052
GBPUSD,2021-07-14,1.38052,1.38917,1.38011,1.38558
GBPUSD,2021-07-15,1.38559,1.38988,1.38046,1.38277
GBPUSD,2021-07-16,1.38278,1.38617,1.37565,1.37565
GBPUSD,2021-07-19,1.37677,1.37706,1.36545,1.36684
GBPUSD,2021-07-20,1.36685,1.36892,1.35717,1.3634
GBPUSD,2021-07-21,1.36339,1.37227,1.35908,1.37115
GBPUSD,2021-07-22,1.37114,1.37869,1.36904,1.37722
GBPUSD,2021-07-23,1.37722,1.37796,1.37196,1.37449
GBPUSD,2021-07-26,1.37503,1.38333,1.37366,1.38257
GBPUSD,2021-07-27,1.38256,1.38941,1.37664,1.38817
GBPUSD,2021-07-28,1.38816,1.39109,1.3843,1.39055
GBPUSD,2021-07-29,1.39055,1.39816,1.38977,1.39632
GBPUSD,2021-07-30,1.39632,1.39832,1.38877,1.38959
GBPUSD,2021-08-02,1.38963,1.39323,1.38753,1.38906
GBPUSD,2021-08-03,1.38905,1.39385,1.38823,1.39167
GBPUSD,2021-08-04,1.39166,1.39574,1.38849,1.38893
GBPUSD,2021-08-05,1.38892,1.39488,1.38719,1.3927
GBPUSD,2021-08-06,1.3927,1.39327,1.38608,1.38693
GBPUSD,2021-08-09,1.38702,1.38942,1.38406,1.38465
GBPUSD,2021-08-10,1.38465,1.38721,1.38272,1.3835
GBPUSD,2021-08-11,1.3835,1.38875,1.38023,1.38661
GBPUSD,2021-08-12,1.38659,1.38782,1.37945,1.38106
GBPUSD,2021-08-13,1.38106,1.38749,1.37904,1.38576
GBPUSD,2021-08-16,1.38553,1.38783,1.38277,1.38403
GBPUSD,2021-08-17,1.38404,1.38406,1.37231,1.37396
GBPUSD,2021-08-18,1.37395,1.37859,1.37309,1.37424
GBPUSD,2021-08-19,1.37431,1.37496,1.36275,1.36297
GBPUSD,2021-08-20,1.36298,1.3641,1.36019,1.36144
GBPUSD,2021-08-23,1.36156,1.37319,1.36096,1.37228
GBPUSD,2021-08-24,1.37225,1.37474,1.36936,1.37243
GBPUSD,2021-08-25,1.37244,1.37664,1.36962,1.37639
GBPUSD,2021-08-26,1.37638,1.37675,1.36891,1.36998
GBPUSD,2021-08-27,1.36997,1.37807,1.36796,1.37544
GBPUSD,2021-08-30,1.37553,1.37749,1.37337,1.37584
GBPUSD,2021-08-31,1.37583,1.38077,1.37426,1.37518
GBPUSD,2021-09-01,1.3752,1.3798,1.37309,1.37708
GBPUSD,2021-09-02,1.37708,1.38398,1.37668,1.38359
GBPUSD,2021-09-03,1.38359,1.38915,1.38177,1.386
GBPUSD,2021-09-06,1.38553,1.38677,1.38181,1.38382
GBPUSD,2021-09-07,1.38381,1.38564,1.37674,1.37786
GBPUSD,2021-09-08,1.37785,1.37903,1.37261,1.37665
GBPUSD,2021-09-09,1.37664,1.38625,1.3753,1.3838
GBPUSD,2021-09-10,1.38384,1.38883,1.38258,1.38299
GBPUSD,2021-09-13,1.38303,1.38508,1.37968,1.3837
GBPUSD,2021-09-14,1.38368,1.3913,1.38033,1.38076
GBPUSD,2021-09-15,1.38073,1.38536,1.37922,1.38478
GBPUSD,2021-09-16,1.38476,1.38493,1.37642,1.37974
GBPUSD,2021-09-17,1.37973,1.38125,1.37256,1.37283
GBPUSD,2021-09-20,1.37346,1.37487,1.36405,1.36617
GBPUSD,2021-09-21,1.36616,1.36927,1.3641,1.36569
GBPUSD,2021-09-22,1.3657,1.36893,1.3609,1.36157
GBPUSD,2021-09-23,1.36157,1.37505,1.36119,1.37203
GBPUSD,2021-09-24,1.37204,1.37364,1.36576,1.3673
GBPUSD,2021-09-27,1.36617,1.37287,1.36577,1.37002
GBPUSD,2021-09-28,1.37003,1.3717,1.35203,1.35411
GBPUSD,2021-09-29,1.35409,1.35544,1.34116,1.34267
GBPUSD,2021-09-30,1.34268,1.3517,1.34153,1.34683
GBPUSD,2021-10-01,1.34683,1.35753,1.34333,1.35423
GBPUSD,2021-10-04,1.35544,1.36401,1.35314,1.36063
GBPUSD,2021-10-05,1.36067,1.36477,1.35841,1.36256
GBPUSD,2021-10-06,1.36255,1.36309,1.35436,1.35918
GBPUSD,2021-10-07,1.35917,1.36383,1.35702,1.36189
GBPUSD,2021-10-08,1.36192,1.36577,1.35832,1.36087
GBPUSD,2021-10-11,1.36171,1.36735,1.35841,1.35907
GBPUSD,2021-10-12,1.35907,1.36371,1.35681,1.35763
GBPUSD,2021-10-13,1.35766,1.36686,1.35756,1.3668
GBPUSD,2021-10-14,1.36678,1.37341,1.36579,1.36679
GBPUSD,2021-10-15,1.36678,1.37731,1.36675,1.37439
GBPUSD,2021-10-18,1.37484,1.37649,1.37088,1.37352
GBPUSD,2021-10-19,1.37355,1.38334,1.37353,1.3792
GBPUSD,2021-10-20,1.37922,1.38343,1.3742,1.38216
GBPUSD,2021-10-21,1.38214,1.38328,1.37759,1.37911
GBPUSD,2021-10-22,1.37912,1.38149,1.37354,1.37514
GBPUSD,2021-10-25,1.37455,1.37918,1.3737,1.3763
GBPUSD,2021-10-26,1.37632,1.38293,1.37565,1.37651
GBPUSD,2021-10-27,1.37652,1.37808,1.37092,1.37314
GBPUSD,2021-10-28,1.37316,1.38149,1.37219,1.37983
GBPUSD,2021-10-29,1.37982,1.38035,1.36678,1.36762
GBPUSD,2021-11-01,1.36764,1.3693,1.36416,1.3654
GBPUSD,2021-11-02,1.3654,1.36676,1.36053,1.36156
GBPUSD,2021-11-03,1.36158,1.36984,1.36072,1.36937
GBPUSD,2021-11-04,1.36935,1.36941,1.34707,1.35074
GBPUSD,2021-11-05,1.35076,1.35086,1.3424,1.34928
GBPUSD,2021-11-08,1.34764,1.35795,1.34498,1.35632
GBPUSD,2021-11-09,1.35632,1.36071,1.35238,1.35594
GBPUSD,2021-11-10,1.35593,1.35645,1.34004,1.34118
GBPUSD,2021-11-11,1.34114,1.34327,1.33581,1.33646
GBPUSD,2021-11-12,1.33645,1.3426,1.33528,1.3414
GBPUSD,2021-11-15,1.34127,1.34493,1.34027,1.34098
GBPUSD,2021-11-16,1.34097,1.34725,1.34097,1.34246
GBPUSD,2021-11-17,1.34246,1.3496,1.3396,1.34881
GBPUSD,2021-11-18,1.34882,1.35133,1.34636,1.34984
GBPUSD,2021-11-19,1.34984,1.35094,1.34072,1.34486
GBPUSD,2021-11-22,1.34495,1.34543,1.3384,1.3397
GBPUSD,2021-11-23,1.33971,1.34091,1.33419,1.33745
GBPUSD,2021-11-24,1.33746,1.33896,1.33156,1.33292
GBPUSD,2021-11-25,1.33295,1.33533,1.33048,1.33124
GBPUSD,2021-11-26,1.33121,1.3365,1.3278,1.33283
GBPUSD,2021-11-29,1.33357,1.33628,1.32872,1.33138
GBPUSD,2021-11-30,1.33138,1.33702,1.31943,1.32952
GBPUSD,2021-12-01,1.32954,1.33516,1.32613,1.32771
GBPUSD,2021-12-02,1.32772,1.33335,1.32711,1.32993
GBPUSD,2021-12-03,1.32994,1.33098,1.32084,1.32264
GBPUSD,2021-12-06,1.32136,1.32861,1.32136,1.32619
GBPUSD,2021-12-07,1.3262,1.32892,1.32088,1.32449
GBPUSD,2021-12-08,1.32449,1.3261,1.31612,1.32085
GBPUSD,2021-12-09,1.32086,1.32243,1.31704,1.32237
GBPUSD,2021-12-10,1.32236,1.32751,1.31872,1.32683
GBPUSD,2021-12-13,1.32399,1.32685,1.32069,1.32126
GBPUSD,2021-12-14,1.32127,1.32563,1.31907,1.32291
GBPUSD,2021-12-15,1.32293,1.32824,1.31715,1.32616
GBPUSD,2021-12-16,1.32615,1.33741,1.32411,1.3322
GBPUSD,2021-12-17,1.33225,1.33391,1.32303,1.3234
GBPUSD,2021-12-20,1.32366,1.32441,1.3173,1.32088
GBPUSD,2021-12-21,1.32087,1.32706,1.31974,1.32678
GBPUSD,2021-12-22,1.32678,1.33631,1.32398,1.33501
GBPUSD,2021-12-23,1.33501,1.34377,1.33423,1.34029
GBPUSD,2021-12-24,1.34032,1.3419,1.33772,1.33821
GBPUSD,2021-12-27,1.33865,1.34452,1.33865,1.34406
GBPUSD,2021-12-28,1.34408,1.34614,1.34148,1.34329
GBPUSD,2021-12-29,1.34329,1.34993,1.34082,1.34964
GBPUSD,2021-12-30,1.34962,1.35215,1.34538,1.34968
GBPUSD,2021-12-31,1.34969,1.355,1.34651,1.35177
NZDCAD,2019-01-01,0.91523,0.91615,0.91401,0.91453
NZDCAD,2019-01-02,0.91453,0.91528,0.89747,0.90362
NZDCAD,2019-01-03,0.90362,0.90597,0.8989,0.90137
NZDCAD,2019-01-04,0.90137,0.90464,0.89644,0.90015
NZDCAD,2019-01-07,0.9017,0.90365,0.89714,0.89785
NZDCAD,2019-01-08,0.89787,0.89801,0.8915,0.89295
NZDCAD,2019-01-09,0.89294,0.8999,0.89249,0.89696
NZDCAD,2019-01-10,0.89701,0.89961,0.89608,0.89817
NZDCAD,2019-01-11,0.89815,0.90679,0.8973,0.90606
NZDCAD,2019-01-14,0.90487,0.90695,0.90275,0.90621
NZDCAD,2019-01-15,0.9062,0.90831,0.9029,0.90439
NZDCAD,2019-01-16,0.90441,0.90527,0.89677,0.89778
NZDCAD,2019-01-17,0.89782,0.8993,0.89348,0.89811
NZDCAD,2019-01-18,0.89809,0.89897,0.8936,0.8936
NZDCAD,2019-01-21,0.89467,0.89519,0.89074,0.89456
NZDCAD,2019-01-22,0.89456,0.90217,0.89351,0.9015
NZDCAD,2019-01-23,0.90151,0.90745,0.90126,0.90608
NZDCAD,2019-01-24,0.9061,0.90765,0.90182,0.90266
NZDCAD,2019-01-25,0.90268,0.90704,0.90069,0.90347
NZDCAD,2019-01-28,0.90263,0.90912,0.90257,0.90601
NZDCAD,2019-01-29,0.90602,0.90993,0.90488,0.90543
NZDCAD,2019-01-30,0.90543,0.9083,0.90094,0.9062
NZDCAD,2019-01-31,0.90619,0.9119,0.90594,0.90744
NZDCAD,2019-02-01,0.90746,0.91038,0.90222,0.90242
NZDCAD,2019-02-04,0.90258,0.90403,0.90137,0.90182
NZDCAD,2019-02-05,0.90184,0.90621,0.90086,0.90574
NZDCAD,2019-02-06,0.90574,0.9066,0.89314,0.89478
NZDCAD,2019-02-07,0.89477,0.89936,0.89294,0.89771
NZDCAD,2019-02-08,0.89771,0.9006,0.89342,0.89466
NZDCAD,2019-02-11,0.89413,0.89979,0.89393,0.89606
NZDCAD,2019-02-12,0.89606,0.89611,0.8909,0.89154
NZDCAD,2019-02-13,0.89153,0.90485,0.88997,0.90243
NZDCAD,2019-02-14,0.90236,0.91184,0.90207,0.9084
NZDCAD,2019-02-15,0.9084,0.91121,0.90622,0.90851
NZDCAD,2019-02-18,0.90814,0.91176,0.90488,0.90724
NZDCAD,2019-02-19,0.90724,0.90986,0.90316,0.90839
NZDCAD,2019-02-20,0.90839,0.90874,0.90217,0.90309
NZDCAD,2019-02-21,0.90308,0.9053,0.8955,0.90095
NZDCAD,2019-02-22,0.90094,0.90319,0.89467,0.89845
NZDCAD,2019-02-25,0.90115,0.90877,0.89988,0.90767
NZDCAD,2019-02-26,0.90766,0.91091,0.90601,0.90777
NZDCAD,2019-02-27,0.90777,0.90854,0.89847,0.90045
NZDCAD,2019-02-28,0.90038,0.90232,0.89424,0.89769
NZDCAD,2019-03-01,0.89773,0.90434,0.89475,0.90302
NZDCAD,2019-03-04,0.90596,0.90859,0.90382,0.90802
NZDCAD,2019-03-05,0.90803,0.90855,0.90393,0.9081
NZDCAD,2019-03-06,0.9081,0.91096,0.90297,0.90991
NZDCAD,2019-03-07,0.90992,0.91262,0.90718,0.90936
NZDCAD,2019-03-08,0.90937,0.91414,0.90829,0.91233
NZDCAD,2019-03-11,0.91058,0.91633,0.91047,0.91532
NZDCAD,2019-03-12,0.91534,0.91968,0.9148,0.91532
NZDCAD,2019-03-13,0.91533,0.91579,0.91052,0.9118
NZDCAD,2019-03-14,0.9118,0.91232,0.90732,0.91075
NZDCAD,2019-03-15,0.91075,0.91529,0.91018,0.91219
NZDCAD,2019-03-18,0.91238,0.91574,0.9116,0.91286
NZDCAD,2019-03-19,0.91289,0.91476,0.90987,0.91297
NZDCAD,2019-03-20,0.91297,0.92022,0.91032,0.91916
NZDCAD,2019-03-21,0.91918,0.92188,0.91784,0.91996
NZDCAD,2019-03-22,0.91999,0.92414,0.91816,0.92293
NZDCAD,2019-03-25,0.92212,0.92807,0.92151,0.92568
NZDCAD,2019-03-26,0.9257,0.92696,0.92329,0.92419
NZDCAD,2019-03-27,0.92421,0.92522,0.9097,0.91155
NZDCAD,2019-03-28,0.91154,0.91526,0.90931,0.91069
NZDCAD,2019-03-29,0.91069,0.91352,0.90802,0.90825
NZDCAD,2019-04-01,0.91028,0.91312,0.90149,0.90385
NZDCAD,2019-04-02,0.90386,0.90477,0.89879,0.90058
NZDCAD,2019-04-03,0.90058,0.90578,0.89992,0.90578
NZDCAD,2019-04-04,0.90578,0.90719,0.90131,0.90286
NZDCAD,2019-04-05,0.90288,0.90384,0.89916,0.9005
NZDCAD,2019-04-08,0.90028,0.90129,0.89672,0.89704
NZDCAD,2019-04-09,0.89705,0.90017,0.89593,0.89979
NZDCAD,2019-04-10,0.89978,0.90143,0.89853,0.9012
NZDCAD,2019-04-11,0.9012,0.90303,0.89863,0.89948
NZDCAD,2019-04-12,0.8995,0.90342,0.89851,0.90073
NZDCAD,2019-04-15,0.90103,0.90493,0.89866,0.90452
NZDCAD,2019-04-16,0.90452,0.90549,0.89086,0.89599
NZDCAD,2019-04-17,0.89601,0.89947,0.89401,0.89763
NZDCAD,2019-04-18,0.89763,0.8981,0.89233,0.89405
NZDCAD,2019-04-19,0.89404,0.89556,0.89282,0.89482
NZDCAD,2019-04-22,0.89352,0.89493,0.89028,0.89154
NZDCAD,2019-04-23,0.89158,0.89423,0.88932,0.89332
NZDCAD,2019-04-24,0.89335,0.89399,0.88756,0.88967
NZDCAD,2019-04-25,0.88969,0.89514,0.88875,0.89384
NZDCAD,2019-04-26,0.89386,0.89898,0.89325,0.89521
NZDCAD,2019-04-29,0.89463,0.89887,0.89463,0.89729
NZDCAD,2019-04-30,0.89728,0.89882,0.88797,0.89051
NZDCAD,2019-05-01,0.8905,0.89388,0.88867,0.89046
NZDCAD,2019-05-02,0.89047,0.89215,0.88893,0.89088
NZDCAD,2019-05-03,0.89088,0.89223,0.8902,0.89142
NZDCAD,2019-05-06,0.88853,0.89386,0.88728,0.88858
NZDCAD,2019-05-07,0.88858,0.89009,0.88517,0.88842
NZDCAD,2019-05-08,0.88845,0.8893,0.87913,0.88691
NZDCAD,2019-05-09,0.88693,0.88926,0.88543,0.88673
NZDCAD,2019-05-10,0.88675,0.8893,0.88425,0.88509
NZDCAD,2019-05-13,0.88453,0.88604,0.88307,0.88582
NZDCAD,2019-05-14,0.88582,0.88771,0.88425,0.88428
NZDCAD,2019-05-15,0.88431,0.88492,0.881,0.88192
NZDCAD,2019-05-16,0.88193,0.88284,0.87882,0.87963
NZDCAD,2019-05-17,0.87964,0.88227,0.87582,0.87685
NZDCAD,2019-05-20,0.87682,0.87922,0.87657,0.87784
NZDCAD,2019-05-21,0.87787,0.87827,0.87112,0.87191
NZDCAD,2019-05-22,0.87191,0.87291,0.86905,0.8726
NZDCAD,2019-05-23,0.87261,0.87948,0.87169,0.8786
NZDCAD,2019-05-24,0.87861,0.88239,0.87771,0.88018
NZDCAD,2019-05-27,0.88002,0.8813,0.87895,0.87953
NZDCAD,2019-05-28,0.87954,0.88328,0.87952,0.88274
NZDCAD,2019-05-29,0.88275,0.88376,0.87884,0.8802
NZDCAD,2019-05-30,0.88022,0.88148,0.87674,0.87998
NZDCAD,2019-05-31,0.87998,0.88536,0.87985,0.88286
NZDCAD,2019-06-03,0.88242,0.88779,0.88212,0.88577
NZDCAD,2019-06-04,0.88578,0.88733,0.88417,0.88495
NZDCAD,2019-06-05,0.88495,0.89198,0.88487,0.88928
NZDCAD,2019-06-06,0.88929,0.88978,0.8838,0.88388
NZDCAD,2019-06-07,0.8839,0.88712,0.88292,0.88343
NZDCAD,2019-06-10,0.88183,0.88367,0.87599,0.87681
NZDCAD,2019-06-11,0.87682,0.87695,0.87088,0.87426
NZDCAD,2019-06-12,0.87426,0.87724,0.87263,0.87677
NZDCAD,2019-06-13,0.87677,0.87791,0.87245,0.87393
NZDCAD,2019-06-14,0.87391,0.87459,0.86888,0.86989
NZDCAD,2019-06-17,0.87087,0.8736,0.87035,0.87114
NZDCAD,2019-06-18,0.87114,0.87508,0.86997,0.87398
NZDCAD,2019-06-19,0.87396,0.87404,0.86687,0.86957
NZDCAD,2019-06-20,0.86954,0.87175,0.86678,0.86765
NZDCAD,2019-06-21,0.86766,0.87098,0.86455,0.87034
NZDCAD,2019-06-24,0.87052,0.87441,0.86944,0.8731
NZDCAD,2019-06-25,0.87309,0.8771,0.87309,0.87395
NZDCAD,2019-06-26,0.87404,0.87951,0.86977,0.87632
NZDCAD,2019-06-27,0.87634,0.87877,0.87538,0.87745
NZDCAD,2019-06-28,0.87745,0.87992,0.87622,0.87922
NZDCAD,2019-07-01,0.87883,0.88014,0.87473,0.87617
NZDCAD,2019-07-02,0.87617,0.8771,0.87327,0.8747
NZDCAD,2019-07-03,0.87472,0.87849,0.87408,0.87568
NZDCAD,2019-07-04,0.87568,0.87725,0.87193,0.873
NZDCAD,2019-07-05,0.87303,0.87375,0.86541,0.86601
NZDCAD,2019-07-08,0.86603,0.86918,0.86552,0.86818
NZDCAD,2019-07-09,0.86819,0.86889,0.86634,0.86636
NZDCAD,2019-07-10,0.86638,0.87244,0.86225,0.86844
NZDCAD,2019-07-11,0.86848,0.87326,0.86828,0.87049
NZDCAD,2019-07-12,0.87049,0.87284,0.86848,0.87198
NZDCAD,2019-07-15,0.87093,0.87747,0.87073,0.87693
NZDCAD,2019-07-16,0.87695,0.87921,0.87334,0.87689
NZDCAD,2019-07-17,0.87688,0.87963,0.87598,0.87864
NZDCAD,2019-07-18,0.87864,0.88476,0.87819,0.88327
NZDCAD,2019-07-19,0.88327,0.88683,0.88207,0.88218
NZDCAD,2019-07-22,0.88318,0.88888,0.88201,0.88468
NZDCAD,2019-07-23,0.88468,0.88555,0.87941,0.87993
NZDCAD,2019-07-24,0.87993,0.88198,0.87891,0.88042
NZDCAD,2019-07-25,0.88043,0.88093,0.87544,0.87627
NZDCAD,2019-07-26,0.87627,0.87664,0.87302,0.87322
NZDCAD,2019-07-29,0.87248,0.87419,0.87059,0.87262
NZDCAD,2019-07-30,0.87262,0.87368,0.86903,0.86985
NZDCAD,2019-07-31,0.86985,0.86993,0.86388,0.86428
NZDCAD,2019-08-01,0.86428,0.86798,0.86352,0.8657
NZDCAD,2019-08-02,0.86569,0.86702,0.86227,0.86253
NZDCAD,2019-08-05,0.86242,0.86997,0.85748,0.86643
NZDCAD,2019-08-06,0.86644,0.86748,0.85991,0.86725
NZDCAD,2019-08-07,0.86728,0.87037,0.84902,0.85848
NZDCAD,2019-08-08,0.85848,0.86128,0.85575,0.85784
NZDCAD,2019-08-09,0.85783,0.8611,0.8528,0.85411
NZDCAD,2019-08-12,0.85357,0.85585,0.85143,0.85337
NZDCAD,2019-08-13,0.85338,0.85598,0.85148,0.85372
NZDCAD,2019-08-14,0.85374,0.85788,0.85158,0.85699
NZDCAD,2019-08-15,0.85697,0.85998,0.85566,0.85678
NZDCAD,2019-08-16,0.85678,0.85825,0.85189,0.85209
NZDCAD,2019-08-19,0.85248,0.85455,0.84991,0.85362
NZDCAD,2019-08-20,0.85363,0.85663,0.85314,0.85341
NZDCAD,2019-08-21,0.85344,0.85415,0.8497,0.85092
NZDCAD,2019-08-22,0.85089,0.85169,0.84578,0.84943
NZDCAD,2019-08-23,0.84944,0.85362,0.84792,0.84937
NZDCAD,2019-08-26,0.84857,0.85033,0.84377,0.84613
NZDCAD,2019-08-27,0.84613,0.84621,0.84168,0.84534
NZDCAD,2019-08-28,0.84533,0.84604,0.8416,0.84307
NZDCAD,2019-08-29,0.84306,0.84373,0.83782,0.83898
NZDCAD,2019-08-30,0.83898,0.83998,0.83466,0.8391
NZDCAD,2019-09-02,0.83908,0.84201,0.83761,0.84051
NZDCAD,2019-09-03,0.84051,0.84547,0.83653,0.84532
NZDCAD,2019-09-04,0.84532,0.84718,0.84021,0.84043
NZDCAD,2019-09-05,0.84045,0.84447,0.84029,0.84284
NZDCAD,2019-09-06,0.84283,0.84911,0.84242,0.8459
NZDCAD,2019-09-09,0.84533,0.84768,0.84429,0.84639
NZDCAD,2019-09-10,0.84637,0.8485,0.84307,0.84316
NZDCAD,2019-09-11,0.84316,0.84721,0.84236,0.84648
NZDCAD,2019-09-12,0.84646,0.85015,0.84508,0.84559
NZDCAD,2019-09-13,0.84562,0.84749,0.84374,0.84678
NZDCAD,2019-09-16,0.84248,0.84703,0.83902,0.83963
NZDCAD,2019-09-17,0.83962,0.84256,0.83753,0.84216
NZDCAD,2019-09-18,0.84216,0.84231,0.83797,0.84006
NZDCAD,2019-09-19,0.84005,0.84032,0.83428,0.83436
NZDCAD,2019-09-20,0.83437,0.83599,0.8297,0.82974
NZDCAD,2019-09-23,0.83063,0.83513,0.83052,0.83487
NZDCAD,2019-09-24,0.83486,0.83913,0.83347,0.83614
NZDCAD,2019-09-25,0.83615,0.84138,0.83082,0.83162
NZDCAD,2019-09-26,0.83163,0.83809,0.83134,0.83548
NZDCAD,2019-09-27,0.83549,0.8362,0.83217,0.83342
NZDCAD,2019-09-30,0.83213,0.83307,0.82692,0.8291
NZDCAD,2019-10-01,0.8291,0.82992,0.82369,0.82513
NZDCAD,2019-10-02,0.82512,0.83584,0.82365,0.83504
NZDCAD,2019-10-03,0.83504,0.84161,0.83317,0.84058
NZDCAD,2019-10-04,0.84058,0.84374,0.83962,0.84017
NZDCAD,2019-10-07,0.84003,0.84213,0.83602,0.83689
NZDCAD,2019-10-08,0.8369,0.84211,0.8366,0.83873
NZDCAD,2019-10-09,0.83878,0.84191,0.83732,0.83829
NZDCAD,2019-10-10,0.83828,0.84281,0.83789,0.84037
NZDCAD,2019-10-11,0.84033,0.84279,0.83509,0.83588
NZDCAD,2019-10-14,0.83583,0.83613,0.83023,0.83371
NZDCAD,2019-10-15,0.8337,0.83489,0.82769,0.83118
NZDCAD,2019-10-16,0.83117,0.83117,0.82458,0.83
NZDCAD,2019-10-17,0.82996,0.83472,0.82966,0.83453
NZDCAD,2019-10-18,0.83453,0.83863,0.83444,0.83805
NZDCAD,2019-10-21,0.83797,0.84113,0.83639,0.83903
NZDCAD,2019-10-22,0.83903,0.84185,0.83743,0.83945
NZDCAD,2019-10-23,0.83945,0.84061,0.83701,0.83943
NZDCAD,2019-10-24,0.83943,0.83977,0.83323,0.83356
NZDCAD,2019-10-25,0.83354,0.83412,0.82857,0.82873
NZDCAD,2019-10-28,0.82952,0.83063,0.82722,0.82939
NZDCAD,2019-10-29,0.82941,0.8325,0.82734,0.83131
NZDCAD,2019-10-30,0.83134,0.84417,0.83003,0.84348
NZDCAD,2019-10-31,0.84358,0.84588,0.84214,0.84448
NZDCAD,2019-11-01,0.84444,0.84973,0.84377,0.84382
NZDCAD,2019-11-04,0.84523,0.84909,0.84027,0.84188
NZDCAD,2019-11-05,0.84186,0.84354,0.83768,0.83816
NZDCAD,2019-11-06,0.83817,0.84126,0.83746,0.83914
NZDCAD,2019-11-07,0.83918,0.84067,0.83589,0.83976
NZDCAD,2019-11-08,0.83978,0.84064,0.83487,0.8366
NZDCAD,2019-11-11,0.83708,0.84251,0.83627,0.84203
NZDCAD,2019-11-12,0.84201,0.84293,0.83661,0.83864
NZDCAD,2019-11-13,0.83864,0.85034,0.83818,0.84994
NZDCAD,2019-11-14,0.84994,0.85046,0.84298,0.84534
NZDCAD,2019-11-15,0.84534,0.84794,0.84376,0.84612
NZDCAD,2019-11-18,0.84653,0.84709,0.84345,0.8446
NZDCAD,2019-11-19,0.84461,0.85364,0.84283,0.8535
NZDCAD,2019-11-20,0.8535,0.85503,0.85154,0.85255
NZDCAD,2019-11-21,0.85255,0.8568,0.84957,0.8505
NZDCAD,2019-11-22,0.85049,0.85284,0.84969,0.85113
NZDCAD,2019-11-25,0.85217,0.85477,0.8509,0.85318
NZDCAD,2019-11-26,0.85318,0.85538,0.85207,0.85273
NZDCAD,2019-11-27,0.85273,0.85408,0.85062,0.85188
NZDCAD,2019-11-28,0.85203,0.85472,0.85161,0.85244
NZDCAD,2019-11-29,0.85241,0.85563,0.85103,0.85107
NZDCAD,2019-12-02,0.85363,0.86579,0.85341,0.86446
NZDCAD,2019-12-03,0.86446,0.86819,0.86437,0.86626
NZDCAD,2019-12-04,0.86625,0.86775,0.86074,0.8638
NZDCAD,2019-12-05,0.86379,0.86501,0.85823,0.8621
NZDCAD,2019-12-06,0.8621,0.87173,0.86202,0.86981
NZDCAD,2019-12-09,0.86867,0.87002,0.86557,0.86682
NZDCAD,2019-12-10,0.86681,0.86889,0.86452,0.86586
NZDCAD,2019-12-11,0.86586,0.86926,0.86322,0.86678
NZDCAD,2019-12-12,0.86672,0.87374,0.8658,0.87053
NZDCAD,2019-12-13,0.87054,0.87225,0.86745,0.86809
NZDCAD,2019-12-16,0.86987,0.86988,0.86633,0.86752
NZDCAD,2019-12-17,0.86774,0.86944,0.86355,0.86436
NZDCAD,2019-12-18,0.86435,0.86677,0.86138,0.86327
NZDCAD,2019-12-19,0.86328,0.86759,0.86223,0.86748
NZDCAD,2019-12-20,0.86748,0.87077,0.8655,0.86737
NZDCAD,2019-12-23,0.86732,0.87293,0.86689,0.87195
NZDCAD,2019-12-24,0.87193,0.87452,0.87017,0.87156
NZDCAD,2019-12-25,0.87157,0.87408,0.87076,0.87369
NZDCAD,2019-12-26,0.87367,0.87527,0.87314,0.87471
NZDCAD,2019-12-27,0.87471,0.87812,0.87358,0.87621
NZDCAD,2019-12-30,0.87502,0.87997,0.87477,0.87932
NZDCAD,2019-12-31,0.87931,0.87978,0.87318,0.87356
NZDCAD,2020-01-01,0.87226,0.87418,0.87027,0.87393
NZDCAD,2020-01-02,0.87393,0.87429,0.86838,0.86962
NZDCAD,2020-01-03,0.86964,0.86969,0.86293,0.86565
NZDCAD,2020-01-06,0.8646,0.8665,0.86234,0.8644
NZDCAD,2020-01-07,0.86439,0.86587,0.86162,0.86196
NZDCAD,2020-01-08,0.86196,0.86781,0.86004,0.86732
NZDCAD,2020-01-09,0.86733,0.86759,0.86201,0.86299
NZDCAD,2020-01-10,0.863,0.86729,0.86221,0.86556
NZDCAD,2020-01-13,0.86647,0.86809,0.8638,0.8649
NZDCAD,2020-01-14,0.86489,0.86678,0.86272,0.86325
NZDCAD,2020-01-15,0.86323,0.86533,0.8607,0.86306
NZDCAD,2020-01-16,0.86306,0.86893,0.863,0.86548
NZDCAD,2020-01-17,0.86542,0.86718,0.86313,0.86349
NZDCAD,2020-01-20,0.86333,0.86519,0.8607,0.86183
NZDCAD,2020-01-21,0.86183,0.86416,0.86099,0.86213
NZDCAD,2020-01-22,0.86213,0.867,0.86092,0.8666
NZDCAD,2020-01-23,0.8666,0.8694,0.86512,0.86873
NZDCAD,2020-01-24,0.86872,0.86995,0.8671,0.86789
NZDCAD,2020-01-27,0.86582,0.86752,0.86241,0.86304
NZDCAD,2020-01-28,0.86303,0.86345,0.85954,0.86075
NZDCAD,2020-01-29,0.86075,0.86239,0.85781,0.8614
NZDCAD,2020-01-30,0.86139,0.86175,0.85568,0.85656
NZDCAD,2020-01-31,0.85656,0.85707,0.85403,0.85532
NZDCAD,2020-02-03,0.85638,0.85973,0.8547,0.85879
NZDCAD,2020-02-04,0.85879,0.86315,0.85699,0.86227
NZDCAD,2020-02-05,0.86226,0.8629,0.85905,0.86098
NZDCAD,2020-02-06,0.86098,0.86135,0.8574,0.85821
NZDCAD,2020-02-07,0.85821,0.85828,0.85087,0.85141
NZDCAD,2020-02-10,0.85144,0.85341,0.84965,0.85061
NZDCAD,2020-02-11,0.85063,0.85261,0.8488,0.85123
NZDCAD,2020-02-12,0.85123,0.86063,0.85091,0.85438
NZDCAD,2020-02-13,0.85436,0.85674,0.85324,0.85441
NZDCAD,2020-02-14,0.8544,0.8545,0.85066,0.8522
NZDCAD,2020-02-17,0.85387,0.85421,0.84932,0.85205
NZDCAD,2020-02-18,0.85204,0.85206,0.84572,0.84734
NZDCAD,2020-02-19,0.84743,0.84803,0.84199,0.84453
NZDCAD,2020-02-20,0.84451,0.84484,0.83855,0.8397
NZDCAD,2020-02-21,0.8397,0.8405,0.83516,0.83928
NZDCAD,2020-02-24,0.83628,0.84356,0.83619,0.8426
NZDCAD,2020-02-25,0.84263,0.8445,0.83839,0.83937
NZDCAD,2020-02-26,0.83937,0.83991,0.83663,0.8388
NZDCAD,2020-02-27,0.83886,0.84615,0.83825,0.84475
NZDCAD,2020-02-28,0.84474,0.84533,0.83134,0.8366
NZDCAD,2020-03-02,0.83234,0.83918,0.83017,0.83491
NZDCAD,2020-03-03,0.83485,0.84468,0.83341,0.83864
NZDCAD,2020-03-04,0.83864,0.84349,0.83728,0.84326
NZDCAD,2020-03-05,0.84326,0.84873,0.84144,0.84532
NZDCAD,2020-03-06,0.84531,0.85517,0.84387,0.85261
NZDCAD,2020-03-09,0.85456,0.87364,0.82511,0.86563
NZDCAD,2020-03-10,0.86564,0.86845,0.85662,0.86007
NZDCAD,2020-03-11,0.85998,0.87005,0.85865,0.8626
NZDCAD,2020-03-12,0.86258,0.86479,0.84402,0.85253
NZDCAD,2020-03-13,0.85256,0.85788,0.83459,0.83698
NZDCAD,2020-03-16,0.83601,0.85674,0.82641,0.84652
NZDCAD,2020-03-17,0.8465,0.85225,0.83726,0.84678
NZDCAD,2020-03-18,0.84678,0.84829,0.82333,0.82728
NZDCAD,2020-03-19,0.82733,0.85431,0.80168,0.82392
NZDCAD,2020-03-20,0.82393,0.83973,0.81393,0.81665
NZDCAD,2020-03-23,0.81322,0.83272,0.80842,0.8309
NZDCAD,2020-03-24,0.83091,0.84468,0.83048,0.84075
NZDCAD,2020-03-25,0.84076,0.8458,0.82285,0.82547
NZDCAD,2020-03-26,0.82552,0.84049,0.82221,0.83878
NZDCAD,2020-03-27,0.8388,0.84888,0.83251,0.84371
NZDCAD,2020-03-30,0.84516,0.85332,0.84302,0.85204
NZDCAD,2020-03-31,0.85201,0.85557,0.83501,0.83743
NZDCAD,2020-04-01,0.83742,0.84742,0.83468,0.83973
NZDCAD,2020-04-02,0.8397,0.84276,0.8325,0.83561
NZDCAD,2020-04-03,0.83561,0.83824,0.8266,0.82991
NZDCAD,2020-04-06,0.83518,0.84218,0.83183,0.83912
NZDCAD,2020-04-07,0.83912,0.84296,0.83329,0.83537
NZDCAD,2020-04-08,0.83539,0.84676,0.83382,0.84206
NZDCAD,2020-04-09,0.84207,0.85107,0.84079,0.84891
NZDCAD,2020-04-10,0.8489,0.85168,0.84625,0.84839
NZDCAD,2020-04-13,0.84514,0.85023,0.84366,0.84624
NZDCAD,2020-04-14,0.84625,0.85014,0.84355,0.84671
NZDCAD,2020-04-15,0.84673,0.84752,0.83882,0.84632
NZDCAD,2020-04-16,0.84632,0.84641,0.83692,0.8421
NZDCAD,2020-04-17,0.84209,0.85001,0.84095,0.844
NZDCAD,2020-04-20,0.84486,0.85542,0.84416,0.85362
NZDCAD,2020-04-21,0.85364,0.85389,0.84408,0.846
NZDCAD,2020-04-22,0.84601,0.85011,0.83932,0.83993
NZDCAD,2020-04-23,0.83992,0.85067,0.83879,0.84455
NZDCAD,2020-04-24,0.84457,0.84886,0.84225,0.84729
NZDCAD,2020-04-27,0.84722,0.85425,0.84455,0.84551
NZDCAD,2020-04-28,0.8455,0.85018,0.84257,0.84951
NZDCAD,2020-04-29,0.84951,0.85314,0.84738,0.85183
NZDCAD,2020-04-30,0.85181,0.85747,0.84837,0.85367
NZDCAD,2020-05-01,0.85367,0.85566,0.84931,0.85317
NZDCAD,2020-05-04,0.85277,0.85492,0.84755,0.85197
NZDCAD,2020-05-05,0.85197,0.85378,0.84802,0.8497
NZDCAD,2020-05-06,0.84971,0.8552,0.8487,0.85077
NZDCAD,2020-05-07,0.85077,0.85453,0.84593,0.85147
NZDCAD,2020-05-08,0.85146,0.85682,0.85047,0.85424
NZDCAD,2020-05-11,0.85633,0.85638,0.84915,0.85189
NZDCAD,2020-05-12,0.85189,0.85656,0.84938,0.85414
NZDCAD,2020-05-13,0.85415,0.85704,0.84337,0.84478
NZDCAD,2020-05-14,0.8448,0.84599,0.83968,0.84362
NZDCAD,2020-05-15,0.84363,0.84428,0.83431,0.83609
NZDCAD,2020-05-18,0.83693,0.84433,0.83564,0.84179
NZDCAD,2020-05-19,0.84178,0.84856,0.84112,0.84809
NZDCAD,2020-05-20,0.84809,0.85492,0.84804,0.85464
NZDCAD,2020-05-21,0.85464,0.85503,0.85042,0.85376
NZDCAD,2020-05-22,0.85375,0.85741,0.85177,0.85324
NZDCAD,2020-05-25,0.85297,0.85395,0.85154,0.85323
NZDCAD,2020-05-26,0.85325,0.85948,0.85235,0.85409
NZDCAD,2020-05-27,0.85408,0.85597,0.84856,0.85093
NZDCAD,2020-05-28,0.85093,0.85699,0.84965,0.85359
NZDCAD,2020-05-29,0.85363,0.85686,0.85285,0.85392
NZDCAD,2020-06-01,0.85362,0.85715,0.85238,0.85307
NZDCAD,2020-06-02,0.85306,0.8631,0.84808,0.86225
NZDCAD,2020-06-03,0.86224,0.869,0.86217,0.86721
NZDCAD,2020-06-04,0.86721,0.8739,0.86508,0.87248
NZDCAD,2020-06-05,0.87247,0.87791,0.87143,0.8726
NZDCAD,2020-06-08,0.87203,0.8781,0.87147,0.87789
NZDCAD,2020-06-09,0.8779,0.87918,0.87145,0.87205
NZDCAD,2020-06-10,0.87207,0.87782,0.87182,0.87413
NZDCAD,2020-06-11,0.87413,0.87846,0.87231,0.87443
NZDCAD,2020-06-12,0.87446,0.87731,0.87107,0.87512
NZDCAD,2020-06-15,0.87613,0.87973,0.87292,0.87947
NZDCAD,2020-06-16,0.87947,0.87961,0.87079,0.87413
NZDCAD,2020-06-17,0.87416,0.87811,0.87188,0.87501
NZDCAD,2020-06-18,0.87501,0.87568,0.87247,0.87363
NZDCAD,2020-06-19,0.87363,0.87523,0.87096,0.87123
NZDCAD,2020-06-22,0.86893,0.87884,0.86858,0.87675
NZDCAD,2020-06-23,0.87674,0.88203,0.87253,0.88021
NZDCAD,2020-06-24,0.88021,0.88117,0.87122,0.87351
NZDCAD,2020-06-25,0.8735,0.87803,0.87312,0.8769
NZDCAD,2020-06-26,0.87689,0.88016,0.87559,0.87833
NZDCAD,2020-06-29,0.87548,0.87961,0.87511,0.87767
NZDCAD,2020-06-30,0.87766,0.8785,0.87447,0.87544
NZDCAD,2020-07-01,0.87544,0.88167,0.87466,0.88048
NZDCAD,2020-07-02,0.88047,0.8876,0.88042,0.88312
NZDCAD,2020-07-03,0.88314,0.88679,0.8803,0.88351
NZDCAD,2020-07-06,0.88458,0.88885,0.88363,0.88778
NZDCAD,2020-07-07,0.88778,0.8928,0.88478,0.8908
NZDCAD,2020-07-08,0.89081,0.89208,0.88724,0.8884
NZDCAD,2020-07-09,0.88842,0.89285,0.88707,0.89198
NZDCAD,2020-07-10,0.89201,0.89483,0.8903,0.89298
NZDCAD,2020-07-13,0.89298,0.89388,0.88883,0.88942
NZDCAD,2020-07-14,0.88943,0.8903,0.88602,0.88975
NZDCAD,2020-07-15,0.88977,0.89285,0.88683,0.88775
NZDCAD,2020-07-16,0.88774,0.88886,0.88427,0.88759
NZDCAD,2020-07-17,0.88761,0.89099,0.88685,0.88973
NZDCAD,2020-07-20,0.88917,0.89098,0.88782,0.88988
NZDCAD,2020-07-21,0.88989,0.89397,0.88625,0.89372
NZDCAD,2020-07-22,0.89375,0.89788,0.89007,0.893
NZDCAD,2020-07-23,0.893,0.89543,0.88756,0.88909
NZDCAD,2020-07-24,0.88909,0.89114,0.88807,0.89047
NZDCAD,2020-07-27,0.88911,0.89653,0.88862,0.89198
NZDCAD,2020-07-28,0.89197,0.89363,0.88711,0.89088
NZDCAD,2020-07-29,0.89087,0.89153,0.88751,0.88773
NZDCAD,2020-07-30,0.88773,0.89951,0.88589,0.89803
NZDCAD,2020-07-31,0.89808,0.90103,0.88684,0.88853
NZDCAD,2020-08-03,0.88788,0.89073,0.88294,0.88582
NZDCAD,2020-08-04,0.88582,0.88701,0.88127,0.88343
NZDCAD,2020-08-05,0.88342,0.88389,0.88001,0.88162
NZDCAD,2020-08-06,0.8816,0.89038,0.87969,0.88995
NZDCAD,2020-08-07,0.88997,0.89138,0.88247,0.88283
NZDCAD,2020-08-10,0.88478,0.88492,0.8782,0.88022
NZDCAD,2020-08-11,0.88019,0.88278,0.87317,0.87428
NZDCAD,2020-08-12,0.87428,0.87542,0.86898,0.87087
NZDCAD,2020-08-13,0.87087,0.87298,0.86417,0.86527
NZDCAD,2020-08-14,0.86527,0.86893,0.863,0.86758
NZDCAD,2020-08-17,0.86497,0.86853,0.86254,0.86625
NZDCAD,2020-08-18,0.86624,0.86985,0.86189,0.86953
NZDCAD,2020-08-19,0.86953,0.87455,0.86556,0.86672
NZDCAD,2020-08-20,0.86674,0.86838,0.85757,0.86155
NZDCAD,2020-08-21,0.86154,0.86403,0.85996,0.86123
NZDCAD,2020-08-24,0.86008,0.8652,0.8588,0.86258
NZDCAD,2020-08-25,0.86258,0.86465,0.86078,0.86242
NZDCAD,2020-08-26,0.86242,0.87158,0.86209,0.87133
NZDCAD,2020-08-27,0.87132,0.87488,0.86798,0.87183
NZDCAD,2020-08-28,0.87181,0.88349,0.87136,0.88268
NZDCAD,2020-08-31,0.88083,0.88278,0.87674,0.87774
NZDCAD,2020-09-01,0.87772,0.88533,0.87728,0.88343
NZDCAD,2020-09-02,0.88339,0.8867,0.88089,0.88253
NZDCAD,2020-09-03,0.88251,0.88408,0.87771,0.87875
NZDCAD,2020-09-04,0.87875,0.88078,0.87511,0.87765
NZDCAD,2020-09-07,0.87602,0.8791,0.87534,0.8761
NZDCAD,2020-09-08,0.8761,0.87856,0.87373,0.87522
NZDCAD,2020-09-09,0.87522,0.88173,0.87511,0.87842
NZDCAD,2020-09-10,0.87842,0.88014,0.87562,0.87648
NZDCAD,2020-09-11,0.87649,0.88103,0.87647,0.87798
NZDCAD,2020-09-14,0.87762,0.88486,0.87762,0.88245
NZDCAD,2020-09-15,0.88246,0.88616,0.88057,0.88508
NZDCAD,2020-09-16,0.88509,0.8896,0.88446,0.88605
NZDCAD,2020-09-17,0.88603,0.88995,0.88397,0.8893
NZDCAD,2020-09-18,0.88931,0.89389,0.88897,0.89172
NZDCAD,2020-09-21,0.89123,0.89323,0.88446,0.88642
NZDCAD,2020-09-22,0.88648,0.8889,0.8815,0.88158
NZDCAD,2020-09-23,0.88158,0.88377,0.87412,0.87578
NZDCAD,2020-09-24,0.87578,0.87676,0.87245,0.87411
NZDCAD,2020-09-25,0.87411,0.87972,0.87383,0.876
NZDCAD,2020-09-28,0.87537,0.87804,0.87502,0.87698
NZDCAD,2020-09-29,0.87698,0.8836,0.87691,0.88338
NZDCAD,2020-09-30,0.8834,0.88468,0.8794,0.88107
NZDCAD,2020-10-01,0.88108,0.88458,0.88011,0.88357
NZDCAD,2020-10-02,0.88356,0.88421,0.88087,0.88264
NZDCAD,2020-10-05,0.88263,0.88367,0.87968,0.88203
NZDCAD,2020-10-06,0.88201,0.8826,0.8757,0.87772
NZDCAD,2020-10-07,0.87772,0.87834,0.87096,0.87139
NZDCAD,2020-10-08,0.87141,0.87317,0.86546,0.86908
NZDCAD,2020-10-09,0.86906,0.87548,0.86906,0.87418
NZDCAD,2020-10-12,0.87378,0.87532,0.87049,0.87163
NZDCAD,2020-10-13,0.87163,0.87438,0.87064,0.87435
NZDCAD,2020-10-14,0.87434,0.87799,0.87336,0.87532
NZDCAD,2020-10-15,0.87531,0.87588,0.86987,0.87269
NZDCAD,2020-10-16,0.8727,0.87361,0.86998,0.87048
NZDCAD,2020-10-19,0.87182,0.87535,0.86904,0.86943
NZDCAD,2020-10-20,0.86939,0.86964,0.86246,0.86317
NZDCAD,2020-10-21,0.86318,0.87628,0.86288,0.87388
NZDCAD,2020-10-22,0.87387,0.87836,0.87308,0.8764
NZDCAD,2020-10-23,0.8764,0.8793,0.87555,0.87751
NZDCAD,2020-10-26,0.87667,0.88351,0.87662,0.88147
NZDCAD,2020-10-27,0.88148,0.88503,0.88053,0.88372
NZDCAD,2020-10-28,0.88373,0.88708,0.88192,0.88488
NZDCAD,2020-10-29,0.88488,0.88599,0.88169,0.88253
NZDCAD,2020-10-30,0.88253,0.88625,0.87961,0.88063
NZDCAD,2020-11-02,0.88013,0.88202,0.87538,0.87664
NZDCAD,2020-11-03,0.87663,0.88237,0.87594,0.88147
NZDCAD,2020-11-04,0.88147,0.88317,0.87626,0.87922
NZDCAD,2020-11-05,0.87921,0.88511,0.87882,0.88484
NZDCAD,2020-11-06,0.88481,0.88832,0.88222,0.88368
NZDCAD,2020-11-09,0.88513,0.88841,0.88278,0.88758
NZDCAD,2020-11-10,0.88758,0.89055,0.88573,0.88955
NZDCAD,2020-11-11,0.88957,0.90118,0.88794,0.90103
NZDCAD,2020-11-12,0.90101,0.90295,0.89715,0.89828
NZDCAD,2020-11-13,0.89829,0.90055,0.89482,0.89877
NZDCAD,2020-11-16,0.89912,0.90411,0.89799,0.90298
NZDCAD,2020-11-17,0.90299,0.90405,0.90007,0.90298
NZDCAD,2020-11-18,0.90298,0.90669,0.9016,0.90546
NZDCAD,2020-11-19,0.90547,0.90547,0.90197,0.90363
NZDCAD,2020-11-20,0.90357,0.90918,0.90317,0.90661
NZDCAD,2020-11-23,0.90599,0.90993,0.90392,0.9059
NZDCAD,2020-11-24,0.90587,0.91218,0.90502,0.90677
NZDCAD,2020-11-25,0.9068,0.91213,0.90577,0.91045
NZDCAD,2020-11-26,0.91046,0.91288,0.9094,0.91173
NZDCAD,2020-11-27,0.91171,0.91378,0.91088,0.91125
NZDCAD,2020-11-30,0.91362,0.91486,0.90961,0.91178
NZDCAD,2020-12-01,0.91177,0.91543,0.91091,0.91419
NZDCAD,2020-12-02,0.91418,0.91524,0.91037,0.91318
NZDCAD,2020-12-03,0.91318,0.91619,0.90928,0.90975
NZDCAD,2020-12-04,0.90976,0.9104,0.8987,0.89968
NZDCAD,2020-12-07,0.89998,0.90438,0.89857,0.90106
NZDCAD,2020-12-08,0.90108,0.90388,0.89886,0.90215
NZDCAD,2020-12-09,0.90215,0.90655,0.89873,0.89984
NZDCAD,2020-12-10,0.89985,0.90458,0.89836,0.90357
NZDCAD,2020-12-11,0.90359,0.90603,0.90265,0.90409
NZDCAD,2020-12-14,0.90482,0.90753,0.90312,0.90389
NZDCAD,2020-12-15,0.90387,0.90462,0.89942,0.89987
NZDCAD,2020-12-16,0.89985,0.90721,0.89974,0.90602
NZDCAD,2020-12-17,0.90603,0.911,0.90478,0.90975
NZDCAD,2020-12-18,0.90976,0.91284,0.9073,0.91228
NZDCAD,2020-12-21,0.91013,0.91348,0.90534,0.91188
NZDCAD,2020-12-22,0.9119,0.91224,0.90716,0.90933
NZDCAD,2020-12-23,0.90938,0.91298,0.90742,0.91172
NZDCAD,2020-12-24,0.91171,0.91398,0.90819,0.91193
NZDCAD,2020-12-25,0.91141,0.91503,0.91066,0.91298
NZDCAD,2020-12-28,0.91378,0.91574,0.91045,0.91263
NZDCAD,2020-12-29,0.91263,0.91703,0.91238,0.91643
NZDCAD,2020-12-30,0.91645,0.92087,0.91627,0.91983
NZDCAD,2020-12-31,0.91983,0.92226,0.91353,0.91353
NZDCAD,2021-01-04,0.91433,0.91768,0.91307,0.91736
NZDCAD,2021-01-05,0.91735,0.92134,0.91636,0.91938
NZDCAD,2021-01-06,0.91939,0.92563,0.91815,0.92501
NZDCAD,2021-01-07,0.92502,0.92509,0.91897,0.92155
NZDCAD,2021-01-08,0.92155,0.92278,0.91762,0.91808
NZDCAD,2021-01-11,0.91857,0.92008,0.91437,0.91619
NZDCAD,2021-01-12,0.91618,0.91927,0.9139,0.91838
NZDCAD,2021-01-13,0.91838,0.91968,0.91037,0.91284
NZDCAD,2021-01-14,0.91283,0.91412,0.90982,0.91265
NZDCAD,2021-01-15,0.91263,0.91346,0.90772,0.9081
NZDCAD,2021-01-18,0.90883,0.91076,0.90562,0.90707
NZDCAD,2021-01-19,0.90708,0.90859,0.90471,0.90689
NZDCAD,2021-01-20,0.90691,0.90794,0.90378,0.90719
NZDCAD,2021-01-21,0.90719,0.91274,0.90599,0.91238
NZDCAD,2021-01-22,0.91242,0.91431,0.90981,0.9137
NZDCAD,2021-01-25,0.91263,0.91803,0.91086,0.91693
NZDCAD,2021-01-26,0.91694,0.92067,0.91593,0.91861
NZDCAD,2021-01-27,0.91861,0.92028,0.91351,0.91526
NZDCAD,2021-01-28,0.91526,0.92073,0.91378,0.92028
NZDCAD,2021-01-29,0.92025,0.92165,0.91699,0.91699
NZDCAD,2021-02-01,0.91503,0.92068,0.91493,0.92044
NZDCAD,2021-02-02,0.92043,0.92125,0.91564,0.91964
NZDCAD,2021-02-03,0.91966,0.92314,0.9184,0.92311
NZDCAD,2021-02-04,0.9231,0.92363,0.91681,0.91798
NZDCAD,2021-02-05,0.91798,0.91989,0.91347,0.91853
NZDCAD,2021-02-08,0.91707,0.92194,0.91666,0.92049
NZDCAD,2021-02-09,0.92052,0.92318,0.91817,0.91937
NZDCAD,2021-02-10,0.91937,0.91942,0.91458,0.91637
NZDCAD,2021-02-11,0.91635,0.91873,0.91529,0.91822
NZDCAD,2021-02-12,0.91825,0.91866,0.91495,0.91499
NZDCAD,2021-02-15,0.91368,0.91804,0.91233,0.91378
NZDCAD,2021-02-16,0.91374,0.91866,0.91285,0.91366
NZDCAD,2021-02-17,0.91366,0.9156,0.91041,0.91344
NZDCAD,2021-02-18,0.91344,0.91606,0.91228,0.91522
NZDCAD,2021-02-19,0.91521,0.92154,0.91457,0.91904
NZDCAD,2021-02-22,0.91927,0.92603,0.91927,0.92397
NZDCAD,2021-02-23,0.92397,0.92507,0.92036,0.92404
NZDCAD,2021-02-24,0.92405,0.93283,0.92062,0.931
NZDCAD,2021-02-25,0.931,0.93238,0.92687,0.92846
NZDCAD,2021-02-26,0.92846,0.92935,0.91876,0.92077
NZDCAD,2021-03-01,0.92128,0.9255,0.91706,0.91938
NZDCAD,2021-03-02,0.91937,0.92183,0.91323,0.92127
NZDCAD,2021-03-03,0.9213,0.92215,0.9151,0.91593
NZDCAD,2021-03-04,0.91593,0.91913,0.90883,0.90984
NZDCAD,2021-03-05,0.90985,0.9108,0.90395,0.90597
NZDCAD,2021-03-08,0.90608,0.90775,0.89857,0.90262
NZDCAD,2021-03-09,0.90263,0.90773,0.90022,0.90773
NZDCAD,2021-03-10,0.90769,0.90886,0.90406,0.9077
NZDCAD,2021-03-11,0.90772,0.9111,0.90205,0.90565
NZDCAD,2021-03-12,0.90565,0.90591,0.89395,0.89447
NZDCAD,2021-03-15,0.89498,0.89878,0.89444,0.89848
NZDCAD,2021-03-16,0.89847,0.89896,0.89282,0.89489
NZDCAD,2021-03-17,0.89488,0.90137,0.8925,0.89826
NZDCAD,2021-03-18,0.89828,0.89949,0.8933,0.89522
NZDCAD,2021-03-19,0.89523,0.89727,0.89367,0.89481
NZDCAD,2021-03-22,0.89443,0.8995,0.89199,0.89281
NZDCAD,2021-03-23,0.89281,0.89299,0.87938,0.88016
NZDCAD,2021-03-24,0.88019,0.88086,0.87354,0.87645
NZDCAD,2021-03-25,0.87645,0.87856,0.87478,0.87788
NZDCAD,2021-03-26,0.87788,0.8804,0.87653,0.87941
NZDCAD,2021-03-29,0.87761,0.88393,0.87761,0.88232
NZDCAD,2021-03-30,0.88237,0.88495,0.87986,0.88229
NZDCAD,2021-03-31,0.88228,0.88255,0.87659,0.8772
NZDCAD,2021-04-01,0.87719,0.88235,0.87477,0.88096
NZDCAD,2021-04-02,0.88097,0.88473,0.8805,0.88273
NZDCAD,2021-04-05,0.88295,0.88566,0.8818,0.88457
NZDCAD,2021-04-06,0.88456,0.88798,0.87996,0.88781
NZDCAD,2021-04-07,0.88782,0.88861,0.88292,0.8844
NZDCAD,2021-04-08,0.88443,0.88875,0.88393,0.88692
NZDCAD,2021-04-09,0.88692,0.88708,0.88033,0.88033
NZDCAD,2021-04-12,0.88009,0.88385,0.8797,0.88322
NZDCAD,2021-04-13,0.88319,0.88684,0.88111,0.88509
NZDCAD,2021-04-14,0.88509,0.89597,0.88402,0.89347
NZDCAD,2021-04-15,0.89348,0.90037,0.89342,0.89997
NZDCAD,2021-04-16,0.89997,0.90034,0.89107,0.89307
NZDCAD,2021-04-19,0.89133,0.9004,0.8907,0.90024
NZDCAD,2021-04-20,0.90024,0.90621,0.89976,0.9035
NZDCAD,2021-04-21,0.90352,0.90818,0.89833,0.90064
NZDCAD,2021-04-22,0.90062,0.90132,0.89344,0.89433
NZDCAD,2021-04-23,0.89437,0.89859,0.89429,0.89741
NZDCAD,2021-04-26,0.8969,0.89987,0.89514,0.89604
NZDCAD,2021-04-27,0.89604,0.89674,0.89289,0.89355
NZDCAD,2021-04-28,0.89358,0.89605,0.89184,0.8942
NZDCAD,2021-04-29,0.8942,0.89527,0.88826,0.88948
NZDCAD,2021-04-30,0.8895,0.89041,0.87874,0.87949
NZDCAD,2021-05-03,0.88038,0.8852,0.87932,0.88367
NZDCAD,2021-05-04,0.88365,0.88384,0.87741,0.88082
NZDCAD,2021-05-05,0.88082,0.88588,0.87964,0.88546
NZDCAD,2021-05-06,0.88547,0.88626,0.87795,0.87904
NZDCAD,2021-05-07,0.87899,0.8857,0.8778,0.88218
NZDCAD,2021-05-10,0.88262,0.88433,0.87813,0.87922
NZDCAD,2021-05-11,0.87924,0.88194,0.87748,0.87838
NZDCAD,2021-05-12,0.87837,0.87874,0.86645,0.86811
NZDCAD,2021-05-13,0.8681,0.87487,0.86653,0.87387
NZDCAD,2021-05-14,0.87387,0.87838,0.87248,0.87712
NZDCAD,2021-05-17,0.87492,0.87779,0.86777,0.87057
NZDCAD,2021-05-18,0.87058,0.8746,0.87033,0.87361
NZDCAD,2021-05-19,0.87359,0.87416,0.8663,0.86861
NZDCAD,2021-05-20,0.86865,0.87118,0.86694,0.86795
NZDCAD,2021-05-21,0.86794,0.8691,0.86338,0.86419
NZDCAD,2021-05-24,0.8646,0.87069,0.8629,0.86914
NZDCAD,2021-05-25,0.86911,0.8733,0.86888,0.87157
NZDCAD,2021-05-26,0.87155,0.88514,0.87135,0.88263
NZDCAD,2021-05-27,0.88262,0.88436,0.87876,0.87905
NZDCAD,2021-05-28,0.87907,0.87967,0.87349,0.87464
NZDCAD,2021-05-31,0.87423,0.87962,0.87356,0.8775
NZDCAD,2021-06-01,0.87744,0.87809,0.87112,0.87532
NZDCAD,2021-06-02,0.87532,0.87677,0.87013,0.87074
NZDCAD,2021-06-03,0.87077,0.87131,0.86292,0.86527
NZDCAD,2021-06-04,0.86529,0.87149,0.8644,0.8706
NZDCAD,2021-06-07,0.86817,0.87482,0.86683,0.87312
NZDCAD,2021-06-08,0.87313,0.87354,0.86922,0.87074
NZDCAD,2021-06-09,0.87077,0.87209,0.86661,0.8687
NZDCAD,2021-06-10,0.86869,0.87129,0.86829,0.86954
NZDCAD,2021-06-11,0.86951,0.87113,0.86422,0.86613
NZDCAD,2021-06-14,0.86653,0.86915,0.86614,0.86726
NZDCAD,2021-06-15,0.86726,0.86944,0.86566,0.86772
NZDCAD,2021-06-16,0.8677,0.87109,0.86387,0.86803
NZDCAD,2021-06-17,0.86803,0.87153,0.86339,0.86585
NZDCAD,2021-06-18,0.86588,0.86599,0.85982,0.86297
NZDCAD,2021-06-21,0.86406,0.86806,0.8628,0.86397
NZDCAD,2021-06-22,0.86395,0.86651,0.86228,0.8637
NZDCAD,2021-06-23,0.86368,0.86762,0.86223,0.86673
NZDCAD,2021-06-24,0.86675,0.87082,0.86649,0.87014
NZDCAD,2021-06-25,0.87012,0.87213,0.86815,0.86853
NZDCAD,2021-06-28,0.86855,0.87087,0.86635,0.86929
NZDCAD,2021-06-29,0.8693,0.86956,0.86368,0.8663
NZDCAD,2021-06-30,0.86632,0.86792,0.86299,0.86696
NZDCAD,2021-07-01,0.86696,0.86768,0.8651,0.86614
NZDCAD,2021-07-02,0.86612,0.86707,0.86263,0.86636
NZDCAD,2021-07-05,0.86506,0.87117,0.86386,0.87002
NZDCAD,2021-07-06,0.87002,0.87804,0.86997,0.87407
NZDCAD,2021-07-07,0.87407,0.878,0.87325,0.8752
NZDCAD,2021-07-08,0.87522,0.87631,0.86855,0.87056
NZDCAD,2021-07-09,0.87058,0.87371,0.86872,0.87007
NZDCAD,2021-07-12,0.87077,0.87258,0.86845,0.87002
NZDCAD,2021-07-13,0.87006,0.87253,0.86644,0.86929
NZDCAD,2021-07-14,0.86929,0.88127,0.86893,0.88073
NZDCAD,2021-07-15,0.88069,0.88477,0.87597,0.88262
NZDCAD,2021-07-16,0.8826,0.8839,0.87953,0.88248
NZDCAD,2021-07-19,0.88216,0.89116,0.8812,0.88321
NZDCAD,2021-07-20,0.88323,0.88538,0.8763,0.87739
NZDCAD,2021-07-21,0.8774,0.87924,0.87326,0.87472
NZDCAD,2021-07-22,0.87472,0.87719,0.87368,0.87686
NZDCAD,2021-07-23,0.87685,0.87908,0.87551,0.87579
NZDCAD,2021-07-26,0.87422,0.87869,0.87409,0.878
NZDCAD,2021-07-27,0.87799,0.8784,0.87308,0.87654
NZDCAD,2021-07-28,0.87654,0.8769,0.8691,0.87124
NZDCAD,2021-07-29,0.87122,0.87356,0.86943,0.8726
NZDCAD,2021-07-30,0.87255,0.87297,0.86819,0.86861
NZDCAD,2021-08-02,0.86788,0.87358,0.86747,0.87325
NZDCAD,2021-08-03,0.87326,0.88358,0.87299,0.88286
NZDCAD,2021-08-04,0.88286,0.88881,0.88231,0.88343
NZDCAD,2021-08-05,0.88341,0.88496,0.8808,0.88095
NZDCAD,2021-08-06,0.88094,0.88336,0.87952,0.87968
NZDCAD,2021-08-09,0.87814,0.88216,0.87799,0.87915
NZDCAD,2021-08-10,0.87907,0.87978,0.87625,0.87695
NZDCAD,2021-08-11,0.87695,0.88225,0.87642,0.88058
NZDCAD,2021-08-12,0.88054,0.88145,0.87539,0.87682
NZDCAD,2021-08-13,0.87683,0.8818,0.87604,0.88029
NZDCAD,2021-08-16,0.88097,0.88379,0.87942,0.88341
NZDCAD,2021-08-17,0.88341,0.88409,0.87105,0.8746
NZDCAD,2021-08-18,0.87462,0.87663,0.86791,0.87035
NZDCAD,2021-08-19,0.8703,0.87679,0.86784,0.87494
NZDCAD,2021-08-20,0.87493,0.88217,0.87436,0.87597
NZDCAD,2021-08-23,0.87439,0.87683,0.87056,0.87208
NZDCAD,2021-08-24,0.87208,0.87777,0.87055,0.87375
NZDCAD,2021-08-25,0.87378,0.8798,0.87347,0.87753
NZDCAD,2021-08-26,0.87755,0.88175,0.87611,0.88082
NZDCAD,2021-08-27,0.88083,0.88533,0.87972,0.88413
NZDCAD,2021-08-30,0.88326,0.88478,0.88057,0.88219
NZDCAD,2021-08-31,0.88222,0.89048,0.88208,0.88948
NZDCAD,2021-09-01,0.88958,0.8925,0.88663,0.89158
NZDCAD,2021-09-02,0.89155,0.89595,0.89108,0.89219
NZDCAD,2021-09-03,0.8922,0.89731,0.89216,0.89541
NZDCAD,2021-09-06,0.89405,0.89677,0.89331,0.89428
NZDCAD,2021-09-07,0.89429,0.89796,0.89206,0.89739
NZDCAD,2021-09-08,0.8975,0.90317,0.89701,0.90082
NZDCAD,2021-09-09,0.90082,0.90407,0.89874,0.89966
NZDCAD,2021-09-10,0.89968,0.90287,0.8982,0.90188
NZDCAD,2021-09-13,0.90166,0.90315,0.89916,0.89968
NZDCAD,2021-09-14,0.89969,0.90161,0.89841,0.90021
NZDCAD,2021-09-15,0.90024,0.90094,0.8965,0.89972
NZDCAD,2021-09-16,0.89971,0.90039,0.89547,0.89653
NZDCAD,2021-09-17,0.89647,0.89852,0.8943,0.89745
NZDCAD,2021-09-20,0.89665,0.90344,0.89561,0.89828
NZDCAD,2021-09-21,0.89828,0.89982,0.8956,0.89669
NZDCAD,2021-09-22,0.89665,0.89946,0.89251,0.89366
NZDCAD,2021-09-23,0.89367,0.89731,0.89023,0.89443
NZDCAD,2021-09-24,0.8944,0.89616,0.88642,0.88648
NZDCAD,2021-09-27,0.88516,0.88789,0.88257,0.8846
NZDCAD,2021-09-28,0.88459,0.88519,0.87985,0.8821
NZDCAD,2021-09-29,0.88209,0.88234,0.8749,0.87628
NZDCAD,2021-09-30,0.87629,0.87777,0.87139,0.87462
NZDCAD,2021-10-01,0.87461,0.87913,0.87419,0.87716
NZDCAD,2021-10-04,0.87656,0.87928,0.87472,0.87628
NZDCAD,2021-10-05,0.87628,0.87794,0.87412,0.87515
NZDCAD,2021-10-06,0.87515,0.8781,0.86914,0.87038
NZDCAD,2021-10-07,0.87039,0.87273,0.86829,0.87037
NZDCAD,2021-10-08,0.87037,0.87147,0.86285,0.86285
NZDCAD,2021-10-11,0.86273,0.86759,0.86244,0.86639
NZDCAD,2021-10-12,0.86638,0.86816,0.8621,0.86375
NZDCAD,2021-10-13,0.86371,0.86723,0.86178,0.86709
NZDCAD,2021-10-14,0.86709,0.87158,0.86637,0.87049
NZDCAD,2021-10-15,0.87046,0.87633,0.8698,0.87401
NZDCAD,2021-10-18,0.87309,0.87768,0.8726,0.87726
NZDCAD,2021-10-19,0.87725,0.88609,0.87686,0.88392
NZDCAD,2021-10-20,0.8839,0.88816,0.88288,0.88709
NZDCAD,2021-10-21,0.88709,0.88743,0.88245,0.88507
NZDCAD,2021-10-22,0.88513,0.88643,0.88035,0.88429
NZDCAD,2021-10-25,0.88305,0.88792,0.8817,0.88692
NZDCAD,2021-10-26,0.8869,0.88848,0.88581,0.88801
NZDCAD,2021-10-27,0.88804,0.89082,0.882,0.88589
NZDCAD,2021-10-28,0.88591,0.89032,0.88495,0.88819
NZDCAD,2021-10-29,0.88816,0.88818,0.88374,0.88707
NZDCAD,2021-11-01,0.88658,0.89066,0.88462,0.88815
NZDCAD,2021-11-02,0.88816,0.8894,0.88012,0.884
NZDCAD,2021-11-03,0.88395,0.8885,0.88318,0.8881
NZDCAD,2021-11-04,0.88811,0.88856,0.88328,0.88514
NZDCAD,2021-11-05,0.88512,0.88692,0.88198,0.8862
NZDCAD,2021-11-08,0.88489,0.894,0.88412,0.89104
NZDCAD,2021-11-09,0.89103,0.89186,0.88521,0.88583
NZDCAD,2021-11-10,0.88588,0.88698,0.88031,0.88225
NZDCAD,2021-11-11,0.8822,0.88553,0.87875,0.88357
NZDCAD,2021-11-12,0.88356,0.88535,0.88104,0.88297
NZDCAD,2021-11-15,0.88223,0.8866,0.87983,0.88125
NZDCAD,2021-11-16,0.88126,0.88293,0.87681,0.87822
NZDCAD,2021-11-17,0.87818,0.88341,0.87765,0.88302
NZDCAD,2021-11-18,0.883,0.88873,0.88236,0.88735
NZDCAD,2021-11-19,0.88733,0.88747,0.8838,0.8838
NZDCAD,2021-11-22,0.88498,0.8865,0.88194,0.8825
NZDCAD,2021-11-23,0.8825,0.88364,0.87943,0.88113
NZDCAD,2021-11-24,0.88114,0.88164,0.86844,0.87024
NZDCAD,2021-11-25,0.87029,0.87194,0.86509,0.86659
NZDCAD,2021-11-26,0.86661,0.87318,0.86589,0.87096
NZDCAD,2021-11-29,0.87079,0.87131,0.86688,0.86994
NZDCAD,2021-11-30,0.86995,0.87501,0.86728,0.8716
NZDCAD,2021-12-01,0.87159,0.87469,0.8707,0.87274
NZDCAD,2021-12-02,0.87276,0.87556,0.87032,0.87294
NZDCAD,2021-12-03,0.87294,0.87296,0.86332,0.86616
NZDCAD,2021-12-06,0.86611,0.86689,0.86036,0.86116
NZDCAD,2021-12-07,0.8611,0.86215,0.85508,0.85804
NZDCAD,2021-12-08,0.85797,0.86278,0.85479,0.86117
NZDCAD,2021-12-09,0.86117,0.86411,0.86066,0.86324
NZDCAD,2021-12-10,0.86326,0.86516,0.86035,0.86401
NZDCAD,2021-12-13,0.86465,0.86569,0.86296,0.86457
NZDCAD,2021-12-14,0.86467,0.86825,0.86375,0.86653
NZDCAD,2021-12-15,0.86645,0.87137,0.86455,0.86991
NZDCAD,2021-12-16,0.8699,0.87288,0.86764,0.86842
NZDCAD,2021-12-17,0.86842,0.86899,0.86517,0.86805
NZDCAD,2021-12-20,0.86857,0.8705,0.86652,0.86822
NZDCAD,2021-12-21,0.8682,0.8747,0.86732,0.87416
NZDCAD,2021-12-22,0.87415,0.87696,0.87047,0.87441
NZDCAD,2021-12-23,0.8744,0.87669,0.8726,0.87302
NZDCAD,2021-12-24,0.87291,0.87529,0.87068,0.87087
NZDCAD,2021-12-27,0.87281,0.87394,0.86971,0.87146
NZDCAD,2021-12-28,0.87145,0.87292,0.8698,0.87196
NZDCAD,2021-12-29,0.87195,0.87571,0.8704,0.87408
NZDCAD,2021-12-30,0.87407,0.87645,0.86843,0.8703
NZDCAD,2021-12-31,0.8703,0.87123,0.86294,0.86369
NZDCHF,2019-01-01,0.6584,0.66004,0.65812,0.65914
NZDCHF,2019-01-02,0.65914,0.6605,0.65027,0.65579
NZDCHF,2019-01-03,0.65581,0.66254,0.65273,0.66017
NZDCHF,2019-01-04,0.66019,0.66574,0.65861,0.66392
NZDCHF,2019-01-07,0.66499,0.66513,0.66067,0.66123
NZDCHF,2019-01-08,0.66127,0.66262,0.65855,0.66121
NZDCHF,2019-01-09,0.66122,0.66519,0.66052,0.66096
NZDCHF,2019-01-10,0.66103,0.66786,0.65885,0.66752
NZDCHF,2019-01-11,0.66754,0.67264,0.66728,0.67208
NZDCHF,2019-01-14,0.67185,0.67213,0.6679,0.66962
NZDCHF,2019-01-15,0.66961,0.67395,0.66949,0.67332
NZDCHF,2019-01-16,0.67334,0.67514,0.66773,0.67057
NZDCHF,2019-01-17,0.67057,0.67435,0.66755,0.67205
NZDCHF,2019-01-18,0.67208,0.67427,0.67019,0.67019
NZDCHF,2019-01-21,0.67065,0.6715,0.66818,0.67101
NZDCHF,2019-01-22,0.67099,0.67384,0.66826,0.67301
NZDCHF,2019-01-23,0.67302,0.67881,0.67298,0.67542
NZDCHF,2019-01-24,0.67546,0.67677,0.67233,0.67311
NZDCHF,2019-01-25,0.67314,0.6802,0.6718,0.679
NZDCHF,2019-01-28,0.67769,0.6819,0.67645,0.6775
NZDCHF,2019-01-29,0.67752,0.68069,0.67608,0.67862
NZDCHF,2019-01-30,0.67863,0.68715,0.6785,0.68524
NZDCHF,2019-01-31,0.68522,0.68895,0.68473,0.68711
NZDCHF,2019-02-01,0.68711,0.68897,0.68551,0.68551
NZDCHF,2019-02-04,0.68585,0.68756,0.68504,0.68611
NZDCHF,2019-02-05,0.68612,0.69097,0.68558,0.68979
NZDCHF,2019-02-06,0.6898,0.6904,0.67751,0.67863
NZDCHF,2019-02-07,0.67864,0.67927,0.67519,0.67604
NZDCHF,2019-02-08,0.67605,0.67793,0.67389,0.67389
NZDCHF,2019-02-11,0.67382,0.68062,0.67351,0.6763
NZDCHF,2019-02-12,0.67633,0.67996,0.67489,0.678
NZDCHF,2019-02-13,0.67801,0.68887,0.67698,0.68672
NZDCHF,2019-02-14,0.68674,0.69025,0.68641,0.68654
NZDCHF,2019-02-15,0.68654,0.69088,0.68476,0.6896
NZDCHF,2019-02-18,0.68851,0.69149,0.68674,0.68862
NZDCHF,2019-02-19,0.68865,0.68924,0.68509,0.68857
NZDCHF,2019-02-20,0.68859,0.68894,0.68513,0.68583
NZDCHF,2019-02-21,0.68587,0.68787,0.68018,0.6818
NZDCHF,2019-02-22,0.68179,0.68504,0.67659,0.68424
NZDCHF,2019-02-25,0.68581,0.68977,0.68476,0.68848
NZDCHF,2019-02-26,0.68848,0.68963,0.68693,0.68943
NZDCHF,2019-02-27,0.68944,0.68997,0.68281,0.6854
NZDCHF,2019-02-28,0.68536,0.6858,0.67769,0.68003
NZDCHF,2019-03-01,0.68003,0.68273,0.67865,0.67871
NZDCHF,2019-03-04,0.68043,0.68198,0.67949,0.68149
NZDCHF,2019-03-05,0.68149,0.68328,0.67867,0.68298
NZDCHF,2019-03-06,0.68301,0.68318,0.67878,0.67977
NZDCHF,2019-03-07,0.67978,0.68442,0.67944,0.6838
NZDCHF,2019-03-08,0.68381,0.68617,0.68217,0.68541
NZDCHF,2019-03-11,0.68381,0.69103,0.68344,0.69032
NZDCHF,2019-03-12,0.69036,0.69216,0.68945,0.69035
NZDCHF,2019-03-13,0.69038,0.69075,0.68707,0.68789
NZDCHF,2019-03-14,0.6879,0.68812,0.68381,0.68594
NZDCHF,2019-03-15,0.68595,0.68806,0.68561,0.68562
NZDCHF,2019-03-18,0.68594,0.68836,0.685,0.68517
NZDCHF,2019-03-19,0.68521,0.6868,0.68422,0.68443
NZDCHF,2019-03-20,0.68443,0.68592,0.6797,0.68551
NZDCHF,2019-03-21,0.68554,0.68733,0.68105,0.68252
NZDCHF,2019-03-22,0.68258,0.68561,0.68244,0.68292
NZDCHF,2019-03-25,0.68248,0.68621,0.68247,0.68578
NZDCHF,2019-03-26,0.68581,0.688,0.68445,0.68646
NZDCHF,2019-03-27,0.68649,0.68758,0.67498,0.67602
NZDCHF,2019-03-28,0.67599,0.67948,0.6738,0.67463
NZDCHF,2019-03-29,0.67463,0.67993,0.6742,0.67681
NZDCHF,2019-04-01,0.67823,0.68084,0.67662,0.67844
NZDCHF,2019-04-02,0.67846,0.67888,0.67269,0.67373
NZDCHF,2019-04-03,0.67373,0.67771,0.67314,0.67694
NZDCHF,2019-04-04,0.67697,0.67822,0.67335,0.6755
NZDCHF,2019-04-05,0.67553,0.67658,0.67219,0.67303
NZDCHF,2019-04-08,0.67268,0.67433,0.67178,0.67318
NZDCHF,2019-04-09,0.67321,0.67509,0.67301,0.67483
NZDCHF,2019-04-10,0.67481,0.67872,0.67425,0.6782
NZDCHF,2019-04-11,0.6782,0.67865,0.67378,0.67428
NZDCHF,2019-04-12,0.6743,0.67917,0.67353,0.67755
NZDCHF,2019-04-15,0.67684,0.67987,0.67682,0.67909
NZDCHF,2019-04-16,0.67909,0.6826,0.67186,0.6759
NZDCHF,2019-04-17,0.67591,0.68004,0.67499,0.67956
NZDCHF,2019-04-18,0.67957,0.67984,0.67614,0.67853
NZDCHF,2019-04-19,0.67855,0.67884,0.67746,0.6778
NZDCHF,2019-04-22,0.67657,0.67891,0.67655,0.67828
NZDCHF,2019-04-23,0.67829,0.67973,0.67684,0.67849
NZDCHF,2019-04-24,0.67849,0.67871,0.67169,0.67283
NZDCHF,2019-04-25,0.67285,0.67719,0.67198,0.67642
NZDCHF,2019-04-26,0.67646,0.68065,0.67606,0.67856
NZDCHF,2019-04-29,0.67769,0.68103,0.67769,0.67993
NZDCHF,2019-04-30,0.67993,0.68096,0.67552,0.67784
NZDCHF,2019-05-01,0.67783,0.67837,0.67292,0.67418
NZDCHF,2019-05-02,0.67421,0.67636,0.67339,0.6742
NZDCHF,2019-05-03,0.67421,0.67695,0.67365,0.67519
NZDCHF,2019-05-06,0.67104,0.67418,0.67055,0.67224
NZDCHF,2019-05-07,0.67224,0.6743,0.67029,0.67246
NZDCHF,2019-05-08,0.67247,0.67313,0.66514,0.6717
NZDCHF,2019-05-09,0.67173,0.67203,0.6663,0.6687
NZDCHF,2019-05-10,0.66869,0.67177,0.66646,0.66727
NZDCHF,2019-05-13,0.66641,0.66776,0.65976,0.66077
NZDCHF,2019-05-14,0.66078,0.66397,0.66076,0.66274
NZDCHF,2019-05-15,0.66276,0.66294,0.65983,0.66152
NZDCHF,2019-05-16,0.66153,0.66399,0.65956,0.65995
NZDCHF,2019-05-17,0.65998,0.66075,0.65824,0.65844
NZDCHF,2019-05-20,0.65918,0.66178,0.65821,0.65944
NZDCHF,2019-05-21,0.65945,0.66036,0.65662,0.65769
NZDCHF,2019-05-22,0.65767,0.65784,0.6546,0.65529
NZDCHF,2019-05-23,0.6553,0.65575,0.65333,0.65405
NZDCHF,2019-05-24,0.65405,0.65692,0.65324,0.65591
NZDCHF,2019-05-27,0.65577,0.65872,0.65577,0.65722
NZDCHF,2019-05-28,0.65724,0.66089,0.65715,0.659
NZDCHF,2019-05-29,0.65901,0.65951,0.65488,0.65675
NZDCHF,2019-05-30,0.65677,0.65881,0.65472,0.65476
NZDCHF,2019-05-31,0.65478,0.65611,0.65317,0.65363
NZDCHF,2019-06-03,0.65344,0.65776,0.65202,0.65416
NZDCHF,2019-06-04,0.65417,0.65667,0.65312,0.65586
NZDCHF,2019-06-05,0.65586,0.6595,0.65561,0.6587
NZDCHF,2019-06-06,0.65874,0.6597,0.65571,0.65599
NZDCHF,2019-06-07,0.65604,0.65923,0.65563,0.65779
NZDCHF,2019-06-10,0.6588,0.65922,0.65304,0.6539
NZDCHF,2019-06-11,0.6539,0.65419,0.65212,0.65329
NZDCHF,2019-06-12,0.65329,0.6551,0.65102,0.6542
NZDCHF,2019-06-13,0.6542,0.65516,0.65089,0.65157
NZDCHF,2019-06-14,0.6516,0.65162,0.64759,0.64759
NZDCHF,2019-06-17,0.64845,0.65093,0.648,0.64873
NZDCHF,2019-06-18,0.64874,0.65404,0.64718,0.65404
NZDCHF,2019-06-19,0.65403,0.65426,0.6487,0.65061
NZDCHF,2019-06-20,0.65061,0.6515,0.64464,0.64566
NZDCHF,2019-06-21,0.64565,0.64797,0.64246,0.64279
NZDCHF,2019-06-24,0.64311,0.64644,0.64246,0.64379
NZDCHF,2019-06-25,0.64381,0.64946,0.64381,0.64656
NZDCHF,2019-06-26,0.64663,0.65382,0.64401,0.65287
NZDCHF,2019-06-27,0.65287,0.65617,0.65244,0.65447
NZDCHF,2019-06-28,0.65448,0.65618,0.65265,0.65548
NZDCHF,2019-07-01,0.65739,0.66036,0.65669,0.65863
NZDCHF,2019-07-02,0.65862,0.65964,0.65668,0.65799
NZDCHF,2019-07-03,0.65799,0.66235,0.65641,0.66109
NZDCHF,2019-07-04,0.66109,0.66234,0.65794,0.65887
NZDCHF,2019-07-05,0.65888,0.65948,0.65535,0.65656
NZDCHF,2019-07-08,0.65699,0.66032,0.65649,0.65873
NZDCHF,2019-07-09,0.65874,0.65934,0.65546,0.65577
NZDCHF,2019-07-10,0.65577,0.65857,0.65269,0.65645
NZDCHF,2019-07-11,0.65645,0.66001,0.65602,0.65982
NZDCHF,2019-07-12,0.65985,0.6615,0.65659,0.65855
NZDCHF,2019-07-15,0.65774,0.66225,0.65759,0.66162
NZDCHF,2019-07-16,0.66163,0.66387,0.66119,0.66206
NZDCHF,2019-07-17,0.66206,0.66607,0.66174,0.66427
NZDCHF,2019-07-18,0.66426,0.66685,0.66291,0.66585
NZDCHF,2019-07-19,0.66585,0.66712,0.66329,0.66337
NZDCHF,2019-07-22,0.6644,0.66685,0.66184,0.66219
NZDCHF,2019-07-23,0.66219,0.66319,0.65942,0.6599
NZDCHF,2019-07-24,0.65991,0.66165,0.65914,0.65967
NZDCHF,2019-07-25,0.65967,0.66315,0.65899,0.65985
NZDCHF,2019-07-26,0.65982,0.65995,0.65821,0.65868
NZDCHF,2019-07-29,0.65844,0.65932,0.65601,0.65735
NZDCHF,2019-07-30,0.65735,0.65785,0.65411,0.65495
NZDCHF,2019-07-31,0.65495,0.65515,0.65034,0.65119
NZDCHF,2019-08-01,0.65119,0.65399,0.64829,0.64863
NZDCHF,2019-08-02,0.64863,0.64887,0.64107,0.64175
NZDCHF,2019-08-05,0.64229,0.6423,0.63243,0.63636
NZDCHF,2019-08-06,0.63636,0.64025,0.63385,0.63722
NZDCHF,2019-08-07,0.63723,0.63899,0.62159,0.62864
NZDCHF,2019-08-08,0.62864,0.63416,0.62736,0.6316
NZDCHF,2019-08-09,0.63159,0.63308,0.62794,0.62847
NZDCHF,2019-08-12,0.62899,0.62993,0.62377,0.62486
NZDCHF,2019-08-13,0.62485,0.63195,0.62045,0.63063
NZDCHF,2019-08-14,0.63065,0.63139,0.62372,0.62674
NZDCHF,2019-08-15,0.62672,0.63034,0.62526,0.62821
NZDCHF,2019-08-16,0.62821,0.63116,0.62793,0.62827
NZDCHF,2019-08-19,0.62737,0.63042,0.62557,0.62842
NZDCHF,2019-08-20,0.62843,0.63058,0.62624,0.6267
NZDCHF,2019-08-21,0.62672,0.62973,0.62595,0.62891
NZDCHF,2019-08-22,0.62889,0.62971,0.62567,0.62842
NZDCHF,2019-08-23,0.62841,0.63024,0.6222,0.62311
NZDCHF,2019-08-26,0.62069,0.62678,0.61616,0.62508
NZDCHF,2019-08-27,0.62509,0.62633,0.62182,0.62427
NZDCHF,2019-08-28,0.62427,0.62484,0.62115,0.62183
NZDCHF,2019-08-29,0.62182,0.62469,0.61823,0.62275
NZDCHF,2019-08-30,0.62273,0.62463,0.62097,0.62399
NZDCHF,2019-09-02,0.62374,0.62629,0.62214,0.62442
NZDCHF,2019-09-03,0.62442,0.62557,0.62184,0.62539
NZDCHF,2019-09-04,0.62538,0.62785,0.62284,0.62333
NZDCHF,2019-09-05,0.62333,0.62938,0.6233,0.62826
NZDCHF,2019-09-06,0.62824,0.63652,0.62797,0.63428
NZDCHF,2019-09-09,0.63374,0.63828,0.6337,0.63783
NZDCHF,2019-09-10,0.63782,0.63957,0.63445,0.63597
NZDCHF,2019-09-11,0.63596,0.63869,0.63553,0.63798
NZDCHF,2019-09-12,0.63803,0.64032,0.63372,0.63403
NZDCHF,2019-09-13,0.63401,0.63435,0.62964,0.63079
NZDCHF,2019-09-16,0.62916,0.63289,0.62859,0.62963
NZDCHF,2019-09-17,0.62962,0.63163,0.62699,0.63136
NZDCHF,2019-09-18,0.63136,0.63154,0.62868,0.62984
NZDCHF,2019-09-19,0.62984,0.63048,0.6247,0.62479
NZDCHF,2019-09-20,0.62479,0.625,0.61979,0.61991
NZDCHF,2019-09-23,0.62085,0.62351,0.61956,0.62307
NZDCHF,2019-09-24,0.62308,0.62549,0.62257,0.62276
NZDCHF,2019-09-25,0.62276,0.62671,0.61988,0.62167
NZDCHF,2019-09-26,0.62166,0.62816,0.62142,0.6255
NZDCHF,2019-09-27,0.6255,0.6264,0.62265,0.62343
NZDCHF,2019-09-30,0.623,0.6259,0.61989,0.62459
NZDCHF,2019-10-01,0.6246,0.62649,0.61886,0.61975
NZDCHF,2019-10-02,0.61975,0.62578,0.61972,0.62452
NZDCHF,2019-10-03,0.62452,0.63021,0.62429,0.6291
NZDCHF,2019-10-04,0.6291,0.63275,0.62781,0.62831
NZDCHF,2019-10-07,0.62654,0.62923,0.62467,0.62582
NZDCHF,2019-10-08,0.6258,0.62885,0.62469,0.6249
NZDCHF,2019-10-09,0.62492,0.62907,0.62299,0.62429
NZDCHF,2019-10-10,0.62429,0.63042,0.62421,0.62995
NZDCHF,2019-10-11,0.62995,0.63349,0.62919,0.63094
NZDCHF,2019-10-14,0.6308,0.63199,0.62538,0.62889
NZDCHF,2019-10-15,0.62889,0.63108,0.62476,0.62852
NZDCHF,2019-10-16,0.62852,0.62852,0.62193,0.62508
NZDCHF,2019-10-17,0.62508,0.62903,0.62404,0.62739
NZDCHF,2019-10-18,0.62739,0.62998,0.62729,0.62826
NZDCHF,2019-10-21,0.6279,0.63241,0.62736,0.63217
NZDCHF,2019-10-22,0.63217,0.63514,0.63215,0.63429
NZDCHF,2019-10-23,0.63429,0.63638,0.63185,0.63583
NZDCHF,2019-10-24,0.63583,0.63611,0.63205,0.63278
NZDCHF,2019-10-25,0.63278,0.63343,0.62997,0.63082
NZDCHF,2019-10-28,0.63141,0.63277,0.63059,0.63197
NZDCHF,2019-10-29,0.63198,0.63404,0.63084,0.63132
NZDCHF,2019-10-30,0.63132,0.63434,0.629,0.63372
NZDCHF,2019-10-31,0.63379,0.63486,0.63053,0.63259
NZDCHF,2019-11-01,0.63259,0.637,0.63221,0.63293
NZDCHF,2019-11-04,0.63355,0.63764,0.63115,0.63266
NZDCHF,2019-11-05,0.63262,0.63708,0.6319,0.63247
NZDCHF,2019-11-06,0.63248,0.63426,0.63105,0.63158
NZDCHF,2019-11-07,0.63161,0.63493,0.62986,0.63407
NZDCHF,2019-11-08,0.63408,0.63509,0.62995,0.63058
NZDCHF,2019-11-11,0.63109,0.63395,0.63073,0.63189
NZDCHF,2019-11-12,0.6319,0.63245,0.62798,0.629
NZDCHF,2019-11-13,0.62899,0.63686,0.62819,0.63478
NZDCHF,2019-11-14,0.63478,0.63519,0.62811,0.63085
NZDCHF,2019-11-15,0.63085,0.63451,0.63041,0.63318
NZDCHF,2019-11-18,0.63349,0.63487,0.63151,0.63267
NZDCHF,2019-11-19,0.63268,0.63707,0.63172,0.63694
NZDCHF,2019-11-20,0.63692,0.6387,0.63435,0.6347
NZDCHF,2019-11-21,0.6347,0.63826,0.63274,0.63578
NZDCHF,2019-11-22,0.63578,0.63925,0.63555,0.63818
NZDCHF,2019-11-25,0.63939,0.64075,0.63743,0.6393
NZDCHF,2019-11-26,0.63931,0.64127,0.63861,0.64106
NZDCHF,2019-11-27,0.64106,0.6426,0.63921,0.64033
NZDCHF,2019-11-28,0.6405,0.64225,0.63998,0.64092
NZDCHF,2019-11-29,0.64091,0.64398,0.64068,0.64151
NZDCHF,2019-12-02,0.643,0.64703,0.64248,0.64414
NZDCHF,2019-12-03,0.64414,0.64672,0.64232,0.64349
NZDCHF,2019-12-04,0.64356,0.64777,0.64109,0.64707
NZDCHF,2019-12-05,0.64707,0.64845,0.64453,0.64589
NZDCHF,2019-12-06,0.64588,0.65139,0.64563,0.64999
NZDCHF,2019-12-09,0.64896,0.64997,0.64599,0.64686
NZDCHF,2019-12-10,0.64686,0.64868,0.64318,0.64413
NZDCHF,2019-12-11,0.64413,0.64854,0.64202,0.64645
NZDCHF,2019-12-12,0.64645,0.65386,0.64572,0.65188
NZDCHF,2019-12-13,0.6519,0.65306,0.64705,0.64854
NZDCHF,2019-12-16,0.64925,0.65048,0.64735,0.64795
NZDCHF,2019-12-17,0.64794,0.64947,0.64338,0.64356
NZDCHF,2019-12-18,0.64356,0.648,0.6427,0.64516
NZDCHF,2019-12-19,0.64516,0.64677,0.64419,0.64667
NZDCHF,2019-12-20,0.64666,0.64947,0.64504,0.64875
NZDCHF,2019-12-23,0.64693,0.65155,0.64685,0.651
NZDCHF,2019-12-24,0.651,0.65262,0.64771,0.64939
NZDCHF,2019-12-25,0.64938,0.65098,0.64882,0.65073
NZDCHF,2019-12-26,0.65073,0.65496,0.65073,0.65485
NZDCHF,2019-12-27,0.65484,0.65516,0.65196,0.65278
NZDCHF,2019-12-30,0.652,0.65421,0.64901,0.65216
NZDCHF,2019-12-31,0.65215,0.65406,0.65039,0.65083
NZDCHF,2020-01-01,0.64929,0.65183,0.64819,0.65181
NZDCHF,2020-01-02,0.6518,0.65224,0.64867,0.65063
NZDCHF,2020-01-03,0.65063,0.65072,0.64629,0.64759
NZDCHF,2020-01-06,0.64594,0.64769,0.64516,0.64578
NZDCHF,2020-01-07,0.64578,0.64728,0.64164,0.64229
NZDCHF,2020-01-08,0.64228,0.64824,0.63963,0.64755
NZDCHF,2020-01-09,0.64755,0.6483,0.64207,0.6429
NZDCHF,2020-01-10,0.64293,0.64629,0.64249,0.64502
NZDCHF,2020-01-13,0.64574,0.64723,0.6427,0.64315
NZDCHF,2020-01-14,0.64315,0.64383,0.63886,0.63886
NZDCHF,2020-01-15,0.63886,0.64025,0.63533,0.63782
NZDCHF,2020-01-16,0.63784,0.6423,0.63775,0.64034
NZDCHF,2020-01-17,0.64032,0.64211,0.63914,0.6393
NZDCHF,2020-01-20,0.63965,0.64136,0.63888,0.63974
NZDCHF,2020-01-21,0.63971,0.64035,0.63756,0.63887
NZDCHF,2020-01-22,0.63889,0.64161,0.63695,0.63787
NZDCHF,2020-01-23,0.63784,0.64175,0.63728,0.64157
NZDCHF,2020-01-24,0.64157,0.64289,0.64062,0.64102
NZDCHF,2020-01-27,0.63877,0.64028,0.63384,0.63472
NZDCHF,2020-01-28,0.6347,0.6376,0.6312,0.63615
NZDCHF,2020-01-29,0.63614,0.63697,0.63472,0.63517
NZDCHF,2020-01-30,0.63515,0.63534,0.6276,0.62851
NZDCHF,2020-01-31,0.62851,0.63006,0.6223,0.62242
NZDCHF,2020-02-03,0.6232,0.62588,0.6217,0.62378
NZDCHF,2020-02-04,0.62379,0.62999,0.62274,0.62909
NZDCHF,2020-02-05,0.62908,0.63201,0.62725,0.6308
NZDCHF,2020-02-06,0.63079,0.63145,0.62865,0.62952
NZDCHF,2020-02-07,0.62953,0.62976,0.62483,0.62545
NZDCHF,2020-02-10,0.62494,0.62748,0.62329,0.62425
NZDCHF,2020-02-11,0.62426,0.62752,0.6234,0.62492
NZDCHF,2020-02-12,0.62493,0.63262,0.62469,0.6301
NZDCHF,2020-02-13,0.6301,0.63266,0.6293,0.63054
NZDCHF,2020-02-14,0.63053,0.63198,0.62995,0.63162
NZDCHF,2020-02-17,0.63261,0.63296,0.63049,0.63129
NZDCHF,2020-02-18,0.63129,0.63129,0.62677,0.62855
NZDCHF,2020-02-19,0.62854,0.63043,0.62677,0.62836
NZDCHF,2020-02-20,0.62836,0.62867,0.62202,0.62292
NZDCHF,2020-02-21,0.62293,0.62407,0.61887,0.62042
NZDCHF,2020-02-24,0.619,0.62149,0.6179,0.62142
NZDCHF,2020-02-25,0.62142,0.62233,0.61607,0.61694
NZDCHF,2020-02-26,0.61694,0.61774,0.61344,0.61386
NZDCHF,2020-02-27,0.61386,0.61539,0.6099,0.61128
NZDCHF,2020-02-28,0.61128,0.61177,0.59921,0.60206
NZDCHF,2020-03-02,0.59621,0.60548,0.59621,0.60047
NZDCHF,2020-03-03,0.60049,0.60379,0.59829,0.59919
NZDCHF,2020-03-04,0.59919,0.60333,0.59918,0.60264
NZDCHF,2020-03-05,0.60264,0.60363,0.59439,0.59706
NZDCHF,2020-03-06,0.59705,0.60008,0.59264,0.59542
NZDCHF,2020-03-09,0.58822,0.59762,0.55092,0.5882
NZDCHF,2020-03-10,0.58823,0.59143,0.58388,0.58674
NZDCHF,2020-03-11,0.58677,0.59304,0.58595,0.58807
NZDCHF,2020-03-12,0.58805,0.58842,0.57387,0.57736
NZDCHF,2020-03-13,0.57734,0.58739,0.5738,0.57606
NZDCHF,2020-03-16,0.57288,0.58063,0.56539,0.57234
NZDCHF,2020-03-17,0.57235,0.57884,0.56825,0.57064
NZDCHF,2020-03-18,0.57064,0.57242,0.54983,0.55286
NZDCHF,2020-03-19,0.55282,0.57941,0.52983,0.56176
NZDCHF,2020-03-20,0.56177,0.57532,0.55764,0.56109
NZDCHF,2020-03-23,0.55764,0.56492,0.55145,0.56344
NZDCHF,2020-03-24,0.56344,0.57357,0.56027,0.57086
NZDCHF,2020-03-25,0.57083,0.5791,0.56527,0.56661
NZDCHF,2020-03-26,0.5666,0.57631,0.56329,0.57445
NZDCHF,2020-03-27,0.57448,0.5781,0.56951,0.57429
NZDCHF,2020-03-30,0.57378,0.57733,0.57113,0.57677
NZDCHF,2020-03-31,0.57676,0.57969,0.56997,0.57197
NZDCHF,2020-04-01,0.57198,0.57766,0.56781,0.57346
NZDCHF,2020-04-02,0.57342,0.57732,0.57134,0.57623
NZDCHF,2020-04-03,0.57623,0.57641,0.57037,0.57083
NZDCHF,2020-04-06,0.57334,0.5831,0.57039,0.58169
NZDCHF,2020-04-07,0.58167,0.58534,0.57749,0.57771
NZDCHF,2020-04-08,0.57771,0.58525,0.57679,0.58449
NZDCHF,2020-04-09,0.58447,0.58858,0.58172,0.58679
NZDCHF,2020-04-10,0.58679,0.58925,0.58446,0.58446
NZDCHF,2020-04-13,0.58539,0.59067,0.5853,0.58965
NZDCHF,2020-04-14,0.58966,0.59154,0.58328,0.5856
NZDCHF,2020-04-15,0.58561,0.58575,0.57649,0.57857
NZDCHF,2020-04-16,0.57854,0.58334,0.57502,0.58132
NZDCHF,2020-04-17,0.58133,0.58469,0.57964,0.5827
NZDCHF,2020-04-20,0.58263,0.58839,0.58174,0.58479
NZDCHF,2020-04-21,0.58478,0.58514,0.57608,0.57814
NZDCHF,2020-04-22,0.57815,0.58141,0.57563,0.57604
NZDCHF,2020-04-23,0.57604,0.58797,0.57499,0.58615
NZDCHF,2020-04-24,0.58617,0.58726,0.58343,0.58462
NZDCHF,2020-04-27,0.58334,0.59113,0.58279,0.58782
NZDCHF,2020-04-28,0.58783,0.59233,0.58459,0.59159
NZDCHF,2020-04-29,0.59159,0.59832,0.59159,0.59789
NZDCHF,2020-04-30,0.5979,0.59939,0.58918,0.59132
NZDCHF,2020-05-01,0.59133,0.59178,0.58051,0.58214
NZDCHF,2020-05-04,0.58249,0.58458,0.57862,0.58411
NZDCHF,2020-05-05,0.58413,0.59032,0.58413,0.5886
NZDCHF,2020-05-06,0.5886,0.59066,0.58442,0.58584
NZDCHF,2020-05-07,0.58586,0.59361,0.58565,0.59288
NZDCHF,2020-05-08,0.59289,0.59629,0.59253,0.59543
NZDCHF,2020-05-11,0.59674,0.59774,0.58882,0.59112
NZDCHF,2020-05-12,0.59112,0.59327,0.58819,0.58821
NZDCHF,2020-05-13,0.58823,0.5908,0.58124,0.5827
NZDCHF,2020-05-14,0.58273,0.58539,0.58022,0.58505
NZDCHF,2020-05-15,0.58505,0.58529,0.5757,0.5757
NZDCHF,2020-05-18,0.577,0.58836,0.57549,0.5868
NZDCHF,2020-05-19,0.58681,0.5939,0.58652,0.59093
NZDCHF,2020-05-20,0.59092,0.59368,0.58926,0.59302
NZDCHF,2020-05-21,0.59302,0.59518,0.59015,0.59424
NZDCHF,2020-05-22,0.59424,0.5946,0.59075,0.59152
NZDCHF,2020-05-25,0.59229,0.59325,0.59075,0.59325
NZDCHF,2020-05-26,0.59325,0.60182,0.59264,0.5982
NZDCHF,2020-05-27,0.59821,0.604,0.59637,0.59885
NZDCHF,2020-05-28,0.59882,0.60212,0.5962,0.59747
NZDCHF,2020-05-29,0.59748,0.6003,0.59338,0.59558
NZDCHF,2020-06-01,0.59528,0.60567,0.59351,0.60366
NZDCHF,2020-06-02,0.60367,0.61454,0.60136,0.61378
NZDCHF,2020-06-03,0.61379,0.61945,0.61367,0.61791
NZDCHF,2020-06-04,0.61792,0.61936,0.61452,0.61745
NZDCHF,2020-06-05,0.61745,0.6294,0.61708,0.62553
NZDCHF,2020-06-08,0.62504,0.62911,0.62339,0.62877
NZDCHF,2020-06-09,0.62877,0.62975,0.61736,0.6179
NZDCHF,2020-06-10,0.61791,0.62249,0.61409,0.61431
NZDCHF,2020-06-11,0.6143,0.61673,0.60364,0.60535
NZDCHF,2020-06-12,0.60538,0.61458,0.60402,0.61326
NZDCHF,2020-06-15,0.61415,0.61692,0.60774,0.61689
NZDCHF,2020-06-16,0.61688,0.61728,0.60938,0.61432
NZDCHF,2020-06-17,0.61431,0.61652,0.61075,0.6114
NZDCHF,2020-06-18,0.6114,0.61345,0.60949,0.61171
NZDCHF,2020-06-19,0.61173,0.61288,0.60934,0.6097
NZDCHF,2020-06-22,0.60806,0.61553,0.60749,0.61476
NZDCHF,2020-06-23,0.61476,0.6163,0.61046,0.6139
NZDCHF,2020-06-24,0.6139,0.61504,0.60682,0.60696
NZDCHF,2020-06-25,0.60698,0.61094,0.60684,0.60981
NZDCHF,2020-06-26,0.60981,0.61143,0.60771,0.60829
NZDCHF,2020-06-29,0.60695,0.61144,0.60649,0.61124
NZDCHF,2020-06-30,0.61123,0.61176,0.60767,0.61084
NZDCHF,2020-07-01,0.61084,0.61407,0.60989,0.61264
NZDCHF,2020-07-02,0.61263,0.61679,0.61237,0.61535
NZDCHF,2020-07-03,0.61534,0.61792,0.61418,0.61579
NZDCHF,2020-07-06,0.61645,0.61878,0.61469,0.61759
NZDCHF,2020-07-07,0.6176,0.61927,0.6156,0.61711
NZDCHF,2020-07-08,0.61712,0.61819,0.61488,0.61668
NZDCHF,2020-07-09,0.61669,0.61902,0.61577,0.61759
NZDCHF,2020-07-10,0.61764,0.61946,0.61613,0.61819
NZDCHF,2020-07-13,0.61809,0.62046,0.61534,0.61542
NZDCHF,2020-07-14,0.61542,0.61589,0.6115,0.61466
NZDCHF,2020-07-15,0.61466,0.62132,0.61434,0.62039
NZDCHF,2020-07-16,0.62042,0.6206,0.6167,0.61819
NZDCHF,2020-07-17,0.61819,0.61895,0.61419,0.61498
NZDCHF,2020-07-20,0.61514,0.61785,0.61368,0.6177
NZDCHF,2020-07-21,0.61769,0.62211,0.61599,0.61977
NZDCHF,2020-07-22,0.61977,0.62258,0.61677,0.61883
NZDCHF,2020-07-23,0.61883,0.62101,0.61294,0.61379
NZDCHF,2020-07-24,0.61377,0.61485,0.61094,0.61099
NZDCHF,2020-07-27,0.61062,0.61623,0.61009,0.6149
NZDCHF,2020-07-28,0.61492,0.61652,0.60949,0.61119
NZDCHF,2020-07-29,0.61122,0.61226,0.60714,0.60714
NZDCHF,2020-07-30,0.60714,0.60924,0.60469,0.60829
NZDCHF,2020-07-31,0.60828,0.60882,0.60466,0.6051
NZDCHF,2020-08-03,0.6055,0.6096,0.60469,0.60683
NZDCHF,2020-08-04,0.60684,0.60785,0.60358,0.60633
NZDCHF,2020-08-05,0.60633,0.60691,0.60216,0.60347
NZDCHF,2020-08-06,0.60346,0.60881,0.60177,0.60803
NZDCHF,2020-08-07,0.60803,0.60922,0.60154,0.60154
NZDCHF,2020-08-10,0.60265,0.60524,0.60114,0.60351
NZDCHF,2020-08-11,0.60351,0.60633,0.60153,0.60259
NZDCHF,2020-08-12,0.60259,0.6034,0.59727,0.59961
NZDCHF,2020-08-13,0.59957,0.60085,0.595,0.59536
NZDCHF,2020-08-14,0.59535,0.5965,0.59392,0.59435
NZDCHF,2020-08-17,0.59483,0.59569,0.59204,0.59393
NZDCHF,2020-08-18,0.59392,0.59689,0.59159,0.59656
NZDCHF,2020-08-19,0.59657,0.60316,0.59607,0.60011
NZDCHF,2020-08-20,0.60013,0.60087,0.59077,0.59317
NZDCHF,2020-08-21,0.59316,0.59671,0.5924,0.59559
NZDCHF,2020-08-24,0.59513,0.59701,0.59384,0.59512
NZDCHF,2020-08-25,0.59513,0.59615,0.59276,0.59481
NZDCHF,2020-08-26,0.59481,0.60191,0.59449,0.6017
NZDCHF,2020-08-27,0.60171,0.60433,0.60098,0.60402
NZDCHF,2020-08-28,0.60401,0.6096,0.60291,0.60904
NZDCHF,2020-08-31,0.60806,0.60974,0.60688,0.60861
NZDCHF,2020-09-01,0.60861,0.61589,0.60813,0.61538
NZDCHF,2020-09-02,0.61539,0.61854,0.6142,0.61643
NZDCHF,2020-09-03,0.61643,0.61752,0.60842,0.60869
NZDCHF,2020-09-04,0.60872,0.61489,0.60872,0.6133
NZDCHF,2020-09-07,0.6133,0.61391,0.61085,0.6131
NZDCHF,2020-09-08,0.61308,0.61478,0.60611,0.60688
NZDCHF,2020-09-09,0.60691,0.61084,0.60682,0.60917
NZDCHF,2020-09-10,0.60921,0.60927,0.60426,0.6049
NZDCHF,2020-09-11,0.6049,0.60857,0.60415,0.60519
NZDCHF,2020-09-14,0.60519,0.60926,0.60509,0.60833
NZDCHF,2020-09-15,0.60834,0.61056,0.6069,0.60951
NZDCHF,2020-09-16,0.60953,0.61361,0.60934,0.61211
NZDCHF,2020-09-17,0.61208,0.61463,0.60957,0.61424
NZDCHF,2020-09-18,0.61423,0.61736,0.61398,0.61554
NZDCHF,2020-09-21,0.61559,0.61689,0.60808,0.60994
NZDCHF,2020-09-22,0.60995,0.61149,0.60845,0.60997
NZDCHF,2020-09-23,0.60996,0.612,0.60385,0.60454
NZDCHF,2020-09-24,0.60454,0.60735,0.60246,0.60678
NZDCHF,2020-09-25,0.60676,0.61047,0.60662,0.60713
NZDCHF,2020-09-28,0.60755,0.60939,0.60515,0.60652
NZDCHF,2020-09-29,0.60651,0.60839,0.60519,0.60688
NZDCHF,2020-09-30,0.60687,0.61076,0.60543,0.60968
NZDCHF,2020-10-01,0.60968,0.61154,0.60828,0.6111
NZDCHF,2020-10-02,0.61109,0.61159,0.60858,0.6108
NZDCHF,2020-10-05,0.6103,0.6111,0.60691,0.60879
NZDCHF,2020-10-06,0.60879,0.609,0.60364,0.60455
NZDCHF,2020-10-07,0.60456,0.6055,0.60223,0.60266
NZDCHF,2020-10-08,0.60268,0.60543,0.60029,0.60409
NZDCHF,2020-10-09,0.60407,0.60716,0.60315,0.606
NZDCHF,2020-10-12,0.60595,0.60742,0.60349,0.60431
NZDCHF,2020-10-13,0.60432,0.60901,0.60311,0.60888
NZDCHF,2020-10-14,0.60887,0.61063,0.60722,0.60792
NZDCHF,2020-10-15,0.60792,0.60817,0.60134,0.60341
NZDCHF,2020-10-16,0.60341,0.60537,0.60266,0.60366
NZDCHF,2020-10-19,0.60409,0.60701,0.59969,0.60022
NZDCHF,2020-10-20,0.6002,0.60037,0.59487,0.5966
NZDCHF,2020-10-21,0.59659,0.60358,0.59637,0.60179
NZDCHF,2020-10-22,0.60179,0.60654,0.60116,0.60553
NZDCHF,2020-10-23,0.60552,0.60647,0.60339,0.60438
NZDCHF,2020-10-26,0.60424,0.60751,0.60378,0.60607
NZDCHF,2020-10-27,0.6061,0.6098,0.60584,0.6089
NZDCHF,2020-10-28,0.60889,0.61111,0.60369,0.60544
NZDCHF,2020-10-29,0.60543,0.60742,0.60377,0.60666
NZDCHF,2020-10-30,0.60667,0.61006,0.60445,0.6059
NZDCHF,2020-11-02,0.60564,0.60993,0.60411,0.60925
NZDCHF,2020-11-03,0.60924,0.61298,0.60818,0.6126
NZDCHF,2020-11-04,0.61261,0.61326,0.60619,0.61064
NZDCHF,2020-11-05,0.61063,0.61347,0.60939,0.6116
NZDCHF,2020-11-06,0.61158,0.6139,0.60889,0.60926
NZDCHF,2020-11-09,0.60996,0.62438,0.60946,0.62281
NZDCHF,2020-11-10,0.62282,0.62682,0.62232,0.62461
NZDCHF,2020-11-11,0.62462,0.63263,0.62273,0.63252
NZDCHF,2020-11-12,0.6325,0.63328,0.62439,0.62551
NZDCHF,2020-11-13,0.62552,0.62559,0.62301,0.62446
NZDCHF,2020-11-16,0.62439,0.63032,0.62439,0.63007
NZDCHF,2020-11-17,0.63005,0.63089,0.62544,0.6279
NZDCHF,2020-11-18,0.62791,0.63189,0.62669,0.6308
NZDCHF,2020-11-19,0.63078,0.63088,0.6278,0.62901
NZDCHF,2020-11-20,0.62901,0.63354,0.6288,0.631
NZDCHF,2020-11-23,0.63056,0.63351,0.63056,0.6322
NZDCHF,2020-11-24,0.6322,0.63823,0.63199,0.6356
NZDCHF,2020-11-25,0.63559,0.6372,0.63419,0.63595
NZDCHF,2020-11-26,0.63594,0.63663,0.63392,0.63472
NZDCHF,2020-11-27,0.63473,0.63758,0.63439,0.63467
NZDCHF,2020-11-30,0.63529,0.63794,0.63356,0.6374
NZDCHF,2020-12-01,0.63741,0.63881,0.63476,0.63583
NZDCHF,2020-12-02,0.63583,0.63697,0.63026,0.63252
NZDCHF,2020-12-03,0.63251,0.63279,0.62972,0.62981
NZDCHF,2020-12-04,0.62982,0.63026,0.62624,0.62763
NZDCHF,2020-12-07,0.62736,0.62806,0.62538,0.62695
NZDCHF,2020-12-08,0.62696,0.62745,0.62426,0.62557
NZDCHF,2020-12-09,0.62556,0.63011,0.6233,0.62395
NZDCHF,2020-12-10,0.62395,0.62945,0.6237,0.62826
NZDCHF,2020-12-11,0.62829,0.63131,0.62761,0.62985
NZDCHF,2020-12-14,0.63079,0.6311,0.62699,0.62806
NZDCHF,2020-12-15,0.62807,0.62876,0.62501,0.62749
NZDCHF,2020-12-16,0.62749,0.62968,0.62571,0.62931
NZDCHF,2020-12-17,0.62929,0.63388,0.62896,0.6322
NZDCHF,2020-12-18,0.63217,0.63285,0.62889,0.63012
NZDCHF,2020-12-21,0.62919,0.63021,0.62334,0.62833
NZDCHF,2020-12-22,0.62835,0.62858,0.62402,0.6262
NZDCHF,2020-12-23,0.6262,0.6314,0.62502,0.63023
NZDCHF,2020-12-24,0.63022,0.63441,0.62896,0.63097
NZDCHF,2020-12-25,0.63097,0.63314,0.63081,0.63107
NZDCHF,2020-12-28,0.63231,0.63496,0.62987,0.63126
NZDCHF,2020-12-29,0.63129,0.63416,0.63074,0.632
NZDCHF,2020-12-30,0.632,0.63681,0.63168,0.63594
NZDCHF,2020-12-31,0.63595,0.63793,0.63517,0.63544
NZDCHF,2021-01-04,0.63494,0.63721,0.63031,0.6325
NZDCHF,2021-01-05,0.63249,0.63748,0.6321,0.63695
NZDCHF,2021-01-06,0.63697,0.64238,0.63622,0.64132
NZDCHF,2021-01-07,0.64131,0.64322,0.63874,0.64305
NZDCHF,2021-01-08,0.64305,0.644,0.6393,0.64053
NZDCHF,2021-01-11,0.64045,0.641,0.63682,0.63812
NZDCHF,2021-01-12,0.63812,0.64085,0.6373,0.64044
NZDCHF,2021-01-13,0.64042,0.64122,0.63614,0.63776
NZDCHF,2021-01-14,0.63776,0.642,0.63748,0.64103
NZDCHF,2021-01-15,0.64106,0.64163,0.63327,0.63517
NZDCHF,2021-01-18,0.63549,0.63598,0.63249,0.63385
NZDCHF,2021-01-19,0.63385,0.63584,0.63079,0.63309
NZDCHF,2021-01-20,0.63307,0.63958,0.63193,0.63885
NZDCHF,2021-01-21,0.63884,0.64069,0.63644,0.63861
NZDCHF,2021-01-22,0.63861,0.63921,0.63462,0.63531
NZDCHF,2021-01-25,0.63509,0.63995,0.63455,0.63927
NZDCHF,2021-01-26,0.63928,0.64319,0.6374,0.64169
NZDCHF,2021-01-27,0.64168,0.64231,0.63483,0.63494
NZDCHF,2021-01-28,0.63496,0.63851,0.63198,0.63733
NZDCHF,2021-01-29,0.63732,0.64203,0.6361,0.63926
NZDCHF,2021-02-01,0.63774,0.64322,0.63721,0.64224
NZDCHF,2021-02-02,0.64222,0.64684,0.6412,0.64579
NZDCHF,2021-02-03,0.64579,0.64873,0.64561,0.64871
NZDCHF,2021-02-04,0.64872,0.64986,0.64597,0.64707
NZDCHF,2021-02-05,0.64708,0.64827,0.64468,0.6471
NZDCHF,2021-02-08,0.64635,0.64984,0.64588,0.64935
NZDCHF,2021-02-09,0.64936,0.65022,0.6451,0.64624
NZDCHF,2021-02-10,0.64626,0.64631,0.64108,0.64249
NZDCHF,2021-02-11,0.64251,0.64506,0.64133,0.64355
NZDCHF,2021-02-12,0.64355,0.64428,0.64069,0.64283
NZDCHF,2021-02-15,0.64225,0.64581,0.64194,0.64357
NZDCHF,2021-02-16,0.64356,0.64574,0.64191,0.64223
NZDCHF,2021-02-17,0.64225,0.64653,0.64183,0.64625
NZDCHF,2021-02-18,0.64624,0.64729,0.64456,0.64669
NZDCHF,2021-02-19,0.64668,0.65466,0.64579,0.65356
NZDCHF,2021-02-22,0.65349,0.65774,0.65289,0.65632
NZDCHF,2021-02-23,0.65633,0.66496,0.65456,0.66425
NZDCHF,2021-02-24,0.66425,0.67572,0.66252,0.67465
NZDCHF,2021-02-25,0.67467,0.67663,0.66444,0.6667
NZDCHF,2021-02-26,0.66674,0.66735,0.6565,0.6568
NZDCHF,2021-03-01,0.65764,0.66626,0.65615,0.66549
NZDCHF,2021-03-02,0.66549,0.66766,0.66134,0.66722
NZDCHF,2021-03-03,0.66722,0.66876,0.66424,0.66488
NZDCHF,2021-03-04,0.66489,0.6728,0.66484,0.66687
NZDCHF,2021-03-05,0.66685,0.668,0.66026,0.66642
NZDCHF,2021-03-08,0.6653,0.66875,0.66348,0.66758
NZDCHF,2021-03-09,0.66758,0.66948,0.6642,0.66623
NZDCHF,2021-03-10,0.66624,0.66919,0.66354,0.66879
NZDCHF,2021-03-11,0.6688,0.67151,0.66538,0.6681
NZDCHF,2021-03-12,0.6681,0.66913,0.66582,0.66652
NZDCHF,2021-03-15,0.66475,0.6706,0.66421,0.668
NZDCHF,2021-03-16,0.66804,0.66815,0.6638,0.66527
NZDCHF,2021-03-17,0.66527,0.66937,0.66264,0.66874
NZDCHF,2021-03-18,0.66874,0.67031,0.6637,0.66451
NZDCHF,2021-03-19,0.66459,0.66703,0.66381,0.66532
NZDCHF,2021-03-22,0.66418,0.66629,0.65788,0.65846
NZDCHF,2021-03-23,0.65847,0.65868,0.65259,0.65335
NZDCHF,2021-03-24,0.65338,0.65437,0.6506,0.65216
NZDCHF,2021-03-25,0.65219,0.65479,0.65127,0.65438
NZDCHF,2021-03-26,0.65437,0.65808,0.65416,0.65672
NZDCHF,2021-03-29,0.65627,0.65915,0.65416,0.65808
NZDCHF,2021-03-30,0.65807,0.66057,0.65691,0.65838
NZDCHF,2021-03-31,0.65838,0.66111,0.65764,0.65901
NZDCHF,2021-04-01,0.65903,0.66245,0.65681,0.66152
NZDCHF,2021-04-02,0.66152,0.66348,0.65973,0.66136
NZDCHF,2021-04-05,0.66189,0.66443,0.65947,0.66134
NZDCHF,2021-04-06,0.66134,0.66216,0.65616,0.65739
NZDCHF,2021-04-07,0.65738,0.6577,0.6502,0.65171
NZDCHF,2021-04-08,0.65171,0.65403,0.65083,0.65245
NZDCHF,2021-04-09,0.65244,0.65314,0.64839,0.64934
NZDCHF,2021-04-12,0.64894,0.65166,0.6474,0.64849
NZDCHF,2021-04-13,0.64849,0.6512,0.64729,0.6497
NZDCHF,2021-04-14,0.64969,0.65961,0.64859,0.65868
NZDCHF,2021-04-15,0.65865,0.66259,0.6586,0.6614
NZDCHF,2021-04-16,0.6614,0.66166,0.65556,0.65703
NZDCHF,2021-04-19,0.65548,0.65859,0.65478,0.65773
NZDCHF,2021-04-20,0.65773,0.66113,0.65538,0.65624
NZDCHF,2021-04-21,0.65626,0.66203,0.65617,0.66025
NZDCHF,2021-04-22,0.66025,0.66086,0.65283,0.65603
NZDCHF,2021-04-23,0.65605,0.65875,0.65593,0.65709
NZDCHF,2021-04-26,0.65668,0.66231,0.65588,0.66117
NZDCHF,2021-04-27,0.66117,0.66199,0.65753,0.65834
NZDCHF,2021-04-28,0.65836,0.6619,0.65746,0.66067
NZDCHF,2021-04-29,0.66066,0.66179,0.65734,0.6586
NZDCHF,2021-04-30,0.6586,0.65928,0.65312,0.65339
NZDCHF,2021-05-03,0.65359,0.65706,0.65148,0.65593
NZDCHF,2021-05-04,0.65594,0.65694,0.64981,0.65422
NZDCHF,2021-05-05,0.65422,0.65939,0.65382,0.65904
NZDCHF,2021-05-06,0.65904,0.66034,0.65358,0.65632
NZDCHF,2021-05-07,0.65634,0.65766,0.65386,0.65516
NZDCHF,2021-05-10,0.65624,0.65707,0.65369,0.65469
NZDCHF,2021-05-11,0.65469,0.65756,0.65338,0.65631
NZDCHF,2021-05-12,0.65631,0.65681,0.64801,0.65097
NZDCHF,2021-05-13,0.65099,0.65177,0.6477,0.65053
NZDCHF,2021-05-14,0.65053,0.65431,0.64843,0.65297
NZDCHF,2021-05-17,0.6511,0.65358,0.64733,0.65201
NZDCHF,2021-05-18,0.65201,0.65316,0.64891,0.64947
NZDCHF,2021-05-19,0.64949,0.65023,0.64585,0.64735
NZDCHF,2021-05-20,0.64737,0.65,0.64515,0.64579
NZDCHF,2021-05-21,0.6458,0.64795,0.64275,0.64309
NZDCHF,2021-05-24,0.64207,0.64749,0.64207,0.64703
NZDCHF,2021-05-25,0.64703,0.64916,0.64502,0.64695
NZDCHF,2021-05-26,0.64695,0.65586,0.64682,0.65324
NZDCHF,2021-05-27,0.65325,0.65698,0.65254,0.65331
NZDCHF,2021-05-28,0.65331,0.6539,0.6504,0.6519
NZDCHF,2021-05-31,0.65225,0.65497,0.65104,0.65367
NZDCHF,2021-06-01,0.65366,0.65468,0.64884,0.65052
NZDCHF,2021-06-02,0.65054,0.65234,0.64813,0.64955
NZDCHF,2021-06-03,0.64955,0.65022,0.64443,0.64556
NZDCHF,2021-06-04,0.64557,0.64867,0.64482,0.64799
NZDCHF,2021-06-07,0.64512,0.65059,0.64512,0.6485
NZDCHF,2021-06-08,0.64851,0.64904,0.64403,0.64476
NZDCHF,2021-06-09,0.64478,0.6463,0.64177,0.64241
NZDCHF,2021-06-10,0.6424,0.64557,0.6421,0.64309
NZDCHF,2021-06-11,0.64308,0.64489,0.63933,0.63935
NZDCHF,2021-06-14,0.64022,0.64295,0.63991,0.64233
NZDCHF,2021-06-15,0.64234,0.64376,0.63846,0.63984
NZDCHF,2021-06-16,0.63984,0.6429,0.63859,0.64241
NZDCHF,2021-06-17,0.64241,0.64514,0.64058,0.64361
NZDCHF,2021-06-18,0.64361,0.64389,0.6387,0.6391
NZDCHF,2021-06-21,0.63922,0.64298,0.63777,0.64164
NZDCHF,2021-06-22,0.64163,0.64546,0.64062,0.6445
NZDCHF,2021-06-23,0.64447,0.64786,0.6434,0.64679
NZDCHF,2021-06-24,0.64679,0.64934,0.64676,0.64835
NZDCHF,2021-06-25,0.64835,0.64977,0.6475,0.6475
NZDCHF,2021-06-28,0.64834,0.65018,0.64605,0.64812
NZDCHF,2021-06-29,0.64812,0.6486,0.64274,0.64356
NZDCHF,2021-06-30,0.64358,0.64725,0.64345,0.64713
NZDCHF,2021-07-01,0.64711,0.64813,0.6434,0.64465
NZDCHF,2021-07-02,0.64463,0.6477,0.64333,0.64686
NZDCHF,2021-07-05,0.64612,0.65119,0.64538,0.65021
NZDCHF,2021-07-06,0.65021,0.65453,0.64593,0.64878
NZDCHF,2021-07-07,0.64879,0.65179,0.64712,0.64907
NZDCHF,2021-07-08,0.64909,0.64912,0.63339,0.63553
NZDCHF,2021-07-09,0.63553,0.64017,0.63363,0.63938
NZDCHF,2021-07-12,0.6392,0.64072,0.63622,0.63913
NZDCHF,2021-07-13,0.63913,0.64084,0.63521,0.63793
NZDCHF,2021-07-14,0.63794,0.64553,0.63762,0.64369
NZDCHF,2021-07-15,0.64367,0.64532,0.63899,0.64345
NZDCHF,2021-07-16,0.64346,0.64616,0.64218,0.64301
NZDCHF,2021-07-19,0.6429,0.64392,0.63475,0.63643
NZDCHF,2021-07-20,0.63644,0.63832,0.63299,0.63769
NZDCHF,2021-07-21,0.63766,0.64019,0.63559,0.63859
NZDCHF,2021-07-22,0.6386,0.64177,0.63734,0.64148
NZDCHF,2021-07-23,0.64146,0.64375,0.64031,0.64097
NZDCHF,2021-07-26,0.63913,0.64231,0.63818,0.64088
NZDCHF,2021-07-27,0.64088,0.64101,0.6333,0.63662
NZDCHF,2021-07-28,0.63664,0.63753,0.62837,0.6331
NZDCHF,2021-07-29,0.63309,0.63583,0.63187,0.63489
NZDCHF,2021-07-30,0.63488,0.63578,0.63046,0.63047
NZDCHF,2021-08-02,0.62973,0.63268,0.62935,0.63236
NZDCHF,2021-08-03,0.63237,0.63723,0.63112,0.63669
NZDCHF,2021-08-04,0.63669,0.64054,0.63598,0.63849
NZDCHF,2021-08-05,0.63848,0.64113,0.63843,0.63891
NZDCHF,2021-08-06,0.63891,0.64225,0.63881,0.64116
NZDCHF,2021-08-09,0.63938,0.64456,0.63938,0.6438
NZDCHF,2021-08-10,0.64373,0.64705,0.64119,0.64653
NZDCHF,2021-08-11,0.64654,0.6503,0.64582,0.64884
NZDCHF,2021-08-12,0.64882,0.6494,0.64545,0.64648
NZDCHF,2021-08-13,0.64649,0.64701,0.64374,0.64382
NZDCHF,2021-08-16,0.64439,0.64482,0.63926,0.6413
NZDCHF,2021-08-17,0.64129,0.64154,0.62956,0.63371
NZDCHF,2021-08-18,0.63371,0.6351,0.62793,0.63065
NZDCHF,2021-08-19,0.63064,0.63122,0.62379,0.62659
NZDCHF,2021-08-20,0.62661,0.62772,0.62357,0.62618
NZDCHF,2021-08-23,0.62505,0.63037,0.62504,0.6288
NZDCHF,2021-08-24,0.62882,0.63492,0.62796,0.63344
NZDCHF,2021-08-25,0.63345,0.63809,0.63345,0.63691
NZDCHF,2021-08-26,0.63693,0.64008,0.63611,0.63741
NZDCHF,2021-08-27,0.63743,0.64003,0.63591,0.6385
NZDCHF,2021-08-30,0.6364,0.64242,0.63639,0.64173
NZDCHF,2021-08-31,0.64175,0.647,0.64164,0.64533
NZDCHF,2021-09-01,0.64539,0.64841,0.64461,0.64678
NZDCHF,2021-09-02,0.64677,0.65133,0.64591,0.64999
NZDCHF,2021-09-03,0.64999,0.65467,0.64921,0.65322
NZDCHF,2021-09-06,0.65228,0.6547,0.65197,0.65279
NZDCHF,2021-09-07,0.65276,0.65401,0.64996,0.65243
NZDCHF,2021-09-08,0.65255,0.6552,0.65076,0.65422
NZDCHF,2021-09-09,0.65423,0.65496,0.65074,0.65104
NZDCHF,2021-09-10,0.65107,0.65632,0.6499,0.65226
NZDCHF,2021-09-13,0.65158,0.65651,0.65157,0.656
NZDCHF,2021-09-14,0.656,0.65742,0.65104,0.65265
NZDCHF,2021-09-15,0.65263,0.65631,0.65013,0.65577
NZDCHF,2021-09-16,0.65576,0.65809,0.65284,0.6556
NZDCHF,2021-09-17,0.65556,0.65674,0.65394,0.65518
NZDCHF,2021-09-20,0.6549,0.65641,0.64988,0.6509
NZDCHF,2021-09-21,0.65092,0.65346,0.64526,0.6461
NZDCHF,2021-09-22,0.64608,0.65053,0.64576,0.6475
NZDCHF,2021-09-23,0.64748,0.65434,0.64717,0.65319
NZDCHF,2021-09-24,0.65318,0.65454,0.6474,0.64758
NZDCHF,2021-09-27,0.6463,0.65089,0.64621,0.64853
NZDCHF,2021-09-28,0.64852,0.6509,0.64507,0.64656
NZDCHF,2021-09-29,0.64656,0.64671,0.64066,0.64192
NZDCHF,2021-09-30,0.64191,0.64531,0.6406,0.64305
NZDCHF,2021-10-01,0.64305,0.6465,0.64037,0.64547
NZDCHF,2021-10-04,0.6447,0.64717,0.64212,0.64382
NZDCHF,2021-10-05,0.64381,0.64696,0.64174,0.64571
NZDCHF,2021-10-06,0.6457,0.64811,0.63937,0.64162
NZDCHF,2021-10-07,0.64163,0.64442,0.64081,0.6441
NZDCHF,2021-10-08,0.64409,0.64558,0.64183,0.64193
NZDCHF,2021-10-11,0.64052,0.64529,0.64039,0.64387
NZDCHF,2021-10-12,0.64386,0.64719,0.64184,0.6442
NZDCHF,2021-10-13,0.64422,0.64589,0.64236,0.64418
NZDCHF,2021-10-14,0.6442,0.65038,0.64283,0.65021
NZDCHF,2021-10-15,0.65019,0.65359,0.64973,0.65217
NZDCHF,2021-10-18,0.65221,0.6559,0.65058,0.65481
NZDCHF,2021-10-19,0.6548,0.66164,0.6545,0.66039
NZDCHF,2021-10-20,0.66038,0.66335,0.65897,0.66137
NZDCHF,2021-10-21,0.66136,0.66307,0.6559,0.65687
NZDCHF,2021-10-22,0.65688,0.65909,0.65385,0.65499
NZDCHF,2021-10-25,0.65315,0.65971,0.65302,0.65908
NZDCHF,2021-10-26,0.65906,0.66123,0.65716,0.65912
NZDCHF,2021-10-27,0.65914,0.65966,0.65447,0.65755
NZDCHF,2021-10-28,0.65759,0.66024,0.65514,0.65583
NZDCHF,2021-10-29,0.65584,0.65675,0.65101,0.65553
NZDCHF,2021-11-01,0.65324,0.65793,0.65199,0.6527
NZDCHF,2021-11-02,0.65272,0.65417,0.64859,0.65177
NZDCHF,2021-11-03,0.65172,0.65395,0.64999,0.65384
NZDCHF,2021-11-04,0.65382,0.65409,0.64765,0.64871
NZDCHF,2021-11-05,0.64869,0.65059,0.64585,0.64907
NZDCHF,2021-11-08,0.64832,0.65673,0.64793,0.65409
NZDCHF,2021-11-09,0.65413,0.65509,0.64813,0.6489
NZDCHF,2021-11-10,0.64894,0.64987,0.64694,0.64853
NZDCHF,2021-11-11,0.64854,0.6491,0.64524,0.64657
NZDCHF,2021-11-12,0.64657,0.64941,0.64545,0.64806
NZDCHF,2021-11-15,0.64774,0.65198,0.64717,0.65158
NZDCHF,2021-11-16,0.6516,0.65253,0.64922,0.65021
NZDCHF,2021-11-17,0.65019,0.65348,0.64851,0.65015
NZDCHF,2021-11-18,0.65017,0.65412,0.649,0.65178
NZDCHF,2021-11-19,0.65179,0.65301,0.64748,0.64923
NZDCHF,2021-11-22,0.64974,0.65174,0.64707,0.64796
NZDCHF,2021-11-23,0.64795,0.6492,0.64465,0.64882
NZDCHF,2021-11-24,0.64882,0.64929,0.6404,0.64199
NZDCHF,2021-11-25,0.64198,0.64362,0.63832,0.64
NZDCHF,2021-11-26,0.64002,0.64065,0.62616,0.62825
NZDCHF,2021-11-29,0.62873,0.63353,0.62677,0.63029
NZDCHF,2021-11-30,0.6303,0.63053,0.62432,0.62741
NZDCHF,2021-12-01,0.6274,0.63169,0.6244,0.6271
NZDCHF,2021-12-02,0.62711,0.6286,0.62443,0.62644
NZDCHF,2021-12-03,0.62642,0.62645,0.61862,0.61862
NZDCHF,2021-12-06,0.61872,0.62542,0.61762,0.62453
NZDCHF,2021-12-07,0.62449,0.62858,0.62303,0.62727
NZDCHF,2021-12-08,0.62726,0.62817,0.6247,0.62632
NZDCHF,2021-12-09,0.62632,0.6286,0.62573,0.62757
NZDCHF,2021-12-10,0.62757,0.6288,0.6247,0.6251
NZDCHF,2021-12-13,0.62522,0.62711,0.62188,0.62264
NZDCHF,2021-12-14,0.6227,0.62433,0.62024,0.62235
NZDCHF,2021-12-15,0.62232,0.62772,0.62167,0.62646
NZDCHF,2021-12-16,0.62645,0.6314,0.62345,0.62441
NZDCHF,2021-12-17,0.62443,0.62515,0.62058,0.62202
NZDCHF,2021-12-20,0.62236,0.62322,0.61657,0.61862
NZDCHF,2021-12-21,0.6186,0.62561,0.61763,0.62437
NZDCHF,2021-12-22,0.62437,0.62763,0.62292,0.62556
NZDCHF,2021-12-23,0.62554,0.62971,0.62446,0.62493
NZDCHF,2021-12-24,0.62482,0.62749,0.62363,0.62368
NZDCHF,2021-12-27,0.62515,0.6275,0.62362,0.62502
NZDCHF,2021-12-28,0.625,0.62562,0.62251,0.62403
NZDCHF,2021-12-29,0.62402,0.62533,0.62291,0.62488
NZDCHF,2021-12-30,0.62487,0.62682,0.62203,0.62403
NZDCHF,2021-12-31,0.62401,0.62484,0.62238,0.62323
NZDJPY,2019-01-01,73.639,73.777,73.578,73.62
NZDJPY,2019-01-02,73.618,73.64,69.363,71.229
NZDJPY,2019-01-03,71.231,72.426,70.7,72.123
NZDJPY,2019-01-04,72.122,73.274,71.835,73.074
NZDJPY,2019-01-07,73.149,73.463,72.918,73.358
NZDJPY,2019-01-08,73.36,73.528,72.886,73.326
NZDJPY,2019-01-09,73.329,73.812,73.225,73.456
NZDJPY,2019-01-10,73.456,73.59,73.061,73.469
NZDJPY,2019-01-11,73.471,74.19,73.468,74.094
NZDJPY,2019-01-14,74.063,74.113,73.472,73.88
NZDJPY,2019-01-15,73.88,74.455,73.726,74.107
NZDJPY,2019-01-16,74.106,74.145,73.485,73.85
NZDJPY,2019-01-17,73.851,74.217,73.207,73.803
NZDJPY,2019-01-18,73.804,74.377,73.801,73.933
NZDJPY,2019-01-21,73.981,74.04,73.578,73.788
NZDJPY,2019-01-22,73.787,73.897,73.333,73.818
NZDJPY,2019-01-23,73.817,74.613,73.814,74.372
NZDJPY,2019-01-24,74.372,74.583,73.958,74.105
NZDJPY,2019-01-25,74.103,75.17,74.02,74.88
NZDJPY,2019-01-28,74.784,75.174,74.582,74.653
NZDJPY,2019-01-29,74.652,75.009,74.451,74.659
NZDJPY,2019-01-30,74.661,75.289,74.544,75.148
NZDJPY,2019-01-31,75.148,75.536,74.912,75.249
NZDJPY,2019-02-01,75.25,75.724,75.05,75.431
NZDJPY,2019-02-04,75.502,75.761,75.45,75.616
NZDJPY,2019-02-05,75.616,75.884,75.53,75.863
NZDJPY,2019-02-06,75.864,75.92,74.364,74.475
NZDJPY,2019-02-07,74.476,74.507,73.952,74.026
NZDJPY,2019-02-08,74.026,74.275,73.825,73.947
NZDJPY,2019-02-11,73.94,74.471,73.94,74.362
NZDJPY,2019-02-12,74.363,74.528,74.187,74.479
NZDJPY,2019-02-13,74.479,75.804,74.337,75.509
NZDJPY,2019-02-14,75.508,76.011,75.428,75.52
NZDJPY,2019-02-15,75.519,75.909,75.117,75.777
NZDJPY,2019-02-18,75.7,76.207,75.624,75.815
NZDJPY,2019-02-19,75.816,76.163,75.413,76.044
NZDJPY,2019-02-20,76.046,76.318,75.903,75.941
NZDJPY,2019-02-21,75.942,76.145,75.212,75.417
NZDJPY,2019-02-22,75.419,75.821,74.834,75.693
NZDJPY,2019-02-25,75.919,76.55,75.857,76.446
NZDJPY,2019-02-26,76.445,76.502,76.091,76.241
NZDJPY,2019-02-27,76.24,76.3,75.716,75.947
NZDJPY,2019-02-28,75.942,75.997,75.669,75.947
NZDJPY,2019-03-01,75.946,76.498,75.9,76.072
NZDJPY,2019-03-04,76.34,76.43,75.945,76.25
NZDJPY,2019-03-05,76.249,76.309,75.812,76.067
NZDJPY,2019-03-06,76.067,76.088,75.492,75.56
NZDJPY,2019-03-07,75.561,75.847,75.238,75.521
NZDJPY,2019-03-08,75.522,75.701,75.019,75.585
NZDJPY,2019-03-11,75.338,76.14,75.319,76.08
NZDJPY,2019-03-12,76.079,76.5,76.008,76.274
NZDJPY,2019-03-13,76.275,76.354,75.992,76.249
NZDJPY,2019-03-14,76.251,76.464,75.963,76.388
NZDJPY,2019-03-15,76.389,76.592,76.275,76.299
NZDJPY,2019-03-18,76.315,76.665,76.213,76.239
NZDJPY,2019-03-19,76.239,76.564,76.104,76.35
NZDJPY,2019-03-20,76.35,76.653,75.965,76.55
NZDJPY,2019-03-21,76.553,76.779,76.007,76.253
NZDJPY,2019-03-22,76.253,76.406,75.499,75.579
NZDJPY,2019-03-25,75.49,76.169,75.444,76.066
NZDJPY,2019-03-26,76.066,76.496,75.929,76.375
NZDJPY,2019-03-27,76.375,76.431,74.901,75.104
NZDJPY,2019-03-28,75.103,75.288,74.738,75.023
NZDJPY,2019-03-29,75.022,75.561,74.938,75.435
NZDJPY,2019-04-01,75.71,75.961,75.464,75.669
NZDJPY,2019-04-02,75.669,75.722,75.004,75.134
NZDJPY,2019-04-03,75.135,75.811,75.047,75.617
NZDJPY,2019-04-04,75.618,75.809,75.264,75.431
NZDJPY,2019-04-05,75.43,75.598,75.077,75.145
NZDJPY,2019-04-08,75.164,75.243,74.932,75.098
NZDJPY,2019-04-09,75.098,75.229,74.867,74.997
NZDJPY,2019-04-10,74.997,75.189,74.775,75.107
NZDJPY,2019-04-11,75.109,75.211,74.896,75.074
NZDJPY,2019-04-12,75.076,75.89,74.973,75.663
NZDJPY,2019-04-15,75.637,75.953,75.593,75.747
NZDJPY,2019-04-16,75.746,75.861,74.655,75.106
NZDJPY,2019-04-17,75.107,75.547,74.996,75.324
NZDJPY,2019-04-18,75.324,75.347,74.675,74.868
NZDJPY,2019-04-19,74.868,74.91,74.769,74.785
NZDJPY,2019-04-22,74.741,74.873,74.677,74.777
NZDJPY,2019-04-23,74.778,74.787,74.201,74.379
NZDJPY,2019-04-24,74.379,74.412,73.659,73.945
NZDJPY,2019-04-25,73.947,74.115,73.617,73.981
NZDJPY,2019-04-26,73.982,74.497,73.906,74.231
NZDJPY,2019-04-29,74.177,74.582,74.176,74.488
NZDJPY,2019-04-30,74.488,74.597,73.848,74.102
NZDJPY,2019-05-01,74.098,74.241,73.617,73.858
NZDJPY,2019-05-02,73.856,74.096,73.684,73.745
NZDJPY,2019-05-03,73.745,73.989,73.633,73.785
NZDJPY,2019-05-06,72.998,73.467,72.814,73.213
NZDJPY,2019-05-07,73.214,73.402,72.637,72.722
NZDJPY,2019-05-08,72.722,72.754,71.84,72.437
NZDJPY,2019-05-09,72.437,72.467,72.03,72.324
NZDJPY,2019-05-10,72.325,72.78,72.218,72.523
NZDJPY,2019-05-13,72.327,72.516,71.623,71.743
NZDJPY,2019-05-14,71.744,72.284,71.742,72.056
NZDJPY,2019-05-15,72.059,72.11,71.547,71.833
NZDJPY,2019-05-16,71.834,72.164,71.633,71.798
NZDJPY,2019-05-17,71.8,71.939,71.509,71.697
NZDJPY,2019-05-20,71.852,72.128,71.749,71.977
NZDJPY,2019-05-21,71.978,72.075,71.586,71.928
NZDJPY,2019-05-22,71.927,71.954,71.57,71.577
NZDJPY,2019-05-23,71.58,71.638,71.29,71.443
NZDJPY,2019-05-24,71.447,71.82,71.342,71.574
NZDJPY,2019-05-27,71.581,71.851,71.579,71.687
NZDJPY,2019-05-28,71.69,71.832,71.515,71.566
NZDJPY,2019-05-29,71.566,71.648,71.093,71.365
NZDJPY,2019-05-30,71.366,71.647,71.093,71.1
NZDJPY,2019-05-31,71.1,71.217,70.682,70.765
NZDJPY,2019-06-03,70.682,71.332,70.667,71.203
NZDJPY,2019-06-04,71.203,71.556,70.995,71.542
NZDJPY,2019-06-05,71.542,72.016,71.494,71.776
NZDJPY,2019-06-06,71.777,71.933,71.585,71.771
NZDJPY,2019-06-07,71.775,72.147,71.704,72.056
NZDJPY,2019-06-10,72.256,72.259,71.587,71.628
NZDJPY,2019-06-11,71.628,71.792,71.37,71.416
NZDJPY,2019-06-12,71.417,71.462,71.194,71.344
NZDJPY,2019-06-13,71.344,71.425,71.03,71.034
NZDJPY,2019-06-14,71.034,71.048,70.419,70.429
NZDJPY,2019-06-17,70.476,70.758,70.446,70.515
NZDJPY,2019-06-18,70.514,70.969,70.265,70.967
NZDJPY,2019-06-19,70.968,70.986,70.562,70.853
NZDJPY,2019-06-20,70.849,71.107,70.533,70.619
NZDJPY,2019-06-21,70.618,70.78,70.449,70.655
NZDJPY,2019-06-24,70.654,71.108,70.64,71.087
NZDJPY,2019-06-25,71.088,71.298,70.999,71.086
NZDJPY,2019-06-26,71.087,72.059,70.796,71.966
NZDJPY,2019-06-27,71.966,72.256,71.854,72.208
NZDJPY,2019-06-28,72.21,72.492,71.988,72.455
NZDJPY,2019-07-01,72.707,72.93,72.257,72.298
NZDJPY,2019-07-02,72.297,72.431,71.914,72.009
NZDJPY,2019-07-03,72.01,72.368,71.776,72.285
NZDJPY,2019-07-04,72.284,72.392,71.978,72.141
NZDJPY,2019-07-05,72.142,72.196,71.7,71.831
NZDJPY,2019-07-08,71.835,72.17,71.802,72.042
NZDJPY,2019-07-09,72.041,72.166,71.82,71.897
NZDJPY,2019-07-10,71.898,72.222,71.519,71.977
NZDJPY,2019-07-11,71.975,72.357,71.834,72.338
NZDJPY,2019-07-12,72.339,72.48,72.078,72.223
NZDJPY,2019-07-15,72.12,72.643,72.107,72.523
NZDJPY,2019-07-16,72.524,72.762,72.463,72.505
NZDJPY,2019-07-17,72.507,72.91,72.462,72.652
NZDJPY,2019-07-18,72.652,72.871,72.436,72.782
NZDJPY,2019-07-19,72.783,73.009,72.759,72.803
NZDJPY,2019-07-22,72.856,73.24,72.682,72.712
NZDJPY,2019-07-23,72.713,72.858,72.454,72.491
NZDJPY,2019-07-24,72.492,72.591,72.31,72.486
NZDJPY,2019-07-25,72.487,72.558,72.241,72.36
NZDJPY,2019-07-26,72.362,72.409,72.02,72.074
NZDJPY,2019-07-29,72.008,72.191,71.893,72.159
NZDJPY,2019-07-30,72.157,72.227,71.694,71.828
NZDJPY,2019-07-31,71.829,71.839,71.207,71.284
NZDJPY,2019-08-01,71.286,71.641,70.254,70.398
NZDJPY,2019-08-02,70.399,70.421,69.459,69.631
NZDJPY,2019-08-05,69.557,69.643,68.656,69.247
NZDJPY,2019-08-06,69.245,70.083,69.187,69.435
NZDJPY,2019-08-07,69.434,69.617,67.572,68.429
NZDJPY,2019-08-08,68.434,68.871,68.232,68.664
NZDJPY,2019-08-09,68.664,68.878,68.068,68.303
NZDJPY,2019-08-12,68.254,68.321,67.747,67.941
NZDJPY,2019-08-13,67.944,69.161,67.552,68.874
NZDJPY,2019-08-14,68.876,68.917,67.914,68.194
NZDJPY,2019-08-15,68.194,68.822,67.988,68.264
NZDJPY,2019-08-16,68.263,68.51,68.193,68.302
NZDJPY,2019-08-19,68.302,68.467,68.132,68.247
NZDJPY,2019-08-20,68.245,68.507,68.026,68.104
NZDJPY,2019-08-21,68.106,68.394,68.106,68.268
NZDJPY,2019-08-22,68.266,68.284,67.709,68.03
NZDJPY,2019-08-23,68.027,68.158,67.278,67.363
NZDJPY,2019-08-26,66.985,67.933,66.319,67.659
NZDJPY,2019-08-27,67.66,67.676,67.185,67.291
NZDJPY,2019-08-28,67.289,67.39,66.962,67.215
NZDJPY,2019-08-29,67.213,67.472,66.771,67.239
NZDJPY,2019-08-30,67.241,67.292,66.834,66.981
NZDJPY,2019-09-02,66.829,67.152,66.732,66.942
NZDJPY,2019-09-03,66.942,67.16,66.662,67.082
NZDJPY,2019-09-04,67.084,67.708,67.015,67.581
NZDJPY,2019-09-05,67.581,68.385,67.581,68.214
NZDJPY,2019-09-06,68.213,68.821,68.122,68.691
NZDJPY,2019-09-09,68.529,69.012,68.529,68.99
NZDJPY,2019-09-10,68.992,69.24,68.709,69.014
NZDJPY,2019-09-11,69.015,69.4,68.925,69.355
NZDJPY,2019-09-12,69.361,69.682,69.105,69.247
NZDJPY,2019-09-13,69.247,69.347,68.889,68.903
NZDJPY,2019-09-16,68.479,68.958,68.446,68.58
NZDJPY,2019-09-17,68.578,68.772,68.377,68.751
NZDJPY,2019-09-18,68.751,68.789,68.3,68.505
NZDJPY,2019-09-19,68.505,68.533,68.0,68.008
NZDJPY,2019-09-20,68.01,68.015,67.283,67.291
NZDJPY,2019-09-23,67.433,67.787,67.207,67.742
NZDJPY,2019-09-24,67.743,68.099,67.636,67.68
NZDJPY,2019-09-25,67.68,68.19,67.469,67.557
NZDJPY,2019-09-26,67.557,68.092,67.502,67.853
NZDJPY,2019-09-27,67.852,68.26,67.657,67.903
NZDJPY,2019-09-30,67.807,67.968,67.39,67.659
NZDJPY,2019-10-01,67.659,67.915,67.086,67.266
NZDJPY,2019-10-02,67.264,67.461,66.931,67.149
NZDJPY,2019-10-03,67.149,67.503,67.03,67.332
NZDJPY,2019-10-04,67.333,67.758,67.325,67.498
NZDJPY,2019-10-07,67.24,67.631,67.133,67.473
NZDJPY,2019-10-08,67.474,67.887,67.328,67.336
NZDJPY,2019-10-09,67.339,67.894,67.207,67.41
NZDJPY,2019-10-10,67.412,68.289,67.37,68.225
NZDJPY,2019-10-11,68.226,68.995,68.167,68.624
NZDJPY,2019-10-14,68.596,68.722,67.968,68.331
NZDJPY,2019-10-15,68.332,68.78,67.835,68.485
NZDJPY,2019-10-16,68.485,68.492,67.837,68.321
NZDJPY,2019-10-17,68.321,69.003,68.298,68.997
NZDJPY,2019-10-18,68.997,69.296,68.99,69.202
NZDJPY,2019-10-21,69.187,69.661,69.011,69.633
NZDJPY,2019-10-22,69.633,69.954,69.383,69.555
NZDJPY,2019-10-23,69.555,69.813,69.162,69.747
NZDJPY,2019-10-24,69.746,69.783,69.196,69.261
NZDJPY,2019-10-25,69.263,69.348,68.909,68.909
NZDJPY,2019-10-28,69.014,69.246,68.949,69.233
NZDJPY,2019-10-29,69.233,69.469,69.035,69.147
NZDJPY,2019-10-30,69.146,69.778,69.051,69.711
NZDJPY,2019-10-31,69.719,69.896,69.112,69.262
NZDJPY,2019-11-01,69.264,69.744,69.196,69.478
NZDJPY,2019-11-04,69.635,70.029,69.387,69.584
NZDJPY,2019-11-05,69.584,69.997,69.489,69.55
NZDJPY,2019-11-06,69.552,69.623,69.258,69.32
NZDJPY,2019-11-07,69.32,69.743,68.969,69.659
NZDJPY,2019-11-08,69.658,69.808,69.015,69.094
NZDJPY,2019-11-11,69.139,69.463,69.086,69.384
NZDJPY,2019-11-12,69.384,69.497,68.949,69.064
NZDJPY,2019-11-13,69.062,69.902,68.92,69.785
NZDJPY,2019-11-14,69.785,69.83,68.878,69.226
NZDJPY,2019-11-15,69.226,69.733,69.167,69.604
NZDJPY,2019-11-18,69.629,69.865,69.411,69.495
NZDJPY,2019-11-19,69.495,69.87,69.235,69.766
NZDJPY,2019-11-20,69.766,69.905,69.422,69.52
NZDJPY,2019-11-21,69.521,69.933,69.277,69.539
NZDJPY,2019-11-22,69.538,69.812,69.498,69.54
NZDJPY,2019-11-25,69.647,70.012,69.603,69.91
NZDJPY,2019-11-26,69.911,70.136,69.807,70.108
NZDJPY,2019-11-27,70.108,70.397,70.018,70.134
NZDJPY,2019-11-28,70.172,70.371,70.172,70.303
NZDJPY,2019-11-29,70.302,70.523,70.157,70.25
NZDJPY,2019-12-02,70.436,71.096,70.365,70.833
NZDJPY,2019-12-03,70.832,71.253,70.683,70.824
NZDJPY,2019-12-04,70.827,71.333,70.538,71.263
NZDJPY,2019-12-05,71.262,71.435,70.95,71.14
NZDJPY,2019-12-06,71.14,71.503,71.09,71.269
NZDJPY,2019-12-09,71.199,71.301,71.007,71.107
NZDJPY,2019-12-10,71.108,71.355,70.871,71.164
NZDJPY,2019-12-11,71.167,71.637,70.909,71.431
NZDJPY,2019-12-12,71.431,72.654,71.382,72.408
NZDJPY,2019-12-13,72.408,72.665,71.888,72.069
NZDJPY,2019-12-16,72.144,72.439,72.044,72.216
NZDJPY,2019-12-17,72.229,72.354,71.884,71.934
NZDJPY,2019-12-18,71.935,72.45,71.727,72.117
NZDJPY,2019-12-19,72.117,72.317,71.925,72.31
NZDJPY,2019-12-20,72.31,72.372,72.018,72.204
NZDJPY,2019-12-23,72.166,72.599,72.164,72.544
NZDJPY,2019-12-24,72.543,72.706,72.244,72.489
NZDJPY,2019-12-25,72.481,72.681,72.382,72.651
NZDJPY,2019-12-26,72.65,73.123,72.646,73.088
NZDJPY,2019-12-27,73.089,73.532,73.007,73.319
NZDJPY,2019-12-30,73.236,73.503,73.005,73.304
NZDJPY,2019-12-31,73.306,73.363,72.993,73.099
NZDJPY,2020-01-01,73.056,73.236,72.921,73.235
NZDJPY,2020-01-02,73.233,73.259,72.538,72.705
NZDJPY,2020-01-03,72.703,72.71,71.81,71.984
NZDJPY,2020-01-06,71.807,72.348,71.7,72.29
NZDJPY,2020-01-07,72.289,72.442,71.46,71.605
NZDJPY,2020-01-08,71.606,72.678,71.246,72.551
NZDJPY,2020-01-09,72.552,72.721,72.295,72.341
NZDJPY,2020-01-10,72.344,72.761,72.297,72.589
NZDJPY,2020-01-13,72.699,72.99,72.63,72.876
NZDJPY,2020-01-14,72.876,73.034,72.566,72.572
NZDJPY,2020-01-15,72.572,72.773,72.354,72.729
NZDJPY,2020-01-16,72.73,73.343,72.716,73.119
NZDJPY,2020-01-17,73.119,73.301,72.764,72.774
NZDJPY,2020-01-20,72.773,72.984,72.626,72.787
NZDJPY,2020-01-21,72.788,72.853,72.354,72.484
NZDJPY,2020-01-22,72.484,72.702,72.281,72.359
NZDJPY,2020-01-23,72.359,72.507,71.914,72.507
NZDJPY,2020-01-24,72.507,72.672,72.091,72.134
NZDJPY,2020-01-27,71.693,71.858,71.218,71.291
NZDJPY,2020-01-28,71.29,71.507,70.925,71.364
NZDJPY,2020-01-29,71.364,71.447,71.021,71.136
NZDJPY,2020-01-30,71.137,71.188,70.394,70.598
NZDJPY,2020-01-31,70.597,70.877,69.993,69.997
NZDJPY,2020-02-03,70.13,70.417,69.943,70.158
NZDJPY,2020-02-04,70.159,71.197,70.004,71.039
NZDJPY,2020-02-05,71.039,71.307,70.817,71.169
NZDJPY,2020-02-06,71.168,71.254,70.929,71.03
NZDJPY,2020-02-07,71.03,71.036,70.189,70.189
NZDJPY,2020-02-10,70.226,70.485,69.998,70.114
NZDJPY,2020-02-11,70.113,70.536,70.002,70.354
NZDJPY,2020-02-12,70.355,71.342,70.311,70.816
NZDJPY,2020-02-13,70.816,71.018,70.578,70.702
NZDJPY,2020-02-14,70.704,70.783,70.527,70.594
NZDJPY,2020-02-17,70.792,70.815,70.539,70.703
NZDJPY,2020-02-18,70.704,70.705,70.094,70.278
NZDJPY,2020-02-19,70.279,71.127,70.224,71.04
NZDJPY,2020-02-20,71.039,71.182,70.669,70.906
NZDJPY,2020-02-21,70.905,71.152,70.276,70.734
NZDJPY,2020-02-24,70.228,70.673,70.068,70.302
NZDJPY,2020-02-25,70.302,70.526,69.546,69.715
NZDJPY,2020-02-26,69.715,69.853,69.335,69.395
NZDJPY,2020-02-27,69.4,69.739,68.926,69.173
NZDJPY,2020-02-28,69.173,69.236,66.757,67.469
NZDJPY,2020-03-02,66.536,68.004,66.519,68.003
NZDJPY,2020-03-03,68.004,68.064,66.946,67.13
NZDJPY,2020-03-04,67.127,67.887,67.124,67.861
NZDJPY,2020-03-05,67.861,67.862,66.742,67.079
NZDJPY,2020-03-06,67.079,67.341,66.63,66.919
NZDJPY,2020-03-09,65.757,66.145,61.192,65.324
NZDJPY,2020-03-10,65.333,66.37,64.889,65.788
NZDJPY,2020-03-11,65.798,66.625,65.325,65.474
NZDJPY,2020-03-12,65.474,65.721,63.63,63.992
NZDJPY,2020-03-13,63.992,66.177,63.992,65.439
NZDJPY,2020-03-16,64.227,65.736,63.051,64.173
NZDJPY,2020-03-17,64.173,65.261,63.393,63.851
NZDJPY,2020-03-18,63.858,64.088,61.538,61.913
NZDJPY,2020-03-19,61.914,65.007,59.485,63.252
NZDJPY,2020-03-20,63.263,64.482,62.715,63.104
NZDJPY,2020-03-23,62.821,63.771,61.769,63.597
NZDJPY,2020-03-24,63.595,65.107,63.51,64.705
NZDJPY,2020-03-25,64.704,65.907,64.168,64.331
NZDJPY,2020-03-26,64.329,65.459,63.856,65.198
NZDJPY,2020-03-27,65.199,65.508,64.259,65.144
NZDJPY,2020-03-30,64.947,65.211,64.479,64.937
NZDJPY,2020-03-31,64.94,65.498,63.673,63.953
NZDJPY,2020-04-01,63.949,64.207,63.222,63.671
NZDJPY,2020-04-02,63.668,64.089,63.075,63.893
NZDJPY,2020-04-03,63.892,63.926,63.342,63.464
NZDJPY,2020-04-06,63.631,65.04,63.44,64.894
NZDJPY,2020-04-07,64.894,65.531,64.653,64.777
NZDJPY,2020-04-08,64.78,65.602,64.5,65.515
NZDJPY,2020-04-09,65.515,66.033,65.207,65.893
NZDJPY,2020-04-10,65.893,66.157,65.702,65.933
NZDJPY,2020-04-13,65.863,66.075,65.397,65.65
NZDJPY,2020-04-14,65.651,66.001,65.005,65.34
NZDJPY,2020-04-15,65.34,65.372,64.089,64.516
NZDJPY,2020-04-16,64.515,65.027,63.825,64.747
NZDJPY,2020-04-17,64.748,64.973,64.322,64.829
NZDJPY,2020-04-20,64.893,65.603,64.733,65.052
NZDJPY,2020-04-21,65.052,65.088,63.849,64.222
NZDJPY,2020-04-22,64.221,64.656,63.838,63.855
NZDJPY,2020-04-23,63.855,65.049,63.731,64.643
NZDJPY,2020-04-24,64.642,64.695,64.319,64.619
NZDJPY,2020-04-27,64.535,65.139,64.535,64.635
NZDJPY,2020-04-28,64.635,64.923,64.273,64.864
NZDJPY,2020-04-29,64.865,65.484,64.668,65.454
NZDJPY,2020-04-30,65.454,66.101,65.15,65.645
NZDJPY,2020-05-01,65.646,65.707,64.573,64.73
NZDJPY,2020-05-04,64.649,64.704,64.112,64.544
NZDJPY,2020-05-05,64.547,64.786,64.342,64.427
NZDJPY,2020-05-06,64.434,64.587,63.555,63.806
NZDJPY,2020-05-07,63.808,64.839,63.789,64.821
NZDJPY,2020-05-08,64.829,65.525,64.8,65.389
NZDJPY,2020-05-11,65.469,65.793,65.068,65.38
NZDJPY,2020-05-12,65.379,65.721,64.992,64.999
NZDJPY,2020-05-13,64.999,65.375,63.98,64.114
NZDJPY,2020-05-14,64.118,64.554,63.763,64.54
NZDJPY,2020-05-15,64.54,64.592,63.448,63.448
NZDJPY,2020-05-18,63.582,64.92,63.462,64.853
NZDJPY,2020-05-19,64.852,65.931,64.769,65.613
NZDJPY,2020-05-20,65.614,66.18,65.494,66.133
NZDJPY,2020-05-21,66.132,66.255,65.711,65.901
NZDJPY,2020-05-22,65.901,65.968,65.382,65.57
NZDJPY,2020-05-25,65.602,65.806,65.477,65.771
NZDJPY,2020-05-26,65.773,66.984,65.702,66.61
NZDJPY,2020-05-27,66.611,67.126,66.303,66.698
NZDJPY,2020-05-28,66.7,67.048,66.522,66.701
NZDJPY,2020-05-29,66.702,67.006,66.463,66.819
NZDJPY,2020-06-01,66.718,67.818,66.624,67.559
NZDJPY,2020-06-02,67.559,69.541,67.52,69.459
NZDJPY,2020-06-03,69.459,70.173,69.087,70.057
NZDJPY,2020-06-04,70.057,70.678,69.566,70.527
NZDJPY,2020-06-05,70.526,71.571,70.466,71.256
NZDJPY,2020-06-08,71.269,71.664,70.695,71.191
NZDJPY,2020-06-09,71.188,71.281,69.824,70.038
NZDJPY,2020-06-10,70.037,70.493,69.613,69.662
NZDJPY,2020-06-11,69.663,69.96,68.342,68.484
NZDJPY,2020-06-12,68.488,69.592,68.197,69.173
NZDJPY,2020-06-15,69.118,69.87,68.396,69.863
NZDJPY,2020-06-16,69.863,70.01,68.796,69.359
NZDJPY,2020-06-17,69.358,69.497,68.806,68.88
NZDJPY,2020-06-18,68.882,69.182,68.548,68.777
NZDJPY,2020-06-19,68.778,68.983,68.407,68.443
NZDJPY,2020-06-22,68.158,69.463,68.135,69.404
NZDJPY,2020-06-23,69.406,69.669,68.702,69.177
NZDJPY,2020-06-24,69.178,69.389,68.413,68.519
NZDJPY,2020-06-25,68.52,69.07,68.48,68.905
NZDJPY,2020-06-26,68.905,69.099,68.638,68.823
NZDJPY,2020-06-29,68.568,69.227,68.541,69.147
NZDJPY,2020-06-30,69.147,69.73,68.784,69.653
NZDJPY,2020-07-01,69.653,69.797,69.257,69.558
NZDJPY,2020-07-02,69.557,70.268,69.524,69.96
NZDJPY,2020-07-03,69.96,70.279,69.817,70.062
NZDJPY,2020-07-06,70.105,70.666,70.056,70.402
NZDJPY,2020-07-07,70.405,70.712,70.215,70.443
NZDJPY,2020-07-08,70.442,70.617,70.23,70.516
NZDJPY,2020-07-09,70.518,70.714,70.294,70.437
NZDJPY,2020-07-10,70.44,70.457,69.974,70.253
NZDJPY,2020-07-13,70.25,70.707,70.104,70.107
NZDJPY,2020-07-14,70.107,70.207,69.816,70.174
NZDJPY,2020-07-15,70.175,70.403,70.014,70.264
NZDJPY,2020-07-16,70.264,70.352,70.025,70.159
NZDJPY,2020-07-17,70.159,70.287,70.028,70.143
NZDJPY,2020-07-20,70.154,70.581,70.066,70.531
NZDJPY,2020-07-21,70.531,71.028,70.375,71.008
NZDJPY,2020-07-22,71.009,71.594,70.895,71.328
NZDJPY,2020-07-23,71.327,71.673,70.769,70.874
NZDJPY,2020-07-24,70.873,70.884,70.036,70.455
NZDJPY,2020-07-27,70.252,70.547,70.188,70.402
NZDJPY,2020-07-28,70.403,70.575,69.825,69.99
NZDJPY,2020-07-29,69.994,70.089,69.786,69.896
NZDJPY,2020-07-30,69.896,70.199,69.548,70.089
NZDJPY,2020-07-31,70.091,70.489,69.662,70.124
NZDJPY,2020-08-03,70.046,70.426,69.855,70.124
NZDJPY,2020-08-04,70.124,70.293,69.852,70.183
NZDJPY,2020-08-05,70.181,70.487,70.02,70.158
NZDJPY,2020-08-06,70.159,70.599,69.947,70.553
NZDJPY,2020-08-07,70.556,70.615,69.839,69.872
NZDJPY,2020-08-10,69.918,69.988,69.699,69.869
NZDJPY,2020-08-11,69.869,70.3,69.867,69.947
NZDJPY,2020-08-12,69.947,70.527,69.593,70.266
NZDJPY,2020-08-13,70.263,70.434,69.903,70.018
NZDJPY,2020-08-14,70.017,70.037,69.654,69.718
NZDJPY,2020-08-17,69.734,69.873,69.294,69.453
NZDJPY,2020-08-18,69.452,69.676,69.007,69.546
NZDJPY,2020-08-19,69.546,70.05,69.431,69.599
NZDJPY,2020-08-20,69.6,69.687,68.755,69.113
NZDJPY,2020-08-21,69.115,69.269,68.821,69.162
NZDJPY,2020-08-24,69.074,69.4,69.038,69.178
NZDJPY,2020-08-25,69.177,69.734,69.068,69.696
NZDJPY,2020-08-26,69.696,70.222,69.602,70.206
NZDJPY,2020-08-27,70.204,70.865,70.158,70.859
NZDJPY,2020-08-28,70.861,71.251,70.508,70.986
NZDJPY,2020-08-31,70.958,71.707,70.79,71.361
NZDJPY,2020-09-01,71.362,71.862,71.244,71.664
NZDJPY,2020-09-02,71.663,71.977,71.568,71.843
NZDJPY,2020-09-03,71.843,71.954,70.951,70.966
NZDJPY,2020-09-04,70.966,71.522,70.887,71.367
NZDJPY,2020-09-07,71.354,71.438,71.085,71.121
NZDJPY,2020-09-08,71.12,71.245,69.866,70.054
NZDJPY,2020-09-09,70.053,71.028,69.996,70.952
NZDJPY,2020-09-10,70.953,71.176,70.463,70.543
NZDJPY,2020-09-11,70.545,71.095,70.507,70.729
NZDJPY,2020-09-14,70.625,71.075,70.625,70.809
NZDJPY,2020-09-15,70.811,71.219,70.637,70.709
NZDJPY,2020-09-16,70.709,71.01,70.492,70.632
NZDJPY,2020-09-17,70.631,70.881,70.037,70.804
NZDJPY,2020-09-18,70.804,71.2,70.508,70.635
NZDJPY,2020-09-21,70.58,70.783,69.558,69.769
NZDJPY,2020-09-22,69.77,69.86,69.471,69.656
NZDJPY,2020-09-23,69.652,69.89,68.878,68.894
NZDJPY,2020-09-24,68.894,69.153,68.63,69.038
NZDJPY,2020-09-25,69.038,69.416,68.953,69.034
NZDJPY,2020-09-28,69.057,69.256,68.897,69.23
NZDJPY,2020-09-29,69.229,69.771,69.14,69.754
NZDJPY,2020-09-30,69.755,69.924,69.328,69.819
NZDJPY,2020-10-01,69.819,70.249,69.802,70.196
NZDJPY,2020-10-02,70.196,70.25,69.546,69.856
NZDJPY,2020-10-05,69.865,70.354,69.844,70.329
NZDJPY,2020-10-06,70.329,70.351,69.468,69.612
NZDJPY,2020-10-07,69.613,69.949,69.465,69.648
NZDJPY,2020-10-08,69.647,69.926,69.406,69.857
NZDJPY,2020-10-09,69.856,70.51,69.806,70.399
NZDJPY,2020-10-12,70.386,70.455,69.923,70.028
NZDJPY,2020-10-13,70.029,70.355,69.806,70.18
NZDJPY,2020-10-14,70.179,70.352,69.902,69.981
NZDJPY,2020-10-15,69.981,70.141,69.212,69.513
NZDJPY,2020-10-16,69.513,69.712,69.309,69.584
NZDJPY,2020-10-19,69.678,70.02,69.455,69.519
NZDJPY,2020-10-20,69.518,69.638,69.251,69.401
NZDJPY,2020-10-21,69.401,69.76,69.353,69.546
NZDJPY,2020-10-22,69.545,70.102,69.397,69.992
NZDJPY,2020-10-23,69.993,70.154,69.703,70.015
NZDJPY,2020-10-26,69.932,70.277,69.886,69.978
NZDJPY,2020-10-27,69.978,70.229,69.915,70.041
NZDJPY,2020-10-28,70.042,70.048,69.15,69.352
NZDJPY,2020-10-29,69.352,69.52,68.97,69.306
NZDJPY,2020-10-30,69.306,69.696,68.869,69.164
NZDJPY,2020-11-02,69.095,69.528,68.937,69.443
NZDJPY,2020-11-03,69.442,70.429,69.353,70.334
NZDJPY,2020-11-04,70.333,70.475,69.434,69.961
NZDJPY,2020-11-05,69.961,70.256,69.699,70.072
NZDJPY,2020-11-06,70.071,70.388,69.892,69.952
NZDJPY,2020-11-09,70.126,72.083,70.015,71.746
NZDJPY,2020-11-10,71.746,72.065,71.554,71.861
NZDJPY,2020-11-11,71.859,72.747,71.612,72.747
NZDJPY,2020-11-12,72.746,72.788,71.771,71.865
NZDJPY,2020-11-13,71.866,71.885,71.479,71.6
NZDJPY,2020-11-16,71.69,72.305,71.582,72.195
NZDJPY,2020-11-17,72.195,72.271,71.601,71.783
NZDJPY,2020-11-18,71.781,72.115,71.571,71.878
NZDJPY,2020-11-19,71.878,71.905,71.519,71.676
NZDJPY,2020-11-20,71.673,72.167,71.673,71.906
NZDJPY,2020-11-23,71.874,72.497,71.867,72.43
NZDJPY,2020-11-24,72.43,73.082,72.426,72.926
NZDJPY,2020-11-25,72.927,73.28,72.734,73.111
NZDJPY,2020-11-26,73.111,73.15,72.896,73.003
NZDJPY,2020-11-27,73.004,73.235,72.886,73.021
NZDJPY,2020-11-30,73.135,73.461,72.958,73.208
NZDJPY,2020-12-01,73.209,73.83,73.203,73.727
NZDJPY,2020-12-02,73.725,74.037,73.534,73.849
NZDJPY,2020-12-03,73.849,73.877,73.381,73.411
NZDJPY,2020-12-04,73.412,73.462,73.142,73.335
NZDJPY,2020-12-07,73.281,73.465,73.073,73.202
NZDJPY,2020-12-08,73.201,73.42,73.104,73.31
NZDJPY,2020-12-09,73.31,73.845,73.055,73.158
NZDJPY,2020-12-10,73.159,74.005,73.122,73.883
NZDJPY,2020-12-11,73.883,73.972,73.523,73.639
NZDJPY,2020-12-14,73.836,73.893,73.622,73.675
NZDJPY,2020-12-15,73.68,73.773,73.325,73.448
NZDJPY,2020-12-16,73.448,73.633,73.21,73.551
NZDJPY,2020-12-17,73.548,73.901,73.458,73.707
NZDJPY,2020-12-18,73.707,73.878,73.535,73.74
NZDJPY,2020-12-21,73.612,73.67,72.715,73.324
NZDJPY,2020-12-22,73.326,73.359,72.806,73.024
NZDJPY,2020-12-23,73.023,73.566,72.839,73.504
NZDJPY,2020-12-24,73.504,73.787,73.414,73.525
NZDJPY,2020-12-25,73.513,73.708,73.412,73.556
NZDJPY,2020-12-28,73.547,73.859,73.509,73.692
NZDJPY,2020-12-29,73.693,74.237,73.693,74.03
NZDJPY,2020-12-30,74.031,74.47,73.988,74.392
NZDJPY,2020-12-31,74.394,74.626,74.095,74.163
NZDJPY,2021-01-04,74.133,74.35,73.797,74.028
NZDJPY,2021-01-05,74.028,74.549,73.961,74.482
NZDJPY,2021-01-06,74.488,75.287,74.41,75.25
NZDJPY,2021-01-07,75.249,75.427,74.973,75.414
NZDJPY,2021-01-08,75.413,75.576,74.934,75.184
NZDJPY,2021-01-11,75.123,75.192,74.597,74.701
NZDJPY,2021-01-12,74.7,75.025,74.635,74.987
NZDJPY,2021-01-13,74.987,74.994,74.487,74.648
NZDJPY,2021-01-14,74.653,75.042,74.613,74.936
NZDJPY,2021-01-15,74.936,74.993,73.879,74.025
NZDJPY,2021-01-18,74.119,74.15,73.65,73.788
NZDJPY,2021-01-19,73.788,74.292,73.781,74.073
NZDJPY,2021-01-20,74.073,74.492,73.899,74.397
NZDJPY,2021-01-21,74.397,74.746,74.356,74.666
NZDJPY,2021-01-22,74.67,74.793,74.361,74.476
NZDJPY,2021-01-25,74.497,74.906,74.445,74.698
NZDJPY,2021-01-26,74.697,75.122,74.374,74.986
NZDJPY,2021-01-27,74.984,75.088,74.342,74.365
NZDJPY,2021-01-28,74.365,74.979,74.123,74.818
NZDJPY,2021-01-29,74.817,75.646,74.712,75.114
NZDJPY,2021-02-01,74.985,75.401,74.916,75.14
NZDJPY,2021-02-02,75.139,75.693,74.993,75.545
NZDJPY,2021-02-03,75.549,75.86,75.476,75.82
NZDJPY,2021-02-04,75.819,75.853,75.382,75.573
NZDJPY,2021-02-05,75.57,75.944,75.32,75.844
NZDJPY,2021-02-08,75.722,76.124,75.717,76.031
NZDJPY,2021-02-09,76.029,76.134,75.534,75.724
NZDJPY,2021-02-10,75.723,75.73,75.367,75.509
NZDJPY,2021-02-11,75.508,75.911,75.354,75.739
NZDJPY,2021-02-12,75.741,75.866,75.414,75.728
NZDJPY,2021-02-15,75.58,76.295,75.58,76.205
NZDJPY,2021-02-16,76.204,76.722,76.196,76.274
NZDJPY,2021-02-17,76.272,76.377,75.793,76.14
NZDJPY,2021-02-18,76.136,76.361,75.985,76.26
NZDJPY,2021-02-19,76.26,77.222,76.134,76.889
NZDJPY,2021-02-22,76.823,77.417,76.822,76.942
NZDJPY,2021-02-23,76.94,77.351,76.787,77.261
NZDJPY,2021-02-24,77.261,78.905,77.069,78.84
NZDJPY,2021-02-25,78.84,79.21,78.132,78.318
NZDJPY,2021-02-26,78.319,78.406,76.975,76.989
NZDJPY,2021-03-01,77.092,77.734,77.004,77.715
NZDJPY,2021-03-02,77.716,77.97,77.061,77.845
NZDJPY,2021-03-03,77.845,78.066,77.378,77.378
NZDJPY,2021-03-04,77.379,78.216,77.368,77.471
NZDJPY,2021-03-05,77.47,77.747,77.113,77.564
NZDJPY,2021-03-08,77.599,77.989,77.144,77.683
NZDJPY,2021-03-09,77.683,78.051,77.513,77.94
NZDJPY,2021-03-10,77.94,78.034,77.649,78.005
NZDJPY,2021-03-11,78.009,78.609,77.957,78.441
NZDJPY,2021-03-12,78.441,78.604,78.024,78.162
NZDJPY,2021-03-15,78.136,78.667,78.065,78.589
NZDJPY,2021-03-16,78.588,78.672,78.195,78.422
NZDJPY,2021-03-17,78.42,79.039,78.129,78.971
NZDJPY,2021-03-18,78.972,79.138,77.922,78.063
NZDJPY,2021-03-19,78.062,78.188,77.829,77.981
NZDJPY,2021-03-22,77.55,78.114,77.506,77.574
NZDJPY,2021-03-23,77.575,77.597,75.809,75.881
NZDJPY,2021-03-24,75.879,76.066,75.625,75.808
NZDJPY,2021-03-25,75.808,76.216,75.783,76.042
NZDJPY,2021-03-26,76.042,76.8,76.025,76.728
NZDJPY,2021-03-29,76.716,77.002,76.328,76.98
NZDJPY,2021-03-30,76.981,77.351,76.893,77.112
NZDJPY,2021-03-31,77.112,77.717,77.071,77.334
NZDJPY,2021-04-01,77.334,77.704,76.908,77.671
NZDJPY,2021-04-02,77.666,77.929,77.555,77.704
NZDJPY,2021-04-05,77.71,77.954,77.605,77.858
NZDJPY,2021-04-06,77.857,77.937,77.146,77.544
NZDJPY,2021-04-07,77.544,77.584,76.857,77.034
NZDJPY,2021-04-08,77.033,77.237,76.812,77.19
NZDJPY,2021-04-09,77.192,77.407,76.7,77.063
NZDJPY,2021-04-12,77.106,77.267,76.791,76.905
NZDJPY,2021-04-13,76.907,76.989,76.661,76.901
NZDJPY,2021-04-14,76.902,77.901,76.719,77.736
NZDJPY,2021-04-15,77.735,78.126,77.701,77.98
NZDJPY,2021-04-16,77.98,78.035,77.6,77.665
NZDJPY,2021-04-19,77.49,77.842,77.399,77.72
NZDJPY,2021-04-20,77.721,78.375,77.422,77.47
NZDJPY,2021-04-21,77.472,78.043,77.36,77.823
NZDJPY,2021-04-22,77.823,77.914,77.207,77.25
NZDJPY,2021-04-23,77.251,77.727,77.188,77.597
NZDJPY,2021-04-26,77.6,78.313,77.516,78.218
NZDJPY,2021-04-27,78.218,78.397,77.968,78.327
NZDJPY,2021-04-28,78.328,78.95,78.242,78.874
NZDJPY,2021-04-29,78.874,79.162,78.648,78.913
NZDJPY,2021-04-30,78.913,79.035,78.172,78.236
NZDJPY,2021-05-03,78.392,78.688,78.222,78.502
NZDJPY,2021-05-04,78.502,78.539,77.702,78.296
NZDJPY,2021-05-05,78.292,78.879,78.22,78.837
NZDJPY,2021-05-06,78.835,79.041,78.556,78.862
NZDJPY,2021-05-07,78.861,79.196,78.58,78.974
NZDJPY,2021-05-10,79.101,79.423,78.985,79.136
NZDJPY,2021-05-11,79.137,79.311,78.684,78.946
NZDJPY,2021-05-12,78.945,79.019,78.363,78.552
NZDJPY,2021-05-13,78.553,78.811,78.222,78.642
NZDJPY,2021-05-14,78.641,79.334,78.561,79.245
NZDJPY,2021-05-17,79.052,79.277,78.454,78.85
NZDJPY,2021-05-18,78.849,79.195,78.714,78.783
NZDJPY,2021-05-19,78.785,78.965,77.924,78.242
NZDJPY,2021-05-20,78.241,78.506,78.111,78.331
NZDJPY,2021-05-21,78.335,78.502,77.976,78.052
NZDJPY,2021-05-24,78.069,78.575,77.966,78.52
NZDJPY,2021-05-25,78.519,78.958,78.429,78.588
NZDJPY,2021-05-26,78.589,79.634,78.566,79.441
NZDJPY,2021-05-27,79.442,80.181,79.312,79.975
NZDJPY,2021-05-28,79.974,80.062,79.451,79.577
NZDJPY,2021-05-31,79.694,79.778,79.422,79.669
NZDJPY,2021-06-01,79.669,79.79,79.29,79.406
NZDJPY,2021-06-02,79.408,79.705,79.202,79.264
NZDJPY,2021-06-03,79.263,79.392,78.571,78.812
NZDJPY,2021-06-04,78.813,79.016,78.638,78.956
NZDJPY,2021-06-07,78.834,79.136,78.574,78.941
NZDJPY,2021-06-08,78.943,79.099,78.678,78.699
NZDJPY,2021-06-09,78.701,78.877,78.56,78.606
NZDJPY,2021-06-10,78.605,78.988,78.512,78.645
NZDJPY,2021-06-11,78.645,78.878,78.082,78.129
NZDJPY,2021-06-14,78.172,78.663,78.106,78.599
NZDJPY,2021-06-15,78.601,78.815,78.257,78.392
NZDJPY,2021-06-16,78.392,78.678,77.863,78.315
NZDJPY,2021-06-17,78.317,78.602,77.057,77.385
NZDJPY,2021-06-18,77.384,77.387,76.338,76.373
NZDJPY,2021-06-21,76.459,77.198,76.218,77.101
NZDJPY,2021-06-22,77.1,77.816,76.854,77.639
NZDJPY,2021-06-23,77.635,78.299,77.527,78.201
NZDJPY,2021-06-24,78.201,78.371,78.104,78.332
NZDJPY,2021-06-25,78.328,78.476,78.225,78.253
NZDJPY,2021-06-28,78.289,78.414,77.776,77.956
NZDJPY,2021-06-29,77.959,77.986,77.15,77.251
NZDJPY,2021-06-30,77.252,77.758,77.065,77.743
NZDJPY,2021-07-01,77.743,78.079,77.53,77.684
NZDJPY,2021-07-02,77.682,78.13,77.5,78.029
NZDJPY,2021-07-05,77.936,78.356,77.723,78.205
NZDJPY,2021-07-06,78.205,78.767,77.323,77.603
NZDJPY,2021-07-07,77.605,78.113,77.382,77.579
NZDJPY,2021-07-08,77.581,77.596,75.971,76.289
NZDJPY,2021-07-09,76.29,77.166,75.986,77.052
NZDJPY,2021-07-12,76.969,77.251,76.507,77.067
NZDJPY,2021-07-13,77.067,77.374,76.437,76.787
NZDJPY,2021-07-14,76.785,77.658,76.738,77.408
NZDJPY,2021-07-15,77.408,77.425,76.536,76.963
NZDJPY,2021-07-16,76.965,77.401,76.886,77.002
NZDJPY,2021-07-19,77.032,77.077,75.643,75.879
NZDJPY,2021-07-20,75.88,76.181,75.267,76.092
NZDJPY,2021-07-21,76.092,76.94,75.736,76.721
NZDJPY,2021-07-22,76.721,76.94,76.508,76.876
NZDJPY,2021-07-23,76.875,77.289,76.816,77.073
NZDJPY,2021-07-26,76.98,77.31,76.549,77.218
NZDJPY,2021-07-27,77.218,77.257,76.207,76.451
NZDJPY,2021-07-28,76.451,76.569,76.102,76.478
NZDJPY,2021-07-29,76.479,76.884,76.24,76.696
NZDJPY,2021-07-30,76.694,76.876,76.382,76.397
NZDJPY,2021-08-02,76.377,76.625,76.051,76.337
NZDJPY,2021-08-03,76.338,76.854,76.035,76.782
NZDJPY,2021-08-04,76.782,77.301,76.664,77.144
NZDJPY,2021-08-05,77.145,77.563,77.133,77.346
NZDJPY,2021-08-06,77.349,77.713,77.215,77.217
NZDJPY,2021-08-09,77.243,77.399,76.973,77.132
NZDJPY,2021-08-10,77.126,77.536,76.887,77.478
NZDJPY,2021-08-11,77.478,77.93,77.429,77.714
NZDJPY,2021-08-12,77.712,77.778,77.209,77.323
NZDJPY,2021-08-13,77.323,77.389,77.1,77.1
NZDJPY,2021-08-16,77.17,77.277,76.468,76.812
NZDJPY,2021-08-17,76.812,76.814,75.375,75.875
NZDJPY,2021-08-18,75.876,76.17,75.213,75.499
NZDJPY,2021-08-19,75.497,75.573,74.563,74.854
NZDJPY,2021-08-20,74.856,75.16,74.587,74.985
NZDJPY,2021-08-23,74.931,75.74,74.786,75.598
NZDJPY,2021-08-24,75.598,76.362,75.495,76.12
NZDJPY,2021-08-25,76.118,76.823,76.095,76.668
NZDJPY,2021-08-26,76.67,76.786,76.367,76.419
NZDJPY,2021-08-27,76.421,77.076,76.25,76.989
NZDJPY,2021-08-30,76.9,77.061,76.706,76.929
NZDJPY,2021-08-31,76.93,77.68,76.907,77.598
NZDJPY,2021-09-01,77.599,78.012,77.501,77.777
NZDJPY,2021-09-02,77.777,78.313,77.592,78.15
NZDJPY,2021-09-03,78.15,78.649,78.072,78.413
NZDJPY,2021-09-06,78.449,78.575,78.274,78.365
NZDJPY,2021-09-07,78.364,78.523,78.075,78.272
NZDJPY,2021-09-08,78.272,78.453,77.99,78.224
NZDJPY,2021-09-09,78.225,78.333,77.923,77.978
NZDJPY,2021-09-10,77.978,78.639,77.792,78.105
NZDJPY,2021-09-13,78.135,78.392,78.055,78.244
NZDJPY,2021-09-14,78.242,78.614,77.635,77.832
NZDJPY,2021-09-15,77.83,78.079,77.384,77.998
NZDJPY,2021-09-16,77.996,78.005,77.391,77.555
NZDJPY,2021-09-17,77.552,77.923,77.249,77.301
NZDJPY,2021-09-20,77.308,77.472,76.614,76.789
NZDJPY,2021-09-21,76.788,77.324,76.352,76.372
NZDJPY,2021-09-22,76.372,77.284,76.333,76.763
NZDJPY,2021-09-23,76.762,78.104,76.721,77.938
NZDJPY,2021-09-24,77.935,78.154,77.461,77.56
NZDJPY,2021-09-27,77.453,77.935,77.4,77.745
NZDJPY,2021-09-28,77.745,78.149,77.38,77.612
NZDJPY,2021-09-29,77.611,77.636,76.768,76.912
NZDJPY,2021-09-30,76.913,77.224,76.418,76.862
NZDJPY,2021-10-01,76.862,77.198,76.433,77.039
NZDJPY,2021-10-04,76.92,77.614,76.866,77.243
NZDJPY,2021-10-05,77.242,77.716,76.981,77.542
NZDJPY,2021-10-06,77.543,77.905,76.658,77.05
NZDJPY,2021-10-07,77.047,77.468,76.936,77.46
NZDJPY,2021-10-08,77.459,77.833,77.351,77.729
NZDJPY,2021-10-11,77.588,78.914,77.543,78.714
NZDJPY,2021-10-12,78.712,79.08,78.369,78.601
NZDJPY,2021-10-13,78.602,79.009,78.532,78.993
NZDJPY,2021-10-14,78.989,80.121,78.966,80.076
NZDJPY,2021-10-15,80.075,80.862,80.04,80.793
NZDJPY,2021-10-18,80.737,81.217,80.553,81.04
NZDJPY,2021-10-19,81.039,81.959,80.951,81.952
NZDJPY,2021-10-20,81.95,82.385,81.843,82.335
NZDJPY,2021-10-21,82.335,82.505,81.263,81.458
NZDJPY,2021-10-22,81.454,81.922,80.994,81.141
NZDJPY,2021-10-25,81.071,81.591,80.976,81.514
NZDJPY,2021-10-26,81.514,82.103,81.422,81.835
NZDJPY,2021-10-27,81.837,81.897,81.002,81.485
NZDJPY,2021-10-28,81.486,81.808,81.325,81.734
NZDJPY,2021-10-29,81.734,81.814,81.248,81.673
NZDJPY,2021-11-01,81.636,82.208,81.482,81.894
NZDJPY,2021-11-02,81.896,81.954,80.786,81.202
NZDJPY,2021-11-03,81.201,81.851,80.96,81.846
NZDJPY,2021-11-04,81.846,81.882,80.634,80.918
NZDJPY,2021-11-05,80.917,80.918,80.429,80.696
NZDJPY,2021-11-08,80.579,81.339,80.579,81.112
NZDJPY,2021-11-09,81.112,81.141,80.307,80.431
NZDJPY,2021-11-10,80.434,80.859,80.116,80.48
NZDJPY,2021-11-11,80.474,80.583,79.964,80.051
NZDJPY,2021-11-12,80.049,80.301,79.936,80.154
NZDJPY,2021-11-15,80.138,80.581,80.111,80.375
NZDJPY,2021-11-16,80.374,80.663,80.112,80.311
NZDJPY,2021-11-17,80.313,80.625,79.729,79.962
NZDJPY,2021-11-18,79.958,80.529,79.764,80.465
NZDJPY,2021-11-19,80.464,80.566,79.519,79.729
NZDJPY,2021-11-22,79.766,80.177,79.612,79.76
NZDJPY,2021-11-23,79.761,80.096,79.389,80.042
NZDJPY,2021-11-24,80.046,80.116,79.154,79.328
NZDJPY,2021-11-25,79.328,79.537,78.736,78.75
NZDJPY,2021-11-26,78.752,78.827,77.017,77.103
NZDJPY,2021-11-29,77.679,77.782,77.13,77.728
NZDJPY,2021-11-30,77.73,77.73,76.662,77.312
NZDJPY,2021-12-01,77.312,77.917,76.651,76.908
NZDJPY,2021-12-02,76.908,77.251,76.658,76.98
NZDJPY,2021-12-03,76.978,77.122,75.965,76.041
NZDJPY,2021-12-06,76.174,76.697,76.078,76.568
NZDJPY,2021-12-07,76.567,77.124,76.417,77.034
NZDJPY,2021-12-08,77.032,77.565,76.704,77.384
NZDJPY,2021-12-09,77.384,77.509,76.892,77.075
NZDJPY,2021-12-10,77.081,77.295,76.832,76.985
NZDJPY,2021-12-13,76.965,77.216,76.569,76.678
NZDJPY,2021-12-14,76.679,76.898,76.443,76.601
NZDJPY,2021-12-15,76.6,77.478,76.496,77.354
NZDJPY,2021-12-16,77.352,77.973,77.05,77.237
NZDJPY,2021-12-17,77.238,77.382,76.474,76.549
NZDJPY,2021-12-20,76.574,76.644,76.021,76.286
NZDJPY,2021-12-21,76.29,77.278,76.132,77.112
NZDJPY,2021-12-22,77.113,77.9,76.915,77.657
NZDJPY,2021-12-23,77.655,78.231,77.56,77.914
NZDJPY,2021-12-24,77.914,78.132,77.741,77.745
NZDJPY,2021-12-27,77.847,78.356,77.751,78.232
NZDJPY,2021-12-28,78.231,78.44,77.913,78.089
NZDJPY,2021-12-29,78.088,78.616,77.925,78.608
NZDJPY,2021-12-30,78.608,78.932,78.394,78.578
NZDJPY,2021-12-31,78.578,78.882,78.478,78.649
NZDUSD,2019-01-01,0.67149,0.6724,0.67096,0.6712
NZDUSD,2019-01-02,0.67119,0.672,0.65652,0.663
NZDUSD,2019-01-03,0.66299,0.66994,0.66131,0.6687
NZDUSD,2019-01-04,0.66867,0.67515,0.66707,0.67297
NZDUSD,2019-01-07,0.67401,0.67667,0.67261,0.67531
NZDUSD,2019-01-08,0.67529,0.67563,0.6707,0.67426
NZDUSD,2019-01-09,0.67425,0.68158,0.67351,0.67892
NZDUSD,2019-01-10,0.67892,0.6794,0.67707,0.67845
NZDUSD,2019-01-11,0.67845,0.68434,0.67832,0.68282
NZDUSD,2019-01-14,0.68248,0.6832,0.67961,0.68255
NZDUSD,2019-01-15,0.68254,0.68483,0.67995,0.68203
NZDUSD,2019-01-16,0.68202,0.683,0.6755,0.67725
NZDUSD,2019-01-17,0.67726,0.67863,0.67273,0.67623
NZDUSD,2019-01-18,0.67623,0.6784,0.67346,0.67346
NZDUSD,2019-01-21,0.67475,0.67512,0.67131,0.67278
NZDUSD,2019-01-22,0.67277,0.67568,0.67065,0.67498
NZDUSD,2019-01-23,0.67498,0.67981,0.67485,0.67923
NZDUSD,2019-01-24,0.67922,0.68062,0.67527,0.6762
NZDUSD,2019-01-25,0.6762,0.68505,0.67467,0.68362
NZDUSD,2019-01-28,0.68266,0.68719,0.68254,0.68323
NZDUSD,2019-01-29,0.68324,0.68615,0.68151,0.68227
NZDUSD,2019-01-30,0.68226,0.69114,0.68205,0.68956
NZDUSD,2019-01-31,0.68955,0.69386,0.6893,0.69132
NZDUSD,2019-02-01,0.69133,0.69414,0.68887,0.68893
NZDUSD,2019-02-04,0.68943,0.69055,0.68697,0.68758
NZDUSD,2019-02-05,0.68759,0.69056,0.68708,0.69002
NZDUSD,2019-02-06,0.69001,0.69046,0.67628,0.6771
NZDUSD,2019-02-07,0.6771,0.67776,0.67358,0.67443
NZDUSD,2019-02-08,0.67442,0.6766,0.67292,0.67385
NZDUSD,2019-02-11,0.67387,0.67729,0.67267,0.67359
NZDUSD,2019-02-12,0.6736,0.67453,0.67193,0.67391
NZDUSD,2019-02-13,0.67391,0.68516,0.67267,0.68067
NZDUSD,2019-02-14,0.68063,0.68556,0.68025,0.68316
NZDUSD,2019-02-15,0.68316,0.6874,0.6809,0.68616
NZDUSD,2019-02-18,0.68537,0.68932,0.6839,0.68549
NZDUSD,2019-02-19,0.6855,0.68871,0.68145,0.68766
NZDUSD,2019-02-20,0.68767,0.68844,0.68496,0.68567
NZDUSD,2019-02-21,0.68568,0.68764,0.67971,0.68122
NZDUSD,2019-02-22,0.68122,0.68535,0.67573,0.68397
NZDUSD,2019-02-25,0.68613,0.69016,0.68523,0.68843
NZDUSD,2019-02-26,0.68843,0.69027,0.68706,0.68961
NZDUSD,2019-02-27,0.68961,0.69016,0.68343,0.68509
NZDUSD,2019-02-28,0.68505,0.68531,0.67958,0.68195
NZDUSD,2019-03-01,0.68195,0.68387,0.67923,0.67924
NZDUSD,2019-03-04,0.68247,0.68276,0.67958,0.68213
NZDUSD,2019-03-05,0.68213,0.68223,0.67684,0.67996
NZDUSD,2019-03-06,0.67994,0.68011,0.67528,0.67691
NZDUSD,2019-03-07,0.67692,0.67924,0.67443,0.67644
NZDUSD,2019-03-08,0.67644,0.68101,0.6753,0.68009
NZDUSD,2019-03-11,0.67869,0.68397,0.67869,0.68335
NZDUSD,2019-03-12,0.68335,0.68726,0.68262,0.6852
NZDUSD,2019-03-13,0.6852,0.68649,0.68287,0.68562
NZDUSD,2019-03-14,0.68562,0.68593,0.68082,0.68353
NZDUSD,2019-03-15,0.6835,0.68582,0.68333,0.68415
NZDUSD,2019-03-18,0.68459,0.68738,0.68393,0.68441
NZDUSD,2019-03-19,0.68441,0.68711,0.68406,0.68523
NZDUSD,2019-03-20,0.68523,0.69235,0.68274,0.69172
NZDUSD,2019-03-21,0.69172,0.69381,0.68569,0.68809
NZDUSD,2019-03-22,0.6881,0.68972,0.68651,0.68724
NZDUSD,2019-03-25,0.68688,0.69184,0.68688,0.69112
NZDUSD,2019-03-26,0.69111,0.69243,0.6894,0.69071
NZDUSD,2019-03-27,0.6907,0.69138,0.67867,0.67966
NZDUSD,2019-03-28,0.67964,0.68277,0.67735,0.67812
NZDUSD,2019-03-29,0.67811,0.68233,0.67763,0.67993
NZDUSD,2019-04-01,0.68186,0.68369,0.67745,0.67892
NZDUSD,2019-04-02,0.67891,0.67989,0.6739,0.67501
NZDUSD,2019-04-03,0.67499,0.67996,0.67434,0.67879
NZDUSD,2019-04-04,0.67881,0.67992,0.67478,0.67557
NZDUSD,2019-04-05,0.67557,0.67651,0.6718,0.6727
NZDUSD,2019-04-08,0.67261,0.67533,0.67217,0.67381
NZDUSD,2019-04-09,0.67381,0.67582,0.67362,0.67507
NZDUSD,2019-04-10,0.67506,0.67735,0.67376,0.6767
NZDUSD,2019-04-11,0.6767,0.67708,0.67212,0.67243
NZDUSD,2019-04-12,0.67243,0.67814,0.67133,0.676
NZDUSD,2019-04-15,0.676,0.67826,0.67501,0.67658
NZDUSD,2019-04-16,0.67657,0.6776,0.66657,0.67083
NZDUSD,2019-04-17,0.67084,0.6748,0.66981,0.67241
NZDUSD,2019-04-18,0.67241,0.6728,0.66722,0.66858
NZDUSD,2019-04-19,0.66857,0.66938,0.66777,0.66777
NZDUSD,2019-04-22,0.66794,0.66893,0.66724,0.66807
NZDUSD,2019-04-23,0.66808,0.6681,0.6629,0.66531
NZDUSD,2019-04-24,0.6653,0.66554,0.65812,0.65942
NZDUSD,2019-04-25,0.65944,0.66404,0.65797,0.66316
NZDUSD,2019-04-26,0.66316,0.66814,0.66261,0.66538
NZDUSD,2019-04-29,0.66483,0.66803,0.66482,0.66692
NZDUSD,2019-04-30,0.66692,0.66846,0.66278,0.66515
NZDUSD,2019-05-01,0.66515,0.66651,0.66118,0.66268
NZDUSD,2019-05-02,0.66268,0.66391,0.66077,0.66137
NZDUSD,2019-05-03,0.66138,0.66526,0.66059,0.66433
NZDUSD,2019-05-06,0.65991,0.66291,0.65991,0.66072
NZDUSD,2019-05-07,0.66072,0.66302,0.65877,0.65951
NZDUSD,2019-05-08,0.65951,0.66038,0.65256,0.65831
NZDUSD,2019-05-09,0.65832,0.65971,0.6569,0.65853
NZDUSD,2019-05-10,0.65853,0.66141,0.65825,0.65945
NZDUSD,2019-05-13,0.6589,0.66029,0.65626,0.65722
NZDUSD,2019-05-14,0.65722,0.65911,0.65698,0.65698
NZDUSD,2019-05-15,0.65699,0.65744,0.65503,0.65615
NZDUSD,2019-05-16,0.65615,0.65822,0.65317,0.65342
NZDUSD,2019-05-17,0.65337,0.65467,0.65132,0.65132
NZDUSD,2019-05-20,0.65255,0.65461,0.65199,0.6538
NZDUSD,2019-05-21,0.6538,0.65421,0.64991,0.65051
NZDUSD,2019-05-22,0.65051,0.65102,0.64913,0.64941
NZDUSD,2019-05-23,0.64941,0.65258,0.64813,0.65209
NZDUSD,2019-05-24,0.6521,0.65553,0.65119,0.65493
NZDUSD,2019-05-27,0.65499,0.65589,0.65397,0.6546
NZDUSD,2019-05-28,0.65459,0.65582,0.65389,0.65441
NZDUSD,2019-05-29,0.65442,0.6552,0.6504,0.65139
NZDUSD,2019-05-30,0.65141,0.65272,0.64946,0.65033
NZDUSD,2019-05-31,0.65032,0.65471,0.64972,0.65315
NZDUSD,2019-06-03,0.65267,0.66041,0.65258,0.65903
NZDUSD,2019-06-04,0.65904,0.66192,0.6575,0.66083
NZDUSD,2019-06-05,0.66083,0.66662,0.66078,0.66258
NZDUSD,2019-06-06,0.6626,0.66439,0.66155,0.66174
NZDUSD,2019-06-07,0.66176,0.66812,0.66138,0.66609
NZDUSD,2019-06-10,0.66601,0.66623,0.6602,0.66101
NZDUSD,2019-06-11,0.66101,0.66111,0.65682,0.65832
NZDUSD,2019-06-12,0.65832,0.65923,0.65656,0.65757
NZDUSD,2019-06-13,0.65755,0.65873,0.65556,0.65574
NZDUSD,2019-06-14,0.65575,0.65598,0.64878,0.64881
NZDUSD,2019-06-17,0.6495,0.65142,0.64907,0.64962
NZDUSD,2019-06-18,0.64962,0.65374,0.649,0.65354
NZDUSD,2019-06-19,0.65353,0.65626,0.65134,0.65529
NZDUSD,2019-06-20,0.6553,0.65956,0.65528,0.65811
NZDUSD,2019-06-21,0.65811,0.66038,0.65539,0.65865
NZDUSD,2019-06-24,0.65879,0.66262,0.65862,0.66227
NZDUSD,2019-06-25,0.66227,0.66609,0.66227,0.66326
NZDUSD,2019-06-26,0.66326,0.66925,0.65947,0.66789
NZDUSD,2019-06-27,0.66789,0.67031,0.6671,0.67009
NZDUSD,2019-06-28,0.67011,0.67208,0.669,0.67153
NZDUSD,2019-07-01,0.67193,0.67265,0.66643,0.66708
NZDUSD,2019-07-02,0.66708,0.66809,0.66561,0.66773
NZDUSD,2019-07-03,0.66774,0.67195,0.66732,0.6707
NZDUSD,2019-07-04,0.67069,0.67198,0.66768,0.66905
NZDUSD,2019-07-05,0.66904,0.66932,0.66018,0.66213
NZDUSD,2019-07-08,0.66253,0.66527,0.66174,0.66259
NZDUSD,2019-07-09,0.66259,0.66314,0.65997,0.66
NZDUSD,2019-07-10,0.66002,0.66567,0.65665,0.66432
NZDUSD,2019-07-11,0.66434,0.66888,0.66434,0.66608
NZDUSD,2019-07-12,0.66609,0.66981,0.66596,0.66903
NZDUSD,2019-07-15,0.66847,0.67343,0.66816,0.6721
NZDUSD,2019-07-16,0.6721,0.67378,0.66951,0.67009
NZDUSD,2019-07-17,0.67009,0.67464,0.67002,0.67312
NZDUSD,2019-07-18,0.6731,0.67905,0.67282,0.6776
NZDUSD,2019-07-19,0.67761,0.67882,0.67569,0.67582
NZDUSD,2019-07-22,0.67622,0.67866,0.67363,0.67383
NZDUSD,2019-07-23,0.67383,0.67454,0.66961,0.66972
NZDUSD,2019-07-24,0.66971,0.6723,0.66915,0.66996
NZDUSD,2019-07-25,0.66997,0.67072,0.66535,0.66583
NZDUSD,2019-07-26,0.66583,0.66627,0.66256,0.66331
NZDUSD,2019-07-29,0.66307,0.66414,0.66155,0.66287
NZDUSD,2019-07-30,0.66287,0.6634,0.66019,0.6616
NZDUSD,2019-07-31,0.66159,0.66186,0.65424,0.65505
NZDUSD,2019-08-01,0.65505,0.65772,0.65337,0.6552
NZDUSD,2019-08-02,0.6552,0.65603,0.65048,0.65334
NZDUSD,2019-08-05,0.65268,0.65875,0.64881,0.65566
NZDUSD,2019-08-06,0.65565,0.65702,0.65139,0.65301
NZDUSD,2019-08-07,0.65301,0.65569,0.63772,0.64485
NZDUSD,2019-08-08,0.64489,0.64917,0.64328,0.64844
NZDUSD,2019-08-09,0.64842,0.64982,0.64605,0.64614
NZDUSD,2019-08-12,0.64662,0.64745,0.64368,0.64472
NZDUSD,2019-08-13,0.64472,0.64712,0.64214,0.64605
NZDUSD,2019-08-14,0.64605,0.64683,0.64206,0.64381
NZDUSD,2019-08-15,0.64383,0.64589,0.64271,0.64338
NZDUSD,2019-08-16,0.64338,0.64451,0.64215,0.64215
NZDUSD,2019-08-19,0.64277,0.644,0.64027,0.6404
NZDUSD,2019-08-20,0.64039,0.64292,0.64027,0.6408
NZDUSD,2019-08-21,0.64083,0.64223,0.63944,0.64037
NZDUSD,2019-08-22,0.64037,0.64071,0.63611,0.63888
NZDUSD,2019-08-23,0.63886,0.64095,0.63684,0.63943
NZDUSD,2019-08-26,0.63817,0.64031,0.63416,0.63847
NZDUSD,2019-08-27,0.63847,0.63855,0.63543,0.63629
NZDUSD,2019-08-28,0.6363,0.63664,0.63257,0.6336
NZDUSD,2019-08-29,0.63363,0.6347,0.63039,0.63159
NZDUSD,2019-08-30,0.63158,0.63201,0.62829,0.63063
NZDUSD,2019-09-02,0.63005,0.63184,0.629,0.63035
NZDUSD,2019-09-03,0.63035,0.63387,0.62687,0.63371
NZDUSD,2019-09-04,0.63371,0.63643,0.63252,0.6355
NZDUSD,2019-09-05,0.6355,0.63954,0.6355,0.63707
NZDUSD,2019-09-06,0.63706,0.64437,0.63692,0.64204
NZDUSD,2019-09-09,0.64147,0.64444,0.64127,0.64271
NZDUSD,2019-09-10,0.64272,0.64416,0.64089,0.64138
NZDUSD,2019-09-11,0.64137,0.64391,0.6405,0.64206
NZDUSD,2019-09-12,0.64204,0.64502,0.63973,0.64008
NZDUSD,2019-09-13,0.64005,0.64091,0.63717,0.63743
NZDUSD,2019-09-16,0.63709,0.63913,0.63387,0.6341
NZDUSD,2019-09-17,0.6341,0.63619,0.63216,0.636
NZDUSD,2019-09-18,0.636,0.63606,0.62993,0.63173
NZDUSD,2019-09-19,0.63172,0.63203,0.62927,0.62928
NZDUSD,2019-09-20,0.62928,0.63046,0.62546,0.62583
NZDUSD,2019-09-23,0.62599,0.62988,0.6258,0.62959
NZDUSD,2019-09-24,0.62959,0.6331,0.62871,0.63152
NZDUSD,2019-09-25,0.63152,0.63483,0.62629,0.62723
NZDUSD,2019-09-26,0.62722,0.63267,0.62703,0.62971
NZDUSD,2019-09-27,0.62972,0.63097,0.62787,0.62934
NZDUSD,2019-09-30,0.62859,0.62942,0.6249,0.62612
NZDUSD,2019-10-01,0.62611,0.62713,0.62034,0.62427
NZDUSD,2019-10-02,0.62426,0.62718,0.62188,0.62656
NZDUSD,2019-10-03,0.62658,0.63159,0.6255,0.63024
NZDUSD,2019-10-04,0.63024,0.63379,0.63017,0.63164
NZDUSD,2019-10-07,0.63035,0.63216,0.62829,0.62908
NZDUSD,2019-10-08,0.62907,0.63267,0.62876,0.62963
NZDUSD,2019-10-09,0.62964,0.63247,0.62767,0.62863
NZDUSD,2019-10-10,0.62863,0.63347,0.6284,0.63245
NZDUSD,2019-10-11,0.63245,0.63537,0.63158,0.63329
NZDUSD,2019-10-14,0.63302,0.6335,0.62807,0.63036
NZDUSD,2019-10-15,0.63035,0.63203,0.62582,0.62947
NZDUSD,2019-10-16,0.62945,0.62945,0.62403,0.62861
NZDUSD,2019-10-17,0.62859,0.63548,0.62835,0.63534
NZDUSD,2019-10-18,0.63533,0.63899,0.6353,0.63812
NZDUSD,2019-10-21,0.63796,0.6416,0.63701,0.64114
NZDUSD,2019-10-22,0.64114,0.64355,0.6396,0.64111
NZDUSD,2019-10-23,0.64111,0.64262,0.63857,0.64202
NZDUSD,2019-10-24,0.64202,0.64245,0.6374,0.63772
NZDUSD,2019-10-25,0.63772,0.6382,0.63465,0.63479
NZDUSD,2019-10-28,0.63474,0.63597,0.63336,0.6353
NZDUSD,2019-10-29,0.63529,0.63752,0.63383,0.63507
NZDUSD,2019-10-30,0.63507,0.64147,0.63327,0.64073
NZDUSD,2019-10-31,0.64074,0.64329,0.63916,0.64131
NZDUSD,2019-11-01,0.6413,0.64563,0.64065,0.64251
NZDUSD,2019-11-04,0.64339,0.64656,0.63898,0.64013
NZDUSD,2019-11-05,0.64011,0.64308,0.637,0.63721
NZDUSD,2019-11-06,0.63722,0.63888,0.63598,0.63643
NZDUSD,2019-11-07,0.63645,0.63858,0.63416,0.63743
NZDUSD,2019-11-08,0.63744,0.63816,0.63216,0.63235
NZDUSD,2019-11-11,0.63349,0.63722,0.63262,0.63628
NZDUSD,2019-11-12,0.63627,0.63675,0.63245,0.63362
NZDUSD,2019-11-13,0.63361,0.64186,0.63298,0.64139
NZDUSD,2019-11-14,0.64139,0.64183,0.63585,0.63803
NZDUSD,2019-11-15,0.63803,0.64098,0.63716,0.63986
NZDUSD,2019-11-18,0.64,0.64117,0.63897,0.63953
NZDUSD,2019-11-19,0.63953,0.64325,0.63816,0.64313
NZDUSD,2019-11-20,0.6431,0.64358,0.64036,0.64087
NZDUSD,2019-11-21,0.64086,0.64371,0.63968,0.64042
NZDUSD,2019-11-22,0.64042,0.6425,0.63989,0.64007
NZDUSD,2019-11-25,0.64078,0.64287,0.63944,0.64139
NZDUSD,2019-11-26,0.64138,0.64308,0.64054,0.64261
NZDUSD,2019-11-27,0.64261,0.64329,0.64021,0.64126
NZDUSD,2019-11-28,0.64138,0.643,0.6408,0.64191
NZDUSD,2019-11-29,0.64188,0.64377,0.64087,0.64154
NZDUSD,2019-12-02,0.64312,0.65106,0.64238,0.64968
NZDUSD,2019-12-03,0.64968,0.65332,0.64963,0.65177
NZDUSD,2019-12-04,0.65186,0.65538,0.65031,0.65478
NZDUSD,2019-12-05,0.65477,0.65617,0.65194,0.65428
NZDUSD,2019-12-06,0.65429,0.65758,0.65408,0.65616
NZDUSD,2019-12-09,0.65552,0.65671,0.65396,0.65483
NZDUSD,2019-12-10,0.65482,0.65677,0.65281,0.65428
NZDUSD,2019-12-11,0.65426,0.66029,0.65221,0.65801
NZDUSD,2019-12-12,0.65801,0.66354,0.65738,0.66181
NZDUSD,2019-12-13,0.66182,0.66263,0.65814,0.65922
NZDUSD,2019-12-16,0.66021,0.66137,0.65876,0.659
NZDUSD,2019-12-17,0.65903,0.66048,0.65644,0.65678
NZDUSD,2019-12-18,0.65678,0.66138,0.6554,0.6583
NZDUSD,2019-12-19,0.65829,0.66112,0.65724,0.66102
NZDUSD,2019-12-20,0.66102,0.66135,0.65884,0.65976
NZDUSD,2019-12-23,0.65978,0.66387,0.65971,0.6633
NZDUSD,2019-12-24,0.6633,0.66484,0.662,0.66277
NZDUSD,2019-12-25,0.66276,0.66452,0.662,0.66425
NZDUSD,2019-12-26,0.66424,0.66764,0.66399,0.66726
NZDUSD,2019-12-27,0.66727,0.67103,0.66664,0.66961
NZDUSD,2019-12-30,0.66937,0.67362,0.66937,0.67327
NZDUSD,2019-12-31,0.67328,0.67554,0.6719,0.67304
NZDUSD,2020-01-01,0.67167,0.67369,0.6716,0.67356
NZDUSD,2020-01-02,0.67357,0.6739,0.66841,0.66979
NZDUSD,2020-01-03,0.6698,0.66987,0.66438,0.66625
NZDUSD,2020-01-06,0.66578,0.66797,0.66439,0.66678
NZDUSD,2020-01-07,0.66678,0.66788,0.66247,0.66304
NZDUSD,2020-01-08,0.66302,0.66719,0.6617,0.66535
NZDUSD,2020-01-09,0.66537,0.6658,0.65997,0.66065
NZDUSD,2020-01-10,0.66066,0.66446,0.66013,0.66289
NZDUSD,2020-01-13,0.6638,0.66525,0.66199,0.66244
NZDUSD,2020-01-14,0.66244,0.66339,0.6603,0.66061
NZDUSD,2020-01-15,0.66061,0.66203,0.65835,0.66188
NZDUSD,2020-01-16,0.66187,0.6665,0.66177,0.66365
NZDUSD,2020-01-17,0.66364,0.66503,0.66068,0.66083
NZDUSD,2020-01-20,0.66121,0.6624,0.65917,0.66062
NZDUSD,2020-01-21,0.66062,0.66147,0.65874,0.65946
NZDUSD,2020-01-22,0.65946,0.66103,0.6581,0.65943
NZDUSD,2020-01-23,0.65942,0.66238,0.65806,0.66178
NZDUSD,2020-01-24,0.66176,0.6629,0.65987,0.66005
NZDUSD,2020-01-27,0.65828,0.65965,0.65409,0.65444
NZDUSD,2020-01-28,0.65443,0.65539,0.65204,0.65389
NZDUSD,2020-01-29,0.65387,0.65427,0.65053,0.65269
NZDUSD,2020-01-30,0.65268,0.65284,0.64796,0.6483
NZDUSD,2020-01-31,0.64831,0.64946,0.64537,0.64622
NZDUSD,2020-02-03,0.64681,0.64767,0.64522,0.64596
NZDUSD,2020-02-04,0.64595,0.65019,0.64491,0.64917
NZDUSD,2020-02-05,0.64917,0.65027,0.64688,0.64804
NZDUSD,2020-02-06,0.64804,0.64837,0.64535,0.64592
NZDUSD,2020-02-07,0.64593,0.64601,0.63976,0.64005
NZDUSD,2020-02-10,0.64017,0.6417,0.63805,0.63874
NZDUSD,2020-02-11,0.63875,0.6421,0.63779,0.6405
NZDUSD,2020-02-12,0.64049,0.64871,0.6403,0.64452
NZDUSD,2020-02-13,0.64455,0.64661,0.64314,0.64408
NZDUSD,2020-02-14,0.64408,0.6444,0.64227,0.6428
NZDUSD,2020-02-17,0.64448,0.64472,0.642,0.6437
NZDUSD,2020-02-18,0.64369,0.64369,0.63811,0.63935
NZDUSD,2020-02-19,0.6394,0.64105,0.63706,0.63883
NZDUSD,2020-02-20,0.63883,0.63946,0.63245,0.63322
NZDUSD,2020-02-21,0.6332,0.63566,0.63028,0.63425
NZDUSD,2020-02-24,0.63117,0.63559,0.63032,0.63418
NZDUSD,2020-02-25,0.63418,0.6358,0.63107,0.63207
NZDUSD,2020-02-26,0.63207,0.63211,0.62831,0.6287
NZDUSD,2020-02-27,0.62869,0.63343,0.62838,0.631
NZDUSD,2020-02-28,0.63103,0.63138,0.61911,0.6245
NZDUSD,2020-03-02,0.61934,0.62787,0.61933,0.62661
NZDUSD,2020-03-03,0.62661,0.63252,0.62461,0.62695
NZDUSD,2020-03-04,0.62695,0.63052,0.62695,0.62998
NZDUSD,2020-03-05,0.62996,0.6334,0.62799,0.63124
NZDUSD,2020-03-06,0.63121,0.63721,0.62938,0.63535
NZDUSD,2020-03-09,0.63098,0.64476,0.60038,0.63364
NZDUSD,2020-03-10,0.63373,0.63426,0.6242,0.62633
NZDUSD,2020-03-11,0.62633,0.63423,0.62566,0.62635
NZDUSD,2020-03-12,0.62632,0.62756,0.60844,0.61135
NZDUSD,2020-03-13,0.61138,0.61597,0.60171,0.60574
NZDUSD,2020-03-16,0.59904,0.61498,0.59839,0.60417
NZDUSD,2020-03-17,0.60416,0.60955,0.59147,0.59466
NZDUSD,2020-03-18,0.59461,0.59678,0.56845,0.57135
NZDUSD,2020-03-19,0.57136,0.59162,0.54684,0.56831
NZDUSD,2020-03-20,0.56833,0.58811,0.56471,0.5702
NZDUSD,2020-03-23,0.56666,0.57516,0.55871,0.57395
NZDUSD,2020-03-24,0.57394,0.5846,0.57342,0.58226
NZDUSD,2020-03-25,0.58221,0.59122,0.57866,0.58041
NZDUSD,2020-03-26,0.5804,0.59882,0.57765,0.59739
NZDUSD,2020-03-27,0.59742,0.60686,0.5909,0.60338
NZDUSD,2020-03-30,0.60289,0.60629,0.59832,0.60085
NZDUSD,2020-03-31,0.60085,0.60383,0.59087,0.59485
NZDUSD,2020-04-01,0.59484,0.59774,0.58785,0.59343
NZDUSD,2020-04-02,0.59341,0.59729,0.58798,0.59142
NZDUSD,2020-04-03,0.59141,0.59166,0.58429,0.5848
NZDUSD,2020-04-06,0.58705,0.59629,0.58496,0.59462
NZDUSD,2020-04-07,0.59463,0.60152,0.59342,0.59607
NZDUSD,2020-04-08,0.59607,0.60305,0.59395,0.60139
NZDUSD,2020-04-09,0.60137,0.60961,0.59849,0.60696
NZDUSD,2020-04-10,0.60696,0.61026,0.60557,0.60653
NZDUSD,2020-04-13,0.6077,0.6111,0.60592,0.60995
NZDUSD,2020-04-14,0.60994,0.61303,0.60647,0.61
NZDUSD,2020-04-15,0.61003,0.61011,0.59547,0.59947
NZDUSD,2020-04-16,0.5995,0.60225,0.5921,0.59989
NZDUSD,2020-04-17,0.59989,0.6051,0.59666,0.60265
NZDUSD,2020-04-20,0.60317,0.60915,0.60084,0.60411
NZDUSD,2020-04-21,0.60412,0.60442,0.59332,0.5962
NZDUSD,2020-04-22,0.5962,0.60034,0.59201,0.59215
NZDUSD,2020-04-23,0.59221,0.60414,0.59101,0.60042
NZDUSD,2020-04-24,0.60045,0.60182,0.59753,0.60111
NZDUSD,2020-04-27,0.59988,0.60749,0.59978,0.60238
NZDUSD,2020-04-28,0.60238,0.60815,0.59916,0.60758
NZDUSD,2020-04-29,0.60758,0.61431,0.60746,0.61395
NZDUSD,2020-04-30,0.61394,0.61755,0.60979,0.61188
NZDUSD,2020-05-01,0.61189,0.61232,0.60464,0.60557
NZDUSD,2020-05-04,0.60542,0.60599,0.6008,0.60491
NZDUSD,2020-05-05,0.60492,0.60768,0.60326,0.60519
NZDUSD,2020-05-06,0.60522,0.60726,0.59943,0.6007
NZDUSD,2020-05-07,0.60072,0.60992,0.60072,0.60938
NZDUSD,2020-05-08,0.60936,0.61477,0.60894,0.61353
NZDUSD,2020-05-11,0.61452,0.61558,0.60536,0.60764
NZDUSD,2020-05-12,0.60766,0.61231,0.60406,0.60649
NZDUSD,2020-05-13,0.60649,0.60981,0.59797,0.59953
NZDUSD,2020-05-14,0.59958,0.60159,0.59567,0.60116
NZDUSD,2020-05-15,0.60116,0.6014,0.59206,0.59284
NZDUSD,2020-05-18,0.5935,0.60493,0.59232,0.60391
NZDUSD,2020-05-19,0.60391,0.6119,0.60337,0.6085
NZDUSD,2020-05-20,0.6085,0.61577,0.60837,0.61463
NZDUSD,2020-05-21,0.61462,0.61494,0.61055,0.6122
NZDUSD,2020-05-22,0.6122,0.61264,0.60806,0.60943
NZDUSD,2020-05-25,0.60967,0.6108,0.60833,0.61074
NZDUSD,2020-05-26,0.61076,0.62283,0.60989,0.61963
NZDUSD,2020-05-27,0.61964,0.62322,0.61489,0.61868
NZDUSD,2020-05-28,0.61868,0.62278,0.61693,0.61965
NZDUSD,2020-05-29,0.61964,0.62395,0.61681,0.61992
NZDUSD,2020-06-01,0.61948,0.63014,0.6185,0.62809
NZDUSD,2020-06-02,0.62809,0.63894,0.62625,0.63821
NZDUSD,2020-06-03,0.63823,0.64434,0.63656,0.6427
NZDUSD,2020-06-04,0.64269,0.64776,0.64034,0.64615
NZDUSD,2020-06-05,0.64614,0.65276,0.64586,0.65048
NZDUSD,2020-06-08,0.65024,0.65684,0.65023,0.6566
NZDUSD,2020-06-09,0.65657,0.658,0.64685,0.6497
NZDUSD,2020-06-10,0.64976,0.65844,0.64946,0.65101
NZDUSD,2020-06-11,0.65101,0.65383,0.64049,0.64118
NZDUSD,2020-06-12,0.64121,0.64766,0.63934,0.64433
NZDUSD,2020-06-15,0.64409,0.65004,0.63804,0.64997
NZDUSD,2020-06-16,0.64995,0.65061,0.64116,0.64578
NZDUSD,2020-06-17,0.64579,0.64786,0.64288,0.64446
NZDUSD,2020-06-18,0.64447,0.6466,0.6418,0.64272
NZDUSD,2020-06-19,0.64275,0.64574,0.64001,0.64052
NZDUSD,2020-06-22,0.63812,0.64969,0.63803,0.64925
NZDUSD,2020-06-23,0.64926,0.65326,0.64359,0.64998
NZDUSD,2020-06-24,0.65005,0.65136,0.64001,0.64015
NZDUSD,2020-06-25,0.64015,0.64423,0.63985,0.643
NZDUSD,2020-06-26,0.64297,0.64502,0.64019,0.64191
NZDUSD,2020-06-29,0.64002,0.64427,0.64002,0.64269
NZDUSD,2020-06-30,0.64269,0.6461,0.63848,0.64494
NZDUSD,2020-07-01,0.64494,0.64922,0.64399,0.64779
NZDUSD,2020-07-02,0.64778,0.65364,0.64744,0.65078
NZDUSD,2020-07-03,0.65078,0.65438,0.65009,0.6518
NZDUSD,2020-07-06,0.65227,0.65656,0.65166,0.65573
NZDUSD,2020-07-07,0.65573,0.65799,0.65189,0.65481
NZDUSD,2020-07-08,0.65481,0.65791,0.65293,0.65725
NZDUSD,2020-07-09,0.65725,0.66001,0.65506,0.6568
NZDUSD,2020-07-10,0.65686,0.65881,0.65459,0.65716
NZDUSD,2020-07-13,0.65694,0.65929,0.65346,0.65346
NZDUSD,2020-07-14,0.65347,0.65443,0.65024,0.65431
NZDUSD,2020-07-15,0.65431,0.65837,0.65401,0.65725
NZDUSD,2020-07-16,0.65724,0.65724,0.65274,0.6539
NZDUSD,2020-07-17,0.65393,0.65652,0.65321,0.65547
NZDUSD,2020-07-20,0.65498,0.65819,0.65382,0.65795
NZDUSD,2020-07-21,0.65794,0.66495,0.65589,0.66468
NZDUSD,2020-07-22,0.66469,0.6689,0.66321,0.66552
NZDUSD,2020-07-23,0.66552,0.66896,0.6625,0.66332
NZDUSD,2020-07-24,0.6633,0.66534,0.66144,0.66402
NZDUSD,2020-07-27,0.66241,0.66928,0.66235,0.6687
NZDUSD,2020-07-28,0.66871,0.67022,0.66328,0.66585
NZDUSD,2020-07-29,0.66585,0.66793,0.66407,0.66535
NZDUSD,2020-07-30,0.66535,0.67012,0.66197,0.66945
NZDUSD,2020-07-31,0.66948,0.67152,0.66225,0.66275
NZDUSD,2020-08-03,0.66225,0.66423,0.6575,0.66132
NZDUSD,2020-08-04,0.66132,0.66461,0.65889,0.66441
NZDUSD,2020-08-05,0.66439,0.66733,0.66297,0.66458
NZDUSD,2020-08-06,0.66458,0.669,0.66278,0.66821
NZDUSD,2020-08-07,0.66824,0.669,0.65882,0.65952
NZDUSD,2020-08-10,0.66054,0.66117,0.65773,0.65915
NZDUSD,2020-08-11,0.65916,0.66264,0.65635,0.6568
NZDUSD,2020-08-12,0.6568,0.66,0.65236,0.65765
NZDUSD,2020-08-13,0.65761,0.65981,0.65362,0.65449
NZDUSD,2020-08-14,0.65448,0.65588,0.65259,0.654
NZDUSD,2020-08-17,0.65429,0.65733,0.6519,0.65517
NZDUSD,2020-08-18,0.65516,0.66103,0.65337,0.66085
NZDUSD,2020-08-19,0.66086,0.66509,0.6553,0.65604
NZDUSD,2020-08-20,0.65605,0.65707,0.64884,0.65398
NZDUSD,2020-08-21,0.65394,0.6549,0.65163,0.65359
NZDUSD,2020-08-24,0.65303,0.65644,0.65213,0.6526
NZDUSD,2020-08-25,0.6526,0.65581,0.65147,0.65506
NZDUSD,2020-08-26,0.65504,0.66331,0.65431,0.66309
NZDUSD,2020-08-27,0.66308,0.66747,0.65998,0.66437
NZDUSD,2020-08-28,0.66437,0.67435,0.66368,0.67377
NZDUSD,2020-08-31,0.67279,0.67629,0.67186,0.67322
NZDUSD,2020-09-01,0.67323,0.67789,0.67295,0.67671
NZDUSD,2020-09-02,0.67671,0.67886,0.67412,0.67642
NZDUSD,2020-09-03,0.67643,0.67725,0.66877,0.66889
NZDUSD,2020-09-04,0.6689,0.67348,0.66671,0.67165
NZDUSD,2020-09-07,0.6714,0.67218,0.66882,0.66901
NZDUSD,2020-09-08,0.669,0.67066,0.66006,0.66105
NZDUSD,2020-09-09,0.66109,0.6687,0.66104,0.66786
NZDUSD,2020-09-10,0.66787,0.67082,0.66385,0.66455
NZDUSD,2020-09-11,0.66457,0.66948,0.66407,0.66616
NZDUSD,2020-09-14,0.66583,0.67177,0.66583,0.66971
NZDUSD,2020-09-15,0.66971,0.67361,0.66833,0.67084
NZDUSD,2020-09-16,0.67084,0.67587,0.67021,0.67228
NZDUSD,2020-09-17,0.67226,0.67683,0.66745,0.67629
NZDUSD,2020-09-18,0.67625,0.67973,0.6754,0.6754
NZDUSD,2020-09-21,0.67526,0.67775,0.66513,0.66638
NZDUSD,2020-09-22,0.66638,0.66871,0.6622,0.663
NZDUSD,2020-09-23,0.66299,0.66475,0.65351,0.65419
NZDUSD,2020-09-24,0.65418,0.65612,0.6511,0.65474
NZDUSD,2020-09-25,0.65475,0.65919,0.65272,0.65435
NZDUSD,2020-09-28,0.65442,0.65682,0.65392,0.65654
NZDUSD,2020-09-29,0.65655,0.66023,0.65519,0.66005
NZDUSD,2020-09-30,0.66006,0.66285,0.6569,0.66207
NZDUSD,2020-10-01,0.66208,0.66568,0.6616,0.66503
NZDUSD,2020-10-02,0.66503,0.66542,0.6613,0.66381
NZDUSD,2020-10-05,0.66355,0.66542,0.66291,0.66528
NZDUSD,2020-10-06,0.66529,0.66575,0.65765,0.65893
NZDUSD,2020-10-07,0.65896,0.66002,0.65706,0.65721
NZDUSD,2020-10-08,0.65722,0.65963,0.65462,0.65883
NZDUSD,2020-10-09,0.65883,0.66721,0.65878,0.66641
NZDUSD,2020-10-12,0.6652,0.66699,0.66405,0.66478
NZDUSD,2020-10-13,0.66478,0.66707,0.6628,0.66539
NZDUSD,2020-10-14,0.66539,0.66816,0.66438,0.66559
NZDUSD,2020-10-15,0.66557,0.66622,0.65758,0.65975
NZDUSD,2020-10-16,0.65975,0.66187,0.65864,0.66002
NZDUSD,2020-10-19,0.66103,0.6646,0.65858,0.65917
NZDUSD,2020-10-20,0.65918,0.65953,0.65524,0.65794
NZDUSD,2020-10-21,0.65794,0.66772,0.65774,0.66431
NZDUSD,2020-10-22,0.66433,0.66884,0.66318,0.66717
NZDUSD,2020-10-23,0.66716,0.67045,0.66558,0.66833
NZDUSD,2020-10-26,0.66758,0.6697,0.66699,0.6675
NZDUSD,2020-10-27,0.66753,0.67238,0.66746,0.66994
NZDUSD,2020-10-28,0.66994,0.67194,0.66281,0.6648
NZDUSD,2020-10-29,0.6648,0.66594,0.65965,0.66283
NZDUSD,2020-10-30,0.66282,0.66707,0.65976,0.661
NZDUSD,2020-11-02,0.66097,0.66348,0.65888,0.66309
NZDUSD,2020-11-03,0.66308,0.67313,0.66209,0.67273
NZDUSD,2020-11-04,0.67274,0.67434,0.66134,0.66985
NZDUSD,2020-11-05,0.66986,0.67775,0.66785,0.67633
NZDUSD,2020-11-06,0.67633,0.68018,0.67599,0.67714
NZDUSD,2020-11-09,0.67866,0.68546,0.6783,0.68238
NZDUSD,2020-11-10,0.68239,0.68397,0.68031,0.68266
NZDUSD,2020-11-11,0.68265,0.69035,0.68083,0.69007
NZDUSD,2020-11-12,0.69005,0.69142,0.68286,0.68376
NZDUSD,2020-11-13,0.68381,0.68485,0.68102,0.68447
NZDUSD,2020-11-16,0.68422,0.69092,0.68404,0.69062
NZDUSD,2020-11-17,0.69061,0.69185,0.68749,0.68903
NZDUSD,2020-11-18,0.68903,0.69449,0.68752,0.69182
NZDUSD,2020-11-19,0.69181,0.69281,0.68784,0.69043
NZDUSD,2020-11-20,0.69043,0.69504,0.69043,0.69224
NZDUSD,2020-11-23,0.69266,0.69673,0.68964,0.69289
NZDUSD,2020-11-24,0.69288,0.70045,0.69235,0.69778
NZDUSD,2020-11-25,0.69778,0.70147,0.69598,0.70026
NZDUSD,2020-11-26,0.70025,0.70137,0.69926,0.7002
NZDUSD,2020-11-27,0.70021,0.70391,0.70016,0.70145
NZDUSD,2020-11-30,0.70268,0.70507,0.70072,0.70183
NZDUSD,2020-12-01,0.70184,0.70727,0.70183,0.70686
NZDUSD,2020-12-02,0.70685,0.70837,0.70314,0.70704
NZDUSD,2020-12-03,0.70704,0.71039,0.70503,0.707
NZDUSD,2020-12-04,0.70701,0.70788,0.70272,0.70376
NZDUSD,2020-12-07,0.70412,0.70636,0.70053,0.70379
NZDUSD,2020-12-08,0.70379,0.70536,0.7023,0.70393
NZDUSD,2020-12-09,0.70394,0.70943,0.70105,0.7015
NZDUSD,2020-12-10,0.70151,0.70992,0.70135,0.70918
NZDUSD,2020-12-11,0.70922,0.71134,0.70736,0.70828
NZDUSD,2020-12-14,0.70987,0.71198,0.70747,0.70832
NZDUSD,2020-12-15,0.70834,0.70979,0.70589,0.70862
NZDUSD,2020-12-16,0.70863,0.71205,0.70536,0.71079
NZDUSD,2020-12-17,0.7108,0.71711,0.71012,0.7146
NZDUSD,2020-12-18,0.71454,0.71522,0.71097,0.71347
NZDUSD,2020-12-21,0.71108,0.71232,0.70021,0.70953
NZDUSD,2020-12-22,0.70953,0.70991,0.70307,0.70544
NZDUSD,2020-12-23,0.70544,0.7104,0.70293,0.70994
NZDUSD,2020-12-24,0.70993,0.71174,0.70796,0.70859
NZDUSD,2020-12-25,0.7093,0.71147,0.70828,0.71063
NZDUSD,2020-12-28,0.71047,0.71388,0.7083,0.71064
NZDUSD,2020-12-29,0.71064,0.71642,0.71051,0.71488
NZDUSD,2020-12-30,0.71489,0.7215,0.71456,0.72136
NZDUSD,2020-12-31,0.72137,0.72408,0.71806,0.71819
NZDUSD,2021-01-04,0.7191,0.72303,0.71523,0.71777
NZDUSD,2021-01-05,0.71774,0.7259,0.71721,0.72531
NZDUSD,2021-01-06,0.72535,0.7315,0.7235,0.7304
NZDUSD,2021-01-07,0.7304,0.73044,0.72243,0.72648
NZDUSD,2021-01-08,0.7265,0.7281,0.72039,0.72357
NZDUSD,2021-01-11,0.72302,0.72323,0.7146,0.7173
NZDUSD,2021-01-12,0.71731,0.72313,0.71567,0.72279
NZDUSD,2021-01-13,0.72278,0.72393,0.71655,0.71894
NZDUSD,2021-01-14,0.71895,0.72403,0.71706,0.72163
NZDUSD,2021-01-15,0.72163,0.7229,0.71182,0.71293
NZDUSD,2021-01-18,0.714,0.71402,0.70959,0.71148
NZDUSD,2021-01-19,0.71147,0.71404,0.71021,0.7129
NZDUSD,2021-01-20,0.7129,0.71946,0.71156,0.71839
NZDUSD,2021-01-21,0.71838,0.72226,0.7175,0.72133
NZDUSD,2021-01-22,0.72135,0.72251,0.71664,0.71786
NZDUSD,2021-01-25,0.71778,0.72165,0.71704,0.71988
NZDUSD,2021-01-26,0.71986,0.72472,0.71668,0.72376
NZDUSD,2021-01-27,0.72376,0.72445,0.71361,0.71406
NZDUSD,2021-01-28,0.71411,0.71953,0.71051,0.71731
NZDUSD,2021-01-29,0.7173,0.72253,0.71504,0.71782
NZDUSD,2021-02-01,0.71556,0.72025,0.71501,0.71638
NZDUSD,2021-02-02,0.71638,0.72064,0.71346,0.71924
NZDUSD,2021-02-03,0.71922,0.72249,0.71832,0.72211
NZDUSD,2021-02-04,0.72213,0.72248,0.71464,0.71579
NZDUSD,2021-02-05,0.71579,0.72062,0.71357,0.71992
NZDUSD,2021-02-08,0.71881,0.7232,0.71776,0.72261
NZDUSD,2021-02-09,0.72261,0.72538,0.72154,0.72404
NZDUSD,2021-02-10,0.72406,0.7245,0.71991,0.72171
NZDUSD,2021-02-11,0.72171,0.72504,0.7204,0.72304
NZDUSD,2021-02-12,0.72303,0.72323,0.71751,0.72144
NZDUSD,2021-02-15,0.7205,0.7249,0.72049,0.7232
NZDUSD,2021-02-16,0.72319,0.7268,0.71828,0.71874
NZDUSD,2021-02-17,0.71875,0.72134,0.71574,0.71927
NZDUSD,2021-02-18,0.71922,0.72253,0.71756,0.72175
NZDUSD,2021-02-19,0.72175,0.73143,0.72031,0.72908
NZDUSD,2021-02-22,0.72884,0.73428,0.72807,0.73269
NZDUSD,2021-02-23,0.73268,0.73465,0.73065,0.73373
NZDUSD,2021-02-24,0.73372,0.74544,0.73139,0.74406
NZDUSD,2021-02-25,0.74406,0.74642,0.73541,0.73614
NZDUSD,2021-02-26,0.73616,0.73739,0.72223,0.72304
NZDUSD,2021-03-01,0.72366,0.72925,0.72249,0.72734
NZDUSD,2021-03-02,0.72734,0.73068,0.72088,0.72914
NZDUSD,2021-03-03,0.72915,0.73042,0.72266,0.72269
NZDUSD,2021-03-04,0.7227,0.72724,0.71719,0.71764
NZDUSD,2021-03-05,0.71762,0.71848,0.70984,0.71588
NZDUSD,2021-03-08,0.71602,0.7191,0.71041,0.71316
NZDUSD,2021-03-09,0.71315,0.71822,0.71026,0.71781
NZDUSD,2021-03-10,0.71781,0.71992,0.7131,0.71925
NZDUSD,2021-03-11,0.71927,0.72404,0.7185,0.72245
NZDUSD,2021-03-12,0.72244,0.72322,0.71503,0.71709
NZDUSD,2021-03-15,0.71716,0.72159,0.71634,0.72011
NZDUSD,2021-03-16,0.72011,0.7205,0.71671,0.71924
NZDUSD,2021-03-17,0.71922,0.72639,0.71529,0.72516
NZDUSD,2021-03-18,0.72517,0.72692,0.71592,0.71659
NZDUSD,2021-03-19,0.71658,0.71875,0.71421,0.71585
NZDUSD,2021-03-22,0.71395,0.71824,0.71227,0.71311
NZDUSD,2021-03-23,0.71311,0.71335,0.69855,0.69919
NZDUSD,2021-03-24,0.69922,0.70009,0.69553,0.69679
NZDUSD,2021-03-25,0.69681,0.69859,0.69427,0.69647
NZDUSD,2021-03-26,0.6965,0.70015,0.69609,0.69953
NZDUSD,2021-03-29,0.69926,0.70175,0.69712,0.70084
NZDUSD,2021-03-30,0.70085,0.70331,0.69725,0.69907
NZDUSD,2021-03-31,0.69908,0.70252,0.69629,0.6982
NZDUSD,2021-04-01,0.69823,0.70263,0.69448,0.70217
NZDUSD,2021-04-02,0.70217,0.7047,0.70125,0.70153
NZDUSD,2021-04-05,0.7022,0.70692,0.70147,0.70653
NZDUSD,2021-04-06,0.70652,0.7069,0.70075,0.70623
NZDUSD,2021-04-07,0.70623,0.70683,0.69967,0.7012
NZDUSD,2021-04-08,0.70121,0.70634,0.70039,0.706
NZDUSD,2021-04-09,0.706,0.70653,0.7009,0.70293
NZDUSD,2021-04-12,0.70275,0.7049,0.70134,0.70306
NZDUSD,2021-04-13,0.70308,0.7066,0.70035,0.70599
NZDUSD,2021-04-14,0.70598,0.71499,0.70468,0.71385
NZDUSD,2021-04-15,0.71385,0.71801,0.71376,0.71743
NZDUSD,2021-04-16,0.71742,0.71778,0.71315,0.71418
NZDUSD,2021-04-19,0.71252,0.71978,0.71215,0.71888
NZDUSD,2021-04-20,0.71888,0.72295,0.71622,0.71641
NZDUSD,2021-04-21,0.71643,0.7218,0.7162,0.72027
NZDUSD,2021-04-22,0.72027,0.72133,0.71455,0.71535
NZDUSD,2021-04-23,0.71538,0.7203,0.71524,0.71934
NZDUSD,2021-04-26,0.71862,0.72429,0.71862,0.72289
NZDUSD,2021-04-27,0.72288,0.72365,0.71989,0.72026
NZDUSD,2021-04-28,0.72029,0.727,0.7188,0.7269
NZDUSD,2021-04-29,0.7269,0.72862,0.72221,0.72461
NZDUSD,2021-04-30,0.7246,0.72542,0.71502,0.71566
NZDUSD,2021-05-03,0.71743,0.72122,0.71551,0.71963
NZDUSD,2021-05-04,0.71963,0.71986,0.7115,0.71608
NZDUSD,2021-05-05,0.71605,0.72229,0.71489,0.72179
NZDUSD,2021-05-06,0.72179,0.72385,0.71841,0.72313
NZDUSD,2021-05-07,0.72313,0.72992,0.72047,0.72802
NZDUSD,2021-05-10,0.72832,0.73046,0.72587,0.72702
NZDUSD,2021-05-11,0.72704,0.72892,0.72513,0.72613
NZDUSD,2021-05-12,0.72615,0.72665,0.7151,0.71629
NZDUSD,2021-05-13,0.71627,0.71939,0.71344,0.71804
NZDUSD,2021-05-14,0.71804,0.72542,0.71685,0.72453
NZDUSD,2021-05-17,0.72332,0.72498,0.71809,0.72177
NZDUSD,2021-05-18,0.72176,0.72706,0.72144,0.72364
NZDUSD,2021-05-19,0.72366,0.7247,0.7151,0.71606
NZDUSD,2021-05-20,0.71606,0.72163,0.71561,0.71954
NZDUSD,2021-05-21,0.71955,0.72221,0.71537,0.71643
NZDUSD,2021-05-24,0.71647,0.72195,0.71577,0.72131
NZDUSD,2021-05-25,0.72131,0.72496,0.72079,0.72234
NZDUSD,2021-05-26,0.72233,0.73159,0.72226,0.72766
NZDUSD,2021-05-27,0.72766,0.73107,0.72655,0.72827
NZDUSD,2021-05-28,0.72829,0.72843,0.72123,0.72429
NZDUSD,2021-05-31,0.72547,0.72832,0.7231,0.7276
NZDUSD,2021-06-01,0.72758,0.72877,0.7246,0.72517
NZDUSD,2021-06-02,0.72518,0.72719,0.72084,0.72321
NZDUSD,2021-06-03,0.72322,0.72413,0.71252,0.71457
NZDUSD,2021-06-04,0.71461,0.72154,0.7132,0.72083
NZDUSD,2021-06-07,0.72084,0.72422,0.71807,0.7224
NZDUSD,2021-06-08,0.72241,0.72324,0.7187,0.71887
NZDUSD,2021-06-09,0.7189,0.72138,0.7167,0.71708
NZDUSD,2021-06-10,0.71709,0.72123,0.71647,0.71888
NZDUSD,2021-06-11,0.71889,0.721,0.71155,0.71211
NZDUSD,2021-06-14,0.71321,0.71523,0.71255,0.71423
NZDUSD,2021-06-15,0.71426,0.71604,0.71045,0.71209
NZDUSD,2021-06-16,0.7121,0.71542,0.70419,0.70697
NZDUSD,2021-06-17,0.70698,0.7102,0.69914,0.70139
NZDUSD,2021-06-18,0.70139,0.70155,0.69224,0.69255
NZDUSD,2021-06-21,0.69341,0.69988,0.69313,0.69848
NZDUSD,2021-06-22,0.69848,0.70355,0.69631,0.7016
NZDUSD,2021-06-23,0.70157,0.70687,0.69949,0.70441
NZDUSD,2021-06-24,0.70442,0.70729,0.70411,0.70617
NZDUSD,2021-06-25,0.70616,0.70948,0.70555,0.70622
NZDUSD,2021-06-28,0.70676,0.70859,0.70323,0.70478
NZDUSD,2021-06-29,0.70479,0.70508,0.69788,0.69885
NZDUSD,2021-06-30,0.69886,0.70059,0.69644,0.69954
NZDUSD,2021-07-01,0.69953,0.70096,0.69612,0.69624
NZDUSD,2021-07-02,0.69623,0.70366,0.69467,0.70284
NZDUSD,2021-07-05,0.70194,0.70651,0.70105,0.70506
NZDUSD,2021-07-06,0.70506,0.71049,0.69876,0.70161
NZDUSD,2021-07-07,0.7016,0.70606,0.6989,0.7012
NZDUSD,2021-07-08,0.70122,0.70128,0.69341,0.69475
NZDUSD,2021-07-09,0.69476,0.70035,0.69226,0.69979
NZDUSD,2021-07-12,0.69849,0.70081,0.69477,0.6985
NZDUSD,2021-07-13,0.69853,0.70091,0.69169,0.69425
NZDUSD,2021-07-14,0.6942,0.70439,0.69384,0.7037
NZDUSD,2021-07-15,0.70369,0.70396,0.69647,0.70104
NZDUSD,2021-07-16,0.70103,0.70286,0.69898,0.69948
NZDUSD,2021-07-19,0.70005,0.70032,0.69155,0.69275
NZDUSD,2021-07-20,0.69276,0.69535,0.68804,0.69222
NZDUSD,2021-07-21,0.69222,0.69767,0.68936,0.69586
NZDUSD,2021-07-22,0.69586,0.69857,0.69462,0.69794
NZDUSD,2021-07-23,0.69794,0.69921,0.69598,0.69756
NZDUSD,2021-07-26,0.69698,0.70094,0.6947,0.70001
NZDUSD,2021-07-27,0.7,0.70054,0.69391,0.69619
NZDUSD,2021-07-28,0.6962,0.69691,0.69008,0.69591
NZDUSD,2021-07-29,0.69592,0.70191,0.69479,0.70095
NZDUSD,2021-07-30,0.70094,0.70208,0.69586,0.69645
NZDUSD,2021-08-02,0.69611,0.69928,0.69521,0.69858
NZDUSD,2021-08-03,0.69855,0.70505,0.69823,0.70444
NZDUSD,2021-08-04,0.70444,0.70882,0.7035,0.70426
NZDUSD,2021-08-05,0.70427,0.70733,0.70363,0.7047
NZDUSD,2021-08-06,0.70472,0.70624,0.70009,0.70065
NZDUSD,2021-08-09,0.70027,0.70255,0.69804,0.69912
NZDUSD,2021-08-10,0.69912,0.7013,0.69682,0.70049
NZDUSD,2021-08-11,0.70051,0.70614,0.69909,0.70405
NZDUSD,2021-08-12,0.70403,0.70466,0.69953,0.70035
NZDUSD,2021-08-13,0.70036,0.70472,0.6994,0.70361
NZDUSD,2021-08-16,0.70417,0.70436,0.70104,0.70273
NZDUSD,2021-08-17,0.70275,0.70286,0.68998,0.69265
NZDUSD,2021-08-18,0.69266,0.69511,0.68683,0.68731
NZDUSD,2021-08-19,0.68731,0.68739,0.68082,0.68189
NZDUSD,2021-08-20,0.6819,0.68423,0.68046,0.68285
NZDUSD,2021-08-23,0.68206,0.69041,0.68206,0.68926
NZDUSD,2021-08-24,0.68925,0.69655,0.68785,0.69367
NZDUSD,2021-08-25,0.69366,0.69825,0.69293,0.6971
NZDUSD,2021-08-26,0.6971,0.69762,0.69398,0.69439
NZDUSD,2021-08-27,0.6944,0.70184,0.69325,0.70066
NZDUSD,2021-08-30,0.69991,0.70145,0.69861,0.69967
NZDUSD,2021-08-31,0.69966,0.70683,0.69958,0.70504
NZDUSD,2021-09-01,0.70511,0.7077,0.70341,0.70642
NZDUSD,2021-09-02,0.70642,0.71192,0.70566,0.71077
NZDUSD,2021-09-03,0.71077,0.71698,0.71058,0.71473
NZDUSD,2021-09-06,0.71525,0.71579,0.71266,0.7135
NZDUSD,2021-09-07,0.71352,0.71525,0.70863,0.70961
NZDUSD,2021-09-08,0.70971,0.71144,0.70754,0.70969
NZDUSD,2021-09-09,0.70969,0.71335,0.70818,0.71033
NZDUSD,2021-09-10,0.71037,0.7156,0.70894,0.71071
NZDUSD,2021-09-13,0.71101,0.71254,0.7097,0.7113
NZDUSD,2021-09-14,0.71129,0.71505,0.70824,0.70934
NZDUSD,2021-09-15,0.70936,0.71384,0.70729,0.71306
NZDUSD,2021-09-16,0.71304,0.71304,0.70589,0.70696
NZDUSD,2021-09-17,0.70694,0.70867,0.70253,0.70297
NZDUSD,2021-09-20,0.70322,0.70421,0.70051,0.70165
NZDUSD,2021-09-21,0.70164,0.70558,0.6993,0.69965
NZDUSD,2021-09-22,0.69963,0.70556,0.69858,0.69894
NZDUSD,2021-09-23,0.69896,0.70928,0.69814,0.70638
NZDUSD,2021-09-24,0.70636,0.70801,0.69964,0.70047
NZDUSD,2021-09-27,0.70025,0.70328,0.69897,0.7006
NZDUSD,2021-09-28,0.7006,0.70265,0.69425,0.69586
NZDUSD,2021-09-29,0.69586,0.69604,0.6859,0.68707
NZDUSD,2021-09-30,0.68708,0.69212,0.68594,0.68954
NZDUSD,2021-10-01,0.68955,0.69503,0.68762,0.69371
NZDUSD,2021-10-04,0.69355,0.69815,0.6926,0.69605
NZDUSD,2021-10-05,0.69605,0.69757,0.69273,0.69549
NZDUSD,2021-10-06,0.6955,0.69792,0.68758,0.69158
NZDUSD,2021-10-07,0.6916,0.69434,0.69083,0.69367
NZDUSD,2021-10-08,0.69367,0.69598,0.6908,0.69272
NZDUSD,2021-10-11,0.69185,0.69641,0.6914,0.69416
NZDUSD,2021-10-12,0.69416,0.69692,0.69216,0.69227
NZDUSD,2021-10-13,0.69231,0.69715,0.69112,0.69712
NZDUSD,2021-10-14,0.69709,0.70414,0.69676,0.70343
NZDUSD,2021-10-15,0.70341,0.70769,0.7028,0.70676
NZDUSD,2021-10-18,0.70652,0.7105,0.70489,0.70905
NZDUSD,2021-10-19,0.70905,0.7172,0.70898,0.71542
NZDUSD,2021-10-20,0.71541,0.7208,0.71496,0.71976
NZDUSD,2021-10-21,0.71975,0.72181,0.71405,0.71546
NZDUSD,2021-10-22,0.7155,0.71886,0.71311,0.71511
NZDUSD,2021-10-25,0.71408,0.71776,0.71297,0.71649
NZDUSD,2021-10-26,0.71649,0.71934,0.71503,0.71666
NZDUSD,2021-10-27,0.71669,0.71887,0.7131,0.71619
NZDUSD,2021-10-28,0.7162,0.72168,0.71512,0.71936
NZDUSD,2021-10-29,0.71938,0.71962,0.71354,0.71633
NZDUSD,2021-11-01,0.71562,0.71973,0.71479,0.71778
NZDUSD,2021-11-02,0.71779,0.71855,0.70924,0.71248
NZDUSD,2021-11-03,0.71245,0.71755,0.71126,0.71749
NZDUSD,2021-11-04,0.7175,0.71783,0.70945,0.71082
NZDUSD,2021-11-05,0.71082,0.71268,0.70719,0.71144
NZDUSD,2021-11-08,0.71049,0.71767,0.71033,0.71615
NZDUSD,2021-11-09,0.71616,0.71737,0.7109,0.71229
NZDUSD,2021-11-10,0.71234,0.7132,0.70546,0.70653
NZDUSD,2021-11-11,0.70649,0.70708,0.70121,0.70189
NZDUSD,2021-11-12,0.70188,0.70472,0.69964,0.70388
NZDUSD,2021-11-15,0.70343,0.70799,0.70291,0.7042
NZDUSD,2021-11-16,0.70421,0.70637,0.69844,0.6989
NZDUSD,2021-11-17,0.69889,0.702,0.69795,0.70023
NZDUSD,2021-11-18,0.70021,0.70522,0.69939,0.70405
NZDUSD,2021-11-19,0.70406,0.70455,0.69907,0.69907
NZDUSD,2021-11-22,0.70058,0.70133,0.69474,0.6948
NZDUSD,2021-11-23,0.69481,0.6959,0.69154,0.69513
NZDUSD,2021-11-24,0.69516,0.69558,0.68554,0.68735
NZDUSD,2021-11-25,0.68736,0.68933,0.68397,0.68429
NZDUSD,2021-11-26,0.68431,0.68503,0.68036,0.68142
NZDUSD,2021-11-29,0.68306,0.68385,0.67874,0.68296
NZDUSD,2021-11-30,0.68297,0.68558,0.6772,0.68232
NZDUSD,2021-12-01,0.68232,0.68674,0.68006,0.68124
NZDUSD,2021-12-02,0.68124,0.68306,0.67987,0.68107
NZDUSD,2021-12-03,0.68106,0.68172,0.67405,0.67423
NZDUSD,2021-12-06,0.67496,0.67635,0.67395,0.67478
NZDUSD,2021-12-07,0.6748,0.67923,0.6736,0.67853
NZDUSD,2021-12-08,0.67853,0.68184,0.67661,0.68067
NZDUSD,2021-12-09,0.68068,0.68226,0.67803,0.6794
NZDUSD,2021-12-10,0.67946,0.68066,0.67691,0.67897
NZDUSD,2021-12-13,0.67949,0.6801,0.67454,0.67504
NZDUSD,2021-12-14,0.67511,0.677,0.67323,0.67345
NZDUSD,2021-12-15,0.67344,0.67895,0.67008,0.67766
NZDUSD,2021-12-16,0.67764,0.68334,0.67567,0.67949
NZDUSD,2021-12-17,0.67953,0.67993,0.67285,0.67295
NZDUSD,2021-12-20,0.67422,0.67427,0.67018,0.67115
NZDUSD,2021-12-21,0.67117,0.67732,0.67027,0.67645
NZDUSD,2021-12-22,0.67643,0.68215,0.67396,0.68042
NZDUSD,2021-12-23,0.68041,0.68414,0.67949,0.68091
NZDUSD,2021-12-24,0.68091,0.68322,0.67991,0.67991
NZDUSD,2021-12-27,0.68076,0.68249,0.67884,0.68148
NZDUSD,2021-12-28,0.68148,0.68281,0.67883,0.68043
NZDUSD,2021-12-29,0.68042,0.68419,0.67883,0.68382
NZDUSD,2021-12-30,0.68381,0.68564,0.68155,0.68288
NZDUSD,2021-12-31,0.68284,0.68515,0.682,0.68366
USDCAD,2019-01-01,1.36234,1.36349,1.36207,1.36254
USDCAD,2019-01-02,1.36256,1.36622,1.35688,1.36309
USDCAD,2019-01-03,1.36311,1.36448,1.34688,1.34793
USDCAD,2019-01-04,1.34793,1.34911,1.33725,1.33737
USDCAD,2019-01-07,1.33746,1.33883,1.32782,1.32964
USDCAD,2019-01-08,1.32965,1.33227,1.32422,1.32443
USDCAD,2019-01-09,1.32443,1.32552,1.31797,1.32129
USDCAD,2019-01-10,1.32127,1.32588,1.32077,1.32384
USDCAD,2019-01-11,1.32384,1.32782,1.31829,1.32648
USDCAD,2019-01-14,1.32567,1.32972,1.32523,1.32772
USDCAD,2019-01-15,1.3277,1.32939,1.32259,1.32608
USDCAD,2019-01-16,1.32608,1.32839,1.32349,1.32585
USDCAD,2019-01-17,1.32585,1.33185,1.3248,1.32812
USDCAD,2019-01-18,1.32812,1.32839,1.32314,1.32643
USDCAD,2019-01-21,1.32599,1.33181,1.32513,1.32973
USDCAD,2019-01-22,1.32975,1.33583,1.32961,1.33565
USDCAD,2019-01-23,1.33565,1.33707,1.33047,1.33413
USDCAD,2019-01-24,1.33413,1.33748,1.3329,1.335
USDCAD,2019-01-25,1.33502,1.33562,1.32134,1.32155
USDCAD,2019-01-28,1.32193,1.32854,1.32029,1.32615
USDCAD,2019-01-29,1.32615,1.32845,1.32413,1.32716
USDCAD,2019-01-30,1.32717,1.32813,1.31184,1.3143
USDCAD,2019-01-31,1.31429,1.31648,1.31194,1.31264
USDCAD,2019-02-01,1.31268,1.31571,1.30682,1.30982
USDCAD,2019-02-04,1.30899,1.31469,1.30851,1.31159
USDCAD,2019-02-05,1.31158,1.31529,1.31017,1.31268
USDCAD,2019-02-06,1.31269,1.32186,1.31242,1.32155
USDCAD,2019-02-07,1.32155,1.33169,1.3215,1.33109
USDCAD,2019-02-08,1.33109,1.33288,1.32319,1.32767
USDCAD,2019-02-11,1.32667,1.33186,1.32614,1.3303
USDCAD,2019-02-12,1.3303,1.33141,1.32247,1.32298
USDCAD,2019-02-13,1.323,1.32684,1.31957,1.32593
USDCAD,2019-02-14,1.32591,1.33399,1.32286,1.32972
USDCAD,2019-02-15,1.32972,1.33126,1.32439,1.32439
USDCAD,2019-02-18,1.32492,1.32541,1.32246,1.32349
USDCAD,2019-02-19,1.32349,1.3281,1.32052,1.32101
USDCAD,2019-02-20,1.32101,1.32138,1.31498,1.31714
USDCAD,2019-02-21,1.31714,1.32345,1.31625,1.32259
USDCAD,2019-02-22,1.32261,1.32418,1.31325,1.31334
USDCAD,2019-02-25,1.31336,1.31972,1.31123,1.31849
USDCAD,2019-02-26,1.31849,1.32355,1.31548,1.31639
USDCAD,2019-02-27,1.31639,1.31759,1.31177,1.31454
USDCAD,2019-02-28,1.31454,1.32071,1.31398,1.31643
USDCAD,2019-03-01,1.31643,1.33065,1.31295,1.32979
USDCAD,2019-03-04,1.32739,1.33374,1.32739,1.3312
USDCAD,2019-03-05,1.3312,1.33597,1.33097,1.33559
USDCAD,2019-03-06,1.3356,1.34569,1.33541,1.34436
USDCAD,2019-03-07,1.34431,1.34672,1.34131,1.34442
USDCAD,2019-03-08,1.34442,1.34661,1.33897,1.34189
USDCAD,2019-03-11,1.3414,1.34397,1.33847,1.33951
USDCAD,2019-03-12,1.3395,1.34169,1.335,1.33591
USDCAD,2019-03-13,1.33591,1.33708,1.32868,1.33008
USDCAD,2019-03-14,1.33008,1.33468,1.32994,1.33249
USDCAD,2019-03-15,1.3325,1.33708,1.32888,1.33342
USDCAD,2019-03-18,1.33318,1.33652,1.33012,1.33392
USDCAD,2019-03-19,1.33392,1.33441,1.32502,1.33245
USDCAD,2019-03-20,1.33246,1.3347,1.32572,1.32891
USDCAD,2019-03-21,1.32891,1.33993,1.3275,1.33702
USDCAD,2019-03-22,1.33702,1.34289,1.33516,1.34278
USDCAD,2019-03-25,1.34244,1.34443,1.33926,1.33944
USDCAD,2019-03-26,1.33943,1.34116,1.33716,1.33808
USDCAD,2019-03-27,1.33808,1.34396,1.33767,1.34138
USDCAD,2019-03-28,1.34138,1.34505,1.33959,1.34305
USDCAD,2019-03-29,1.34305,1.34419,1.33412,1.33496
USDCAD,2019-04-01,1.33465,1.33706,1.32973,1.33135
USDCAD,2019-04-02,1.33135,1.33736,1.33058,1.33431
USDCAD,2019-04-03,1.33431,1.33528,1.32958,1.33448
USDCAD,2019-04-04,1.33447,1.33725,1.3342,1.33649
USDCAD,2019-04-05,1.33651,1.34026,1.33484,1.33799
USDCAD,2019-04-08,1.33838,1.33871,1.33044,1.33137
USDCAD,2019-04-09,1.33137,1.33318,1.32837,1.33294
USDCAD,2019-04-10,1.33294,1.33596,1.33057,1.33186
USDCAD,2019-04-11,1.33186,1.33956,1.33164,1.33773
USDCAD,2019-04-12,1.33771,1.3385,1.33121,1.33188
USDCAD,2019-04-15,1.33298,1.33902,1.32969,1.3369
USDCAD,2019-04-16,1.33692,1.34027,1.33457,1.33586
USDCAD,2019-04-17,1.33587,1.33721,1.32741,1.33502
USDCAD,2019-04-18,1.33502,1.33994,1.3344,1.33746
USDCAD,2019-04-19,1.33744,1.33937,1.33649,1.33879
USDCAD,2019-04-22,1.33825,1.33895,1.3335,1.33458
USDCAD,2019-04-23,1.33458,1.34429,1.33447,1.34289
USDCAD,2019-04-24,1.3429,1.35207,1.34286,1.3493
USDCAD,2019-04-25,1.3493,1.35165,1.34754,1.34793
USDCAD,2019-04-26,1.34793,1.34976,1.34515,1.3455
USDCAD,2019-04-29,1.34534,1.34793,1.34394,1.34545
USDCAD,2019-04-30,1.34546,1.34798,1.33809,1.33892
USDCAD,2019-05-01,1.33893,1.34611,1.33766,1.34386
USDCAD,2019-05-02,1.34387,1.34763,1.34303,1.347
USDCAD,2019-05-03,1.34701,1.34897,1.34059,1.34184
USDCAD,2019-05-06,1.3459,1.34937,1.34318,1.34487
USDCAD,2019-05-07,1.34486,1.34886,1.34092,1.34715
USDCAD,2019-05-08,1.34717,1.34864,1.34444,1.34735
USDCAD,2019-05-09,1.34735,1.35048,1.34588,1.34659
USDCAD,2019-05-10,1.34657,1.34804,1.33799,1.34122
USDCAD,2019-05-13,1.34204,1.34871,1.34156,1.34785
USDCAD,2019-05-14,1.34785,1.34867,1.34556,1.34604
USDCAD,2019-05-15,1.34604,1.34932,1.34268,1.34422
USDCAD,2019-05-16,1.34421,1.34693,1.34004,1.3463
USDCAD,2019-05-17,1.3463,1.35133,1.34344,1.34639
USDCAD,2019-05-20,1.34397,1.34561,1.34159,1.3427
USDCAD,2019-05-21,1.34268,1.34332,1.33953,1.34034
USDCAD,2019-05-22,1.34033,1.34388,1.33571,1.34383
USDCAD,2019-05-23,1.34384,1.3502,1.34367,1.34737
USDCAD,2019-05-24,1.34737,1.3482,1.34298,1.34404
USDCAD,2019-05-27,1.34361,1.34525,1.34291,1.34366
USDCAD,2019-05-28,1.34365,1.34985,1.3433,1.34894
USDCAD,2019-05-29,1.34894,1.35464,1.34818,1.35137
USDCAD,2019-05-30,1.35137,1.35323,1.34852,1.35322
USDCAD,2019-05-31,1.35321,1.35644,1.35073,1.3515
USDCAD,2019-06-03,1.35174,1.35264,1.34344,1.34412
USDCAD,2019-06-04,1.34412,1.34491,1.33811,1.3392
USDCAD,2019-06-05,1.33921,1.34297,1.33624,1.3422
USDCAD,2019-06-06,1.34221,1.343,1.33526,1.33565
USDCAD,2019-06-07,1.33564,1.33656,1.32597,1.32597
USDCAD,2019-06-10,1.32387,1.32807,1.32377,1.32649
USDCAD,2019-06-11,1.32649,1.33085,1.32499,1.32803
USDCAD,2019-06-12,1.32802,1.33445,1.32731,1.33344
USDCAD,2019-06-13,1.33346,1.33394,1.32999,1.33274
USDCAD,2019-06-14,1.33274,1.34223,1.3327,1.3408
USDCAD,2019-06-17,1.34069,1.34196,1.33926,1.34106
USDCAD,2019-06-18,1.34103,1.3432,1.33722,1.33728
USDCAD,2019-06-19,1.33728,1.33831,1.32693,1.327
USDCAD,2019-06-20,1.327,1.32704,1.31508,1.3184
USDCAD,2019-06-21,1.31841,1.32289,1.31618,1.32174
USDCAD,2019-06-24,1.32124,1.32167,1.31773,1.31838
USDCAD,2019-06-25,1.31837,1.32079,1.3152,1.31769
USDCAD,2019-06-26,1.3177,1.31952,1.31065,1.31228
USDCAD,2019-06-27,1.31228,1.31376,1.30914,1.3094
USDCAD,2019-06-28,1.3094,1.31009,1.30591,1.30862
USDCAD,2019-07-01,1.30781,1.31448,1.30727,1.31345
USDCAD,2019-07-02,1.31345,1.31381,1.30961,1.30995
USDCAD,2019-07-03,1.30995,1.3119,1.30552,1.3057
USDCAD,2019-07-04,1.3057,1.30793,1.30373,1.30488
USDCAD,2019-07-05,1.30488,1.31362,1.30479,1.30772
USDCAD,2019-07-08,1.30683,1.31034,1.30489,1.31032
USDCAD,2019-07-09,1.31033,1.31409,1.30975,1.3127
USDCAD,2019-07-10,1.31268,1.31437,1.30618,1.30734
USDCAD,2019-07-11,1.30734,1.30911,1.30415,1.30688
USDCAD,2019-07-12,1.30688,1.30694,1.30176,1.30262
USDCAD,2019-07-15,1.30268,1.3053,1.30209,1.30483
USDCAD,2019-07-16,1.30484,1.30914,1.30224,1.3086
USDCAD,2019-07-17,1.3086,1.30933,1.30351,1.30545
USDCAD,2019-07-18,1.30542,1.30952,1.30153,1.30349
USDCAD,2019-07-19,1.30348,1.31095,1.30248,1.30565
USDCAD,2019-07-22,1.30584,1.31295,1.30401,1.31294
USDCAD,2019-07-23,1.31294,1.31637,1.31216,1.31399
USDCAD,2019-07-24,1.31399,1.31505,1.31184,1.31429
USDCAD,2019-07-25,1.3143,1.31669,1.3115,1.31612
USDCAD,2019-07-26,1.3161,1.31988,1.31565,1.31654
USDCAD,2019-07-29,1.31624,1.31821,1.31486,1.3165
USDCAD,2019-07-30,1.3165,1.31916,1.31435,1.31482
USDCAD,2019-07-31,1.31483,1.32141,1.31048,1.31949
USDCAD,2019-08-01,1.31949,1.32472,1.31822,1.32129
USDCAD,2019-08-02,1.32129,1.32657,1.3199,1.32014
USDCAD,2019-08-05,1.32093,1.32471,1.31773,1.3214
USDCAD,2019-08-06,1.3214,1.32908,1.31866,1.32806
USDCAD,2019-08-07,1.32807,1.33446,1.32691,1.33131
USDCAD,2019-08-08,1.33132,1.33136,1.3221,1.32291
USDCAD,2019-08-09,1.32292,1.32744,1.31957,1.32205
USDCAD,2019-08-12,1.31984,1.325,1.31984,1.32365
USDCAD,2019-08-13,1.32365,1.32927,1.31841,1.3214
USDCAD,2019-08-14,1.3214,1.33253,1.32101,1.33106
USDCAD,2019-08-15,1.33108,1.33391,1.32851,1.33168
USDCAD,2019-08-16,1.3317,1.33245,1.32598,1.32642
USDCAD,2019-08-19,1.32618,1.33367,1.32506,1.33296
USDCAD,2019-08-20,1.33296,1.33456,1.33082,1.33176
USDCAD,2019-08-21,1.33176,1.33189,1.32538,1.3288
USDCAD,2019-08-22,1.32879,1.33149,1.32749,1.32954
USDCAD,2019-08-23,1.32954,1.33389,1.32765,1.32808
USDCAD,2019-08-26,1.32903,1.33192,1.32464,1.32521
USDCAD,2019-08-27,1.32521,1.33006,1.32247,1.3285
USDCAD,2019-08-28,1.32849,1.33179,1.32837,1.33063
USDCAD,2019-08-29,1.33063,1.33186,1.32723,1.32831
USDCAD,2019-08-30,1.32831,1.33333,1.3247,1.33085
USDCAD,2019-09-02,1.33157,1.33607,1.33119,1.33337
USDCAD,2019-09-03,1.33335,1.33823,1.33228,1.33386
USDCAD,2019-09-04,1.33384,1.33393,1.32182,1.32253
USDCAD,2019-09-05,1.32251,1.32461,1.3191,1.323
USDCAD,2019-09-06,1.32298,1.32461,1.31576,1.31653
USDCAD,2019-09-09,1.31762,1.31765,1.31388,1.31691
USDCAD,2019-09-10,1.31691,1.31912,1.31333,1.31462
USDCAD,2019-09-11,1.31459,1.32141,1.3139,1.31844
USDCAD,2019-09-12,1.31843,1.32203,1.31764,1.32115
USDCAD,2019-09-13,1.32115,1.32872,1.32097,1.32852
USDCAD,2019-09-16,1.32211,1.32709,1.32093,1.32415
USDCAD,2019-09-17,1.32414,1.32994,1.32328,1.32419
USDCAD,2019-09-18,1.32419,1.33097,1.32378,1.32984
USDCAD,2019-09-19,1.32984,1.33068,1.32415,1.32592
USDCAD,2019-09-20,1.32589,1.33006,1.3254,1.32614
USDCAD,2019-09-23,1.32597,1.33046,1.32541,1.3261
USDCAD,2019-09-24,1.32609,1.32743,1.32316,1.32405
USDCAD,2019-09-25,1.32403,1.32881,1.32394,1.3259
USDCAD,2019-09-26,1.32588,1.32759,1.32315,1.3269
USDCAD,2019-09-27,1.32689,1.32777,1.32135,1.32464
USDCAD,2019-09-30,1.32344,1.32594,1.3224,1.32423
USDCAD,2019-10-01,1.32423,1.32899,1.32093,1.32177
USDCAD,2019-10-02,1.32176,1.33343,1.32055,1.33283
USDCAD,2019-10-03,1.3328,1.33476,1.33092,1.3337
USDCAD,2019-10-04,1.33369,1.33384,1.32989,1.33037
USDCAD,2019-10-07,1.33226,1.33303,1.32899,1.3304
USDCAD,2019-10-08,1.33037,1.33363,1.32874,1.33208
USDCAD,2019-10-09,1.33208,1.33453,1.32947,1.33352
USDCAD,2019-10-10,1.3335,1.33444,1.32684,1.32874
USDCAD,2019-10-11,1.32874,1.32998,1.31707,1.31995
USDCAD,2019-10-14,1.32016,1.3239,1.31912,1.32261
USDCAD,2019-10-15,1.3226,1.32392,1.3194,1.32048
USDCAD,2019-10-16,1.3205,1.32334,1.31841,1.32038
USDCAD,2019-10-17,1.32037,1.32115,1.31306,1.31355
USDCAD,2019-10-18,1.31355,1.31453,1.31191,1.31218
USDCAD,2019-10-21,1.31334,1.31378,1.30816,1.30872
USDCAD,2019-10-22,1.30869,1.31224,1.30707,1.30942
USDCAD,2019-10-23,1.3094,1.31089,1.30681,1.30751
USDCAD,2019-10-24,1.30751,1.30928,1.30526,1.30708
USDCAD,2019-10-25,1.30708,1.30762,1.30546,1.30546
USDCAD,2019-10-28,1.30616,1.30779,1.30489,1.30555
USDCAD,2019-10-29,1.30554,1.31003,1.30417,1.30905
USDCAD,2019-10-30,1.30905,1.32081,1.30744,1.31655
USDCAD,2019-10-31,1.31653,1.31779,1.3135,1.31682
USDCAD,2019-11-01,1.31681,1.3196,1.31384,1.31393
USDCAD,2019-11-04,1.31363,1.31602,1.313,1.31522
USDCAD,2019-11-05,1.3152,1.3178,1.31151,1.31537
USDCAD,2019-11-06,1.31537,1.31926,1.3153,1.31857
USDCAD,2019-11-07,1.31857,1.31967,1.31596,1.31743
USDCAD,2019-11-08,1.31741,1.32368,1.31719,1.32258
USDCAD,2019-11-11,1.32196,1.32372,1.32123,1.32337
USDCAD,2019-11-12,1.32336,1.32571,1.32162,1.32363
USDCAD,2019-11-13,1.32361,1.32679,1.32312,1.32516
USDCAD,2019-11-14,1.32515,1.32704,1.32435,1.32492
USDCAD,2019-11-15,1.32492,1.32515,1.32162,1.3221
USDCAD,2019-11-18,1.32234,1.32351,1.32,1.32066
USDCAD,2019-11-19,1.32065,1.32721,1.31903,1.32718
USDCAD,2019-11-20,1.32717,1.33273,1.327,1.33034
USDCAD,2019-11-21,1.33032,1.33248,1.32694,1.32803
USDCAD,2019-11-22,1.32805,1.33014,1.3254,1.32964
USDCAD,2019-11-25,1.32964,1.33188,1.32847,1.33033
USDCAD,2019-11-26,1.33031,1.33159,1.32674,1.32701
USDCAD,2019-11-27,1.32703,1.32894,1.32599,1.32849
USDCAD,2019-11-28,1.32848,1.3299,1.32786,1.32802
USDCAD,2019-11-29,1.32802,1.33134,1.32707,1.32727
USDCAD,2019-12-02,1.32723,1.33086,1.32719,1.33058
USDCAD,2019-12-03,1.33057,1.33206,1.3283,1.32916
USDCAD,2019-12-04,1.32914,1.32976,1.31917,1.31925
USDCAD,2019-12-05,1.31924,1.31928,1.31581,1.31764
USDCAD,2019-12-06,1.31762,1.32696,1.31712,1.32484
USDCAD,2019-12-09,1.32524,1.32648,1.32222,1.32374
USDCAD,2019-12-10,1.32375,1.32497,1.3224,1.32341
USDCAD,2019-12-11,1.3234,1.32393,1.31618,1.31732
USDCAD,2019-12-12,1.3173,1.31936,1.31504,1.31538
USDCAD,2019-12-13,1.31537,1.32047,1.31517,1.31655
USDCAD,2019-12-16,1.31734,1.31859,1.31147,1.31649
USDCAD,2019-12-17,1.31646,1.31848,1.31452,1.31608
USDCAD,2019-12-18,1.31609,1.31756,1.31022,1.31141
USDCAD,2019-12-19,1.3114,1.31378,1.31075,1.31235
USDCAD,2019-12-20,1.31232,1.31809,1.31231,1.31486
USDCAD,2019-12-23,1.31475,1.31764,1.31402,1.3147
USDCAD,2019-12-24,1.31471,1.31678,1.31464,1.31568
USDCAD,2019-12-25,1.31569,1.31653,1.31454,1.31553
USDCAD,2019-12-26,1.31553,1.31573,1.31033,1.31104
USDCAD,2019-12-27,1.31102,1.31202,1.30638,1.30779
USDCAD,2019-12-30,1.30728,1.30841,1.30502,1.30612
USDCAD,2019-12-31,1.3061,1.30612,1.29514,1.29853
USDCAD,2020-01-01,1.29842,1.29863,1.29745,1.29754
USDCAD,2020-01-02,1.29754,1.30078,1.29684,1.29836
USDCAD,2020-01-03,1.29836,1.30072,1.29608,1.29972
USDCAD,2020-01-06,1.29868,1.29896,1.29599,1.29636
USDCAD,2020-01-07,1.29634,1.30293,1.29566,1.30007
USDCAD,2020-01-08,1.30004,1.30434,1.2976,1.30358
USDCAD,2020-01-09,1.30359,1.31046,1.30258,1.30628
USDCAD,2020-01-10,1.30624,1.30753,1.30285,1.30492
USDCAD,2020-01-13,1.30516,1.30672,1.30312,1.30562
USDCAD,2020-01-14,1.30562,1.30792,1.30465,1.30673
USDCAD,2020-01-15,1.3067,1.30778,1.30346,1.30397
USDCAD,2020-01-16,1.30397,1.3056,1.30319,1.3041
USDCAD,2020-01-17,1.30408,1.30748,1.30338,1.30639
USDCAD,2020-01-20,1.30586,1.3072,1.30434,1.30451
USDCAD,2020-01-21,1.30451,1.30797,1.30441,1.30735
USDCAD,2020-01-22,1.30734,1.31523,1.30356,1.31418
USDCAD,2020-01-23,1.31418,1.31713,1.31236,1.31274
USDCAD,2020-01-24,1.31274,1.31525,1.31179,1.31428
USDCAD,2020-01-27,1.31514,1.31994,1.31473,1.31875
USDCAD,2020-01-28,1.31875,1.32054,1.3154,1.31636
USDCAD,2020-01-29,1.31636,1.32093,1.31582,1.31977
USDCAD,2020-01-30,1.31976,1.32263,1.319,1.32119
USDCAD,2020-01-31,1.32119,1.32532,1.3195,1.32347
USDCAD,2020-02-03,1.32374,1.33034,1.32316,1.32952
USDCAD,2020-02-04,1.32951,1.33016,1.32633,1.32826
USDCAD,2020-02-05,1.32826,1.33024,1.32626,1.32859
USDCAD,2020-02-06,1.32857,1.33089,1.327,1.32869
USDCAD,2020-02-07,1.32869,1.33208,1.3278,1.33042
USDCAD,2020-02-10,1.32997,1.33291,1.3288,1.33176
USDCAD,2020-02-11,1.33173,1.33197,1.32761,1.32897
USDCAD,2020-02-12,1.329,1.32956,1.32356,1.32558
USDCAD,2020-02-13,1.32558,1.32709,1.324,1.32658
USDCAD,2020-02-14,1.32658,1.32688,1.32355,1.32483
USDCAD,2020-02-17,1.32495,1.32514,1.32248,1.32371
USDCAD,2020-02-18,1.32372,1.32782,1.3234,1.32539
USDCAD,2020-02-19,1.3254,1.32558,1.32149,1.32217
USDCAD,2020-02-20,1.32215,1.32686,1.32115,1.3261
USDCAD,2020-02-21,1.3261,1.32682,1.32018,1.32189
USDCAD,2020-02-24,1.32504,1.33073,1.3243,1.3287
USDCAD,2020-02-25,1.32869,1.33054,1.3267,1.32797
USDCAD,2020-02-26,1.32797,1.33469,1.32711,1.33435
USDCAD,2020-02-27,1.33435,1.33937,1.33163,1.33877
USDCAD,2020-02-28,1.33876,1.34642,1.33854,1.33965
USDCAD,2020-03-02,1.3433,1.34392,1.33146,1.33245
USDCAD,2020-03-03,1.33245,1.33905,1.33186,1.33769
USDCAD,2020-03-04,1.33769,1.34311,1.3328,1.33862
USDCAD,2020-03-05,1.33859,1.34381,1.33859,1.33917
USDCAD,2020-03-06,1.33917,1.34392,1.33793,1.34156
USDCAD,2020-03-09,1.35447,1.37588,1.35173,1.36609
USDCAD,2020-03-10,1.36609,1.37957,1.36086,1.37317
USDCAD,2020-03-11,1.37316,1.37943,1.36811,1.3773
USDCAD,2020-03-12,1.37726,1.39614,1.37071,1.39445
USDCAD,2020-03-13,1.39444,1.3995,1.37815,1.38008
USDCAD,2020-03-16,1.38878,1.40189,1.37296,1.40117
USDCAD,2020-03-17,1.40115,1.42763,1.396,1.4242
USDCAD,2020-03-18,1.42418,1.46503,1.41658,1.44811
USDCAD,2020-03-19,1.44803,1.46675,1.44202,1.44997
USDCAD,2020-03-20,1.44997,1.45287,1.41486,1.43309
USDCAD,2020-03-23,1.43525,1.45594,1.43351,1.44793
USDCAD,2020-03-24,1.44786,1.45312,1.43743,1.44397
USDCAD,2020-03-25,1.44397,1.44608,1.41772,1.42215
USDCAD,2020-03-26,1.42216,1.42752,1.40095,1.40412
USDCAD,2020-03-27,1.40406,1.4154,1.39206,1.39783
USDCAD,2020-03-30,1.40159,1.41896,1.40067,1.418
USDCAD,2020-03-31,1.418,1.43487,1.40104,1.40762
USDCAD,2020-04-01,1.40763,1.42713,1.40651,1.41511
USDCAD,2020-04-02,1.41512,1.42986,1.40781,1.41292
USDCAD,2020-04-03,1.41298,1.42238,1.40938,1.41964
USDCAD,2020-04-06,1.42242,1.42611,1.4081,1.41119
USDCAD,2020-04-07,1.41119,1.41221,1.39444,1.40148
USDCAD,2020-04-08,1.40149,1.40809,1.39905,1.40019
USDCAD,2020-04-09,1.40019,1.40774,1.39305,1.39864
USDCAD,2020-04-10,1.39863,1.40083,1.39449,1.39503
USDCAD,2020-04-13,1.39244,1.39997,1.38551,1.38734
USDCAD,2020-04-14,1.3874,1.39245,1.38622,1.38804
USDCAD,2020-04-15,1.38799,1.41319,1.38793,1.41176
USDCAD,2020-04-16,1.41175,1.41821,1.40144,1.40379
USDCAD,2020-04-17,1.40375,1.41174,1.39963,1.39976
USDCAD,2020-04-20,1.40154,1.41531,1.40153,1.41294
USDCAD,2020-04-21,1.41294,1.42645,1.41127,1.41913
USDCAD,2020-04-22,1.41907,1.42374,1.41146,1.41843
USDCAD,2020-04-23,1.41845,1.41978,1.39996,1.40651
USDCAD,2020-04-24,1.4065,1.41198,1.40231,1.40923
USDCAD,2020-04-27,1.40839,1.41168,1.40144,1.40365
USDCAD,2020-04-28,1.4037,1.40725,1.39354,1.39827
USDCAD,2020-04-29,1.39827,1.39858,1.38745,1.38753
USDCAD,2020-04-30,1.38755,1.39685,1.38498,1.39518
USDCAD,2020-05-01,1.39518,1.41089,1.39489,1.40861
USDCAD,2020-05-04,1.40835,1.41522,1.40509,1.40838
USDCAD,2020-05-05,1.40838,1.40947,1.40076,1.40399
USDCAD,2020-05-06,1.404,1.41726,1.40224,1.41636
USDCAD,2020-05-07,1.41634,1.41634,1.39524,1.39733
USDCAD,2020-05-08,1.39732,1.39762,1.39083,1.39238
USDCAD,2020-05-11,1.39323,1.40423,1.38996,1.40201
USDCAD,2020-05-12,1.40201,1.40836,1.3972,1.40831
USDCAD,2020-05-13,1.40828,1.41148,1.40061,1.40904
USDCAD,2020-05-14,1.40901,1.41408,1.40315,1.40335
USDCAD,2020-05-15,1.40333,1.41167,1.40182,1.41045
USDCAD,2020-05-18,1.40932,1.41141,1.39357,1.39393
USDCAD,2020-05-19,1.39393,1.39692,1.38662,1.39378
USDCAD,2020-05-20,1.3938,1.39502,1.38677,1.39055
USDCAD,2020-05-21,1.39056,1.39701,1.38908,1.39463
USDCAD,2020-05-22,1.39463,1.40484,1.39409,1.40002
USDCAD,2020-05-25,1.39882,1.40071,1.39684,1.39709
USDCAD,2020-05-26,1.39709,1.39766,1.37568,1.37844
USDCAD,2020-05-27,1.37842,1.38224,1.37272,1.37547
USDCAD,2020-05-28,1.37548,1.37895,1.3734,1.37756
USDCAD,2020-05-29,1.37756,1.38323,1.37141,1.3766
USDCAD,2020-06-01,1.37761,1.38004,1.35581,1.35824
USDCAD,2020-06-02,1.35822,1.35822,1.34834,1.351
USDCAD,2020-06-03,1.35098,1.35723,1.34796,1.34937
USDCAD,2020-06-04,1.3494,1.35409,1.34675,1.35025
USDCAD,2020-06-05,1.35025,1.35126,1.33912,1.34203
USDCAD,2020-06-08,1.34084,1.34365,1.33564,1.33703
USDCAD,2020-06-09,1.33704,1.34877,1.33593,1.34229
USDCAD,2020-06-10,1.3423,1.34375,1.33149,1.34267
USDCAD,2020-06-11,1.34267,1.36511,1.34004,1.3638
USDCAD,2020-06-12,1.3638,1.36662,1.35269,1.3586
USDCAD,2020-06-15,1.36009,1.36857,1.35296,1.35304
USDCAD,2020-06-16,1.35305,1.36224,1.35044,1.35361
USDCAD,2020-06-17,1.35365,1.35942,1.35117,1.35779
USDCAD,2020-06-18,1.35778,1.36159,1.35208,1.35928
USDCAD,2020-06-19,1.35928,1.36173,1.35465,1.3605
USDCAD,2020-06-22,1.36131,1.36297,1.35,1.35036
USDCAD,2020-06-23,1.35036,1.35703,1.34854,1.35408
USDCAD,2020-06-24,1.35408,1.36465,1.35271,1.3645
USDCAD,2020-06-25,1.36449,1.36698,1.36072,1.36379
USDCAD,2020-06-26,1.36382,1.37151,1.36275,1.36844
USDCAD,2020-06-29,1.36681,1.3705,1.36468,1.3656
USDCAD,2020-06-30,1.3656,1.36991,1.35694,1.35745
USDCAD,2020-07-01,1.35745,1.36012,1.35453,1.35923
USDCAD,2020-07-02,1.35929,1.36237,1.35596,1.35708
USDCAD,2020-07-03,1.35707,1.35812,1.35421,1.35423
USDCAD,2020-07-06,1.35589,1.35617,1.35193,1.35387
USDCAD,2020-07-07,1.35387,1.36094,1.35245,1.36043
USDCAD,2020-07-08,1.36043,1.36236,1.34922,1.35172
USDCAD,2020-07-09,1.35172,1.3594,1.34906,1.35811
USDCAD,2020-07-10,1.3581,1.36311,1.35748,1.35918
USDCAD,2020-07-13,1.35838,1.36122,1.35362,1.36106
USDCAD,2020-07-14,1.36108,1.3646,1.35948,1.35987
USDCAD,2020-07-15,1.35988,1.36067,1.35041,1.35069
USDCAD,2020-07-16,1.35072,1.3581,1.3501,1.35739
USDCAD,2020-07-17,1.35739,1.35888,1.35648,1.3578
USDCAD,2020-07-20,1.35709,1.35999,1.35238,1.35251
USDCAD,2020-07-21,1.35251,1.35256,1.3425,1.34463
USDCAD,2020-07-22,1.34468,1.34827,1.33992,1.34182
USDCAD,2020-07-23,1.34182,1.34272,1.33509,1.34033
USDCAD,2020-07-24,1.34033,1.3445,1.33767,1.34141
USDCAD,2020-07-27,1.34207,1.34307,1.33377,1.3339
USDCAD,2020-07-28,1.3339,1.34068,1.33307,1.33801
USDCAD,2020-07-29,1.33802,1.33866,1.33321,1.33427
USDCAD,2020-07-30,1.33424,1.34595,1.33338,1.3414
USDCAD,2020-07-31,1.3414,1.34356,1.33718,1.34097
USDCAD,2020-08-03,1.34001,1.34509,1.33797,1.33949
USDCAD,2020-08-04,1.33949,1.34202,1.32943,1.32966
USDCAD,2020-08-05,1.32966,1.33075,1.32332,1.32659
USDCAD,2020-08-06,1.32659,1.33249,1.32435,1.33179
USDCAD,2020-08-07,1.3318,1.33982,1.33052,1.33819
USDCAD,2020-08-10,1.33894,1.33945,1.33335,1.33532
USDCAD,2020-08-11,1.33532,1.33549,1.327,1.3311
USDCAD,2020-08-12,1.33111,1.33467,1.32276,1.32423
USDCAD,2020-08-13,1.32426,1.32512,1.31914,1.3221
USDCAD,2020-08-14,1.3221,1.32715,1.32057,1.32623
USDCAD,2020-08-17,1.3256,1.32666,1.31916,1.32217
USDCAD,2020-08-18,1.32216,1.32225,1.31516,1.31584
USDCAD,2020-08-19,1.31585,1.32266,1.3133,1.32109
USDCAD,2020-08-20,1.32109,1.32443,1.31679,1.3174
USDCAD,2020-08-21,1.3174,1.32339,1.31586,1.3173
USDCAD,2020-08-24,1.31748,1.3238,1.3134,1.32175
USDCAD,2020-08-25,1.32176,1.3239,1.3159,1.31652
USDCAD,2020-08-26,1.31653,1.32048,1.31315,1.31402
USDCAD,2020-08-27,1.31403,1.31662,1.31013,1.31229
USDCAD,2020-08-28,1.3123,1.31325,1.30468,1.30968
USDCAD,2020-08-31,1.30918,1.31042,1.30199,1.30383
USDCAD,2020-09-01,1.30384,1.30865,1.29938,1.30545
USDCAD,2020-09-02,1.30542,1.30951,1.30368,1.3047
USDCAD,2020-09-03,1.3047,1.31618,1.30468,1.31373
USDCAD,2020-09-04,1.31373,1.31397,1.30439,1.30605
USDCAD,2020-09-07,1.30479,1.3116,1.30429,1.30957
USDCAD,2020-09-08,1.30956,1.32573,1.30858,1.32398
USDCAD,2020-09-09,1.32399,1.3259,1.31408,1.31529
USDCAD,2020-09-10,1.31529,1.32024,1.31186,1.3189
USDCAD,2020-09-11,1.3189,1.32072,1.31504,1.31763
USDCAD,2020-09-14,1.31805,1.31964,1.31528,1.31764
USDCAD,2020-09-15,1.31763,1.32021,1.31344,1.31941
USDCAD,2020-09-16,1.31941,1.32004,1.31272,1.31802
USDCAD,2020-09-17,1.31801,1.32467,1.31448,1.31499
USDCAD,2020-09-18,1.315,1.32087,1.31368,1.32017
USDCAD,2020-09-21,1.31958,1.332,1.31707,1.33018
USDCAD,2020-09-22,1.33018,1.33455,1.32833,1.32975
USDCAD,2020-09-23,1.32974,1.3394,1.32936,1.33874
USDCAD,2020-09-24,1.33872,1.34177,1.3325,1.33498
USDCAD,2020-09-25,1.335,1.34178,1.33385,1.33835
USDCAD,2020-09-28,1.33806,1.34033,1.33539,1.33577
USDCAD,2020-09-29,1.33577,1.34183,1.33517,1.33837
USDCAD,2020-09-30,1.33837,1.34201,1.33014,1.33078
USDCAD,2020-10-01,1.33082,1.3322,1.32666,1.32857
USDCAD,2020-10-02,1.32859,1.3331,1.32813,1.33053
USDCAD,2020-10-05,1.32964,1.33027,1.32531,1.32581
USDCAD,2020-10-06,1.32579,1.33237,1.32416,1.33208
USDCAD,2020-10-07,1.33205,1.33403,1.32511,1.32588
USDCAD,2020-10-08,1.32592,1.32652,1.31902,1.31916
USDCAD,2020-10-09,1.31918,1.31956,1.31091,1.31136
USDCAD,2020-10-12,1.31286,1.31428,1.31009,1.3112
USDCAD,2020-10-13,1.3112,1.31466,1.30987,1.31405
USDCAD,2020-10-14,1.31403,1.31627,1.31158,1.31513
USDCAD,2020-10-15,1.31515,1.32591,1.31448,1.3228
USDCAD,2020-10-16,1.32279,1.32373,1.31768,1.31899
USDCAD,2020-10-19,1.31878,1.31978,1.31502,1.31897
USDCAD,2020-10-20,1.31898,1.32035,1.31041,1.31192
USDCAD,2020-10-21,1.31194,1.31605,1.30806,1.31544
USDCAD,2020-10-22,1.31545,1.3177,1.31236,1.31361
USDCAD,2020-10-23,1.31363,1.31601,1.31089,1.31216
USDCAD,2020-10-26,1.31296,1.32249,1.31242,1.32055
USDCAD,2020-10-27,1.32055,1.32087,1.31418,1.31916
USDCAD,2020-10-28,1.31914,1.33333,1.31791,1.33108
USDCAD,2020-10-29,1.33109,1.33897,1.32778,1.33148
USDCAD,2020-10-30,1.33148,1.33487,1.32795,1.33185
USDCAD,2020-11-02,1.33151,1.33702,1.32122,1.32202
USDCAD,2020-11-03,1.32202,1.32337,1.30996,1.31024
USDCAD,2020-11-04,1.31023,1.3299,1.30952,1.31264
USDCAD,2020-11-05,1.31265,1.3178,1.30279,1.30829
USDCAD,2020-11-06,1.30826,1.30968,1.30189,1.30535
USDCAD,2020-11-09,1.30396,1.30517,1.2928,1.30072
USDCAD,2020-11-10,1.30072,1.30507,1.29843,1.3031
USDCAD,2020-11-11,1.30309,1.3077,1.30081,1.30584
USDCAD,2020-11-12,1.30582,1.31495,1.30556,1.31369
USDCAD,2020-11-13,1.3137,1.31721,1.31157,1.31283
USDCAD,2020-11-16,1.31363,1.3138,1.30652,1.30749
USDCAD,2020-11-17,1.30748,1.31164,1.30631,1.3105
USDCAD,2020-11-18,1.31055,1.31174,1.30336,1.30883
USDCAD,2020-11-19,1.30884,1.3123,1.3052,1.30871
USDCAD,2020-11-20,1.30871,1.30965,1.30387,1.30927
USDCAD,2020-11-23,1.30844,1.31123,1.30451,1.30742
USDCAD,2020-11-24,1.3074,1.30905,1.29928,1.29957
USDCAD,2020-11-25,1.29959,1.30288,1.2986,1.30018
USDCAD,2020-11-26,1.30017,1.30227,1.29901,1.30206
USDCAD,2020-11-27,1.30205,1.30247,1.29717,1.29866
USDCAD,2020-11-30,1.29964,1.30096,1.29228,1.29909
USDCAD,2020-12-01,1.29908,1.29915,1.29274,1.29333
USDCAD,2020-12-02,1.29333,1.29585,1.29097,1.29169
USDCAD,2020-12-03,1.29171,1.29409,1.28519,1.28677
USDCAD,2020-12-04,1.28679,1.28736,1.2772,1.27774
USDCAD,2020-12-07,1.2779,1.2833,1.27742,1.28032
USDCAD,2020-12-08,1.28035,1.28255,1.27675,1.28159
USDCAD,2020-12-09,1.28158,1.28329,1.27689,1.28274
USDCAD,2020-12-10,1.28272,1.28273,1.27065,1.27412
USDCAD,2020-12-11,1.27411,1.27922,1.27191,1.27652
USDCAD,2020-12-14,1.27536,1.27895,1.27197,1.27606
USDCAD,2020-12-15,1.27605,1.27713,1.26876,1.26989
USDCAD,2020-12-16,1.26991,1.27893,1.26987,1.2747
USDCAD,2020-12-17,1.27473,1.27502,1.26883,1.27319
USDCAD,2020-12-18,1.2732,1.27982,1.2728,1.27855
USDCAD,2020-12-21,1.27978,1.29569,1.27852,1.28523
USDCAD,2020-12-22,1.28523,1.29334,1.28469,1.28919
USDCAD,2020-12-23,1.28922,1.29146,1.2834,1.28427
USDCAD,2020-12-24,1.2843,1.28795,1.28126,1.28562
USDCAD,2020-12-25,1.28557,1.28703,1.2843,1.28636
USDCAD,2020-12-28,1.28448,1.28755,1.28134,1.2843
USDCAD,2020-12-29,1.28427,1.28433,1.27797,1.2822
USDCAD,2020-12-30,1.28224,1.28266,1.2749,1.27512
USDCAD,2020-12-31,1.2751,1.27696,1.27138,1.27219
USDCAD,2021-01-04,1.27136,1.27976,1.26647,1.27809
USDCAD,2021-01-05,1.27809,1.27894,1.26557,1.26758
USDCAD,2021-01-06,1.26758,1.27234,1.26296,1.26647
USDCAD,2021-01-07,1.26653,1.27336,1.26642,1.26848
USDCAD,2021-01-08,1.26848,1.27427,1.26583,1.26846
USDCAD,2021-01-11,1.27015,1.28349,1.26867,1.27731
USDCAD,2021-01-12,1.2773,1.27912,1.27065,1.27071
USDCAD,2021-01-13,1.27071,1.27465,1.26799,1.26971
USDCAD,2021-01-14,1.26972,1.27073,1.26245,1.26468
USDCAD,2021-01-15,1.26469,1.2764,1.26357,1.27276
USDCAD,2021-01-18,1.27287,1.27988,1.27258,1.2749
USDCAD,2021-01-19,1.27488,1.27638,1.27149,1.27211
USDCAD,2021-01-20,1.27211,1.27323,1.2606,1.26282
USDCAD,2021-01-21,1.26284,1.26491,1.25885,1.26487
USDCAD,2021-01-22,1.26488,1.27403,1.2641,1.27287
USDCAD,2021-01-25,1.27134,1.27788,1.2687,1.27375
USDCAD,2021-01-26,1.27376,1.27822,1.26894,1.26923
USDCAD,2021-01-27,1.26923,1.28225,1.26847,1.2818
USDCAD,2021-01-28,1.2818,1.2881,1.27878,1.28303
USDCAD,2021-01-29,1.283,1.28743,1.27373,1.27718
USDCAD,2021-02-01,1.27865,1.28642,1.27611,1.2849
USDCAD,2021-02-02,1.2849,1.28695,1.27785,1.27867
USDCAD,2021-02-03,1.27869,1.2811,1.2763,1.27844
USDCAD,2021-02-04,1.27844,1.28451,1.2777,1.28249
USDCAD,2021-02-05,1.28249,1.28325,1.2752,1.27532
USDCAD,2021-02-08,1.27565,1.27824,1.27342,1.27386
USDCAD,2021-02-09,1.2739,1.2766,1.26889,1.2698
USDCAD,2021-02-10,1.2698,1.27104,1.26672,1.26968
USDCAD,2021-02-11,1.26969,1.27104,1.26599,1.26996
USDCAD,2021-02-12,1.26997,1.27628,1.26765,1.26908
USDCAD,2021-02-15,1.26833,1.26912,1.26306,1.26353
USDCAD,2021-02-16,1.26354,1.27121,1.26092,1.27118
USDCAD,2021-02-17,1.27121,1.2746,1.26867,1.26998
USDCAD,2021-02-18,1.26995,1.27306,1.2665,1.2681
USDCAD,2021-02-19,1.26808,1.27137,1.25941,1.26108
USDCAD,2021-02-22,1.26113,1.26535,1.25801,1.2611
USDCAD,2021-02-23,1.2611,1.26469,1.25785,1.25945
USDCAD,2021-02-24,1.25944,1.2598,1.25046,1.25124
USDCAD,2021-02-25,1.25124,1.26144,1.24676,1.26136
USDCAD,2021-02-26,1.26135,1.27484,1.25868,1.27346
USDCAD,2021-03-01,1.27284,1.2737,1.26398,1.26404
USDCAD,2021-03-02,1.26407,1.2698,1.25997,1.26357
USDCAD,2021-03-03,1.26356,1.26748,1.25927,1.26745
USDCAD,2021-03-04,1.26747,1.26936,1.25749,1.26791
USDCAD,2021-03-05,1.26792,1.2737,1.26454,1.2653
USDCAD,2021-03-08,1.26505,1.26998,1.26219,1.2658
USDCAD,2021-03-09,1.26582,1.26855,1.25902,1.2646
USDCAD,2021-03-10,1.26459,1.2683,1.26081,1.2621
USDCAD,2021-03-11,1.26211,1.26249,1.25202,1.25362
USDCAD,2021-03-12,1.25361,1.25729,1.24618,1.24733
USDCAD,2021-03-15,1.24735,1.25128,1.24404,1.24775
USDCAD,2021-03-16,1.24775,1.24999,1.24334,1.24428
USDCAD,2021-03-17,1.24428,1.24931,1.23876,1.23876
USDCAD,2021-03-18,1.23877,1.25264,1.23647,1.24936
USDCAD,2021-03-19,1.24937,1.25475,1.24616,1.24978
USDCAD,2021-03-22,1.25185,1.2541,1.24731,1.25211
USDCAD,2021-03-23,1.2521,1.25976,1.25184,1.25887
USDCAD,2021-03-24,1.25886,1.26086,1.25426,1.25787
USDCAD,2021-03-25,1.25785,1.26284,1.25461,1.26046
USDCAD,2021-03-26,1.26046,1.26081,1.25603,1.25807
USDCAD,2021-03-29,1.25694,1.26267,1.25694,1.259
USDCAD,2021-03-30,1.25901,1.26468,1.25801,1.26214
USDCAD,2021-03-31,1.26213,1.26285,1.25391,1.25643
USDCAD,2021-04-01,1.25645,1.26017,1.25397,1.2547
USDCAD,2021-04-02,1.25469,1.25814,1.25278,1.25695
USDCAD,2021-04-05,1.25724,1.25942,1.25016,1.252
USDCAD,2021-04-06,1.25202,1.25826,1.25165,1.25717
USDCAD,2021-04-07,1.25719,1.26345,1.25656,1.26133
USDCAD,2021-04-08,1.26132,1.26268,1.25558,1.25634
USDCAD,2021-04-09,1.25632,1.26106,1.25251,1.25264
USDCAD,2021-04-12,1.25336,1.25736,1.25257,1.25625
USDCAD,2021-04-13,1.25624,1.26288,1.25266,1.25368
USDCAD,2021-04-14,1.25369,1.2576,1.24998,1.2517
USDCAD,2021-04-15,1.25176,1.25582,1.24765,1.25451
USDCAD,2021-04-16,1.2545,1.25591,1.24939,1.25056
USDCAD,2021-04-19,1.25045,1.25438,1.24709,1.25233
USDCAD,2021-04-20,1.25229,1.26231,1.24784,1.26118
USDCAD,2021-04-21,1.26118,1.26532,1.24595,1.2504
USDCAD,2021-04-22,1.25042,1.25346,1.24727,1.25024
USDCAD,2021-04-23,1.25024,1.25092,1.24605,1.24744
USDCAD,2021-04-26,1.24758,1.24904,1.23839,1.23958
USDCAD,2021-04-27,1.23958,1.24184,1.23882,1.24065
USDCAD,2021-04-28,1.24067,1.24177,1.23013,1.23028
USDCAD,2021-04-29,1.2303,1.23215,1.22744,1.22758
USDCAD,2021-04-30,1.2276,1.23223,1.22656,1.22865
USDCAD,2021-05-03,1.22875,1.23186,1.22664,1.228
USDCAD,2021-05-04,1.22797,1.23513,1.22768,1.2301
USDCAD,2021-05-05,1.2301,1.23059,1.22514,1.22686
USDCAD,2021-05-06,1.22683,1.22879,1.21415,1.2156
USDCAD,2021-05-07,1.21553,1.21932,1.21195,1.21246
USDCAD,2021-05-10,1.21208,1.21332,1.20785,1.20938
USDCAD,2021-05-11,1.20938,1.21259,1.20777,1.20973
USDCAD,2021-05-12,1.20973,1.21376,1.20455,1.21202
USDCAD,2021-05-13,1.21202,1.22025,1.21035,1.21702
USDCAD,2021-05-14,1.21702,1.21785,1.20804,1.21007
USDCAD,2021-05-17,1.21104,1.21359,1.20604,1.20616
USDCAD,2021-05-18,1.20618,1.2081,1.20124,1.20726
USDCAD,2021-05-19,1.20724,1.21429,1.20536,1.21311
USDCAD,2021-05-20,1.21313,1.21441,1.2049,1.20629
USDCAD,2021-05-21,1.20629,1.20943,1.20271,1.20614
USDCAD,2021-05-24,1.20662,1.20851,1.20404,1.20499
USDCAD,2021-05-25,1.20497,1.20781,1.20286,1.2066
USDCAD,2021-05-26,1.20661,1.21356,1.20429,1.21298
USDCAD,2021-05-27,1.21298,1.21418,1.20562,1.20706
USDCAD,2021-05-28,1.20706,1.21197,1.20626,1.20693
USDCAD,2021-05-31,1.20648,1.20915,1.20463,1.20607
USDCAD,2021-06-01,1.20606,1.20772,1.20064,1.20706
USDCAD,2021-06-02,1.20705,1.20914,1.2029,1.20402
USDCAD,2021-06-03,1.20403,1.21196,1.20298,1.21093
USDCAD,2021-06-04,1.21094,1.21328,1.20701,1.20726
USDCAD,2021-06-07,1.20697,1.21063,1.20567,1.20865
USDCAD,2021-06-08,1.20867,1.21171,1.20707,1.21127
USDCAD,2021-06-09,1.21132,1.21173,1.20576,1.21144
USDCAD,2021-06-10,1.21143,1.21246,1.20696,1.20958
USDCAD,2021-06-11,1.20957,1.2177,1.20797,1.21583
USDCAD,2021-06-14,1.21584,1.21712,1.21277,1.21427
USDCAD,2021-06-15,1.21425,1.22037,1.21291,1.21855
USDCAD,2021-06-16,1.21855,1.22832,1.21564,1.2278
USDCAD,2021-06-17,1.22785,1.23777,1.22619,1.23451
USDCAD,2021-06-18,1.23451,1.24804,1.23387,1.24601
USDCAD,2021-06-21,1.24638,1.24866,1.23529,1.23693
USDCAD,2021-06-22,1.23697,1.24029,1.23013,1.23108
USDCAD,2021-06-23,1.23107,1.23282,1.22519,1.23047
USDCAD,2021-06-24,1.23047,1.23406,1.22821,1.23219
USDCAD,2021-06-25,1.23219,1.23293,1.22717,1.2291
USDCAD,2021-06-28,1.22919,1.23476,1.22873,1.23347
USDCAD,2021-06-29,1.23347,1.24027,1.23312,1.23966
USDCAD,2021-06-30,1.23965,1.24232,1.23552,1.23937
USDCAD,2021-07-01,1.23935,1.24452,1.23644,1.24403
USDCAD,2021-07-02,1.24404,1.24493,1.23088,1.23206
USDCAD,2021-07-05,1.23192,1.23713,1.23164,1.23406
USDCAD,2021-07-06,1.23407,1.24944,1.23023,1.24581
USDCAD,2021-07-07,1.24583,1.2519,1.24227,1.24818
USDCAD,2021-07-08,1.24818,1.25899,1.2478,1.25307
USDCAD,2021-07-09,1.25307,1.25564,1.24402,1.24412
USDCAD,2021-07-12,1.24432,1.25141,1.24422,1.24558
USDCAD,2021-07-13,1.24562,1.25393,1.24418,1.25213
USDCAD,2021-07-14,1.25213,1.25258,1.24256,1.25159
USDCAD,2021-07-15,1.25158,1.26131,1.25008,1.25914
USDCAD,2021-07-16,1.25915,1.26204,1.25605,1.26117
USDCAD,2021-07-19,1.26059,1.28072,1.26025,1.27496
USDCAD,2021-07-20,1.27496,1.27864,1.26708,1.26752
USDCAD,2021-07-21,1.26753,1.27297,1.25252,1.2571
USDCAD,2021-07-22,1.2571,1.2594,1.25286,1.25636
USDCAD,2021-07-23,1.25636,1.26067,1.25545,1.25581
USDCAD,2021-07-26,1.25567,1.259,1.25276,1.25426
USDCAD,2021-07-27,1.25429,1.26041,1.25376,1.25908
USDCAD,2021-07-28,1.25906,1.26022,1.25151,1.25198
USDCAD,2021-07-29,1.25196,1.25299,1.24312,1.24491
USDCAD,2021-07-30,1.24495,1.24909,1.24217,1.24661
USDCAD,2021-08-02,1.24784,1.25145,1.24525,1.25008
USDCAD,2021-08-03,1.25008,1.25754,1.24888,1.2533
USDCAD,2021-08-04,1.25332,1.25625,1.25152,1.2544
USDCAD,2021-08-05,1.2544,1.25448,1.24743,1.25013
USDCAD,2021-08-06,1.25013,1.25809,1.24941,1.25509
USDCAD,2021-08-09,1.2546,1.25875,1.25312,1.2575
USDCAD,2021-08-10,1.25751,1.25891,1.25159,1.25191
USDCAD,2021-08-11,1.25192,1.2548,1.2489,1.25074
USDCAD,2021-08-12,1.25073,1.2533,1.25003,1.25198
USDCAD,2021-08-13,1.25197,1.25319,1.25011,1.25102
USDCAD,2021-08-16,1.25143,1.25839,1.25115,1.25712
USDCAD,2021-08-17,1.25711,1.26486,1.25701,1.26268
USDCAD,2021-08-18,1.26269,1.2663,1.25977,1.26629
USDCAD,2021-08-19,1.26628,1.28324,1.26595,1.28312
USDCAD,2021-08-20,1.2831,1.29487,1.28138,1.28199
USDCAD,2021-08-23,1.28083,1.28325,1.26422,1.26527
USDCAD,2021-08-24,1.26527,1.26575,1.25783,1.25967
USDCAD,2021-08-25,1.25968,1.26433,1.25854,1.25889
USDCAD,2021-08-26,1.25888,1.26952,1.25882,1.26856
USDCAD,2021-08-27,1.26855,1.27077,1.26051,1.26104
USDCAD,2021-08-30,1.26169,1.26337,1.25731,1.26087
USDCAD,2021-08-31,1.26089,1.26529,1.25688,1.26162
USDCAD,2021-09-01,1.26165,1.26366,1.258,1.26212
USDCAD,2021-09-02,1.26211,1.26377,1.25477,1.25527
USDCAD,2021-09-03,1.25524,1.25586,1.24932,1.25213
USDCAD,2021-09-06,1.2525,1.25587,1.25124,1.2534
USDCAD,2021-09-07,1.25342,1.26555,1.2519,1.26463
USDCAD,2021-09-08,1.26461,1.27617,1.26258,1.26936
USDCAD,2021-09-09,1.26937,1.27272,1.26222,1.26653
USDCAD,2021-09-10,1.26654,1.26944,1.25821,1.26898
USDCAD,2021-09-13,1.26809,1.26948,1.26375,1.26483
USDCAD,2021-09-14,1.26485,1.26979,1.26008,1.26907
USDCAD,2021-09-15,1.26905,1.2708,1.26173,1.26181
USDCAD,2021-09-16,1.26182,1.26992,1.26159,1.26815
USDCAD,2021-09-17,1.26811,1.27722,1.26361,1.27655
USDCAD,2021-09-20,1.27575,1.28956,1.27373,1.28025
USDCAD,2021-09-21,1.28024,1.28482,1.27421,1.28163
USDCAD,2021-09-22,1.28163,1.28258,1.26975,1.27859
USDCAD,2021-09-23,1.27861,1.27956,1.2633,1.26622
USDCAD,2021-09-24,1.26622,1.27299,1.26405,1.26471
USDCAD,2021-09-27,1.26482,1.26723,1.26095,1.26262
USDCAD,2021-09-28,1.2626,1.27067,1.25935,1.26769
USDCAD,2021-09-29,1.26769,1.27742,1.26679,1.2754
USDCAD,2021-09-30,1.27539,1.27567,1.26296,1.2684
USDCAD,2021-10-01,1.26844,1.27383,1.26274,1.26416
USDCAD,2021-10-04,1.26397,1.26542,1.25573,1.25893
USDCAD,2021-10-05,1.25897,1.26293,1.25449,1.25831
USDCAD,2021-10-06,1.25832,1.26476,1.25808,1.25855
USDCAD,2021-10-07,1.25859,1.25991,1.25396,1.25472
USDCAD,2021-10-08,1.25473,1.25622,1.24512,1.2466
USDCAD,2021-10-11,1.24728,1.24915,1.24458,1.24807
USDCAD,2021-10-12,1.24807,1.24979,1.24339,1.24772
USDCAD,2021-10-13,1.24769,1.24783,1.24297,1.24383
USDCAD,2021-10-14,1.24383,1.24385,1.23543,1.2375
USDCAD,2021-10-15,1.23751,1.2397,1.23361,1.2358
USDCAD,2021-10-18,1.23641,1.24094,1.23482,1.23722
USDCAD,2021-10-19,1.23723,1.23738,1.23109,1.23551
USDCAD,2021-10-20,1.23549,1.23663,1.23068,1.23248
USDCAD,2021-10-21,1.23248,1.23834,1.22879,1.23707
USDCAD,2021-10-22,1.23709,1.23896,1.23203,1.2362
USDCAD,2021-10-25,1.23645,1.23995,1.23377,1.23787
USDCAD,2021-10-26,1.23787,1.23958,1.23499,1.2391
USDCAD,2021-10-27,1.2391,1.2431,1.22997,1.23696
USDCAD,2021-10-28,1.23697,1.2382,1.23293,1.23468
USDCAD,2021-10-29,1.23467,1.24079,1.23273,1.23823
USDCAD,2021-11-01,1.23804,1.2403,1.23514,1.23735
USDCAD,2021-11-02,1.23734,1.24244,1.2371,1.24073
USDCAD,2021-11-03,1.24069,1.24569,1.23772,1.23778
USDCAD,2021-11-04,1.23776,1.24713,1.23768,1.24523
USDCAD,2021-11-05,1.24522,1.24793,1.24355,1.24512
USDCAD,2021-11-08,1.24458,1.24653,1.24354,1.24421
USDCAD,2021-11-09,1.24418,1.24858,1.24282,1.24362
USDCAD,2021-11-10,1.24356,1.25034,1.23869,1.24869
USDCAD,2021-11-11,1.24869,1.25964,1.24816,1.25886
USDCAD,2021-11-12,1.25887,1.26043,1.25408,1.25452
USDCAD,2021-11-15,1.25404,1.25555,1.25011,1.25143
USDCAD,2021-11-16,1.25145,1.25679,1.24922,1.25656
USDCAD,2021-11-17,1.25659,1.26221,1.25399,1.2611
USDCAD,2021-11-18,1.26109,1.26467,1.25926,1.26037
USDCAD,2021-11-19,1.26035,1.26621,1.25842,1.26378
USDCAD,2021-11-22,1.2639,1.27048,1.26277,1.27014
USDCAD,2021-11-23,1.27015,1.27446,1.26595,1.26759
USDCAD,2021-11-24,1.26758,1.27098,1.26506,1.26615
USDCAD,2021-11-25,1.26616,1.26766,1.26401,1.2664
USDCAD,2021-11-26,1.26638,1.27991,1.26606,1.27858
USDCAD,2021-11-29,1.27439,1.2793,1.27199,1.27376
USDCAD,2021-11-30,1.27377,1.28367,1.27316,1.27745
USDCAD,2021-12-01,1.27745,1.28294,1.27124,1.28112
USDCAD,2021-12-02,1.28112,1.28368,1.2778,1.28175
USDCAD,2021-12-03,1.28176,1.28537,1.27435,1.28431
USDCAD,2021-12-06,1.28286,1.28422,1.27526,1.2762
USDCAD,2021-12-07,1.27619,1.27672,1.26343,1.26459
USDCAD,2021-12-08,1.2646,1.26661,1.26063,1.26517
USDCAD,2021-12-09,1.26517,1.27215,1.26495,1.27061
USDCAD,2021-12-10,1.27065,1.27389,1.26789,1.27203
USDCAD,2021-12-13,1.27251,1.28209,1.27052,1.28079
USDCAD,2021-12-14,1.28079,1.28673,1.27968,1.28669
USDCAD,2021-12-15,1.28666,1.29373,1.28277,1.28368
USDCAD,2021-12-16,1.28367,1.28573,1.27632,1.27806
USDCAD,2021-12-17,1.27803,1.29011,1.27779,1.28893
USDCAD,2021-12-20,1.28885,1.29633,1.2874,1.29362
USDCAD,2021-12-21,1.29361,1.29456,1.29096,1.2923
USDCAD,2021-12-22,1.2923,1.29236,1.28305,1.28514
USDCAD,2021-12-23,1.28513,1.28532,1.27976,1.28263
USDCAD,2021-12-24,1.28264,1.28343,1.27848,1.27981
USDCAD,2021-12-27,1.28038,1.28468,1.27726,1.27877
USDCAD,2021-12-28,1.2788,1.28313,1.27816,1.28148
USDCAD,2021-12-29,1.2815,1.28345,1.27825,1.27828
USDCAD,2021-12-30,1.27827,1.28123,1.27333,1.27449
USDCAD,2021-12-31,1.2745,1.27504,1.26201,1.26356
USDJPY,2019-01-01,109.648,109.726,109.606,109.67
USDJPY,2019-01-02,109.669,109.68,104.736,107.427
USDJPY,2019-01-03,107.433,108.304,106.746,107.849
USDJPY,2019-01-04,107.848,108.589,107.512,108.518
USDJPY,2019-01-07,108.503,108.747,108.019,108.626
USDJPY,2019-01-08,108.627,109.087,108.441,108.751
USDJPY,2019-01-09,108.752,109.001,107.971,108.185
USDJPY,2019-01-10,108.184,108.518,107.769,108.282
USDJPY,2019-01-11,108.284,108.597,108.145,108.528
USDJPY,2019-01-14,108.499,108.555,107.986,108.237
USDJPY,2019-01-15,108.236,108.765,108.196,108.653
USDJPY,2019-01-16,108.653,109.195,108.37,109.04
USDJPY,2019-01-17,109.041,109.398,108.686,109.142
USDJPY,2019-01-18,109.145,109.889,109.13,109.769
USDJPY,2019-01-21,109.679,109.767,109.474,109.673
USDJPY,2019-01-22,109.673,109.693,109.146,109.357
USDJPY,2019-01-23,109.357,109.999,109.355,109.5
USDJPY,2019-01-24,109.502,109.799,109.421,109.597
USDJPY,2019-01-25,109.596,109.949,109.453,109.539
USDJPY,2019-01-28,109.543,109.576,109.16,109.256
USDJPY,2019-01-29,109.257,109.541,109.129,109.427
USDJPY,2019-01-30,109.426,109.743,108.808,108.977
USDJPY,2019-01-31,108.976,109.002,108.497,108.846
USDJPY,2019-02-01,108.846,109.58,108.725,109.504
USDJPY,2019-02-04,109.51,110.161,109.432,109.978
USDJPY,2019-02-05,109.979,110.041,109.778,109.942
USDJPY,2019-02-06,109.942,110.051,109.56,109.986
USDJPY,2019-02-07,109.986,110.086,109.605,109.754
USDJPY,2019-02-08,109.753,109.897,109.648,109.724
USDJPY,2019-02-11,109.729,110.492,109.729,110.393
USDJPY,2019-02-12,110.394,110.651,110.344,110.513
USDJPY,2019-02-13,110.514,111.052,110.497,110.93
USDJPY,2019-02-14,110.929,111.128,110.404,110.54
USDJPY,2019-02-15,110.539,110.645,110.252,110.458
USDJPY,2019-02-18,110.439,110.652,110.439,110.595
USDJPY,2019-02-19,110.595,110.823,110.453,110.58
USDJPY,2019-02-20,110.58,110.95,110.576,110.75
USDJPY,2019-02-21,110.751,110.855,110.568,110.705
USDJPY,2019-02-22,110.708,110.905,110.557,110.637
USDJPY,2019-02-25,110.649,111.234,110.577,111.04
USDJPY,2019-02-26,111.04,111.076,110.424,110.554
USDJPY,2019-02-27,110.552,111.074,110.351,110.863
USDJPY,2019-02-28,110.863,111.493,110.661,111.363
USDJPY,2019-03-01,111.362,112.077,111.358,111.906
USDJPY,2019-03-04,111.851,112.013,111.64,111.78
USDJPY,2019-03-05,111.78,112.137,111.762,111.868
USDJPY,2019-03-06,111.865,111.922,111.612,111.625
USDJPY,2019-03-07,111.623,111.857,111.482,111.643
USDJPY,2019-03-08,111.642,111.648,110.778,111.156
USDJPY,2019-03-11,110.986,111.361,110.879,111.332
USDJPY,2019-03-12,111.332,111.466,111.11,111.315
USDJPY,2019-03-13,111.315,111.465,111.006,111.212
USDJPY,2019-03-14,111.211,111.833,111.146,111.753
USDJPY,2019-03-15,111.755,111.901,111.384,111.471
USDJPY,2019-03-18,111.46,111.628,111.296,111.385
USDJPY,2019-03-19,111.383,111.476,111.158,111.418
USDJPY,2019-03-20,111.418,111.695,110.535,110.663
USDJPY,2019-03-21,110.664,110.958,110.298,110.815
USDJPY,2019-03-22,110.816,110.897,109.741,109.925
USDJPY,2019-03-25,109.916,110.241,109.708,110.057
USDJPY,2019-03-26,110.058,110.69,109.993,110.57
USDJPY,2019-03-27,110.569,110.713,110.235,110.5
USDJPY,2019-03-28,110.501,110.832,110.018,110.631
USDJPY,2019-03-29,110.633,110.949,110.533,110.825
USDJPY,2019-04-01,111.008,111.454,110.81,111.449
USDJPY,2019-04-02,111.449,111.449,111.248,111.308
USDJPY,2019-04-03,111.309,111.578,111.208,111.395
USDJPY,2019-04-04,111.395,111.683,111.334,111.654
USDJPY,2019-04-05,111.652,111.822,111.549,111.688
USDJPY,2019-04-08,111.665,111.746,111.283,111.45
USDJPY,2019-04-09,111.449,111.579,110.979,111.091
USDJPY,2019-04-10,111.091,111.28,110.843,110.987
USDJPY,2019-04-11,110.987,111.696,110.987,111.646
USDJPY,2019-04-12,111.644,112.093,111.637,111.993
USDJPY,2019-04-15,111.955,112.095,111.886,111.949
USDJPY,2019-04-16,111.949,112.045,111.846,111.994
USDJPY,2019-04-17,111.994,112.165,111.921,112.033
USDJPY,2019-04-18,112.034,112.046,111.766,111.991
USDJPY,2019-04-19,111.99,112.005,111.859,111.859
USDJPY,2019-04-22,111.854,111.991,111.844,111.932
USDJPY,2019-04-23,111.932,112.032,111.651,111.88
USDJPY,2019-04-24,111.88,112.399,111.681,112.118
USDJPY,2019-04-25,112.119,112.239,111.368,111.543
USDJPY,2019-04-26,111.543,112.031,111.428,111.526
USDJPY,2019-04-29,111.533,111.898,111.533,111.681
USDJPY,2019-04-30,111.682,111.687,111.235,111.398
USDJPY,2019-05-01,111.397,111.613,111.051,111.448
USDJPY,2019-05-02,111.449,111.664,111.372,111.496
USDJPY,2019-05-03,111.495,111.699,111.068,111.09
USDJPY,2019-05-06,110.604,110.958,110.28,110.801
USDJPY,2019-05-07,110.803,110.852,110.17,110.265
USDJPY,2019-05-08,110.264,110.269,109.902,110.029
USDJPY,2019-05-09,110.028,110.083,109.472,109.827
USDJPY,2019-05-10,109.826,110.049,109.474,109.94
USDJPY,2019-05-13,109.746,109.834,109.019,109.159
USDJPY,2019-05-14,109.161,109.772,109.151,109.675
USDJPY,2019-05-15,109.676,109.701,109.153,109.47
USDJPY,2019-05-16,109.47,109.967,109.336,109.881
USDJPY,2019-05-17,109.88,110.194,109.493,110.054
USDJPY,2019-05-20,110.103,110.318,109.809,110.085
USDJPY,2019-05-21,110.086,110.672,110.043,110.565
USDJPY,2019-05-22,110.565,110.625,110.205,110.217
USDJPY,2019-05-23,110.219,110.363,109.457,109.556
USDJPY,2019-05-24,109.56,109.745,109.273,109.285
USDJPY,2019-05-27,109.285,109.584,109.279,109.512
USDJPY,2019-05-28,109.512,109.629,109.21,109.355
USDJPY,2019-05-29,109.356,109.699,109.149,109.561
USDJPY,2019-05-30,109.561,109.925,109.32,109.336
USDJPY,2019-05-31,109.336,109.399,108.277,108.278
USDJPY,2019-06-03,108.275,108.445,107.883,108.036
USDJPY,2019-06-04,108.036,108.358,107.845,108.257
USDJPY,2019-06-05,108.257,108.485,107.815,108.322
USDJPY,2019-06-06,108.323,108.562,108.025,108.456
USDJPY,2019-06-07,108.457,108.617,107.88,108.189
USDJPY,2019-06-10,108.474,108.716,108.312,108.358
USDJPY,2019-06-11,108.36,108.8,108.356,108.475
USDJPY,2019-06-12,108.478,108.562,108.218,108.492
USDJPY,2019-06-13,108.492,108.536,108.164,108.323
USDJPY,2019-06-14,108.322,108.587,108.158,108.55
USDJPY,2019-06-17,108.493,108.724,108.469,108.546
USDJPY,2019-06-18,108.545,108.676,108.06,108.582
USDJPY,2019-06-19,108.583,108.617,107.9,108.114
USDJPY,2019-06-20,108.112,108.119,107.209,107.299
USDJPY,2019-06-21,107.299,107.734,107.048,107.303
USDJPY,2019-06-24,107.263,107.537,107.248,107.334
USDJPY,2019-06-25,107.335,107.409,106.778,107.174
USDJPY,2019-06-26,107.175,107.849,107.16,107.746
USDJPY,2019-06-27,107.745,108.161,107.647,107.752
USDJPY,2019-06-28,107.755,107.935,107.561,107.908
USDJPY,2019-07-01,108.15,108.533,108.102,108.376
USDJPY,2019-07-02,108.374,108.474,107.766,107.834
USDJPY,2019-07-03,107.834,107.886,107.532,107.768
USDJPY,2019-07-04,107.769,107.842,107.707,107.822
USDJPY,2019-07-05,107.824,108.637,107.803,108.454
USDJPY,2019-07-08,108.411,108.805,108.28,108.723
USDJPY,2019-07-09,108.723,108.963,108.716,108.933
USDJPY,2019-07-10,108.934,108.99,108.313,108.337
USDJPY,2019-07-11,108.336,108.609,107.859,108.591
USDJPY,2019-07-12,108.591,108.607,107.804,107.884
USDJPY,2019-07-15,107.861,108.108,107.797,107.907
USDJPY,2019-07-16,107.906,108.375,107.876,108.198
USDJPY,2019-07-17,108.2,108.325,107.857,107.933
USDJPY,2019-07-18,107.933,108.016,107.211,107.403
USDJPY,2019-07-19,107.403,107.978,107.329,107.698
USDJPY,2019-07-22,107.711,108.067,107.699,107.903
USDJPY,2019-07-23,107.905,108.287,107.825,108.235
USDJPY,2019-07-24,108.236,108.276,107.933,108.192
USDJPY,2019-07-25,108.193,108.755,108.042,108.676
USDJPY,2019-07-26,108.676,108.828,108.559,108.662
USDJPY,2019-07-29,108.62,108.899,108.42,108.855
USDJPY,2019-07-30,108.855,108.948,108.452,108.565
USDJPY,2019-07-31,108.563,108.997,108.49,108.817
USDJPY,2019-08-01,108.819,109.318,107.219,107.441
USDJPY,2019-08-02,107.442,107.494,106.508,106.55
USDJPY,2019-08-05,106.549,106.681,105.519,105.607
USDJPY,2019-08-06,105.608,107.087,105.567,106.325
USDJPY,2019-08-07,106.325,106.376,105.495,106.11
USDJPY,2019-08-08,106.11,106.301,105.718,105.883
USDJPY,2019-08-09,105.885,106.077,105.268,105.638
USDJPY,2019-08-12,105.545,105.691,105.049,105.382
USDJPY,2019-08-13,105.382,106.973,105.065,106.602
USDJPY,2019-08-14,106.603,106.624,105.65,105.913
USDJPY,2019-08-15,105.913,106.777,105.702,106.092
USDJPY,2019-08-16,106.092,106.494,106.025,106.358
USDJPY,2019-08-19,106.245,106.696,106.245,106.565
USDJPY,2019-08-20,106.566,106.691,106.161,106.272
USDJPY,2019-08-21,106.273,106.646,106.273,106.601
USDJPY,2019-08-22,106.601,106.653,106.251,106.48
USDJPY,2019-08-23,106.479,106.734,105.254,105.363
USDJPY,2019-08-26,104.947,106.413,104.453,105.966
USDJPY,2019-08-27,105.966,106.069,105.59,105.749
USDJPY,2019-08-28,105.748,106.229,105.651,106.081
USDJPY,2019-08-29,106.079,106.681,105.829,106.458
USDJPY,2019-08-30,106.458,106.544,106.103,106.228
USDJPY,2019-09-02,106.061,106.399,105.915,106.195
USDJPY,2019-09-03,106.197,106.385,105.737,105.85
USDJPY,2019-09-04,105.852,106.445,105.83,106.338
USDJPY,2019-09-05,106.338,107.232,106.33,107.072
USDJPY,2019-09-06,107.071,107.101,106.622,106.914
USDJPY,2019-09-09,106.82,107.367,106.761,107.343
USDJPY,2019-09-10,107.342,107.626,107.19,107.601
USDJPY,2019-09-11,107.599,108.047,107.545,108.014
USDJPY,2019-09-12,108.015,108.192,107.521,108.183
USDJPY,2019-09-13,108.186,108.259,107.906,108.057
USDJPY,2019-09-16,107.476,108.186,107.457,108.149
USDJPY,2019-09-17,108.149,108.371,108.022,108.095
USDJPY,2019-09-18,108.095,108.475,108.094,108.435
USDJPY,2019-09-19,108.434,108.471,107.786,108.067
USDJPY,2019-09-20,108.066,108.086,107.524,107.535
USDJPY,2019-09-23,107.714,107.768,107.31,107.595
USDJPY,2019-09-24,107.595,107.797,106.961,107.167
USDJPY,2019-09-25,107.166,107.883,107.0,107.704
USDJPY,2019-09-26,107.703,107.957,107.424,107.749
USDJPY,2019-09-27,107.749,108.18,107.656,107.862
USDJPY,2019-09-30,107.96,108.178,107.743,108.058
USDJPY,2019-10-01,108.059,108.47,107.626,107.747
USDJPY,2019-10-02,107.747,107.892,107.046,107.163
USDJPY,2019-10-03,107.164,107.297,106.483,106.83
USDJPY,2019-10-04,106.832,107.134,106.577,106.89
USDJPY,2019-10-07,106.651,107.464,106.649,107.252
USDJPY,2019-10-08,107.255,107.444,106.806,106.942
USDJPY,2019-10-09,106.942,107.628,106.942,107.233
USDJPY,2019-10-10,107.235,108.018,107.167,107.868
USDJPY,2019-10-11,107.872,108.628,107.848,108.358
USDJPY,2019-10-14,108.343,108.521,108.032,108.398
USDJPY,2019-10-15,108.398,108.899,108.155,108.8
USDJPY,2019-10-16,108.799,108.85,108.56,108.683
USDJPY,2019-10-17,108.681,108.939,108.451,108.592
USDJPY,2019-10-18,108.593,108.721,108.371,108.371
USDJPY,2019-10-21,108.453,108.663,108.291,108.605
USDJPY,2019-10-22,108.604,108.727,108.437,108.487
USDJPY,2019-10-23,108.486,108.703,108.25,108.637
USDJPY,2019-10-24,108.636,108.753,108.496,108.614
USDJPY,2019-10-25,108.611,108.773,108.51,108.655
USDJPY,2019-10-28,108.74,109.039,108.657,108.977
USDJPY,2019-10-29,108.975,109.068,108.752,108.877
USDJPY,2019-10-30,108.876,109.287,108.719,108.798
USDJPY,2019-10-31,108.798,108.862,107.926,108.0
USDJPY,2019-11-01,108.0,108.323,107.887,108.168
USDJPY,2019-11-04,108.218,108.75,108.182,108.703
USDJPY,2019-11-05,108.705,109.242,108.647,109.145
USDJPY,2019-11-06,109.145,109.182,108.817,108.918
USDJPY,2019-11-07,108.917,109.487,108.647,109.273
USDJPY,2019-11-08,109.275,109.476,109.078,109.217
USDJPY,2019-11-11,109.195,109.254,108.894,109.043
USDJPY,2019-11-12,109.043,109.292,108.922,108.997
USDJPY,2019-11-13,108.995,109.149,108.654,108.798
USDJPY,2019-11-14,108.799,108.863,108.237,108.496
USDJPY,2019-11-15,108.495,108.855,108.452,108.773
USDJPY,2019-11-18,108.782,109.073,108.512,108.666
USDJPY,2019-11-19,108.667,108.836,108.386,108.473
USDJPY,2019-11-20,108.474,108.738,108.348,108.472
USDJPY,2019-11-21,108.472,108.697,108.279,108.579
USDJPY,2019-11-22,108.579,108.73,108.477,108.619
USDJPY,2019-11-25,108.673,109.012,108.611,108.998
USDJPY,2019-11-26,108.998,109.208,108.874,109.096
USDJPY,2019-11-27,109.096,109.609,109.066,109.372
USDJPY,2019-11-28,109.373,109.545,109.337,109.519
USDJPY,2019-11-29,109.517,109.669,109.396,109.469
USDJPY,2019-12-02,109.509,109.727,108.924,109.023
USDJPY,2019-12-03,109.025,109.206,108.484,108.662
USDJPY,2019-12-04,108.662,108.962,108.427,108.831
USDJPY,2019-12-05,108.83,108.997,108.655,108.728
USDJPY,2019-12-06,108.728,108.923,108.511,108.534
USDJPY,2019-12-09,108.614,108.677,108.43,108.585
USDJPY,2019-12-10,108.587,108.855,108.512,108.768
USDJPY,2019-12-11,108.772,108.796,108.464,108.556
USDJPY,2019-12-12,108.553,109.579,108.456,109.405
USDJPY,2019-12-13,109.405,109.707,109.205,109.32
USDJPY,2019-12-16,109.267,109.676,109.267,109.581
USDJPY,2019-12-17,109.582,109.633,109.443,109.523
USDJPY,2019-12-18,109.523,109.628,109.4,109.547
USDJPY,2019-12-19,109.548,109.685,109.181,109.388
USDJPY,2019-12-20,109.387,109.525,109.256,109.429
USDJPY,2019-12-23,109.4,109.538,109.339,109.391
USDJPY,2019-12-24,109.39,109.441,109.325,109.382
USDJPY,2019-12-25,109.381,109.414,109.273,109.37
USDJPY,2019-12-26,109.37,109.684,109.363,109.527
USDJPY,2019-12-27,109.527,109.591,109.388,109.421
USDJPY,2019-12-30,109.408,109.472,108.768,108.871
USDJPY,2019-12-31,108.874,108.876,108.47,108.631
USDJPY,2020-01-01,108.73,108.759,108.575,108.723
USDJPY,2020-01-02,108.722,108.864,108.211,108.544
USDJPY,2020-01-03,108.543,108.562,107.839,108.047
USDJPY,2020-01-06,107.838,108.505,107.77,108.413
USDJPY,2020-01-07,108.413,108.629,107.828,107.996
USDJPY,2020-01-08,107.996,109.244,107.651,109.037
USDJPY,2020-01-09,109.037,109.581,109.031,109.496
USDJPY,2020-01-10,109.497,109.689,109.432,109.451
USDJPY,2020-01-13,109.528,110.03,109.504,110.01
USDJPY,2020-01-14,110.012,110.212,109.817,109.852
USDJPY,2020-01-15,109.853,110.001,109.788,109.883
USDJPY,2020-01-16,109.885,110.236,109.873,110.18
USDJPY,2020-01-17,110.179,110.29,110.047,110.102
USDJPY,2020-01-20,110.083,110.217,110.079,110.174
USDJPY,2020-01-21,110.177,110.223,109.761,109.912
USDJPY,2020-01-22,109.91,110.097,109.66,109.736
USDJPY,2020-01-23,109.736,109.764,109.266,109.566
USDJPY,2020-01-24,109.566,109.653,109.172,109.267
USDJPY,2020-01-27,108.916,109.137,108.731,108.932
USDJPY,2020-01-28,108.931,109.265,108.756,109.135
USDJPY,2020-01-29,109.135,109.26,108.948,108.988
USDJPY,2020-01-30,108.989,109.046,108.583,108.89
USDJPY,2020-01-31,108.89,109.136,108.308,108.308
USDJPY,2020-02-03,108.416,108.798,108.315,108.619
USDJPY,2020-02-04,108.619,109.543,108.548,109.443
USDJPY,2020-02-05,109.442,109.845,109.303,109.819
USDJPY,2020-02-06,109.817,110.021,109.781,109.963
USDJPY,2020-02-07,109.963,110.005,109.532,109.699
USDJPY,2020-02-10,109.686,109.878,109.561,109.767
USDJPY,2020-02-11,109.764,109.962,109.725,109.843
USDJPY,2020-02-12,109.841,110.133,109.799,109.87
USDJPY,2020-02-13,109.871,109.987,109.619,109.771
USDJPY,2020-02-14,109.77,109.912,109.698,109.729
USDJPY,2020-02-17,109.847,109.96,109.719,109.836
USDJPY,2020-02-18,109.839,109.947,109.657,109.92
USDJPY,2020-02-19,109.921,111.591,109.863,111.197
USDJPY,2020-02-20,111.198,112.224,111.11,111.971
USDJPY,2020-02-21,111.971,112.185,111.472,111.542
USDJPY,2020-02-24,111.256,111.681,110.332,110.853
USDJPY,2020-02-25,110.854,111.041,109.89,110.291
USDJPY,2020-02-26,110.292,110.701,110.13,110.382
USDJPY,2020-02-27,110.382,110.403,109.331,109.621
USDJPY,2020-02-28,109.619,109.667,107.51,107.994
USDJPY,2020-03-02,107.434,108.578,107.369,108.526
USDJPY,2020-03-03,108.523,108.527,106.846,107.068
USDJPY,2020-03-04,107.066,107.742,107.031,107.714
USDJPY,2020-03-05,107.716,107.717,105.968,106.263
USDJPY,2020-03-06,106.262,106.342,104.993,105.283
USDJPY,2020-03-09,104.211,104.596,101.18,103.081
USDJPY,2020-03-10,103.081,105.919,102.701,105.04
USDJPY,2020-03-11,105.037,105.331,104.092,104.532
USDJPY,2020-03-12,104.533,106.099,103.08,104.665
USDJPY,2020-03-13,104.665,108.501,104.651,107.899
USDJPY,2020-03-16,107.078,107.567,105.146,106.214
USDJPY,2020-03-17,106.217,107.862,106.073,107.38
USDJPY,2020-03-18,107.384,108.653,106.751,108.359
USDJPY,2020-03-19,108.356,111.361,108.192,111.311
USDJPY,2020-03-20,111.311,111.503,109.329,110.659
USDJPY,2020-03-23,110.749,111.596,109.667,110.815
USDJPY,2020-03-24,110.813,111.713,110.082,111.122
USDJPY,2020-03-25,111.122,111.679,110.75,110.834
USDJPY,2020-03-26,110.834,110.952,109.086,109.128
USDJPY,2020-03-27,109.13,109.392,107.755,107.9
USDJPY,2020-03-30,107.69,108.293,107.12,108.071
USDJPY,2020-03-31,108.071,108.727,107.4,107.509
USDJPY,2020-04-01,107.506,107.939,106.915,107.292
USDJPY,2020-04-02,107.292,108.199,107.013,108.029
USDJPY,2020-04-03,108.027,108.677,107.799,108.509
USDJPY,2020-04-06,108.344,109.381,108.344,109.126
USDJPY,2020-04-07,109.128,109.145,108.611,108.672
USDJPY,2020-04-08,108.672,109.102,108.503,108.933
USDJPY,2020-04-09,108.933,109.061,108.207,108.546
USDJPY,2020-04-10,108.547,108.586,108.327,108.338
USDJPY,2020-04-13,108.383,108.526,107.5,107.625
USDJPY,2020-04-14,107.626,107.758,106.98,107.11
USDJPY,2020-04-15,107.112,107.87,106.926,107.615
USDJPY,2020-04-16,107.616,108.083,107.163,107.931
USDJPY,2020-04-17,107.933,107.951,107.3,107.506
USDJPY,2020-04-20,107.472,107.949,107.381,107.675
USDJPY,2020-04-21,107.675,107.892,107.281,107.716
USDJPY,2020-04-22,107.716,107.938,107.514,107.83
USDJPY,2020-04-23,107.828,108.042,107.347,107.656
USDJPY,2020-04-24,107.661,107.759,107.368,107.491
USDJPY,2020-04-27,107.533,107.622,106.993,107.295
USDJPY,2020-04-28,107.296,107.338,106.559,106.756
USDJPY,2020-04-29,106.758,106.772,106.357,106.611
USDJPY,2020-04-30,106.609,107.499,106.405,107.281
USDJPY,2020-05-01,107.28,107.406,106.605,106.871
USDJPY,2020-05-04,106.831,107.069,106.634,106.696
USDJPY,2020-05-05,106.696,106.894,106.416,106.449
USDJPY,2020-05-06,106.449,106.449,105.986,106.214
USDJPY,2020-05-07,106.215,106.655,106.135,106.369
USDJPY,2020-05-08,106.372,106.747,106.22,106.608
USDJPY,2020-05-11,106.516,107.768,106.486,107.597
USDJPY,2020-05-12,107.595,107.685,107.121,107.169
USDJPY,2020-05-13,107.177,107.267,106.742,106.933
USDJPY,2020-05-14,106.932,107.374,106.775,107.355
USDJPY,2020-05-15,107.354,107.433,106.855,107.034
USDJPY,2020-05-18,107.084,107.505,107.068,107.383
USDJPY,2020-05-19,107.385,108.088,107.303,107.822
USDJPY,2020-05-20,107.823,107.983,107.336,107.593
USDJPY,2020-05-21,107.595,107.848,107.548,107.644
USDJPY,2020-05-22,107.644,107.762,107.322,107.597
USDJPY,2020-05-25,107.56,107.78,107.541,107.688
USDJPY,2020-05-26,107.688,107.922,107.402,107.495
USDJPY,2020-05-27,107.495,107.947,107.365,107.81
USDJPY,2020-05-28,107.81,107.901,107.57,107.642
USDJPY,2020-05-29,107.645,107.894,107.079,107.767
USDJPY,2020-06-01,107.678,107.856,107.376,107.559
USDJPY,2020-06-02,107.559,108.837,107.518,108.83
USDJPY,2020-06-03,108.829,109.04,108.422,109.001
USDJPY,2020-06-04,109.001,109.2,108.615,109.146
USDJPY,2020-06-05,109.146,109.849,109.044,109.581
USDJPY,2020-06-08,109.563,109.693,108.234,108.419
USDJPY,2020-06-09,108.418,108.418,107.62,107.798
USDJPY,2020-06-10,107.797,107.874,106.897,107.0
USDJPY,2020-06-11,107.002,107.234,106.571,106.805
USDJPY,2020-06-12,106.807,107.552,106.584,107.379
USDJPY,2020-06-15,107.295,107.567,107.0,107.484
USDJPY,2020-06-16,107.484,107.639,107.211,107.397
USDJPY,2020-06-17,107.397,107.441,106.866,106.876
USDJPY,2020-06-18,106.876,107.128,106.668,107.002
USDJPY,2020-06-19,107.004,107.046,106.766,106.856
USDJPY,2020-06-22,106.769,107.011,106.742,106.897
USDJPY,2020-06-23,106.897,107.221,106.072,106.425
USDJPY,2020-06-24,106.426,107.148,106.383,107.027
USDJPY,2020-06-25,107.03,107.451,107.019,107.159
USDJPY,2020-06-26,107.158,107.359,106.799,107.206
USDJPY,2020-06-29,107.069,107.884,107.04,107.583
USDJPY,2020-06-30,107.583,107.994,107.521,107.993
USDJPY,2020-07-01,107.991,108.164,107.337,107.371
USDJPY,2020-07-02,107.371,107.723,107.33,107.498
USDJPY,2020-07-03,107.498,107.566,107.435,107.494
USDJPY,2020-07-06,107.448,107.772,107.257,107.359
USDJPY,2020-07-07,107.359,107.79,107.245,107.574
USDJPY,2020-07-08,107.575,107.711,107.201,107.283
USDJPY,2020-07-09,107.284,107.396,107.097,107.235
USDJPY,2020-07-10,107.236,107.263,106.638,106.917
USDJPY,2020-07-13,106.886,107.317,106.787,107.281
USDJPY,2020-07-14,107.281,107.434,107.118,107.246
USDJPY,2020-07-15,107.245,107.309,106.666,106.9
USDJPY,2020-07-16,106.899,107.4,106.832,107.284
USDJPY,2020-07-17,107.287,107.361,106.939,107.018
USDJPY,2020-07-20,107.026,107.538,107.014,107.19
USDJPY,2020-07-21,107.19,107.365,106.681,106.826
USDJPY,2020-07-22,106.824,107.289,106.71,107.173
USDJPY,2020-07-23,107.173,107.229,106.711,106.845
USDJPY,2020-07-24,106.844,106.849,105.682,106.123
USDJPY,2020-07-27,106.022,106.107,105.116,105.275
USDJPY,2020-07-28,105.278,105.686,104.956,105.11
USDJPY,2020-07-29,105.111,105.242,104.772,105.047
USDJPY,2020-07-30,105.046,105.294,104.656,104.687
USDJPY,2020-07-31,104.687,106.055,104.186,105.819
USDJPY,2020-08-03,105.772,106.471,105.58,106.032
USDJPY,2020-08-04,106.032,106.194,105.614,105.63
USDJPY,2020-08-05,105.629,105.872,105.319,105.561
USDJPY,2020-08-06,105.563,105.697,105.301,105.58
USDJPY,2020-08-07,105.581,106.055,105.479,105.911
USDJPY,2020-08-10,105.861,106.201,105.708,105.994
USDJPY,2020-08-11,105.994,106.683,105.928,106.49
USDJPY,2020-08-12,106.49,107.014,106.456,106.842
USDJPY,2020-08-13,106.842,107.049,106.565,106.978
USDJPY,2020-08-14,106.981,107.039,106.436,106.582
USDJPY,2020-08-17,106.558,106.654,105.942,106.003
USDJPY,2020-08-18,106.002,106.006,105.202,105.233
USDJPY,2020-08-19,105.236,106.151,105.101,106.084
USDJPY,2020-08-20,106.084,106.215,105.653,105.678
USDJPY,2020-08-21,105.677,106.072,105.441,105.783
USDJPY,2020-08-24,105.757,106.008,105.688,105.998
USDJPY,2020-08-25,105.999,106.577,105.871,106.395
USDJPY,2020-08-26,106.394,106.556,105.838,105.872
USDJPY,2020-08-27,105.87,106.701,105.602,106.653
USDJPY,2020-08-28,106.654,106.946,105.199,105.328
USDJPY,2020-08-31,105.438,106.096,105.292,105.997
USDJPY,2020-09-01,105.997,106.152,105.59,105.896
USDJPY,2020-09-02,105.896,106.302,105.852,106.209
USDJPY,2020-09-03,106.208,106.552,106.001,106.089
USDJPY,2020-09-04,106.089,106.504,106.061,106.222
USDJPY,2020-09-07,106.217,106.386,106.132,106.304
USDJPY,2020-09-08,106.301,106.382,105.829,105.97
USDJPY,2020-09-09,105.969,106.273,105.79,106.233
USDJPY,2020-09-10,106.235,106.302,105.981,106.147
USDJPY,2020-09-11,106.15,106.264,106.056,106.142
USDJPY,2020-09-14,106.069,106.164,105.548,105.728
USDJPY,2020-09-15,105.729,105.814,105.3,105.4
USDJPY,2020-09-16,105.4,105.402,104.8,105.062
USDJPY,2020-09-17,105.061,105.173,104.525,104.693
USDJPY,2020-09-18,104.694,104.87,104.272,104.564
USDJPY,2020-09-21,104.5,104.891,103.999,104.69
USDJPY,2020-09-22,104.692,105.076,104.405,105.056
USDJPY,2020-09-23,105.058,105.494,104.927,105.31
USDJPY,2020-09-24,105.31,105.531,105.205,105.439
USDJPY,2020-09-25,105.437,105.7,105.239,105.535
USDJPY,2020-09-28,105.448,105.691,105.262,105.443
USDJPY,2020-09-29,105.443,105.734,105.34,105.675
USDJPY,2020-09-30,105.677,105.803,105.401,105.449
USDJPY,2020-10-01,105.448,105.727,105.416,105.55
USDJPY,2020-10-02,105.548,105.665,104.942,105.29
USDJPY,2020-10-05,105.278,105.794,105.258,105.708
USDJPY,2020-10-06,105.708,105.745,105.469,105.642
USDJPY,2020-10-07,105.641,106.107,105.627,105.969
USDJPY,2020-10-08,105.969,106.106,105.923,106.027
USDJPY,2020-10-09,106.027,106.029,105.579,105.589
USDJPY,2020-10-12,105.716,105.798,105.241,105.338
USDJPY,2020-10-13,105.339,105.627,105.282,105.468
USDJPY,2020-10-14,105.468,105.514,105.036,105.14
USDJPY,2020-10-15,105.141,105.493,105.118,105.356
USDJPY,2020-10-16,105.357,105.441,105.19,105.361
USDJPY,2020-10-19,105.376,105.502,105.3,105.458
USDJPY,2020-10-20,105.458,105.747,105.42,105.477
USDJPY,2020-10-21,105.478,105.491,104.341,104.681
USDJPY,2020-10-22,104.681,104.936,104.476,104.904
USDJPY,2020-10-23,104.906,104.916,104.546,104.681
USDJPY,2020-10-26,104.673,105.054,104.65,104.831
USDJPY,2020-10-27,104.832,104.838,104.388,104.546
USDJPY,2020-10-28,104.545,104.551,104.113,104.317
USDJPY,2020-10-29,104.317,104.728,104.025,104.558
USDJPY,2020-10-30,104.558,104.742,104.124,104.623
USDJPY,2020-11-02,104.518,104.948,104.514,104.723
USDJPY,2020-11-03,104.723,104.82,104.432,104.543
USDJPY,2020-11-04,104.544,105.344,104.151,104.439
USDJPY,2020-11-05,104.438,104.474,103.442,103.607
USDJPY,2020-11-06,103.607,103.759,103.176,103.329
USDJPY,2020-11-09,103.322,105.647,103.19,105.138
USDJPY,2020-11-10,105.138,105.487,104.82,105.261
USDJPY,2020-11-11,105.259,105.676,105.004,105.415
USDJPY,2020-11-12,105.416,105.477,105.063,105.098
USDJPY,2020-11-13,105.1,105.149,104.562,104.592
USDJPY,2020-11-16,104.727,105.136,104.362,104.531
USDJPY,2020-11-17,104.53,104.566,104.069,104.174
USDJPY,2020-11-18,104.174,104.174,103.651,103.894
USDJPY,2020-11-19,103.895,104.216,103.717,103.81
USDJPY,2020-11-20,103.81,103.911,103.702,103.813
USDJPY,2020-11-23,103.763,104.636,103.68,104.53
USDJPY,2020-11-24,104.528,104.761,104.145,104.508
USDJPY,2020-11-25,104.509,104.597,104.255,104.401
USDJPY,2020-11-26,104.401,104.403,104.218,104.257
USDJPY,2020-11-27,104.259,104.27,103.906,104.025
USDJPY,2020-11-30,104.052,104.409,103.831,104.305
USDJPY,2020-12-01,104.304,104.578,104.182,104.298
USDJPY,2020-12-02,104.298,104.751,104.224,104.448
USDJPY,2020-12-03,104.445,104.534,103.67,103.833
USDJPY,2020-12-04,103.835,104.242,103.738,104.131
USDJPY,2020-12-07,104.065,104.312,103.922,104.006
USDJPY,2020-12-08,104.007,104.206,103.955,104.14
USDJPY,2020-12-09,104.139,104.405,104.051,104.285
USDJPY,2020-12-10,104.285,104.579,104.172,104.179
USDJPY,2020-12-11,104.178,104.178,103.822,103.996
USDJPY,2020-12-14,103.992,104.102,103.512,104.008
USDJPY,2020-12-15,104.008,104.152,103.607,103.647
USDJPY,2020-12-16,103.647,103.918,103.26,103.475
USDJPY,2020-12-17,103.475,103.561,102.873,103.148
USDJPY,2020-12-18,103.149,103.595,103.121,103.281
USDJPY,2020-12-21,103.498,103.89,103.251,103.338
USDJPY,2020-12-22,103.34,103.735,103.28,103.513
USDJPY,2020-12-23,103.515,103.652,103.355,103.533
USDJPY,2020-12-24,103.532,103.767,103.501,103.637
USDJPY,2020-12-25,103.631,103.651,103.423,103.423
USDJPY,2020-12-28,103.511,103.898,103.405,103.691
USDJPY,2020-12-29,103.692,103.804,103.463,103.552
USDJPY,2020-12-30,103.553,103.583,102.961,103.127
USDJPY,2020-12-31,103.127,103.316,102.996,103.259
USDJPY,2021-01-04,103.097,103.316,102.712,103.135
USDJPY,2021-01-05,103.135,103.19,102.604,102.685
USDJPY,2021-01-06,102.684,103.444,102.591,103.023
USDJPY,2021-01-07,103.021,103.957,102.951,103.801
USDJPY,2021-01-08,103.801,104.092,103.603,103.885
USDJPY,2021-01-11,103.882,104.397,103.881,104.14
USDJPY,2021-01-12,104.14,104.332,103.72,103.747
USDJPY,2021-01-13,103.749,103.997,103.525,103.826
USDJPY,2021-01-14,103.827,104.196,103.563,103.84
USDJPY,2021-01-15,103.838,103.912,103.616,103.75
USDJPY,2021-01-18,103.817,103.931,103.637,103.705
USDJPY,2021-01-19,103.705,104.085,103.652,103.899
USDJPY,2021-01-20,103.898,103.929,103.445,103.558
USDJPY,2021-01-21,103.557,103.668,103.327,103.51
USDJPY,2021-01-22,103.509,103.887,103.492,103.727
USDJPY,2021-01-25,103.781,103.936,103.672,103.761
USDJPY,2021-01-26,103.763,103.828,103.554,103.601
USDJPY,2021-01-27,103.599,104.2,103.586,104.142
USDJPY,2021-01-28,104.142,104.462,104.134,104.303
USDJPY,2021-01-29,104.301,104.94,104.285,104.638
USDJPY,2021-02-01,104.776,105.035,104.608,104.883
USDJPY,2021-02-02,104.883,105.173,104.828,105.031
USDJPY,2021-02-03,105.03,105.104,104.922,104.996
USDJPY,2021-02-04,104.996,105.644,104.975,105.575
USDJPY,2021-02-05,105.574,105.769,105.319,105.319
USDJPY,2021-02-08,105.316,105.671,105.15,105.214
USDJPY,2021-02-09,105.212,105.228,104.497,104.584
USDJPY,2021-02-10,104.583,104.842,104.408,104.618
USDJPY,2021-02-11,104.618,104.804,104.549,104.75
USDJPY,2021-02-12,104.751,105.181,104.737,104.909
USDJPY,2021-02-15,104.891,105.417,104.891,105.371
USDJPY,2021-02-16,105.372,106.224,105.179,106.117
USDJPY,2021-02-17,106.117,106.213,105.777,105.852
USDJPY,2021-02-18,105.854,105.924,105.598,105.654
USDJPY,2021-02-19,105.653,105.742,105.24,105.386
USDJPY,2021-02-22,105.383,105.845,104.924,105.007
USDJPY,2021-02-23,105.007,105.429,104.922,105.296
USDJPY,2021-02-24,105.296,106.104,105.268,105.955
USDJPY,2021-02-25,105.958,106.413,105.844,106.391
USDJPY,2021-02-26,106.39,106.692,105.848,106.509
USDJPY,2021-03-01,106.481,106.888,106.364,106.845
USDJPY,2021-03-02,106.844,106.957,106.673,106.759
USDJPY,2021-03-03,106.758,107.153,106.699,107.069
USDJPY,2021-03-04,107.069,108.012,106.965,107.949
USDJPY,2021-03-05,107.949,108.644,107.819,108.329
USDJPY,2021-03-08,108.313,108.952,108.308,108.926
USDJPY,2021-03-09,108.927,109.233,108.415,108.577
USDJPY,2021-03-10,108.576,108.919,108.337,108.45
USDJPY,2021-03-11,108.451,108.811,108.355,108.573
USDJPY,2021-03-12,108.572,109.165,108.516,108.999
USDJPY,2021-03-15,108.981,109.364,108.914,109.126
USDJPY,2021-03-16,109.125,109.287,108.771,109.03
USDJPY,2021-03-17,109.03,109.325,108.702,108.899
USDJPY,2021-03-18,108.899,109.303,108.624,108.932
USDJPY,2021-03-19,108.93,109.128,108.607,108.837
USDJPY,2021-03-22,108.616,108.955,108.582,108.778
USDJPY,2021-03-23,108.778,108.873,108.405,108.522
USDJPY,2021-03-24,108.518,108.956,108.45,108.79
USDJPY,2021-03-25,108.788,109.236,108.787,109.178
USDJPY,2021-03-26,109.177,109.847,109.129,109.613
USDJPY,2021-03-29,109.717,109.884,109.372,109.835
USDJPY,2021-03-30,109.837,110.426,109.786,110.305
USDJPY,2021-03-31,110.306,110.965,110.273,110.758
USDJPY,2021-04-01,110.758,110.847,110.545,110.612
USDJPY,2021-04-02,110.612,110.748,110.373,110.638
USDJPY,2021-04-05,110.613,110.75,109.959,110.194
USDJPY,2021-04-06,110.195,110.551,109.669,109.796
USDJPY,2021-04-07,109.796,109.941,109.578,109.856
USDJPY,2021-04-08,109.856,109.903,108.997,109.33
USDJPY,2021-04-09,109.332,109.96,109.213,109.65
USDJPY,2021-04-12,109.666,109.77,109.245,109.381
USDJPY,2021-04-13,109.381,109.751,108.887,108.924
USDJPY,2021-04-14,108.924,109.094,108.751,108.893
USDJPY,2021-04-15,108.893,108.957,108.611,108.69
USDJPY,2021-04-16,108.69,108.964,108.61,108.75
USDJPY,2021-04-19,108.768,108.834,108.008,108.108
USDJPY,2021-04-20,108.108,108.548,107.97,108.132
USDJPY,2021-04-21,108.132,108.28,107.874,108.042
USDJPY,2021-04-22,108.042,108.231,107.813,107.986
USDJPY,2021-04-23,107.986,108.146,107.476,107.864
USDJPY,2021-04-26,107.907,108.209,107.64,108.198
USDJPY,2021-04-27,108.199,108.777,108.099,108.75
USDJPY,2021-04-28,108.749,109.077,108.5,108.506
USDJPY,2021-04-29,108.505,109.223,108.435,108.906
USDJPY,2021-04-30,108.904,109.364,108.711,109.296
USDJPY,2021-05-03,109.283,109.696,108.895,109.087
USDJPY,2021-05-04,109.088,109.488,109.042,109.332
USDJPY,2021-05-05,109.331,109.48,109.143,109.22
USDJPY,2021-05-06,109.22,109.428,109.0,109.051
USDJPY,2021-05-07,109.05,109.287,108.337,108.565
USDJPY,2021-05-10,108.55,109.056,108.467,108.846
USDJPY,2021-05-11,108.848,108.982,108.349,108.716
USDJPY,2021-05-12,108.715,109.708,108.661,109.662
USDJPY,2021-05-13,109.664,109.784,109.405,109.517
USDJPY,2021-05-14,109.517,109.656,109.186,109.322
USDJPY,2021-05-17,109.26,109.501,109.073,109.24
USDJPY,2021-05-18,109.241,109.283,108.83,108.867
USDJPY,2021-05-19,108.868,109.335,108.571,109.262
USDJPY,2021-05-20,109.261,109.296,108.748,108.861
USDJPY,2021-05-21,108.862,109.004,108.609,108.929
USDJPY,2021-05-24,108.895,108.995,108.695,108.851
USDJPY,2021-05-25,108.847,109.07,108.559,108.791
USDJPY,2021-05-26,108.794,109.178,108.723,109.17
USDJPY,2021-05-27,109.171,109.923,109.036,109.809
USDJPY,2021-05-28,109.81,110.198,109.742,109.809
USDJPY,2021-05-31,109.798,109.935,109.351,109.492
USDJPY,2021-06-01,109.493,109.706,109.33,109.495
USDJPY,2021-06-02,109.495,109.884,109.481,109.596
USDJPY,2021-06-03,109.595,110.329,109.565,110.29
USDJPY,2021-06-04,110.291,110.328,109.363,109.476
USDJPY,2021-06-07,109.58,109.637,109.187,109.273
USDJPY,2021-06-08,109.272,109.558,109.198,109.47
USDJPY,2021-06-09,109.47,109.66,109.224,109.613
USDJPY,2021-06-10,109.614,109.794,109.305,109.393
USDJPY,2021-06-11,109.393,109.842,109.317,109.621
USDJPY,2021-06-14,109.601,110.098,109.601,110.042
USDJPY,2021-06-15,110.043,110.166,109.986,110.082
USDJPY,2021-06-16,110.081,110.8,109.803,110.77
USDJPY,2021-06-17,110.772,110.822,110.166,110.325
USDJPY,2021-06-18,110.324,110.482,109.941,110.137
USDJPY,2021-06-21,110.147,110.38,109.714,110.377
USDJPY,2021-06-22,110.378,110.791,110.211,110.653
USDJPY,2021-06-23,110.653,111.105,110.645,111.012
USDJPY,2021-06-24,111.013,111.114,110.689,110.919
USDJPY,2021-06-25,110.92,110.983,110.48,110.74
USDJPY,2021-06-28,110.729,110.976,110.496,110.605
USDJPY,2021-06-29,110.605,110.759,110.431,110.534
USDJPY,2021-06-30,110.535,111.137,110.419,111.13
USDJPY,2021-07-01,111.131,111.639,111.026,111.571
USDJPY,2021-07-02,111.571,111.657,110.95,111.01
USDJPY,2021-07-05,110.9,111.189,110.796,110.916
USDJPY,2021-07-06,110.917,110.929,110.521,110.601
USDJPY,2021-07-07,110.601,110.816,110.394,110.635
USDJPY,2021-07-08,110.634,110.648,109.533,109.801
USDJPY,2021-07-09,109.802,110.257,109.761,110.094
USDJPY,2021-07-12,110.115,110.403,109.976,110.328
USDJPY,2021-07-13,110.329,110.646,110.197,110.597
USDJPY,2021-07-14,110.597,110.698,109.927,109.996
USDJPY,2021-07-15,109.996,110.088,109.713,109.78
USDJPY,2021-07-16,109.777,110.341,109.731,110.066
USDJPY,2021-07-19,110.026,110.097,109.063,109.528
USDJPY,2021-07-20,109.528,109.956,109.328,109.919
USDJPY,2021-07-21,109.917,110.387,109.8,110.248
USDJPY,2021-07-22,110.248,110.357,110.013,110.141
USDJPY,2021-07-23,110.141,110.592,110.112,110.508
USDJPY,2021-07-26,110.466,110.583,110.116,110.306
USDJPY,2021-07-27,110.307,110.329,109.583,109.806
USDJPY,2021-07-28,109.807,110.288,109.743,109.891
USDJPY,2021-07-29,109.89,109.911,109.401,109.41
USDJPY,2021-07-30,109.41,109.826,109.36,109.672
USDJPY,2021-08-02,109.669,109.77,109.186,109.27
USDJPY,2021-08-03,109.271,109.333,108.875,108.991
USDJPY,2021-08-04,108.989,109.673,108.721,109.534
USDJPY,2021-08-05,109.534,109.789,109.403,109.751
USDJPY,2021-08-06,109.753,110.356,109.698,110.199
USDJPY,2021-08-09,110.296,110.352,110.026,110.321
USDJPY,2021-08-10,110.322,110.601,110.301,110.598
USDJPY,2021-08-11,110.598,110.801,110.307,110.376
USDJPY,2021-08-12,110.374,110.546,110.315,110.401
USDJPY,2021-08-13,110.402,110.458,109.544,109.562
USDJPY,2021-08-16,109.599,109.751,109.113,109.3
USDJPY,2021-08-17,109.299,109.654,109.116,109.538
USDJPY,2021-08-18,109.537,110.064,109.478,109.84
USDJPY,2021-08-19,109.84,110.228,109.483,109.769
USDJPY,2021-08-20,109.769,109.885,109.569,109.7
USDJPY,2021-08-23,109.73,110.146,109.649,109.676
USDJPY,2021-08-24,109.676,109.881,109.412,109.73
USDJPY,2021-08-25,109.727,110.124,109.684,109.978
USDJPY,2021-08-26,109.978,110.229,109.926,110.048
USDJPY,2021-08-27,110.048,110.267,109.762,109.762
USDJPY,2021-08-30,109.848,109.982,109.702,109.945
USDJPY,2021-08-31,109.946,110.079,109.585,110.056
USDJPY,2021-09-01,110.056,110.419,109.88,110.093
USDJPY,2021-09-02,110.092,110.122,109.913,109.946
USDJPY,2021-09-03,109.946,110.072,109.59,109.677
USDJPY,2021-09-06,109.689,109.946,109.655,109.824
USDJPY,2021-09-07,109.823,110.323,109.685,110.297
USDJPY,2021-09-08,110.297,110.446,110.141,110.22
USDJPY,2021-09-09,110.22,110.272,109.62,109.772
USDJPY,2021-09-10,109.771,109.991,109.695,109.892
USDJPY,2021-09-13,109.873,110.158,109.8,109.995
USDJPY,2021-09-14,109.995,110.161,109.526,109.715
USDJPY,2021-09-15,109.714,109.743,109.112,109.383
USDJPY,2021-09-16,109.382,109.827,109.212,109.697
USDJPY,2021-09-17,109.697,110.08,109.667,109.896
USDJPY,2021-09-20,109.887,110.036,109.321,109.436
USDJPY,2021-09-21,109.435,109.705,109.133,109.152
USDJPY,2021-09-22,109.152,109.9,109.119,109.823
USDJPY,2021-09-23,109.822,110.348,109.755,110.328
USDJPY,2021-09-24,110.328,110.794,110.311,110.686
USDJPY,2021-09-27,110.626,111.064,110.533,110.963
USDJPY,2021-09-28,110.963,111.638,110.934,111.528
USDJPY,2021-09-29,111.526,112.048,111.204,111.936
USDJPY,2021-09-30,111.936,112.078,111.238,111.464
USDJPY,2021-10-01,111.463,111.487,110.905,110.997
USDJPY,2021-10-04,110.893,111.301,110.821,110.969
USDJPY,2021-10-05,110.968,111.562,110.869,111.486
USDJPY,2021-10-06,111.485,111.787,111.199,111.406
USDJPY,2021-10-07,111.404,111.675,111.228,111.661
USDJPY,2021-10-08,111.661,112.252,111.51,112.215
USDJPY,2021-10-11,112.098,113.413,112.098,113.39
USDJPY,2021-10-12,113.387,113.786,113.0,113.537
USDJPY,2021-10-13,113.537,113.804,113.21,113.307
USDJPY,2021-10-14,113.307,113.886,113.276,113.832
USDJPY,2021-10-15,113.831,114.462,113.81,114.228
USDJPY,2021-10-18,114.213,114.451,114.014,114.288
USDJPY,2021-10-19,114.286,114.58,113.878,114.545
USDJPY,2021-10-20,114.544,114.7,114.079,114.387
USDJPY,2021-10-21,114.386,114.407,113.648,113.849
USDJPY,2021-10-22,113.846,114.206,113.413,113.486
USDJPY,2021-10-25,113.551,113.922,113.46,113.763
USDJPY,2021-10-26,113.763,114.312,113.718,114.183
USDJPY,2021-10-27,114.183,114.22,113.387,113.771
USDJPY,2021-10-28,113.77,113.866,113.255,113.614
USDJPY,2021-10-29,113.617,114.095,113.392,113.965
USDJPY,2021-11-01,114.048,114.442,113.938,114.09
USDJPY,2021-11-02,114.089,114.132,113.461,113.965
USDJPY,2021-11-03,113.964,114.217,113.72,114.068
USDJPY,2021-11-04,114.068,114.277,113.506,113.834
USDJPY,2021-11-05,113.833,114.029,113.299,113.317
USDJPY,2021-11-08,113.347,113.665,113.079,113.255
USDJPY,2021-11-09,113.254,113.26,112.723,112.913
USDJPY,2021-11-10,112.914,114.015,112.774,113.906
USDJPY,2021-11-11,113.905,114.155,113.805,114.044
USDJPY,2021-11-12,114.042,114.3,113.76,113.846
USDJPY,2021-11-15,113.919,114.214,113.751,114.131
USDJPY,2021-11-16,114.129,114.969,114.101,114.904
USDJPY,2021-11-17,114.903,114.947,113.931,114.189
USDJPY,2021-11-18,114.19,114.485,113.876,114.284
USDJPY,2021-11-19,114.282,114.538,113.585,113.948
USDJPY,2021-11-22,113.924,114.96,113.924,114.789
USDJPY,2021-11-23,114.788,115.218,114.481,115.142
USDJPY,2021-11-24,115.141,115.522,114.825,115.408
USDJPY,2021-11-25,115.407,115.446,115.029,115.074
USDJPY,2021-11-26,115.074,115.113,113.052,113.254
USDJPY,2021-11-29,113.676,113.955,112.988,113.804
USDJPY,2021-11-30,113.804,113.89,112.53,113.3
USDJPY,2021-12-01,113.3,113.626,112.621,112.882
USDJPY,2021-12-02,112.879,113.33,112.705,113.022
USDJPY,2021-12-03,113.021,113.611,112.558,112.711
USDJPY,2021-12-06,112.841,113.553,112.824,113.466
USDJPY,2021-12-07,113.468,113.778,113.398,113.527
USDJPY,2021-12-08,113.527,113.954,113.31,113.682
USDJPY,2021-12-09,113.684,113.81,113.271,113.438
USDJPY,2021-12-10,113.439,113.791,113.22,113.374
USDJPY,2021-12-13,113.267,113.724,113.247,113.577
USDJPY,2021-12-14,113.578,113.757,113.427,113.738
USDJPY,2021-12-15,113.739,114.272,113.627,114.143
USDJPY,2021-12-16,114.142,114.247,113.559,113.664
USDJPY,2021-12-17,113.664,113.857,113.138,113.672
USDJPY,2021-12-20,113.56,113.731,113.325,113.664
USDJPY,2021-12-21,113.664,114.219,113.552,113.991
USDJPY,2021-12-22,113.993,114.369,113.993,114.126
USDJPY,2021-12-23,114.126,114.474,114.105,114.461
USDJPY,2021-12-24,114.461,114.512,114.274,114.274
USDJPY,2021-12-27,114.32,114.914,114.308,114.791
USDJPY,2021-12-28,114.791,114.949,114.704,114.768
USDJPY,2021-12-29,114.767,115.037,114.666,114.947
USDJPY,2021-12-30,114.949,115.206,114.944,115.065
USDJPY,2021-12-31,115.063,115.196,115.004,115.091
