paire,date,sens,mlq,decale,dix_paires,objectif,r
AUDJPY,2023-12-18,achat,False,False,True,1,0.9532
AUDJPY,2023-12-18,achat,False,False,True,2,1.9532
AUDJPY,2023-12-18,achat,False,False,True,3,2.9532
AUDJPY,2023-12-22,achat,False,True,True,1,-1.0344
AUDJPY,2023-12-22,achat,False,True,True,2,-1.0344
AUDJPY,2023-12-22,achat,False,True,True,3,-1.0344
AUDJPY,2024-01-10,achat,False,False,True,1,-0.6359
AUDJPY,2024-01-10,achat,False,False,True,2,-0.6359
AUDJPY,2024-01-10,achat,False,False,True,3,-0.6359
AUDJPY,2024-01-22,vente,False,False,True,1,0.181
AUDJPY,2024-01-22,vente,False,False,True,2,0.181
AUDJPY,2024-01-22,vente,False,False,True,3,0.181
AUDJPY,2024-01-24,vente,True,False,True,1,-1.0307
AUDJPY,2024-01-24,vente,True,False,True,2,-1.0307
AUDJPY,2024-01-24,vente,True,False,True,3,-1.0307
AUDJPY,2024-01-30,vente,True,False,True,1,0.9578
AUDJPY,2024-01-30,vente,True,False,True,2,1.9578
AUDJPY,2024-01-30,vente,True,False,True,3,2.9578
AUDJPY,2024-02-02,achat,False,True,True,1,-1.046
AUDJPY,2024-02-02,achat,False,True,True,2,-1.046
AUDJPY,2024-02-02,achat,False,True,True,3,-1.046
AUDJPY,2024-02-13,vente,True,False,True,1,-1.0481
AUDJPY,2024-02-13,vente,True,False,True,2,-1.0481
AUDJPY,2024-02-13,vente,True,False,True,3,-1.0481
AUDJPY,2024-02-14,achat,False,False,True,1,0.3255
AUDJPY,2024-02-14,achat,False,False,True,2,0.3255
AUDJPY,2024-02-14,achat,False,False,True,3,0.3255
AUDJPY,2024-02-16,achat,True,False,True,1,0.9596
AUDJPY,2024-02-16,achat,True,False,True,2,0.9034
AUDJPY,2024-02-16,achat,True,False,True,3,0.9034
AUDJPY,2024-02-20,achat,False,False,True,1,0.9326
AUDJPY,2024-02-20,achat,False,False,True,2,1.9326
AUDJPY,2024-02-20,achat,False,False,True,3,1.618
AUDJPY,2024-02-26,vente,False,True,True,1,0.949
AUDJPY,2024-02-26,vente,False,True,True,2,1.949
AUDJPY,2024-02-26,vente,False,True,True,3,2.949
AUDJPY,2024-02-28,vente,False,True,True,1,-0.1294
AUDJPY,2024-02-28,vente,False,True,True,2,-0.1294
AUDJPY,2024-02-28,vente,False,True,True,3,-0.1294
AUDJPY,2024-03-01,achat,True,False,True,1,-1.0451
AUDJPY,2024-03-01,achat,True,False,True,2,-1.0451
AUDJPY,2024-03-01,achat,True,False,True,3,-1.0451
AUDJPY,2024-03-06,achat,True,False,True,1,-1.0277
AUDJPY,2024-03-06,achat,True,False,True,2,-1.0277
AUDJPY,2024-03-06,achat,True,False,True,3,-1.0277
AUDJPY,2024-03-12,achat,False,False,True,1,0.4139
AUDJPY,2024-03-12,achat,False,False,True,2,0.4139
AUDJPY,2024-03-12,achat,False,False,True,3,0.4139
AUDJPY,2024-03-22,vente,False,False,True,1,-0.0009
AUDJPY,2024-03-22,vente,False,False,True,2,-0.0009
AUDJPY,2024-03-22,vente,False,False,True,3,-0.0009
AUDJPY,2024-03-27,vente,False,False,True,1,0.9591
AUDJPY,2024-03-27,vente,False,False,True,2,0.65
AUDJPY,2024-03-27,vente,False,False,True,3,0.65
AUDJPY,2024-04-10,vente,False,False,True,1,0.1504
AUDJPY,2024-04-10,vente,False,False,True,2,0.1504
AUDJPY,2024-04-10,vente,False,False,True,3,0.1504
AUDJPY,2024-04-12,vente,True,False,True,1,-0.2619
AUDJPY,2024-04-12,vente,True,False,True,2,-0.2619
AUDJPY,2024-04-12,vente,True,False,True,3,-0.2619
AUDJPY,2024-04-16,vente,False,False,True,1,0.9067
AUDJPY,2024-04-16,vente,False,False,True,2,-1.0933
AUDJPY,2024-04-16,vente,False,False,True,3,-1.0933
AUDJPY,2024-04-17,achat,False,True,True,1,-1.0453
AUDJPY,2024-04-17,achat,False,True,True,2,-1.0453
AUDJPY,2024-04-17,achat,False,True,True,3,-1.0453
AUDJPY,2024-04-22,achat,False,False,True,1,0.9674
AUDJPY,2024-04-22,achat,False,False,True,2,1.9674
AUDJPY,2024-04-22,achat,False,False,True,3,2.9674
AUDJPY,2024-05-08,achat,False,False,True,1,0.9548
AUDJPY,2024-05-08,achat,False,False,True,2,1.9548
AUDJPY,2024-05-08,achat,False,False,True,3,2.6834
AUDJPY,2024-05-16,achat,False,False,True,1,0.2965
AUDJPY,2024-05-16,achat,False,False,True,2,0.2965
AUDJPY,2024-05-16,achat,False,False,True,3,0.2965
AUDJPY,2024-05-24,achat,False,True,True,1,0.9681
AUDJPY,2024-05-24,achat,False,True,True,2,0.3292
AUDJPY,2024-05-24,achat,False,True,True,3,0.3292
AUDJPY,2024-05-29,vente,True,False,True,1,0.9715
AUDJPY,2024-05-29,vente,True,False,True,2,-0.2868
AUDJPY,2024-05-29,vente,True,False,True,3,-0.2868
AUDJPY,2024-05-31,achat,False,True,True,1,-1.0209
AUDJPY,2024-05-31,achat,False,True,True,2,-1.0209
AUDJPY,2024-05-31,achat,False,True,True,3,-1.0209
AUDJPY,2024-06-07,vente,False,True,True,1,-1.0228
AUDJPY,2024-06-07,vente,False,True,True,2,-1.0228
AUDJPY,2024-06-07,vente,False,True,True,3,-1.0228
AUDJPY,2024-06-17,achat,False,True,True,1,0.9772
AUDJPY,2024-06-17,achat,False,True,True,2,1.8786
AUDJPY,2024-06-17,achat,False,True,True,3,1.8786
AUDJPY,2024-06-26,achat,False,False,True,1,0.9772
AUDJPY,2024-06-26,achat,False,False,True,2,0.9024
AUDJPY,2024-06-26,achat,False,False,True,3,0.9024
AUDJPY,2024-07-11,vente,False,False,True,1,0.2306
AUDJPY,2024-07-11,vente,False,False,True,2,0.2306
AUDJPY,2024-07-11,vente,False,False,True,3,0.2306
AUDJPY,2024-07-29,vente,False,True,True,1,-1.0381
AUDJPY,2024-07-29,vente,False,True,True,2,-1.0381
AUDJPY,2024-07-29,vente,False,True,True,3,-1.0381
AUDJPY,2024-08-06,vente,False,False,True,1,-1.0145
AUDJPY,2024-08-06,vente,False,False,True,2,-1.0145
AUDJPY,2024-08-06,vente,False,False,True,3,-1.0145
AUDJPY,2024-08-07,achat,False,False,True,1,0.9848
AUDJPY,2024-08-07,achat,False,False,True,2,1.9848
AUDJPY,2024-08-07,achat,False,False,True,3,1.218
AUDJPY,2024-08-15,achat,False,False,True,1,-0.3335
AUDJPY,2024-08-15,achat,False,False,True,2,-0.3335
AUDJPY,2024-08-15,achat,False,False,True,3,-0.3335
AUDJPY,2024-08-20,vente,False,False,True,1,-0.0787
AUDJPY,2024-08-20,vente,False,False,True,2,-0.0787
AUDJPY,2024-08-20,vente,False,False,True,3,-0.0787
AUDJPY,2024-08-22,achat,True,False,True,1,-1.0371
AUDJPY,2024-08-22,achat,True,False,True,2,-1.0371
AUDJPY,2024-08-22,achat,True,False,True,3,-1.0371
AUDJPY,2024-08-28,achat,True,False,True,1,0.9416
AUDJPY,2024-08-28,achat,True,False,True,2,1.9416
AUDJPY,2024-08-28,achat,True,False,True,3,2.9416
AUDJPY,2024-09-03,vente,True,False,True,1,0.9921
AUDJPY,2024-09-03,vente,True,False,True,2,1.1694
AUDJPY,2024-09-03,vente,True,False,True,3,1.1694
AUDJPY,2024-09-06,vente,False,False,True,1,-0.1544
AUDJPY,2024-09-06,vente,False,False,True,2,-0.1544
AUDJPY,2024-09-06,vente,False,False,True,3,-0.1544
AUDJPY,2024-09-10,vente,False,False,True,1,0.1955
AUDJPY,2024-09-10,vente,False,False,True,2,0.1955
AUDJPY,2024-09-10,vente,False,False,True,3,0.1955
AUDJPY,2024-09-26,achat,False,True,True,1,-1.0129
AUDJPY,2024-09-26,achat,False,True,True,2,-1.0129
AUDJPY,2024-09-26,achat,False,True,True,3,-1.0129
AUDJPY,2024-09-27,vente,False,False,True,1,-1.0069
AUDJPY,2024-09-27,vente,False,False,True,2,-1.0069
AUDJPY,2024-09-27,vente,False,False,True,3,-1.0069
AUDJPY,2024-10-02,achat,False,True,True,1,-0.3894
AUDJPY,2024-10-02,achat,False,True,True,2,-0.3894
AUDJPY,2024-10-02,achat,False,True,True,3,-0.3894
AUDJPY,2024-10-04,achat,True,False,True,1,-1.015
AUDJPY,2024-10-04,achat,True,False,True,2,-1.015
AUDJPY,2024-10-04,achat,True,False,True,3,-1.015
AUDJPY,2024-10-07,vente,False,True,True,1,-0.1681
AUDJPY,2024-10-07,vente,False,True,True,2,-0.1681
AUDJPY,2024-10-07,vente,False,True,True,3,-0.1681
AUDJPY,2024-10-09,achat,False,False,True,1,0.9639
AUDJPY,2024-10-09,achat,False,False,True,2,0.978
AUDJPY,2024-10-09,achat,False,False,True,3,0.978
AUDJPY,2024-10-15,vente,False,False,True,1,-1.0146
AUDJPY,2024-10-15,vente,False,False,True,2,-1.0146
AUDJPY,2024-10-15,vente,False,False,True,3,-1.0146
AUDJPY,2024-10-22,achat,True,False,True,1,-0.5123
AUDJPY,2024-10-22,achat,True,False,True,2,-0.5123
AUDJPY,2024-10-22,achat,True,False,True,3,-0.5123
AUDJPY,2024-10-24,vente,False,True,True,1,-1.0242
AUDJPY,2024-10-24,vente,False,True,True,2,-1.0242
AUDJPY,2024-10-24,vente,False,True,True,3,-1.0242
AUDJPY,2024-10-31,vente,False,False,True,1,-0.6368
AUDJPY,2024-10-31,vente,False,False,True,2,-0.6368
AUDJPY,2024-10-31,vente,False,False,True,3,-0.6368
AUDJPY,2024-11-05,achat,True,False,True,1,0.9623
AUDJPY,2024-11-05,achat,True,False,True,2,1.9623
AUDJPY,2024-11-05,achat,True,False,True,3,2.9623
AUDJPY,2024-11-08,vente,True,False,True,1,-0.2506
AUDJPY,2024-11-08,vente,True,False,True,2,-0.2506
AUDJPY,2024-11-08,vente,True,False,True,3,-0.2506
AUDJPY,2024-11-14,achat,False,False,True,1,-1.0503
AUDJPY,2024-11-14,achat,False,False,True,2,-1.0503
AUDJPY,2024-11-14,achat,False,False,True,3,-1.0503
AUDJPY,2024-11-15,vente,False,True,True,1,-1.0121
AUDJPY,2024-11-15,vente,False,True,True,2,-1.0121
AUDJPY,2024-11-15,vente,False,True,True,3,-1.0121
AUDJPY,2024-11-25,vente,False,False,True,1,0.9845
AUDJPY,2024-11-25,vente,False,False,True,2,1.2287
AUDJPY,2024-11-25,vente,False,False,True,3,1.2287
AUDJPY,2024-11-29,vente,False,False,True,1,0.9794
AUDJPY,2024-11-29,vente,False,False,True,2,0.7851
AUDJPY,2024-11-29,vente,False,False,True,3,0.7851
AUDJPY,2024-12-06,vente,False,False,True,1,-1.0171
AUDJPY,2024-12-06,vente,False,False,True,2,-1.0171
AUDJPY,2024-12-06,vente,False,False,True,3,-1.0171
AUDJPY,2024-12-09,achat,False,False,True,1,-0.1471
AUDJPY,2024-12-09,achat,False,False,True,2,-0.1471
AUDJPY,2024-12-09,achat,False,False,True,3,-0.1471
AUDJPY,2024-12-17,vente,False,False,True,1,0.9822
AUDJPY,2024-12-17,vente,False,False,True,2,-1.0178
AUDJPY,2024-12-17,vente,False,False,True,3,-1.0178
AUDJPY,2024-12-19,achat,False,False,True,1,-0.0875
AUDJPY,2024-12-19,achat,False,False,True,2,-0.0875
AUDJPY,2024-12-19,achat,False,False,True,3,-0.0875
AUDJPY,2025-01-03,achat,True,False,True,1,0.9362
AUDJPY,2025-01-03,achat,True,False,True,2,1.9362
AUDJPY,2025-01-03,achat,True,False,True,3,2.9362
AUDJPY,2025-01-08,vente,False,True,True,1,0.9591
AUDJPY,2025-01-08,vente,False,True,True,2,1.9591
AUDJPY,2025-01-08,vente,False,True,True,3,2.9591
AUDJPY,2025-01-24,achat,False,False,True,1,-1.0316
AUDJPY,2025-01-24,achat,False,False,True,2,-1.0316
AUDJPY,2025-01-24,achat,False,False,True,3,-1.0316
AUDJPY,2025-01-27,vente,False,False,True,1,0.9861
AUDJPY,2025-01-27,vente,False,False,True,2,0.935
AUDJPY,2025-01-27,vente,False,False,True,3,0.935
AUDJPY,2025-01-29,vente,True,False,True,1,0.9667
AUDJPY,2025-01-29,vente,True,False,True,2,1.9667
AUDJPY,2025-01-29,vente,True,False,True,3,2.9667
AUDJPY,2025-02-10,achat,True,False,True,1,0.9178
AUDJPY,2025-02-10,achat,True,False,True,2,1.9178
AUDJPY,2025-02-10,achat,True,False,True,3,2.9178
AUDJPY,2025-02-17,vente,False,False,True,1,-1.034
AUDJPY,2025-02-17,vente,False,False,True,2,-1.034
AUDJPY,2025-02-17,vente,False,False,True,3,-1.034
AUDJPY,2025-02-19,vente,False,False,True,1,0.9801
AUDJPY,2025-02-19,vente,False,False,True,2,0.9768
AUDJPY,2025-02-19,vente,False,False,True,3,0.9768
AUDJPY,2025-03-04,achat,False,False,True,1,-0.2587
AUDJPY,2025-03-04,achat,False,False,True,2,-0.2587
AUDJPY,2025-03-04,achat,False,False,True,3,-0.2587
AUDJPY,2025-03-06,vente,False,False,True,1,0.9813
AUDJPY,2025-03-06,vente,False,False,True,2,1.9813
AUDJPY,2025-03-06,vente,False,False,True,3,0.567
AUDJPY,2025-03-11,achat,False,False,True,1,0.5339
AUDJPY,2025-03-11,achat,False,False,True,2,0.5339
AUDJPY,2025-03-11,achat,False,False,True,3,0.5339
AUDJPY,2025-03-13,vente,False,True,True,1,-1.0185
AUDJPY,2025-03-13,vente,False,True,True,2,-1.0185
AUDJPY,2025-03-13,vente,False,True,True,3,-1.0185
AUDJPY,2025-03-14,achat,False,False,True,1,0.9835
AUDJPY,2025-03-14,achat,False,False,True,2,0.4395
AUDJPY,2025-03-14,achat,False,False,True,3,0.4395
AUDJPY,2025-03-24,achat,False,True,True,1,0.2635
AUDJPY,2025-03-24,achat,False,True,True,2,0.2635
AUDJPY,2025-03-24,achat,False,True,True,3,0.2635
AUDJPY,2025-03-28,vente,True,False,True,1,0.9817
AUDJPY,2025-03-28,vente,True,False,True,2,-1.0183
AUDJPY,2025-03-28,vente,True,False,True,3,-1.0183
AUDJPY,2025-04-01,achat,False,False,True,1,0.9826
AUDJPY,2025-04-01,achat,False,False,True,2,-1.0174
AUDJPY,2025-04-01,achat,False,False,True,3,-1.0174
AUDJPY,2025-04-02,vente,False,False,True,1,0.9933
AUDJPY,2025-04-02,vente,False,False,True,2,1.9933
AUDJPY,2025-04-02,vente,False,False,True,3,1.4794
AUDJPY,2025-04-08,vente,False,False,True,1,-1.0062
AUDJPY,2025-04-08,vente,False,False,True,2,-1.0062
AUDJPY,2025-04-08,vente,False,False,True,3,-1.0062
AUDJPY,2025-04-09,achat,False,True,True,1,0.0144
AUDJPY,2025-04-09,achat,False,True,True,2,0.0144
AUDJPY,2025-04-09,achat,False,True,True,3,0.0144
AUDJPY,2025-04-15,achat,False,False,True,1,-1.0723
AUDJPY,2025-04-15,achat,False,False,True,2,-1.0723
AUDJPY,2025-04-15,achat,False,False,True,3,-1.0723
AUDJPY,2025-04-16,vente,False,True,True,1,-0.1197
AUDJPY,2025-04-16,vente,False,True,True,2,-0.1197
AUDJPY,2025-04-16,vente,False,True,True,3,-0.1197
AUDJPY,2025-04-17,achat,False,False,True,1,-1.0282
AUDJPY,2025-04-17,achat,False,False,True,2,-1.0282
AUDJPY,2025-04-17,achat,False,False,True,3,-1.0282
AUDJPY,2025-04-22,achat,False,False,True,1,0.6874
AUDJPY,2025-04-22,achat,False,False,True,2,0.6874
AUDJPY,2025-04-22,achat,False,False,True,3,0.6874
AUDJPY,2025-04-30,achat,False,False,True,1,0.9826
AUDJPY,2025-04-30,achat,False,False,True,2,1.1013
AUDJPY,2025-04-30,achat,False,False,True,3,1.1013
AUDJPY,2025-05-07,vente,False,False,True,1,-1.031
AUDJPY,2025-05-07,vente,False,False,True,2,-1.031
AUDJPY,2025-05-07,vente,False,False,True,3,-1.031
AUDJPY,2025-05-08,achat,True,False,True,1,0.9802
AUDJPY,2025-05-08,achat,True,False,True,2,1.9802
AUDJPY,2025-05-08,achat,True,False,True,3,2.3679
AUDJPY,2025-05-12,achat,False,True,True,1,0.9817
AUDJPY,2025-05-12,achat,False,True,True,2,-1.0183
AUDJPY,2025-05-12,achat,False,True,True,3,-1.0183
AUDJPY,2025-05-14,vente,False,False,True,1,0.9866
AUDJPY,2025-05-14,vente,False,False,True,2,0.4855
AUDJPY,2025-05-14,vente,False,False,True,3,0.4855
AUDJPY,2025-05-20,vente,False,True,True,1,0.1061
AUDJPY,2025-05-20,vente,False,True,True,2,0.1061
AUDJPY,2025-05-20,vente,False,True,True,3,0.1061
AUDJPY,2025-05-23,achat,False,False,True,1,0.9813
AUDJPY,2025-05-23,achat,False,False,True,2,1.0198
AUDJPY,2025-05-23,achat,False,False,True,3,1.0198
AUDJPY,2025-05-26,vente,False,False,True,1,-1.0226
AUDJPY,2025-05-26,vente,False,False,True,2,-1.0226
AUDJPY,2025-05-26,vente,False,False,True,3,-1.0226
AUDJPY,2025-05-27,achat,False,False,True,1,0.9781
AUDJPY,2025-05-27,achat,False,False,True,2,-1.0219
AUDJPY,2025-05-27,achat,False,False,True,3,-1.0219
AUDJPY,2025-05-29,vente,False,True,True,1,-0.2835
AUDJPY,2025-05-29,vente,False,True,True,2,-0.2835
AUDJPY,2025-05-29,vente,False,True,True,3,-0.2835
AUDJPY,2025-06-02,vente,False,False,True,1,0.943
AUDJPY,2025-06-02,vente,False,False,True,2,-1.057
AUDJPY,2025-06-02,vente,False,False,True,3,-1.057
AUDJPY,2025-06-03,achat,False,False,True,1,0.9807
AUDJPY,2025-06-03,achat,False,False,True,2,1.122
AUDJPY,2025-06-03,achat,False,False,True,3,1.122
AUDJPY,2025-06-05,achat,True,False,True,1,0.9792
AUDJPY,2025-06-05,achat,True,False,True,2,1.2786
AUDJPY,2025-06-05,achat,True,False,True,3,1.2786
AUDJPY,2025-06-11,vente,False,False,True,1,0.9799
AUDJPY,2025-06-11,vente,False,False,True,2,-0.4402
AUDJPY,2025-06-11,vente,False,False,True,3,-0.4402
AUDJPY,2025-06-18,achat,False,True,True,1,-1.046
AUDJPY,2025-06-18,achat,False,True,True,2,-1.046
AUDJPY,2025-06-18,achat,False,True,True,3,-1.046
AUDJPY,2025-06-19,vente,False,False,True,1,-1.1029
AUDJPY,2025-06-19,vente,False,False,True,2,-1.1029
AUDJPY,2025-06-19,vente,False,False,True,3,-1.1029
AUDJPY,2025-06-24,vente,False,False,True,1,-1.0409
AUDJPY,2025-06-24,vente,False,False,True,2,-1.0409
AUDJPY,2025-06-24,vente,False,False,True,3,-1.0409
AUDJPY,2025-06-27,vente,True,False,True,1,0.9565
AUDJPY,2025-06-27,vente,True,False,True,2,-1.0435
AUDJPY,2025-06-27,vente,True,False,True,3,-1.0435
AUDJPY,2025-07-01,vente,False,False,True,1,-1.0621
AUDJPY,2025-07-01,vente,False,False,True,2,-1.0621
AUDJPY,2025-07-01,vente,False,False,True,3,-1.0621
AUDJPY,2025-07-10,achat,False,False,True,1,0.486
AUDJPY,2025-07-10,achat,False,False,True,2,0.486
AUDJPY,2025-07-10,achat,False,False,True,3,0.486
AUDJPY,2025-07-15,achat,False,False,True,1,-1.039
AUDJPY,2025-07-15,achat,False,False,True,2,-1.039
AUDJPY,2025-07-15,achat,False,False,True,3,-1.039
AUDJPY,2025-07-16,vente,True,False,True,1,0.3724
AUDJPY,2025-07-16,vente,True,False,True,2,0.3724
AUDJPY,2025-07-16,vente,True,False,True,3,0.3724
AUDJPY,2025-07-18,achat,False,True,True,1,-1.0361
AUDJPY,2025-07-18,achat,False,True,True,2,-1.0361
AUDJPY,2025-07-18,achat,False,True,True,3,-1.0361
AUDJPY,2025-07-21,vente,False,False,True,1,0.9631
AUDJPY,2025-07-21,vente,False,False,True,2,-1.0369
AUDJPY,2025-07-21,vente,False,False,True,3,-1.0369
AUDJPY,2025-07-23,achat,False,False,True,1,0.2346
AUDJPY,2025-07-23,achat,False,False,True,2,0.2346
AUDJPY,2025-07-23,achat,False,False,True,3,0.2346
AUDJPY,2025-07-28,vente,True,False,True,1,0.9635
AUDJPY,2025-07-28,vente,True,False,True,2,-0.2718
AUDJPY,2025-07-28,vente,True,False,True,3,-0.2718
AUDJPY,2025-07-31,achat,False,False,True,1,-1.0165
AUDJPY,2025-07-31,achat,False,False,True,2,-1.0165
AUDJPY,2025-07-31,achat,False,False,True,3,-1.0165
AUDJPY,2025-08-01,vente,False,False,True,1,-0.1664
AUDJPY,2025-08-01,vente,False,False,True,2,-0.1664
AUDJPY,2025-08-01,vente,False,False,True,3,-0.1664
AUDJPY,2025-08-05,achat,True,False,True,1,0.966
AUDJPY,2025-08-05,achat,True,False,True,2,1.7543
AUDJPY,2025-08-05,achat,True,False,True,3,1.7543
AUDJPY,2025-08-18,achat,False,False,True,1,-1.0735
AUDJPY,2025-08-18,achat,False,False,True,2,-1.0735
AUDJPY,2025-08-18,achat,False,False,True,3,-1.0735
AUDJPY,2025-08-19,vente,False,True,True,1,0.9769
AUDJPY,2025-08-19,vente,False,True,True,2,-0.0513
AUDJPY,2025-08-19,vente,False,True,True,3,-0.0513
AUDJPY,2025-08-21,achat,False,False,True,1,0.5327
AUDJPY,2025-08-21,achat,False,False,True,2,0.5327
AUDJPY,2025-08-21,achat,False,False,True,3,0.5327
AUDJPY,2025-08-27,achat,False,False,True,1,0.949
AUDJPY,2025-08-27,achat,False,False,True,2,1.3371
AUDJPY,2025-08-27,achat,False,False,True,3,1.3371
AUDJPY,2025-08-29,achat,False,False,True,1,0.9432
AUDJPY,2025-08-29,achat,False,False,True,2,1.9432
AUDJPY,2025-08-29,achat,False,False,True,3,2.9432
AUDJPY,2025-09-09,vente,True,False,True,1,-1.0634
AUDJPY,2025-09-09,vente,True,False,True,2,-1.0634
AUDJPY,2025-09-09,vente,True,False,True,3,-1.0634
AUDJPY,2025-09-10,achat,False,False,True,1,0.9641
AUDJPY,2025-09-10,achat,False,False,True,2,1.5649
AUDJPY,2025-09-10,achat,False,False,True,3,1.5649
AUDJPY,2025-09-16,vente,False,False,True,1,0.9609
AUDJPY,2025-09-16,vente,False,False,True,2,0.7609
AUDJPY,2025-09-16,vente,False,False,True,3,0.7609
AUDJPY,2025-09-19,vente,False,False,True,1,-1.0416
AUDJPY,2025-09-19,vente,False,False,True,2,-1.0416
AUDJPY,2025-09-19,vente,False,False,True,3,-1.0416
AUDJPY,2025-09-24,achat,True,False,True,1,-0.3379
AUDJPY,2025-09-24,achat,True,False,True,2,-0.3379
AUDJPY,2025-09-24,achat,True,False,True,3,-0.3379
AUDJPY,2025-10-01,vente,False,False,True,1,-1.0284
AUDJPY,2025-10-01,vente,False,False,True,2,-1.0284
AUDJPY,2025-10-01,vente,False,False,True,3,-1.0284
AUDJPY,2025-10-03,achat,False,False,True,1,0.9408
AUDJPY,2025-10-03,achat,False,False,True,2,1.9408
AUDJPY,2025-10-03,achat,False,False,True,3,2.9408
AUDJPY,2025-10-14,vente,False,False,True,1,0.9827
AUDJPY,2025-10-14,vente,False,False,True,2,1.9827
AUDJPY,2025-10-14,vente,False,False,True,3,0.5707
AUDJPY,2025-10-28,vente,False,False,True,1,-1.0442
AUDJPY,2025-10-28,vente,False,False,True,2,-1.0442
AUDJPY,2025-10-28,vente,False,False,True,3,-1.0442
AUDJPY,2025-10-29,achat,False,False,True,1,0.9753
AUDJPY,2025-10-29,achat,False,False,True,2,0.4938
AUDJPY,2025-10-29,achat,False,False,True,3,0.4938
AUDJPY,2025-11-06,vente,False,False,True,1,-1.0155
AUDJPY,2025-11-06,vente,False,False,True,2,-1.0155
AUDJPY,2025-11-06,vente,False,False,True,3,-1.0155
AUDJPY,2025-11-12,achat,False,False,True,1,0.9691
AUDJPY,2025-11-12,achat,False,False,True,2,-1.0309
AUDJPY,2025-11-12,achat,False,False,True,3,-1.0309
AUDJPY,2025-11-17,vente,False,True,True,1,0.9505
AUDJPY,2025-11-17,vente,False,True,True,2,-1.0495
AUDJPY,2025-11-17,vente,False,True,True,3,-1.0495
AUDJPY,2025-11-18,achat,True,False,True,1,0.9838
AUDJPY,2025-11-18,achat,True,False,True,2,-0.2469
AUDJPY,2025-11-18,achat,True,False,True,3,-0.2469
AUDJPY,2025-11-25,vente,False,True,True,1,-1.0444
AUDJPY,2025-11-25,vente,False,True,True,2,-1.0444
AUDJPY,2025-11-25,vente,False,True,True,3,-1.0444
AUDJPY,2025-11-26,achat,False,True,True,1,-0.1931
AUDJPY,2025-11-26,achat,False,True,True,2,-0.1931
AUDJPY,2025-11-26,achat,False,True,True,3,-0.1931
AUDJPY,2025-12-01,vente,False,False,True,1,-1.0435
AUDJPY,2025-12-01,vente,False,False,True,2,-1.0435
AUDJPY,2025-12-01,vente,False,False,True,3,-1.0435
AUDJPY,2025-12-02,achat,False,False,True,1,0.9757
AUDJPY,2025-12-02,achat,False,False,True,2,0.9757
AUDJPY,2025-12-02,achat,False,False,True,3,0.9757
AUDJPY,2025-12-15,vente,False,True,True,1,0.0357
AUDJPY,2025-12-15,vente,False,True,True,2,0.0357
AUDJPY,2025-12-15,vente,False,True,True,3,0.0357
AUDJPY,2025-12-18,achat,True,False,True,1,0.95
AUDJPY,2025-12-18,achat,True,False,True,2,1.95
AUDJPY,2025-12-18,achat,True,False,True,3,2.95
AUDJPY,2025-12-29,vente,True,False,True,1,-0.2988
AUDJPY,2025-12-29,vente,True,False,True,2,-0.2988
AUDJPY,2025-12-29,vente,True,False,True,3,-0.2988
AUDJPY,2026-01-09,achat,True,False,True,1,0.9679
AUDJPY,2026-01-09,achat,True,False,True,2,1.9679
AUDJPY,2026-01-09,achat,True,False,True,3,0.4563
AUDJPY,2026-01-14,vente,False,False,True,1,-0.3208
AUDJPY,2026-01-14,vente,False,False,True,2,-0.3208
AUDJPY,2026-01-14,vente,False,False,True,3,-0.3208
AUDJPY,2026-01-16,vente,False,True,True,1,-1.0266
AUDJPY,2026-01-16,vente,False,True,True,2,-1.0266
AUDJPY,2026-01-16,vente,False,True,True,3,-1.0266
AUDJPY,2026-01-19,achat,True,False,True,1,0.9802
AUDJPY,2026-01-19,achat,True,False,True,2,1.9802
AUDJPY,2026-01-19,achat,True,False,True,3,2.4895
AUDJPY,2026-01-28,achat,False,False,True,1,-1.0156
AUDJPY,2026-01-28,achat,False,False,True,2,-1.0156
AUDJPY,2026-01-28,achat,False,False,True,3,-1.0156
AUDJPY,2026-02-05,vente,True,False,True,1,-1.0116
AUDJPY,2026-02-05,vente,True,False,True,2,-1.0116
AUDJPY,2026-02-05,vente,True,False,True,3,-1.0116
AUDJPY,2026-02-06,achat,False,False,True,1,-0.4906
AUDJPY,2026-02-06,achat,False,False,True,2,-0.4906
AUDJPY,2026-02-06,achat,False,False,True,3,-0.4906
AUDJPY,2026-02-16,achat,False,False,True,1,-1.0292
AUDJPY,2026-02-16,achat,False,False,True,2,-1.0292
AUDJPY,2026-02-16,achat,False,False,True,3,-1.0292
AUDJPY,2026-02-18,achat,False,False,True,1,0.9706
AUDJPY,2026-02-18,achat,False,False,True,2,0.3595
AUDJPY,2026-02-18,achat,False,False,True,3,0.3595
AUDJPY,2026-02-23,vente,True,False,True,1,-1.0301
AUDJPY,2026-02-23,vente,True,False,True,2,-1.0301
AUDJPY,2026-02-23,vente,True,False,True,3,-1.0301
AUDJPY,2026-02-24,achat,False,False,True,1,0.9795
AUDJPY,2026-02-24,achat,False,False,True,2,1.1263
AUDJPY,2026-02-24,achat,False,False,True,3,1.1263
AUDJPY,2026-03-05,vente,False,True,True,1,-1.0266
AUDJPY,2026-03-05,vente,False,True,True,2,-1.0266
AUDJPY,2026-03-05,vente,False,True,True,3,-1.0266
AUDJPY,2026-03-18,vente,False,False,True,1,0.9801
AUDJPY,2026-03-18,vente,False,False,True,2,1.9801
AUDJPY,2026-03-18,vente,False,False,True,3,1.3967
AUDJPY,2026-03-23,vente,False,False,True,1,0.9759
AUDJPY,2026-03-23,vente,False,False,True,2,1.4024
AUDJPY,2026-03-23,vente,False,False,True,3,1.4024
AUDJPY,2026-03-30,vente,True,False,True,1,-1.0423
AUDJPY,2026-03-30,vente,True,False,True,2,-1.0423
AUDJPY,2026-03-30,vente,True,False,True,3,-1.0423
AUDJPY,2026-04-06,achat,True,False,True,1,0.9618
AUDJPY,2026-04-06,achat,True,False,True,2,1.9618
AUDJPY,2026-04-06,achat,True,False,True,3,2.9618
AUDJPY,2026-04-09,achat,False,False,True,1,0.6167
AUDJPY,2026-04-09,achat,False,False,True,2,0.6167
AUDJPY,2026-04-09,achat,False,False,True,3,0.6167
AUDJPY,2026-04-13,achat,False,False,True,1,0.9819
AUDJPY,2026-04-13,achat,False,False,True,2,0.9214
AUDJPY,2026-04-13,achat,False,False,True,3,0.9214
AUDJPY,2026-04-17,vente,False,False,True,1,-0.6614
AUDJPY,2026-04-17,vente,False,False,True,2,-0.6614
AUDJPY,2026-04-17,vente,False,False,True,3,-0.6614
AUDJPY,2026-04-20,achat,False,True,True,1,-0.2197
AUDJPY,2026-04-20,achat,False,True,True,2,-0.2197
AUDJPY,2026-04-20,achat,False,True,True,3,-0.2197
AUDJPY,2026-04-23,vente,False,False,True,1,-1.0437
AUDJPY,2026-04-23,vente,False,False,True,2,-1.0437
AUDJPY,2026-04-23,vente,False,False,True,3,-1.0437
AUDJPY,2026-04-29,vente,False,False,True,1,0.9671
AUDJPY,2026-04-29,vente,False,False,True,2,1.9671
AUDJPY,2026-04-29,vente,False,False,True,3,2.9671
AUDJPY,2026-05-04,vente,False,False,True,1,0.9558
AUDJPY,2026-05-04,vente,False,False,True,2,-1.0442
AUDJPY,2026-05-04,vente,False,False,True,3,-1.0442
AUDJPY,2026-05-05,achat,False,False,True,1,-0.0361
AUDJPY,2026-05-05,achat,False,False,True,2,-0.0361
AUDJPY,2026-05-05,achat,False,False,True,3,-0.0361
AUDJPY,2026-05-08,achat,False,False,True,1,0.9702
AUDJPY,2026-05-08,achat,False,False,True,2,1.5563
AUDJPY,2026-05-08,achat,False,False,True,3,1.5563
AUDJPY,2026-05-19,vente,False,True,True,1,-0.4954
AUDJPY,2026-05-19,vente,False,True,True,2,-0.4954
AUDJPY,2026-05-19,vente,False,True,True,3,-0.4954
AUDJPY,2026-05-22,vente,False,True,True,1,-1.0711
AUDJPY,2026-05-22,vente,False,True,True,2,-1.0711
AUDJPY,2026-05-22,vente,False,True,True,3,-1.0711
AUDJPY,2026-05-27,vente,False,False,True,1,-1.0324
AUDJPY,2026-05-27,vente,False,False,True,2,-1.0324
AUDJPY,2026-05-27,vente,False,False,True,3,-1.0324
AUDJPY,2026-06-02,achat,False,False,True,1,-1.0331
AUDJPY,2026-06-02,achat,False,False,True,2,-1.0331
AUDJPY,2026-06-02,achat,False,False,True,3,-1.0331
AUDJPY,2026-06-03,vente,True,False,True,1,0.977
AUDJPY,2026-06-03,vente,True,False,True,2,1.6977
AUDJPY,2026-06-03,vente,True,False,True,3,1.6977
AUDJPY,2026-06-11,achat,False,False,True,1,0.556
AUDJPY,2026-06-11,achat,False,False,True,2,0.556
AUDJPY,2026-06-11,achat,False,False,True,3,0.556
AUDJPY,2026-06-17,vente,False,False,True,1,-1.0259
AUDJPY,2026-06-17,vente,False,False,True,2,-1.0259
AUDJPY,2026-06-17,vente,False,False,True,3,-1.0259
AUDJPY,2026-06-22,vente,False,False,True,1,0.9605
AUDJPY,2026-06-22,vente,False,False,True,2,1.9605
AUDJPY,2026-06-22,vente,False,False,True,3,2.9605
AUDJPY,2026-06-26,vente,False,False,True,1,0.9109
AUDJPY,2026-06-26,vente,False,False,True,2,-1.0891
AUDJPY,2026-06-26,vente,False,False,True,3,-1.0891
AUDJPY,2026-06-30,achat,False,True,True,1,-1.0157
AUDJPY,2026-06-30,achat,False,True,True,2,-1.0157
AUDJPY,2026-06-30,achat,False,True,True,3,-1.0157
AUDJPY,2026-07-03,achat,False,True,True,1,0.9662
AUDJPY,2026-07-03,achat,False,True,True,2,1.3553
AUDJPY,2026-07-03,achat,False,True,True,3,1.3553
AUDJPY,2026-07-08,achat,False,False,True,1,-1.0324
AUDJPY,2026-07-08,achat,False,False,True,2,-1.0324
AUDJPY,2026-07-08,achat,False,False,True,3,-1.0324
AUDJPY,2026-07-17,vente,False,True,True,1,-1.0513
AUDJPY,2026-07-17,vente,False,True,True,2,-1.0513
AUDJPY,2026-07-17,vente,False,True,True,3,-1.0513
AUDJPY,2026-07-20,achat,False,False,True,1,0.9577
AUDJPY,2026-07-20,achat,False,False,True,2,0.892
AUDJPY,2026-07-20,achat,False,False,True,3,0.892
AUDJPY,2026-08-04,achat,True,False,True,1,0.3593
AUDJPY,2026-08-04,achat,True,False,True,2,0.3593
AUDJPY,2026-08-04,achat,True,False,True,3,0.3593
AUDJPY,2026-08-20,achat,True,False,True,1,0.9726
AUDJPY,2026-08-20,achat,True,False,True,2,1.4271
AUDJPY,2026-08-20,achat,True,False,True,3,1.4271
AUDJPY,2026-08-25,achat,False,True,True,1,0.9386
AUDJPY,2026-08-25,achat,False,True,True,2,1.9386
AUDJPY,2026-08-25,achat,False,True,True,3,2.9386
AUDJPY,2026-08-31,vente,False,False,True,1,-1.1607
AUDJPY,2026-08-31,vente,False,False,True,2,-1.1607
AUDJPY,2026-08-31,vente,False,False,True,3,-1.1607
AUDJPY,2026-09-07,vente,True,False,True,1,0.3359
AUDJPY,2026-09-07,vente,True,False,True,2,0.3359
AUDJPY,2026-09-07,vente,True,False,True,3,0.3359
AUDJPY,2026-09-10,vente,False,True,True,1,0.9635
AUDJPY,2026-09-10,vente,False,True,True,2,-0.2353
AUDJPY,2026-09-10,vente,False,True,True,3,-0.2353
AUDJPY,2026-09-14,achat,False,False,True,1,0.9685
AUDJPY,2026-09-14,achat,False,False,True,2,1.5096
AUDJPY,2026-09-14,achat,False,False,True,3,1.5096
AUDJPY,2026-09-17,achat,False,False,True,1,0.9706
AUDJPY,2026-09-17,achat,False,False,True,2,1.9706
AUDJPY,2026-09-17,achat,False,False,True,3,1.4209
AUDJPY,2026-09-29,vente,False,False,True,1,0.9741
AUDJPY,2026-09-29,vente,False,False,True,2,0.2859
AUDJPY,2026-09-29,vente,False,False,True,3,0.2859
AUDUSD,2023-12-21,achat,True,False,True,1,0.4286
AUDUSD,2023-12-21,achat,True,False,True,2,0.4286
AUDUSD,2023-12-21,achat,True,False,True,3,0.4286
AUDUSD,2024-01-09,vente,True,False,True,1,-0.0686
AUDUSD,2024-01-09,vente,True,False,True,2,-0.0686
AUDUSD,2024-01-09,vente,True,False,True,3,-0.0686
AUDUSD,2024-01-22,vente,False,True,True,1,-1.022
AUDUSD,2024-01-22,vente,False,True,True,2,-1.022
AUDUSD,2024-01-22,vente,False,True,True,3,-1.022
AUDUSD,2024-01-29,achat,False,False,True,1,-1.0236
AUDUSD,2024-01-29,achat,False,False,True,2,-1.0236
AUDUSD,2024-01-29,achat,False,False,True,3,-1.0236
AUDUSD,2024-02-02,vente,False,True,True,1,-0.0835
AUDUSD,2024-02-02,vente,False,True,True,2,-0.0835
AUDUSD,2024-02-02,vente,False,True,True,3,-0.0835
AUDUSD,2024-02-06,achat,True,False,True,1,-0.0841
AUDUSD,2024-02-06,achat,True,False,True,2,-0.0841
AUDUSD,2024-02-06,achat,True,False,True,3,-0.0841
AUDUSD,2024-02-09,achat,True,False,True,1,-1.025
AUDUSD,2024-02-09,achat,True,False,True,2,-1.025
AUDUSD,2024-02-09,achat,True,False,True,3,-1.025
AUDUSD,2024-02-13,vente,False,False,True,1,-1.0121
AUDUSD,2024-02-13,vente,False,False,True,2,-1.0121
AUDUSD,2024-02-13,vente,False,False,True,3,-1.0121
AUDUSD,2024-02-20,achat,True,False,True,1,0.9705
AUDUSD,2024-02-20,achat,True,False,True,2,0.2205
AUDUSD,2024-02-20,achat,True,False,True,3,0.2205
AUDUSD,2024-02-26,vente,False,False,True,1,0.9644
AUDUSD,2024-02-26,vente,False,False,True,2,1.4086
AUDUSD,2024-02-26,vente,False,False,True,3,1.4086
AUDUSD,2024-02-28,vente,False,False,True,1,-0.2416
AUDUSD,2024-02-28,vente,False,False,True,2,-0.2416
AUDUSD,2024-02-28,vente,False,False,True,3,-0.2416
AUDUSD,2024-03-06,achat,True,False,True,1,0.9867
AUDUSD,2024-03-06,achat,True,False,True,2,0.6335
AUDUSD,2024-03-06,achat,True,False,True,3,0.6335
AUDUSD,2024-03-11,vente,False,True,True,1,-1.0677
AUDUSD,2024-03-11,vente,False,True,True,2,-1.0677
AUDUSD,2024-03-11,vente,False,True,True,3,-1.0677
AUDUSD,2024-03-13,achat,False,True,True,1,-1.0336
AUDUSD,2024-03-13,achat,False,True,True,2,-1.0336
AUDUSD,2024-03-13,achat,False,True,True,3,-1.0336
AUDUSD,2024-03-14,vente,False,True,True,1,0.9822
AUDUSD,2024-03-14,vente,False,True,True,2,0.9272
AUDUSD,2024-03-14,vente,False,True,True,3,0.9272
AUDUSD,2024-03-19,vente,False,False,True,1,-1.0244
AUDUSD,2024-03-19,vente,False,False,True,2,-1.0244
AUDUSD,2024-03-19,vente,False,False,True,3,-1.0244
AUDUSD,2024-03-20,achat,True,False,True,1,-0.6878
AUDUSD,2024-03-20,achat,True,False,True,2,-0.6878
AUDUSD,2024-03-20,achat,True,False,True,3,-0.6878
AUDUSD,2024-04-01,vente,False,False,True,1,-1.0184
AUDUSD,2024-04-01,vente,False,False,True,2,-1.0184
AUDUSD,2024-04-01,vente,False,False,True,3,-1.0184
AUDUSD,2024-04-08,achat,False,False,True,1,-1.0211
AUDUSD,2024-04-08,achat,False,False,True,2,-1.0211
AUDUSD,2024-04-08,achat,False,False,True,3,-1.0211
AUDUSD,2024-04-10,vente,False,True,True,1,0.5099
AUDUSD,2024-04-10,vente,False,True,True,2,0.5099
AUDUSD,2024-04-10,vente,False,True,True,3,0.5099
AUDUSD,2024-04-12,vente,False,False,True,1,0.3362
AUDUSD,2024-04-12,vente,False,False,True,2,0.3362
AUDUSD,2024-04-12,vente,False,False,True,3,0.3362
AUDUSD,2024-04-22,achat,False,False,True,1,0.9656
AUDUSD,2024-04-22,achat,False,False,True,2,1.9656
AUDUSD,2024-04-22,achat,False,False,True,3,2.9656
AUDUSD,2024-04-30,vente,False,False,True,1,-1.0108
AUDUSD,2024-04-30,vente,False,False,True,2,-1.0108
AUDUSD,2024-04-30,vente,False,False,True,3,-1.0108
AUDUSD,2024-05-07,vente,False,True,True,1,-0.273
AUDUSD,2024-05-07,vente,False,True,True,2,-0.273
AUDUSD,2024-05-07,vente,False,True,True,3,-0.273
AUDUSD,2024-05-09,achat,False,False,True,1,0.1129
AUDUSD,2024-05-09,achat,False,False,True,2,0.1129
AUDUSD,2024-05-09,achat,False,False,True,3,0.1129
AUDUSD,2024-05-20,vente,False,False,True,1,0.9757
AUDUSD,2024-05-20,vente,False,False,True,2,1.681
AUDUSD,2024-05-20,vente,False,False,True,3,1.681
AUDUSD,2024-05-24,achat,False,False,True,1,0.975
AUDUSD,2024-05-24,achat,False,False,True,2,-0.419
AUDUSD,2024-05-24,achat,False,False,True,3,-0.419
AUDUSD,2024-06-04,vente,False,False,True,1,0.9821
AUDUSD,2024-06-04,vente,False,False,True,2,1.0753
AUDUSD,2024-06-04,vente,False,False,True,3,1.0753
AUDUSD,2024-06-07,vente,False,False,True,1,-1.01
AUDUSD,2024-06-07,vente,False,False,True,2,-1.01
AUDUSD,2024-06-07,vente,False,False,True,3,-1.01
AUDUSD,2024-06-20,vente,False,False,True,1,0.9531
AUDUSD,2024-06-20,vente,False,False,True,2,0.7091
AUDUSD,2024-06-20,vente,False,False,True,3,0.7091
AUDUSD,2024-07-01,vente,False,False,True,1,-1.0278
AUDUSD,2024-07-01,vente,False,False,True,2,-1.0278
AUDUSD,2024-07-01,vente,False,False,True,3,-1.0278
AUDUSD,2024-07-10,achat,True,False,True,1,0.9519
AUDUSD,2024-07-10,achat,True,False,True,2,1.9519
AUDUSD,2024-07-10,achat,True,False,True,3,0.497
AUDUSD,2024-08-01,vente,False,False,True,1,0.9851
AUDUSD,2024-08-01,vente,False,False,True,2,1.9851
AUDUSD,2024-08-01,vente,False,False,True,3,-0.3001
AUDUSD,2024-08-07,achat,True,False,True,1,0.9147
AUDUSD,2024-08-07,achat,True,False,True,2,1.9147
AUDUSD,2024-08-07,achat,True,False,True,3,2.9147
AUDUSD,2024-08-22,vente,True,False,True,1,-1.0204
AUDUSD,2024-08-22,vente,True,False,True,2,-1.0204
AUDUSD,2024-08-22,vente,True,False,True,3,-1.0204
AUDUSD,2024-08-23,achat,False,False,True,1,-0.1265
AUDUSD,2024-08-23,achat,False,False,True,2,-0.1265
AUDUSD,2024-08-23,achat,False,False,True,3,-0.1265
AUDUSD,2024-08-27,achat,True,False,True,1,0.9635
AUDUSD,2024-08-27,achat,True,False,True,2,-1.0365
AUDUSD,2024-08-27,achat,True,False,True,3,-1.0365
AUDUSD,2024-08-29,achat,False,False,True,1,0.9386
AUDUSD,2024-08-29,achat,False,False,True,2,-1.0614
AUDUSD,2024-08-29,achat,False,False,True,3,-1.0614
AUDUSD,2024-08-30,vente,False,False,True,1,0.9814
AUDUSD,2024-08-30,vente,False,False,True,2,0.896
AUDUSD,2024-08-30,vente,False,False,True,3,0.896
AUDUSD,2024-09-03,vente,False,False,True,1,0.5276
AUDUSD,2024-09-03,vente,False,False,True,2,0.5276
AUDUSD,2024-09-03,vente,False,False,True,3,0.5276
AUDUSD,2024-09-06,vente,True,False,True,1,-0.0441
AUDUSD,2024-09-06,vente,True,False,True,2,-0.0441
AUDUSD,2024-09-06,vente,True,False,True,3,-0.0441
AUDUSD,2024-09-11,achat,False,True,True,1,0.9816
AUDUSD,2024-09-11,achat,False,True,True,2,1.4289
AUDUSD,2024-09-11,achat,False,True,True,3,1.4289
AUDUSD,2024-09-16,achat,False,False,True,1,0.9797
AUDUSD,2024-09-16,achat,False,False,True,2,1.1163
AUDUSD,2024-09-16,achat,False,False,True,3,1.1163
AUDUSD,2024-09-23,achat,False,False,True,1,0.9707
AUDUSD,2024-09-23,achat,False,False,True,2,1.9707
AUDUSD,2024-09-23,achat,False,False,True,3,1.7192
AUDUSD,2024-09-25,vente,False,False,True,1,-1.0111
AUDUSD,2024-09-25,vente,False,False,True,2,-1.0111
AUDUSD,2024-09-25,vente,False,False,True,3,-1.0111
AUDUSD,2024-10-03,vente,False,True,True,1,0.9743
AUDUSD,2024-10-03,vente,False,True,True,2,1.9743
AUDUSD,2024-10-03,vente,False,True,True,3,2.9743
AUDUSD,2024-10-10,achat,False,False,True,1,-1.0329
AUDUSD,2024-10-10,achat,False,False,True,2,-1.0329
AUDUSD,2024-10-10,achat,False,False,True,3,-1.0329
AUDUSD,2024-10-17,achat,False,False,True,1,-1.0271
AUDUSD,2024-10-17,achat,False,False,True,2,-1.0271
AUDUSD,2024-10-17,achat,False,False,True,3,-1.0271
AUDUSD,2024-10-21,vente,False,False,True,1,0.2531
AUDUSD,2024-10-21,vente,False,False,True,2,0.2531
AUDUSD,2024-10-21,vente,False,False,True,3,0.2531
AUDUSD,2024-10-23,vente,False,False,True,1,0.8673
AUDUSD,2024-10-23,vente,False,False,True,2,0.8673
AUDUSD,2024-10-23,vente,False,False,True,3,0.8673
AUDUSD,2024-10-25,vente,False,True,True,1,0.9774
AUDUSD,2024-10-25,vente,False,True,True,2,0.7256
AUDUSD,2024-10-25,vente,False,True,True,3,0.7256
AUDUSD,2024-11-01,vente,False,False,True,1,-1.031
AUDUSD,2024-11-01,vente,False,False,True,2,-1.031
AUDUSD,2024-11-01,vente,False,False,True,3,-1.031
AUDUSD,2024-11-05,achat,False,False,True,1,-1.0151
AUDUSD,2024-11-05,achat,False,False,True,2,-1.0151
AUDUSD,2024-11-05,achat,False,False,True,3,-1.0151
AUDUSD,2024-11-06,vente,False,True,True,1,-1.0133
AUDUSD,2024-11-06,vente,False,True,True,2,-1.0133
AUDUSD,2024-11-06,vente,False,True,True,3,-1.0133
AUDUSD,2024-11-07,achat,False,False,True,1,-1.0088
AUDUSD,2024-11-07,achat,False,False,True,2,-1.0088
AUDUSD,2024-11-07,achat,False,False,True,3,-1.0088
AUDUSD,2024-12-02,vente,True,False,True,1,0.9733
AUDUSD,2024-12-02,vente,True,False,True,2,1.9733
AUDUSD,2024-12-02,vente,True,False,True,3,0.6731
AUDUSD,2024-12-04,vente,True,False,True,1,-0.1127
AUDUSD,2024-12-04,vente,True,False,True,2,-0.1127
AUDUSD,2024-12-04,vente,True,False,True,3,-0.1127
AUDUSD,2024-12-06,vente,False,False,True,1,-1.0159
AUDUSD,2024-12-06,vente,False,False,True,2,-1.0159
AUDUSD,2024-12-06,vente,False,False,True,3,-1.0159
AUDUSD,2024-12-10,vente,False,False,True,1,0.1702
AUDUSD,2024-12-10,vente,False,False,True,2,0.1702
AUDUSD,2024-12-10,vente,False,False,True,3,0.1702
AUDUSD,2024-12-12,vente,False,False,True,1,0.5121
AUDUSD,2024-12-12,vente,False,False,True,2,0.5121
AUDUSD,2024-12-12,vente,False,False,True,3,0.5121
AUDUSD,2024-12-16,achat,False,False,True,1,-1.0306
AUDUSD,2024-12-16,achat,False,False,True,2,-1.0306
AUDUSD,2024-12-16,achat,False,False,True,3,-1.0306
AUDUSD,2024-12-17,vente,False,True,True,1,0.976
AUDUSD,2024-12-17,vente,False,True,True,2,1.976
AUDUSD,2024-12-17,vente,False,True,True,3,2.976
AUDUSD,2024-12-25,achat,True,False,True,1,-1.0674
AUDUSD,2024-12-25,achat,True,False,True,2,-1.0674
AUDUSD,2024-12-25,achat,True,False,True,3,-1.0674
AUDUSD,2024-12-26,vente,True,False,True,1,0.9708
AUDUSD,2024-12-26,vente,True,False,True,2,0.9498
AUDUSD,2024-12-26,vente,True,False,True,3,0.9498
AUDUSD,2025-01-20,achat,False,False,True,1,-0.0069
AUDUSD,2025-01-20,achat,False,False,True,2,-0.0069
AUDUSD,2025-01-20,achat,False,False,True,3,-0.0069
AUDUSD,2025-01-27,vente,False,False,True,1,0.9785
AUDUSD,2025-01-27,vente,False,False,True,2,1.0052
AUDUSD,2025-01-27,vente,False,False,True,3,1.0052
AUDUSD,2025-02-03,achat,False,False,True,1,0.484
AUDUSD,2025-02-03,achat,False,False,True,2,0.484
AUDUSD,2025-02-03,achat,False,False,True,3,0.484
AUDUSD,2025-02-10,achat,True,False,True,1,0.9507
AUDUSD,2025-02-10,achat,True,False,True,2,-1.0493
AUDUSD,2025-02-10,achat,True,False,True,3,-1.0493
AUDUSD,2025-02-13,achat,True,False,True,1,0.5342
AUDUSD,2025-02-13,achat,True,False,True,2,0.5342
AUDUSD,2025-02-13,achat,True,False,True,3,0.5342
AUDUSD,2025-02-20,achat,False,False,True,1,-1.0132
AUDUSD,2025-02-20,achat,False,False,True,2,-1.0132
AUDUSD,2025-02-20,achat,False,False,True,3,-1.0132
AUDUSD,2025-02-26,vente,False,True,True,1,0.978
AUDUSD,2025-02-26,vente,False,True,True,2,1.978
AUDUSD,2025-02-26,vente,False,True,True,3,2.0858
AUDUSD,2025-03-04,achat,False,False,True,1,0.9878
AUDUSD,2025-03-04,achat,False,False,True,2,0.4668
AUDUSD,2025-03-04,achat,False,False,True,3,0.4668
AUDUSD,2025-03-13,vente,False,False,True,1,-1.0204
AUDUSD,2025-03-13,vente,False,False,True,2,-1.0204
AUDUSD,2025-03-13,vente,False,False,True,3,-1.0204
AUDUSD,2025-03-20,vente,False,True,True,1,-0.069
AUDUSD,2025-03-20,vente,False,True,True,2,-0.069
AUDUSD,2025-03-20,vente,False,True,True,3,-0.069
AUDUSD,2025-03-25,achat,False,False,True,1,-0.6441
AUDUSD,2025-03-25,achat,False,False,True,2,-0.6441
AUDUSD,2025-03-25,achat,False,False,True,3,-0.6441
AUDUSD,2025-03-26,vente,False,False,True,1,0.9779
AUDUSD,2025-03-26,vente,False,False,True,2,1.019
AUDUSD,2025-03-26,vente,False,False,True,3,1.019
AUDUSD,2025-04-01,achat,True,False,True,1,-1.0168
AUDUSD,2025-04-01,achat,True,False,True,2,-1.0168
AUDUSD,2025-04-01,achat,True,False,True,3,-1.0168
AUDUSD,2025-04-03,achat,True,False,True,1,-1.014
AUDUSD,2025-04-03,achat,True,False,True,2,-1.014
AUDUSD,2025-04-03,achat,True,False,True,3,-1.014
AUDUSD,2025-04-04,vente,False,False,True,1,-0.3184
AUDUSD,2025-04-04,vente,False,False,True,2,-0.3184
AUDUSD,2025-04-04,vente,False,False,True,3,-0.3184
AUDUSD,2025-04-08,vente,False,False,True,1,-1.0074
AUDUSD,2025-04-08,vente,False,False,True,2,-1.0074
AUDUSD,2025-04-08,vente,False,False,True,3,-1.0074
AUDUSD,2025-04-09,achat,False,False,True,1,0.846
AUDUSD,2025-04-09,achat,False,False,True,2,0.846
AUDUSD,2025-04-09,achat,False,False,True,3,0.846
AUDUSD,2025-04-21,achat,False,True,True,1,-1.0252
AUDUSD,2025-04-21,achat,False,True,True,2,-1.0252
AUDUSD,2025-04-21,achat,False,True,True,3,-1.0252
AUDUSD,2025-04-22,vente,False,False,True,1,-0.2894
AUDUSD,2025-04-22,vente,False,False,True,2,-0.2894
AUDUSD,2025-04-22,vente,False,False,True,3,-0.2894
AUDUSD,2025-04-24,achat,False,False,True,1,-0.2382
AUDUSD,2025-04-24,achat,False,False,True,2,-0.2382
AUDUSD,2025-04-24,achat,False,False,True,3,-0.2382
AUDUSD,2025-04-28,achat,False,True,True,1,-1.0165
AUDUSD,2025-04-28,achat,False,True,True,2,-1.0165
AUDUSD,2025-04-28,achat,False,True,True,3,-1.0165
AUDUSD,2025-05-01,vente,False,False,True,1,-1.0229
AUDUSD,2025-05-01,vente,False,False,True,2,-1.0229
AUDUSD,2025-05-01,vente,False,False,True,3,-1.0229
AUDUSD,2025-05-02,achat,False,True,True,1,0.9842
AUDUSD,2025-05-02,achat,False,True,True,2,-0.2267
AUDUSD,2025-05-02,achat,False,True,True,3,-0.2267
AUDUSD,2025-05-07,vente,True,False,True,1,0.6972
AUDUSD,2025-05-07,vente,True,False,True,2,0.6972
AUDUSD,2025-05-07,vente,True,False,True,3,0.6972
AUDUSD,2025-05-12,vente,False,False,True,1,-1.0119
AUDUSD,2025-05-12,vente,False,False,True,2,-1.0119
AUDUSD,2025-05-12,vente,False,False,True,3,-1.0119
AUDUSD,2025-05-13,achat,False,True,True,1,-0.6421
AUDUSD,2025-05-13,achat,False,True,True,2,-0.6421
AUDUSD,2025-05-13,achat,False,True,True,3,-0.6421
AUDUSD,2025-05-19,achat,False,False,True,1,-1.0169
AUDUSD,2025-05-19,achat,False,False,True,2,-1.0169
AUDUSD,2025-05-19,achat,False,False,True,3,-1.0169
AUDUSD,2025-05-22,vente,False,False,True,1,-1.0195
AUDUSD,2025-05-22,vente,False,False,True,2,-1.0195
AUDUSD,2025-05-22,vente,False,False,True,3,-1.0195
AUDUSD,2025-05-23,achat,False,False,True,1,-0.8244
AUDUSD,2025-05-23,achat,False,False,True,2,-0.8244
AUDUSD,2025-05-23,achat,False,False,True,3,-0.8244
AUDUSD,2025-06-02,achat,False,False,True,1,0.1844
AUDUSD,2025-06-02,achat,False,False,True,2,0.1844
AUDUSD,2025-06-02,achat,False,False,True,3,0.1844
AUDUSD,2025-06-11,vente,False,False,True,1,0.9738
AUDUSD,2025-06-11,vente,False,False,True,2,-1.0262
AUDUSD,2025-06-11,vente,False,False,True,3,-1.0262
AUDUSD,2025-06-13,vente,False,False,True,1,-1.0233
AUDUSD,2025-06-13,vente,False,False,True,2,-1.0233
AUDUSD,2025-06-13,vente,False,False,True,3,-1.0233
AUDUSD,2025-06-17,vente,False,False,True,1,0.4485
AUDUSD,2025-06-17,vente,False,False,True,2,0.4485
AUDUSD,2025-06-17,vente,False,False,True,3,0.4485
AUDUSD,2025-06-30,achat,False,False,True,1,-0.0283
AUDUSD,2025-06-30,achat,False,False,True,2,-0.0283
AUDUSD,2025-06-30,achat,False,False,True,3,-0.0283
AUDUSD,2025-07-03,vente,False,False,True,1,0.9183
AUDUSD,2025-07-03,vente,False,False,True,2,1.9183
AUDUSD,2025-07-03,vente,False,False,True,3,2.9183
AUDUSD,2025-07-17,vente,False,False,True,1,-1.0369
AUDUSD,2025-07-17,vente,False,False,True,2,-1.0369
AUDUSD,2025-07-17,vente,False,False,True,3,-1.0369
AUDUSD,2025-08-01,achat,False,False,True,1,0.4916
AUDUSD,2025-08-01,achat,False,False,True,2,0.4916
AUDUSD,2025-08-01,achat,False,False,True,3,0.4916
AUDUSD,2025-08-06,achat,False,False,True,1,0.9675
AUDUSD,2025-08-06,achat,False,False,True,2,0.4092
AUDUSD,2025-08-06,achat,False,False,True,3,0.4092
AUDUSD,2025-08-11,vente,False,False,True,1,0.9397
AUDUSD,2025-08-11,vente,False,False,True,2,-1.0603
AUDUSD,2025-08-11,vente,False,False,True,3,-1.0603
AUDUSD,2025-08-12,achat,True,False,True,1,-0.4757
AUDUSD,2025-08-12,achat,True,False,True,2,-0.4757
AUDUSD,2025-08-12,achat,True,False,True,3,-0.4757
AUDUSD,2025-08-14,vente,False,False,True,1,0.6015
AUDUSD,2025-08-14,vente,False,False,True,2,0.6015
AUDUSD,2025-08-14,vente,False,False,True,3,0.6015
AUDUSD,2025-08-18,vente,True,False,True,1,0.9671
AUDUSD,2025-08-18,vente,True,False,True,2,1.9671
AUDUSD,2025-08-18,vente,True,False,True,3,2.2471
AUDUSD,2025-08-22,achat,False,False,True,1,0.2686
AUDUSD,2025-08-22,achat,False,False,True,2,0.2686
AUDUSD,2025-08-22,achat,False,False,True,3,0.2686
AUDUSD,2025-08-26,achat,False,False,True,1,-1.0398
AUDUSD,2025-08-26,achat,False,False,True,2,-1.0398
AUDUSD,2025-08-26,achat,False,False,True,3,-1.0398
AUDUSD,2025-09-02,vente,False,False,True,1,-1.0242
AUDUSD,2025-09-02,vente,False,False,True,2,-1.0242
AUDUSD,2025-09-02,vente,False,False,True,3,-1.0242
AUDUSD,2025-09-05,achat,True,False,True,1,0.9739
AUDUSD,2025-09-05,achat,True,False,True,2,1.9739
AUDUSD,2025-09-05,achat,True,False,True,3,1.5927
AUDUSD,2025-09-10,achat,False,False,True,1,0.9747
AUDUSD,2025-09-10,achat,False,False,True,2,1.3063
AUDUSD,2025-09-10,achat,False,False,True,3,1.3063
AUDUSD,2025-09-15,achat,False,True,True,1,0.9639
AUDUSD,2025-09-15,achat,False,True,True,2,-1.0361
AUDUSD,2025-09-15,achat,False,True,True,3,-1.0361
AUDUSD,2025-09-17,vente,False,False,True,1,0.9821
AUDUSD,2025-09-17,vente,False,False,True,2,0.8999
AUDUSD,2025-09-17,vente,False,False,True,3,0.8999
AUDUSD,2025-10-02,vente,False,True,True,1,0.6461
AUDUSD,2025-10-02,vente,False,True,True,2,0.6461
AUDUSD,2025-10-02,vente,False,True,True,3,0.6461
AUDUSD,2025-10-07,vente,False,True,True,1,0.9783
AUDUSD,2025-10-07,vente,False,True,True,2,1.9783
AUDUSD,2025-10-07,vente,False,True,True,3,2.3286
AUDUSD,2025-10-09,vente,False,True,True,1,0.9809
AUDUSD,2025-10-09,vente,False,True,True,2,1.9809
AUDUSD,2025-10-09,vente,False,True,True,3,1.2998
AUDUSD,2025-10-14,vente,True,False,True,1,0.9684
AUDUSD,2025-10-14,vente,True,False,True,2,-0.2049
AUDUSD,2025-10-14,vente,True,False,True,3,-0.2049
AUDUSD,2025-10-16,vente,True,False,True,1,0.9714
AUDUSD,2025-10-16,vente,True,False,True,2,-1.0286
AUDUSD,2025-10-16,vente,True,False,True,3,-1.0286
AUDUSD,2025-10-21,vente,False,False,True,1,-1.0289
AUDUSD,2025-10-21,vente,False,False,True,2,-1.0289
AUDUSD,2025-10-21,vente,False,False,True,3,-1.0289
AUDUSD,2025-10-23,achat,True,False,True,1,0.973
AUDUSD,2025-10-23,achat,True,False,True,2,1.973
AUDUSD,2025-10-23,achat,True,False,True,3,1.861
AUDUSD,2025-11-12,achat,True,False,True,1,0.9537
AUDUSD,2025-11-12,achat,True,False,True,2,1.9537
AUDUSD,2025-11-12,achat,True,False,True,3,-1.0463
AUDUSD,2025-11-13,vente,False,False,True,1,0.9815
AUDUSD,2025-11-13,vente,False,False,True,2,0.3357
AUDUSD,2025-11-13,vente,False,False,True,3,0.3357
AUDUSD,2025-11-14,achat,True,False,True,1,-1.0288
AUDUSD,2025-11-14,achat,True,False,True,2,-1.0288
AUDUSD,2025-11-14,achat,True,False,True,3,-1.0288
AUDUSD,2025-11-17,vente,False,False,True,1,0.9785
AUDUSD,2025-11-17,vente,False,False,True,2,0.9226
AUDUSD,2025-11-17,vente,False,False,True,3,0.9226
AUDUSD,2025-11-19,vente,True,False,True,1,0.9504
AUDUSD,2025-11-19,vente,True,False,True,2,1.9504
AUDUSD,2025-11-19,vente,True,False,True,3,2.9504
AUDUSD,2025-12-02,achat,False,False,True,1,0.9725
AUDUSD,2025-12-02,achat,False,False,True,2,1.9725
AUDUSD,2025-12-02,achat,False,False,True,3,1.7959
AUDUSD,2025-12-05,achat,False,True,True,1,0.9714
AUDUSD,2025-12-05,achat,False,True,True,2,0.949
AUDUSD,2025-12-05,achat,False,True,True,3,0.949
AUDUSD,2025-12-09,achat,False,True,True,1,0.9618
AUDUSD,2025-12-09,achat,False,True,True,2,0.4515
AUDUSD,2025-12-09,achat,False,True,True,3,0.4515
AUDUSD,2025-12-22,achat,False,True,True,1,0.9796
AUDUSD,2025-12-22,achat,False,True,True,2,0.9527
AUDUSD,2025-12-22,achat,False,True,True,3,0.9527
AUDUSD,2025-12-26,achat,False,False,True,1,-1.05
AUDUSD,2025-12-26,achat,False,False,True,2,-1.05
AUDUSD,2025-12-26,achat,False,False,True,3,-1.05
AUDUSD,2025-12-29,vente,True,False,True,1,0.4645
AUDUSD,2025-12-29,vente,True,False,True,2,0.4645
AUDUSD,2025-12-29,vente,True,False,True,3,0.4645
AUDUSD,2025-12-31,vente,False,False,True,1,-1.0336
AUDUSD,2025-12-31,vente,False,False,True,2,-1.0336
AUDUSD,2025-12-31,vente,False,False,True,3,-1.0336
AUDUSD,2026-01-12,achat,False,False,True,1,-1.0402
AUDUSD,2026-01-12,achat,False,False,True,2,-1.0402
AUDUSD,2026-01-12,achat,False,False,True,3,-1.0402
AUDUSD,2026-01-13,vente,False,False,True,1,-0.0252
AUDUSD,2026-01-13,vente,False,False,True,2,-0.0252
AUDUSD,2026-01-13,vente,False,False,True,3,-0.0252
AUDUSD,2026-01-19,achat,False,False,True,1,0.9704
AUDUSD,2026-01-19,achat,False,False,True,2,1.9704
AUDUSD,2026-01-19,achat,False,False,True,3,2.9704
AUDUSD,2026-02-06,achat,False,True,True,1,0.9917
AUDUSD,2026-02-06,achat,False,True,True,2,0.8879
AUDUSD,2026-02-06,achat,False,True,True,3,0.8879
AUDUSD,2026-02-11,achat,False,False,True,1,-1.0189
AUDUSD,2026-02-11,achat,False,False,True,2,-1.0189
AUDUSD,2026-02-11,achat,False,False,True,3,-1.0189
AUDUSD,2026-02-18,vente,False,False,True,1,-1.0236
AUDUSD,2026-02-18,vente,False,False,True,2,-1.0236
AUDUSD,2026-02-18,vente,False,False,True,3,-1.0236
AUDUSD,2026-02-23,vente,False,True,True,1,-1.0199
AUDUSD,2026-02-23,vente,False,True,True,2,-1.0199
AUDUSD,2026-02-23,vente,False,True,True,3,-1.0199
AUDUSD,2026-02-25,achat,False,False,True,1,-1.0154
AUDUSD,2026-02-25,achat,False,False,True,2,-1.0154
AUDUSD,2026-02-25,achat,False,False,True,3,-1.0154
AUDUSD,2026-03-03,vente,False,True,True,1,0.1271
AUDUSD,2026-03-03,vente,False,True,True,2,0.1271
AUDUSD,2026-03-03,vente,False,True,True,3,0.1271
AUDUSD,2026-03-05,vente,False,False,True,1,-1.0127
AUDUSD,2026-03-05,vente,False,False,True,2,-1.0127
AUDUSD,2026-03-05,vente,False,False,True,3,-1.0127
AUDUSD,2026-03-12,vente,False,False,True,1,0.9883
AUDUSD,2026-03-12,vente,False,False,True,2,-0.364
AUDUSD,2026-03-12,vente,False,False,True,3,-0.364
AUDUSD,2026-03-18,vente,False,True,True,1,0.9897
AUDUSD,2026-03-18,vente,False,True,True,2,0.2284
AUDUSD,2026-03-18,vente,False,True,True,3,0.2284
AUDUSD,2026-03-20,vente,False,False,True,1,0.9866
AUDUSD,2026-03-20,vente,False,False,True,2,1.0672
AUDUSD,2026-03-20,vente,False,False,True,3,1.0672
AUDUSD,2026-03-31,achat,False,False,True,1,-0.3317
AUDUSD,2026-03-31,achat,False,False,True,2,-0.3317
AUDUSD,2026-03-31,achat,False,False,True,3,-0.3317
AUDUSD,2026-04-02,vente,False,False,True,1,-1.0392
AUDUSD,2026-04-02,vente,False,False,True,2,-1.0392
AUDUSD,2026-04-02,vente,False,False,True,3,-1.0392
AUDUSD,2026-04-06,achat,False,True,True,1,0.9663
AUDUSD,2026-04-06,achat,False,True,True,2,1.9663
AUDUSD,2026-04-06,achat,False,True,True,3,2.9663
AUDUSD,2026-04-09,achat,True,False,True,1,-1.0188
AUDUSD,2026-04-09,achat,True,False,True,2,-1.0188
AUDUSD,2026-04-09,achat,True,False,True,3,-1.0188
AUDUSD,2026-04-13,achat,True,False,True,1,0.988
AUDUSD,2026-04-13,achat,True,False,True,2,0.7086
AUDUSD,2026-04-13,achat,True,False,True,3,0.7086
AUDUSD,2026-04-30,achat,False,True,True,1,0.0004
AUDUSD,2026-04-30,achat,False,True,True,2,0.0004
AUDUSD,2026-04-30,achat,False,True,True,3,0.0004
AUDUSD,2026-05-04,vente,False,False,True,1,-1.0228
AUDUSD,2026-05-04,vente,False,False,True,2,-1.0228
AUDUSD,2026-05-04,vente,False,False,True,3,-1.0228
AUDUSD,2026-05-07,vente,True,False,True,1,-0.5211
AUDUSD,2026-05-07,vente,True,False,True,2,-0.5211
AUDUSD,2026-05-07,vente,True,False,True,3,-0.5211
AUDUSD,2026-05-08,achat,False,False,True,1,0.1217
AUDUSD,2026-05-08,achat,False,False,True,2,0.1217
AUDUSD,2026-05-08,achat,False,False,True,3,0.1217
AUDUSD,2026-05-13,achat,True,False,True,1,-1.0416
AUDUSD,2026-05-13,achat,True,False,True,2,-1.0416
AUDUSD,2026-05-13,achat,True,False,True,3,-1.0416
AUDUSD,2026-05-14,vente,True,False,True,1,0.9807
AUDUSD,2026-05-14,vente,True,False,True,2,1.9807
AUDUSD,2026-05-14,vente,True,False,True,3,2.0988
AUDUSD,2026-05-19,vente,False,False,True,1,-1.0152
AUDUSD,2026-05-19,vente,False,False,True,2,-1.0152
AUDUSD,2026-05-19,vente,False,False,True,3,-1.0152
AUDUSD,2026-05-27,vente,False,False,True,1,-1.0212
AUDUSD,2026-05-27,vente,False,False,True,2,-1.0212
AUDUSD,2026-05-27,vente,False,False,True,3,-1.0212
AUDUSD,2026-06-03,vente,False,False,True,1,0.9794
AUDUSD,2026-06-03,vente,False,False,True,2,1.9794
AUDUSD,2026-06-03,vente,False,False,True,3,1.9419
AUDUSD,2026-06-11,achat,True,False,True,1,0.262
AUDUSD,2026-06-11,achat,True,False,True,2,0.262
AUDUSD,2026-06-11,achat,True,False,True,3,0.262
AUDUSD,2026-06-15,vente,False,False,True,1,0.9413
AUDUSD,2026-06-15,vente,False,False,True,2,1.9413
AUDUSD,2026-06-15,vente,False,False,True,3,2.9413
AUDUSD,2026-06-30,achat,False,True,True,1,0.5842
AUDUSD,2026-06-30,achat,False,True,True,2,0.5842
AUDUSD,2026-06-30,achat,False,True,True,3,0.5842
AUDUSD,2026-07-02,achat,False,True,True,1,0.9692
AUDUSD,2026-07-02,achat,False,True,True,2,0.1904
AUDUSD,2026-07-02,achat,False,True,True,3,0.1904
AUDUSD,2026-07-07,vente,False,False,True,1,-1.0259
AUDUSD,2026-07-07,vente,False,False,True,2,-1.0259
AUDUSD,2026-07-07,vente,False,False,True,3,-1.0259
AUDUSD,2026-07-13,vente,False,False,True,1,-1.0305
AUDUSD,2026-07-13,vente,False,False,True,2,-1.0305
AUDUSD,2026-07-13,vente,False,False,True,3,-1.0305
AUDUSD,2026-07-14,achat,False,False,True,1,0.0927
AUDUSD,2026-07-14,achat,False,False,True,2,0.0927
AUDUSD,2026-07-14,achat,False,False,True,3,0.0927
AUDUSD,2026-07-20,achat,True,False,True,1,-1.0371
AUDUSD,2026-07-20,achat,True,False,True,2,-1.0371
AUDUSD,2026-07-20,achat,True,False,True,3,-1.0371
AUDUSD,2026-07-30,achat,False,False,True,1,0.2518
AUDUSD,2026-07-30,achat,False,False,True,2,0.2518
AUDUSD,2026-07-30,achat,False,False,True,3,0.2518
AUDUSD,2026-08-04,achat,True,False,True,1,0.398
AUDUSD,2026-08-04,achat,True,False,True,2,0.398
AUDUSD,2026-08-04,achat,True,False,True,3,0.398
AUDUSD,2026-08-06,vente,False,False,True,1,-1.0353
AUDUSD,2026-08-06,vente,False,False,True,2,-1.0353
AUDUSD,2026-08-06,vente,False,False,True,3,-1.0353
AUDUSD,2026-08-07,achat,False,False,True,1,-0.1164
AUDUSD,2026-08-07,achat,False,False,True,2,-0.1164
AUDUSD,2026-08-07,achat,False,False,True,3,-0.1164
AUDUSD,2026-08-14,achat,False,False,True,1,0.9672
AUDUSD,2026-08-14,achat,False,False,True,2,1.2416
AUDUSD,2026-08-14,achat,False,False,True,3,1.2416
AUDUSD,2026-08-18,vente,False,True,True,1,-1.0248
AUDUSD,2026-08-18,vente,False,True,True,2,-1.0248
AUDUSD,2026-08-18,vente,False,True,True,3,-1.0248
AUDUSD,2026-08-19,achat,False,False,True,1,0.5287
AUDUSD,2026-08-19,achat,False,False,True,2,0.5287
AUDUSD,2026-08-19,achat,False,False,True,3,0.5287
AUDUSD,2026-08-21,achat,False,True,True,1,0.1448
AUDUSD,2026-08-21,achat,False,True,True,2,0.1448
AUDUSD,2026-08-21,achat,False,True,True,3,0.1448
AUDUSD,2026-08-28,vente,False,False,True,1,-0.0566
AUDUSD,2026-08-28,vente,False,False,True,2,-0.0566
AUDUSD,2026-08-28,vente,False,False,True,3,-0.0566
AUDUSD,2026-09-01,vente,False,False,True,1,-1.0279
AUDUSD,2026-09-01,vente,False,False,True,2,-1.0279
AUDUSD,2026-09-01,vente,False,False,True,3,-1.0279
AUDUSD,2026-09-21,vente,False,True,True,1,0.9552
AUDUSD,2026-09-21,vente,False,True,True,2,1.9552
AUDUSD,2026-09-21,vente,False,True,True,3,2.9552
AUDUSD,2026-09-29,vente,False,False,True,1,0.9739
AUDUSD,2026-09-29,vente,False,False,True,2,1.9739
AUDUSD,2026-09-29,vente,False,False,True,3,0.8489
EURJPY,2024-01-03,achat,False,False,True,1,0.9838
EURJPY,2024-01-03,achat,False,False,True,2,1.9838
EURJPY,2024-01-03,achat,False,False,True,3,1.7851
EURJPY,2024-01-10,achat,False,False,True,1,-0.1835
EURJPY,2024-01-10,achat,False,False,True,2,-0.1835
EURJPY,2024-01-10,achat,False,False,True,3,-0.1835
EURJPY,2024-01-15,achat,False,True,True,1,0.9806
EURJPY,2024-01-15,achat,False,True,True,2,1.9806
EURJPY,2024-01-15,achat,False,True,True,3,2.0492
EURJPY,2024-01-19,achat,False,False,True,1,-1.0229
EURJPY,2024-01-19,achat,False,False,True,2,-1.0229
EURJPY,2024-01-19,achat,False,False,True,3,-1.0229
EURJPY,2024-01-26,achat,True,False,True,1,-1.0148
EURJPY,2024-01-26,achat,True,False,True,2,-1.0148
EURJPY,2024-01-26,achat,True,False,True,3,-1.0148
EURJPY,2024-01-29,vente,False,False,True,1,0.986
EURJPY,2024-01-29,vente,False,False,True,2,0.4874
EURJPY,2024-01-29,vente,False,False,True,3,0.4874
EURJPY,2024-01-31,vente,False,False,True,1,-0.5794
EURJPY,2024-01-31,vente,False,False,True,2,-0.5794
EURJPY,2024-01-31,vente,False,False,True,3,-0.5794
EURJPY,2024-02-12,vente,False,True,True,1,-1.0798
EURJPY,2024-02-12,vente,False,True,True,2,-1.0798
EURJPY,2024-02-12,vente,False,True,True,3,-1.0798
EURJPY,2024-02-13,achat,False,False,True,1,0.6938
EURJPY,2024-02-13,achat,False,False,True,2,0.6938
EURJPY,2024-02-13,achat,False,False,True,3,0.6938
EURJPY,2024-02-16,achat,False,False,True,1,-1.0393
EURJPY,2024-02-16,achat,False,False,True,2,-1.0393
EURJPY,2024-02-16,achat,False,False,True,3,-1.0393
EURJPY,2024-02-20,achat,False,False,True,1,0.965
EURJPY,2024-02-20,achat,False,False,True,2,1.965
EURJPY,2024-02-20,achat,False,False,True,3,2.965
EURJPY,2024-02-26,achat,True,False,True,1,-1.0182
EURJPY,2024-02-26,achat,True,False,True,2,-1.0182
EURJPY,2024-02-26,achat,True,False,True,3,-1.0182
EURJPY,2024-02-29,vente,False,False,True,1,-1.0132
EURJPY,2024-02-29,vente,False,False,True,2,-1.0132
EURJPY,2024-02-29,vente,False,False,True,3,-1.0132
EURJPY,2024-03-12,achat,False,False,True,1,0.986
EURJPY,2024-03-12,achat,False,False,True,2,0.9143
EURJPY,2024-03-12,achat,False,False,True,3,0.9143
EURJPY,2024-03-15,achat,False,True,True,1,0.9883
EURJPY,2024-03-15,achat,False,True,True,2,1.9883
EURJPY,2024-03-15,achat,False,True,True,3,1.9742
EURJPY,2024-04-05,achat,False,False,True,1,-0.0626
EURJPY,2024-04-05,achat,False,False,True,2,-0.0626
EURJPY,2024-04-05,achat,False,False,True,3,-0.0626
EURJPY,2024-04-12,vente,False,False,True,1,-1.0118
EURJPY,2024-04-12,vente,False,False,True,2,-1.0118
EURJPY,2024-04-12,vente,False,False,True,3,-1.0118
EURJPY,2024-04-19,achat,False,False,True,1,0.7823
EURJPY,2024-04-19,achat,False,False,True,2,0.7823
EURJPY,2024-04-19,achat,False,False,True,3,0.7823
EURJPY,2024-05-01,vente,False,True,True,1,0.9916
EURJPY,2024-05-01,vente,False,True,True,2,0.4576
EURJPY,2024-05-01,vente,False,True,True,3,0.4576
EURJPY,2024-05-15,vente,False,False,True,1,-1.0106
EURJPY,2024-05-15,vente,False,False,True,2,-1.0106
EURJPY,2024-05-15,vente,False,False,True,3,-1.0106
EURJPY,2024-05-29,vente,False,False,True,1,0.9734
EURJPY,2024-05-29,vente,False,False,True,2,1.9734
EURJPY,2024-05-29,vente,False,False,True,3,-1.0266
EURJPY,2024-05-31,achat,False,False,True,1,-1.0122
EURJPY,2024-05-31,achat,False,False,True,2,-1.0122
EURJPY,2024-05-31,achat,False,False,True,3,-1.0122
EURJPY,2024-06-07,vente,True,False,True,1,0.9767
EURJPY,2024-06-07,vente,True,False,True,2,-0.3364
EURJPY,2024-06-07,vente,True,False,True,3,-0.3364
EURJPY,2024-06-12,achat,False,True,True,1,-1.0165
EURJPY,2024-06-12,achat,False,True,True,2,-1.0165
EURJPY,2024-06-12,achat,False,True,True,3,-1.0165
EURJPY,2024-06-13,vente,True,False,True,1,-0.5731
EURJPY,2024-06-13,vente,True,False,True,2,-0.5731
EURJPY,2024-06-13,vente,True,False,True,3,-0.5731
EURJPY,2024-06-17,achat,False,False,True,1,0.546
EURJPY,2024-06-17,achat,False,False,True,2,0.546
EURJPY,2024-06-17,achat,False,False,True,3,0.546
EURJPY,2024-06-26,achat,False,False,True,1,0.979
EURJPY,2024-06-26,achat,False,False,True,2,1.979
EURJPY,2024-06-26,achat,False,False,True,3,2.584
EURJPY,2024-07-05,vente,False,False,True,1,0.9483
EURJPY,2024-07-05,vente,False,False,True,2,1.9483
EURJPY,2024-07-05,vente,False,False,True,3,-1.0517
EURJPY,2024-07-08,achat,False,True,True,1,0.9792
EURJPY,2024-07-08,achat,False,True,True,2,-1.0208
EURJPY,2024-07-08,achat,False,True,True,3,-1.0208
EURJPY,2024-07-11,vente,False,False,True,1,-0.161
EURJPY,2024-07-11,vente,False,False,True,2,-0.161
EURJPY,2024-07-11,vente,False,False,True,3,-0.161
EURJPY,2024-07-17,vente,False,False,True,1,-0.2169
EURJPY,2024-07-17,vente,False,False,True,2,-0.2169
EURJPY,2024-07-17,vente,False,False,True,3,-0.2169
EURJPY,2024-07-22,vente,False,False,True,1,0.982
EURJPY,2024-07-22,vente,False,False,True,2,1.982
EURJPY,2024-07-22,vente,False,False,True,3,2.982
EURJPY,2024-07-26,achat,False,True,True,1,-1.0223
EURJPY,2024-07-26,achat,False,True,True,2,-1.0223
EURJPY,2024-07-26,achat,False,True,True,3,-1.0223
EURJPY,2024-07-29,vente,True,False,True,1,-1.0136
EURJPY,2024-07-29,vente,True,False,True,2,-1.0136
EURJPY,2024-07-29,vente,True,False,True,3,-1.0136
EURJPY,2024-08-06,vente,True,False,True,1,-1.0071
EURJPY,2024-08-06,vente,True,False,True,2,-1.0071
EURJPY,2024-08-06,vente,True,False,True,3,-1.0071
EURJPY,2024-08-07,achat,False,False,True,1,0.9922
EURJPY,2024-08-07,achat,False,False,True,2,0.4708
EURJPY,2024-08-07,achat,False,False,True,3,0.4708
EURJPY,2024-08-23,vente,True,False,True,1,0.9864
EURJPY,2024-08-23,vente,True,False,True,2,0.8521
EURJPY,2024-08-23,vente,True,False,True,3,0.8521
EURJPY,2024-08-27,vente,False,False,True,1,-0.4701
EURJPY,2024-08-27,vente,False,False,True,2,-0.4701
EURJPY,2024-08-27,vente,False,False,True,3,-0.4701
EURJPY,2024-08-30,achat,True,False,True,1,0.9887
EURJPY,2024-08-30,achat,True,False,True,2,-1.0113
EURJPY,2024-08-30,achat,True,False,True,3,-1.0113
EURJPY,2024-09-03,vente,False,False,True,1,0.9932
EURJPY,2024-09-03,vente,False,False,True,2,1.2935
EURJPY,2024-09-03,vente,False,False,True,3,1.2935
EURJPY,2024-09-06,vente,False,False,True,1,0.9922
EURJPY,2024-09-06,vente,False,False,True,2,0.3418
EURJPY,2024-09-06,vente,False,False,True,3,0.3418
EURJPY,2024-09-10,vente,False,True,True,1,0.3978
EURJPY,2024-09-10,vente,False,True,True,2,0.3978
EURJPY,2024-09-10,vente,False,True,True,3,0.3978
EURJPY,2024-09-23,vente,False,True,True,1,-1.0093
EURJPY,2024-09-23,vente,False,True,True,2,-1.0093
EURJPY,2024-09-23,vente,False,True,True,3,-1.0093
EURJPY,2024-09-27,vente,False,False,True,1,-0.6653
EURJPY,2024-09-27,vente,False,False,True,2,-0.6653
EURJPY,2024-09-27,vente,False,False,True,3,-0.6653
EURJPY,2024-10-01,vente,False,False,True,1,-1.0079
EURJPY,2024-10-01,vente,False,False,True,2,-1.0079
EURJPY,2024-10-01,vente,False,False,True,3,-1.0079
EURJPY,2024-10-02,achat,False,True,True,1,0.1993
EURJPY,2024-10-02,achat,False,True,True,2,0.1993
EURJPY,2024-10-02,achat,False,True,True,3,0.1993
EURJPY,2024-10-10,vente,False,True,True,1,0.3156
EURJPY,2024-10-10,vente,False,True,True,2,0.3156
EURJPY,2024-10-10,vente,False,True,True,3,0.3156
EURJPY,2024-10-15,vente,False,False,True,1,-0.2133
EURJPY,2024-10-15,vente,False,False,True,2,-0.2133
EURJPY,2024-10-15,vente,False,False,True,3,-0.2133
EURJPY,2024-10-21,achat,False,False,True,1,0.9838
EURJPY,2024-10-21,achat,False,False,True,2,1.9838
EURJPY,2024-10-21,achat,False,False,True,3,1.4887
EURJPY,2024-10-31,vente,False,False,True,1,-0.1792
EURJPY,2024-10-31,vente,False,False,True,2,-0.1792
EURJPY,2024-10-31,vente,False,False,True,3,-0.1792
EURJPY,2024-11-07,vente,False,False,True,1,0.976
EURJPY,2024-11-07,vente,False,False,True,2,1.976
EURJPY,2024-11-07,vente,False,False,True,3,2.976
EURJPY,2024-11-12,achat,False,False,True,1,-1.0154
EURJPY,2024-11-12,achat,False,False,True,2,-1.0154
EURJPY,2024-11-12,achat,False,False,True,3,-1.0154
EURJPY,2024-11-15,vente,True,False,True,1,-0.4615
EURJPY,2024-11-15,vente,True,False,True,2,-0.4615
EURJPY,2024-11-15,vente,True,False,True,3,-0.4615
EURJPY,2024-11-20,vente,True,False,True,1,0.9851
EURJPY,2024-11-20,vente,True,False,True,2,1.9851
EURJPY,2024-11-20,vente,True,False,True,3,2.9851
EURJPY,2024-12-09,achat,False,False,True,1,-0.0061
EURJPY,2024-12-09,achat,False,False,True,2,-0.0061
EURJPY,2024-12-09,achat,False,False,True,3,-0.0061
EURJPY,2024-12-12,vente,False,False,True,1,-1.0199
EURJPY,2024-12-12,vente,False,False,True,2,-1.0199
EURJPY,2024-12-12,vente,False,False,True,3,-1.0199
EURJPY,2024-12-13,achat,False,False,True,1,-0.7882
EURJPY,2024-12-13,achat,False,False,True,2,-0.7882
EURJPY,2024-12-13,achat,False,False,True,3,-0.7882
EURJPY,2024-12-17,vente,True,False,True,1,0.9887
EURJPY,2024-12-17,vente,True,False,True,2,-1.0113
EURJPY,2024-12-17,vente,True,False,True,3,-1.0113
EURJPY,2024-12-19,achat,True,False,True,1,-0.0411
EURJPY,2024-12-19,achat,True,False,True,2,-0.0411
EURJPY,2024-12-19,achat,True,False,True,3,-0.0411
EURJPY,2024-12-24,vente,False,True,True,1,-1.0336
EURJPY,2024-12-24,vente,False,True,True,2,-1.0336
EURJPY,2024-12-24,vente,False,True,True,3,-1.0336
EURJPY,2024-12-30,vente,True,False,True,1,0.9902
EURJPY,2024-12-30,vente,True,False,True,2,1.1813
EURJPY,2024-12-30,vente,True,False,True,3,1.1813
EURJPY,2025-01-14,achat,False,False,True,1,-1.0077
EURJPY,2025-01-14,achat,False,False,True,2,-1.0077
EURJPY,2025-01-14,achat,False,False,True,3,-1.0077
EURJPY,2025-01-15,vente,False,False,True,1,-0.4694
EURJPY,2025-01-15,vente,False,False,True,2,-0.4694
EURJPY,2025-01-15,vente,False,False,True,3,-0.4694
EURJPY,2025-01-24,achat,False,False,True,1,-1.0085
EURJPY,2025-01-24,achat,False,False,True,2,-1.0085
EURJPY,2025-01-24,achat,False,False,True,3,-1.0085
EURJPY,2025-01-27,vente,False,False,True,1,0.9083
EURJPY,2025-01-27,vente,False,False,True,2,0.9083
EURJPY,2025-01-27,vente,False,False,True,3,0.9083
EURJPY,2025-02-11,achat,False,True,True,1,0.9927
EURJPY,2025-02-11,achat,False,True,True,2,0.7141
EURJPY,2025-02-11,achat,False,True,True,3,0.7141
EURJPY,2025-02-28,achat,True,False,True,1,0.9899
EURJPY,2025-02-28,achat,True,False,True,2,1.9899
EURJPY,2025-02-28,achat,True,False,True,3,2.9899
EURJPY,2025-03-03,vente,False,False,True,1,-1.0077
EURJPY,2025-03-03,vente,False,False,True,2,-1.0077
EURJPY,2025-03-03,vente,False,False,True,3,-1.0077
EURJPY,2025-03-04,achat,False,False,True,1,0.3689
EURJPY,2025-03-04,achat,False,False,True,2,0.3689
EURJPY,2025-03-04,achat,False,False,True,3,0.3689
EURJPY,2025-03-10,vente,False,False,True,1,-1.0155
EURJPY,2025-03-10,vente,False,False,True,2,-1.0155
EURJPY,2025-03-10,vente,False,False,True,3,-1.0155
EURJPY,2025-03-11,achat,False,True,True,1,-0.0072
EURJPY,2025-03-11,achat,False,True,True,2,-0.0072
EURJPY,2025-03-11,achat,False,True,True,3,-0.0072
EURJPY,2025-03-14,achat,False,False,True,1,0.9864
EURJPY,2025-03-14,achat,False,False,True,2,1.9864
EURJPY,2025-03-14,achat,False,False,True,3,0.3929
EURJPY,2025-03-19,vente,False,True,True,1,-0.4689
EURJPY,2025-03-19,vente,False,True,True,2,-0.4689
EURJPY,2025-03-19,vente,False,True,True,3,-0.4689
EURJPY,2025-03-25,vente,False,False,True,1,-1.0115
EURJPY,2025-03-25,vente,False,False,True,2,-1.0115
EURJPY,2025-03-25,vente,False,False,True,3,-1.0115
EURJPY,2025-03-27,achat,False,False,True,1,-1.0106
EURJPY,2025-03-27,achat,False,False,True,2,-1.0106
EURJPY,2025-03-27,achat,False,False,True,3,-1.0106
EURJPY,2025-04-01,vente,True,False,True,1,-1.0223
EURJPY,2025-04-01,vente,True,False,True,2,-1.0223
EURJPY,2025-04-01,vente,True,False,True,3,-1.0223
EURJPY,2025-04-04,vente,False,False,True,1,0.9831
EURJPY,2025-04-04,vente,False,False,True,2,1.9831
EURJPY,2025-04-04,vente,False,False,True,3,-1.0169
EURJPY,2025-04-07,achat,False,False,True,1,0.233
EURJPY,2025-04-07,achat,False,False,True,2,0.233
EURJPY,2025-04-07,achat,False,False,True,3,0.233
EURJPY,2025-04-09,achat,False,False,True,1,0.465
EURJPY,2025-04-09,achat,False,False,True,2,0.465
EURJPY,2025-04-09,achat,False,False,True,3,0.465
EURJPY,2025-04-22,vente,True,False,True,1,0.9691
EURJPY,2025-04-22,vente,True,False,True,2,-1.0309
EURJPY,2025-04-22,vente,True,False,True,3,-1.0309
EURJPY,2025-04-23,achat,False,True,True,1,0.9864
EURJPY,2025-04-23,achat,False,True,True,2,-0.0615
EURJPY,2025-04-23,achat,False,True,True,3,-0.0615
EURJPY,2025-04-28,vente,False,False,True,1,-1.0128
EURJPY,2025-04-28,vente,False,False,True,2,-1.0128
EURJPY,2025-04-28,vente,False,False,True,3,-1.0128
EURJPY,2025-05-01,achat,False,False,True,1,-1.006
EURJPY,2025-05-01,achat,False,False,True,2,-1.006
EURJPY,2025-05-01,achat,False,False,True,3,-1.006
EURJPY,2025-05-07,achat,False,False,True,1,0.9759
EURJPY,2025-05-07,achat,False,False,True,2,1.9759
EURJPY,2025-05-07,achat,False,False,True,3,2.9759
EURJPY,2025-05-12,achat,False,True,True,1,-1.0179
EURJPY,2025-05-12,achat,False,True,True,2,-1.0179
EURJPY,2025-05-12,achat,False,True,True,3,-1.0179
EURJPY,2025-05-14,vente,True,False,True,1,0.9878
EURJPY,2025-05-14,vente,True,False,True,2,0.8988
EURJPY,2025-05-14,vente,True,False,True,3,0.8988
EURJPY,2025-05-19,achat,False,False,True,1,-1.0208
EURJPY,2025-05-19,achat,False,False,True,2,-1.0208
EURJPY,2025-05-19,achat,False,False,True,3,-1.0208
EURJPY,2025-05-21,vente,False,False,True,1,0.9751
EURJPY,2025-05-21,vente,False,False,True,2,1.9751
EURJPY,2025-05-21,vente,False,False,True,3,0.6395
EURJPY,2025-05-27,achat,False,False,True,1,0.0427
EURJPY,2025-05-27,achat,False,False,True,2,0.0427
EURJPY,2025-05-27,achat,False,False,True,3,0.0427
EURJPY,2025-06-03,achat,False,False,True,1,0.9842
EURJPY,2025-06-03,achat,False,False,True,2,1.3842
EURJPY,2025-06-03,achat,False,False,True,3,1.3842
EURJPY,2025-06-04,vente,False,False,True,1,-1.012
EURJPY,2025-06-04,vente,False,False,True,2,-1.012
EURJPY,2025-06-04,vente,False,False,True,3,-1.012
EURJPY,2025-06-05,achat,False,False,True,1,0.8272
EURJPY,2025-06-05,achat,False,False,True,2,0.8272
EURJPY,2025-06-05,achat,False,False,True,3,0.8272
EURJPY,2025-06-19,achat,False,True,True,1,0.9872
EURJPY,2025-06-19,achat,False,True,True,2,1.9872
EURJPY,2025-06-19,achat,False,True,True,3,0.9377
EURJPY,2025-06-25,achat,False,False,True,1,0.1409
EURJPY,2025-06-25,achat,False,False,True,2,0.1409
EURJPY,2025-06-25,achat,False,False,True,3,0.1409
EURJPY,2025-06-27,achat,False,True,True,1,-1.0165
EURJPY,2025-06-27,achat,False,True,True,2,-1.0165
EURJPY,2025-06-27,achat,False,True,True,3,-1.0165
EURJPY,2025-07-01,vente,False,False,True,1,-1.035
EURJPY,2025-07-01,vente,False,False,True,2,-1.035
EURJPY,2025-07-01,vente,False,False,True,3,-1.035
EURJPY,2025-07-07,achat,True,False,True,1,-0.0443
EURJPY,2025-07-07,achat,True,False,True,2,-0.0443
EURJPY,2025-07-07,achat,True,False,True,3,-0.0443
EURJPY,2025-07-11,achat,False,False,True,1,-0.0827
EURJPY,2025-07-11,achat,False,False,True,2,-0.0827
EURJPY,2025-07-11,achat,False,False,True,3,-0.0827
EURJPY,2025-07-16,vente,False,False,True,1,-0.1774
EURJPY,2025-07-16,vente,False,False,True,2,-0.1774
EURJPY,2025-07-16,vente,False,False,True,3,-0.1774
EURJPY,2025-07-28,vente,False,True,True,1,0.9915
EURJPY,2025-07-28,vente,False,True,True,2,-0.064
EURJPY,2025-07-28,vente,False,True,True,3,-0.064
EURJPY,2025-07-31,achat,False,False,True,1,-0.5693
EURJPY,2025-07-31,achat,False,False,True,2,-0.5693
EURJPY,2025-07-31,achat,False,False,True,3,-0.5693
EURJPY,2025-08-05,achat,True,False,True,1,0.9853
EURJPY,2025-08-05,achat,True,False,True,2,1.1257
EURJPY,2025-08-05,achat,True,False,True,3,1.1257
EURJPY,2025-08-08,achat,False,True,True,1,0.9762
EURJPY,2025-08-08,achat,False,True,True,2,0.5111
EURJPY,2025-08-08,achat,False,True,True,3,0.5111
EURJPY,2025-08-19,vente,True,False,True,1,0.9796
EURJPY,2025-08-19,vente,True,False,True,2,-0.2735
EURJPY,2025-08-19,vente,True,False,True,3,-0.2735
EURJPY,2025-08-21,achat,False,False,True,1,-1.0185
EURJPY,2025-08-21,achat,False,False,True,2,-1.0185
EURJPY,2025-08-21,achat,False,False,True,3,-1.0185
EURJPY,2025-08-29,achat,False,True,True,1,0.976
EURJPY,2025-08-29,achat,False,True,True,2,1.976
EURJPY,2025-08-29,achat,False,True,True,3,1.1202
EURJPY,2025-09-04,achat,True,False,True,1,0.9742
EURJPY,2025-09-04,achat,True,False,True,2,-1.0258
EURJPY,2025-09-04,achat,True,False,True,3,-1.0258
EURJPY,2025-09-11,achat,True,False,True,1,0.9644
EURJPY,2025-09-11,achat,True,False,True,2,1.9644
EURJPY,2025-09-11,achat,True,False,True,3,2.4632
EURJPY,2025-09-18,achat,False,True,True,1,-1.0174
EURJPY,2025-09-18,achat,False,True,True,2,-1.0174
EURJPY,2025-09-18,achat,False,True,True,3,-1.0174
EURJPY,2025-09-29,vente,True,False,True,1,0.9751
EURJPY,2025-09-29,vente,True,False,True,2,1.9751
EURJPY,2025-09-29,vente,True,False,True,3,2.9751
EURJPY,2025-10-03,achat,True,False,True,1,0.976
EURJPY,2025-10-03,achat,True,False,True,2,1.976
EURJPY,2025-10-03,achat,True,False,True,3,2.976
EURJPY,2025-10-09,vente,False,False,True,1,0.9845
EURJPY,2025-10-09,vente,False,False,True,2,0.9824
EURJPY,2025-10-09,vente,False,False,True,3,0.9824
EURJPY,2025-10-21,achat,False,False,True,1,0.9821
EURJPY,2025-10-21,achat,False,False,True,2,1.8677
EURJPY,2025-10-21,achat,False,False,True,3,1.8677
EURJPY,2025-11-07,achat,False,False,True,1,0.9848
EURJPY,2025-11-07,achat,False,False,True,2,1.9848
EURJPY,2025-11-07,achat,False,False,True,3,1.8655
EURJPY,2025-11-17,achat,False,False,True,1,0.979
EURJPY,2025-11-17,achat,False,False,True,2,1.979
EURJPY,2025-11-17,achat,False,False,True,3,2.1877
EURJPY,2025-11-21,vente,False,False,True,1,-0.7383
EURJPY,2025-11-21,vente,False,False,True,2,-0.7383
EURJPY,2025-11-21,vente,False,False,True,3,-0.7383
EURJPY,2025-11-26,achat,False,False,True,1,-1.0161
EURJPY,2025-11-26,achat,False,False,True,2,-1.0161
EURJPY,2025-11-26,achat,False,False,True,3,-1.0161
EURJPY,2025-11-28,vente,False,False,True,1,0.9621
EURJPY,2025-11-28,vente,False,False,True,2,1.9621
EURJPY,2025-11-28,vente,False,False,True,3,0.4318
EURJPY,2025-12-02,achat,False,False,True,1,-1.0211
EURJPY,2025-12-02,achat,False,False,True,2,-1.0211
EURJPY,2025-12-02,achat,False,False,True,3,-1.0211
EURJPY,2025-12-11,achat,False,False,True,1,-1.0205
EURJPY,2025-12-11,achat,False,False,True,2,-1.0205
EURJPY,2025-12-11,achat,False,False,True,3,-1.0205
EURJPY,2025-12-15,vente,False,False,True,1,-1.0181
EURJPY,2025-12-15,vente,False,False,True,2,-1.0181
EURJPY,2025-12-15,vente,False,False,True,3,-1.0181
EURJPY,2025-12-17,achat,False,False,True,1,0.9855
EURJPY,2025-12-17,achat,False,False,True,2,1.9855
EURJPY,2025-12-17,achat,False,False,True,3,1.8769
EURJPY,2025-12-19,achat,True,False,True,1,-0.5126
EURJPY,2025-12-19,achat,True,False,True,2,-0.5126
EURJPY,2025-12-19,achat,True,False,True,3,-0.5126
EURJPY,2025-12-29,vente,False,False,True,1,-0.6684
EURJPY,2025-12-29,vente,False,False,True,2,-0.6684
EURJPY,2025-12-29,vente,False,False,True,3,-0.6684
EURJPY,2026-01-09,achat,False,False,True,1,0.9829
EURJPY,2026-01-09,achat,False,False,True,2,1.9829
EURJPY,2026-01-09,achat,False,False,True,3,0.8451
EURJPY,2026-01-19,achat,False,False,True,1,0.9866
EURJPY,2026-01-19,achat,False,False,True,2,1.9474
EURJPY,2026-01-19,achat,False,False,True,3,1.9474
EURJPY,2026-01-22,achat,True,False,True,1,-1.0099
EURJPY,2026-01-22,achat,True,False,True,2,-1.0099
EURJPY,2026-01-22,achat,True,False,True,3,-1.0099
EURJPY,2026-01-23,vente,False,False,True,1,0.3183
EURJPY,2026-01-23,vente,False,False,True,2,0.3183
EURJPY,2026-01-23,vente,False,False,True,3,0.3183
EURJPY,2026-01-29,vente,False,True,True,1,-1.0309
EURJPY,2026-01-29,vente,False,True,True,2,-1.0309
EURJPY,2026-01-29,vente,False,True,True,3,-1.0309
EURJPY,2026-02-06,achat,False,False,True,1,-1.0105
EURJPY,2026-02-06,achat,False,False,True,2,-1.0105
EURJPY,2026-02-06,achat,False,False,True,3,-1.0105
EURJPY,2026-02-16,achat,False,True,True,1,-1.0213
EURJPY,2026-02-16,achat,False,True,True,2,-1.0213
EURJPY,2026-02-16,achat,False,True,True,3,-1.0213
EURJPY,2026-02-18,achat,False,True,True,1,0.0235
EURJPY,2026-02-18,achat,False,True,True,2,0.0235
EURJPY,2026-02-18,achat,False,True,True,3,0.0235
EURJPY,2026-02-23,vente,False,False,True,1,-1.0353
EURJPY,2026-02-23,vente,False,False,True,2,-1.0353
EURJPY,2026-02-23,vente,False,False,True,3,-1.0353
EURJPY,2026-02-24,achat,True,False,True,1,0.9876
EURJPY,2026-02-24,achat,True,False,True,2,0.654
EURJPY,2026-02-24,achat,True,False,True,3,0.654
EURJPY,2026-03-12,vente,False,True,True,1,0.9502
EURJPY,2026-03-12,vente,False,True,True,2,1.9502
EURJPY,2026-03-12,vente,False,True,True,3,2.9502
EURJPY,2026-03-20,achat,True,False,True,1,0.0054
EURJPY,2026-03-20,achat,True,False,True,2,0.0054
EURJPY,2026-03-20,achat,True,False,True,3,0.0054
EURJPY,2026-03-24,achat,False,True,True,1,0.2479
EURJPY,2026-03-24,achat,False,True,True,2,0.2479
EURJPY,2026-03-24,achat,False,True,True,3,0.2479
EURJPY,2026-03-27,achat,False,True,True,1,-1.0222
EURJPY,2026-03-27,achat,False,True,True,2,-1.0222
EURJPY,2026-03-27,achat,False,True,True,3,-1.0222
EURJPY,2026-03-30,vente,False,False,True,1,-1.0143
EURJPY,2026-03-30,vente,False,False,True,2,-1.0143
EURJPY,2026-03-30,vente,False,False,True,3,-1.0143
EURJPY,2026-04-06,achat,False,True,True,1,0.9761
EURJPY,2026-04-06,achat,False,True,True,2,1.9761
EURJPY,2026-04-06,achat,False,True,True,3,2.9761
EURJPY,2026-04-09,achat,True,False,True,1,0.9864
EURJPY,2026-04-09,achat,True,False,True,2,1.2123
EURJPY,2026-04-09,achat,True,False,True,3,1.2123
EURJPY,2026-04-17,vente,False,False,True,1,-0.0704
EURJPY,2026-04-17,vente,False,False,True,2,-0.0704
EURJPY,2026-04-17,vente,False,False,True,3,-0.0704
EURJPY,2026-04-24,achat,False,True,True,1,-1.0376
EURJPY,2026-04-24,achat,False,True,True,2,-1.0376
EURJPY,2026-04-24,achat,False,True,True,3,-1.0376
EURJPY,2026-04-28,achat,False,True,True,1,-1.0176
EURJPY,2026-04-28,achat,False,True,True,2,-1.0176
EURJPY,2026-04-28,achat,False,True,True,3,-1.0176
EURJPY,2026-04-30,vente,True,False,True,1,-0.1658
EURJPY,2026-04-30,vente,True,False,True,2,-0.1658
EURJPY,2026-04-30,vente,True,False,True,3,-0.1658
EURJPY,2026-05-18,achat,False,False,True,1,-1.0207
EURJPY,2026-05-18,achat,False,False,True,2,-1.0207
EURJPY,2026-05-18,achat,False,False,True,3,-1.0207
EURJPY,2026-05-26,achat,True,False,True,1,0.9664
EURJPY,2026-05-26,achat,True,False,True,2,0.8748
EURJPY,2026-05-26,achat,True,False,True,3,0.8748
EURJPY,2026-06-03,vente,False,True,True,1,0.9565
EURJPY,2026-06-03,vente,False,True,True,2,-1.0435
EURJPY,2026-06-03,vente,False,True,True,3,-1.0435
EURJPY,2026-06-05,vente,False,True,True,1,-0.3271
EURJPY,2026-06-05,vente,False,True,True,2,-0.3271
EURJPY,2026-06-05,vente,False,True,True,3,-0.3271
EURJPY,2026-06-09,achat,False,False,True,1,0.9646
EURJPY,2026-06-09,achat,False,False,True,2,0.8254
EURJPY,2026-06-09,achat,False,False,True,3,0.8254
EURJPY,2026-06-17,vente,False,True,True,1,0.1057
EURJPY,2026-06-17,vente,False,True,True,2,0.1057
EURJPY,2026-06-17,vente,False,True,True,3,0.1057
EURJPY,2026-06-22,vente,False,False,True,1,0.9809
EURJPY,2026-06-22,vente,False,False,True,2,0.9936
EURJPY,2026-06-22,vente,False,False,True,3,0.9936
EURJPY,2026-07-08,achat,True,False,True,1,-1.0251
EURJPY,2026-07-08,achat,True,False,True,2,-1.0251
EURJPY,2026-07-08,achat,True,False,True,3,-1.0251
EURJPY,2026-07-21,achat,False,False,True,1,0.2438
EURJPY,2026-07-21,achat,False,False,True,2,0.2438
EURJPY,2026-07-21,achat,False,False,True,3,0.2438
EURJPY,2026-07-28,achat,False,True,True,1,0.9728
EURJPY,2026-07-28,achat,False,True,True,2,-1.0272
EURJPY,2026-07-28,achat,False,True,True,3,-1.0272
EURJPY,2026-07-30,vente,True,False,True,1,0.9948
EURJPY,2026-07-30,vente,True,False,True,2,0.9431
EURJPY,2026-07-30,vente,True,False,True,3,0.9431
EURJPY,2026-08-10,achat,True,False,True,1,0.0821
EURJPY,2026-08-10,achat,True,False,True,2,0.0821
EURJPY,2026-08-10,achat,True,False,True,3,0.0821
EURJPY,2026-08-12,vente,False,True,True,1,-1.0492
EURJPY,2026-08-12,vente,False,True,True,2,-1.0492
EURJPY,2026-08-12,vente,False,True,True,3,-1.0492
EURJPY,2026-08-13,achat,False,False,True,1,0.9677
EURJPY,2026-08-13,achat,False,False,True,2,1.9677
EURJPY,2026-08-13,achat,False,False,True,3,1.7204
EURJPY,2026-08-26,vente,False,False,True,1,-1.0473
EURJPY,2026-08-26,vente,False,False,True,2,-1.0473
EURJPY,2026-08-26,vente,False,False,True,3,-1.0473
EURJPY,2026-08-28,vente,False,False,True,1,0.9737
EURJPY,2026-08-28,vente,False,False,True,2,1.9737
EURJPY,2026-08-28,vente,False,False,True,3,2.9737
EURJPY,2026-09-02,vente,False,False,True,1,0.9908
EURJPY,2026-09-02,vente,False,False,True,2,1.9908
EURJPY,2026-09-02,vente,False,False,True,3,2.9908
EURJPY,2026-09-07,vente,False,True,True,1,-0.1904
EURJPY,2026-09-07,vente,False,True,True,2,-0.1904
EURJPY,2026-09-07,vente,False,True,True,3,-0.1904
EURJPY,2026-09-11,vente,False,False,True,1,-0.5996
EURJPY,2026-09-11,vente,False,False,True,2,-0.5996
EURJPY,2026-09-11,vente,False,False,True,3,-0.5996
EURJPY,2026-09-17,achat,False,False,True,1,0.9804
EURJPY,2026-09-17,achat,False,False,True,2,1.9804
EURJPY,2026-09-17,achat,False,False,True,3,2.9804
EURJPY,2026-09-24,achat,False,False,True,1,-1.0128
EURJPY,2026-09-24,achat,False,False,True,2,-1.0128
EURJPY,2026-09-24,achat,False,False,True,3,-1.0128
EURJPY,2026-09-25,vente,False,False,True,1,0.9904
EURJPY,2026-09-25,vente,False,False,True,2,0.4074
EURJPY,2026-09-25,vente,False,False,True,3,0.4074
EURNZD,2023-12-19,vente,False,False,True,1,0.9544
EURNZD,2023-12-19,vente,False,False,True,2,1.9544
EURNZD,2023-12-19,vente,False,False,True,3,0.2143
EURNZD,2023-12-27,achat,False,False,True,1,0.9653
EURNZD,2023-12-27,achat,False,False,True,2,-1.0347
EURNZD,2023-12-27,achat,False,False,True,3,-1.0347
EURNZD,2024-01-04,achat,False,True,True,1,-0.2749
EURNZD,2024-01-04,achat,False,True,True,2,-0.2749
EURNZD,2024-01-04,achat,False,True,True,3,-0.2749
EURNZD,2024-01-15,achat,False,False,True,1,0.9759
EURNZD,2024-01-15,achat,False,False,True,2,0.7691
EURNZD,2024-01-15,achat,False,False,True,3,0.7691
EURNZD,2024-01-19,achat,True,False,True,1,0.9588
EURNZD,2024-01-19,achat,True,False,True,2,-1.0412
EURNZD,2024-01-19,achat,True,False,True,3,-1.0412
EURNZD,2024-01-23,vente,False,False,True,1,-0.2143
EURNZD,2024-01-23,vente,False,False,True,2,-0.2143
EURNZD,2024-01-23,vente,False,False,True,3,-0.2143
EURNZD,2024-01-25,vente,False,False,True,1,0.9579
EURNZD,2024-01-25,vente,False,False,True,2,1.9579
EURNZD,2024-01-25,vente,False,False,True,3,0.9523
EURNZD,2024-01-29,vente,False,False,True,1,-0.2513
EURNZD,2024-01-29,vente,False,False,True,2,-0.2513
EURNZD,2024-01-29,vente,False,False,True,3,-0.2513
EURNZD,2024-02-01,achat,False,True,True,1,0.9617
EURNZD,2024-02-01,achat,False,True,True,2,-1.0383
EURNZD,2024-02-01,achat,False,True,True,3,-1.0383
EURNZD,2024-02-09,vente,False,True,True,1,-1.0263
EURNZD,2024-02-09,vente,False,True,True,2,-1.0263
EURNZD,2024-02-09,vente,False,True,True,3,-1.0263
EURNZD,2024-02-16,vente,False,False,True,1,0.9656
EURNZD,2024-02-16,vente,False,False,True,2,0.9151
EURNZD,2024-02-16,vente,False,False,True,3,0.9151
EURNZD,2024-02-26,achat,True,False,True,1,0.9749
EURNZD,2024-02-26,achat,True,False,True,2,1.9749
EURNZD,2024-02-26,achat,True,False,True,3,1.311
EURNZD,2024-02-28,achat,False,False,True,1,0.1032
EURNZD,2024-02-28,achat,False,False,True,2,0.1032
EURNZD,2024-02-28,achat,False,False,True,3,0.1032
EURNZD,2024-03-04,achat,True,False,True,1,-1.047
EURNZD,2024-03-04,achat,True,False,True,2,-1.047
EURNZD,2024-03-04,achat,True,False,True,3,-1.047
EURNZD,2024-03-06,vente,False,True,True,1,0.9661
EURNZD,2024-03-06,vente,False,True,True,2,0.7534
EURNZD,2024-03-06,vente,False,True,True,3,0.7534
EURNZD,2024-03-14,achat,False,False,True,1,0.9429
EURNZD,2024-03-14,achat,False,False,True,2,1.9429
EURNZD,2024-03-14,achat,False,False,True,3,2.9429
EURNZD,2024-03-19,achat,False,True,True,1,0.7863
EURNZD,2024-03-19,achat,False,True,True,2,0.7863
EURNZD,2024-03-19,achat,False,True,True,3,0.7863
EURNZD,2024-03-21,achat,False,True,True,1,0.9616
EURNZD,2024-03-21,achat,False,True,True,2,0.812
EURNZD,2024-03-21,achat,False,True,True,3,0.812
EURNZD,2024-03-26,vente,False,False,True,1,-1.0708
EURNZD,2024-03-26,vente,False,False,True,2,-1.0708
EURNZD,2024-03-26,vente,False,False,True,3,-1.0708
EURNZD,2024-03-29,vente,False,False,True,1,0.8438
EURNZD,2024-03-29,vente,False,False,True,2,1.8438
EURNZD,2024-03-29,vente,False,False,True,3,-1.1562
EURNZD,2024-04-03,vente,False,False,True,1,0.2557
EURNZD,2024-04-03,vente,False,False,True,2,0.2557
EURNZD,2024-04-03,vente,False,False,True,3,0.2557
EURNZD,2024-04-11,vente,True,False,True,1,-1.0262
EURNZD,2024-04-11,vente,True,False,True,2,-1.0262
EURNZD,2024-04-11,vente,True,False,True,3,-1.0262
EURNZD,2024-04-19,achat,True,False,True,1,-1.0468
EURNZD,2024-04-19,achat,True,False,True,2,-1.0468
EURNZD,2024-04-19,achat,True,False,True,3,-1.0468
EURNZD,2024-04-22,vente,False,False,True,1,-1.0384
EURNZD,2024-04-22,vente,False,False,True,2,-1.0384
EURNZD,2024-04-22,vente,False,False,True,3,-1.0384
EURNZD,2024-04-30,achat,False,False,True,1,-1.0139
EURNZD,2024-04-30,achat,False,False,True,2,-1.0139
EURNZD,2024-04-30,achat,False,False,True,3,-1.0139
EURNZD,2024-05-08,vente,False,False,True,1,-0.2974
EURNZD,2024-05-08,vente,False,False,True,2,-0.2974
EURNZD,2024-05-08,vente,False,False,True,3,-0.2974
EURNZD,2024-05-14,vente,False,False,True,1,0.9576
EURNZD,2024-05-14,vente,False,False,True,2,1.9576
EURNZD,2024-05-14,vente,False,False,True,3,2.4781
EURNZD,2024-05-20,achat,False,False,True,1,-1.045
EURNZD,2024-05-20,achat,False,False,True,2,-1.045
EURNZD,2024-05-20,achat,False,False,True,3,-1.045
EURNZD,2024-05-22,vente,False,False,True,1,0.9571
EURNZD,2024-05-22,vente,False,False,True,2,1.26
EURNZD,2024-05-22,vente,False,False,True,3,1.26
EURNZD,2024-05-30,achat,False,False,True,1,-1.0626
EURNZD,2024-05-30,achat,False,False,True,2,-1.0626
EURNZD,2024-05-30,achat,False,False,True,3,-1.0626
EURNZD,2024-05-31,vente,False,False,True,1,0.9531
EURNZD,2024-05-31,vente,False,False,True,2,1.565
EURNZD,2024-05-31,vente,False,False,True,3,1.565
EURNZD,2024-06-05,vente,False,True,True,1,-1.0371
EURNZD,2024-06-05,vente,False,True,True,2,-1.0371
EURNZD,2024-06-05,vente,False,True,True,3,-1.0371
EURNZD,2024-06-13,vente,True,False,True,1,-1.0333
EURNZD,2024-06-13,vente,True,False,True,2,-1.0333
EURNZD,2024-06-13,vente,True,False,True,3,-1.0333
EURNZD,2024-06-17,achat,False,False,True,1,0.9588
EURNZD,2024-06-17,achat,False,False,True,2,-0.2967
EURNZD,2024-06-17,achat,False,False,True,3,-0.2967
EURNZD,2024-06-19,achat,False,False,True,1,-1.082
EURNZD,2024-06-19,achat,False,False,True,2,-1.082
EURNZD,2024-06-19,achat,False,False,True,3,-1.082
EURNZD,2024-06-20,vente,False,False,True,1,0.9385
EURNZD,2024-06-20,vente,False,False,True,2,-1.0615
EURNZD,2024-06-20,vente,False,False,True,3,-1.0615
EURNZD,2024-06-24,achat,True,False,True,1,0.9488
EURNZD,2024-06-24,achat,True,False,True,2,1.0597
EURNZD,2024-06-24,achat,True,False,True,3,1.0597
EURNZD,2024-06-26,achat,True,False,True,1,0.9658
EURNZD,2024-06-26,achat,True,False,True,2,1.5559
EURNZD,2024-06-26,achat,True,False,True,3,1.5559
EURNZD,2024-07-01,achat,False,False,True,1,-0.2144
EURNZD,2024-07-01,achat,False,False,True,2,-0.2144
EURNZD,2024-07-01,achat,False,False,True,3,-0.2144
EURNZD,2024-07-04,achat,False,True,True,1,-1.0591
EURNZD,2024-07-04,achat,False,True,True,2,-1.0591
EURNZD,2024-07-04,achat,False,True,True,3,-1.0591
EURNZD,2024-07-05,vente,False,False,True,1,-1.0406
EURNZD,2024-07-05,vente,False,False,True,2,-1.0406
EURNZD,2024-07-05,vente,False,False,True,3,-1.0406
EURNZD,2024-07-10,achat,False,True,True,1,0.846
EURNZD,2024-07-10,achat,False,True,True,2,0.846
EURNZD,2024-07-10,achat,False,True,True,3,0.846
EURNZD,2024-07-15,achat,False,False,True,1,0.9665
EURNZD,2024-07-15,achat,False,False,True,2,1.1218
EURNZD,2024-07-15,achat,False,False,True,3,1.1218
EURNZD,2024-07-29,vente,False,False,True,1,0.9333
EURNZD,2024-07-29,vente,False,False,True,2,1.9333
EURNZD,2024-07-29,vente,False,False,True,3,2.9333
EURNZD,2024-08-02,achat,False,True,True,1,0.9847
EURNZD,2024-08-02,achat,False,True,True,2,-0.3386
EURNZD,2024-08-02,achat,False,True,True,3,-0.3386
EURNZD,2024-08-06,vente,True,False,True,1,0.4631
EURNZD,2024-08-06,vente,True,False,True,2,0.4631
EURNZD,2024-08-06,vente,True,False,True,3,0.4631
EURNZD,2024-08-12,vente,False,False,True,1,0.9478
EURNZD,2024-08-12,vente,False,False,True,2,-1.0522
EURNZD,2024-08-12,vente,False,False,True,3,-1.0522
EURNZD,2024-08-14,achat,False,False,True,1,-0.8259
EURNZD,2024-08-14,achat,False,False,True,2,-0.8259
EURNZD,2024-08-14,achat,False,False,True,3,-0.8259
EURNZD,2024-08-27,vente,True,False,True,1,0.974
EURNZD,2024-08-27,vente,True,False,True,2,1.974
EURNZD,2024-08-27,vente,True,False,True,3,1.9697
EURNZD,2024-09-02,achat,False,False,True,1,0.9666
EURNZD,2024-09-02,achat,False,False,True,2,0.9432
EURNZD,2024-09-02,achat,False,False,True,3,0.9432
EURNZD,2024-09-05,vente,False,False,True,1,-1.0391
EURNZD,2024-09-05,vente,False,False,True,2,-1.0391
EURNZD,2024-09-05,vente,False,False,True,3,-1.0391
EURNZD,2024-09-06,achat,False,False,True,1,0.0184
EURNZD,2024-09-06,achat,False,False,True,2,0.0184
EURNZD,2024-09-06,achat,False,False,True,3,0.0184
EURNZD,2024-09-12,vente,True,False,True,1,-1.0363
EURNZD,2024-09-12,vente,True,False,True,2,-1.0363
EURNZD,2024-09-12,vente,True,False,True,3,-1.0363
EURNZD,2024-09-13,achat,False,True,True,1,-1.032
EURNZD,2024-09-13,achat,False,True,True,2,-1.032
EURNZD,2024-09-13,achat,False,True,True,3,-1.032
EURNZD,2024-09-23,vente,False,False,True,1,0.3821
EURNZD,2024-09-23,vente,False,False,True,2,0.3821
EURNZD,2024-09-23,vente,False,False,True,3,0.3821
EURNZD,2024-09-25,achat,False,True,True,1,-1.0163
EURNZD,2024-09-25,achat,False,True,True,2,-1.0163
EURNZD,2024-09-25,achat,False,True,True,3,-1.0163
EURNZD,2024-10-01,achat,False,False,True,1,0.9643
EURNZD,2024-10-01,achat,False,False,True,2,1.9643
EURNZD,2024-10-01,achat,False,False,True,3,2.4328
EURNZD,2024-10-09,achat,False,True,True,1,-0.7975
EURNZD,2024-10-09,achat,False,True,True,2,-0.7975
EURNZD,2024-10-09,achat,False,True,True,3,-0.7975
EURNZD,2024-10-15,achat,False,True,True,1,-1.025
EURNZD,2024-10-15,achat,False,True,True,2,-1.025
EURNZD,2024-10-15,achat,False,True,True,3,-1.025
EURNZD,2024-10-22,vente,False,False,True,1,-1.0299
EURNZD,2024-10-22,vente,False,False,True,2,-1.0299
EURNZD,2024-10-22,vente,False,False,True,3,-1.0299
EURNZD,2024-11-01,vente,True,False,True,1,0.9634
EURNZD,2024-11-01,vente,True,False,True,2,1.9634
EURNZD,2024-11-01,vente,True,False,True,3,1.094
EURNZD,2024-11-11,vente,False,False,True,1,-1.0263
EURNZD,2024-11-11,vente,False,False,True,2,-1.0263
EURNZD,2024-11-11,vente,False,False,True,3,-1.0263
EURNZD,2024-11-19,vente,True,False,True,1,0.9684
EURNZD,2024-11-19,vente,True,False,True,2,0.6878
EURNZD,2024-11-19,vente,True,False,True,3,0.6878
EURNZD,2024-11-21,vente,True,False,True,1,0.971
EURNZD,2024-11-21,vente,True,False,True,2,-1.029
EURNZD,2024-11-21,vente,True,False,True,3,-1.029
EURNZD,2024-11-25,achat,False,True,True,1,-1.0264
EURNZD,2024-11-25,achat,False,True,True,2,-1.0264
EURNZD,2024-11-25,achat,False,True,True,3,-1.0264
EURNZD,2024-11-27,vente,True,False,True,1,0.9607
EURNZD,2024-11-27,vente,True,False,True,2,0.9555
EURNZD,2024-11-27,vente,True,False,True,3,0.9555
EURNZD,2024-12-03,achat,False,False,True,1,0.9467
EURNZD,2024-12-03,achat,False,False,True,2,1.9467
EURNZD,2024-12-03,achat,False,False,True,3,2.9467
EURNZD,2024-12-10,achat,True,False,True,1,0.5
EURNZD,2024-12-10,achat,True,False,True,2,0.5
EURNZD,2024-12-10,achat,True,False,True,3,0.5
EURNZD,2024-12-17,achat,False,False,True,1,0.9598
EURNZD,2024-12-17,achat,False,False,True,2,1.9598
EURNZD,2024-12-17,achat,False,False,True,3,2.9598
EURNZD,2024-12-20,achat,False,True,True,1,-1.0557
EURNZD,2024-12-20,achat,False,True,True,2,-1.0557
EURNZD,2024-12-20,achat,False,True,True,3,-1.0557
EURNZD,2024-12-23,vente,True,False,True,1,0.9485
EURNZD,2024-12-23,vente,True,False,True,2,-1.0515
EURNZD,2024-12-23,vente,True,False,True,3,-1.0515
EURNZD,2024-12-31,achat,False,False,True,1,-1.0451
EURNZD,2024-12-31,achat,False,False,True,2,-1.0451
EURNZD,2024-12-31,achat,False,False,True,3,-1.0451
EURNZD,2025-01-13,vente,False,False,True,1,-0.5464
EURNZD,2025-01-13,vente,False,False,True,2,-0.5464
EURNZD,2025-01-13,vente,False,False,True,3,-0.5464
EURNZD,2025-01-15,vente,False,False,True,1,-1.0264
EURNZD,2025-01-15,vente,False,False,True,2,-1.0264
EURNZD,2025-01-15,vente,False,False,True,3,-1.0264
EURNZD,2025-01-20,vente,False,False,True,1,-0.1557
EURNZD,2025-01-20,vente,False,False,True,2,-0.1557
EURNZD,2025-01-20,vente,False,False,True,3,-0.1557
EURNZD,2025-01-30,achat,False,True,True,1,-1.0545
EURNZD,2025-01-30,achat,False,True,True,2,-1.0545
EURNZD,2025-01-30,achat,False,True,True,3,-1.0545
EURNZD,2025-01-31,vente,False,False,True,1,-1.0322
EURNZD,2025-01-31,vente,False,False,True,2,-1.0322
EURNZD,2025-01-31,vente,False,False,True,3,-1.0322
EURNZD,2025-02-05,vente,False,True,True,1,-0.0508
EURNZD,2025-02-05,vente,False,True,True,2,-0.0508
EURNZD,2025-02-05,vente,False,True,True,3,-0.0508
EURNZD,2025-02-07,vente,False,False,True,1,-1.0403
EURNZD,2025-02-07,vente,False,False,True,2,-1.0403
EURNZD,2025-02-07,vente,False,False,True,3,-1.0403
EURNZD,2025-02-18,achat,False,False,True,1,0.8925
EURNZD,2025-02-18,achat,False,False,True,2,1.8925
EURNZD,2025-02-18,achat,False,False,True,3,-1.1075
EURNZD,2025-02-19,vente,False,True,True,1,0.0816
EURNZD,2025-02-19,vente,False,True,True,2,0.0816
EURNZD,2025-02-19,vente,False,True,True,3,0.0816
EURNZD,2025-03-07,achat,False,False,True,1,0.9833
EURNZD,2025-03-07,achat,False,False,True,2,-0.0167
EURNZD,2025-03-07,achat,False,False,True,3,-0.0167
EURNZD,2025-03-12,vente,False,True,True,1,0.9804
EURNZD,2025-03-12,vente,False,True,True,2,1.461
EURNZD,2025-03-12,vente,False,True,True,3,1.461
EURNZD,2025-03-14,vente,False,False,True,1,0.9778
EURNZD,2025-03-14,vente,False,False,True,2,1.3173
EURNZD,2025-03-14,vente,False,False,True,3,1.3173
EURNZD,2025-03-19,vente,False,True,True,1,-1.0255
EURNZD,2025-03-19,vente,False,True,True,2,-1.0255
EURNZD,2025-03-19,vente,False,True,True,3,-1.0255
EURNZD,2025-03-20,achat,True,False,True,1,-0.2749
EURNZD,2025-03-20,achat,True,False,True,2,-0.2749
EURNZD,2025-03-20,achat,True,False,True,3,-0.2749
EURNZD,2025-03-25,vente,False,True,True,1,0.9565
EURNZD,2025-03-25,vente,False,True,True,2,-1.0435
EURNZD,2025-03-25,vente,False,True,True,3,-1.0435
EURNZD,2025-03-27,achat,True,False,True,1,0.97
EURNZD,2025-03-27,achat,True,False,True,2,1.97
EURNZD,2025-03-27,achat,True,False,True,3,0.628
EURNZD,2025-04-01,vente,False,True,True,1,-1.014
EURNZD,2025-04-01,vente,False,True,True,2,-1.014
EURNZD,2025-04-01,vente,False,True,True,3,-1.014
EURNZD,2025-04-08,achat,False,False,True,1,-1.0062
EURNZD,2025-04-08,achat,False,False,True,2,-1.0062
EURNZD,2025-04-08,achat,False,False,True,3,-1.0062
EURNZD,2025-04-09,vente,True,False,True,1,0.1677
EURNZD,2025-04-09,vente,True,False,True,2,0.1677
EURNZD,2025-04-09,vente,True,False,True,3,0.1677
EURNZD,2025-04-17,vente,True,False,True,1,-1.0139
EURNZD,2025-04-17,vente,True,False,True,2,-1.0139
EURNZD,2025-04-17,vente,True,False,True,3,-1.0139
EURNZD,2025-04-25,achat,False,False,True,1,0.9805
EURNZD,2025-04-25,achat,False,False,True,2,0.0592
EURNZD,2025-04-25,achat,False,False,True,3,0.0592
EURNZD,2025-04-30,vente,True,False,True,1,0.4839
EURNZD,2025-04-30,vente,True,False,True,2,0.4839
EURNZD,2025-04-30,vente,True,False,True,3,0.4839
EURNZD,2025-05-02,vente,False,True,True,1,0.9801
EURNZD,2025-05-02,vente,False,True,True,2,-0.2468
EURNZD,2025-05-02,vente,False,True,True,3,-0.2468
EURNZD,2025-05-07,achat,False,False,True,1,-0.5257
EURNZD,2025-05-07,achat,False,False,True,2,-0.5257
EURNZD,2025-05-07,achat,False,False,True,3,-0.5257
EURNZD,2025-05-09,achat,True,False,True,1,-1.163
EURNZD,2025-05-09,achat,True,False,True,2,-1.163
EURNZD,2025-05-09,achat,True,False,True,3,-1.163
EURNZD,2025-05-12,vente,True,False,True,1,0.9602
EURNZD,2025-05-12,vente,True,False,True,2,-1.0398
EURNZD,2025-05-12,vente,True,False,True,3,-1.0398
EURNZD,2025-05-14,achat,False,False,True,1,-0.1186
EURNZD,2025-05-14,achat,False,False,True,2,-0.1186
EURNZD,2025-05-14,achat,False,False,True,3,-0.1186
EURNZD,2025-05-20,achat,False,False,True,1,-0.5796
EURNZD,2025-05-20,achat,False,False,True,2,-0.5796
EURNZD,2025-05-20,achat,False,False,True,3,-0.5796
EURNZD,2025-05-23,vente,False,True,True,1,0.7114
EURNZD,2025-05-23,vente,False,True,True,2,0.7114
EURNZD,2025-05-23,vente,False,True,True,3,0.7114
EURNZD,2025-05-28,vente,False,True,True,1,-0.3359
EURNZD,2025-05-28,vente,False,True,True,2,-0.3359
EURNZD,2025-05-28,vente,False,True,True,3,-0.3359
EURNZD,2025-06-05,achat,False,True,True,1,-1.0293
EURNZD,2025-06-05,achat,False,True,True,2,-1.0293
EURNZD,2025-06-05,achat,False,True,True,3,-1.0293
EURNZD,2025-06-06,vente,False,False,True,1,0.9145
EURNZD,2025-06-06,vente,False,False,True,2,1.9145
EURNZD,2025-06-06,vente,False,False,True,3,2.9145
EURNZD,2025-06-11,achat,False,True,True,1,0.0944
EURNZD,2025-06-11,achat,False,True,True,2,0.0944
EURNZD,2025-06-11,achat,False,True,True,3,0.0944
EURNZD,2025-06-16,vente,False,False,True,1,-1.025
EURNZD,2025-06-16,vente,False,False,True,2,-1.025
EURNZD,2025-06-16,vente,False,False,True,3,-1.025
EURNZD,2025-06-19,achat,False,False,True,1,0.9807
EURNZD,2025-06-19,achat,False,False,True,2,0.8325
EURNZD,2025-06-19,achat,False,False,True,3,0.8325
EURNZD,2025-06-27,achat,True,False,True,1,0.3276
EURNZD,2025-06-27,achat,True,False,True,2,0.3276
EURNZD,2025-06-27,achat,True,False,True,3,0.3276
EURNZD,2025-07-04,achat,False,False,True,1,0.9616
EURNZD,2025-07-04,achat,False,False,True,2,1.9616
EURNZD,2025-07-04,achat,False,False,True,3,1.8044
EURNZD,2025-07-10,vente,False,False,True,1,-0.6136
EURNZD,2025-07-10,vente,False,False,True,2,-0.6136
EURNZD,2025-07-10,vente,False,False,True,3,-0.6136
EURNZD,2025-07-16,achat,False,False,True,1,0.1446
EURNZD,2025-07-16,achat,False,False,True,2,0.1446
EURNZD,2025-07-16,achat,False,False,True,3,0.1446
EURNZD,2025-07-21,achat,True,False,True,1,-1.0328
EURNZD,2025-07-21,achat,True,False,True,2,-1.0328
EURNZD,2025-07-21,achat,True,False,True,3,-1.0328
EURNZD,2025-07-28,vente,False,False,True,1,0.0886
EURNZD,2025-07-28,vente,False,False,True,2,0.0886
EURNZD,2025-07-28,vente,False,False,True,3,0.0886
EURNZD,2025-07-31,achat,False,False,True,1,0.9753
EURNZD,2025-07-31,achat,False,False,True,2,1.9753
EURNZD,2025-07-31,achat,False,False,True,3,1.6087
EURNZD,2025-08-05,achat,False,False,True,1,-1.0662
EURNZD,2025-08-05,achat,False,False,True,2,-1.0662
EURNZD,2025-08-05,achat,False,False,True,3,-1.0662
EURNZD,2025-08-07,vente,False,False,True,1,-0.3462
EURNZD,2025-08-07,vente,False,False,True,2,-0.3462
EURNZD,2025-08-07,vente,False,False,True,3,-0.3462
EURNZD,2025-08-12,achat,False,False,True,1,0.9522
EURNZD,2025-08-12,achat,False,False,True,2,1.9522
EURNZD,2025-08-12,achat,False,False,True,3,2.5127
EURNZD,2025-08-14,achat,False,False,True,1,0.4478
EURNZD,2025-08-14,achat,False,False,True,2,0.4478
EURNZD,2025-08-14,achat,False,False,True,3,0.4478
EURNZD,2025-08-25,vente,True,False,True,1,0.0349
EURNZD,2025-08-25,vente,True,False,True,2,0.0349
EURNZD,2025-08-25,vente,True,False,True,3,0.0349
EURNZD,2025-08-28,vente,False,True,True,1,0.9345
EURNZD,2025-08-28,vente,False,True,True,2,-1.0655
EURNZD,2025-08-28,vente,False,True,True,3,-1.0655
EURNZD,2025-09-03,vente,False,True,True,1,-1.045
EURNZD,2025-09-03,vente,False,True,True,2,-1.045
EURNZD,2025-09-03,vente,False,True,True,3,-1.045
EURNZD,2025-09-04,achat,False,False,True,1,-1.0258
EURNZD,2025-09-04,achat,False,False,True,2,-1.0258
EURNZD,2025-09-04,achat,False,False,True,3,-1.0258
EURNZD,2025-09-12,achat,False,True,True,1,0.9613
EURNZD,2025-09-12,achat,False,True,True,2,1.9613
EURNZD,2025-09-12,achat,False,True,True,3,2.9613
EURNZD,2025-09-30,vente,False,False,True,1,0.9469
EURNZD,2025-09-30,vente,False,False,True,2,1.9469
EURNZD,2025-09-30,vente,False,False,True,3,1.9894
EURNZD,2025-10-14,achat,False,False,True,1,0.9764
EURNZD,2025-10-14,achat,False,False,True,2,0.2135
EURNZD,2025-10-14,achat,False,False,True,3,0.2135
EURNZD,2025-10-17,vente,True,False,True,1,0.9794
EURNZD,2025-10-17,vente,True,False,True,2,0.7111
EURNZD,2025-10-17,vente,True,False,True,3,0.7111
EURNZD,2025-10-23,vente,True,False,True,1,-1.0446
EURNZD,2025-10-23,vente,True,False,True,2,-1.0446
EURNZD,2025-10-23,vente,True,False,True,3,-1.0446
EURNZD,2025-11-06,achat,False,False,True,1,-0.0059
EURNZD,2025-11-06,achat,False,False,True,2,-0.0059
EURNZD,2025-11-06,achat,False,False,True,3,-0.0059
EURNZD,2025-11-12,vente,True,False,True,1,-1.1186
EURNZD,2025-11-12,vente,True,False,True,2,-1.1186
EURNZD,2025-11-12,vente,True,False,True,3,-1.1186
EURNZD,2025-11-13,achat,False,False,True,1,-1.0209
EURNZD,2025-11-13,achat,False,False,True,2,-1.0209
EURNZD,2025-11-13,achat,False,False,True,3,-1.0209
EURNZD,2025-11-14,vente,False,False,True,1,-1.0203
EURNZD,2025-11-14,vente,False,False,True,2,-1.0203
EURNZD,2025-11-14,vente,False,False,True,3,-1.0203
EURNZD,2025-11-19,achat,False,False,True,1,-0.3558
EURNZD,2025-11-19,achat,False,False,True,2,-0.3558
EURNZD,2025-11-19,achat,False,False,True,3,-0.3558
EURNZD,2025-11-21,vente,False,True,True,1,-1.0227
EURNZD,2025-11-21,vente,False,True,True,2,-1.0227
EURNZD,2025-11-21,vente,False,True,True,3,-1.0227
EURNZD,2025-11-26,vente,False,False,True,1,0.2368
EURNZD,2025-11-26,vente,False,False,True,2,0.2368
EURNZD,2025-11-26,vente,False,False,True,3,0.2368
EURNZD,2025-12-01,achat,False,False,True,1,-1.045
EURNZD,2025-12-01,achat,False,False,True,2,-1.045
EURNZD,2025-12-01,achat,False,False,True,3,-1.045
EURNZD,2025-12-05,vente,False,False,True,1,0.9568
EURNZD,2025-12-05,vente,False,False,True,2,0.4856
EURNZD,2025-12-05,vente,False,False,True,3,0.4856
EURNZD,2025-12-11,achat,False,True,True,1,0.9721
EURNZD,2025-12-11,achat,False,True,True,2,0.9358
EURNZD,2025-12-11,achat,False,True,True,3,0.9358
EURNZD,2025-12-17,achat,True,False,True,1,-1.0362
EURNZD,2025-12-17,achat,True,False,True,2,-1.0362
EURNZD,2025-12-17,achat,True,False,True,3,-1.0362
EURNZD,2025-12-18,vente,False,True,True,1,-1.031
EURNZD,2025-12-18,vente,False,True,True,2,-1.031
EURNZD,2025-12-18,vente,False,True,True,3,-1.031
EURNZD,2025-12-22,vente,False,False,True,1,0.9434
EURNZD,2025-12-22,vente,False,False,True,2,1.9434
EURNZD,2025-12-22,vente,False,False,True,3,1.8962
EURNZD,2025-12-25,achat,False,True,True,1,0.9383
EURNZD,2025-12-25,achat,False,True,True,2,1.9383
EURNZD,2025-12-25,achat,False,True,True,3,1.7839
EURNZD,2025-12-29,achat,False,False,True,1,0.9655
EURNZD,2025-12-29,achat,False,False,True,2,1.9655
EURNZD,2025-12-29,achat,False,False,True,3,1.5793
EURNZD,2026-01-12,vente,False,False,True,1,-0.0468
EURNZD,2026-01-12,vente,False,False,True,2,-0.0468
EURNZD,2026-01-12,vente,False,False,True,3,-0.0468
EURNZD,2026-01-13,achat,False,False,True,1,-1.0253
EURNZD,2026-01-13,achat,False,False,True,2,-1.0253
EURNZD,2026-01-13,achat,False,False,True,3,-1.0253
EURNZD,2026-01-21,vente,False,True,True,1,0.9795
EURNZD,2026-01-21,vente,False,True,True,2,0.6993
EURNZD,2026-01-21,vente,False,True,True,3,0.6993
EURNZD,2026-01-27,achat,False,True,True,1,-1.046
EURNZD,2026-01-27,achat,False,True,True,2,-1.046
EURNZD,2026-01-27,achat,False,True,True,3,-1.046
EURNZD,2026-01-28,vente,False,False,True,1,0.5883
EURNZD,2026-01-28,vente,False,False,True,2,0.5883
EURNZD,2026-01-28,vente,False,False,True,3,0.5883
EURNZD,2026-02-04,achat,False,False,True,1,0.9778
EURNZD,2026-02-04,achat,False,False,True,2,-0.1422
EURNZD,2026-02-04,achat,False,False,True,3,-0.1422
EURNZD,2026-02-06,vente,False,True,True,1,-0.0173
EURNZD,2026-02-06,vente,False,True,True,2,-0.0173
EURNZD,2026-02-06,vente,False,True,True,3,-0.0173
EURNZD,2026-02-11,vente,False,False,True,1,0.9431
EURNZD,2026-02-11,vente,False,False,True,2,-1.0569
EURNZD,2026-02-11,vente,False,False,True,3,-1.0569
EURNZD,2026-02-18,achat,False,False,True,1,0.1838
EURNZD,2026-02-18,achat,False,False,True,2,0.1838
EURNZD,2026-02-18,achat,False,False,True,3,0.1838
EURNZD,2026-03-04,vente,True,False,True,1,-0.0374
EURNZD,2026-03-04,vente,True,False,True,2,-0.0374
EURNZD,2026-03-04,vente,True,False,True,3,-0.0374
EURNZD,2026-03-09,vente,False,False,True,1,-0.8678
EURNZD,2026-03-09,vente,False,False,True,2,-0.8678
EURNZD,2026-03-09,vente,False,False,True,3,-0.8678
EURNZD,2026-03-11,vente,False,True,True,1,0.9038
EURNZD,2026-03-11,vente,False,True,True,2,-1.0962
EURNZD,2026-03-11,vente,False,True,True,3,-1.0962
EURNZD,2026-03-12,achat,False,False,True,1,0.0721
EURNZD,2026-03-12,achat,False,False,True,2,0.0721
EURNZD,2026-03-12,achat,False,False,True,3,0.0721
EURNZD,2026-03-20,achat,False,True,True,1,0.4743
EURNZD,2026-03-20,achat,False,True,True,2,0.4743
EURNZD,2026-03-20,achat,False,True,True,3,0.4743
EURNZD,2026-03-30,vente,False,False,True,1,-1.0486
EURNZD,2026-03-30,vente,False,False,True,2,-1.0486
EURNZD,2026-03-30,vente,False,False,True,3,-1.0486
EURNZD,2026-03-31,achat,True,False,True,1,0.9671
EURNZD,2026-03-31,achat,True,False,True,2,1.3128
EURNZD,2026-03-31,achat,True,False,True,3,1.3128
EURNZD,2026-04-06,vente,True,False,True,1,-1.0626
EURNZD,2026-04-06,vente,True,False,True,2,-1.0626
EURNZD,2026-04-06,vente,True,False,True,3,-1.0626
EURNZD,2026-04-10,achat,False,False,True,1,-1.0246
EURNZD,2026-04-10,achat,False,False,True,2,-1.0246
EURNZD,2026-04-10,achat,False,False,True,3,-1.0246
EURNZD,2026-04-16,achat,False,False,True,1,-1.0414
EURNZD,2026-04-16,achat,False,False,True,2,-1.0414
EURNZD,2026-04-16,achat,False,False,True,3,-1.0414
EURNZD,2026-04-23,achat,False,False,True,1,-1.0202
EURNZD,2026-04-23,achat,False,False,True,2,-1.0202
EURNZD,2026-04-23,achat,False,False,True,3,-1.0202
EURNZD,2026-04-30,vente,False,False,True,1,0.0288
EURNZD,2026-04-30,vente,False,False,True,2,0.0288
EURNZD,2026-04-30,vente,False,False,True,3,0.0288
EURNZD,2026-05-13,achat,False,False,True,1,0.9628
EURNZD,2026-05-13,achat,False,False,True,2,1.9628
EURNZD,2026-05-13,achat,False,False,True,3,1.0682
EURNZD,2026-05-20,vente,False,False,True,1,-0.3367
EURNZD,2026-05-20,vente,False,False,True,2,-0.3367
EURNZD,2026-05-20,vente,False,False,True,3,-0.3367
EURNZD,2026-05-22,achat,True,False,True,1,0.9616
EURNZD,2026-05-22,achat,True,False,True,2,-1.0384
EURNZD,2026-05-22,achat,True,False,True,3,-1.0384
EURNZD,2026-05-27,vente,False,False,True,1,0.9857
EURNZD,2026-05-27,vente,False,False,True,2,0.5423
EURNZD,2026-05-27,vente,False,False,True,3,0.5423
EURNZD,2026-06-10,achat,False,False,True,1,-1.03
EURNZD,2026-06-10,achat,False,False,True,2,-1.03
EURNZD,2026-06-10,achat,False,False,True,3,-1.03
EURNZD,2026-06-11,vente,False,False,True,1,-1.024
EURNZD,2026-06-11,vente,False,False,True,2,-1.024
EURNZD,2026-06-11,vente,False,False,True,3,-1.024
EURNZD,2026-06-15,achat,False,False,True,1,0.1835
EURNZD,2026-06-15,achat,False,False,True,2,0.1835
EURNZD,2026-06-15,achat,False,False,True,3,0.1835
EURNZD,2026-06-19,achat,False,True,True,1,0.9659
EURNZD,2026-06-19,achat,False,True,True,2,1.58
EURNZD,2026-06-19,achat,False,True,True,3,1.58
EURNZD,2026-06-30,vente,True,False,True,1,0.726
EURNZD,2026-06-30,vente,True,False,True,2,0.726
EURNZD,2026-06-30,vente,True,False,True,3,0.726
EURNZD,2026-07-03,vente,False,False,True,1,-1.0579
EURNZD,2026-07-03,vente,False,False,True,2,-1.0579
EURNZD,2026-07-03,vente,False,False,True,3,-1.0579
EURNZD,2026-07-08,vente,False,False,True,1,0.9736
EURNZD,2026-07-08,vente,False,False,True,2,1.9736
EURNZD,2026-07-08,vente,False,False,True,3,2.0474
EURNZD,2026-07-21,achat,False,False,True,1,0.9787
EURNZD,2026-07-21,achat,False,False,True,2,0.4401
EURNZD,2026-07-21,achat,False,False,True,3,0.4401
EURNZD,2026-07-29,achat,False,False,True,1,-1.0283
EURNZD,2026-07-29,achat,False,False,True,2,-1.0283
EURNZD,2026-07-29,achat,False,False,True,3,-1.0283
EURNZD,2026-07-30,vente,True,False,True,1,-0.0808
EURNZD,2026-07-30,vente,True,False,True,2,-0.0808
EURNZD,2026-07-30,vente,True,False,True,3,-0.0808
EURNZD,2026-08-07,vente,False,False,True,1,-1.0615
EURNZD,2026-08-07,vente,False,False,True,2,-1.0615
EURNZD,2026-08-07,vente,False,False,True,3,-1.0615
EURNZD,2026-08-11,achat,False,False,True,1,0.9491
EURNZD,2026-08-11,achat,False,False,True,2,1.9491
EURNZD,2026-08-11,achat,False,False,True,3,-0.0747
EURNZD,2026-08-14,vente,False,False,True,1,-1.0403
EURNZD,2026-08-14,vente,False,False,True,2,-1.0403
EURNZD,2026-08-14,vente,False,False,True,3,-1.0403
EURNZD,2026-08-18,achat,False,True,True,1,-1.0273
EURNZD,2026-08-18,achat,False,True,True,2,-1.0273
EURNZD,2026-08-18,achat,False,True,True,3,-1.0273
EURNZD,2026-08-25,vente,False,True,True,1,-1.0417
EURNZD,2026-08-25,vente,False,True,True,2,-1.0417
EURNZD,2026-08-25,vente,False,True,True,3,-1.0417
EURNZD,2026-08-26,achat,False,False,True,1,-1.0423
EURNZD,2026-08-26,achat,False,False,True,2,-1.0423
EURNZD,2026-08-26,achat,False,False,True,3,-1.0423
EURNZD,2026-09-07,achat,True,False,True,1,0.9088
EURNZD,2026-09-07,achat,True,False,True,2,1.9088
EURNZD,2026-09-07,achat,True,False,True,3,2.9088
EURNZD,2026-09-18,achat,True,False,True,1,0.9423
EURNZD,2026-09-18,achat,True,False,True,2,-1.0577
EURNZD,2026-09-18,achat,True,False,True,3,-1.0577
EURNZD,2026-09-22,vente,False,True,True,1,-1.0211
EURNZD,2026-09-22,vente,False,True,True,2,-1.0211
EURNZD,2026-09-22,vente,False,True,True,3,-1.0211
EURNZD,2026-09-28,vente,False,True,True,1,-1.0451
EURNZD,2026-09-28,vente,False,True,True,2,-1.0451
EURNZD,2026-09-28,vente,False,True,True,3,-1.0451
EURUSD,2023-12-21,achat,False,False,True,1,0.4718
EURUSD,2023-12-21,achat,False,False,True,2,0.4718
EURUSD,2023-12-21,achat,False,False,True,3,0.4718
EURUSD,2024-01-04,achat,False,False,True,1,-1.0242
EURUSD,2024-01-04,achat,False,False,True,2,-1.0242
EURUSD,2024-01-04,achat,False,False,True,3,-1.0242
EURUSD,2024-01-08,achat,False,False,True,1,-1.0295
EURUSD,2024-01-08,achat,False,False,True,2,-1.0295
EURUSD,2024-01-08,achat,False,False,True,3,-1.0295
EURUSD,2024-01-09,vente,False,False,True,1,-1.0225
EURUSD,2024-01-09,vente,False,False,True,2,-1.0225
EURUSD,2024-01-09,vente,False,False,True,3,-1.0225
EURUSD,2024-01-10,achat,False,False,True,1,-0.566
EURUSD,2024-01-10,achat,False,False,True,2,-0.566
EURUSD,2024-01-10,achat,False,False,True,3,-0.566
EURUSD,2024-01-12,vente,True,False,True,1,0.979
EURUSD,2024-01-12,vente,True,False,True,2,1.979
EURUSD,2024-01-12,vente,True,False,True,3,1.7312
EURUSD,2024-01-18,vente,False,False,True,1,-1.0262
EURUSD,2024-01-18,vente,False,False,True,2,-1.0262
EURUSD,2024-01-18,vente,False,False,True,3,-1.0262
EURUSD,2024-01-19,achat,False,True,True,1,-1.0263
EURUSD,2024-01-19,achat,False,True,True,2,-1.0263
EURUSD,2024-01-19,achat,False,True,True,3,-1.0263
EURUSD,2024-01-24,achat,False,True,True,1,-1.0245
EURUSD,2024-01-24,achat,False,True,True,2,-1.0245
EURUSD,2024-01-24,achat,False,True,True,3,-1.0245
EURUSD,2024-01-25,vente,False,False,True,1,0.0505
EURUSD,2024-01-25,vente,False,False,True,2,0.0505
EURUSD,2024-01-25,vente,False,False,True,3,0.0505
EURUSD,2024-01-31,vente,False,True,True,1,-1.0096
EURUSD,2024-01-31,vente,False,True,True,2,-1.0096
EURUSD,2024-01-31,vente,False,True,True,3,-1.0096
EURUSD,2024-02-01,achat,False,False,True,1,-1.0083
EURUSD,2024-02-01,achat,False,False,True,2,-1.0083
EURUSD,2024-02-01,achat,False,False,True,3,-1.0083
EURUSD,2024-02-02,vente,False,False,True,1,0.1435
EURUSD,2024-02-02,vente,False,False,True,2,0.1435
EURUSD,2024-02-02,vente,False,False,True,3,0.1435
EURUSD,2024-02-12,vente,False,False,True,1,0.9769
EURUSD,2024-02-12,vente,False,False,True,2,1.9769
EURUSD,2024-02-12,vente,False,False,True,3,-0.0567
EURUSD,2024-02-19,vente,False,False,True,1,-1.0501
EURUSD,2024-02-19,vente,False,False,True,2,-1.0501
EURUSD,2024-02-19,vente,False,False,True,3,-1.0501
EURUSD,2024-02-20,achat,True,False,True,1,0.9843
EURUSD,2024-02-20,achat,True,False,True,2,0.1453
EURUSD,2024-02-20,achat,True,False,True,3,0.1453
EURUSD,2024-02-23,vente,False,False,True,1,-1.0385
EURUSD,2024-02-23,vente,False,False,True,2,-1.0385
EURUSD,2024-02-23,vente,False,False,True,3,-1.0385
EURUSD,2024-02-26,achat,False,False,True,1,-1.0208
EURUSD,2024-02-26,achat,False,False,True,2,-1.0208
EURUSD,2024-02-26,achat,False,False,True,3,-1.0208
EURUSD,2024-03-13,achat,False,False,True,1,-1.0225
EURUSD,2024-03-13,achat,False,False,True,2,-1.0225
EURUSD,2024-03-13,achat,False,False,True,3,-1.0225
EURUSD,2024-03-14,vente,False,False,True,1,0.2624
EURUSD,2024-03-14,vente,False,False,True,2,0.2624
EURUSD,2024-03-14,vente,False,False,True,3,0.2624
EURUSD,2024-03-18,vente,False,False,True,1,0.9765
EURUSD,2024-03-18,vente,False,False,True,2,-1.0235
EURUSD,2024-03-18,vente,False,False,True,3,-1.0235
EURUSD,2024-03-20,achat,False,False,True,1,-1.0079
EURUSD,2024-03-20,achat,False,False,True,2,-1.0079
EURUSD,2024-03-20,achat,False,False,True,3,-1.0079
EURUSD,2024-04-01,vente,False,False,True,1,-1.0124
EURUSD,2024-04-01,vente,False,False,True,2,-1.0124
EURUSD,2024-04-01,vente,False,False,True,3,-1.0124
EURUSD,2024-04-05,achat,False,False,True,1,-1.0168
EURUSD,2024-04-05,achat,False,False,True,2,-1.0168
EURUSD,2024-04-05,achat,False,False,True,3,-1.0168
EURUSD,2024-04-17,achat,False,True,True,1,-0.2468
EURUSD,2024-04-17,achat,False,True,True,2,-0.2468
EURUSD,2024-04-17,achat,False,True,True,3,-0.2468
EURUSD,2024-04-23,achat,False,True,True,1,-0.1166
EURUSD,2024-04-23,achat,False,True,True,2,-0.1166
EURUSD,2024-04-23,achat,False,True,True,3,-0.1166
EURUSD,2024-04-25,achat,False,False,True,1,-1.0163
EURUSD,2024-04-25,achat,False,False,True,2,-1.0163
EURUSD,2024-04-25,achat,False,False,True,3,-1.0163
EURUSD,2024-04-26,vente,True,False,True,1,-0.3948
EURUSD,2024-04-26,vente,True,False,True,2,-0.3948
EURUSD,2024-04-26,vente,True,False,True,3,-0.3948
EURUSD,2024-04-30,vente,True,False,True,1,-1.0113
EURUSD,2024-04-30,vente,True,False,True,2,-1.0113
EURUSD,2024-04-30,vente,True,False,True,3,-1.0113
EURUSD,2024-05-01,achat,False,False,True,1,0.9885
EURUSD,2024-05-01,achat,False,False,True,2,0.7041
EURUSD,2024-05-01,achat,False,False,True,3,0.7041
EURUSD,2024-05-07,vente,False,False,True,1,-1.0204
EURUSD,2024-05-07,vente,False,False,True,2,-1.0204
EURUSD,2024-05-07,vente,False,False,True,3,-1.0204
EURUSD,2024-05-09,achat,True,False,True,1,0.5741
EURUSD,2024-05-09,achat,True,False,True,2,0.5741
EURUSD,2024-05-09,achat,True,False,True,3,0.5741
EURUSD,2024-05-13,achat,True,False,True,1,0.971
EURUSD,2024-05-13,achat,True,False,True,2,1.971
EURUSD,2024-05-13,achat,True,False,True,3,2.971
EURUSD,2024-05-20,vente,False,True,True,1,0.9688
EURUSD,2024-05-20,vente,False,True,True,2,1.9688
EURUSD,2024-05-20,vente,False,True,True,3,1.8466
EURUSD,2024-05-24,achat,False,False,True,1,-1.0186
EURUSD,2024-05-24,achat,False,False,True,2,-1.0186
EURUSD,2024-05-24,achat,False,False,True,3,-1.0186
EURUSD,2024-06-06,achat,False,True,True,1,-1.0263
EURUSD,2024-06-06,achat,False,True,True,2,-1.0263
EURUSD,2024-06-06,achat,False,True,True,3,-1.0263
EURUSD,2024-06-07,vente,False,False,True,1,-0.1222
EURUSD,2024-06-07,vente,False,False,True,2,-0.1222
EURUSD,2024-06-07,vente,False,False,True,3,-0.1222
EURUSD,2024-06-12,achat,True,False,True,1,-1.01
EURUSD,2024-06-12,achat,True,False,True,2,-1.01
EURUSD,2024-06-12,achat,True,False,True,3,-1.01
EURUSD,2024-06-13,vente,False,False,True,1,-0.0384
EURUSD,2024-06-13,vente,False,False,True,2,-0.0384
EURUSD,2024-06-13,vente,False,False,True,3,-0.0384
EURUSD,2024-06-17,achat,False,False,True,1,-0.644
EURUSD,2024-06-17,achat,False,False,True,2,-0.644
EURUSD,2024-06-17,achat,False,False,True,3,-0.644
EURUSD,2024-06-20,vente,True,False,True,1,-0.0976
EURUSD,2024-06-20,vente,True,False,True,2,-0.0976
EURUSD,2024-06-20,vente,True,False,True,3,-0.0976
EURUSD,2024-06-24,achat,False,False,True,1,-1.0159
EURUSD,2024-06-24,achat,False,False,True,2,-1.0159
EURUSD,2024-06-24,achat,False,False,True,3,-1.0159
EURUSD,2024-07-09,vente,False,False,True,1,-1.0385
EURUSD,2024-07-09,vente,False,False,True,2,-1.0385
EURUSD,2024-07-09,vente,False,False,True,3,-1.0385
EURUSD,2024-07-10,achat,False,False,True,1,0.967
EURUSD,2024-07-10,achat,False,False,True,2,1.967
EURUSD,2024-07-10,achat,False,False,True,3,2.967
EURUSD,2024-07-18,vente,False,False,True,1,0.9807
EURUSD,2024-07-18,vente,False,False,True,2,1.239
EURUSD,2024-07-18,vente,False,False,True,3,1.239
EURUSD,2024-07-25,achat,False,False,True,1,-1.0329
EURUSD,2024-07-25,achat,False,False,True,2,-1.0329
EURUSD,2024-07-25,achat,False,False,True,3,-1.0329
EURUSD,2024-07-29,vente,False,True,True,1,0.5931
EURUSD,2024-07-29,vente,False,True,True,2,0.5931
EURUSD,2024-07-29,vente,False,True,True,3,0.5931
EURUSD,2024-07-31,achat,False,False,True,1,-1.0365
EURUSD,2024-07-31,achat,False,False,True,2,-1.0365
EURUSD,2024-07-31,achat,False,False,True,3,-1.0365
EURUSD,2024-08-01,vente,False,False,True,1,-1.0157
EURUSD,2024-08-01,vente,False,False,True,2,-1.0157
EURUSD,2024-08-01,vente,False,False,True,3,-1.0157
EURUSD,2024-08-02,achat,False,False,True,1,0.1312
EURUSD,2024-08-02,achat,False,False,True,2,0.1312
EURUSD,2024-08-02,achat,False,False,True,3,0.1312
EURUSD,2024-08-08,vente,False,False,True,1,-1.0251
EURUSD,2024-08-08,vente,False,False,True,2,-1.0251
EURUSD,2024-08-08,vente,False,False,True,3,-1.0251
EURUSD,2024-08-15,vente,True,False,True,1,-1.018
EURUSD,2024-08-15,vente,True,False,True,2,-1.018
EURUSD,2024-08-15,vente,True,False,True,3,-1.018
EURUSD,2024-08-16,achat,True,False,True,1,0.9861
EURUSD,2024-08-16,achat,True,False,True,2,1.9861
EURUSD,2024-08-16,achat,True,False,True,3,2.2052
EURUSD,2024-08-22,vente,False,False,True,1,-1.0181
EURUSD,2024-08-22,vente,False,False,True,2,-1.0181
EURUSD,2024-08-22,vente,False,False,True,3,-1.0181
EURUSD,2024-08-23,achat,False,True,True,1,-0.7862
EURUSD,2024-08-23,achat,False,True,True,2,-0.7862
EURUSD,2024-08-23,achat,False,True,True,3,-0.7862
EURUSD,2024-08-28,vente,False,False,True,1,0.9862
EURUSD,2024-08-28,vente,False,False,True,2,0.9632
EURUSD,2024-08-28,vente,False,False,True,3,0.9632
EURUSD,2024-09-04,achat,False,False,True,1,0.9806
EURUSD,2024-09-04,achat,False,False,True,2,-1.0194
EURUSD,2024-09-04,achat,False,False,True,3,-1.0194
EURUSD,2024-09-12,achat,True,False,True,1,0.5892
EURUSD,2024-09-12,achat,True,False,True,2,0.5892
EURUSD,2024-09-12,achat,True,False,True,3,0.5892
EURUSD,2024-09-16,achat,False,False,True,1,0.9818
EURUSD,2024-09-16,achat,False,False,True,2,-1.0182
EURUSD,2024-09-16,achat,False,False,True,3,-1.0182
EURUSD,2024-09-19,achat,False,False,True,1,0.3207
EURUSD,2024-09-19,achat,False,False,True,2,0.3207
EURUSD,2024-09-19,achat,False,False,True,3,0.3207
EURUSD,2024-09-23,vente,False,False,True,1,-1.0135
EURUSD,2024-09-23,vente,False,False,True,2,-1.0135
EURUSD,2024-09-23,vente,False,False,True,3,-1.0135
EURUSD,2024-09-24,achat,False,True,True,1,-0.2898
EURUSD,2024-09-24,achat,False,True,True,2,-0.2898
EURUSD,2024-09-24,achat,False,True,True,3,-0.2898
EURUSD,2024-10-14,vente,False,False,True,1,0.9728
EURUSD,2024-10-14,vente,False,False,True,2,1.9728
EURUSD,2024-10-14,vente,False,False,True,3,2.9728
EURUSD,2024-10-18,achat,False,False,True,1,-1.0196
EURUSD,2024-10-18,achat,False,False,True,2,-1.0196
EURUSD,2024-10-18,achat,False,False,True,3,-1.0196
EURUSD,2024-10-21,vente,False,True,True,1,-0.1425
EURUSD,2024-10-21,vente,False,True,True,2,-0.1425
EURUSD,2024-10-21,vente,False,True,True,3,-0.1425
EURUSD,2024-10-24,achat,True,False,True,1,-0.0792
EURUSD,2024-10-24,achat,True,False,True,2,-0.0792
EURUSD,2024-10-24,achat,True,False,True,3,-0.0792
EURUSD,2024-11-01,vente,False,False,True,1,-1.0121
EURUSD,2024-11-01,vente,False,False,True,2,-1.0121
EURUSD,2024-11-01,vente,False,False,True,3,-1.0121
EURUSD,2024-11-06,vente,False,False,True,1,0.3405
EURUSD,2024-11-06,vente,False,False,True,2,0.3405
EURUSD,2024-11-06,vente,False,False,True,3,0.3405
EURUSD,2024-11-08,vente,False,False,True,1,0.9896
EURUSD,2024-11-08,vente,False,False,True,2,1.9896
EURUSD,2024-11-08,vente,False,False,True,3,2.0134
EURUSD,2024-11-20,vente,False,True,True,1,0.9878
EURUSD,2024-11-20,vente,False,True,True,2,1.9878
EURUSD,2024-11-20,vente,False,True,True,3,2.9878
EURUSD,2024-11-26,achat,False,False,True,1,0.9878
EURUSD,2024-11-26,achat,False,False,True,2,1.3103
EURUSD,2024-11-26,achat,False,False,True,3,1.3103
EURUSD,2024-11-29,achat,False,False,True,1,-1.0212
EURUSD,2024-11-29,achat,False,False,True,2,-1.0212
EURUSD,2024-11-29,achat,False,False,True,3,-1.0212
EURUSD,2024-12-02,vente,False,False,True,1,-1.0173
EURUSD,2024-12-02,vente,False,False,True,2,-1.0173
EURUSD,2024-12-02,vente,False,False,True,3,-1.0173
EURUSD,2024-12-17,vente,False,False,True,1,0.9792
EURUSD,2024-12-17,vente,False,False,True,2,1.9792
EURUSD,2024-12-17,vente,False,False,True,3,2.9792
EURUSD,2025-01-17,vente,False,False,True,1,-1.014
EURUSD,2025-01-17,vente,False,False,True,2,-1.014
EURUSD,2025-01-17,vente,False,False,True,3,-1.014
EURUSD,2025-01-20,achat,False,False,True,1,-0.0434
EURUSD,2025-01-20,achat,False,False,True,2,-0.0434
EURUSD,2025-01-20,achat,False,False,True,3,-0.0434
EURUSD,2025-02-03,achat,False,False,True,1,0.5021
EURUSD,2025-02-03,achat,False,False,True,2,0.5021
EURUSD,2025-02-03,achat,False,False,True,3,0.5021
EURUSD,2025-02-11,achat,False,False,True,1,0.9891
EURUSD,2025-02-11,achat,False,False,True,2,1.9891
EURUSD,2025-02-11,achat,False,False,True,3,1.7357
EURUSD,2025-02-20,achat,False,False,True,1,0.23
EURUSD,2025-02-20,achat,False,False,True,2,0.23
EURUSD,2025-02-20,achat,False,False,True,3,0.23
EURUSD,2025-02-25,achat,False,False,True,1,-1.0124
EURUSD,2025-02-25,achat,False,False,True,2,-1.0124
EURUSD,2025-02-25,achat,False,False,True,3,-1.0124
EURUSD,2025-03-03,achat,False,True,True,1,0.9916
EURUSD,2025-03-03,achat,False,True,True,2,1.9916
EURUSD,2025-03-03,achat,False,True,True,3,2.9916
EURUSD,2025-03-07,achat,False,False,True,1,0.9843
EURUSD,2025-03-07,achat,False,False,True,2,1.9843
EURUSD,2025-03-07,achat,False,False,True,3,1.0468
EURUSD,2025-03-11,achat,False,False,True,1,-1.01
EURUSD,2025-03-11,achat,False,False,True,2,-1.01
EURUSD,2025-03-11,achat,False,False,True,3,-1.01
EURUSD,2025-03-19,vente,False,False,True,1,0.9774
EURUSD,2025-03-19,vente,False,False,True,2,1.9774
EURUSD,2025-03-19,vente,False,False,True,3,2.9774
EURUSD,2025-03-27,achat,True,False,True,1,-0.1084
EURUSD,2025-03-27,achat,True,False,True,2,-0.1084
EURUSD,2025-03-27,achat,True,False,True,3,-0.1084
EURUSD,2025-04-02,achat,False,False,True,1,0.9936
EURUSD,2025-04-02,achat,False,False,True,2,0.0798
EURUSD,2025-04-02,achat,False,False,True,3,0.0798
EURUSD,2025-04-10,achat,False,False,True,1,0.0999
EURUSD,2025-04-10,achat,False,False,True,2,0.0999
EURUSD,2025-04-10,achat,False,False,True,3,0.0999
EURUSD,2025-04-16,achat,False,False,True,1,0.9923
EURUSD,2025-04-16,achat,False,False,True,2,1.1185
EURUSD,2025-04-16,achat,False,False,True,3,1.1185
EURUSD,2025-04-22,vente,False,False,True,1,-0.082
EURUSD,2025-04-22,vente,False,False,True,2,-0.082
EURUSD,2025-04-22,vente,False,False,True,3,-0.082
EURUSD,2025-04-24,achat,False,False,True,1,-1.0153
EURUSD,2025-04-24,achat,False,False,True,2,-1.0153
EURUSD,2025-04-24,achat,False,False,True,3,-1.0153
EURUSD,2025-04-28,achat,False,False,True,1,-1.0102
EURUSD,2025-04-28,achat,False,False,True,2,-1.0102
EURUSD,2025-04-28,achat,False,False,True,3,-1.0102
EURUSD,2025-05-05,vente,False,True,True,1,-1.015
EURUSD,2025-05-05,vente,False,True,True,2,-1.015
EURUSD,2025-05-05,vente,False,True,True,3,-1.015
EURUSD,2025-05-06,achat,False,False,True,1,-1.0129
EURUSD,2025-05-06,achat,False,False,True,2,-1.0129
EURUSD,2025-05-06,achat,False,False,True,3,-1.0129
EURUSD,2025-05-07,vente,False,True,True,1,0.9892
EURUSD,2025-05-07,vente,False,True,True,2,1.9892
EURUSD,2025-05-07,vente,False,True,True,3,2.9892
EURUSD,2025-05-12,vente,True,False,True,1,-1.0054
EURUSD,2025-05-12,vente,True,False,True,2,-1.0054
EURUSD,2025-05-12,vente,True,False,True,3,-1.0054
EURUSD,2025-05-15,achat,False,False,True,1,0.9656
EURUSD,2025-05-15,achat,False,False,True,2,-1.0344
EURUSD,2025-05-15,achat,False,False,True,3,-1.0344
EURUSD,2025-05-16,vente,False,False,True,1,-1.014
EURUSD,2025-05-16,vente,False,False,True,2,-1.014
EURUSD,2025-05-16,vente,False,False,True,3,-1.014
EURUSD,2025-05-19,achat,False,False,True,1,0.9866
EURUSD,2025-05-19,achat,False,False,True,2,1.9866
EURUSD,2025-05-19,achat,False,False,True,3,0.8139
EURUSD,2025-05-22,vente,False,False,True,1,-1.0124
EURUSD,2025-05-22,vente,False,False,True,2,-1.0124
EURUSD,2025-05-22,vente,False,False,True,3,-1.0124
EURUSD,2025-05-23,achat,False,False,True,1,-1.0091
EURUSD,2025-05-23,achat,False,False,True,2,-1.0091
EURUSD,2025-05-23,achat,False,False,True,3,-1.0091
EURUSD,2025-05-27,vente,False,False,True,1,0.9891
EURUSD,2025-05-27,vente,False,False,True,2,-0.1693
EURUSD,2025-05-27,vente,False,False,True,3,-0.1693
EURUSD,2025-05-29,achat,True,False,True,1,0.0372
EURUSD,2025-05-29,achat,True,False,True,2,0.0372
EURUSD,2025-05-29,achat,True,False,True,3,0.0372
EURUSD,2025-06-02,achat,False,True,True,1,-0.0078
EURUSD,2025-06-02,achat,False,True,True,2,-0.0078
EURUSD,2025-06-02,achat,False,True,True,3,-0.0078
EURUSD,2025-06-06,vente,False,False,True,1,-1.0121
EURUSD,2025-06-06,vente,False,False,True,2,-1.0121
EURUSD,2025-06-06,vente,False,False,True,3,-1.0121
EURUSD,2025-06-17,vente,False,False,True,1,-0.4384
EURUSD,2025-06-17,vente,False,False,True,2,-0.4384
EURUSD,2025-06-17,vente,False,False,True,3,-0.4384
EURUSD,2025-06-19,achat,False,False,True,1,0.988
EURUSD,2025-06-19,achat,False,False,True,2,1.494
EURUSD,2025-06-19,achat,False,False,True,3,1.494
EURUSD,2025-07-07,vente,False,False,True,1,0.985
EURUSD,2025-07-07,vente,False,False,True,2,0.682
EURUSD,2025-07-07,vente,False,False,True,3,0.682
EURUSD,2025-07-09,achat,False,False,True,1,-1.016
EURUSD,2025-07-09,achat,False,False,True,2,-1.016
EURUSD,2025-07-09,achat,False,False,True,3,-1.016
EURUSD,2025-07-10,vente,True,False,True,1,0.984
EURUSD,2025-07-10,vente,True,False,True,2,1.984
EURUSD,2025-07-10,vente,True,False,True,3,1.854
EURUSD,2025-07-21,achat,False,True,True,1,0.9901
EURUSD,2025-07-21,achat,False,True,True,2,0.7388
EURUSD,2025-07-21,achat,False,True,True,3,0.7388
EURUSD,2025-08-01,achat,False,True,True,1,0.3541
EURUSD,2025-08-01,achat,False,True,True,2,0.3541
EURUSD,2025-08-01,achat,False,True,True,3,0.3541
EURUSD,2025-08-06,achat,False,False,True,1,-0.4728
EURUSD,2025-08-06,achat,False,False,True,2,-0.4728
EURUSD,2025-08-06,achat,False,False,True,3,-0.4728
EURUSD,2025-08-08,vente,False,False,True,1,0.9793
EURUSD,2025-08-08,vente,False,False,True,2,-1.0207
EURUSD,2025-08-08,vente,False,False,True,3,-1.0207
EURUSD,2025-08-12,achat,False,True,True,1,0.3294
EURUSD,2025-08-12,achat,False,True,True,2,0.3294
EURUSD,2025-08-12,achat,False,True,True,3,0.3294
EURUSD,2025-08-14,vente,False,False,True,1,0.1314
EURUSD,2025-08-14,vente,False,False,True,2,0.1314
EURUSD,2025-08-14,vente,False,False,True,3,0.1314
EURUSD,2025-08-21,vente,False,False,True,1,-1.0158
EURUSD,2025-08-21,vente,False,False,True,2,-1.0158
EURUSD,2025-08-21,vente,False,False,True,3,-1.0158
EURUSD,2025-08-22,achat,False,False,True,1,-1.0057
EURUSD,2025-08-22,achat,False,False,True,2,-1.0057
EURUSD,2025-08-22,achat,False,False,True,3,-1.0057
EURUSD,2025-09-02,vente,False,False,True,1,-1.0095
EURUSD,2025-09-02,vente,False,False,True,2,-1.0095
EURUSD,2025-09-02,vente,False,False,True,3,-1.0095
EURUSD,2025-09-05,achat,False,False,True,1,-0.2504
EURUSD,2025-09-05,achat,False,False,True,2,-0.2504
EURUSD,2025-09-05,achat,False,False,True,3,-0.2504
EURUSD,2025-09-09,vente,False,False,True,1,-0.3394
EURUSD,2025-09-09,vente,False,False,True,2,-0.3394
EURUSD,2025-09-09,vente,False,False,True,3,-0.3394
EURUSD,2025-09-15,achat,False,False,True,1,0.9841
EURUSD,2025-09-15,achat,False,False,True,2,1.9841
EURUSD,2025-09-15,achat,False,False,True,3,0.4534
EURUSD,2025-09-22,achat,True,False,True,1,-1.0106
EURUSD,2025-09-22,achat,True,False,True,2,-1.0106
EURUSD,2025-09-22,achat,True,False,True,3,-1.0106
EURUSD,2025-09-24,vente,False,False,True,1,0.9892
EURUSD,2025-09-24,vente,False,False,True,2,0.1378
EURUSD,2025-09-24,vente,False,False,True,3,0.1378
EURUSD,2025-10-03,achat,False,False,True,1,-1.0299
EURUSD,2025-10-03,achat,False,False,True,2,-1.0299
EURUSD,2025-10-03,achat,False,False,True,3,-1.0299
EURUSD,2025-10-14,achat,False,False,True,1,0.9869
EURUSD,2025-10-14,achat,False,False,True,2,1.9869
EURUSD,2025-10-14,achat,False,False,True,3,0.7856
EURUSD,2025-10-29,vente,False,False,True,1,0.9876
EURUSD,2025-10-29,vente,False,False,True,2,1.2979
EURUSD,2025-10-29,vente,False,False,True,3,1.2979
EURUSD,2025-12-01,achat,False,False,True,1,0.959
EURUSD,2025-12-01,achat,False,False,True,2,1.959
EURUSD,2025-12-01,achat,False,False,True,3,2.959
EURUSD,2025-12-10,achat,False,True,True,1,0.6534
EURUSD,2025-12-10,achat,False,True,True,2,0.6534
EURUSD,2025-12-10,achat,False,True,True,3,0.6534
EURUSD,2025-12-15,achat,True,False,True,1,0.973
EURUSD,2025-12-15,achat,True,False,True,2,-1.027
EURUSD,2025-12-15,achat,True,False,True,3,-1.027
EURUSD,2025-12-22,achat,False,False,True,1,0.3259
EURUSD,2025-12-22,achat,False,False,True,2,0.3259
EURUSD,2025-12-22,achat,False,False,True,3,0.3259
EURUSD,2026-01-06,vente,True,False,True,1,0.9863
EURUSD,2026-01-06,vente,True,False,True,2,0.8963
EURUSD,2026-01-06,vente,True,False,True,3,0.8963
EURUSD,2026-01-12,achat,False,True,True,1,-1.0176
EURUSD,2026-01-12,achat,False,True,True,2,-1.0176
EURUSD,2026-01-12,achat,False,True,True,3,-1.0176
EURUSD,2026-01-15,vente,False,True,True,1,-1.0208
EURUSD,2026-01-15,vente,False,True,True,2,-1.0208
EURUSD,2026-01-15,vente,False,True,True,3,-1.0208
EURUSD,2026-01-19,achat,False,True,True,1,0.9758
EURUSD,2026-01-19,achat,False,True,True,2,1.9758
EURUSD,2026-01-19,achat,False,True,True,3,2.9758
EURUSD,2026-01-22,achat,False,False,True,1,0.9904
EURUSD,2026-01-22,achat,False,False,True,2,1.9904
EURUSD,2026-01-22,achat,False,False,True,3,2.9904
EURUSD,2026-02-06,achat,True,False,True,1,0.9846
EURUSD,2026-02-06,achat,True,False,True,2,1.9846
EURUSD,2026-02-06,achat,True,False,True,3,1.1169
EURUSD,2026-02-18,vente,False,True,True,1,-0.075
EURUSD,2026-02-18,vente,False,True,True,2,-0.075
EURUSD,2026-02-18,vente,False,True,True,3,-0.075
EURUSD,2026-02-23,vente,False,False,True,1,-0.2483
EURUSD,2026-02-23,vente,False,False,True,2,-0.2483
EURUSD,2026-02-23,vente,False,False,True,3,-0.2483
EURUSD,2026-02-25,achat,True,False,True,1,-1.0172
EURUSD,2026-02-25,achat,True,False,True,2,-1.0172
EURUSD,2026-02-25,achat,True,False,True,3,-1.0172
EURUSD,2026-03-02,vente,False,False,True,1,0.9921
EURUSD,2026-03-02,vente,False,False,True,2,0.863
EURUSD,2026-03-02,vente,False,False,True,3,0.863
EURUSD,2026-03-18,vente,False,False,True,1,-1.0087
EURUSD,2026-03-18,vente,False,False,True,2,-1.0087
EURUSD,2026-03-18,vente,False,False,True,3,-1.0087
EURUSD,2026-03-19,achat,False,False,True,1,0.2614
EURUSD,2026-03-19,achat,False,False,True,2,0.2614
EURUSD,2026-03-19,achat,False,False,True,3,0.2614
EURUSD,2026-03-23,achat,True,False,True,1,-0.6036
EURUSD,2026-03-23,achat,True,False,True,2,-0.6036
EURUSD,2026-03-23,achat,True,False,True,3,-0.6036
EURUSD,2026-03-25,vente,False,True,True,1,0.9887
EURUSD,2026-03-25,vente,False,True,True,2,1.49
EURUSD,2026-03-25,vente,False,True,True,3,1.49
EURUSD,2026-03-31,achat,False,False,True,1,-0.4382
EURUSD,2026-03-31,achat,False,False,True,2,-0.4382
EURUSD,2026-03-31,achat,False,False,True,3,-0.4382
EURUSD,2026-04-02,vente,False,True,True,1,-1.0126
EURUSD,2026-04-02,vente,False,True,True,2,-1.0126
EURUSD,2026-04-02,vente,False,True,True,3,-1.0126
EURUSD,2026-04-06,achat,True,False,True,1,0.9781
EURUSD,2026-04-06,achat,True,False,True,2,1.9781
EURUSD,2026-04-06,achat,True,False,True,3,2.9781
EURUSD,2026-04-09,achat,False,False,True,1,0.9813
EURUSD,2026-04-09,achat,False,False,True,2,1.9813
EURUSD,2026-04-09,achat,False,False,True,3,2.4917
EURUSD,2026-04-16,vente,False,False,True,1,-1.0177
EURUSD,2026-04-16,vente,False,False,True,2,-1.0177
EURUSD,2026-04-16,vente,False,False,True,3,-1.0177
EURUSD,2026-04-20,achat,True,False,True,1,-1.0163
EURUSD,2026-04-20,achat,True,False,True,2,-1.0163
EURUSD,2026-04-20,achat,True,False,True,3,-1.0163
EURUSD,2026-04-24,achat,False,False,True,1,-1.0156
EURUSD,2026-04-24,achat,False,False,True,2,-1.0156
EURUSD,2026-04-24,achat,False,False,True,3,-1.0156
EURUSD,2026-04-30,achat,False,False,True,1,-0.2099
EURUSD,2026-04-30,achat,False,False,True,2,-0.2099
EURUSD,2026-04-30,achat,False,False,True,3,-0.2099
EURUSD,2026-05-08,achat,True,False,True,1,-1.0127
EURUSD,2026-05-08,achat,True,False,True,2,-1.0127
EURUSD,2026-05-08,achat,True,False,True,3,-1.0127
EURUSD,2026-05-12,vente,False,False,True,1,0.9816
EURUSD,2026-05-12,vente,False,False,True,2,1.9816
EURUSD,2026-05-12,vente,False,False,True,3,2.462
EURUSD,2026-05-18,achat,False,True,True,1,-1.0167
EURUSD,2026-05-18,achat,False,True,True,2,-1.0167
EURUSD,2026-05-18,achat,False,True,True,3,-1.0167
EURUSD,2026-05-19,vente,False,False,True,1,0.0905
EURUSD,2026-05-19,vente,False,False,True,2,0.0905
EURUSD,2026-05-19,vente,False,False,True,3,0.0905
EURUSD,2026-05-28,achat,False,False,True,1,-0.4687
EURUSD,2026-05-28,achat,False,False,True,2,-0.4687
EURUSD,2026-05-28,achat,False,False,True,3,-0.4687
EURUSD,2026-06-01,vente,False,False,True,1,0.9749
EURUSD,2026-06-01,vente,False,False,True,2,0.6958
EURUSD,2026-06-01,vente,False,False,True,3,0.6958
EURUSD,2026-06-05,vente,False,True,True,1,-0.0942
EURUSD,2026-06-05,vente,False,True,True,2,-0.0942
EURUSD,2026-06-05,vente,False,True,True,3,-0.0942
EURUSD,2026-06-16,achat,False,False,True,1,-1.0216
EURUSD,2026-06-16,achat,False,False,True,2,-1.0216
EURUSD,2026-06-16,achat,False,False,True,3,-1.0216
EURUSD,2026-06-17,vente,False,True,True,1,0.7115
EURUSD,2026-06-17,vente,False,True,True,2,0.7115
EURUSD,2026-06-17,vente,False,True,True,3,0.7115
EURUSD,2026-06-22,vente,True,False,True,1,0.9833
EURUSD,2026-06-22,vente,True,False,True,2,1.9833
EURUSD,2026-06-22,vente,True,False,True,3,1.339
EURUSD,2026-07-02,achat,False,True,True,1,-0.4436
EURUSD,2026-07-02,achat,False,True,True,2,-0.4436
EURUSD,2026-07-02,achat,False,True,True,3,-0.4436
EURUSD,2026-07-07,vente,False,False,True,1,-1.0172
EURUSD,2026-07-07,vente,False,False,True,2,-1.0172
EURUSD,2026-07-07,vente,False,False,True,3,-1.0172
EURUSD,2026-07-10,vente,False,False,True,1,-1.0172
EURUSD,2026-07-10,vente,False,False,True,2,-1.0172
EURUSD,2026-07-10,vente,False,False,True,3,-1.0172
EURUSD,2026-07-14,achat,False,True,True,1,0.9832
EURUSD,2026-07-14,achat,False,True,True,2,0.3685
EURUSD,2026-07-14,achat,False,True,True,3,0.3685
EURUSD,2026-07-23,vente,False,False,True,1,-0.163
EURUSD,2026-07-23,vente,False,False,True,2,-0.163
EURUSD,2026-07-23,vente,False,False,True,3,-0.163
EURUSD,2026-08-06,vente,False,False,True,1,-1.0218
EURUSD,2026-08-06,vente,False,False,True,2,-1.0218
EURUSD,2026-08-06,vente,False,False,True,3,-1.0218
EURUSD,2026-08-07,achat,True,False,True,1,-0.7498
EURUSD,2026-08-07,achat,True,False,True,2,-0.7498
EURUSD,2026-08-07,achat,True,False,True,3,-0.7498
EURUSD,2026-08-18,vente,False,False,True,1,-1.0568
EURUSD,2026-08-18,vente,False,False,True,2,-1.0568
EURUSD,2026-08-18,vente,False,False,True,3,-1.0568
EURUSD,2026-08-19,achat,False,False,True,1,-0.0718
EURUSD,2026-08-19,achat,False,False,True,2,-0.0718
EURUSD,2026-08-19,achat,False,False,True,3,-0.0718
EURUSD,2026-08-21,vente,False,False,True,1,0.469
EURUSD,2026-08-21,vente,False,False,True,2,0.469
EURUSD,2026-08-21,vente,False,False,True,3,0.469
EURUSD,2026-08-26,vente,False,False,True,1,0.9664
EURUSD,2026-08-26,vente,False,False,True,2,1.9664
EURUSD,2026-08-26,vente,False,False,True,3,2.9664
EURUSD,2026-09-03,achat,False,False,True,1,-0.0463
EURUSD,2026-09-03,achat,False,False,True,2,-0.0463
EURUSD,2026-09-03,achat,False,False,True,3,-0.0463
EURUSD,2026-09-07,achat,False,True,True,1,0.9617
EURUSD,2026-09-07,achat,False,True,True,2,-1.0383
EURUSD,2026-09-07,achat,False,True,True,3,-1.0383
EURUSD,2026-09-10,vente,False,True,True,1,0.9748
EURUSD,2026-09-10,vente,False,True,True,2,1.9748
EURUSD,2026-09-10,vente,False,True,True,3,2.3384
EURUSD,2026-09-21,vente,True,False,True,1,0.9753
EURUSD,2026-09-21,vente,True,False,True,2,1.9753
EURUSD,2026-09-21,vente,True,False,True,3,2.9753
EURUSD,2026-09-25,achat,False,True,True,1,-1.0352
EURUSD,2026-09-25,achat,False,True,True,2,-1.0352
EURUSD,2026-09-25,achat,False,True,True,3,-1.0352
GBPJPY,2024-01-03,achat,False,False,True,1,0.9879
GBPJPY,2024-01-03,achat,False,False,True,2,1.2081
GBPJPY,2024-01-03,achat,False,False,True,3,1.2081
GBPJPY,2024-01-08,vente,False,False,True,1,0.9428
GBPJPY,2024-01-08,vente,False,False,True,2,1.9428
GBPJPY,2024-01-08,vente,False,False,True,3,-1.0572
GBPJPY,2024-01-10,achat,False,True,True,1,-0.1751
GBPJPY,2024-01-10,achat,False,True,True,2,-0.1751
GBPJPY,2024-01-10,achat,False,True,True,3,-0.1751
GBPJPY,2024-01-22,achat,False,False,True,1,0.9481
GBPJPY,2024-01-22,achat,False,False,True,2,-1.0519
GBPJPY,2024-01-22,achat,False,False,True,3,-1.0519
GBPJPY,2024-01-29,vente,False,False,True,1,0.9695
GBPJPY,2024-01-29,vente,False,False,True,2,1.9695
GBPJPY,2024-01-29,vente,False,False,True,3,0.978
GBPJPY,2024-02-05,vente,True,False,True,1,-1.0192
GBPJPY,2024-02-05,vente,True,False,True,2,-1.0192
GBPJPY,2024-02-05,vente,True,False,True,3,-1.0192
GBPJPY,2024-02-07,achat,False,True,True,1,0.966
GBPJPY,2024-02-07,achat,False,True,True,2,1.966
GBPJPY,2024-02-07,achat,False,True,True,3,2.2242
GBPJPY,2024-02-16,achat,False,True,True,1,0.9438
GBPJPY,2024-02-16,achat,False,True,True,2,1.5798
GBPJPY,2024-02-16,achat,False,True,True,3,1.5798
GBPJPY,2024-03-12,achat,False,False,True,1,0.9739
GBPJPY,2024-03-12,achat,False,False,True,2,1.0407
GBPJPY,2024-03-12,achat,False,False,True,3,1.0407
GBPJPY,2024-03-21,vente,False,True,True,1,0.9837
GBPJPY,2024-03-21,vente,False,True,True,2,0.4846
GBPJPY,2024-03-21,vente,False,True,True,3,0.4846
GBPJPY,2024-04-10,vente,False,False,True,1,0.9799
GBPJPY,2024-04-10,vente,False,False,True,2,-0.1719
GBPJPY,2024-04-10,vente,False,False,True,3,-0.1719
GBPJPY,2024-04-12,vente,True,False,True,1,-1.016
GBPJPY,2024-04-12,vente,True,False,True,2,-1.016
GBPJPY,2024-04-12,vente,True,False,True,3,-1.016
GBPJPY,2024-04-19,vente,True,False,True,1,-1.0173
GBPJPY,2024-04-19,vente,True,False,True,2,-1.0173
GBPJPY,2024-04-19,vente,True,False,True,3,-1.0173
GBPJPY,2024-04-23,achat,False,False,True,1,0.987
GBPJPY,2024-04-23,achat,False,False,True,2,1.987
GBPJPY,2024-04-23,achat,False,False,True,3,2.6441
GBPJPY,2024-05-01,vente,True,False,True,1,0.9888
GBPJPY,2024-05-01,vente,True,False,True,2,0.6674
GBPJPY,2024-05-01,vente,True,False,True,3,0.6674
GBPJPY,2024-05-06,achat,True,False,True,1,0.6826
GBPJPY,2024-05-06,achat,True,False,True,2,0.6826
GBPJPY,2024-05-06,achat,True,False,True,3,0.6826
GBPJPY,2024-05-08,achat,False,False,True,1,0.9675
GBPJPY,2024-05-08,achat,False,False,True,2,1.9675
GBPJPY,2024-05-08,achat,False,False,True,3,2.7143
GBPJPY,2024-05-15,vente,False,False,True,1,-1.019
GBPJPY,2024-05-15,vente,False,False,True,2,-1.019
GBPJPY,2024-05-15,vente,False,False,True,3,-1.019
GBPJPY,2024-05-22,achat,False,True,True,1,0.9711
GBPJPY,2024-05-22,achat,False,True,True,2,1.0543
GBPJPY,2024-05-22,achat,False,True,True,3,1.0543
GBPJPY,2024-05-24,achat,False,True,True,1,0.193
GBPJPY,2024-05-24,achat,False,True,True,2,0.193
GBPJPY,2024-05-24,achat,False,True,True,3,0.193
GBPJPY,2024-05-29,vente,False,False,True,1,0.9587
GBPJPY,2024-05-29,vente,False,False,True,2,1.9587
GBPJPY,2024-05-29,vente,False,False,True,3,0.2921
GBPJPY,2024-05-31,achat,False,False,True,1,-1.0198
GBPJPY,2024-05-31,achat,False,False,True,2,-1.0198
GBPJPY,2024-05-31,achat,False,False,True,3,-1.0198
GBPJPY,2024-07-05,achat,True,False,True,1,0.9763
GBPJPY,2024-07-05,achat,True,False,True,2,1.5825
GBPJPY,2024-07-05,achat,True,False,True,3,1.5825
GBPJPY,2024-07-11,vente,False,False,True,1,-0.2712
GBPJPY,2024-07-11,vente,False,False,True,2,-0.2712
GBPJPY,2024-07-11,vente,False,False,True,3,-0.2712
GBPJPY,2024-07-16,achat,True,False,True,1,-1.0489
GBPJPY,2024-07-16,achat,True,False,True,2,-1.0489
GBPJPY,2024-07-16,achat,True,False,True,3,-1.0489
GBPJPY,2024-07-17,vente,False,False,True,1,-0.1278
GBPJPY,2024-07-17,vente,False,False,True,2,-0.1278
GBPJPY,2024-07-17,vente,False,False,True,3,-0.1278
GBPJPY,2024-07-29,vente,False,True,True,1,-1.0314
GBPJPY,2024-07-29,vente,False,True,True,2,-1.0314
GBPJPY,2024-07-29,vente,False,True,True,3,-1.0314
GBPJPY,2024-08-06,vente,False,False,True,1,-1.0071
GBPJPY,2024-08-06,vente,False,False,True,2,-1.0071
GBPJPY,2024-08-06,vente,False,False,True,3,-1.0071
GBPJPY,2024-08-15,achat,False,True,True,1,-1.0079
GBPJPY,2024-08-15,achat,False,True,True,2,-1.0079
GBPJPY,2024-08-15,achat,False,True,True,3,-1.0079
GBPJPY,2024-08-28,vente,False,True,True,1,-1.0271
GBPJPY,2024-08-28,vente,False,True,True,2,-1.0271
GBPJPY,2024-08-28,vente,False,True,True,3,-1.0271
GBPJPY,2024-09-03,vente,False,False,True,1,0.991
GBPJPY,2024-09-03,vente,False,False,True,2,1.3525
GBPJPY,2024-09-03,vente,False,False,True,3,1.3525
GBPJPY,2024-09-06,vente,False,False,True,1,0.9905
GBPJPY,2024-09-06,vente,False,False,True,2,0.3142
GBPJPY,2024-09-06,vente,False,False,True,3,0.3142
GBPJPY,2024-09-10,vente,False,False,True,1,0.988
GBPJPY,2024-09-10,vente,False,False,True,2,0.5832
GBPJPY,2024-09-10,vente,False,False,True,3,0.5832
GBPJPY,2024-09-24,achat,False,True,True,1,0.9594
GBPJPY,2024-09-24,achat,False,True,True,2,1.9594
GBPJPY,2024-09-24,achat,False,True,True,3,2.9594
GBPJPY,2024-09-27,vente,False,False,True,1,-0.7295
GBPJPY,2024-09-27,vente,False,False,True,2,-0.7295
GBPJPY,2024-09-27,vente,False,False,True,3,-0.7295
GBPJPY,2024-10-01,vente,False,False,True,1,-1.0096
GBPJPY,2024-10-01,vente,False,False,True,2,-1.0096
GBPJPY,2024-10-01,vente,False,False,True,3,-1.0096
GBPJPY,2024-10-02,achat,False,False,True,1,-0.1523
GBPJPY,2024-10-02,achat,False,False,True,2,-0.1523
GBPJPY,2024-10-02,achat,False,False,True,3,-0.1523
GBPJPY,2024-10-04,achat,False,False,True,1,-0.071
GBPJPY,2024-10-04,achat,False,False,True,2,-0.071
GBPJPY,2024-10-04,achat,False,False,True,3,-0.071
GBPJPY,2024-10-15,vente,False,False,True,1,0.9725
GBPJPY,2024-10-15,vente,False,False,True,2,-1.0275
GBPJPY,2024-10-15,vente,False,False,True,3,-1.0275
GBPJPY,2024-10-17,achat,False,True,True,1,0.5232
GBPJPY,2024-10-17,achat,False,True,True,2,0.5232
GBPJPY,2024-10-17,achat,False,True,True,3,0.5232
GBPJPY,2024-10-21,achat,False,False,True,1,0.975
GBPJPY,2024-10-21,achat,False,False,True,2,1.975
GBPJPY,2024-10-21,achat,False,False,True,3,1.3226
GBPJPY,2024-10-25,achat,False,True,True,1,0.9758
GBPJPY,2024-10-25,achat,False,True,True,2,1.9758
GBPJPY,2024-10-25,achat,False,True,True,3,1.1162
GBPJPY,2024-10-30,vente,True,False,True,1,0.98
GBPJPY,2024-10-30,vente,True,False,True,2,1.98
GBPJPY,2024-10-30,vente,True,False,True,3,1.0608
GBPJPY,2024-11-05,achat,False,False,True,1,0.9527
GBPJPY,2024-11-05,achat,False,False,True,2,1.9527
GBPJPY,2024-11-05,achat,False,False,True,3,2.9527
GBPJPY,2024-11-08,vente,False,True,True,1,-0.1577
GBPJPY,2024-11-08,vente,False,True,True,2,-0.1577
GBPJPY,2024-11-08,vente,False,True,True,3,-0.1577
GBPJPY,2024-11-12,vente,False,False,True,1,-1.0228
GBPJPY,2024-11-12,vente,False,False,True,2,-1.0228
GBPJPY,2024-11-12,vente,False,False,True,3,-1.0228
GBPJPY,2024-11-15,vente,False,False,True,1,-0.4776
GBPJPY,2024-11-15,vente,False,False,True,2,-0.4776
GBPJPY,2024-11-15,vente,False,False,True,3,-0.4776
GBPJPY,2024-11-21,vente,False,False,True,1,0.626
GBPJPY,2024-11-21,vente,False,False,True,2,0.626
GBPJPY,2024-11-21,vente,False,False,True,3,0.626
GBPJPY,2024-11-29,vente,False,False,True,1,0.9791
GBPJPY,2024-11-29,vente,False,False,True,2,1.9791
GBPJPY,2024-11-29,vente,False,False,True,3,-0.3941
GBPJPY,2024-12-09,achat,False,False,True,1,0.1485
GBPJPY,2024-12-09,achat,False,False,True,2,0.1485
GBPJPY,2024-12-09,achat,False,False,True,3,0.1485
GBPJPY,2024-12-12,vente,True,False,True,1,-1.0157
GBPJPY,2024-12-12,vente,True,False,True,2,-1.0157
GBPJPY,2024-12-12,vente,True,False,True,3,-1.0157
GBPJPY,2024-12-19,achat,False,False,True,1,-0.0438
GBPJPY,2024-12-19,achat,False,False,True,2,-0.0438
GBPJPY,2024-12-19,achat,False,False,True,3,-0.0438
GBPJPY,2024-12-30,vente,False,True,True,1,0.9874
GBPJPY,2024-12-30,vente,False,True,True,2,1.0983
GBPJPY,2024-12-30,vente,False,True,True,3,1.0983
GBPJPY,2025-01-08,vente,True,False,True,1,0.988
GBPJPY,2025-01-08,vente,True,False,True,2,1.988
GBPJPY,2025-01-08,vente,True,False,True,3,1.4471
GBPJPY,2025-01-14,achat,False,True,True,1,-1.0164
GBPJPY,2025-01-14,achat,False,True,True,2,-1.0164
GBPJPY,2025-01-14,achat,False,True,True,3,-1.0164
GBPJPY,2025-01-15,vente,False,False,True,1,0.9857
GBPJPY,2025-01-15,vente,False,False,True,2,-0.1186
GBPJPY,2025-01-15,vente,False,False,True,3,-0.1186
GBPJPY,2025-02-11,achat,False,False,True,1,0.4986
GBPJPY,2025-02-11,achat,False,False,True,2,0.4986
GBPJPY,2025-02-11,achat,False,False,True,3,0.4986
GBPJPY,2025-02-14,vente,True,False,True,1,0.9707
GBPJPY,2025-02-14,vente,True,False,True,2,1.6042
GBPJPY,2025-02-14,vente,True,False,True,3,1.6042
GBPJPY,2025-02-18,achat,False,False,True,1,-1.0277
GBPJPY,2025-02-18,achat,False,False,True,2,-1.0277
GBPJPY,2025-02-18,achat,False,False,True,3,-1.0277
GBPJPY,2025-02-19,vente,False,False,True,1,0.9865
GBPJPY,2025-02-19,vente,False,False,True,2,0.6301
GBPJPY,2025-02-19,vente,False,False,True,3,0.6301
GBPJPY,2025-02-25,vente,False,False,True,1,-1.0287
GBPJPY,2025-02-25,vente,False,False,True,2,-1.0287
GBPJPY,2025-02-25,vente,False,False,True,3,-1.0287
GBPJPY,2025-02-27,achat,False,False,True,1,-1.0439
GBPJPY,2025-02-27,achat,False,False,True,2,-1.0439
GBPJPY,2025-02-27,achat,False,False,True,3,-1.0439
GBPJPY,2025-03-04,achat,False,False,True,1,-0.0888
GBPJPY,2025-03-04,achat,False,False,True,2,-0.0888
GBPJPY,2025-03-04,achat,False,False,True,3,-0.0888
GBPJPY,2025-03-06,vente,True,False,True,1,0.9858
GBPJPY,2025-03-06,vente,True,False,True,2,-0.4864
GBPJPY,2025-03-06,vente,True,False,True,3,-0.4864
GBPJPY,2025-03-10,vente,False,False,True,1,-1.0154
GBPJPY,2025-03-10,vente,False,False,True,2,-1.0154
GBPJPY,2025-03-10,vente,False,False,True,3,-1.0154
GBPJPY,2025-03-11,achat,False,True,True,1,0.1985
GBPJPY,2025-03-11,achat,False,True,True,2,0.1985
GBPJPY,2025-03-11,achat,False,True,True,3,0.1985
GBPJPY,2025-03-19,vente,False,False,True,1,-1.0161
GBPJPY,2025-03-19,vente,False,False,True,2,-1.0161
GBPJPY,2025-03-19,vente,False,False,True,3,-1.0161
GBPJPY,2025-03-27,achat,False,True,True,1,-1.0136
GBPJPY,2025-03-27,achat,False,True,True,2,-1.0136
GBPJPY,2025-03-27,achat,False,True,True,3,-1.0136
GBPJPY,2025-04-01,vente,False,True,True,1,0.9428
GBPJPY,2025-04-01,vente,False,True,True,2,-1.0572
GBPJPY,2025-04-01,vente,False,True,True,3,-1.0572
GBPJPY,2025-04-08,vente,False,True,True,1,-1.0101
GBPJPY,2025-04-08,vente,False,True,True,2,-1.0101
GBPJPY,2025-04-08,vente,False,True,True,3,-1.0101
GBPJPY,2025-04-09,achat,False,False,True,1,-0.0874
GBPJPY,2025-04-09,achat,False,False,True,2,-0.0874
GBPJPY,2025-04-09,achat,False,False,True,3,-0.0874
GBPJPY,2025-04-16,vente,False,False,True,1,-0.3851
GBPJPY,2025-04-16,vente,False,False,True,2,-0.3851
GBPJPY,2025-04-16,vente,False,False,True,3,-0.3851
GBPJPY,2025-04-22,achat,True,False,True,1,0.9872
GBPJPY,2025-04-22,achat,True,False,True,2,0.9677
GBPJPY,2025-04-22,achat,True,False,True,3,0.9677
GBPJPY,2025-05-01,achat,False,False,True,1,-1.0087
GBPJPY,2025-05-01,achat,False,False,True,2,-1.0087
GBPJPY,2025-05-01,achat,False,False,True,3,-1.0087
GBPJPY,2025-05-14,vente,False,True,True,1,0.4102
GBPJPY,2025-05-14,vente,False,True,True,2,0.4102
GBPJPY,2025-05-14,vente,False,True,True,3,0.4102
GBPJPY,2025-05-19,achat,False,False,True,1,-1.027
GBPJPY,2025-05-19,achat,False,False,True,2,-1.027
GBPJPY,2025-05-19,achat,False,False,True,3,-1.027
GBPJPY,2025-05-26,achat,False,False,True,1,-1.1042
GBPJPY,2025-05-26,achat,False,False,True,2,-1.1042
GBPJPY,2025-05-26,achat,False,False,True,3,-1.1042
GBPJPY,2025-05-29,vente,False,True,True,1,-0.2472
GBPJPY,2025-05-29,vente,False,True,True,2,-0.2472
GBPJPY,2025-05-29,vente,False,True,True,3,-0.2472
GBPJPY,2025-06-03,achat,True,False,True,1,0.6783
GBPJPY,2025-06-03,achat,True,False,True,2,0.6783
GBPJPY,2025-06-03,achat,True,False,True,3,0.6783
GBPJPY,2025-06-05,achat,False,False,True,1,0.424
GBPJPY,2025-06-05,achat,False,False,True,2,0.424
GBPJPY,2025-06-05,achat,False,False,True,3,0.424
GBPJPY,2025-06-10,vente,False,True,True,1,0.9696
GBPJPY,2025-06-10,vente,False,True,True,2,1.9696
GBPJPY,2025-06-10,vente,False,True,True,3,-0.0085
GBPJPY,2025-06-13,achat,False,True,True,1,-0.6381
GBPJPY,2025-06-13,achat,False,True,True,2,-0.6381
GBPJPY,2025-06-13,achat,False,True,True,3,-0.6381
GBPJPY,2025-06-17,vente,False,False,True,1,-0.7946
GBPJPY,2025-06-17,vente,False,False,True,2,-0.7946
GBPJPY,2025-06-17,vente,False,False,True,3,-0.7946
GBPJPY,2025-06-19,achat,False,False,True,1,0.9855
GBPJPY,2025-06-19,achat,False,False,True,2,0.9195
GBPJPY,2025-06-19,achat,False,False,True,3,0.9195
GBPJPY,2025-06-25,achat,False,False,True,1,-0.7014
GBPJPY,2025-06-25,achat,False,False,True,2,-0.7014
GBPJPY,2025-06-25,achat,False,False,True,3,-0.7014
GBPJPY,2025-07-03,achat,False,False,True,1,0.8604
GBPJPY,2025-07-03,achat,False,False,True,2,0.8604
GBPJPY,2025-07-03,achat,False,False,True,3,0.8604
GBPJPY,2025-07-07,achat,False,False,True,1,-0.0641
GBPJPY,2025-07-07,achat,False,False,True,2,-0.0641
GBPJPY,2025-07-07,achat,False,False,True,3,-0.0641
GBPJPY,2025-07-09,vente,True,False,True,1,0.1722
GBPJPY,2025-07-09,vente,True,False,True,2,0.1722
GBPJPY,2025-07-09,vente,True,False,True,3,0.1722
GBPJPY,2025-07-11,achat,False,False,True,1,-1.0388
GBPJPY,2025-07-11,achat,False,False,True,2,-1.0388
GBPJPY,2025-07-11,achat,False,False,True,3,-1.0388
GBPJPY,2025-07-14,vente,False,True,True,1,-1.0627
GBPJPY,2025-07-14,vente,False,True,True,2,-1.0627
GBPJPY,2025-07-14,vente,False,True,True,3,-1.0627
GBPJPY,2025-07-15,achat,False,False,True,1,-1.0233
GBPJPY,2025-07-15,achat,False,False,True,2,-1.0233
GBPJPY,2025-07-15,achat,False,False,True,3,-1.0233
GBPJPY,2025-07-17,achat,False,False,True,1,-1.0264
GBPJPY,2025-07-17,achat,False,False,True,2,-1.0264
GBPJPY,2025-07-17,achat,False,False,True,3,-1.0264
GBPJPY,2025-07-21,vente,False,False,True,1,-1.0567
GBPJPY,2025-07-21,vente,False,False,True,2,-1.0567
GBPJPY,2025-07-21,vente,False,False,True,3,-1.0567
GBPJPY,2025-07-31,achat,False,False,True,1,-1.0111
GBPJPY,2025-07-31,achat,False,False,True,2,-1.0111
GBPJPY,2025-07-31,achat,False,False,True,3,-1.0111
GBPJPY,2025-08-01,vente,False,False,True,1,-0.2466
GBPJPY,2025-08-01,vente,False,False,True,2,-0.2466
GBPJPY,2025-08-01,vente,False,False,True,3,-0.2466
GBPJPY,2025-08-05,achat,True,False,True,1,0.9788
GBPJPY,2025-08-05,achat,True,False,True,2,1.9788
GBPJPY,2025-08-05,achat,True,False,True,3,2.1236
GBPJPY,2025-08-19,vente,True,False,True,1,0.9625
GBPJPY,2025-08-19,vente,True,False,True,2,1.9625
GBPJPY,2025-08-19,vente,True,False,True,3,0.6396
GBPJPY,2025-08-27,achat,False,True,True,1,-1.0742
GBPJPY,2025-08-27,achat,False,True,True,2,-1.0742
GBPJPY,2025-08-27,achat,False,True,True,3,-1.0742
GBPJPY,2025-08-28,vente,False,False,True,1,-1.0306
GBPJPY,2025-08-28,vente,False,False,True,2,-1.0306
GBPJPY,2025-08-28,vente,False,False,True,3,-1.0306
GBPJPY,2025-09-16,vente,False,False,True,1,-1.0293
GBPJPY,2025-09-16,vente,False,False,True,2,-1.0293
GBPJPY,2025-09-16,vente,False,False,True,3,-1.0293
GBPJPY,2025-09-19,vente,False,False,True,1,-0.6263
GBPJPY,2025-09-19,vente,False,False,True,2,-0.6263
GBPJPY,2025-09-19,vente,False,False,True,3,-0.6263
GBPJPY,2025-09-24,achat,False,False,True,1,-1.0374
GBPJPY,2025-09-24,achat,False,False,True,2,-1.0374
GBPJPY,2025-09-24,achat,False,False,True,3,-1.0374
GBPJPY,2025-09-26,achat,False,False,True,1,-1.0351
GBPJPY,2025-09-26,achat,False,False,True,2,-1.0351
GBPJPY,2025-09-26,achat,False,False,True,3,-1.0351
GBPJPY,2025-09-29,vente,False,False,True,1,0.9637
GBPJPY,2025-09-29,vente,False,False,True,2,1.9637
GBPJPY,2025-09-29,vente,False,False,True,3,2.9637
GBPJPY,2025-10-03,achat,False,False,True,1,0.9726
GBPJPY,2025-10-03,achat,False,False,True,2,1.9726
GBPJPY,2025-10-03,achat,False,False,True,3,2.9726
GBPJPY,2025-10-09,vente,True,False,True,1,0.9813
GBPJPY,2025-10-09,vente,True,False,True,2,1.0853
GBPJPY,2025-10-09,vente,True,False,True,3,1.0853
GBPJPY,2025-10-14,vente,False,True,True,1,-0.105
GBPJPY,2025-10-14,vente,False,True,True,2,-0.105
GBPJPY,2025-10-14,vente,False,True,True,3,-0.105
GBPJPY,2025-10-16,vente,False,False,True,1,-1.0156
GBPJPY,2025-10-16,vente,False,False,True,2,-1.0156
GBPJPY,2025-10-16,vente,False,False,True,3,-1.0156
GBPJPY,2025-10-20,vente,False,False,True,1,-1.0258
GBPJPY,2025-10-20,vente,False,False,True,2,-1.0258
GBPJPY,2025-10-20,vente,False,False,True,3,-1.0258
GBPJPY,2025-10-21,achat,False,False,True,1,0.4047
GBPJPY,2025-10-21,achat,False,False,True,2,0.4047
GBPJPY,2025-10-21,achat,False,False,True,3,0.4047
GBPJPY,2025-10-23,achat,False,False,True,1,0.952
GBPJPY,2025-10-23,achat,False,False,True,2,-1.048
GBPJPY,2025-10-23,achat,False,False,True,3,-1.048
GBPJPY,2025-10-27,vente,False,False,True,1,0.954
GBPJPY,2025-10-27,vente,False,False,True,2,1.954
GBPJPY,2025-10-27,vente,False,False,True,3,2.954
GBPJPY,2025-11-04,vente,True,False,True,1,-0.7185
GBPJPY,2025-11-04,vente,True,False,True,2,-0.7185
GBPJPY,2025-11-04,vente,True,False,True,3,-0.7185
GBPJPY,2025-11-07,achat,False,False,True,1,0.9805
GBPJPY,2025-11-07,achat,False,False,True,2,0.9109
GBPJPY,2025-11-07,achat,False,False,True,3,0.9109
GBPJPY,2025-11-12,achat,True,False,True,1,0.9517
GBPJPY,2025-11-12,achat,True,False,True,2,-1.0483
GBPJPY,2025-11-12,achat,True,False,True,3,-1.0483
GBPJPY,2025-11-21,vente,False,True,True,1,-1.0208
GBPJPY,2025-11-21,vente,False,True,True,2,-1.0208
GBPJPY,2025-11-21,vente,False,True,True,3,-1.0208
GBPJPY,2025-11-26,achat,False,False,True,1,-1.0155
GBPJPY,2025-11-26,achat,False,False,True,2,-1.0155
GBPJPY,2025-11-26,achat,False,False,True,3,-1.0155
GBPJPY,2025-11-28,vente,False,False,True,1,0.9561
GBPJPY,2025-11-28,vente,False,False,True,2,1.9561
GBPJPY,2025-11-28,vente,False,False,True,3,-1.0439
GBPJPY,2025-12-05,achat,False,True,True,1,0.9729
GBPJPY,2025-12-05,achat,False,True,True,2,1.9729
GBPJPY,2025-12-05,achat,False,True,True,3,1.5314
GBPJPY,2025-12-15,vente,False,False,True,1,-1.0231
GBPJPY,2025-12-15,vente,False,False,True,2,-1.0231
GBPJPY,2025-12-15,vente,False,False,True,3,-1.0231
GBPJPY,2025-12-31,achat,False,False,True,1,0.71
GBPJPY,2025-12-31,achat,False,False,True,2,0.71
GBPJPY,2025-12-31,achat,False,False,True,3,0.71
GBPJPY,2026-01-05,achat,False,False,True,1,-1.0168
GBPJPY,2026-01-05,achat,False,False,True,2,-1.0168
GBPJPY,2026-01-05,achat,False,False,True,3,-1.0168
GBPJPY,2026-01-09,achat,False,False,True,1,0.9721
GBPJPY,2026-01-09,achat,False,False,True,2,1.9721
GBPJPY,2026-01-09,achat,False,False,True,3,1.408
GBPJPY,2026-01-19,achat,False,False,True,1,0.9819
GBPJPY,2026-01-19,achat,False,False,True,2,1.2248
GBPJPY,2026-01-19,achat,False,False,True,3,1.2248
GBPJPY,2026-01-23,vente,True,False,True,1,0.9903
GBPJPY,2026-01-23,vente,True,False,True,2,0.244
GBPJPY,2026-01-23,vente,True,False,True,3,0.244
GBPJPY,2026-01-28,achat,True,False,True,1,-1.0157
GBPJPY,2026-01-28,achat,True,False,True,2,-1.0157
GBPJPY,2026-01-28,achat,True,False,True,3,-1.0157
GBPJPY,2026-02-05,vente,False,False,True,1,0.6121
GBPJPY,2026-02-05,vente,False,False,True,2,0.6121
GBPJPY,2026-02-05,vente,False,False,True,3,0.6121
GBPJPY,2026-02-17,vente,False,False,True,1,-1.0156
GBPJPY,2026-02-17,vente,False,False,True,2,-1.0156
GBPJPY,2026-02-17,vente,False,False,True,3,-1.0156
GBPJPY,2026-02-23,vente,False,False,True,1,-1.0496
GBPJPY,2026-02-23,vente,False,False,True,2,-1.0496
GBPJPY,2026-02-23,vente,False,False,True,3,-1.0496
GBPJPY,2026-02-24,achat,False,True,True,1,0.9855
GBPJPY,2026-02-24,achat,False,True,True,2,-0.011
GBPJPY,2026-02-24,achat,False,True,True,3,-0.011
GBPJPY,2026-02-26,vente,False,False,True,1,-0.2677
GBPJPY,2026-02-26,vente,False,False,True,2,-0.2677
GBPJPY,2026-02-26,vente,False,False,True,3,-0.2677
GBPJPY,2026-03-27,vente,False,False,True,1,0.9564
GBPJPY,2026-03-27,vente,False,False,True,2,1.9564
GBPJPY,2026-03-27,vente,False,False,True,3,2.9564
GBPJPY,2026-04-01,achat,True,False,True,1,0.1792
GBPJPY,2026-04-01,achat,True,False,True,2,0.1792
GBPJPY,2026-04-01,achat,True,False,True,3,0.1792
GBPJPY,2026-04-06,achat,False,False,True,1,0.9671
GBPJPY,2026-04-06,achat,False,False,True,2,1.9671
GBPJPY,2026-04-06,achat,False,False,True,3,2.9671
GBPJPY,2026-04-09,achat,True,False,True,1,0.98
GBPJPY,2026-04-09,achat,True,False,True,2,1.5148
GBPJPY,2026-04-09,achat,True,False,True,3,1.5148
GBPJPY,2026-04-23,vente,False,False,True,1,-1.0396
GBPJPY,2026-04-23,vente,False,False,True,2,-1.0396
GBPJPY,2026-04-23,vente,False,False,True,3,-1.0396
GBPJPY,2026-04-24,achat,True,False,True,1,0.5215
GBPJPY,2026-04-24,achat,True,False,True,2,0.5215
GBPJPY,2026-04-24,achat,True,False,True,3,0.5215
GBPJPY,2026-04-30,vente,False,False,True,1,-0.137
GBPJPY,2026-04-30,vente,False,False,True,2,-0.137
GBPJPY,2026-04-30,vente,False,False,True,3,-0.137
GBPJPY,2026-05-05,achat,True,False,True,1,-1.0178
GBPJPY,2026-05-05,achat,True,False,True,2,-1.0178
GBPJPY,2026-05-05,achat,True,False,True,3,-1.0178
GBPJPY,2026-05-08,achat,True,False,True,1,-0.0766
GBPJPY,2026-05-08,achat,True,False,True,2,-0.0766
GBPJPY,2026-05-08,achat,True,False,True,3,-0.0766
GBPJPY,2026-05-14,vente,False,True,True,1,-0.5971
GBPJPY,2026-05-14,vente,False,True,True,2,-0.5971
GBPJPY,2026-05-14,vente,False,True,True,3,-0.5971
GBPJPY,2026-05-18,achat,False,True,True,1,0.086
GBPJPY,2026-05-18,achat,False,True,True,2,0.086
GBPJPY,2026-05-18,achat,False,True,True,3,0.086
GBPJPY,2026-05-20,achat,True,False,True,1,0.9715
GBPJPY,2026-05-20,achat,True,False,True,2,1.1961
GBPJPY,2026-05-20,achat,True,False,True,3,1.1961
GBPJPY,2026-05-26,vente,False,False,True,1,0.9424
GBPJPY,2026-05-26,vente,False,False,True,2,1.9424
GBPJPY,2026-05-26,vente,False,False,True,3,-0.0
GBPJPY,2026-06-03,vente,False,False,True,1,-1.0385
GBPJPY,2026-06-03,vente,False,False,True,2,-1.0385
GBPJPY,2026-06-03,vente,False,False,True,3,-1.0385
GBPJPY,2026-06-05,vente,False,False,True,1,-0.3637
GBPJPY,2026-06-05,vente,False,False,True,2,-0.3637
GBPJPY,2026-06-05,vente,False,False,True,3,-0.3637
GBPJPY,2026-06-09,achat,False,False,True,1,0.3535
GBPJPY,2026-06-09,achat,False,False,True,2,0.3535
GBPJPY,2026-06-09,achat,False,False,True,3,0.3535
GBPJPY,2026-06-15,vente,False,False,True,1,0.9412
GBPJPY,2026-06-15,vente,False,False,True,2,-1.0588
GBPJPY,2026-06-15,vente,False,False,True,3,-1.0588
GBPJPY,2026-06-16,achat,False,False,True,1,-1.0284
GBPJPY,2026-06-16,achat,False,False,True,2,-1.0284
GBPJPY,2026-06-16,achat,False,False,True,3,-1.0284
GBPJPY,2026-06-17,vente,False,False,True,1,-0.2416
GBPJPY,2026-06-17,vente,False,False,True,2,-0.2416
GBPJPY,2026-06-17,vente,False,False,True,3,-0.2416
GBPJPY,2026-06-25,achat,False,False,True,1,0.9582
GBPJPY,2026-06-25,achat,False,False,True,2,1.9582
GBPJPY,2026-06-25,achat,False,False,True,3,2.9582
GBPJPY,2026-07-02,vente,False,True,True,1,-1.0337
GBPJPY,2026-07-02,vente,False,True,True,2,-1.0337
GBPJPY,2026-07-02,vente,False,True,True,3,-1.0337
GBPJPY,2026-07-08,achat,False,True,True,1,-1.0203
GBPJPY,2026-07-08,achat,False,True,True,2,-1.0203
GBPJPY,2026-07-08,achat,False,True,True,3,-1.0203
GBPJPY,2026-07-10,vente,False,False,True,1,-1.0221
GBPJPY,2026-07-10,vente,False,False,True,2,-1.0221
GBPJPY,2026-07-10,vente,False,False,True,3,-1.0221
GBPJPY,2026-07-22,vente,False,False,True,1,-1.0789
GBPJPY,2026-07-22,vente,False,False,True,2,-1.0789
GBPJPY,2026-07-22,vente,False,False,True,3,-1.0789
GBPJPY,2026-07-24,achat,False,False,True,1,-1.071
GBPJPY,2026-07-24,achat,False,False,True,2,-1.071
GBPJPY,2026-07-24,achat,False,False,True,3,-1.071
GBPJPY,2026-07-27,vente,False,True,True,1,-1.0279
GBPJPY,2026-07-27,vente,False,True,True,2,-1.0279
GBPJPY,2026-07-27,vente,False,True,True,3,-1.0279
GBPJPY,2026-07-30,vente,False,True,True,1,0.9919
GBPJPY,2026-07-30,vente,False,True,True,2,1.1249
GBPJPY,2026-07-30,vente,False,True,True,3,1.1249
GBPJPY,2026-08-10,achat,False,False,True,1,0.0086
GBPJPY,2026-08-10,achat,False,False,True,2,0.0086
GBPJPY,2026-08-10,achat,False,False,True,3,0.0086
GBPJPY,2026-08-19,vente,False,False,True,1,-1.0331
GBPJPY,2026-08-19,vente,False,False,True,2,-1.0331
GBPJPY,2026-08-19,vente,False,False,True,3,-1.0331
GBPJPY,2026-08-20,achat,True,False,True,1,0.2893
GBPJPY,2026-08-20,achat,True,False,True,2,0.2893
GBPJPY,2026-08-20,achat,True,False,True,3,0.2893
GBPJPY,2026-08-26,vente,True,False,True,1,0.0411
GBPJPY,2026-08-26,vente,True,False,True,2,0.0411
GBPJPY,2026-08-26,vente,True,False,True,3,0.0411
GBPJPY,2026-09-02,vente,False,False,True,1,0.9895
GBPJPY,2026-09-02,vente,False,False,True,2,1.9895
GBPJPY,2026-09-02,vente,False,False,True,3,2.4543
GBPJPY,2026-09-07,vente,False,True,True,1,-0.1153
GBPJPY,2026-09-07,vente,False,True,True,2,-0.1153
GBPJPY,2026-09-07,vente,False,True,True,3,-0.1153
GBPJPY,2026-09-11,vente,False,True,True,1,-1.0217
GBPJPY,2026-09-11,vente,False,True,True,2,-1.0217
GBPJPY,2026-09-11,vente,False,True,True,3,-1.0217
GBPJPY,2026-09-14,achat,True,False,True,1,0.0635
GBPJPY,2026-09-14,achat,True,False,True,2,0.0635
GBPJPY,2026-09-14,achat,True,False,True,3,0.0635
GBPJPY,2026-09-18,achat,False,True,True,1,-0.4069
GBPJPY,2026-09-18,achat,False,True,True,2,-0.4069
GBPJPY,2026-09-18,achat,False,True,True,3,-0.4069
GBPJPY,2026-09-22,vente,False,False,True,1,0.9693
GBPJPY,2026-09-22,vente,False,False,True,2,1.9693
GBPJPY,2026-09-22,vente,False,False,True,3,2.254
GBPJPY,2026-09-25,vente,True,False,True,1,-0.4826
GBPJPY,2026-09-25,vente,True,False,True,2,-0.4826
GBPJPY,2026-09-25,vente,True,False,True,3,-0.4826
GBPJPY,2026-09-30,achat,False,False,True,1,-0.1062
GBPJPY,2026-09-30,achat,False,False,True,2,-0.1062
GBPJPY,2026-09-30,achat,False,False,True,3,-0.1062
GBPUSD,2023-12-19,achat,False,False,True,1,-1.0143
GBPUSD,2023-12-19,achat,False,False,True,2,-1.0143
GBPUSD,2023-12-19,achat,False,False,True,3,-1.0143
GBPUSD,2023-12-20,vente,True,False,True,1,-1.0131
GBPUSD,2023-12-20,vente,True,False,True,2,-1.0131
GBPUSD,2023-12-20,vente,True,False,True,3,-1.0131
GBPUSD,2024-01-09,vente,True,False,True,1,-1.0212
GBPUSD,2024-01-09,vente,True,False,True,2,-1.0212
GBPUSD,2024-01-09,vente,True,False,True,3,-1.0212
GBPUSD,2024-01-10,achat,False,False,True,1,-0.5085
GBPUSD,2024-01-10,achat,False,False,True,2,-0.5085
GBPUSD,2024-01-10,achat,False,False,True,3,-0.5085
GBPUSD,2024-01-23,vente,True,False,True,1,-1.0206
GBPUSD,2024-01-23,vente,True,False,True,2,-1.0206
GBPUSD,2024-01-23,vente,True,False,True,3,-1.0206
GBPUSD,2024-01-24,achat,False,False,True,1,-1.0342
GBPUSD,2024-01-24,achat,False,False,True,2,-1.0342
GBPUSD,2024-01-24,achat,False,False,True,3,-1.0342
GBPUSD,2024-01-29,achat,False,False,True,1,-1.0236
GBPUSD,2024-01-29,achat,False,False,True,2,-1.0236
GBPUSD,2024-01-29,achat,False,False,True,3,-1.0236
GBPUSD,2024-01-30,vente,False,False,True,1,-1.0429
GBPUSD,2024-01-30,vente,False,False,True,2,-1.0429
GBPUSD,2024-01-30,vente,False,False,True,3,-1.0429
GBPUSD,2024-02-01,achat,False,True,True,1,-1.0098
GBPUSD,2024-02-01,achat,False,True,True,2,-1.0098
GBPUSD,2024-02-01,achat,False,True,True,3,-1.0098
GBPUSD,2024-02-02,vente,True,False,True,1,0.0038
GBPUSD,2024-02-02,vente,True,False,True,2,0.0038
GBPUSD,2024-02-02,vente,True,False,True,3,0.0038
GBPUSD,2024-02-12,vente,False,False,True,1,-1.0398
GBPUSD,2024-02-12,vente,False,False,True,2,-1.0398
GBPUSD,2024-02-12,vente,False,False,True,3,-1.0398
GBPUSD,2024-02-15,achat,False,False,True,1,0.9796
GBPUSD,2024-02-15,achat,False,False,True,2,0.4443
GBPUSD,2024-02-15,achat,False,False,True,3,0.4443
GBPUSD,2024-02-20,achat,False,False,True,1,0.9754
GBPUSD,2024-02-20,achat,False,False,True,2,0.9151
GBPUSD,2024-02-20,achat,False,False,True,3,0.9151
GBPUSD,2024-03-14,vente,False,False,True,1,0.3174
GBPUSD,2024-03-14,vente,False,False,True,2,0.3174
GBPUSD,2024-03-14,vente,False,False,True,3,0.3174
GBPUSD,2024-03-20,achat,False,False,True,1,-1.0105
GBPUSD,2024-03-20,achat,False,False,True,2,-1.0105
GBPUSD,2024-03-20,achat,False,False,True,3,-1.0105
GBPUSD,2024-03-21,vente,False,False,True,1,0.2163
GBPUSD,2024-03-21,vente,False,False,True,2,0.2163
GBPUSD,2024-03-21,vente,False,False,True,3,0.2163
GBPUSD,2024-04-01,vente,False,True,True,1,-1.0122
GBPUSD,2024-04-01,vente,False,True,True,2,-1.0122
GBPUSD,2024-04-01,vente,False,True,True,3,-1.0122
GBPUSD,2024-04-08,achat,False,True,True,1,0.9734
GBPUSD,2024-04-08,achat,False,True,True,2,-1.0266
GBPUSD,2024-04-08,achat,False,True,True,3,-1.0266
GBPUSD,2024-04-10,vente,False,False,True,1,0.5256
GBPUSD,2024-04-10,vente,False,False,True,2,0.5256
GBPUSD,2024-04-10,vente,False,False,True,3,0.5256
GBPUSD,2024-04-12,vente,False,False,True,1,-0.0279
GBPUSD,2024-04-12,vente,False,False,True,2,-0.0279
GBPUSD,2024-04-12,vente,False,False,True,3,-0.0279
GBPUSD,2024-04-17,achat,False,False,True,1,-1.0319
GBPUSD,2024-04-17,achat,False,False,True,2,-1.0319
GBPUSD,2024-04-17,achat,False,False,True,3,-1.0319
GBPUSD,2024-04-23,achat,False,False,True,1,0.3166
GBPUSD,2024-04-23,achat,False,False,True,2,0.3166
GBPUSD,2024-04-23,achat,False,False,True,3,0.3166
GBPUSD,2024-04-29,achat,True,False,True,1,-1.0226
GBPUSD,2024-04-29,achat,True,False,True,2,-1.0226
GBPUSD,2024-04-29,achat,True,False,True,3,-1.0226
GBPUSD,2024-04-30,vente,False,False,True,1,-1.0163
GBPUSD,2024-04-30,vente,False,False,True,2,-1.0163
GBPUSD,2024-04-30,vente,False,False,True,3,-1.0163
GBPUSD,2024-05-07,vente,False,False,True,1,-0.3441
GBPUSD,2024-05-07,vente,False,False,True,2,-0.3441
GBPUSD,2024-05-07,vente,False,False,True,3,-0.3441
GBPUSD,2024-05-09,achat,False,False,True,1,0.7587
GBPUSD,2024-05-09,achat,False,False,True,2,0.7587
GBPUSD,2024-05-09,achat,False,False,True,3,0.7587
GBPUSD,2024-05-13,achat,True,False,True,1,-1.0271
GBPUSD,2024-05-13,achat,True,False,True,2,-1.0271
GBPUSD,2024-05-13,achat,True,False,True,3,-1.0271
GBPUSD,2024-05-17,achat,False,True,True,1,0.2239
GBPUSD,2024-05-17,achat,False,True,True,2,0.2239
GBPUSD,2024-05-17,achat,False,True,True,3,0.2239
GBPUSD,2024-05-23,vente,True,False,True,1,-1.022
GBPUSD,2024-05-23,vente,True,False,True,2,-1.022
GBPUSD,2024-05-23,vente,True,False,True,3,-1.022
GBPUSD,2024-05-24,achat,False,False,True,1,0.9794
GBPUSD,2024-05-24,achat,False,False,True,2,-0.7298
GBPUSD,2024-05-24,achat,False,False,True,3,-0.7298
GBPUSD,2024-06-11,achat,False,False,True,1,0.9653
GBPUSD,2024-06-11,achat,False,False,True,2,1.9653
GBPUSD,2024-06-11,achat,False,False,True,3,2.9653
GBPUSD,2024-06-19,achat,False,False,True,1,-1.0545
GBPUSD,2024-06-19,achat,False,False,True,2,-1.0545
GBPUSD,2024-06-19,achat,False,False,True,3,-1.0545
GBPUSD,2024-06-20,vente,False,False,True,1,-0.4012
GBPUSD,2024-06-20,vente,False,False,True,2,-0.4012
GBPUSD,2024-06-20,vente,False,False,True,3,-0.4012
GBPUSD,2024-06-24,achat,False,True,True,1,-1.0233
GBPUSD,2024-06-24,achat,False,True,True,2,-1.0233
GBPUSD,2024-06-24,achat,False,True,True,3,-1.0233
GBPUSD,2024-06-26,vente,False,False,True,1,-1.0166
GBPUSD,2024-06-26,vente,False,False,True,2,-1.0166
GBPUSD,2024-06-26,vente,False,False,True,3,-1.0166
GBPUSD,2024-07-01,vente,False,False,True,1,-1.0225
GBPUSD,2024-07-01,vente,False,False,True,2,-1.0225
GBPUSD,2024-07-01,vente,False,False,True,3,-1.0225
GBPUSD,2024-07-02,achat,False,True,True,1,0.9838
GBPUSD,2024-07-02,achat,False,True,True,2,1.6716
GBPUSD,2024-07-02,achat,False,True,True,3,1.6716
GBPUSD,2024-07-09,vente,False,False,True,1,-1.0323
GBPUSD,2024-07-09,vente,False,False,True,2,-1.0323
GBPUSD,2024-07-09,vente,False,False,True,3,-1.0323
GBPUSD,2024-07-10,achat,False,False,True,1,0.983
GBPUSD,2024-07-10,achat,False,False,True,2,1.6258
GBPUSD,2024-07-10,achat,False,False,True,3,1.6258
GBPUSD,2024-07-18,vente,True,False,True,1,0.7465
GBPUSD,2024-07-18,vente,True,False,True,2,0.7465
GBPUSD,2024-07-18,vente,True,False,True,3,0.7465
GBPUSD,2024-08-01,vente,False,True,True,1,0.3297
GBPUSD,2024-08-01,vente,False,True,True,2,0.3297
GBPUSD,2024-08-01,vente,False,True,True,3,0.3297
GBPUSD,2024-08-06,vente,False,False,True,1,-0.6378
GBPUSD,2024-08-06,vente,False,False,True,2,-0.6378
GBPUSD,2024-08-06,vente,False,False,True,3,-0.6378
GBPUSD,2024-08-08,achat,False,False,True,1,0.9855
GBPUSD,2024-08-08,achat,False,False,True,2,1.424
GBPUSD,2024-08-08,achat,False,False,True,3,1.424
GBPUSD,2024-08-27,achat,False,False,True,1,-1.0155
GBPUSD,2024-08-27,achat,False,False,True,2,-1.0155
GBPUSD,2024-08-27,achat,False,False,True,3,-1.0155
GBPUSD,2024-09-03,vente,False,True,True,1,-1.0337
GBPUSD,2024-09-03,vente,False,True,True,2,-1.0337
GBPUSD,2024-09-03,vente,False,True,True,3,-1.0337
GBPUSD,2024-09-04,achat,False,True,True,1,0.9733
GBPUSD,2024-09-04,achat,False,True,True,2,1.9733
GBPUSD,2024-09-04,achat,False,True,True,3,-1.0267
GBPUSD,2024-09-06,vente,True,False,True,1,0.9888
GBPUSD,2024-09-06,vente,True,False,True,2,0.8423
GBPUSD,2024-09-06,vente,True,False,True,3,0.8423
GBPUSD,2024-09-11,vente,False,True,True,1,-1.0162
GBPUSD,2024-09-11,vente,False,True,True,2,-1.0162
GBPUSD,2024-09-11,vente,False,True,True,3,-1.0162
GBPUSD,2024-09-12,achat,False,False,True,1,0.3445
GBPUSD,2024-09-12,achat,False,False,True,2,0.3445
GBPUSD,2024-09-12,achat,False,False,True,3,0.3445
GBPUSD,2024-09-16,achat,False,True,True,1,0.9842
GBPUSD,2024-09-16,achat,False,True,True,2,0.8879
GBPUSD,2024-09-16,achat,False,True,True,3,0.8879
GBPUSD,2024-09-25,vente,False,False,True,1,-1.0103
GBPUSD,2024-09-25,vente,False,False,True,2,-1.0103
GBPUSD,2024-09-25,vente,False,False,True,3,-1.0103
GBPUSD,2024-10-07,vente,False,True,True,1,0.9765
GBPUSD,2024-10-07,vente,False,True,True,2,0.4543
GBPUSD,2024-10-07,vente,False,True,True,3,0.4543
GBPUSD,2024-10-09,vente,False,True,True,1,0.9699
GBPUSD,2024-10-09,vente,False,True,True,2,-0.073
GBPUSD,2024-10-09,vente,False,True,True,3,-0.073
GBPUSD,2024-10-21,vente,False,False,True,1,0.9833
GBPUSD,2024-10-21,vente,False,False,True,2,0.1381
GBPUSD,2024-10-21,vente,False,False,True,3,0.1381
GBPUSD,2024-10-28,achat,False,False,True,1,0.9656
GBPUSD,2024-10-28,achat,False,False,True,2,-1.0344
GBPUSD,2024-10-28,achat,False,False,True,3,-1.0344
GBPUSD,2024-10-30,vente,False,False,True,1,0.9855
GBPUSD,2024-10-30,vente,False,False,True,2,0.0362
GBPUSD,2024-10-30,vente,False,False,True,3,0.0362
GBPUSD,2024-11-06,vente,False,False,True,1,0.0534
GBPUSD,2024-11-06,vente,False,False,True,2,0.0534
GBPUSD,2024-11-06,vente,False,False,True,3,0.0534
GBPUSD,2024-11-18,achat,False,True,True,1,-1.018
GBPUSD,2024-11-18,achat,False,True,True,2,-1.018
GBPUSD,2024-11-18,achat,False,True,True,3,-1.018
GBPUSD,2024-11-20,vente,False,False,True,1,0.9807
GBPUSD,2024-11-20,vente,False,False,True,2,1.9807
GBPUSD,2024-11-20,vente,False,False,True,3,1.7876
GBPUSD,2024-12-02,vente,False,False,True,1,-1.018
GBPUSD,2024-12-02,vente,False,False,True,2,-1.018
GBPUSD,2024-12-02,vente,False,False,True,3,-1.018
GBPUSD,2024-12-16,achat,False,True,True,1,-1.0185
GBPUSD,2024-12-16,achat,False,True,True,2,-1.0185
GBPUSD,2024-12-16,achat,False,True,True,3,-1.0185
GBPUSD,2024-12-18,vente,False,False,True,1,0.1928
GBPUSD,2024-12-18,vente,False,False,True,2,0.1928
GBPUSD,2024-12-18,vente,False,False,True,3,0.1928
GBPUSD,2024-12-20,achat,True,False,True,1,-0.2734
GBPUSD,2024-12-20,achat,True,False,True,2,-0.2734
GBPUSD,2024-12-20,achat,True,False,True,3,-0.2734
GBPUSD,2024-12-27,achat,True,False,True,1,-0.824
GBPUSD,2024-12-27,achat,True,False,True,2,-0.824
GBPUSD,2024-12-27,achat,True,False,True,3,-0.824
GBPUSD,2025-01-15,achat,False,False,True,1,-1.0171
GBPUSD,2025-01-15,achat,False,False,True,2,-1.0171
GBPUSD,2025-01-15,achat,False,False,True,3,-1.0171
GBPUSD,2025-01-20,achat,False,False,True,1,0.1209
GBPUSD,2025-01-20,achat,False,False,True,2,0.1209
GBPUSD,2025-01-20,achat,False,False,True,3,0.1209
GBPUSD,2025-01-22,vente,False,True,True,1,-1.0187
GBPUSD,2025-01-22,vente,False,True,True,2,-1.0187
GBPUSD,2025-01-22,vente,False,True,True,3,-1.0187
GBPUSD,2025-01-23,achat,False,False,True,1,0.98
GBPUSD,2025-01-23,achat,False,False,True,2,1.98
GBPUSD,2025-01-23,achat,False,False,True,3,1.4328
GBPUSD,2025-01-28,vente,False,False,True,1,0.957
GBPUSD,2025-01-28,vente,False,False,True,2,-1.043
GBPUSD,2025-01-28,vente,False,False,True,3,-1.043
GBPUSD,2025-01-29,achat,False,True,True,1,-1.019
GBPUSD,2025-01-29,achat,False,True,True,2,-1.019
GBPUSD,2025-01-29,achat,False,True,True,3,-1.019
GBPUSD,2025-01-30,vente,False,False,True,1,0.9772
GBPUSD,2025-01-30,vente,False,False,True,2,1.9772
GBPUSD,2025-01-30,vente,False,False,True,3,2.9772
GBPUSD,2025-02-03,achat,True,False,True,1,0.0196
GBPUSD,2025-02-03,achat,True,False,True,2,0.0196
GBPUSD,2025-02-03,achat,True,False,True,3,0.0196
GBPUSD,2025-02-06,vente,True,False,True,1,0.9843
GBPUSD,2025-02-06,vente,True,False,True,2,-0.2185
GBPUSD,2025-02-06,vente,True,False,True,3,-0.2185
GBPUSD,2025-02-11,achat,False,False,True,1,0.99
GBPUSD,2025-02-11,achat,False,False,True,2,1.1272
GBPUSD,2025-02-11,achat,False,False,True,3,1.1272
GBPUSD,2025-02-13,achat,False,False,True,1,0.5001
GBPUSD,2025-02-13,achat,False,False,True,2,0.5001
GBPUSD,2025-02-13,achat,False,False,True,3,0.5001
GBPUSD,2025-02-19,vente,False,True,True,1,-1.0245
GBPUSD,2025-02-19,vente,False,True,True,2,-1.0245
GBPUSD,2025-02-19,vente,False,True,True,3,-1.0245
GBPUSD,2025-02-20,achat,False,False,True,1,0.0203
GBPUSD,2025-02-20,achat,False,False,True,2,0.0203
GBPUSD,2025-02-20,achat,False,False,True,3,0.0203
GBPUSD,2025-02-25,achat,False,True,True,1,-1.0177
GBPUSD,2025-02-25,achat,False,True,True,2,-1.0177
GBPUSD,2025-02-25,achat,False,True,True,3,-1.0177
GBPUSD,2025-02-27,vente,False,False,True,1,-1.013
GBPUSD,2025-02-27,vente,False,False,True,2,-1.013
GBPUSD,2025-02-27,vente,False,False,True,3,-1.013
GBPUSD,2025-03-03,achat,False,False,True,1,0.99
GBPUSD,2025-03-03,achat,False,False,True,2,1.5171
GBPUSD,2025-03-03,achat,False,False,True,3,1.5171
GBPUSD,2025-03-07,achat,False,True,True,1,-1.0244
GBPUSD,2025-03-07,achat,False,True,True,2,-1.0244
GBPUSD,2025-03-07,achat,False,True,True,3,-1.0244
GBPUSD,2025-03-10,vente,False,False,True,1,-1.0166
GBPUSD,2025-03-10,vente,False,False,True,2,-1.0166
GBPUSD,2025-03-10,vente,False,False,True,3,-1.0166
GBPUSD,2025-03-11,achat,False,True,True,1,-0.1613
GBPUSD,2025-03-11,achat,False,True,True,2,-0.1613
GBPUSD,2025-03-11,achat,False,True,True,3,-0.1613
GBPUSD,2025-03-17,achat,False,False,True,1,-0.3262
GBPUSD,2025-03-17,achat,False,False,True,2,-0.3262
GBPUSD,2025-03-17,achat,False,False,True,3,-0.3262
GBPUSD,2025-03-20,vente,True,False,True,1,0.9762
GBPUSD,2025-03-20,vente,True,False,True,2,0.4188
GBPUSD,2025-03-20,vente,True,False,True,3,0.4188
GBPUSD,2025-03-25,achat,False,False,True,1,-1.0282
GBPUSD,2025-03-25,achat,False,False,True,2,-1.0282
GBPUSD,2025-03-25,achat,False,False,True,3,-1.0282
GBPUSD,2025-03-26,vente,False,False,True,1,-1.017
GBPUSD,2025-03-26,vente,False,False,True,2,-1.017
GBPUSD,2025-03-26,vente,False,False,True,3,-1.017
GBPUSD,2025-03-27,achat,False,True,True,1,-0.3983
GBPUSD,2025-03-27,achat,False,True,True,2,-0.3983
GBPUSD,2025-03-27,achat,False,True,True,3,-0.3983
GBPUSD,2025-04-04,vente,False,True,True,1,0.3425
GBPUSD,2025-04-04,vente,False,True,True,2,0.3425
GBPUSD,2025-04-04,vente,False,True,True,3,0.3425
GBPUSD,2025-04-22,vente,False,False,True,1,-0.2886
GBPUSD,2025-04-22,vente,False,False,True,2,-0.2886
GBPUSD,2025-04-22,vente,False,False,True,3,-0.2886
GBPUSD,2025-04-24,achat,True,False,True,1,0.9826
GBPUSD,2025-04-24,achat,True,False,True,2,1.1688
GBPUSD,2025-04-24,achat,True,False,True,3,1.1688
GBPUSD,2025-04-28,achat,False,False,True,1,-1.0076
GBPUSD,2025-04-28,achat,False,False,True,2,-1.0076
GBPUSD,2025-04-28,achat,False,False,True,3,-1.0076
GBPUSD,2025-05-09,achat,False,False,True,1,-1.0129
GBPUSD,2025-05-09,achat,False,False,True,2,-1.0129
GBPUSD,2025-05-09,achat,False,False,True,3,-1.0129
GBPUSD,2025-05-12,vente,False,False,True,1,-1.0097
GBPUSD,2025-05-12,vente,False,False,True,2,-1.0097
GBPUSD,2025-05-12,vente,False,False,True,3,-1.0097
GBPUSD,2025-05-13,achat,False,False,True,1,-0.1656
GBPUSD,2025-05-13,achat,False,False,True,2,-0.1656
GBPUSD,2025-05-13,achat,False,False,True,3,-0.1656
GBPUSD,2025-05-19,achat,False,False,True,1,0.9823
GBPUSD,2025-05-19,achat,False,False,True,2,0.8613
GBPUSD,2025-05-19,achat,False,False,True,3,0.8613
GBPUSD,2025-05-23,achat,False,False,True,1,-0.9259
GBPUSD,2025-05-23,achat,False,False,True,2,-0.9259
GBPUSD,2025-05-23,achat,False,False,True,3,-0.9259
GBPUSD,2025-05-27,vente,False,False,True,1,0.9841
GBPUSD,2025-05-27,vente,False,False,True,2,0.7631
GBPUSD,2025-05-27,vente,False,False,True,3,0.7631
GBPUSD,2025-06-02,achat,False,False,True,1,0.2469
GBPUSD,2025-06-02,achat,False,False,True,2,0.2469
GBPUSD,2025-06-02,achat,False,False,True,3,0.2469
GBPUSD,2025-06-06,vente,False,False,True,1,0.9796
GBPUSD,2025-06-06,vente,False,False,True,2,-0.6917
GBPUSD,2025-06-06,vente,False,False,True,3,-0.6917
GBPUSD,2025-06-10,vente,False,False,True,1,-1.0202
GBPUSD,2025-06-10,vente,False,False,True,2,-1.0202
GBPUSD,2025-06-10,vente,False,False,True,3,-1.0202
GBPUSD,2025-06-11,achat,False,False,True,1,-0.0114
GBPUSD,2025-06-11,achat,False,False,True,2,-0.0114
GBPUSD,2025-06-11,achat,False,False,True,3,-0.0114
GBPUSD,2025-06-13,vente,False,True,True,1,0.9815
GBPUSD,2025-06-13,vente,False,True,True,2,1.9815
GBPUSD,2025-06-13,vente,False,True,True,3,2.3559
GBPUSD,2025-06-17,vente,False,False,True,1,-0.1292
GBPUSD,2025-06-17,vente,False,False,True,2,-0.1292
GBPUSD,2025-06-17,vente,False,False,True,3,-0.1292
GBPUSD,2025-06-19,achat,False,True,True,1,-1.0126
GBPUSD,2025-06-19,achat,False,True,True,2,-1.0126
GBPUSD,2025-06-19,achat,False,True,True,3,-1.0126
GBPUSD,2025-06-23,achat,False,True,True,1,0.9931
GBPUSD,2025-06-23,achat,False,True,True,2,1.0227
GBPUSD,2025-06-23,achat,False,True,True,3,1.0227
GBPUSD,2025-06-30,achat,False,False,True,1,-1.0204
GBPUSD,2025-06-30,achat,False,False,True,2,-1.0204
GBPUSD,2025-06-30,achat,False,False,True,3,-1.0204
GBPUSD,2025-07-02,vente,True,False,True,1,0.2311
GBPUSD,2025-07-02,vente,True,False,True,2,0.2311
GBPUSD,2025-07-02,vente,True,False,True,3,0.2311
GBPUSD,2025-07-04,vente,False,False,True,1,0.9667
GBPUSD,2025-07-04,vente,False,False,True,2,1.9667
GBPUSD,2025-07-04,vente,False,False,True,3,2.9667
GBPUSD,2025-07-10,vente,False,True,True,1,0.9706
GBPUSD,2025-07-10,vente,False,True,True,2,1.9706
GBPUSD,2025-07-10,vente,False,True,True,3,2.9706
GBPUSD,2025-07-21,achat,False,False,True,1,0.9865
GBPUSD,2025-07-21,achat,False,False,True,2,0.2086
GBPUSD,2025-07-21,achat,False,False,True,3,0.2086
GBPUSD,2025-07-24,vente,False,False,True,1,0.9852
GBPUSD,2025-07-24,vente,False,False,True,2,1.9852
GBPUSD,2025-07-24,vente,False,False,True,3,1.8978
GBPUSD,2025-08-01,achat,False,True,True,1,0.6188
GBPUSD,2025-08-01,achat,False,True,True,2,0.6188
GBPUSD,2025-08-01,achat,False,True,True,3,0.6188
GBPUSD,2025-08-12,achat,False,False,True,1,0.9858
GBPUSD,2025-08-12,achat,False,False,True,2,0.5761
GBPUSD,2025-08-12,achat,False,False,True,3,0.5761
GBPUSD,2025-08-18,vente,False,False,True,1,0.9797
GBPUSD,2025-08-18,vente,False,False,True,2,1.519
GBPUSD,2025-08-18,vente,False,False,True,3,1.519
GBPUSD,2025-08-22,achat,False,True,True,1,-0.1246
GBPUSD,2025-08-22,achat,False,True,True,2,-0.1246
GBPUSD,2025-08-22,achat,False,True,True,3,-0.1246
GBPUSD,2025-08-29,vente,True,False,True,1,-1.0692
GBPUSD,2025-08-29,vente,True,False,True,2,-1.0692
GBPUSD,2025-08-29,vente,True,False,True,3,-1.0692
GBPUSD,2025-09-01,achat,True,False,True,1,-1.0259
GBPUSD,2025-09-01,achat,True,False,True,2,-1.0259
GBPUSD,2025-09-01,achat,True,False,True,3,-1.0259
GBPUSD,2025-09-02,vente,False,False,True,1,-1.0072
GBPUSD,2025-09-02,vente,False,False,True,2,-1.0072
GBPUSD,2025-09-02,vente,False,False,True,3,-1.0072
GBPUSD,2025-09-15,achat,False,False,True,1,0.9789
GBPUSD,2025-09-15,achat,False,False,True,2,1.9789
GBPUSD,2025-09-15,achat,False,False,True,3,-1.0211
GBPUSD,2025-09-24,vente,True,False,True,1,0.9842
GBPUSD,2025-09-24,vente,True,False,True,2,0.1744
GBPUSD,2025-09-24,vente,True,False,True,3,0.1744
GBPUSD,2025-10-03,achat,False,False,True,1,-1.023
GBPUSD,2025-10-03,achat,False,False,True,2,-1.023
GBPUSD,2025-10-03,achat,False,False,True,3,-1.023
GBPUSD,2025-10-07,vente,True,False,True,1,0.9817
GBPUSD,2025-10-07,vente,True,False,True,2,1.9817
GBPUSD,2025-10-07,vente,True,False,True,3,0.9965
GBPUSD,2025-10-15,achat,False,False,True,1,0.0049
GBPUSD,2025-10-15,achat,False,False,True,2,0.0049
GBPUSD,2025-10-15,achat,False,False,True,3,0.0049
GBPUSD,2025-10-27,achat,False,False,True,1,-1.0379
GBPUSD,2025-10-27,achat,False,False,True,2,-1.0379
GBPUSD,2025-10-27,achat,False,False,True,3,-1.0379
GBPUSD,2025-10-28,vente,False,True,True,1,0.9874
GBPUSD,2025-10-28,vente,False,True,True,2,1.2772
GBPUSD,2025-10-28,vente,False,True,True,3,1.2772
GBPUSD,2025-12-09,vente,False,True,True,1,-1.0222
GBPUSD,2025-12-09,vente,False,True,True,2,-1.0222
GBPUSD,2025-12-09,vente,False,True,True,3,-1.0222
GBPUSD,2025-12-10,achat,False,False,True,1,-0.1071
GBPUSD,2025-12-10,achat,False,False,True,2,-0.1071
GBPUSD,2025-12-10,achat,False,False,True,3,-0.1071
GBPUSD,2025-12-12,vente,False,True,True,1,-1.0408
GBPUSD,2025-12-12,vente,False,True,True,2,-1.0408
GBPUSD,2025-12-12,vente,False,True,True,3,-1.0408
GBPUSD,2025-12-17,vente,False,False,True,1,-1.0223
GBPUSD,2025-12-17,vente,False,False,True,2,-1.0223
GBPUSD,2025-12-17,vente,False,False,True,3,-1.0223
GBPUSD,2025-12-22,achat,False,True,True,1,0.4213
GBPUSD,2025-12-22,achat,False,True,True,2,0.4213
GBPUSD,2025-12-22,achat,False,True,True,3,0.4213
GBPUSD,2025-12-29,achat,False,False,True,1,-1.0298
GBPUSD,2025-12-29,achat,False,False,True,2,-1.0298
GBPUSD,2025-12-29,achat,False,False,True,3,-1.0298
GBPUSD,2025-12-30,vente,False,False,True,1,0.0394
GBPUSD,2025-12-30,vente,False,False,True,2,0.0394
GBPUSD,2025-12-30,vente,False,False,True,3,0.0394
GBPUSD,2026-01-05,achat,False,False,True,1,-0.8186
GBPUSD,2026-01-05,achat,False,False,True,2,-0.8186
GBPUSD,2026-01-05,achat,False,False,True,3,-0.8186
GBPUSD,2026-01-12,achat,False,True,True,1,-1.016
GBPUSD,2026-01-12,achat,False,True,True,2,-1.016
GBPUSD,2026-01-12,achat,False,True,True,3,-1.016
GBPUSD,2026-01-15,vente,False,False,True,1,-1.0182
GBPUSD,2026-01-15,vente,False,False,True,2,-1.0182
GBPUSD,2026-01-15,vente,False,False,True,3,-1.0182
GBPUSD,2026-01-19,achat,False,True,True,1,0.9688
GBPUSD,2026-01-19,achat,False,True,True,2,1.9688
GBPUSD,2026-01-19,achat,False,True,True,3,2.0935
GBPUSD,2026-01-22,achat,False,False,True,1,0.9878
GBPUSD,2026-01-22,achat,False,False,True,2,1.9878
GBPUSD,2026-01-22,achat,False,False,True,3,2.9878
GBPUSD,2026-02-04,vente,True,False,True,1,0.9867
GBPUSD,2026-02-04,vente,True,False,True,2,-0.4385
GBPUSD,2026-02-04,vente,True,False,True,3,-0.4385
GBPUSD,2026-02-13,achat,False,False,True,1,-1.0182
GBPUSD,2026-02-13,achat,False,False,True,2,-1.0182
GBPUSD,2026-02-13,achat,False,False,True,3,-1.0182
GBPUSD,2026-02-23,vente,False,False,True,1,-1.0295
GBPUSD,2026-02-23,vente,False,False,True,2,-1.0295
GBPUSD,2026-02-23,vente,False,False,True,3,-1.0295
GBPUSD,2026-02-26,vente,False,False,True,1,0.9859
GBPUSD,2026-02-26,vente,False,False,True,2,1.9859
GBPUSD,2026-02-26,vente,False,False,True,3,1.6053
GBPUSD,2026-03-03,vente,False,False,True,1,-0.834
GBPUSD,2026-03-03,vente,False,False,True,2,-0.834
GBPUSD,2026-03-03,vente,False,False,True,3,-0.834
GBPUSD,2026-03-06,achat,False,False,True,1,-1.0117
GBPUSD,2026-03-06,achat,False,False,True,2,-1.0117
GBPUSD,2026-03-06,achat,False,False,True,3,-1.0117
GBPUSD,2026-03-18,vente,False,True,True,1,-1.0107
GBPUSD,2026-03-18,vente,False,True,True,2,-1.0107
GBPUSD,2026-03-18,vente,False,True,True,3,-1.0107
GBPUSD,2026-03-19,achat,True,False,True,1,-0.0489
GBPUSD,2026-03-19,achat,True,False,True,2,-0.0489
GBPUSD,2026-03-19,achat,True,False,True,3,-0.0489
GBPUSD,2026-03-23,achat,True,False,True,1,-0.5366
GBPUSD,2026-03-23,achat,True,False,True,2,-0.5366
GBPUSD,2026-03-23,achat,True,False,True,3,-0.5366
GBPUSD,2026-03-31,achat,False,False,True,1,0.9858
GBPUSD,2026-03-31,achat,False,False,True,2,-0.6041
GBPUSD,2026-03-31,achat,False,False,True,3,-0.6041
GBPUSD,2026-04-02,vente,False,False,True,1,-1.0132
GBPUSD,2026-04-02,vente,False,False,True,2,-1.0132
GBPUSD,2026-04-02,vente,False,False,True,3,-1.0132
GBPUSD,2026-04-06,achat,False,False,True,1,0.975
GBPUSD,2026-04-06,achat,False,False,True,2,1.975
GBPUSD,2026-04-06,achat,False,False,True,3,2.975
GBPUSD,2026-04-09,achat,False,True,True,1,0.9755
GBPUSD,2026-04-09,achat,False,True,True,2,1.9755
GBPUSD,2026-04-09,achat,False,True,True,3,2.9755
GBPUSD,2026-04-20,achat,True,False,True,1,-1.0223
GBPUSD,2026-04-20,achat,True,False,True,2,-1.0223
GBPUSD,2026-04-20,achat,True,False,True,3,-1.0223
GBPUSD,2026-04-24,achat,False,False,True,1,-0.5506
GBPUSD,2026-04-24,achat,False,False,True,2,-0.5506
GBPUSD,2026-04-24,achat,False,False,True,3,-0.5506
GBPUSD,2026-04-30,achat,False,False,True,1,-0.2383
GBPUSD,2026-04-30,achat,False,False,True,2,-0.2383
GBPUSD,2026-04-30,achat,False,False,True,3,-0.2383
GBPUSD,2026-05-07,vente,False,True,True,1,-1.0155
GBPUSD,2026-05-07,vente,False,True,True,2,-1.0155
GBPUSD,2026-05-07,vente,False,True,True,3,-1.0155
GBPUSD,2026-05-08,achat,False,False,True,1,-1.0142
GBPUSD,2026-05-08,achat,False,False,True,2,-1.0142
GBPUSD,2026-05-08,achat,False,False,True,3,-1.0142
GBPUSD,2026-05-12,vente,False,True,True,1,0.9832
GBPUSD,2026-05-12,vente,False,True,True,2,1.9832
GBPUSD,2026-05-12,vente,False,True,True,3,2.9832
GBPUSD,2026-05-18,achat,False,False,True,1,-0.0241
GBPUSD,2026-05-18,achat,False,False,True,2,-0.0241
GBPUSD,2026-05-18,achat,False,False,True,3,-0.0241
GBPUSD,2026-05-20,achat,False,True,True,1,0.9801
GBPUSD,2026-05-20,achat,False,True,True,2,1.0037
GBPUSD,2026-05-20,achat,False,True,True,3,1.0037
GBPUSD,2026-05-26,vente,True,False,True,1,0.9725
GBPUSD,2026-05-26,vente,True,False,True,2,-0.0649
GBPUSD,2026-05-26,vente,True,False,True,3,-0.0649
GBPUSD,2026-06-09,achat,False,False,True,1,0.9704
GBPUSD,2026-06-09,achat,False,False,True,2,-1.0296
GBPUSD,2026-06-09,achat,False,False,True,3,-1.0296
GBPUSD,2026-06-11,achat,False,False,True,1,0.1101
GBPUSD,2026-06-11,achat,False,False,True,2,0.1101
GBPUSD,2026-06-11,achat,False,False,True,3,0.1101
GBPUSD,2026-06-17,vente,False,False,True,1,0.9911
GBPUSD,2026-06-17,vente,False,False,True,2,0.3896
GBPUSD,2026-06-17,vente,False,False,True,3,0.3896
GBPUSD,2026-06-23,vente,True,False,True,1,0.9767
GBPUSD,2026-06-23,vente,True,False,True,2,0.0139
GBPUSD,2026-06-23,vente,True,False,True,3,0.0139
GBPUSD,2026-07-01,achat,False,False,True,1,0.98
GBPUSD,2026-07-01,achat,False,False,True,2,1.98
GBPUSD,2026-07-01,achat,False,False,True,3,1.9059
GBPUSD,2026-07-07,vente,False,False,True,1,-1.0216
GBPUSD,2026-07-07,vente,False,False,True,2,-1.0216
GBPUSD,2026-07-07,vente,False,False,True,3,-1.0216
GBPUSD,2026-07-08,achat,False,False,True,1,-0.6345
GBPUSD,2026-07-08,achat,False,False,True,2,-0.6345
GBPUSD,2026-07-08,achat,False,False,True,3,-0.6345
GBPUSD,2026-07-14,achat,False,False,True,1,0.9782
GBPUSD,2026-07-14,achat,False,False,True,2,1.9782
GBPUSD,2026-07-14,achat,False,False,True,3,0.9989
GBPUSD,2026-07-27,vente,False,True,True,1,-1.0159
GBPUSD,2026-07-27,vente,False,True,True,2,-1.0159
GBPUSD,2026-07-27,vente,False,True,True,3,-1.0159
GBPUSD,2026-07-29,achat,False,False,True,1,0.9865
GBPUSD,2026-07-29,achat,False,False,True,2,0.6635
GBPUSD,2026-07-29,achat,False,False,True,3,0.6635
GBPUSD,2026-08-03,vente,True,False,True,1,-0.3655
GBPUSD,2026-08-03,vente,True,False,True,2,-0.3655
GBPUSD,2026-08-03,vente,True,False,True,3,-0.3655
GBPUSD,2026-08-07,achat,False,False,True,1,0.0654
GBPUSD,2026-08-07,achat,False,False,True,2,0.0654
GBPUSD,2026-08-07,achat,False,False,True,3,0.0654
GBPUSD,2026-08-14,achat,True,False,True,1,0.9754
GBPUSD,2026-08-14,achat,True,False,True,2,1.3087
GBPUSD,2026-08-14,achat,True,False,True,3,1.3087
GBPUSD,2026-08-18,vente,False,False,True,1,-1.0601
GBPUSD,2026-08-18,vente,False,False,True,2,-1.0601
GBPUSD,2026-08-18,vente,False,False,True,3,-1.0601
GBPUSD,2026-08-19,achat,True,False,True,1,0.4551
GBPUSD,2026-08-19,achat,True,False,True,2,0.4551
GBPUSD,2026-08-19,achat,True,False,True,3,0.4551
GBPUSD,2026-08-24,vente,False,False,True,1,0.9413
GBPUSD,2026-08-24,vente,False,False,True,2,1.9413
GBPUSD,2026-08-24,vente,False,False,True,3,2.9413
GBPUSD,2026-08-26,vente,False,True,True,1,0.9781
GBPUSD,2026-08-26,vente,False,True,True,2,0.8407
GBPUSD,2026-08-26,vente,False,True,True,3,0.8407
GBPUSD,2026-08-28,vente,False,False,True,1,0.8524
GBPUSD,2026-08-28,vente,False,False,True,2,0.8524
GBPUSD,2026-08-28,vente,False,False,True,3,0.8524
GBPUSD,2026-09-01,vente,False,False,True,1,-0.0904
GBPUSD,2026-09-01,vente,False,False,True,2,-0.0904
GBPUSD,2026-09-01,vente,False,False,True,3,-0.0904
GBPUSD,2026-09-03,achat,True,False,True,1,0.2703
GBPUSD,2026-09-03,achat,True,False,True,2,0.2703
GBPUSD,2026-09-03,achat,True,False,True,3,0.2703
GBPUSD,2026-09-07,achat,True,False,True,1,-1.028
GBPUSD,2026-09-07,achat,True,False,True,2,-1.028
GBPUSD,2026-09-07,achat,True,False,True,3,-1.028
GBPUSD,2026-09-09,achat,False,False,True,1,-1.0596
GBPUSD,2026-09-09,achat,False,False,True,2,-1.0596
GBPUSD,2026-09-09,achat,False,False,True,3,-1.0596
GBPUSD,2026-09-10,vente,False,False,True,1,0.7353
GBPUSD,2026-09-10,vente,False,False,True,2,0.7353
GBPUSD,2026-09-10,vente,False,False,True,3,0.7353
GBPUSD,2026-09-14,vente,False,False,True,1,0.9576
GBPUSD,2026-09-14,vente,False,False,True,2,1.9576
GBPUSD,2026-09-14,vente,False,False,True,3,2.9576
GBPUSD,2026-09-18,achat,False,False,True,1,-1.0203
GBPUSD,2026-09-18,achat,False,False,True,2,-1.0203
GBPUSD,2026-09-18,achat,False,False,True,3,-1.0203
GBPUSD,2026-09-25,achat,False,False,True,1,-1.0314
GBPUSD,2026-09-25,achat,False,False,True,2,-1.0314
GBPUSD,2026-09-25,achat,False,False,True,3,-1.0314
GBPUSD,2026-09-30,achat,False,False,True,1,-1.0278
GBPUSD,2026-09-30,achat,False,False,True,2,-1.0278
GBPUSD,2026-09-30,achat,False,False,True,3,-1.0278
GBPUSD,2026-10-01,vente,True,False,True,1,-1.0156
GBPUSD,2026-10-01,vente,True,False,True,2,-1.0156
GBPUSD,2026-10-01,vente,True,False,True,3,-1.0156
NZDUSD,2023-12-21,achat,True,False,True,1,0.6156
NZDUSD,2023-12-21,achat,True,False,True,2,0.6156
NZDUSD,2023-12-21,achat,True,False,True,3,0.6156
NZDUSD,2023-12-25,achat,False,False,True,1,0.889
NZDUSD,2023-12-25,achat,False,False,True,2,1.889
NZDUSD,2023-12-25,achat,False,False,True,3,2.889
NZDUSD,2024-01-09,vente,True,False,True,1,0.9515
NZDUSD,2024-01-09,vente,True,False,True,2,-1.0485
NZDUSD,2024-01-09,vente,True,False,True,3,-1.0485
NZDUSD,2024-01-11,achat,False,False,True,1,-1.0337
NZDUSD,2024-01-11,achat,False,False,True,2,-1.0337
NZDUSD,2024-01-11,achat,False,False,True,3,-1.0337
NZDUSD,2024-01-15,vente,True,False,True,1,0.9721
NZDUSD,2024-01-15,vente,True,False,True,2,1.2963
NZDUSD,2024-01-15,vente,True,False,True,3,1.2963
NZDUSD,2024-01-19,vente,False,True,True,1,-1.0924
NZDUSD,2024-01-19,vente,False,True,True,2,-1.0924
NZDUSD,2024-01-19,vente,False,True,True,3,-1.0924
NZDUSD,2024-01-26,vente,False,True,True,1,-1.0513
NZDUSD,2024-01-26,vente,False,True,True,2,-1.0513
NZDUSD,2024-01-26,vente,False,True,True,3,-1.0513
NZDUSD,2024-01-29,achat,False,False,True,1,-1.0313
NZDUSD,2024-01-29,achat,False,False,True,2,-1.0313
NZDUSD,2024-01-29,achat,False,False,True,3,-1.0313
NZDUSD,2024-02-01,achat,False,False,True,1,-1.0225
NZDUSD,2024-02-01,achat,False,False,True,2,-1.0225
NZDUSD,2024-02-01,achat,False,False,True,3,-1.0225
NZDUSD,2024-02-02,vente,False,False,True,1,-0.4687
NZDUSD,2024-02-02,vente,False,False,True,2,-0.4687
NZDUSD,2024-02-02,vente,False,False,True,3,-0.4687
NZDUSD,2024-02-06,achat,False,False,True,1,0.9721
NZDUSD,2024-02-06,achat,False,False,True,2,0.8879
NZDUSD,2024-02-06,achat,False,False,True,3,0.8879
NZDUSD,2024-02-26,vente,False,False,True,1,0.9369
NZDUSD,2024-02-26,vente,False,False,True,2,1.9369
NZDUSD,2024-02-26,vente,False,False,True,3,2.9369
NZDUSD,2024-02-28,vente,False,False,True,1,-0.0179
NZDUSD,2024-02-28,vente,False,False,True,2,-0.0179
NZDUSD,2024-02-28,vente,False,False,True,3,-0.0179
NZDUSD,2024-03-01,achat,False,False,True,1,-1.0509
NZDUSD,2024-03-01,achat,False,False,True,2,-1.0509
NZDUSD,2024-03-01,achat,False,False,True,3,-1.0509
NZDUSD,2024-03-06,achat,False,False,True,1,0.9749
NZDUSD,2024-03-06,achat,False,False,True,2,0.6911
NZDUSD,2024-03-06,achat,False,False,True,3,0.6911
NZDUSD,2024-03-14,vente,False,False,True,1,0.9715
NZDUSD,2024-03-14,vente,False,False,True,2,1.4062
NZDUSD,2024-03-14,vente,False,False,True,3,1.4062
NZDUSD,2024-03-20,achat,False,False,True,1,-1.0229
NZDUSD,2024-03-20,achat,False,False,True,2,-1.0229
NZDUSD,2024-03-20,achat,False,False,True,3,-1.0229
NZDUSD,2024-03-21,vente,False,True,True,1,0.6009
NZDUSD,2024-03-21,vente,False,True,True,2,0.6009
NZDUSD,2024-03-21,vente,False,True,True,3,0.6009
NZDUSD,2024-03-27,vente,True,False,True,1,0.9237
NZDUSD,2024-03-27,vente,True,False,True,2,1.9237
NZDUSD,2024-03-27,vente,True,False,True,3,1.9751
NZDUSD,2024-04-01,vente,True,False,True,1,-1.0349
NZDUSD,2024-04-01,vente,True,False,True,2,-1.0349
NZDUSD,2024-04-01,vente,True,False,True,3,-1.0349
NZDUSD,2024-04-08,achat,True,False,True,1,0.9567
NZDUSD,2024-04-08,achat,True,False,True,2,-1.0433
NZDUSD,2024-04-08,achat,True,False,True,3,-1.0433
NZDUSD,2024-04-10,vente,False,False,True,1,0.6461
NZDUSD,2024-04-10,vente,False,False,True,2,0.6461
NZDUSD,2024-04-10,vente,False,False,True,3,0.6461
NZDUSD,2024-04-12,vente,True,False,True,1,0.2931
NZDUSD,2024-04-12,vente,True,False,True,2,0.2931
NZDUSD,2024-04-12,vente,True,False,True,3,0.2931
NZDUSD,2024-04-17,achat,False,True,True,1,-1.0697
NZDUSD,2024-04-17,achat,False,True,True,2,-1.0697
NZDUSD,2024-04-17,achat,False,True,True,3,-1.0697
NZDUSD,2024-04-22,achat,False,True,True,1,0.9454
NZDUSD,2024-04-22,achat,False,True,True,2,1.2933
NZDUSD,2024-04-22,achat,False,True,True,3,1.2933
NZDUSD,2024-04-29,achat,False,False,True,1,-1.0493
NZDUSD,2024-04-29,achat,False,False,True,2,-1.0493
NZDUSD,2024-04-29,achat,False,False,True,3,-1.0493
NZDUSD,2024-04-30,vente,False,False,True,1,-1.0156
NZDUSD,2024-04-30,vente,False,False,True,2,-1.0156
NZDUSD,2024-04-30,vente,False,False,True,3,-1.0156
NZDUSD,2024-05-07,vente,False,False,True,1,-1.0509
NZDUSD,2024-05-07,vente,False,False,True,2,-1.0509
NZDUSD,2024-05-07,vente,False,False,True,3,-1.0509
NZDUSD,2024-05-17,achat,False,True,True,1,-1.0434
NZDUSD,2024-05-17,achat,False,True,True,2,-1.0434
NZDUSD,2024-05-17,achat,False,True,True,3,-1.0434
NZDUSD,2024-05-20,vente,False,True,True,1,-1.0474
NZDUSD,2024-05-20,vente,False,True,True,2,-1.0474
NZDUSD,2024-05-20,vente,False,True,True,3,-1.0474
NZDUSD,2024-05-24,achat,False,False,True,1,0.9578
NZDUSD,2024-05-24,achat,False,False,True,2,-0.2738
NZDUSD,2024-05-24,achat,False,False,True,3,-0.2738
NZDUSD,2024-06-05,achat,False,False,True,1,-1.0558
NZDUSD,2024-06-05,achat,False,False,True,2,-1.0558
NZDUSD,2024-06-05,achat,False,False,True,3,-1.0558
NZDUSD,2024-06-18,achat,False,False,True,1,-0.5252
NZDUSD,2024-06-18,achat,False,False,True,2,-0.5252
NZDUSD,2024-06-18,achat,False,False,True,3,-0.5252
NZDUSD,2024-06-24,achat,False,True,True,1,-1.097
NZDUSD,2024-06-24,achat,False,True,True,2,-1.097
NZDUSD,2024-06-24,achat,False,True,True,3,-1.097
NZDUSD,2024-07-01,vente,False,True,True,1,-1.0336
NZDUSD,2024-07-01,vente,False,True,True,2,-1.0336
NZDUSD,2024-07-01,vente,False,True,True,3,-1.0336
NZDUSD,2024-07-17,achat,False,False,True,1,-1.0915
NZDUSD,2024-07-17,achat,False,False,True,2,-1.0915
NZDUSD,2024-07-17,achat,False,False,True,3,-1.0915
NZDUSD,2024-07-18,vente,False,False,True,1,0.962
NZDUSD,2024-07-18,vente,False,False,True,2,1.962
NZDUSD,2024-07-18,vente,False,False,True,3,2.2761
NZDUSD,2024-07-30,achat,False,True,True,1,0.9575
NZDUSD,2024-07-30,achat,False,True,True,2,1.9575
NZDUSD,2024-07-30,achat,False,True,True,3,1.5435
NZDUSD,2024-08-02,achat,False,False,True,1,-1.0526
NZDUSD,2024-08-02,achat,False,False,True,2,-1.0526
NZDUSD,2024-08-02,achat,False,False,True,3,-1.0526
NZDUSD,2024-08-12,achat,True,False,True,1,0.9531
NZDUSD,2024-08-12,achat,True,False,True,2,-1.0469
NZDUSD,2024-08-12,achat,True,False,True,3,-1.0469
NZDUSD,2024-08-14,vente,False,False,True,1,-1.0172
NZDUSD,2024-08-14,vente,False,False,True,2,-1.0172
NZDUSD,2024-08-14,vente,False,False,True,3,-1.0172
NZDUSD,2024-08-16,achat,True,False,True,1,0.9803
NZDUSD,2024-08-16,achat,True,False,True,2,1.385
NZDUSD,2024-08-16,achat,True,False,True,3,1.385
NZDUSD,2024-08-22,vente,False,False,True,1,-1.0525
NZDUSD,2024-08-22,vente,False,False,True,2,-1.0525
NZDUSD,2024-08-22,vente,False,False,True,3,-1.0525
NZDUSD,2024-08-23,achat,False,True,True,1,0.1345
NZDUSD,2024-08-23,achat,False,True,True,2,0.1345
NZDUSD,2024-08-23,achat,False,True,True,3,0.1345
NZDUSD,2024-08-27,achat,False,False,True,1,0.9702
NZDUSD,2024-08-27,achat,False,False,True,2,0.0942
NZDUSD,2024-08-27,achat,False,False,True,3,0.0942
NZDUSD,2024-08-30,vente,False,False,True,1,0.943
NZDUSD,2024-08-30,vente,False,False,True,2,1.943
NZDUSD,2024-08-30,vente,False,False,True,3,2.943
NZDUSD,2024-09-05,achat,False,False,True,1,-1.0316
NZDUSD,2024-09-05,achat,False,False,True,2,-1.0316
NZDUSD,2024-09-05,achat,False,False,True,3,-1.0316
NZDUSD,2024-09-06,vente,True,False,True,1,0.5296
NZDUSD,2024-09-06,vente,True,False,True,2,0.5296
NZDUSD,2024-09-06,vente,True,False,True,3,0.5296
NZDUSD,2024-09-11,vente,False,False,True,1,-1.0557
NZDUSD,2024-09-11,vente,False,False,True,2,-1.0557
NZDUSD,2024-09-11,vente,False,False,True,3,-1.0557
NZDUSD,2024-09-12,achat,False,True,True,1,0.1112
NZDUSD,2024-09-12,achat,False,True,True,2,0.1112
NZDUSD,2024-09-12,achat,False,True,True,3,0.1112
NZDUSD,2024-09-16,achat,False,False,True,1,0.965
NZDUSD,2024-09-16,achat,False,False,True,2,0.9219
NZDUSD,2024-09-16,achat,False,False,True,3,0.9219
NZDUSD,2024-09-18,achat,False,False,True,1,-1.0747
NZDUSD,2024-09-18,achat,False,False,True,2,-1.0747
NZDUSD,2024-09-18,achat,False,False,True,3,-1.0747
NZDUSD,2024-09-25,vente,False,True,True,1,-1.015
NZDUSD,2024-09-25,vente,False,True,True,2,-1.015
NZDUSD,2024-09-25,vente,False,True,True,3,-1.015
NZDUSD,2024-10-09,vente,False,True,True,1,-0.3393
NZDUSD,2024-10-09,vente,False,True,True,2,-0.3393
NZDUSD,2024-10-09,vente,False,True,True,3,-0.3393
NZDUSD,2024-10-21,vente,False,False,True,1,0.2265
NZDUSD,2024-10-21,vente,False,False,True,2,0.2265
NZDUSD,2024-10-21,vente,False,False,True,3,0.2265
NZDUSD,2024-10-23,vente,False,False,True,1,0.3738
NZDUSD,2024-10-23,vente,False,False,True,2,0.3738
NZDUSD,2024-10-23,vente,False,False,True,3,0.3738
NZDUSD,2024-10-25,vente,True,False,True,1,0.1515
NZDUSD,2024-10-25,vente,True,False,True,2,0.1515
NZDUSD,2024-10-25,vente,True,False,True,3,0.1515
NZDUSD,2024-10-29,vente,True,False,True,1,-1.0716
NZDUSD,2024-10-29,vente,True,False,True,2,-1.0716
NZDUSD,2024-10-29,vente,True,False,True,3,-1.0716
NZDUSD,2024-11-05,achat,False,False,True,1,-1.0279
NZDUSD,2024-11-05,achat,False,False,True,2,-1.0279
NZDUSD,2024-11-05,achat,False,False,True,3,-1.0279
NZDUSD,2024-11-06,vente,True,False,True,1,-1.0184
NZDUSD,2024-11-06,vente,True,False,True,2,-1.0184
NZDUSD,2024-11-06,vente,True,False,True,3,-1.0184
NZDUSD,2024-11-07,achat,False,False,True,1,-1.0164
NZDUSD,2024-11-07,achat,False,False,True,2,-1.0164
NZDUSD,2024-11-07,achat,False,False,True,3,-1.0164
NZDUSD,2024-11-12,vente,False,False,True,1,0.9709
NZDUSD,2024-11-12,vente,False,False,True,2,1.0835
NZDUSD,2024-11-12,vente,False,False,True,3,1.0835
NZDUSD,2024-11-20,vente,False,False,True,1,0.966
NZDUSD,2024-11-20,vente,False,False,True,2,1.415
NZDUSD,2024-11-20,vente,False,False,True,3,1.415
NZDUSD,2024-12-06,vente,False,True,True,1,-1.0275
NZDUSD,2024-12-06,vente,False,True,True,2,-1.0275
NZDUSD,2024-12-06,vente,False,True,True,3,-1.0275
NZDUSD,2024-12-10,vente,False,True,True,1,0.661
NZDUSD,2024-12-10,vente,False,True,True,2,0.661
NZDUSD,2024-12-10,vente,False,True,True,3,0.661
NZDUSD,2024-12-16,achat,True,False,True,1,-1.0473
NZDUSD,2024-12-16,achat,True,False,True,2,-1.0473
NZDUSD,2024-12-16,achat,True,False,True,3,-1.0473
NZDUSD,2024-12-17,vente,False,False,True,1,0.9599
NZDUSD,2024-12-17,vente,False,False,True,2,1.9599
NZDUSD,2024-12-17,vente,False,False,True,3,2.9599
NZDUSD,2024-12-24,achat,False,True,True,1,-1.0625
NZDUSD,2024-12-24,achat,False,True,True,2,-1.0625
NZDUSD,2024-12-24,achat,False,True,True,3,-1.0625
NZDUSD,2024-12-26,vente,False,False,True,1,-1.0408
NZDUSD,2024-12-26,vente,False,False,True,2,-1.0408
NZDUSD,2024-12-26,vente,False,False,True,3,-1.0408
NZDUSD,2025-01-02,vente,False,True,True,1,-1.0448
NZDUSD,2025-01-02,vente,False,True,True,2,-1.0448
NZDUSD,2025-01-02,vente,False,True,True,3,-1.0448
NZDUSD,2025-01-03,achat,False,False,True,1,0.9321
NZDUSD,2025-01-03,achat,False,False,True,2,1.9321
NZDUSD,2025-01-03,achat,False,False,True,3,2.9321
NZDUSD,2025-01-20,achat,False,False,True,1,-0.0811
NZDUSD,2025-01-20,achat,False,False,True,2,-0.0811
NZDUSD,2025-01-20,achat,False,False,True,3,-0.0811
NZDUSD,2025-02-11,achat,False,True,True,1,-1.0504
NZDUSD,2025-02-11,achat,False,True,True,2,-1.0504
NZDUSD,2025-02-11,achat,False,True,True,3,-1.0504
NZDUSD,2025-02-13,achat,False,True,True,1,0.974
NZDUSD,2025-02-13,achat,False,True,True,2,0.4129
NZDUSD,2025-02-13,achat,False,True,True,3,0.4129
NZDUSD,2025-02-20,achat,False,False,True,1,-0.4822
NZDUSD,2025-02-20,achat,False,False,True,2,-0.4822
NZDUSD,2025-02-20,achat,False,False,True,3,-0.4822
NZDUSD,2025-02-26,vente,True,False,True,1,0.9576
NZDUSD,2025-02-26,vente,True,False,True,2,1.9576
NZDUSD,2025-02-26,vente,True,False,True,3,2.9576
NZDUSD,2025-03-07,vente,True,False,True,1,-0.8186
NZDUSD,2025-03-07,vente,True,False,True,2,-0.8186
NZDUSD,2025-03-07,vente,True,False,True,3,-0.8186
NZDUSD,2025-03-11,achat,False,False,True,1,0.958
NZDUSD,2025-03-11,achat,False,False,True,2,0.9319
NZDUSD,2025-03-11,achat,False,False,True,3,0.9319
NZDUSD,2025-03-13,vente,True,False,True,1,-1.0366
NZDUSD,2025-03-13,vente,True,False,True,2,-1.0366
NZDUSD,2025-03-13,vente,True,False,True,3,-1.0366
NZDUSD,2025-03-14,achat,False,False,True,1,0.9707
NZDUSD,2025-03-14,achat,False,False,True,2,1.4302
NZDUSD,2025-03-14,achat,False,False,True,3,1.4302
NZDUSD,2025-03-20,vente,False,False,True,1,0.4385
NZDUSD,2025-03-20,vente,False,False,True,2,0.4385
NZDUSD,2025-03-20,vente,False,False,True,3,0.4385
NZDUSD,2025-03-26,vente,True,False,True,1,0.9675
NZDUSD,2025-03-26,vente,True,False,True,2,1.0351
NZDUSD,2025-03-26,vente,True,False,True,3,1.0351
NZDUSD,2025-03-27,achat,False,False,True,1,-1.0815
NZDUSD,2025-03-27,achat,False,False,True,2,-1.0815
NZDUSD,2025-03-27,achat,False,False,True,3,-1.0815
NZDUSD,2025-03-28,vente,True,False,True,1,0.9338
NZDUSD,2025-03-28,vente,True,False,True,2,1.9338
NZDUSD,2025-03-28,vente,True,False,True,3,-1.0662
NZDUSD,2025-04-01,achat,False,False,True,1,0.9709
NZDUSD,2025-04-01,achat,False,False,True,2,1.9709
NZDUSD,2025-04-01,achat,False,False,True,3,-1.0291
NZDUSD,2025-04-04,vente,False,False,True,1,-0.2127
NZDUSD,2025-04-04,vente,False,False,True,2,-0.2127
NZDUSD,2025-04-04,vente,False,False,True,3,-0.2127
NZDUSD,2025-04-09,achat,True,False,True,1,0.9899
NZDUSD,2025-04-09,achat,True,False,True,2,1.5419
NZDUSD,2025-04-09,achat,True,False,True,3,1.5419
NZDUSD,2025-04-21,achat,False,False,True,1,-1.0351
NZDUSD,2025-04-21,achat,False,False,True,2,-1.0351
NZDUSD,2025-04-21,achat,False,False,True,3,-1.0351
NZDUSD,2025-04-24,achat,False,False,True,1,-1.0315
NZDUSD,2025-04-24,achat,False,False,True,2,-1.0315
NZDUSD,2025-04-24,achat,False,False,True,3,-1.0315
NZDUSD,2025-04-29,vente,True,False,True,1,-0.1967
NZDUSD,2025-04-29,vente,True,False,True,2,-0.1967
NZDUSD,2025-04-29,vente,True,False,True,3,-0.1967
NZDUSD,2025-05-02,achat,False,False,True,1,0.9621
NZDUSD,2025-05-02,achat,False,False,True,2,-0.2074
NZDUSD,2025-05-02,achat,False,False,True,3,-0.2074
NZDUSD,2025-05-07,vente,True,False,True,1,0.9822
NZDUSD,2025-05-07,vente,True,False,True,2,0.9159
NZDUSD,2025-05-07,vente,True,False,True,3,0.9159
NZDUSD,2025-05-12,vente,False,False,True,1,-1.0198
NZDUSD,2025-05-12,vente,False,False,True,2,-1.0198
NZDUSD,2025-05-12,vente,False,False,True,3,-1.0198
NZDUSD,2025-05-13,achat,False,True,True,1,-0.6177
NZDUSD,2025-05-13,achat,False,True,True,2,-0.6177
NZDUSD,2025-05-13,achat,False,True,True,3,-0.6177
NZDUSD,2025-05-21,achat,False,False,True,1,-1.154
NZDUSD,2025-05-21,achat,False,False,True,2,-1.154
NZDUSD,2025-05-21,achat,False,False,True,3,-1.154
NZDUSD,2025-05-22,vente,False,False,True,1,-1.0327
NZDUSD,2025-05-22,vente,False,False,True,2,-1.0327
NZDUSD,2025-05-22,vente,False,False,True,3,-1.0327
NZDUSD,2025-05-23,achat,False,True,True,1,-0.347
NZDUSD,2025-05-23,achat,False,True,True,2,-0.347
NZDUSD,2025-05-23,achat,False,True,True,3,-0.347
NZDUSD,2025-05-27,vente,True,False,True,1,-0.2427
NZDUSD,2025-05-27,vente,True,False,True,2,-0.2427
NZDUSD,2025-05-27,vente,True,False,True,3,-0.2427
NZDUSD,2025-06-02,achat,True,False,True,1,-0.1053
NZDUSD,2025-06-02,achat,True,False,True,2,-0.1053
NZDUSD,2025-06-02,achat,True,False,True,3,-0.1053
NZDUSD,2025-06-06,vente,False,False,True,1,-1.041
NZDUSD,2025-06-06,vente,False,False,True,2,-1.041
NZDUSD,2025-06-06,vente,False,False,True,3,-1.041
NZDUSD,2025-06-11,vente,False,False,True,1,-1.0491
NZDUSD,2025-06-11,vente,False,False,True,2,-1.0491
NZDUSD,2025-06-11,vente,False,False,True,3,-1.0491
NZDUSD,2025-06-12,achat,True,False,True,1,-1.025
NZDUSD,2025-06-12,achat,True,False,True,2,-1.025
NZDUSD,2025-06-12,achat,True,False,True,3,-1.025
NZDUSD,2025-06-13,vente,False,False,True,1,-1.0301
NZDUSD,2025-06-13,vente,False,False,True,2,-1.0301
NZDUSD,2025-06-13,vente,False,False,True,3,-1.0301
NZDUSD,2025-06-19,vente,False,False,True,1,0.9527
NZDUSD,2025-06-19,vente,False,False,True,2,1.9527
NZDUSD,2025-06-19,vente,False,False,True,3,2.9527
NZDUSD,2025-06-30,achat,False,False,True,1,-1.0417
NZDUSD,2025-06-30,achat,False,False,True,2,-1.0417
NZDUSD,2025-06-30,achat,False,False,True,3,-1.0417
NZDUSD,2025-07-02,vente,False,True,True,1,0.9183
NZDUSD,2025-07-02,vente,False,True,True,2,1.9183
NZDUSD,2025-07-02,vente,False,True,True,3,2.9183
NZDUSD,2025-08-01,achat,False,True,True,1,0.1521
NZDUSD,2025-08-01,achat,False,True,True,2,0.1521
NZDUSD,2025-08-01,achat,False,True,True,3,0.1521
NZDUSD,2025-08-05,vente,False,False,True,1,-1.0937
NZDUSD,2025-08-05,vente,False,False,True,2,-1.0937
NZDUSD,2025-08-05,vente,False,False,True,3,-1.0937
NZDUSD,2025-08-06,achat,False,False,True,1,0.9386
NZDUSD,2025-08-06,achat,False,False,True,2,0.4436
NZDUSD,2025-08-06,achat,False,False,True,3,0.4436
NZDUSD,2025-08-12,achat,False,False,True,1,-1.0336
NZDUSD,2025-08-12,achat,False,False,True,2,-1.0336
NZDUSD,2025-08-12,achat,False,False,True,3,-1.0336
NZDUSD,2025-08-14,vente,True,False,True,1,0.3016
NZDUSD,2025-08-14,vente,True,False,True,2,0.3016
NZDUSD,2025-08-14,vente,True,False,True,3,0.3016
NZDUSD,2025-08-18,vente,False,False,True,1,0.9298
NZDUSD,2025-08-18,vente,False,False,True,2,1.9298
NZDUSD,2025-08-18,vente,False,False,True,3,2.9298
NZDUSD,2025-08-22,achat,False,False,True,1,-0.1269
NZDUSD,2025-08-22,achat,False,False,True,2,-0.1269
NZDUSD,2025-08-22,achat,False,False,True,3,-0.1269
NZDUSD,2025-09-02,vente,False,False,True,1,-1.0312
NZDUSD,2025-09-02,vente,False,False,True,2,-1.0312
NZDUSD,2025-09-02,vente,False,False,True,3,-1.0312
NZDUSD,2025-09-04,vente,False,True,True,1,-1.0366
NZDUSD,2025-09-04,vente,False,True,True,2,-1.0366
NZDUSD,2025-09-04,vente,False,True,True,3,-1.0366
NZDUSD,2025-09-05,achat,False,True,True,1,0.9678
NZDUSD,2025-09-05,achat,False,True,True,2,1.0002
NZDUSD,2025-09-05,achat,False,True,True,3,1.0002
NZDUSD,2025-09-10,achat,False,False,True,1,0.9331
NZDUSD,2025-09-10,achat,False,False,True,2,1.1043
NZDUSD,2025-09-10,achat,False,False,True,3,1.1043
NZDUSD,2025-09-17,vente,True,False,True,1,0.9799
NZDUSD,2025-09-17,vente,True,False,True,2,0.8608
NZDUSD,2025-09-17,vente,True,False,True,3,0.8608
NZDUSD,2025-10-03,achat,False,False,True,1,-1.0764
NZDUSD,2025-10-03,achat,False,False,True,2,-1.0764
NZDUSD,2025-10-03,achat,False,False,True,3,-1.0764
NZDUSD,2025-10-07,vente,False,False,True,1,0.9674
NZDUSD,2025-10-07,vente,False,False,True,2,1.6108
NZDUSD,2025-10-07,vente,False,False,True,3,1.6108
NZDUSD,2025-10-23,achat,True,False,True,1,0.9531
NZDUSD,2025-10-23,achat,True,False,True,2,0.7855
NZDUSD,2025-10-23,achat,True,False,True,3,0.7855
NZDUSD,2025-10-27,achat,True,False,True,1,0.9373
NZDUSD,2025-10-27,achat,True,False,True,2,-1.0627
NZDUSD,2025-10-27,achat,True,False,True,3,-1.0627
NZDUSD,2025-10-29,vente,False,False,True,1,0.962
NZDUSD,2025-10-29,vente,False,False,True,2,1.421
NZDUSD,2025-10-29,vente,False,False,True,3,1.421
NZDUSD,2025-11-06,vente,False,False,True,1,-0.6134
NZDUSD,2025-11-06,vente,False,False,True,2,-0.6134
NZDUSD,2025-11-06,vente,False,False,True,3,-0.6134
NZDUSD,2025-11-10,achat,False,True,True,1,0.9373
NZDUSD,2025-11-10,achat,False,True,True,2,0.2175
NZDUSD,2025-11-10,achat,False,True,True,3,0.2175
NZDUSD,2025-11-13,vente,False,False,True,1,-1.0444
NZDUSD,2025-11-13,vente,False,False,True,2,-1.0444
NZDUSD,2025-11-13,vente,False,False,True,3,-1.0444
NZDUSD,2025-11-14,achat,False,True,True,1,-1.0406
NZDUSD,2025-11-14,achat,False,True,True,2,-1.0406
NZDUSD,2025-11-14,achat,False,True,True,3,-1.0406
NZDUSD,2025-11-19,vente,False,False,True,1,-0.0255
NZDUSD,2025-11-19,vente,False,False,True,2,-0.0255
NZDUSD,2025-11-19,vente,False,False,True,3,-0.0255
NZDUSD,2025-12-01,vente,True,False,True,1,-1.0562
NZDUSD,2025-12-01,vente,True,False,True,2,-1.0562
NZDUSD,2025-12-01,vente,True,False,True,3,-1.0562
NZDUSD,2025-12-02,achat,False,False,True,1,0.9504
NZDUSD,2025-12-02,achat,False,False,True,2,1.1141
NZDUSD,2025-12-02,achat,False,False,True,3,1.1141
NZDUSD,2025-12-05,achat,True,False,True,1,0.9166
NZDUSD,2025-12-05,achat,True,False,True,2,1.9166
NZDUSD,2025-12-05,achat,True,False,True,3,2.1977
NZDUSD,2025-12-19,vente,False,False,True,1,-1.053
NZDUSD,2025-12-19,vente,False,False,True,2,-1.053
NZDUSD,2025-12-19,vente,False,False,True,3,-1.053
NZDUSD,2025-12-22,achat,True,False,True,1,0.9635
NZDUSD,2025-12-22,achat,True,False,True,2,0.9195
NZDUSD,2025-12-22,achat,True,False,True,3,0.9195
NZDUSD,2026-01-12,achat,True,False,True,1,-0.6577
NZDUSD,2026-01-12,achat,True,False,True,2,-0.6577
NZDUSD,2026-01-12,achat,True,False,True,3,-0.6577
NZDUSD,2026-02-04,vente,False,False,True,1,0.9718
NZDUSD,2026-02-04,vente,False,False,True,2,-1.0282
NZDUSD,2026-02-04,vente,False,False,True,3,-1.0282
NZDUSD,2026-02-06,achat,False,False,True,1,0.336
NZDUSD,2026-02-06,achat,False,False,True,2,0.336
NZDUSD,2026-02-06,achat,False,False,True,3,0.336
NZDUSD,2026-02-12,vente,False,False,True,1,-0.383
NZDUSD,2026-02-12,vente,False,False,True,2,-0.383
NZDUSD,2026-02-12,vente,False,False,True,3,-0.383
NZDUSD,2026-02-17,achat,True,False,True,1,-1.0337
NZDUSD,2026-02-17,achat,True,False,True,2,-1.0337
NZDUSD,2026-02-17,achat,True,False,True,3,-1.0337
NZDUSD,2026-02-18,vente,False,False,True,1,0.075
NZDUSD,2026-02-18,vente,False,False,True,2,0.075
NZDUSD,2026-02-18,vente,False,False,True,3,0.075
NZDUSD,2026-02-23,vente,True,False,True,1,-1.0345
NZDUSD,2026-02-23,vente,True,False,True,2,-1.0345
NZDUSD,2026-02-23,vente,True,False,True,3,-1.0345
NZDUSD,2026-03-18,vente,False,True,True,1,-1.0188
NZDUSD,2026-03-18,vente,False,True,True,2,-1.0188
NZDUSD,2026-03-18,vente,False,True,True,3,-1.0188
NZDUSD,2026-03-19,achat,False,False,True,1,-1.0207
NZDUSD,2026-03-19,achat,False,False,True,2,-1.0207
NZDUSD,2026-03-19,achat,False,False,True,3,-1.0207
NZDUSD,2026-03-31,achat,False,False,True,1,-1.0266
NZDUSD,2026-03-31,achat,False,False,True,2,-1.0266
NZDUSD,2026-03-31,achat,False,False,True,3,-1.0266
NZDUSD,2026-04-06,achat,False,False,True,1,0.9452
NZDUSD,2026-04-06,achat,False,False,True,2,1.9452
NZDUSD,2026-04-06,achat,False,False,True,3,2.9452
NZDUSD,2026-04-13,achat,False,False,True,1,0.17
NZDUSD,2026-04-13,achat,False,False,True,2,0.17
NZDUSD,2026-04-13,achat,False,False,True,3,0.17
NZDUSD,2026-04-16,vente,False,False,True,1,-1.0396
NZDUSD,2026-04-16,vente,False,False,True,2,-1.0396
NZDUSD,2026-04-16,vente,False,False,True,3,-1.0396
NZDUSD,2026-04-20,achat,False,True,True,1,-1.0341
NZDUSD,2026-04-20,achat,False,True,True,2,-1.0341
NZDUSD,2026-04-20,achat,False,True,True,3,-1.0341
NZDUSD,2026-04-23,vente,False,False,True,1,-1.0257
NZDUSD,2026-04-23,vente,False,False,True,2,-1.0257
NZDUSD,2026-04-23,vente,False,False,True,3,-1.0257
NZDUSD,2026-04-30,achat,False,False,True,1,-0.0742
NZDUSD,2026-04-30,achat,False,False,True,2,-0.0742
NZDUSD,2026-04-30,achat,False,False,True,3,-0.0742
NZDUSD,2026-05-08,achat,False,False,True,1,-1.0405
NZDUSD,2026-05-08,achat,False,False,True,2,-1.0405
NZDUSD,2026-05-08,achat,False,False,True,3,-1.0405
NZDUSD,2026-05-22,vente,False,True,True,1,-1.0502
NZDUSD,2026-05-22,vente,False,True,True,2,-1.0502
NZDUSD,2026-05-22,vente,False,True,True,3,-1.0502
NZDUSD,2026-05-27,achat,False,False,True,1,0.9731
NZDUSD,2026-05-27,achat,False,False,True,2,0.7332
NZDUSD,2026-05-27,achat,False,False,True,3,0.7332
NZDUSD,2026-06-01,vente,True,False,True,1,0.9686
NZDUSD,2026-06-01,vente,True,False,True,2,1.3463
NZDUSD,2026-06-01,vente,True,False,True,3,1.3463
NZDUSD,2026-06-10,vente,False,False,True,1,-1.037
NZDUSD,2026-06-10,vente,False,False,True,2,-1.037
NZDUSD,2026-06-10,vente,False,False,True,3,-1.037
NZDUSD,2026-06-11,achat,True,False,True,1,-0.0398
NZDUSD,2026-06-11,achat,True,False,True,2,-0.0398
NZDUSD,2026-06-11,achat,True,False,True,3,-0.0398
NZDUSD,2026-06-15,vente,False,True,True,1,0.9608
NZDUSD,2026-06-15,vente,False,True,True,2,1.9608
NZDUSD,2026-06-15,vente,False,True,True,3,1.8301
NZDUSD,2026-06-17,vente,False,False,True,1,0.9763
NZDUSD,2026-06-17,vente,False,False,True,2,0.9813
NZDUSD,2026-06-17,vente,False,False,True,3,0.9813
NZDUSD,2026-06-26,vente,False,False,True,1,-1.0767
NZDUSD,2026-06-26,vente,False,False,True,2,-1.0767
NZDUSD,2026-06-26,vente,False,False,True,3,-1.0767
NZDUSD,2026-06-29,achat,False,True,True,1,0.9256
NZDUSD,2026-06-29,achat,False,True,True,2,1.9256
NZDUSD,2026-06-29,achat,False,True,True,3,2.9256
NZDUSD,2026-07-02,achat,False,False,True,1,0.9406
NZDUSD,2026-07-02,achat,False,False,True,2,-0.6996
NZDUSD,2026-07-02,achat,False,False,True,3,-0.6996
NZDUSD,2026-07-08,achat,False,False,True,1,0.9642
NZDUSD,2026-07-08,achat,False,False,True,2,1.1359
NZDUSD,2026-07-08,achat,False,False,True,3,1.1359
NZDUSD,2026-07-13,achat,True,False,True,1,0.9282
NZDUSD,2026-07-13,achat,True,False,True,2,1.9282
NZDUSD,2026-07-13,achat,True,False,True,3,2.9282
NZDUSD,2026-07-21,vente,False,True,True,1,0.9695
NZDUSD,2026-07-21,vente,False,True,True,2,0.7369
NZDUSD,2026-07-21,vente,False,True,True,3,0.7369
NZDUSD,2026-07-27,vente,False,False,True,1,-1.0361
NZDUSD,2026-07-27,vente,False,False,True,2,-1.0361
NZDUSD,2026-07-27,vente,False,False,True,3,-1.0361
NZDUSD,2026-08-03,vente,False,False,True,1,-0.0682
NZDUSD,2026-08-03,vente,False,False,True,2,-0.0682
NZDUSD,2026-08-03,vente,False,False,True,3,-0.0682
NZDUSD,2026-08-06,vente,False,True,True,1,-1.0505
NZDUSD,2026-08-06,vente,False,True,True,2,-1.0505
NZDUSD,2026-08-06,vente,False,True,True,3,-1.0505
NZDUSD,2026-08-07,achat,False,True,True,1,-1.0463
NZDUSD,2026-08-07,achat,False,True,True,2,-1.0463
NZDUSD,2026-08-07,achat,False,True,True,3,-1.0463
NZDUSD,2026-08-14,achat,False,True,True,1,0.9628
NZDUSD,2026-08-14,achat,False,True,True,2,1.0393
NZDUSD,2026-08-14,achat,False,True,True,3,1.0393
NZDUSD,2026-08-18,vente,False,False,True,1,-1.0405
NZDUSD,2026-08-18,vente,False,False,True,2,-1.0405
NZDUSD,2026-08-18,vente,False,False,True,3,-1.0405
NZDUSD,2026-08-19,achat,False,True,True,1,0.3711
NZDUSD,2026-08-19,achat,False,True,True,2,0.3711
NZDUSD,2026-08-19,achat,False,True,True,3,0.3711
NZDUSD,2026-08-26,vente,True,False,True,1,0.9535
NZDUSD,2026-08-26,vente,True,False,True,2,0.7515
NZDUSD,2026-08-26,vente,True,False,True,3,0.7515
NZDUSD,2026-08-28,vente,False,False,True,1,0.9727
NZDUSD,2026-08-28,vente,False,False,True,2,1.1005
NZDUSD,2026-08-28,vente,False,False,True,3,1.1005
NZDUSD,2026-09-01,vente,False,False,True,1,0.959
NZDUSD,2026-09-01,vente,False,False,True,2,1.959
NZDUSD,2026-09-01,vente,False,False,True,3,0.319
NZDUSD,2026-09-14,vente,False,False,True,1,0.9539
NZDUSD,2026-09-14,vente,False,False,True,2,1.9539
NZDUSD,2026-09-14,vente,False,False,True,3,1.52
NZDUSD,2026-09-22,achat,False,False,True,1,-1.0489
NZDUSD,2026-09-22,achat,False,False,True,2,-1.0489
NZDUSD,2026-09-22,achat,False,False,True,3,-1.0489
NZDUSD,2026-09-23,vente,False,False,True,1,0.191
NZDUSD,2026-09-23,vente,False,False,True,2,0.191
NZDUSD,2026-09-23,vente,False,False,True,3,0.191
NZDUSD,2026-09-29,vente,False,False,True,1,0.9617
NZDUSD,2026-09-29,vente,False,False,True,2,0.4234
NZDUSD,2026-09-29,vente,False,False,True,3,0.4234
USDCAD,2023-12-19,vente,False,False,True,1,0.9777
USDCAD,2023-12-19,vente,False,False,True,2,0.945
USDCAD,2023-12-19,vente,False,False,True,3,0.945
USDCAD,2023-12-21,vente,False,True,True,1,0.9815
USDCAD,2023-12-21,vente,False,True,True,2,1.0556
USDCAD,2023-12-21,vente,False,True,True,3,1.0556
USDCAD,2024-01-02,achat,False,False,True,1,0.3742
USDCAD,2024-01-02,achat,False,False,True,2,0.3742
USDCAD,2024-01-02,achat,False,False,True,3,0.3742
USDCAD,2024-01-08,vente,False,False,True,1,-1.0267
USDCAD,2024-01-08,vente,False,False,True,2,-1.0267
USDCAD,2024-01-08,vente,False,False,True,3,-1.0267
USDCAD,2024-01-09,achat,False,False,True,1,0.29
USDCAD,2024-01-09,achat,False,False,True,2,0.29
USDCAD,2024-01-09,achat,False,False,True,3,0.29
USDCAD,2024-01-12,achat,False,False,True,1,0.9789
USDCAD,2024-01-12,achat,False,False,True,2,1.3028
USDCAD,2024-01-12,achat,False,False,True,3,1.3028
USDCAD,2024-01-24,achat,False,False,True,1,-1.0147
USDCAD,2024-01-24,achat,False,False,True,2,-1.0147
USDCAD,2024-01-24,achat,False,False,True,3,-1.0147
USDCAD,2024-01-31,achat,False,True,True,1,0.9808
USDCAD,2024-01-31,achat,False,True,True,2,1.4038
USDCAD,2024-01-31,achat,False,True,True,3,1.4038
USDCAD,2024-02-01,vente,False,False,True,1,-1.0182
USDCAD,2024-02-01,vente,False,False,True,2,-1.0182
USDCAD,2024-02-01,vente,False,False,True,3,-1.0182
USDCAD,2024-02-02,achat,False,True,True,1,0.0364
USDCAD,2024-02-02,achat,False,True,True,2,0.0364
USDCAD,2024-02-02,achat,False,True,True,3,0.0364
USDCAD,2024-02-13,achat,False,False,True,1,-0.619
USDCAD,2024-02-13,achat,False,False,True,2,-0.619
USDCAD,2024-02-13,achat,False,False,True,3,-0.619
USDCAD,2024-02-21,vente,False,False,True,1,0.9667
USDCAD,2024-02-21,vente,False,False,True,2,-0.2262
USDCAD,2024-02-21,vente,False,False,True,3,-0.2262
USDCAD,2024-02-23,achat,False,False,True,1,0.97
USDCAD,2024-02-23,achat,False,False,True,2,1.97
USDCAD,2024-02-23,achat,False,False,True,3,1.37
USDCAD,2024-02-27,achat,True,False,True,1,0.9721
USDCAD,2024-02-27,achat,True,False,True,2,0.3662
USDCAD,2024-02-27,achat,True,False,True,3,0.3662
USDCAD,2024-03-04,achat,False,False,True,1,-1.043
USDCAD,2024-03-04,achat,False,False,True,2,-1.043
USDCAD,2024-03-04,achat,False,False,True,3,-1.043
USDCAD,2024-03-06,vente,False,False,True,1,0.9833
USDCAD,2024-03-06,vente,False,False,True,2,0.3708
USDCAD,2024-03-06,vente,False,False,True,3,0.3708
USDCAD,2024-03-12,achat,False,False,True,1,-1.0469
USDCAD,2024-03-12,achat,False,False,True,2,-1.0469
USDCAD,2024-03-12,achat,False,False,True,3,-1.0469
USDCAD,2024-03-13,vente,True,False,True,1,-1.0431
USDCAD,2024-03-13,vente,True,False,True,2,-1.0431
USDCAD,2024-03-13,vente,True,False,True,3,-1.0431
USDCAD,2024-03-14,achat,False,False,True,1,0.3754
USDCAD,2024-03-14,achat,False,False,True,2,0.3754
USDCAD,2024-03-14,achat,False,False,True,3,0.3754
USDCAD,2024-03-18,vente,False,False,True,1,-1.0811
USDCAD,2024-03-18,vente,False,False,True,2,-1.0811
USDCAD,2024-03-18,vente,False,False,True,3,-1.0811
USDCAD,2024-03-19,achat,False,False,True,1,-1.0349
USDCAD,2024-03-19,achat,False,False,True,2,-1.0349
USDCAD,2024-03-19,achat,False,False,True,3,-1.0349
USDCAD,2024-03-20,vente,False,True,True,1,-1.0111
USDCAD,2024-03-20,vente,False,True,True,2,-1.0111
USDCAD,2024-03-20,vente,False,True,True,3,-1.0111
USDCAD,2024-03-28,vente,False,True,True,1,-0.3739
USDCAD,2024-03-28,vente,False,True,True,2,-0.3739
USDCAD,2024-03-28,vente,False,True,True,3,-0.3739
USDCAD,2024-04-12,achat,False,False,True,1,-0.0095
USDCAD,2024-04-12,achat,False,False,True,2,-0.0095
USDCAD,2024-04-12,achat,False,False,True,3,-0.0095
USDCAD,2024-04-17,vente,False,False,True,1,0.978
USDCAD,2024-04-17,vente,False,False,True,2,1.0587
USDCAD,2024-04-17,vente,False,False,True,3,1.0587
USDCAD,2024-04-24,achat,False,False,True,1,-1.0278
USDCAD,2024-04-24,achat,False,False,True,2,-1.0278
USDCAD,2024-04-24,achat,False,False,True,3,-1.0278
USDCAD,2024-04-25,vente,True,False,True,1,-1.0203
USDCAD,2024-04-25,vente,True,False,True,2,-1.0203
USDCAD,2024-04-25,vente,True,False,True,3,-1.0203
USDCAD,2024-05-06,vente,False,False,True,1,-1.0484
USDCAD,2024-05-06,vente,False,False,True,2,-1.0484
USDCAD,2024-05-06,vente,False,False,True,3,-1.0484
USDCAD,2024-05-07,achat,False,False,True,1,-1.0195
USDCAD,2024-05-07,achat,False,False,True,2,-1.0195
USDCAD,2024-05-07,achat,False,False,True,3,-1.0195
USDCAD,2024-05-20,achat,False,False,True,1,0.9559
USDCAD,2024-05-20,achat,False,False,True,2,1.9559
USDCAD,2024-05-20,achat,False,False,True,3,2.9559
USDCAD,2024-05-24,vente,True,False,True,1,-0.7187
USDCAD,2024-05-24,vente,True,False,True,2,-0.7187
USDCAD,2024-05-24,vente,True,False,True,3,-0.7187
USDCAD,2024-06-06,vente,False,False,True,1,-1.0342
USDCAD,2024-06-06,vente,False,False,True,2,-1.0342
USDCAD,2024-06-06,vente,False,False,True,3,-1.0342
USDCAD,2024-06-07,achat,False,False,True,1,-0.4398
USDCAD,2024-06-07,achat,False,False,True,2,-0.4398
USDCAD,2024-06-07,achat,False,False,True,3,-0.4398
USDCAD,2024-06-19,vente,True,False,True,1,0.9299
USDCAD,2024-06-19,vente,True,False,True,2,1.9299
USDCAD,2024-06-19,vente,True,False,True,3,2.3411
USDCAD,2024-06-24,vente,False,False,True,1,-1.0272
USDCAD,2024-06-24,vente,False,False,True,2,-1.0272
USDCAD,2024-06-24,vente,False,False,True,3,-1.0272
USDCAD,2024-07-01,achat,False,False,True,1,-1.0183
USDCAD,2024-07-01,achat,False,False,True,2,-1.0183
USDCAD,2024-07-01,achat,False,False,True,3,-1.0183
USDCAD,2024-07-05,achat,False,False,True,1,-0.5186
USDCAD,2024-07-05,achat,False,False,True,2,-0.5186
USDCAD,2024-07-05,achat,False,False,True,3,-0.5186
USDCAD,2024-07-17,achat,False,False,True,1,0.9477
USDCAD,2024-07-17,achat,False,False,True,2,1.9477
USDCAD,2024-07-17,achat,False,False,True,3,2.9477
USDCAD,2024-08-01,achat,False,False,True,1,-1.0168
USDCAD,2024-08-01,achat,False,False,True,2,-1.0168
USDCAD,2024-08-01,achat,False,False,True,3,-1.0168
USDCAD,2024-08-13,vente,True,False,True,1,0.8
USDCAD,2024-08-13,vente,True,False,True,2,0.8
USDCAD,2024-08-13,vente,True,False,True,3,0.8
USDCAD,2024-08-16,vente,True,False,True,1,0.9762
USDCAD,2024-08-16,vente,True,False,True,2,1.4451
USDCAD,2024-08-16,vente,True,False,True,3,1.4451
USDCAD,2024-08-23,vente,False,True,True,1,0.291
USDCAD,2024-08-23,vente,False,True,True,2,0.291
USDCAD,2024-08-23,vente,False,True,True,3,0.291
USDCAD,2024-09-06,achat,False,False,True,1,0.0136
USDCAD,2024-09-06,achat,False,False,True,2,0.0136
USDCAD,2024-09-06,achat,False,False,True,3,0.0136
USDCAD,2024-09-13,achat,False,False,True,1,0.9423
USDCAD,2024-09-13,achat,False,False,True,2,-1.0577
USDCAD,2024-09-13,achat,False,False,True,3,-1.0577
USDCAD,2024-09-19,vente,False,True,True,1,0.9826
USDCAD,2024-09-19,vente,False,True,True,2,1.6442
USDCAD,2024-09-19,vente,False,True,True,3,1.6442
USDCAD,2024-09-23,vente,False,False,True,1,0.9727
USDCAD,2024-09-23,vente,False,False,True,2,1.9727
USDCAD,2024-09-23,vente,False,False,True,3,0.9417
USDCAD,2024-09-27,achat,False,False,True,1,-0.1259
USDCAD,2024-09-27,achat,False,False,True,2,-0.1259
USDCAD,2024-09-27,achat,False,False,True,3,-0.1259
USDCAD,2024-10-01,vente,False,False,True,1,-1.0316
USDCAD,2024-10-01,vente,False,False,True,2,-1.0316
USDCAD,2024-10-01,vente,False,False,True,3,-1.0316
USDCAD,2024-10-15,vente,False,False,True,1,-0.3532
USDCAD,2024-10-15,vente,False,False,True,2,-0.3532
USDCAD,2024-10-15,vente,False,False,True,3,-0.3532
USDCAD,2024-10-17,achat,True,False,True,1,0.3596
USDCAD,2024-10-17,achat,True,False,True,2,0.3596
USDCAD,2024-10-17,achat,True,False,True,3,0.3596
USDCAD,2024-10-23,achat,False,False,True,1,-1.0532
USDCAD,2024-10-23,achat,False,False,True,2,-1.0532
USDCAD,2024-10-23,achat,False,False,True,3,-1.0532
USDCAD,2024-10-29,achat,False,True,True,1,0.965
USDCAD,2024-10-29,achat,False,True,True,2,0.8341
USDCAD,2024-10-29,achat,False,True,True,3,0.8341
USDCAD,2024-10-31,achat,False,True,True,1,-1.0306
USDCAD,2024-10-31,achat,False,True,True,2,-1.0306
USDCAD,2024-10-31,achat,False,True,True,3,-1.0306
USDCAD,2024-11-04,vente,False,False,True,1,0.9351
USDCAD,2024-11-04,vente,False,False,True,2,1.9351
USDCAD,2024-11-04,vente,False,False,True,3,2.9351
USDCAD,2024-11-06,achat,False,False,True,1,-0.2356
USDCAD,2024-11-06,achat,False,False,True,2,-0.2356
USDCAD,2024-11-06,achat,False,False,True,3,-0.2356
USDCAD,2024-11-18,vente,False,True,True,1,0.982
USDCAD,2024-11-18,vente,False,True,True,2,0.4365
USDCAD,2024-11-18,vente,False,True,True,3,0.4365
USDCAD,2024-11-25,achat,False,False,True,1,-0.4849
USDCAD,2024-11-25,achat,False,False,True,2,-0.4849
USDCAD,2024-11-25,achat,False,False,True,3,-0.4849
USDCAD,2024-12-02,achat,True,False,True,1,-1.0432
USDCAD,2024-12-02,achat,True,False,True,2,-1.0432
USDCAD,2024-12-02,achat,True,False,True,3,-1.0432
USDCAD,2024-12-05,vente,False,False,True,1,-1.0233
USDCAD,2024-12-05,vente,False,False,True,2,-1.0233
USDCAD,2024-12-05,vente,False,False,True,3,-1.0233
USDCAD,2024-12-06,achat,True,False,True,1,-0.0535
USDCAD,2024-12-06,achat,True,False,True,2,-0.0535
USDCAD,2024-12-06,achat,True,False,True,3,-0.0535
USDCAD,2024-12-12,achat,False,True,True,1,0.9836
USDCAD,2024-12-12,achat,False,True,True,2,0.9978
USDCAD,2024-12-12,achat,False,True,True,3,0.9978
USDCAD,2024-12-24,vente,False,False,True,1,-1.0213
USDCAD,2024-12-24,vente,False,False,True,2,-1.0213
USDCAD,2024-12-24,vente,False,False,True,3,-1.0213
USDCAD,2025-01-02,achat,False,True,True,1,0.9641
USDCAD,2025-01-02,achat,False,True,True,2,-1.0359
USDCAD,2025-01-02,achat,False,True,True,3,-1.0359
USDCAD,2025-01-06,vente,False,False,True,1,-0.5807
USDCAD,2025-01-06,vente,False,False,True,2,-0.5807
USDCAD,2025-01-06,vente,False,False,True,3,-0.5807
USDCAD,2025-01-13,vente,False,False,True,1,-0.3741
USDCAD,2025-01-13,vente,False,False,True,2,-0.3741
USDCAD,2025-01-13,vente,False,False,True,3,-0.3741
USDCAD,2025-01-16,achat,False,False,True,1,0.9808
USDCAD,2025-01-16,achat,False,False,True,2,-1.0192
USDCAD,2025-01-16,achat,False,False,True,3,-1.0192
USDCAD,2025-01-20,vente,True,False,True,1,-1.0084
USDCAD,2025-01-20,vente,True,False,True,2,-1.0084
USDCAD,2025-01-20,vente,True,False,True,3,-1.0084
USDCAD,2025-01-30,achat,False,True,True,1,-1.0147
USDCAD,2025-01-30,achat,False,True,True,2,-1.0147
USDCAD,2025-01-30,achat,False,True,True,3,-1.0147
USDCAD,2025-02-03,vente,False,False,True,1,0.2924
USDCAD,2025-02-03,vente,False,False,True,2,0.2924
USDCAD,2025-02-03,vente,False,False,True,3,0.2924
USDCAD,2025-02-11,vente,False,False,True,1,0.9772
USDCAD,2025-02-11,vente,False,False,True,2,1.9772
USDCAD,2025-02-11,vente,False,False,True,3,1.5449
USDCAD,2025-02-13,vente,False,False,True,1,0.0236
USDCAD,2025-02-13,vente,False,False,True,2,0.0236
USDCAD,2025-02-13,vente,False,False,True,3,0.0236
USDCAD,2025-02-20,vente,True,False,True,1,-1.021
USDCAD,2025-02-20,vente,True,False,True,2,-1.021
USDCAD,2025-02-20,vente,True,False,True,3,-1.021
USDCAD,2025-03-04,vente,False,False,True,1,0.9898
USDCAD,2025-03-04,vente,False,False,True,2,0.135
USDCAD,2025-03-04,vente,False,False,True,3,0.135
USDCAD,2025-03-07,achat,False,False,True,1,0.9854
USDCAD,2025-03-07,achat,False,False,True,2,-0.1796
USDCAD,2025-03-07,achat,False,False,True,3,-0.1796
USDCAD,2025-03-12,vente,True,False,True,1,0.4826
USDCAD,2025-03-12,vente,True,False,True,2,0.4826
USDCAD,2025-03-12,vente,True,False,True,3,0.4826
USDCAD,2025-04-01,vente,False,False,True,1,0.9879
USDCAD,2025-04-01,vente,False,False,True,2,1.9879
USDCAD,2025-04-01,vente,False,False,True,3,0.5974
USDCAD,2025-04-04,achat,False,False,True,1,-0.683
USDCAD,2025-04-04,achat,False,False,True,2,-0.683
USDCAD,2025-04-04,achat,False,False,True,3,-0.683
USDCAD,2025-04-08,achat,False,True,True,1,-1.0126
USDCAD,2025-04-08,achat,False,True,True,2,-1.0126
USDCAD,2025-04-08,achat,False,True,True,3,-1.0126
USDCAD,2025-04-09,vente,True,False,True,1,0.9913
USDCAD,2025-04-09,vente,True,False,True,2,1.1603
USDCAD,2025-04-09,vente,True,False,True,3,1.1603
USDCAD,2025-04-16,vente,False,False,True,1,0.2294
USDCAD,2025-04-16,vente,False,False,True,2,0.2294
USDCAD,2025-04-16,vente,False,False,True,3,0.2294
USDCAD,2025-05-01,achat,False,False,True,1,-1.0224
USDCAD,2025-05-01,achat,False,False,True,2,-1.0224
USDCAD,2025-05-01,achat,False,False,True,3,-1.0224
USDCAD,2025-05-07,achat,True,False,True,1,0.9801
USDCAD,2025-05-07,achat,True,False,True,2,1.9801
USDCAD,2025-05-07,achat,True,False,True,3,1.8074
USDCAD,2025-05-14,achat,False,True,True,1,-0.2704
USDCAD,2025-05-14,achat,False,True,True,2,-0.2704
USDCAD,2025-05-14,achat,False,True,True,3,-0.2704
USDCAD,2025-05-20,vente,False,False,True,1,0.977
USDCAD,2025-05-20,vente,False,False,True,2,1.977
USDCAD,2025-05-20,vente,False,False,True,3,2.977
USDCAD,2025-05-29,vente,False,True,True,1,0.9737
USDCAD,2025-05-29,vente,False,True,True,2,1.9737
USDCAD,2025-05-29,vente,False,True,True,3,1.6334
USDCAD,2025-06-04,vente,True,False,True,1,-0.325
USDCAD,2025-06-04,vente,True,False,True,2,-0.325
USDCAD,2025-06-04,vente,True,False,True,3,-0.325
USDCAD,2025-06-06,achat,False,False,True,1,0.9559
USDCAD,2025-06-06,achat,False,False,True,2,-1.0441
USDCAD,2025-06-06,achat,False,False,True,3,-1.0441
USDCAD,2025-06-10,vente,True,False,True,1,0.9767
USDCAD,2025-06-10,vente,True,False,True,2,1.2481
USDCAD,2025-06-10,vente,True,False,True,3,1.2481
USDCAD,2025-06-17,achat,False,False,True,1,0.3647
USDCAD,2025-06-17,achat,False,False,True,2,0.3647
USDCAD,2025-06-17,achat,False,False,True,3,0.3647
USDCAD,2025-06-20,achat,False,False,True,1,0.9712
USDCAD,2025-06-20,achat,False,False,True,2,-1.0288
USDCAD,2025-06-20,achat,False,False,True,3,-1.0288
USDCAD,2025-06-30,vente,False,False,True,1,0.354
USDCAD,2025-06-30,vente,False,False,True,2,0.354
USDCAD,2025-06-30,vente,False,False,True,3,0.354
USDCAD,2025-07-02,vente,False,False,True,1,-1.0198
USDCAD,2025-07-02,vente,False,False,True,2,-1.0198
USDCAD,2025-07-02,vente,False,False,True,3,-1.0198
USDCAD,2025-07-04,achat,False,False,True,1,0.9643
USDCAD,2025-07-04,achat,False,False,True,2,1.9643
USDCAD,2025-07-04,achat,False,False,True,3,1.8928
USDCAD,2025-07-10,vente,False,False,True,1,-1.0272
USDCAD,2025-07-10,vente,False,False,True,2,-1.0272
USDCAD,2025-07-10,vente,False,False,True,3,-1.0272
USDCAD,2025-07-16,vente,True,False,True,1,-1.0221
USDCAD,2025-07-16,vente,True,False,True,2,-1.0221
USDCAD,2025-07-16,vente,True,False,True,3,-1.0221
USDCAD,2025-07-17,achat,False,False,True,1,-1.03
USDCAD,2025-07-17,achat,False,False,True,2,-1.03
USDCAD,2025-07-17,achat,False,False,True,3,-1.03
USDCAD,2025-07-24,achat,False,False,True,1,0.9706
USDCAD,2025-07-24,achat,False,False,True,2,1.9706
USDCAD,2025-07-24,achat,False,False,True,3,2.5323
USDCAD,2025-08-01,vente,False,True,True,1,0.4322
USDCAD,2025-08-01,vente,False,True,True,2,0.4322
USDCAD,2025-08-01,vente,False,True,True,3,0.4322
USDCAD,2025-08-06,vente,False,False,True,1,-1.0353
USDCAD,2025-08-06,vente,False,False,True,2,-1.0353
USDCAD,2025-08-06,vente,False,False,True,3,-1.0353
USDCAD,2025-08-08,achat,False,False,True,1,0.9605
USDCAD,2025-08-08,achat,False,False,True,2,-0.1579
USDCAD,2025-08-08,achat,False,False,True,3,-0.1579
USDCAD,2025-08-14,achat,True,False,True,1,0.6803
USDCAD,2025-08-14,achat,True,False,True,2,0.6803
USDCAD,2025-08-14,achat,True,False,True,3,0.6803
USDCAD,2025-08-18,vente,False,False,True,1,-1.0484
USDCAD,2025-08-18,vente,False,False,True,2,-1.0484
USDCAD,2025-08-18,vente,False,False,True,3,-1.0484
USDCAD,2025-08-19,achat,False,False,True,1,-0.5886
USDCAD,2025-08-19,achat,False,False,True,2,-0.5886
USDCAD,2025-08-19,achat,False,False,True,3,-0.5886
USDCAD,2025-08-22,vente,False,False,True,1,0.433
USDCAD,2025-08-22,vente,False,False,True,2,0.433
USDCAD,2025-08-22,vente,False,False,True,3,0.433
USDCAD,2025-09-08,vente,False,False,True,1,-1.0298
USDCAD,2025-09-08,vente,False,False,True,2,-1.0298
USDCAD,2025-09-08,vente,False,False,True,3,-1.0298
USDCAD,2025-09-09,achat,False,False,True,1,-0.0747
USDCAD,2025-09-09,achat,False,False,True,2,-0.0747
USDCAD,2025-09-09,achat,False,False,True,3,-0.0747
USDCAD,2025-09-11,vente,False,True,True,1,0.9745
USDCAD,2025-09-11,vente,False,True,True,2,1.5925
USDCAD,2025-09-11,vente,False,True,True,3,1.5925
USDCAD,2025-09-15,vente,False,False,True,1,-0.2055
USDCAD,2025-09-15,vente,False,False,True,2,-0.2055
USDCAD,2025-09-15,vente,False,False,True,3,-0.2055
USDCAD,2025-09-22,achat,False,False,True,1,0.9694
USDCAD,2025-09-22,achat,False,False,True,2,1.9694
USDCAD,2025-09-22,achat,False,False,True,3,2.33
USDCAD,2025-09-29,vente,False,False,True,1,-1.0566
USDCAD,2025-09-29,vente,False,False,True,2,-1.0566
USDCAD,2025-09-29,vente,False,False,True,3,-1.0566
USDCAD,2025-10-13,achat,True,False,True,1,0.0825
USDCAD,2025-10-13,achat,True,False,True,2,0.0825
USDCAD,2025-10-13,achat,True,False,True,3,0.0825
USDCAD,2025-10-24,achat,True,False,True,1,-1.0938
USDCAD,2025-10-24,achat,True,False,True,2,-1.0938
USDCAD,2025-10-24,achat,True,False,True,3,-1.0938
USDCAD,2025-11-06,achat,False,False,True,1,-1.0577
USDCAD,2025-11-06,achat,False,False,True,2,-1.0577
USDCAD,2025-11-06,achat,False,False,True,3,-1.0577
USDCAD,2025-11-07,vente,False,True,True,1,0.3628
USDCAD,2025-11-07,vente,False,True,True,2,0.3628
USDCAD,2025-11-07,vente,False,True,True,3,0.3628
USDCAD,2025-11-13,achat,True,False,True,1,-1.0273
USDCAD,2025-11-13,achat,True,False,True,2,-1.0273
USDCAD,2025-11-13,achat,True,False,True,3,-1.0273
USDCAD,2025-11-17,achat,True,False,True,1,-1.039
USDCAD,2025-11-17,achat,True,False,True,2,-1.039
USDCAD,2025-11-17,achat,True,False,True,3,-1.039
USDCAD,2025-11-18,vente,False,False,True,1,-1.0189
USDCAD,2025-11-18,vente,False,False,True,2,-1.0189
USDCAD,2025-11-18,vente,False,False,True,3,-1.0189
USDCAD,2025-12-02,vente,True,False,True,1,0.9679
USDCAD,2025-12-02,vente,True,False,True,2,1.9679
USDCAD,2025-12-02,vente,True,False,True,3,2.9679
USDCAD,2025-12-05,vente,False,False,True,1,0.1711
USDCAD,2025-12-05,vente,False,False,True,2,0.1711
USDCAD,2025-12-05,vente,False,False,True,3,0.1711
USDCAD,2025-12-16,vente,False,False,True,1,-1.0463
USDCAD,2025-12-16,vente,False,False,True,2,-1.0463
USDCAD,2025-12-16,vente,False,False,True,3,-1.0463
USDCAD,2025-12-17,achat,True,False,True,1,-1.0435
USDCAD,2025-12-17,achat,True,False,True,2,-1.0435
USDCAD,2025-12-17,achat,True,False,True,3,-1.0435
USDCAD,2025-12-19,achat,True,False,True,1,-1.03
USDCAD,2025-12-19,achat,True,False,True,2,-1.03
USDCAD,2025-12-19,achat,True,False,True,3,-1.03
USDCAD,2025-12-22,vente,False,False,True,1,0.9722
USDCAD,2025-12-22,vente,False,False,True,2,1.3748
USDCAD,2025-12-22,vente,False,False,True,3,1.3748
USDCAD,2025-12-29,achat,False,False,True,1,0.9592
USDCAD,2025-12-29,achat,False,False,True,2,0.7581
USDCAD,2025-12-29,achat,False,False,True,3,0.7581
USDCAD,2026-01-02,achat,False,False,True,1,0.9583
USDCAD,2026-01-02,achat,False,False,True,2,1.9583
USDCAD,2026-01-02,achat,False,False,True,3,2.9583
USDCAD,2026-01-15,achat,False,True,True,1,0.8649
USDCAD,2026-01-15,achat,False,True,True,2,1.8649
USDCAD,2026-01-15,achat,False,True,True,3,2.8649
USDCAD,2026-01-19,vente,False,False,True,1,0.9573
USDCAD,2026-01-19,vente,False,False,True,2,1.9573
USDCAD,2026-01-19,vente,False,False,True,3,2.5499
USDCAD,2026-01-22,vente,False,False,True,1,0.9763
USDCAD,2026-01-22,vente,False,False,True,2,1.9763
USDCAD,2026-01-22,vente,False,False,True,3,2.9763
USDCAD,2026-01-27,vente,True,False,True,1,0.4121
USDCAD,2026-01-27,vente,True,False,True,2,0.4121
USDCAD,2026-01-27,vente,True,False,True,3,0.4121
USDCAD,2026-02-11,achat,True,False,True,1,0.7564
USDCAD,2026-02-11,achat,True,False,True,2,0.7564
USDCAD,2026-02-11,achat,True,False,True,3,0.7564
USDCAD,2026-02-23,achat,False,True,True,1,-0.4543
USDCAD,2026-02-23,achat,False,True,True,2,-0.4543
USDCAD,2026-02-23,achat,False,True,True,3,-0.4543
USDCAD,2026-02-25,vente,False,False,True,1,-1.0432
USDCAD,2026-02-25,vente,False,False,True,2,-1.0432
USDCAD,2026-02-25,vente,False,False,True,3,-1.0432
USDCAD,2026-03-04,vente,False,False,True,1,-1.0258
USDCAD,2026-03-04,vente,False,False,True,2,-1.0258
USDCAD,2026-03-04,vente,False,False,True,3,-1.0258
USDCAD,2026-03-06,vente,False,False,True,1,-0.3453
USDCAD,2026-03-06,vente,False,False,True,2,-0.3453
USDCAD,2026-03-06,vente,False,False,True,3,-0.3453
USDCAD,2026-03-11,achat,False,False,True,1,0.9716
USDCAD,2026-03-11,achat,False,False,True,2,1.9716
USDCAD,2026-03-11,achat,False,False,True,3,1.5709
USDCAD,2026-03-20,vente,True,False,True,1,0.9436
USDCAD,2026-03-20,vente,True,False,True,2,-1.0564
USDCAD,2026-03-20,vente,True,False,True,3,-1.0564
USDCAD,2026-03-23,achat,False,False,True,1,0.9775
USDCAD,2026-03-23,achat,False,False,True,2,1.9775
USDCAD,2026-03-23,achat,False,False,True,3,1.8379
USDCAD,2026-03-31,vente,False,False,True,1,-0.6216
USDCAD,2026-03-31,vente,False,False,True,2,-0.6216
USDCAD,2026-03-31,vente,False,False,True,3,-0.6216
USDCAD,2026-04-02,achat,False,True,True,1,-1.027
USDCAD,2026-04-02,achat,False,True,True,2,-1.027
USDCAD,2026-04-02,achat,False,True,True,3,-1.027
USDCAD,2026-04-06,vente,False,False,True,1,0.9606
USDCAD,2026-04-06,vente,False,False,True,2,1.9606
USDCAD,2026-04-06,vente,False,False,True,3,2.2861
USDCAD,2026-04-09,vente,False,True,True,1,-1.0382
USDCAD,2026-04-09,vente,False,True,True,2,-1.0382
USDCAD,2026-04-09,vente,False,True,True,3,-1.0382
USDCAD,2026-04-13,vente,False,True,True,1,0.9838
USDCAD,2026-04-13,vente,False,True,True,2,0.9102
USDCAD,2026-04-13,vente,False,True,True,3,0.9102
USDCAD,2026-04-28,achat,False,True,True,1,-1.0205
USDCAD,2026-04-28,achat,False,True,True,2,-1.0205
USDCAD,2026-04-28,achat,False,True,True,3,-1.0205
USDCAD,2026-05-06,achat,False,False,True,1,0.9754
USDCAD,2026-05-06,achat,False,False,True,2,0.7197
USDCAD,2026-05-06,achat,False,False,True,3,0.7197
USDCAD,2026-05-12,achat,False,False,True,1,0.9359
USDCAD,2026-05-12,achat,False,False,True,2,1.9359
USDCAD,2026-05-12,achat,False,False,True,3,2.141
USDCAD,2026-05-21,achat,True,False,True,1,0.9559
USDCAD,2026-05-21,achat,True,False,True,2,0.9264
USDCAD,2026-05-21,achat,True,False,True,3,0.9264
USDCAD,2026-05-28,vente,False,True,True,1,-0.722
USDCAD,2026-05-28,vente,False,True,True,2,-0.722
USDCAD,2026-05-28,vente,False,True,True,3,-0.722
USDCAD,2026-06-11,achat,False,False,True,1,0.4578
USDCAD,2026-06-11,achat,False,False,True,2,0.4578
USDCAD,2026-06-11,achat,False,False,True,3,0.4578
USDCAD,2026-06-22,vente,False,False,True,1,-1.0408
USDCAD,2026-06-22,vente,False,False,True,2,-1.0408
USDCAD,2026-06-22,vente,False,False,True,3,-1.0408
USDCAD,2026-06-23,achat,False,False,True,1,-0.3644
USDCAD,2026-06-23,achat,False,False,True,2,-0.3644
USDCAD,2026-06-23,achat,False,False,True,3,-0.3644
USDCAD,2026-06-25,vente,True,False,True,1,-0.1838
USDCAD,2026-06-25,vente,True,False,True,2,-0.1838
USDCAD,2026-06-25,vente,True,False,True,3,-0.1838
USDCAD,2026-06-29,achat,False,False,True,1,-1.0362
USDCAD,2026-06-29,achat,False,False,True,2,-1.0362
USDCAD,2026-06-29,achat,False,False,True,3,-1.0362
USDCAD,2026-07-01,achat,False,False,True,1,-1.0444
USDCAD,2026-07-01,achat,False,False,True,2,-1.0444
USDCAD,2026-07-01,achat,False,False,True,3,-1.0444
USDCAD,2026-07-02,vente,False,False,True,1,-1.0416
USDCAD,2026-07-02,vente,False,False,True,2,-1.0416
USDCAD,2026-07-02,vente,False,False,True,3,-1.0416
USDCAD,2026-07-17,vente,False,False,True,1,-1.0595
USDCAD,2026-07-17,vente,False,False,True,2,-1.0595
USDCAD,2026-07-17,vente,False,False,True,3,-1.0595
USDCAD,2026-07-20,achat,True,False,True,1,0.2069
USDCAD,2026-07-20,achat,True,False,True,2,0.2069
USDCAD,2026-07-20,achat,True,False,True,3,0.2069
USDCAD,2026-07-24,achat,False,False,True,1,0.9531
USDCAD,2026-07-24,achat,False,False,True,2,-1.0469
USDCAD,2026-07-24,achat,False,False,True,3,-1.0469
USDCAD,2026-08-05,vente,False,False,True,1,0.9791
USDCAD,2026-08-05,vente,False,False,True,2,1.0431
USDCAD,2026-08-05,vente,False,False,True,3,1.0431
USDCAD,2026-08-07,vente,False,False,True,1,-0.0651
USDCAD,2026-08-07,vente,False,False,True,2,-0.0651
USDCAD,2026-08-07,vente,False,False,True,3,-0.0651
USDCAD,2026-08-12,achat,False,False,True,1,-1.0378
USDCAD,2026-08-12,achat,False,False,True,2,-1.0378
USDCAD,2026-08-12,achat,False,False,True,3,-1.0378
USDCAD,2026-08-18,achat,False,True,True,1,-1.0342
USDCAD,2026-08-18,achat,False,True,True,2,-1.0342
USDCAD,2026-08-18,achat,False,True,True,3,-1.0342
USDCAD,2026-08-19,vente,False,False,True,1,-0.305
USDCAD,2026-08-19,vente,False,False,True,2,-0.305
USDCAD,2026-08-19,vente,False,False,True,3,-0.305
USDCAD,2026-08-24,achat,False,False,True,1,0.1726
USDCAD,2026-08-24,achat,False,False,True,2,0.1726
USDCAD,2026-08-24,achat,False,False,True,3,0.1726
USDCAD,2026-08-26,achat,False,False,True,1,-0.5273
USDCAD,2026-08-26,achat,False,False,True,2,-0.5273
USDCAD,2026-08-26,achat,False,False,True,3,-0.5273
USDCAD,2026-08-28,achat,False,False,True,1,-1.0234
USDCAD,2026-08-28,achat,False,False,True,2,-1.0234
USDCAD,2026-08-28,achat,False,False,True,3,-1.0234
USDCAD,2026-09-02,vente,False,False,True,1,0.4089
USDCAD,2026-09-02,vente,False,False,True,2,0.4089
USDCAD,2026-09-02,vente,False,False,True,3,0.4089
USDCAD,2026-09-09,achat,True,False,True,1,0.9666
USDCAD,2026-09-09,achat,True,False,True,2,1.9666
USDCAD,2026-09-09,achat,True,False,True,3,2.0178
USDCAD,2026-09-18,vente,True,False,True,1,-1.0436
USDCAD,2026-09-18,vente,True,False,True,2,-1.0436
USDCAD,2026-09-18,vente,True,False,True,3,-1.0436
USDCAD,2026-09-21,achat,True,False,True,1,0.9689
USDCAD,2026-09-21,achat,True,False,True,2,1.9689
USDCAD,2026-09-21,achat,True,False,True,3,2.3382
USDCAD,2026-09-28,achat,False,True,True,1,0.9586
USDCAD,2026-09-28,achat,False,True,True,2,1.9586
USDCAD,2026-09-28,achat,False,True,True,3,1.1519
USDJPY,2023-12-18,achat,False,False,True,1,0.9837
USDJPY,2023-12-18,achat,False,False,True,2,1.9837
USDJPY,2023-12-18,achat,False,False,True,3,2.9837
USDJPY,2023-12-27,vente,False,False,True,1,0.1944
USDJPY,2023-12-27,vente,False,False,True,2,0.1944
USDJPY,2023-12-27,vente,False,False,True,3,0.1944
USDJPY,2024-01-15,achat,True,False,True,1,0.9886
USDJPY,2024-01-15,achat,True,False,True,2,1.9886
USDJPY,2024-01-15,achat,True,False,True,3,2.9886
USDJPY,2024-01-24,vente,False,False,True,1,-1.0142
USDJPY,2024-01-24,vente,False,False,True,2,-1.0142
USDJPY,2024-01-24,vente,False,False,True,3,-1.0142
USDJPY,2024-01-29,vente,False,False,True,1,0.9884
USDJPY,2024-01-29,vente,False,False,True,2,1.1984
USDJPY,2024-01-29,vente,False,False,True,3,1.1984
USDJPY,2024-02-02,achat,False,True,True,1,-0.1251
USDJPY,2024-02-02,achat,False,True,True,2,-0.1251
USDJPY,2024-02-02,achat,False,True,True,3,-0.1251
USDJPY,2024-02-06,vente,False,True,True,1,-1.0101
USDJPY,2024-02-06,vente,False,True,True,2,-1.0101
USDJPY,2024-02-06,vente,False,True,True,3,-1.0101
USDJPY,2024-02-20,vente,False,False,True,1,-1.0201
USDJPY,2024-02-20,vente,False,False,True,2,-1.0201
USDJPY,2024-02-20,vente,False,False,True,3,-1.0201
USDJPY,2024-02-21,achat,True,False,True,1,0.3961
USDJPY,2024-02-21,achat,True,False,True,2,0.3961
USDJPY,2024-02-21,achat,True,False,True,3,0.3961
USDJPY,2024-02-26,achat,False,False,True,1,-1.0346
USDJPY,2024-02-26,achat,False,False,True,2,-1.0346
USDJPY,2024-02-26,achat,False,False,True,3,-1.0346
USDJPY,2024-02-27,vente,False,False,True,1,0.9213
USDJPY,2024-02-27,vente,False,False,True,2,-1.0787
USDJPY,2024-02-27,vente,False,False,True,3,-1.0787
USDJPY,2024-02-28,achat,False,False,True,1,-1.0329
USDJPY,2024-02-28,achat,False,False,True,2,-1.0329
USDJPY,2024-02-28,achat,False,False,True,3,-1.0329
USDJPY,2024-02-29,vente,False,False,True,1,-1.017
USDJPY,2024-02-29,vente,False,False,True,2,-1.017
USDJPY,2024-02-29,vente,False,False,True,3,-1.017
USDJPY,2024-03-05,vente,False,False,True,1,0.9814
USDJPY,2024-03-05,vente,False,False,True,2,1.9814
USDJPY,2024-03-05,vente,False,False,True,3,2.9814
USDJPY,2024-03-12,achat,False,False,True,1,0.9904
USDJPY,2024-03-12,achat,False,False,True,2,1.3231
USDJPY,2024-03-12,achat,False,False,True,3,1.3231
USDJPY,2024-03-21,achat,False,False,True,1,-0.0875
USDJPY,2024-03-21,achat,False,False,True,2,-0.0875
USDJPY,2024-03-21,achat,False,False,True,3,-0.0875
USDJPY,2024-03-27,vente,False,False,True,1,-0.4451
USDJPY,2024-03-27,vente,False,False,True,2,-0.4451
USDJPY,2024-03-27,vente,False,False,True,3,-0.4451
USDJPY,2024-04-01,achat,False,True,True,1,-1.0273
USDJPY,2024-04-01,achat,False,True,True,2,-1.0273
USDJPY,2024-04-01,achat,False,True,True,3,-1.0273
USDJPY,2024-04-04,vente,False,False,True,1,-1.0201
USDJPY,2024-04-04,vente,False,False,True,2,-1.0201
USDJPY,2024-04-04,vente,False,False,True,3,-1.0201
USDJPY,2024-04-05,achat,False,False,True,1,0.9878
USDJPY,2024-04-05,achat,False,False,True,2,1.6205
USDJPY,2024-04-05,achat,False,False,True,3,1.6205
USDJPY,2024-04-10,achat,False,False,True,1,0.9923
USDJPY,2024-04-10,achat,False,False,True,2,0.9683
USDJPY,2024-04-10,achat,False,False,True,3,0.9683
USDJPY,2024-04-22,achat,False,False,True,1,-1.0407
USDJPY,2024-04-22,achat,False,False,True,2,-1.0407
USDJPY,2024-04-22,achat,False,False,True,3,-1.0407
USDJPY,2024-04-24,achat,False,False,True,1,0.9818
USDJPY,2024-04-24,achat,False,False,True,2,1.9818
USDJPY,2024-04-24,achat,False,False,True,3,2.9818
USDJPY,2024-05-01,vente,False,False,True,1,0.9956
USDJPY,2024-05-01,vente,False,False,True,2,0.6483
USDJPY,2024-05-01,vente,False,False,True,3,0.6483
USDJPY,2024-05-06,achat,False,False,True,1,0.9894
USDJPY,2024-05-06,achat,False,False,True,2,1.2045
USDJPY,2024-05-06,achat,False,False,True,3,1.2045
USDJPY,2024-05-15,vente,False,False,True,1,-0.926
USDJPY,2024-05-15,vente,False,False,True,2,-0.926
USDJPY,2024-05-15,vente,False,False,True,3,-0.926
USDJPY,2024-05-22,achat,False,True,True,1,0.1419
USDJPY,2024-05-22,achat,False,True,True,2,0.1419
USDJPY,2024-05-22,achat,False,True,True,3,0.1419
USDJPY,2024-05-28,achat,False,False,True,1,-1.0141
USDJPY,2024-05-28,achat,False,False,True,2,-1.0141
USDJPY,2024-05-28,achat,False,False,True,3,-1.0141
USDJPY,2024-05-30,vente,True,False,True,1,0.9848
USDJPY,2024-05-30,vente,True,False,True,2,1.9848
USDJPY,2024-05-30,vente,True,False,True,3,2.9848
USDJPY,2024-06-03,vente,True,False,True,1,0.9929
USDJPY,2024-06-03,vente,True,False,True,2,0.2869
USDJPY,2024-06-03,vente,True,False,True,3,0.2869
USDJPY,2024-06-07,achat,True,False,True,1,0.0211
USDJPY,2024-06-07,achat,True,False,True,2,0.0211
USDJPY,2024-06-07,achat,True,False,True,3,0.0211
USDJPY,2024-06-12,vente,True,False,True,1,-1.0166
USDJPY,2024-06-12,vente,True,False,True,2,-1.0166
USDJPY,2024-06-12,vente,True,False,True,3,-1.0166
USDJPY,2024-06-13,achat,False,False,True,1,0.9825
USDJPY,2024-06-13,achat,False,False,True,2,1.2715
USDJPY,2024-06-13,achat,False,False,True,3,1.2715
USDJPY,2024-07-03,achat,False,False,True,1,-1.0119
USDJPY,2024-07-03,achat,False,False,True,2,-1.0119
USDJPY,2024-07-03,achat,False,False,True,3,-1.0119
USDJPY,2024-07-04,vente,False,False,True,1,0.9625
USDJPY,2024-07-04,vente,False,False,True,2,1.9625
USDJPY,2024-07-04,vente,False,False,True,3,2.9625
USDJPY,2024-07-11,vente,False,False,True,1,-0.0274
USDJPY,2024-07-11,vente,False,False,True,2,-0.0274
USDJPY,2024-07-11,vente,False,False,True,3,-0.0274
USDJPY,2024-07-16,achat,False,False,True,1,-1.0356
USDJPY,2024-07-16,achat,False,False,True,2,-1.0356
USDJPY,2024-07-16,achat,False,False,True,3,-1.0356
USDJPY,2024-07-17,vente,False,True,True,1,-0.4163
USDJPY,2024-07-17,vente,False,True,True,2,-0.4163
USDJPY,2024-07-17,vente,False,True,True,3,-0.4163
USDJPY,2024-07-22,vente,True,False,True,1,0.9863
USDJPY,2024-07-22,vente,True,False,True,2,1.9863
USDJPY,2024-07-22,vente,True,False,True,3,2.9863
USDJPY,2024-07-29,vente,False,False,True,1,-1.0187
USDJPY,2024-07-29,vente,False,False,True,2,-1.0187
USDJPY,2024-07-29,vente,False,False,True,3,-1.0187
USDJPY,2024-08-06,vente,False,True,True,1,-1.0061
USDJPY,2024-08-06,vente,False,True,True,2,-1.0061
USDJPY,2024-08-06,vente,False,True,True,3,-1.0061
USDJPY,2024-08-07,achat,False,False,True,1,0.9943
USDJPY,2024-08-07,achat,False,False,True,2,0.419
USDJPY,2024-08-07,achat,False,False,True,3,0.419
USDJPY,2024-08-14,achat,False,True,True,1,0.9918
USDJPY,2024-08-14,achat,False,True,True,2,-1.0082
USDJPY,2024-08-14,achat,False,True,True,3,-1.0082
USDJPY,2024-08-22,achat,True,False,True,1,-1.0078
USDJPY,2024-08-22,achat,True,False,True,2,-1.0078
USDJPY,2024-08-22,achat,True,False,True,3,-1.0078
USDJPY,2024-08-23,vente,False,True,True,1,-0.0365
USDJPY,2024-08-23,vente,False,True,True,2,-0.0365
USDJPY,2024-08-23,vente,False,True,True,3,-0.0365
USDJPY,2024-09-03,vente,False,False,True,1,0.9946
USDJPY,2024-09-03,vente,False,False,True,2,1.6615
USDJPY,2024-09-03,vente,False,False,True,3,1.6615
USDJPY,2024-09-06,vente,False,False,True,1,-0.2182
USDJPY,2024-09-06,vente,False,False,True,2,-0.2182
USDJPY,2024-09-06,vente,False,False,True,3,-0.2182
USDJPY,2024-09-10,vente,False,True,True,1,0.9934
USDJPY,2024-09-10,vente,False,True,True,2,0.9661
USDJPY,2024-09-10,vente,False,True,True,3,0.9661
USDJPY,2024-09-12,vente,False,False,True,1,0.9936
USDJPY,2024-09-12,vente,False,False,True,2,-0.3261
USDJPY,2024-09-12,vente,False,False,True,3,-0.3261
USDJPY,2024-09-17,achat,False,False,True,1,0.9941
USDJPY,2024-09-17,achat,False,False,True,2,1.0521
USDJPY,2024-09-17,achat,False,False,True,3,1.0521
USDJPY,2024-09-25,achat,False,False,True,1,-1.0055
USDJPY,2024-09-25,achat,False,False,True,2,-1.0055
USDJPY,2024-09-25,achat,False,False,True,3,-1.0055
USDJPY,2024-09-27,vente,False,True,True,1,-1.0023
USDJPY,2024-09-27,vente,False,True,True,2,-1.0023
USDJPY,2024-09-27,vente,False,True,True,3,-1.0023
USDJPY,2024-10-15,vente,True,False,True,1,-1.0145
USDJPY,2024-10-15,vente,True,False,True,2,-1.0145
USDJPY,2024-10-15,vente,True,False,True,3,-1.0145
USDJPY,2024-10-18,vente,True,False,True,1,-1.0145
USDJPY,2024-10-18,vente,True,False,True,2,-1.0145
USDJPY,2024-10-18,vente,True,False,True,3,-1.0145
USDJPY,2024-10-21,achat,False,False,True,1,0.9936
USDJPY,2024-10-21,achat,False,False,True,2,0.7436
USDJPY,2024-10-21,achat,False,False,True,3,0.7436
USDJPY,2024-11-06,achat,False,True,True,1,-0.2774
USDJPY,2024-11-06,achat,False,True,True,2,-0.2774
USDJPY,2024-11-06,achat,False,True,True,3,-0.2774
USDJPY,2024-11-11,achat,False,False,True,1,0.9841
USDJPY,2024-11-11,achat,False,False,True,2,1.9841
USDJPY,2024-11-11,achat,False,False,True,3,2.9841
USDJPY,2024-11-15,vente,False,False,True,1,-0.4043
USDJPY,2024-11-15,vente,False,False,True,2,-0.4043
USDJPY,2024-11-15,vente,False,False,True,3,-0.4043
USDJPY,2024-11-19,achat,False,False,True,1,0.0034
USDJPY,2024-11-19,achat,False,False,True,2,0.0034
USDJPY,2024-11-19,achat,False,False,True,3,0.0034
USDJPY,2024-11-21,vente,False,False,True,1,0.9915
USDJPY,2024-11-21,vente,False,False,True,2,1.0043
USDJPY,2024-11-21,vente,False,False,True,3,1.0043
USDJPY,2024-11-26,vente,False,False,True,1,0.9932
USDJPY,2024-11-26,vente,False,False,True,2,1.9932
USDJPY,2024-11-26,vente,False,False,True,3,2.1917
USDJPY,2024-12-09,achat,False,False,True,1,0.6574
USDJPY,2024-12-09,achat,False,False,True,2,0.6574
USDJPY,2024-12-09,achat,False,False,True,3,0.6574
USDJPY,2024-12-18,achat,False,False,True,1,0.9928
USDJPY,2024-12-18,achat,False,False,True,2,1.9928
USDJPY,2024-12-18,achat,False,False,True,3,1.7711
USDJPY,2024-12-30,vente,False,False,True,1,-0.3391
USDJPY,2024-12-30,vente,False,False,True,2,-0.3391
USDJPY,2024-12-30,vente,False,False,True,3,-0.3391
USDJPY,2025-01-06,achat,False,True,True,1,0.1847
USDJPY,2025-01-06,achat,False,True,True,2,0.1847
USDJPY,2025-01-06,achat,False,True,True,3,0.1847
USDJPY,2025-01-14,achat,False,False,True,1,-1.0097
USDJPY,2025-01-14,achat,False,False,True,2,-1.0097
USDJPY,2025-01-14,achat,False,False,True,3,-1.0097
USDJPY,2025-01-15,vente,False,False,True,1,0.5088
USDJPY,2025-01-15,vente,False,False,True,2,0.5088
USDJPY,2025-01-15,vente,False,False,True,3,0.5088
USDJPY,2025-01-17,achat,True,False,True,1,-1.0076
USDJPY,2025-01-17,achat,True,False,True,2,-1.0076
USDJPY,2025-01-17,achat,True,False,True,3,-1.0076
USDJPY,2025-01-20,vente,False,True,True,1,-1.0082
USDJPY,2025-01-20,vente,False,True,True,2,-1.0082
USDJPY,2025-01-20,vente,False,True,True,3,-1.0082
USDJPY,2025-01-31,achat,False,True,True,1,-1.0077
USDJPY,2025-01-31,achat,False,True,True,2,-1.0077
USDJPY,2025-01-31,achat,False,True,True,3,-1.0077
USDJPY,2025-02-11,achat,False,False,True,1,0.991
USDJPY,2025-02-11,achat,False,False,True,2,-0.4286
USDJPY,2025-02-11,achat,False,False,True,3,-0.4286
USDJPY,2025-02-19,vente,True,False,True,1,0.991
USDJPY,2025-02-19,vente,True,False,True,2,1.991
USDJPY,2025-02-19,vente,True,False,True,3,1.2031
USDJPY,2025-02-24,achat,False,True,True,1,-1.0095
USDJPY,2025-02-24,achat,False,True,True,2,-1.0095
USDJPY,2025-02-24,achat,False,True,True,3,-1.0095
USDJPY,2025-02-25,vente,False,False,True,1,-1.008
USDJPY,2025-02-25,vente,False,False,True,2,-1.008
USDJPY,2025-02-25,vente,False,False,True,3,-1.008
USDJPY,2025-02-27,achat,False,True,True,1,-1.0078
USDJPY,2025-02-27,achat,False,True,True,2,-1.0078
USDJPY,2025-02-27,achat,False,True,True,3,-1.0078
USDJPY,2025-03-03,vente,False,True,True,1,0.5983
USDJPY,2025-03-03,vente,False,True,True,2,0.5983
USDJPY,2025-03-03,vente,False,True,True,3,0.5983
USDJPY,2025-03-05,vente,True,False,True,1,0.9924
USDJPY,2025-03-05,vente,True,False,True,2,1.3863
USDJPY,2025-03-05,vente,True,False,True,3,1.3863
USDJPY,2025-03-11,achat,False,False,True,1,0.3679
USDJPY,2025-03-11,achat,False,False,True,2,0.3679
USDJPY,2025-03-11,achat,False,False,True,3,0.3679
USDJPY,2025-03-13,vente,False,False,True,1,-1.0211
USDJPY,2025-03-13,vente,False,False,True,2,-1.0211
USDJPY,2025-03-13,vente,False,False,True,3,-1.0211
USDJPY,2025-03-14,achat,False,False,True,1,0.9873
USDJPY,2025-03-14,achat,False,False,True,2,-0.1701
USDJPY,2025-03-14,achat,False,False,True,3,-0.1701
USDJPY,2025-03-19,vente,True,False,True,1,-1.0059
USDJPY,2025-03-19,vente,True,False,True,2,-1.0059
USDJPY,2025-03-19,vente,True,False,True,3,-1.0059
USDJPY,2025-03-28,vente,False,True,True,1,0.9928
USDJPY,2025-03-28,vente,False,True,True,2,1.387
USDJPY,2025-03-28,vente,False,True,True,3,1.387
USDJPY,2025-04-10,vente,True,False,True,1,0.1579
USDJPY,2025-04-10,vente,True,False,True,2,0.1579
USDJPY,2025-04-10,vente,True,False,True,3,0.1579
USDJPY,2025-04-22,achat,True,False,True,1,0.3302
USDJPY,2025-04-22,achat,True,False,True,2,0.3302
USDJPY,2025-04-22,achat,True,False,True,3,0.3302
USDJPY,2025-04-25,achat,False,False,True,1,-1.0118
USDJPY,2025-04-25,achat,False,False,True,2,-1.0118
USDJPY,2025-04-25,achat,False,False,True,3,-1.0118
USDJPY,2025-04-28,vente,False,True,True,1,-1.0058
USDJPY,2025-04-28,vente,False,True,True,2,-1.0058
USDJPY,2025-04-28,vente,False,True,True,3,-1.0058
USDJPY,2025-05-07,achat,True,False,True,1,0.9912
USDJPY,2025-05-07,achat,True,False,True,2,1.9912
USDJPY,2025-05-07,achat,True,False,True,3,2.9912
USDJPY,2025-05-12,achat,False,False,True,1,-1.0039
USDJPY,2025-05-12,achat,False,False,True,2,-1.0039
USDJPY,2025-05-12,achat,False,False,True,3,-1.0039
USDJPY,2025-05-19,vente,False,False,True,1,-1.0259
USDJPY,2025-05-19,vente,False,False,True,2,-1.0259
USDJPY,2025-05-19,vente,False,False,True,3,-1.0259
USDJPY,2025-05-23,vente,False,False,True,1,-1.0067
USDJPY,2025-05-23,vente,False,False,True,2,-1.0067
USDJPY,2025-05-23,vente,False,False,True,3,-1.0067
USDJPY,2025-05-27,achat,False,False,True,1,0.9951
USDJPY,2025-05-27,achat,False,False,True,2,-0.0627
USDJPY,2025-05-27,achat,False,False,True,3,-0.0627
USDJPY,2025-05-29,vente,False,True,True,1,-0.0283
USDJPY,2025-05-29,vente,False,True,True,2,-0.0283
USDJPY,2025-05-29,vente,False,True,True,3,-0.0283
USDJPY,2025-06-02,vente,False,True,True,1,-1.0072
USDJPY,2025-06-02,vente,False,True,True,2,-1.0072
USDJPY,2025-06-02,vente,False,True,True,3,-1.0072
USDJPY,2025-06-03,achat,True,False,True,1,0.6958
USDJPY,2025-06-03,achat,True,False,True,2,0.6958
USDJPY,2025-06-03,achat,True,False,True,3,0.6958
USDJPY,2025-06-10,achat,False,False,True,1,0.9787
USDJPY,2025-06-10,achat,False,False,True,2,-1.0213
USDJPY,2025-06-10,achat,False,False,True,3,-1.0213
USDJPY,2025-06-11,vente,False,False,True,1,0.9923
USDJPY,2025-06-11,vente,False,False,True,2,-0.3936
USDJPY,2025-06-11,vente,False,False,True,3,-0.3936
USDJPY,2025-07-07,achat,False,False,True,1,0.2268
USDJPY,2025-07-07,achat,False,False,True,2,0.2268
USDJPY,2025-07-07,achat,False,False,True,3,0.2268
USDJPY,2025-07-21,vente,False,True,True,1,0.9916
USDJPY,2025-07-21,vente,False,True,True,2,0.3264
USDJPY,2025-07-21,vente,False,True,True,3,0.3264
USDJPY,2025-07-24,achat,False,False,True,1,0.9915
USDJPY,2025-07-24,achat,False,False,True,2,1.2015
USDJPY,2025-07-24,achat,False,False,True,3,1.2015
USDJPY,2025-07-30,achat,False,False,True,1,0.9931
USDJPY,2025-07-30,achat,False,False,True,2,-1.0069
USDJPY,2025-07-30,achat,False,False,True,3,-1.0069
USDJPY,2025-08-01,vente,False,False,True,1,0.0512
USDJPY,2025-08-01,vente,False,False,True,2,0.0512
USDJPY,2025-08-01,vente,False,False,True,3,0.0512
USDJPY,2025-08-05,achat,False,False,True,1,0.1923
USDJPY,2025-08-05,achat,False,False,True,2,0.1923
USDJPY,2025-08-05,achat,False,False,True,3,0.1923
USDJPY,2025-08-08,achat,False,False,True,1,-0.5912
USDJPY,2025-08-08,achat,False,False,True,2,-0.5912
USDJPY,2025-08-08,achat,False,False,True,3,-0.5912
USDJPY,2025-08-18,achat,False,False,True,1,-1.0122
USDJPY,2025-08-18,achat,False,False,True,2,-1.0122
USDJPY,2025-08-18,achat,False,False,True,3,-1.0122
USDJPY,2025-08-21,achat,False,False,True,1,-1.0086
USDJPY,2025-08-21,achat,False,False,True,2,-1.0086
USDJPY,2025-08-21,achat,False,False,True,3,-1.0086
USDJPY,2025-08-22,vente,False,True,True,1,-0.2298
USDJPY,2025-08-22,vente,False,True,True,2,-0.2298
USDJPY,2025-08-22,vente,False,True,True,3,-0.2298
USDJPY,2025-09-02,achat,False,False,True,1,-1.0066
USDJPY,2025-09-02,achat,False,False,True,2,-1.0066
USDJPY,2025-09-02,achat,False,False,True,3,-1.0066
USDJPY,2025-09-05,vente,False,False,True,1,-1.0094
USDJPY,2025-09-05,vente,False,False,True,2,-1.0094
USDJPY,2025-09-05,vente,False,False,True,3,-1.0094
USDJPY,2025-09-10,vente,True,False,True,1,-1.0312
USDJPY,2025-09-10,vente,True,False,True,2,-1.0312
USDJPY,2025-09-10,vente,True,False,True,3,-1.0312
USDJPY,2025-09-12,achat,False,False,True,1,-1.0198
USDJPY,2025-09-12,achat,False,False,True,2,-1.0198
USDJPY,2025-09-12,achat,False,False,True,3,-1.0198
USDJPY,2025-09-24,achat,True,False,True,1,-0.136
USDJPY,2025-09-24,achat,True,False,True,2,-0.136
USDJPY,2025-09-24,achat,True,False,True,3,-0.136
USDJPY,2025-10-10,vente,False,False,True,1,0.061
USDJPY,2025-10-10,vente,False,False,True,2,0.061
USDJPY,2025-10-10,vente,False,False,True,3,0.061
USDJPY,2025-10-14,vente,True,False,True,1,0.9893
USDJPY,2025-10-14,vente,True,False,True,2,1.9893
USDJPY,2025-10-14,vente,True,False,True,3,1.1901
USDJPY,2025-10-21,achat,False,False,True,1,0.6853
USDJPY,2025-10-21,achat,False,False,True,2,0.6853
USDJPY,2025-10-21,achat,False,False,True,3,0.6853
USDJPY,2025-10-27,vente,False,False,True,1,0.9825
USDJPY,2025-10-27,vente,False,False,True,2,1.9825
USDJPY,2025-10-27,vente,False,False,True,3,-1.0175
USDJPY,2025-10-29,achat,False,False,True,1,0.9918
USDJPY,2025-10-29,achat,False,False,True,2,1.2025
USDJPY,2025-10-29,achat,False,False,True,3,1.2025
USDJPY,2025-11-06,vente,False,False,True,1,-1.0084
USDJPY,2025-11-06,vente,False,False,True,2,-1.0084
USDJPY,2025-11-06,vente,False,False,True,3,-1.0084
USDJPY,2025-11-12,achat,False,False,True,1,-1.0145
USDJPY,2025-11-12,achat,False,False,True,2,-1.0145
USDJPY,2025-11-12,achat,False,False,True,3,-1.0145
USDJPY,2025-11-17,achat,False,False,True,1,0.9886
USDJPY,2025-11-17,achat,False,False,True,2,1.9886
USDJPY,2025-11-17,achat,False,False,True,3,2.4041
USDJPY,2025-11-21,vente,True,False,True,1,0.1226
USDJPY,2025-11-21,vente,True,False,True,2,0.1226
USDJPY,2025-11-21,vente,True,False,True,3,0.1226
USDJPY,2025-11-25,vente,False,False,True,1,0.0474
USDJPY,2025-11-25,vente,False,False,True,2,0.0474
USDJPY,2025-11-25,vente,False,False,True,3,0.0474
USDJPY,2025-11-28,vente,False,False,True,1,0.9785
USDJPY,2025-11-28,vente,False,False,True,2,1.9785
USDJPY,2025-11-28,vente,False,False,True,3,2.9785
USDJPY,2025-12-03,vente,False,False,True,1,0.9861
USDJPY,2025-12-03,vente,False,False,True,2,-1.0139
USDJPY,2025-12-03,vente,False,False,True,3,-1.0139
USDJPY,2025-12-10,vente,False,False,True,1,0.62
USDJPY,2025-12-10,vente,False,False,True,2,0.62
USDJPY,2025-12-10,vente,False,False,True,3,0.62
USDJPY,2025-12-12,achat,False,False,True,1,-1.0317
USDJPY,2025-12-12,achat,False,False,True,2,-1.0317
USDJPY,2025-12-12,achat,False,False,True,3,-1.0317
USDJPY,2025-12-15,vente,False,False,True,1,-0.5914
USDJPY,2025-12-15,vente,False,False,True,2,-0.5914
USDJPY,2025-12-15,vente,False,False,True,3,-0.5914
USDJPY,2025-12-17,achat,False,False,True,1,0.9901
USDJPY,2025-12-17,achat,False,False,True,2,1.9901
USDJPY,2025-12-17,achat,False,False,True,3,1.3638
USDJPY,2025-12-29,vente,False,False,True,1,-1.0193
USDJPY,2025-12-29,vente,False,False,True,2,-1.0193
USDJPY,2025-12-29,vente,False,False,True,3,-1.0193
USDJPY,2026-01-05,vente,True,False,True,1,-0.3702
USDJPY,2026-01-05,vente,True,False,True,2,-0.3702
USDJPY,2026-01-05,vente,True,False,True,3,-0.3702
USDJPY,2026-01-13,achat,False,False,True,1,-1.008
USDJPY,2026-01-13,achat,False,False,True,2,-1.008
USDJPY,2026-01-13,achat,False,False,True,3,-1.008
USDJPY,2026-01-16,vente,False,True,True,1,0.9844
USDJPY,2026-01-16,vente,False,True,True,2,-0.6194
USDJPY,2026-01-16,vente,False,True,True,3,-0.6194
USDJPY,2026-01-19,achat,True,False,True,1,0.3941
USDJPY,2026-01-19,achat,True,False,True,2,0.3941
USDJPY,2026-01-19,achat,True,False,True,3,0.3941
USDJPY,2026-01-23,vente,False,False,True,1,0.9972
USDJPY,2026-01-23,vente,False,False,True,2,0.738
USDJPY,2026-01-23,vente,False,False,True,3,0.738
USDJPY,2026-02-06,achat,False,False,True,1,-1.0143
USDJPY,2026-02-06,achat,False,False,True,2,-1.0143
USDJPY,2026-02-06,achat,False,False,True,3,-1.0143
USDJPY,2026-02-09,vente,True,False,True,1,0.9916
USDJPY,2026-02-09,vente,True,False,True,2,1.9916
USDJPY,2026-02-09,vente,True,False,True,3,2.9916
USDJPY,2026-02-16,achat,False,False,True,1,-1.0123
USDJPY,2026-02-16,achat,False,False,True,2,-1.0123
USDJPY,2026-02-16,achat,False,False,True,3,-1.0123
USDJPY,2026-02-18,achat,False,False,True,1,-0.0199
USDJPY,2026-02-18,achat,False,False,True,2,-0.0199
USDJPY,2026-02-18,achat,False,False,True,3,-0.0199
USDJPY,2026-02-23,achat,False,True,True,1,0.9858
USDJPY,2026-02-23,achat,False,True,True,2,1.9858
USDJPY,2026-02-23,achat,False,True,True,3,2.9858
USDJPY,2026-02-26,vente,False,True,True,1,-1.0174
USDJPY,2026-02-26,vente,False,True,True,2,-1.0174
USDJPY,2026-02-26,vente,False,True,True,3,-1.0174
USDJPY,2026-03-04,vente,False,False,True,1,-1.0111
USDJPY,2026-03-04,vente,False,False,True,2,-1.0111
USDJPY,2026-03-04,vente,False,False,True,3,-1.0111
USDJPY,2026-03-09,vente,False,True,True,1,-1.0094
USDJPY,2026-03-09,vente,False,True,True,2,-1.0094
USDJPY,2026-03-09,vente,False,True,True,3,-1.0094
USDJPY,2026-03-18,achat,False,True,True,1,-1.008
USDJPY,2026-03-18,achat,False,True,True,2,-1.008
USDJPY,2026-03-18,achat,False,True,True,3,-1.008
USDJPY,2026-03-19,vente,True,False,True,1,-0.404
USDJPY,2026-03-19,vente,True,False,True,2,-0.404
USDJPY,2026-03-19,vente,True,False,True,3,-0.404
USDJPY,2026-04-09,achat,False,True,True,1,0.98
USDJPY,2026-04-09,achat,False,True,True,2,-0.6187
USDJPY,2026-04-09,achat,False,True,True,3,-0.6187
USDJPY,2026-04-13,vente,True,False,True,1,0.985
USDJPY,2026-04-13,vente,True,False,True,2,0.0165
USDJPY,2026-04-13,vente,True,False,True,3,0.0165
USDJPY,2026-04-17,vente,False,False,True,1,-1.0106
USDJPY,2026-04-17,vente,False,False,True,2,-1.0106
USDJPY,2026-04-17,vente,False,False,True,3,-1.0106
USDJPY,2026-04-21,achat,False,True,True,1,-0.0427
USDJPY,2026-04-21,achat,False,True,True,2,-0.0427
USDJPY,2026-04-21,achat,False,True,True,3,-0.0427
USDJPY,2026-04-24,vente,True,False,True,1,-1.02
USDJPY,2026-04-24,vente,True,False,True,2,-1.02
USDJPY,2026-04-24,vente,True,False,True,3,-1.02
USDJPY,2026-04-30,vente,False,False,True,1,-0.1849
USDJPY,2026-04-30,vente,False,False,True,2,-0.1849
USDJPY,2026-04-30,vente,False,False,True,3,-0.1849
USDJPY,2026-05-06,vente,False,False,True,1,-0.5271
USDJPY,2026-05-06,vente,False,False,True,2,-0.5271
USDJPY,2026-05-06,vente,False,False,True,3,-0.5271
USDJPY,2026-05-11,achat,False,False,True,1,-1.023
USDJPY,2026-05-11,achat,False,False,True,2,-1.023
USDJPY,2026-05-11,achat,False,False,True,3,-1.023
USDJPY,2026-06-01,achat,False,False,True,1,0.9669
USDJPY,2026-06-01,achat,False,False,True,2,1.1424
USDJPY,2026-06-01,achat,False,False,True,3,1.1424
USDJPY,2026-06-04,achat,False,False,True,1,0.9771
USDJPY,2026-06-04,achat,False,False,True,2,0.8761
USDJPY,2026-06-04,achat,False,False,True,3,0.8761
USDJPY,2026-06-09,achat,True,False,True,1,-1.028
USDJPY,2026-06-09,achat,True,False,True,2,-1.028
USDJPY,2026-06-09,achat,True,False,True,3,-1.028
USDJPY,2026-06-11,vente,False,False,True,1,-0.6012
USDJPY,2026-06-11,vente,False,False,True,2,-0.6012
USDJPY,2026-06-11,vente,False,False,True,3,-0.6012
USDJPY,2026-06-22,achat,False,True,True,1,0.4119
USDJPY,2026-06-22,achat,False,True,True,2,0.4119
USDJPY,2026-06-22,achat,False,True,True,3,0.4119
USDJPY,2026-06-26,vente,False,False,True,1,-1.0714
USDJPY,2026-06-26,vente,False,False,True,2,-1.0714
USDJPY,2026-06-26,vente,False,False,True,3,-1.0714
USDJPY,2026-06-29,achat,False,False,True,1,0.9574
USDJPY,2026-06-29,achat,False,False,True,2,1.9574
USDJPY,2026-06-29,achat,False,False,True,3,2.9574
USDJPY,2026-07-06,achat,False,True,True,1,0.3778
USDJPY,2026-07-06,achat,False,True,True,2,0.3778
USDJPY,2026-07-06,achat,False,True,True,3,0.3778
USDJPY,2026-07-16,achat,False,False,True,1,0.976
USDJPY,2026-07-16,achat,False,False,True,2,1.976
USDJPY,2026-07-16,achat,False,False,True,3,1.9231
USDJPY,2026-07-21,achat,True,False,True,1,0.9871
USDJPY,2026-07-21,achat,True,False,True,2,0.7696
USDJPY,2026-07-21,achat,True,False,True,3,0.7696
USDJPY,2026-07-23,achat,False,False,True,1,0.015
USDJPY,2026-07-23,achat,False,False,True,2,0.015
USDJPY,2026-07-23,achat,False,False,True,3,0.015
USDJPY,2026-07-27,achat,False,False,True,1,-1.0213
USDJPY,2026-07-27,achat,False,False,True,2,-1.0213
USDJPY,2026-07-27,achat,False,False,True,3,-1.0213
USDJPY,2026-07-29,vente,False,True,True,1,0.984
USDJPY,2026-07-29,vente,False,True,True,2,1.984
USDJPY,2026-07-29,vente,False,True,True,3,2.984
USDJPY,2026-08-04,achat,False,False,True,1,0.9808
USDJPY,2026-08-04,achat,False,False,True,2,-1.0192
USDJPY,2026-08-04,achat,False,False,True,3,-1.0192
USDJPY,2026-08-06,achat,True,False,True,1,-1.0118
USDJPY,2026-08-06,achat,True,False,True,2,-1.0118
USDJPY,2026-08-06,achat,True,False,True,3,-1.0118
USDJPY,2026-08-10,achat,False,False,True,1,0.2009
USDJPY,2026-08-10,achat,False,False,True,2,0.2009
USDJPY,2026-08-10,achat,False,False,True,3,0.2009
USDJPY,2026-08-14,vente,False,False,True,1,0.9556
USDJPY,2026-08-14,vente,False,False,True,2,1.9556
USDJPY,2026-08-14,vente,False,False,True,3,-1.0444
USDJPY,2026-08-19,vente,False,False,True,1,-0.669
USDJPY,2026-08-19,vente,False,False,True,2,-0.669
USDJPY,2026-08-19,vente,False,False,True,3,-0.669
USDJPY,2026-09-01,achat,False,False,True,1,-1.0171
USDJPY,2026-09-01,achat,False,False,True,2,-1.0171
USDJPY,2026-09-01,achat,False,False,True,3,-1.0171
USDJPY,2026-09-02,vente,False,False,True,1,0.9934
USDJPY,2026-09-02,vente,False,False,True,2,1.9934
USDJPY,2026-09-02,vente,False,False,True,3,2.9934
USDJPY,2026-09-07,vente,False,True,True,1,-0.2633
USDJPY,2026-09-07,vente,False,True,True,2,-0.2633
USDJPY,2026-09-07,vente,False,True,True,3,-0.2633
USDJPY,2026-09-14,achat,False,False,True,1,0.9907
USDJPY,2026-09-14,achat,False,False,True,2,1.5959
USDJPY,2026-09-14,achat,False,False,True,3,1.5959
USDJPY,2026-09-25,vente,False,True,True,1,-0.2319
USDJPY,2026-09-25,vente,False,True,True,2,-0.2319
USDJPY,2026-09-25,vente,False,True,True,3,-0.2319
USDJPY,2026-09-29,achat,False,False,True,1,-1.0216
USDJPY,2026-09-29,achat,False,False,True,2,-1.0216
USDJPY,2026-09-29,achat,False,False,True,3,-1.0216
AUDCAD,2023-12-21,achat,True,False,False,1,-1.0445
AUDCAD,2023-12-21,achat,True,False,False,2,-1.0445
AUDCAD,2023-12-21,achat,True,False,False,3,-1.0445
AUDCAD,2023-12-25,achat,True,False,False,1,-1.0565
AUDCAD,2023-12-25,achat,True,False,False,2,-1.0565
AUDCAD,2023-12-25,achat,True,False,False,3,-1.0565
AUDCAD,2023-12-27,achat,True,False,False,1,-1.0339
AUDCAD,2023-12-27,achat,True,False,False,2,-1.0339
AUDCAD,2023-12-27,achat,True,False,False,3,-1.0339
AUDCAD,2024-01-02,vente,False,False,False,1,0.9576
AUDCAD,2024-01-02,vente,False,False,False,2,1.9576
AUDCAD,2024-01-02,vente,False,False,False,3,1.0297
AUDCAD,2024-01-23,achat,False,False,False,1,0.9412
AUDCAD,2024-01-23,achat,False,False,False,2,-0.8677
AUDCAD,2024-01-23,achat,False,False,False,3,-0.8677
AUDCAD,2024-01-30,vente,False,True,False,1,0.9536
AUDCAD,2024-01-30,vente,False,True,False,2,1.9536
AUDCAD,2024-01-30,vente,False,True,False,3,1.7749
AUDCAD,2024-02-13,vente,False,False,False,1,-1.0541
AUDCAD,2024-02-13,vente,False,False,False,2,-1.0541
AUDCAD,2024-02-13,vente,False,False,False,3,-1.0541
AUDCAD,2024-02-14,achat,True,False,False,1,0.2823
AUDCAD,2024-02-14,achat,True,False,False,2,0.2823
AUDCAD,2024-02-14,achat,True,False,False,3,0.2823
AUDCAD,2024-02-16,achat,True,False,False,1,0.9458
AUDCAD,2024-02-16,achat,True,False,False,2,1.9458
AUDCAD,2024-02-16,achat,True,False,False,3,1.1762
AUDCAD,2024-02-23,achat,False,False,False,1,-1.0889
AUDCAD,2024-02-23,achat,False,False,False,2,-1.0889
AUDCAD,2024-02-23,achat,False,False,False,3,-1.0889
AUDCAD,2024-02-26,vente,False,True,False,1,0.1823
AUDCAD,2024-02-26,vente,False,True,False,2,0.1823
AUDCAD,2024-02-26,vente,False,True,False,3,0.1823
AUDCAD,2024-02-28,vente,False,True,False,1,-0.385
AUDCAD,2024-02-28,vente,False,True,False,2,-0.385
AUDCAD,2024-02-28,vente,False,True,False,3,-0.385
AUDCAD,2024-03-14,vente,False,False,False,1,0.9206
AUDCAD,2024-03-14,vente,False,False,False,2,1.9206
AUDCAD,2024-03-14,vente,False,False,False,3,2.9206
AUDCAD,2024-03-20,achat,False,False,False,1,-1.0404
AUDCAD,2024-03-20,achat,False,False,False,2,-1.0404
AUDCAD,2024-03-20,achat,False,False,False,3,-1.0404
AUDCAD,2024-04-01,vente,False,False,False,1,-1.0556
AUDCAD,2024-04-01,vente,False,False,False,2,-1.0556
AUDCAD,2024-04-01,vente,False,False,False,3,-1.0556
AUDCAD,2024-04-02,achat,False,False,False,1,0.9518
AUDCAD,2024-04-02,achat,False,False,False,2,1.9518
AUDCAD,2024-04-02,achat,False,False,False,3,2.2747
AUDCAD,2024-04-10,vente,True,False,False,1,0.2624
AUDCAD,2024-04-10,vente,True,False,False,2,0.2624
AUDCAD,2024-04-10,vente,True,False,False,3,0.2624
AUDCAD,2024-04-12,vente,False,False,False,1,0.4335
AUDCAD,2024-04-12,vente,False,False,False,2,0.4335
AUDCAD,2024-04-12,vente,False,False,False,3,0.4335
AUDCAD,2024-04-18,vente,False,True,False,1,0.9459
AUDCAD,2024-04-18,vente,False,True,False,2,-0.5595
AUDCAD,2024-04-18,vente,False,True,False,3,-0.5595
AUDCAD,2024-04-30,vente,False,False,False,1,-1.0386
AUDCAD,2024-04-30,vente,False,False,False,2,-1.0386
AUDCAD,2024-04-30,vente,False,False,False,3,-1.0386
AUDCAD,2024-05-09,achat,True,False,False,1,-1.0472
AUDCAD,2024-05-09,achat,True,False,False,2,-1.0472
AUDCAD,2024-05-09,achat,True,False,False,3,-1.0472
AUDCAD,2024-05-10,vente,False,False,False,1,-1.0506
AUDCAD,2024-05-10,vente,False,False,False,2,-1.0506
AUDCAD,2024-05-10,vente,False,False,False,3,-1.0506
AUDCAD,2024-05-20,vente,False,True,False,1,0.9483
AUDCAD,2024-05-20,vente,False,True,False,2,0.5969
AUDCAD,2024-05-20,vente,False,True,False,3,0.5969
AUDCAD,2024-05-22,vente,False,True,False,1,-0.253
AUDCAD,2024-05-22,vente,False,True,False,2,-0.253
AUDCAD,2024-05-22,vente,False,True,False,3,-0.253
AUDCAD,2024-05-24,vente,False,False,False,1,-1.0604
AUDCAD,2024-05-24,vente,False,False,False,2,-1.0604
AUDCAD,2024-05-24,vente,False,False,False,3,-1.0604
AUDCAD,2024-05-27,achat,False,False,False,1,-1.0714
AUDCAD,2024-05-27,achat,False,False,False,2,-1.0714
AUDCAD,2024-05-27,achat,False,False,False,3,-1.0714
AUDCAD,2024-06-03,achat,False,False,False,1,-0.0389
AUDCAD,2024-06-03,achat,False,False,False,2,-0.0389
AUDCAD,2024-06-03,achat,False,False,False,3,-0.0389
AUDCAD,2024-06-07,vente,False,True,False,1,-1.0249
AUDCAD,2024-06-07,vente,False,True,False,2,-1.0249
AUDCAD,2024-06-07,vente,False,True,False,3,-1.0249
AUDCAD,2024-06-12,achat,False,False,False,1,-1.0266
AUDCAD,2024-06-12,achat,False,False,False,2,-1.0266
AUDCAD,2024-06-12,achat,False,False,False,3,-1.0266
AUDCAD,2024-06-18,achat,False,False,False,1,-0.689
AUDCAD,2024-06-18,achat,False,False,False,2,-0.689
AUDCAD,2024-06-18,achat,False,False,False,3,-0.689
AUDCAD,2024-06-20,vente,False,False,False,1,0.9527
AUDCAD,2024-06-20,vente,False,False,False,2,0.8274
AUDCAD,2024-06-20,vente,False,False,False,3,0.8274
AUDCAD,2024-06-26,achat,False,False,False,1,0.9583
AUDCAD,2024-06-26,achat,False,False,False,2,0.7021
AUDCAD,2024-06-26,achat,False,False,False,3,0.7021
AUDCAD,2024-07-02,vente,False,True,False,1,-1.083
AUDCAD,2024-07-02,vente,False,True,False,2,-1.083
AUDCAD,2024-07-02,vente,False,True,False,3,-1.083
AUDCAD,2024-07-03,achat,False,True,False,1,0.956
AUDCAD,2024-07-03,achat,False,True,False,2,0.8308
AUDCAD,2024-07-03,achat,False,True,False,3,0.8308
AUDCAD,2024-07-16,vente,True,False,False,1,0.6323
AUDCAD,2024-07-16,vente,True,False,False,2,0.6323
AUDCAD,2024-07-16,vente,True,False,False,3,0.6323
AUDCAD,2024-07-18,vente,True,False,False,1,0.9538
AUDCAD,2024-07-18,vente,True,False,False,2,1.9538
AUDCAD,2024-07-18,vente,True,False,False,3,1.6028
AUDCAD,2024-07-30,vente,False,False,False,1,0.9333
AUDCAD,2024-07-30,vente,False,False,False,2,1.9333
AUDCAD,2024-07-30,vente,False,False,False,3,2.9333
AUDCAD,2024-08-05,vente,False,False,False,1,0.9425
AUDCAD,2024-08-05,vente,False,False,False,2,-1.0575
AUDCAD,2024-08-05,vente,False,False,False,3,-1.0575
AUDCAD,2024-08-08,achat,False,False,False,1,0.4119
AUDCAD,2024-08-08,achat,False,False,False,2,0.4119
AUDCAD,2024-08-08,achat,False,False,False,3,0.4119
AUDCAD,2024-08-21,vente,False,False,False,1,0.9298
AUDCAD,2024-08-21,vente,False,False,False,2,1.9298
AUDCAD,2024-08-21,vente,False,False,False,3,1.2351
AUDCAD,2024-08-23,achat,False,True,False,1,-1.0337
AUDCAD,2024-08-23,achat,False,True,False,2,-1.0337
AUDCAD,2024-08-23,achat,False,True,False,3,-1.0337
AUDCAD,2024-08-28,achat,False,True,False,1,0.9346
AUDCAD,2024-08-28,achat,False,True,False,2,-1.0654
AUDCAD,2024-08-28,achat,False,True,False,3,-1.0654
AUDCAD,2024-08-30,vente,False,False,False,1,0.6901
AUDCAD,2024-08-30,vente,False,False,False,2,0.6901
AUDCAD,2024-08-30,vente,False,False,False,3,0.6901
AUDCAD,2024-09-03,vente,False,False,False,1,0.6222
AUDCAD,2024-09-03,vente,False,False,False,2,0.6222
AUDCAD,2024-09-03,vente,False,False,False,3,0.6222
AUDCAD,2024-09-05,achat,False,False,False,1,-1.0525
AUDCAD,2024-09-05,achat,False,False,False,2,-1.0525
AUDCAD,2024-09-05,achat,False,False,False,3,-1.0525
AUDCAD,2024-09-06,vente,False,True,False,1,-0.2615
AUDCAD,2024-09-06,vente,False,True,False,2,-0.2615
AUDCAD,2024-09-06,vente,False,True,False,3,-0.2615
AUDCAD,2024-09-10,achat,True,False,False,1,0.9574
AUDCAD,2024-09-10,achat,True,False,False,2,0.883
AUDCAD,2024-09-10,achat,True,False,False,3,0.883
AUDCAD,2024-09-16,achat,False,False,False,1,0.9747
AUDCAD,2024-09-16,achat,False,False,False,2,0.7582
AUDCAD,2024-09-16,achat,False,False,False,3,0.7582
AUDCAD,2024-09-25,vente,True,False,False,1,-1.0254
AUDCAD,2024-09-25,vente,True,False,False,2,-1.0254
AUDCAD,2024-09-25,vente,True,False,False,3,-1.0254
AUDCAD,2024-09-26,achat,False,False,False,1,-0.0769
AUDCAD,2024-09-26,achat,False,False,False,2,-0.0769
AUDCAD,2024-09-26,achat,False,False,False,3,-0.0769
AUDCAD,2024-10-01,vente,False,True,False,1,0.6715
AUDCAD,2024-10-01,vente,False,True,False,2,0.6715
AUDCAD,2024-10-01,vente,False,True,False,3,0.6715
AUDCAD,2024-10-03,vente,False,False,False,1,0.907
AUDCAD,2024-10-03,vente,False,False,False,2,1.907
AUDCAD,2024-10-03,vente,False,False,False,3,2.907
AUDCAD,2024-10-15,vente,False,False,False,1,-0.5054
AUDCAD,2024-10-15,vente,False,False,False,2,-0.5054
AUDCAD,2024-10-15,vente,False,False,False,3,-0.5054
AUDCAD,2024-10-17,achat,False,False,False,1,-0.1394
AUDCAD,2024-10-17,achat,False,False,False,2,-0.1394
AUDCAD,2024-10-17,achat,False,False,False,3,-0.1394
AUDCAD,2024-10-21,vente,False,False,False,1,0.1527
AUDCAD,2024-10-21,vente,False,False,False,2,0.1527
AUDCAD,2024-10-21,vente,False,False,False,3,0.1527
AUDCAD,2024-10-23,vente,True,False,False,1,0.5343
AUDCAD,2024-10-23,vente,True,False,False,2,0.5343
AUDCAD,2024-10-23,vente,True,False,False,3,0.5343
AUDCAD,2024-10-25,vente,False,False,False,1,0.9558
AUDCAD,2024-10-25,vente,False,False,False,2,0.4856
AUDCAD,2024-10-25,vente,False,False,False,3,0.4856
AUDCAD,2024-11-05,achat,False,True,False,1,-1.0396
AUDCAD,2024-11-05,achat,False,True,False,2,-1.0396
AUDCAD,2024-11-05,achat,False,True,False,3,-1.0396
AUDCAD,2024-11-07,achat,False,True,False,1,-1.0169
AUDCAD,2024-11-07,achat,False,True,False,2,-1.0169
AUDCAD,2024-11-07,achat,False,True,False,3,-1.0169
AUDCAD,2024-11-08,vente,True,False,False,1,0.5317
AUDCAD,2024-11-08,vente,True,False,False,2,0.5317
AUDCAD,2024-11-08,vente,True,False,False,3,0.5317
AUDCAD,2024-11-15,achat,False,False,False,1,0.9475
AUDCAD,2024-11-15,achat,False,False,False,2,-0.0604
AUDCAD,2024-11-15,achat,False,False,False,3,-0.0604
AUDCAD,2024-11-20,vente,False,True,False,1,-0.5598
AUDCAD,2024-11-20,vente,False,True,False,2,-0.5598
AUDCAD,2024-11-20,vente,False,True,False,3,-0.5598
AUDCAD,2024-11-22,vente,False,True,False,1,-1.0671
AUDCAD,2024-11-22,vente,False,True,False,2,-1.0671
AUDCAD,2024-11-22,vente,False,True,False,3,-1.0671
AUDCAD,2024-11-26,vente,False,False,False,1,-0.176
AUDCAD,2024-11-26,vente,False,False,False,2,-0.176
AUDCAD,2024-11-26,vente,False,False,False,3,-0.176
AUDCAD,2024-11-27,achat,False,False,False,1,-1.0536
AUDCAD,2024-11-27,achat,False,False,False,2,-1.0536
AUDCAD,2024-11-27,achat,False,False,False,3,-1.0536
AUDCAD,2024-11-29,vente,False,True,False,1,0.9373
AUDCAD,2024-11-29,vente,False,True,False,2,1.9373
AUDCAD,2024-11-29,vente,False,True,False,3,2.9373
AUDCAD,2024-12-03,achat,False,False,False,1,-1.0379
AUDCAD,2024-12-03,achat,False,False,False,2,-1.0379
AUDCAD,2024-12-03,achat,False,False,False,3,-1.0379
AUDCAD,2024-12-04,vente,False,True,False,1,-1.0258
AUDCAD,2024-12-04,vente,False,True,False,2,-1.0258
AUDCAD,2024-12-04,vente,False,True,False,3,-1.0258
AUDCAD,2024-12-09,achat,False,False,False,1,-1.0209
AUDCAD,2024-12-09,achat,False,False,False,2,-1.0209
AUDCAD,2024-12-09,achat,False,False,False,3,-1.0209
AUDCAD,2024-12-10,vente,False,True,False,1,-0.1545
AUDCAD,2024-12-10,vente,False,True,False,2,-0.1545
AUDCAD,2024-12-10,vente,False,True,False,3,-0.1545
AUDCAD,2024-12-12,achat,True,False,False,1,0.237
AUDCAD,2024-12-12,achat,True,False,False,2,0.237
AUDCAD,2024-12-12,achat,True,False,False,3,0.237
AUDCAD,2024-12-16,achat,False,False,False,1,-1.0442
AUDCAD,2024-12-16,achat,False,False,False,2,-1.0442
AUDCAD,2024-12-16,achat,False,False,False,3,-1.0442
AUDCAD,2024-12-27,vente,False,False,False,1,-1.0966
AUDCAD,2024-12-27,vente,False,False,False,2,-1.0966
AUDCAD,2024-12-27,vente,False,False,False,3,-1.0966
AUDCAD,2025-01-08,vente,False,False,False,1,0.942
AUDCAD,2025-01-08,vente,False,False,False,2,1.942
AUDCAD,2025-01-08,vente,False,False,False,3,0.971
AUDCAD,2025-01-15,achat,False,True,False,1,0.7489
AUDCAD,2025-01-15,achat,False,True,False,2,0.7489
AUDCAD,2025-01-15,achat,False,True,False,3,0.7489
AUDCAD,2025-01-22,achat,False,False,False,1,-0.2114
AUDCAD,2025-01-22,achat,False,False,False,2,-0.2114
AUDCAD,2025-01-22,achat,False,False,False,3,-0.2114
AUDCAD,2025-01-27,vente,False,False,False,1,0.9513
AUDCAD,2025-01-27,vente,False,False,False,2,-1.0487
AUDCAD,2025-01-27,vente,False,False,False,3,-1.0487
AUDCAD,2025-01-30,achat,False,False,False,1,-1.0402
AUDCAD,2025-01-30,achat,False,False,False,2,-1.0402
AUDCAD,2025-01-30,achat,False,False,False,3,-1.0402
AUDCAD,2025-02-03,vente,False,False,False,1,-0.2627
AUDCAD,2025-02-03,vente,False,False,False,2,-0.2627
AUDCAD,2025-02-03,vente,False,False,False,3,-0.2627
AUDCAD,2025-02-05,achat,False,False,False,1,-0.1424
AUDCAD,2025-02-05,achat,False,False,False,2,-0.1424
AUDCAD,2025-02-05,achat,False,False,False,3,-0.1424
AUDCAD,2025-02-12,vente,True,False,False,1,0.9351
AUDCAD,2025-02-12,vente,True,False,False,2,-1.0649
AUDCAD,2025-02-12,vente,True,False,False,3,-1.0649
AUDCAD,2025-02-14,achat,False,False,False,1,0.5058
AUDCAD,2025-02-14,achat,False,False,False,2,0.5058
AUDCAD,2025-02-14,achat,False,False,False,3,0.5058
AUDCAD,2025-02-18,vente,False,False,False,1,-1.0851
AUDCAD,2025-02-18,vente,False,False,False,2,-1.0851
AUDCAD,2025-02-18,vente,False,False,False,3,-1.0851
AUDCAD,2025-02-19,achat,True,False,False,1,0.9461
AUDCAD,2025-02-19,achat,True,False,False,2,0.4528
AUDCAD,2025-02-19,achat,True,False,False,3,0.4528
AUDCAD,2025-02-25,achat,True,False,False,1,-1.0291
AUDCAD,2025-02-25,achat,True,False,False,2,-1.0291
AUDCAD,2025-02-25,achat,True,False,False,3,-1.0291
AUDCAD,2025-02-26,vente,False,False,False,1,0.9504
AUDCAD,2025-02-26,vente,False,False,False,2,1.9504
AUDCAD,2025-02-26,vente,False,False,False,3,0.928
AUDCAD,2025-03-20,vente,False,True,False,1,0.2774
AUDCAD,2025-03-20,vente,False,True,False,2,0.2774
AUDCAD,2025-03-20,vente,False,True,False,3,0.2774
AUDCAD,2025-03-26,vente,True,False,False,1,-1.0552
AUDCAD,2025-03-26,vente,True,False,False,2,-1.0552
AUDCAD,2025-03-26,vente,True,False,False,3,-1.0552
AUDCAD,2025-03-27,achat,True,False,False,1,-1.0519
AUDCAD,2025-03-27,achat,True,False,False,2,-1.0519
AUDCAD,2025-03-27,achat,True,False,False,3,-1.0519
AUDCAD,2025-04-02,vente,False,False,False,1,0.9859
AUDCAD,2025-04-02,vente,False,False,False,2,1.9859
AUDCAD,2025-04-02,vente,False,False,False,3,2.9859
AUDCAD,2025-04-04,vente,False,False,False,1,-0.1989
AUDCAD,2025-04-04,vente,False,False,False,2,-0.1989
AUDCAD,2025-04-04,vente,False,False,False,3,-0.1989
AUDCAD,2025-04-08,vente,False,True,False,1,-1.0148
AUDCAD,2025-04-08,vente,False,True,False,2,-1.0148
AUDCAD,2025-04-08,vente,False,True,False,3,-1.0148
AUDCAD,2025-04-09,achat,False,False,False,1,0.6313
AUDCAD,2025-04-09,achat,False,False,False,2,0.6313
AUDCAD,2025-04-09,achat,False,False,False,3,0.6313
AUDCAD,2025-04-18,vente,False,True,False,1,-1.0621
AUDCAD,2025-04-18,vente,False,True,False,2,-1.0621
AUDCAD,2025-04-18,vente,False,True,False,3,-1.0621
AUDCAD,2025-04-21,achat,False,False,False,1,-1.0286
AUDCAD,2025-04-21,achat,False,False,False,2,-1.0286
AUDCAD,2025-04-21,achat,False,False,False,3,-1.0286
AUDCAD,2025-04-22,vente,False,True,False,1,-1.0312
AUDCAD,2025-04-22,vente,False,True,False,2,-1.0312
AUDCAD,2025-04-22,vente,False,True,False,3,-1.0312
AUDCAD,2025-04-28,achat,False,False,False,1,-1.0327
AUDCAD,2025-04-28,achat,False,False,False,2,-1.0327
AUDCAD,2025-04-28,achat,False,False,False,3,-1.0327
AUDCAD,2025-04-29,vente,False,False,False,1,-1.0239
AUDCAD,2025-04-29,vente,False,False,False,2,-1.0239
AUDCAD,2025-04-29,vente,False,False,False,3,-1.0239
AUDCAD,2025-05-07,vente,False,False,False,1,-1.0267
AUDCAD,2025-05-07,vente,False,False,False,2,-1.0267
AUDCAD,2025-05-07,vente,False,False,False,3,-1.0267
AUDCAD,2025-05-12,vente,True,False,False,1,-1.0225
AUDCAD,2025-05-12,vente,True,False,False,2,-1.0225
AUDCAD,2025-05-12,vente,True,False,False,3,-1.0225
AUDCAD,2025-05-13,achat,False,True,False,1,-0.6574
AUDCAD,2025-05-13,achat,False,True,False,2,-0.6574
AUDCAD,2025-05-13,achat,False,True,False,3,-0.6574
AUDCAD,2025-05-19,achat,False,False,False,1,-1.0251
AUDCAD,2025-05-19,achat,False,False,False,2,-1.0251
AUDCAD,2025-05-19,achat,False,False,False,3,-1.0251
AUDCAD,2025-05-20,vente,True,False,False,1,0.2772
AUDCAD,2025-05-20,vente,True,False,False,2,0.2772
AUDCAD,2025-05-20,vente,True,False,False,3,0.2772
AUDCAD,2025-05-23,achat,False,True,False,1,-1.0468
AUDCAD,2025-05-23,achat,False,True,False,2,-1.0468
AUDCAD,2025-05-23,achat,False,True,False,3,-1.0468
AUDCAD,2025-05-28,vente,False,False,False,1,0.8901
AUDCAD,2025-05-28,vente,False,False,False,2,1.8901
AUDCAD,2025-05-28,vente,False,False,False,3,2.8901
AUDCAD,2025-05-30,vente,False,False,False,1,-1.0247
AUDCAD,2025-05-30,vente,False,False,False,2,-1.0247
AUDCAD,2025-05-30,vente,False,False,False,3,-1.0247
AUDCAD,2025-06-09,achat,False,True,False,1,-1.0433
AUDCAD,2025-06-09,achat,False,True,False,2,-1.0433
AUDCAD,2025-06-09,achat,False,True,False,3,-1.0433
AUDCAD,2025-06-23,achat,False,False,False,1,0.3212
AUDCAD,2025-06-23,achat,False,False,False,2,0.3212
AUDCAD,2025-06-23,achat,False,False,False,3,0.3212
AUDCAD,2025-06-30,achat,False,False,False,1,-1.0549
AUDCAD,2025-06-30,achat,False,False,False,2,-1.0549
AUDCAD,2025-06-30,achat,False,False,False,3,-1.0549
AUDCAD,2025-07-02,vente,True,False,False,1,0.9513
AUDCAD,2025-07-02,vente,True,False,False,2,1.9513
AUDCAD,2025-07-02,vente,True,False,False,3,1.2555
AUDCAD,2025-07-08,achat,False,True,False,1,0.9492
AUDCAD,2025-07-08,achat,False,True,False,2,1.9492
AUDCAD,2025-07-08,achat,False,True,False,3,2.0279
AUDCAD,2025-07-23,achat,False,False,False,1,-0.2824
AUDCAD,2025-07-23,achat,False,False,False,2,-0.2824
AUDCAD,2025-07-23,achat,False,False,False,3,-0.2824
AUDCAD,2025-07-30,vente,True,False,False,1,-0.0867
AUDCAD,2025-07-30,vente,True,False,False,2,-0.0867
AUDCAD,2025-07-30,vente,True,False,False,3,-0.0867
AUDCAD,2025-08-01,achat,False,True,False,1,0.9438
AUDCAD,2025-08-01,achat,False,True,False,2,0.3904
AUDCAD,2025-08-01,achat,False,True,False,3,0.3904
AUDCAD,2025-08-06,achat,False,False,False,1,0.9251
AUDCAD,2025-08-06,achat,False,False,False,2,1.4682
AUDCAD,2025-08-06,achat,False,False,False,3,1.4682
AUDCAD,2025-08-14,vente,False,False,False,1,0.4258
AUDCAD,2025-08-14,vente,False,False,False,2,0.4258
AUDCAD,2025-08-14,vente,False,False,False,3,0.4258
AUDCAD,2025-08-18,vente,True,False,False,1,0.9527
AUDCAD,2025-08-18,vente,True,False,False,2,0.7021
AUDCAD,2025-08-18,vente,True,False,False,3,0.7021
AUDCAD,2025-08-27,vente,True,False,False,1,-1.0897
AUDCAD,2025-08-27,vente,True,False,False,2,-1.0897
AUDCAD,2025-08-27,vente,True,False,False,3,-1.0897
AUDCAD,2025-09-01,achat,False,False,False,1,-1.0463
AUDCAD,2025-09-01,achat,False,False,False,2,-1.0463
AUDCAD,2025-09-01,achat,False,False,False,3,-1.0463
AUDCAD,2025-09-02,vente,True,False,False,1,-1.061
AUDCAD,2025-09-02,vente,True,False,False,2,-1.061
AUDCAD,2025-09-02,vente,True,False,False,3,-1.061
AUDCAD,2025-09-03,achat,False,False,False,1,0.9662
AUDCAD,2025-09-03,achat,False,False,False,2,1.2555
AUDCAD,2025-09-03,achat,False,False,False,3,1.2555
AUDCAD,2025-09-05,achat,True,False,False,1,0.9671
AUDCAD,2025-09-05,achat,True,False,False,2,1.9671
AUDCAD,2025-09-05,achat,True,False,False,3,1.8454
AUDCAD,2025-09-17,vente,False,False,False,1,0.9599
AUDCAD,2025-09-17,vente,False,False,False,2,0.6152
AUDCAD,2025-09-17,vente,False,False,False,3,0.6152
AUDCAD,2025-09-25,vente,False,False,False,1,-1.0331
AUDCAD,2025-09-25,vente,False,False,False,2,-1.0331
AUDCAD,2025-09-25,vente,False,False,False,3,-1.0331
AUDCAD,2025-10-06,achat,False,False,False,1,-1.0515
AUDCAD,2025-10-06,achat,False,False,False,2,-1.0515
AUDCAD,2025-10-06,achat,False,False,False,3,-1.0515
AUDCAD,2025-10-07,vente,True,False,False,1,0.9665
AUDCAD,2025-10-07,vente,True,False,False,2,1.9665
AUDCAD,2025-10-07,vente,True,False,False,3,2.0888
AUDCAD,2025-10-10,vente,False,False,False,1,-0.5469
AUDCAD,2025-10-10,vente,False,False,False,2,-0.5469
AUDCAD,2025-10-10,vente,False,False,False,3,-0.5469
AUDCAD,2025-10-16,vente,False,True,False,1,0.9551
AUDCAD,2025-10-16,vente,False,True,False,2,-1.0449
AUDCAD,2025-10-16,vente,False,True,False,3,-1.0449
AUDCAD,2025-10-20,achat,False,False,False,1,-1.04
AUDCAD,2025-10-20,achat,False,False,False,2,-1.04
AUDCAD,2025-10-20,achat,False,False,False,3,-1.04
AUDCAD,2025-10-21,vente,False,False,False,1,-0.1525
AUDCAD,2025-10-21,vente,False,False,False,2,-0.1525
AUDCAD,2025-10-21,vente,False,False,False,3,-0.1525
AUDCAD,2025-10-23,achat,False,False,False,1,0.9613
AUDCAD,2025-10-23,achat,False,False,False,2,1.2341
AUDCAD,2025-10-23,achat,False,False,False,3,1.2341
AUDCAD,2025-10-27,achat,False,True,False,1,-0.1327
AUDCAD,2025-10-27,achat,False,True,False,2,-0.1327
AUDCAD,2025-10-27,achat,False,True,False,3,-0.1327
AUDCAD,2025-10-29,vente,False,False,False,1,-0.4671
AUDCAD,2025-10-29,vente,False,False,False,2,-0.4671
AUDCAD,2025-10-29,vente,False,False,False,3,-0.4671
AUDCAD,2025-10-31,vente,False,False,False,1,-1.0897
AUDCAD,2025-10-31,vente,False,False,False,2,-1.0897
AUDCAD,2025-10-31,vente,False,False,False,3,-1.0897
AUDCAD,2025-11-03,achat,False,False,False,1,-1.0683
AUDCAD,2025-11-03,achat,False,False,False,2,-1.0683
AUDCAD,2025-11-03,achat,False,False,False,3,-1.0683
AUDCAD,2025-11-04,vente,False,False,False,1,0.5351
AUDCAD,2025-11-04,vente,False,False,False,2,0.5351
AUDCAD,2025-11-04,vente,False,False,False,3,0.5351
AUDCAD,2025-11-20,vente,False,True,False,1,-0.8504
AUDCAD,2025-11-20,vente,False,True,False,2,-0.8504
AUDCAD,2025-11-20,vente,False,True,False,3,-0.8504
AUDCAD,2025-11-28,vente,False,False,False,1,-1.0581
AUDCAD,2025-11-28,vente,False,False,False,2,-1.0581
AUDCAD,2025-11-28,vente,False,False,False,3,-1.0581
AUDCAD,2025-12-05,vente,True,False,False,1,-0.4147
AUDCAD,2025-12-05,vente,True,False,False,2,-0.4147
AUDCAD,2025-12-05,vente,True,False,False,3,-0.4147
AUDCAD,2025-12-09,achat,False,False,False,1,-1.0488
AUDCAD,2025-12-09,achat,False,False,False,2,-1.0488
AUDCAD,2025-12-09,achat,False,False,False,3,-1.0488
AUDCAD,2025-12-11,vente,False,False,False,1,0.9353
AUDCAD,2025-12-11,vente,False,False,False,2,1.9353
AUDCAD,2025-12-11,vente,False,False,False,3,1.6926
AUDCAD,2025-12-29,vente,False,False,False,1,0.0118
AUDCAD,2025-12-29,vente,False,False,False,2,0.0118
AUDCAD,2025-12-29,vente,False,False,False,3,0.0118
AUDCAD,2025-12-31,vente,False,False,False,1,-1.0697
AUDCAD,2025-12-31,vente,False,False,False,2,-1.0697
AUDCAD,2025-12-31,vente,False,False,False,3,-1.0697
AUDCAD,2026-01-08,vente,False,False,False,1,-0.0888
AUDCAD,2026-01-08,vente,False,False,False,2,-0.0888
AUDCAD,2026-01-08,vente,False,False,False,3,-0.0888
AUDCAD,2026-01-13,vente,False,False,False,1,-0.2182
AUDCAD,2026-01-13,vente,False,False,False,2,-0.2182
AUDCAD,2026-01-13,vente,False,False,False,3,-0.2182
AUDCAD,2026-01-15,achat,True,False,False,1,0.0075
AUDCAD,2026-01-15,achat,True,False,False,2,0.0075
AUDCAD,2026-01-15,achat,True,False,False,3,0.0075
AUDCAD,2026-01-29,vente,False,False,False,1,-1.0235
AUDCAD,2026-01-29,vente,False,False,False,2,-1.0235
AUDCAD,2026-01-29,vente,False,False,False,3,-1.0235
AUDCAD,2026-02-06,achat,False,False,False,1,0.6582
AUDCAD,2026-02-06,achat,False,False,False,2,0.6582
AUDCAD,2026-02-06,achat,False,False,False,3,0.6582
AUDCAD,2026-02-11,achat,False,False,False,1,-0.3141
AUDCAD,2026-02-11,achat,False,False,False,2,-0.3141
AUDCAD,2026-02-11,achat,False,False,False,3,-0.3141
AUDCAD,2026-02-23,vente,False,False,False,1,-1.0475
AUDCAD,2026-02-23,vente,False,False,False,2,-1.0475
AUDCAD,2026-02-23,vente,False,False,False,3,-1.0475
AUDCAD,2026-03-02,achat,False,True,False,1,-1.0219
AUDCAD,2026-03-02,achat,False,True,False,2,-1.0219
AUDCAD,2026-03-02,achat,False,True,False,3,-1.0219
AUDCAD,2026-03-03,vente,True,False,False,1,0.9812
AUDCAD,2026-03-03,vente,True,False,False,2,0.8966
AUDCAD,2026-03-03,vente,True,False,False,3,0.8966
AUDCAD,2026-03-05,vente,False,False,False,1,0.9754
AUDCAD,2026-03-05,vente,False,False,False,2,-1.0246
AUDCAD,2026-03-05,vente,False,False,False,3,-1.0246
AUDCAD,2026-03-09,achat,False,False,False,1,0.9867
AUDCAD,2026-03-09,achat,False,False,False,2,0.2765
AUDCAD,2026-03-09,achat,False,False,False,3,0.2765
AUDCAD,2026-03-12,vente,False,False,False,1,0.9741
AUDCAD,2026-03-12,vente,False,False,False,2,-1.0259
AUDCAD,2026-03-12,vente,False,False,False,3,-1.0259
AUDCAD,2026-03-18,vente,True,False,False,1,0.9825
AUDCAD,2026-03-18,vente,True,False,False,2,0.238
AUDCAD,2026-03-18,vente,True,False,False,3,0.238
AUDCAD,2026-03-20,vente,True,False,False,1,0.9826
AUDCAD,2026-03-20,vente,True,False,False,2,0.3357
AUDCAD,2026-03-20,vente,True,False,False,3,0.3357
AUDCAD,2026-03-25,vente,False,True,False,1,0.9564
AUDCAD,2026-03-25,vente,False,True,False,2,1.1503
AUDCAD,2026-03-25,vente,False,True,False,3,1.1503
AUDCAD,2026-04-03,vente,False,True,False,1,-1.0746
AUDCAD,2026-04-03,vente,False,True,False,2,-1.0746
AUDCAD,2026-04-03,vente,False,True,False,3,-1.0746
AUDCAD,2026-04-06,achat,False,False,False,1,0.9317
AUDCAD,2026-04-06,achat,False,False,False,2,1.9317
AUDCAD,2026-04-06,achat,False,False,False,3,2.9317
AUDCAD,2026-04-13,achat,True,False,False,1,0.9676
AUDCAD,2026-04-13,achat,True,False,False,2,0.3063
AUDCAD,2026-04-13,achat,True,False,False,3,0.3063
AUDCAD,2026-04-16,vente,False,True,False,1,0.9683
AUDCAD,2026-04-16,vente,False,True,False,2,0.5166
AUDCAD,2026-04-16,vente,False,True,False,3,0.5166
AUDCAD,2026-04-20,achat,True,False,False,1,-1.0957
AUDCAD,2026-04-20,achat,True,False,False,2,-1.0957
AUDCAD,2026-04-20,achat,True,False,False,3,-1.0957
AUDCAD,2026-04-21,vente,False,False,False,1,0.9265
AUDCAD,2026-04-21,vente,False,False,False,2,0.2537
AUDCAD,2026-04-21,vente,False,False,False,3,0.2537
AUDCAD,2026-04-23,vente,False,False,False,1,-1.0571
AUDCAD,2026-04-23,vente,False,False,False,2,-1.0571
AUDCAD,2026-04-23,vente,False,False,False,3,-1.0571
AUDCAD,2026-04-27,achat,True,False,False,1,0.9429
AUDCAD,2026-04-27,achat,True,False,False,2,-1.0571
AUDCAD,2026-04-27,achat,True,False,False,3,-1.0571
AUDCAD,2026-04-29,vente,False,False,False,1,-0.2125
AUDCAD,2026-04-29,vente,False,False,False,2,-0.2125
AUDCAD,2026-04-29,vente,False,False,False,3,-0.2125
AUDCAD,2026-05-04,vente,False,False,False,1,0.949
AUDCAD,2026-05-04,vente,False,False,False,2,-1.051
AUDCAD,2026-05-04,vente,False,False,False,3,-1.051
AUDCAD,2026-05-05,achat,False,False,False,1,0.9769
AUDCAD,2026-05-05,achat,False,False,False,2,1.1366
AUDCAD,2026-05-05,achat,False,False,False,3,1.1366
AUDCAD,2026-05-08,achat,False,False,False,1,0.5326
AUDCAD,2026-05-08,achat,False,False,False,2,0.5326
AUDCAD,2026-05-08,achat,False,False,False,3,0.5326
AUDCAD,2026-05-14,vente,False,False,False,1,0.9632
AUDCAD,2026-05-14,vente,False,False,False,2,1.9632
AUDCAD,2026-05-14,vente,False,False,False,3,2.4117
AUDCAD,2026-05-19,vente,False,True,False,1,-1.0227
AUDCAD,2026-05-19,vente,False,True,False,2,-1.0227
AUDCAD,2026-05-19,vente,False,True,False,3,-1.0227
AUDCAD,2026-05-25,achat,False,True,False,1,-1.0667
AUDCAD,2026-05-25,achat,False,True,False,2,-1.0667
AUDCAD,2026-05-25,achat,False,True,False,3,-1.0667
AUDCAD,2026-05-27,vente,False,False,False,1,-1.049
AUDCAD,2026-05-27,vente,False,False,False,2,-1.049
AUDCAD,2026-05-27,vente,False,False,False,3,-1.049
AUDCAD,2026-06-03,vente,False,False,False,1,0.9377
AUDCAD,2026-06-03,vente,False,False,False,2,1.9377
AUDCAD,2026-06-03,vente,False,False,False,3,2.9377
AUDCAD,2026-06-05,vente,False,False,False,1,0.5046
AUDCAD,2026-06-05,vente,False,False,False,2,0.5046
AUDCAD,2026-06-05,vente,False,False,False,3,0.5046
AUDCAD,2026-06-09,vente,False,False,False,1,0.9609
AUDCAD,2026-06-09,vente,False,False,False,2,-1.0391
AUDCAD,2026-06-09,vente,False,False,False,3,-1.0391
AUDCAD,2026-06-11,achat,True,False,False,1,0.342
AUDCAD,2026-06-11,achat,True,False,False,2,0.342
AUDCAD,2026-06-11,achat,True,False,False,3,0.342
AUDCAD,2026-06-17,achat,False,True,False,1,0.9417
AUDCAD,2026-06-17,achat,False,True,False,2,0.1312
AUDCAD,2026-06-17,achat,False,True,False,3,0.1312
AUDCAD,2026-06-30,achat,True,False,False,1,0.3557
AUDCAD,2026-06-30,achat,True,False,False,2,0.3557
AUDCAD,2026-06-30,achat,True,False,False,3,0.3557
AUDCAD,2026-07-07,vente,False,True,False,1,-0.0203
AUDCAD,2026-07-07,vente,False,True,False,2,-0.0203
AUDCAD,2026-07-07,vente,False,True,False,3,-0.0203
AUDCAD,2026-07-09,achat,False,False,False,1,-1.0592
AUDCAD,2026-07-09,achat,False,False,False,2,-1.0592
AUDCAD,2026-07-09,achat,False,False,False,3,-1.0592
AUDCAD,2026-07-20,achat,True,False,False,1,-0.4901
AUDCAD,2026-07-20,achat,True,False,False,2,-0.4901
AUDCAD,2026-07-20,achat,True,False,False,3,-0.4901
AUDCAD,2026-07-22,vente,False,True,False,1,0.9571
AUDCAD,2026-07-22,vente,False,True,False,2,-0.5708
AUDCAD,2026-07-22,vente,False,True,False,3,-0.5708
AUDCAD,2026-07-28,vente,False,True,False,1,0.9533
AUDCAD,2026-07-28,vente,False,True,False,2,1.9533
AUDCAD,2026-07-28,vente,False,True,False,3,-0.0164
AUDCAD,2026-07-30,achat,True,False,False,1,0.7486
AUDCAD,2026-07-30,achat,True,False,False,2,0.7486
AUDCAD,2026-07-30,achat,True,False,False,3,0.7486
AUDCAD,2026-08-04,achat,False,False,False,1,-0.7624
AUDCAD,2026-08-04,achat,False,False,False,2,-0.7624
AUDCAD,2026-08-04,achat,False,False,False,3,-0.7624
AUDCAD,2026-08-17,achat,False,False,False,1,-1.05
AUDCAD,2026-08-17,achat,False,False,False,2,-1.05
AUDCAD,2026-08-17,achat,False,False,False,3,-1.05
AUDCAD,2026-08-21,achat,False,False,False,1,0.9679
AUDCAD,2026-08-21,achat,False,False,False,2,1.5714
AUDCAD,2026-08-21,achat,False,False,False,3,1.5714
AUDCAD,2026-08-28,vente,True,False,False,1,0.9377
AUDCAD,2026-08-28,vente,True,False,False,2,0.9346
AUDCAD,2026-08-28,vente,True,False,False,3,0.9346
AUDCAD,2026-09-10,vente,False,False,False,1,-0.3129
AUDCAD,2026-09-10,vente,False,False,False,2,-0.3129
AUDCAD,2026-09-10,vente,False,False,False,3,-0.3129
AUDCAD,2026-09-16,vente,False,False,False,1,-1.058
AUDCAD,2026-09-16,vente,False,False,False,2,-1.058
AUDCAD,2026-09-16,vente,False,False,False,3,-1.058
AUDCAD,2026-09-17,achat,False,False,False,1,0.9603
AUDCAD,2026-09-17,achat,False,False,False,2,0.9504
AUDCAD,2026-09-17,achat,False,False,False,3,0.9504
AUDCAD,2026-09-21,achat,False,False,False,1,-1.0588
AUDCAD,2026-09-21,achat,False,False,False,2,-1.0588
AUDCAD,2026-09-21,achat,False,False,False,3,-1.0588
AUDCAD,2026-09-23,vente,True,False,False,1,-0.3079
AUDCAD,2026-09-23,vente,True,False,False,2,-0.3079
AUDCAD,2026-09-23,vente,True,False,False,3,-0.3079
AUDCAD,2026-09-25,achat,False,True,False,1,0.9262
AUDCAD,2026-09-25,achat,False,True,False,2,-1.0738
AUDCAD,2026-09-25,achat,False,True,False,3,-1.0738
AUDNZD,2023-12-19,vente,False,False,False,1,0.9184
AUDNZD,2023-12-19,vente,False,False,False,2,-1.0816
AUDNZD,2023-12-19,vente,False,False,False,3,-1.0816
AUDNZD,2023-12-21,achat,True,False,False,1,-1.0627
AUDNZD,2023-12-21,achat,True,False,False,2,-1.0627
AUDNZD,2023-12-21,achat,True,False,False,3,-1.0627
AUDNZD,2023-12-27,achat,True,False,False,1,-1.0837
AUDNZD,2023-12-27,achat,True,False,False,2,-1.0837
AUDNZD,2023-12-27,achat,True,False,False,3,-1.0837
AUDNZD,2023-12-28,vente,False,False,False,1,0.9209
AUDNZD,2023-12-28,vente,False,False,False,2,-1.0791
AUDNZD,2023-12-28,vente,False,False,False,3,-1.0791
AUDNZD,2024-01-01,achat,True,False,False,1,0.9583
AUDNZD,2024-01-01,achat,True,False,False,2,-1.0417
AUDNZD,2024-01-01,achat,True,False,False,3,-1.0417
AUDNZD,2024-01-03,vente,False,False,False,1,0.9656
AUDNZD,2024-01-03,vente,False,False,False,2,0.4458
AUDNZD,2024-01-03,vente,False,False,False,3,0.4458
AUDNZD,2024-01-10,achat,False,False,False,1,-1.0388
AUDNZD,2024-01-10,achat,False,False,False,2,-1.0388
AUDNZD,2024-01-10,achat,False,False,False,3,-1.0388
AUDNZD,2024-01-16,vente,True,False,False,1,0.9167
AUDNZD,2024-01-16,vente,True,False,False,2,-1.0833
AUDNZD,2024-01-16,vente,True,False,False,3,-1.0833
AUDNZD,2024-01-18,achat,False,False,False,1,0.9695
AUDNZD,2024-01-18,achat,False,False,False,2,0.5511
AUDNZD,2024-01-18,achat,False,False,False,3,0.5511
AUDNZD,2024-01-29,vente,False,False,False,1,0.9383
AUDNZD,2024-01-29,vente,False,False,False,2,1.9383
AUDNZD,2024-01-29,vente,False,False,False,3,2.5
AUDNZD,2024-02-12,achat,False,True,False,1,0.4413
AUDNZD,2024-02-12,achat,False,True,False,2,0.4413
AUDNZD,2024-02-12,achat,False,True,False,3,0.4413
AUDNZD,2024-02-14,achat,False,True,False,1,0.9476
AUDNZD,2024-02-14,achat,False,True,False,2,-1.0524
AUDNZD,2024-02-14,achat,False,True,False,3,-1.0524
AUDNZD,2024-02-16,vente,False,False,False,1,0.9619
AUDNZD,2024-02-16,vente,False,False,False,2,1.0381
AUDNZD,2024-02-16,vente,False,False,False,3,1.0381
AUDNZD,2024-03-04,vente,False,False,False,1,-1.0687
AUDNZD,2024-03-04,vente,False,False,False,2,-1.0687
AUDNZD,2024-03-04,vente,False,False,False,3,-1.0687
AUDNZD,2024-03-14,vente,True,False,False,1,-1.1515
AUDNZD,2024-03-14,vente,True,False,False,2,-1.1515
AUDNZD,2024-03-14,vente,True,False,False,3,-1.1515
AUDNZD,2024-03-15,achat,True,False,False,1,0.9575
AUDNZD,2024-03-15,achat,True,False,False,2,1.0382
AUDNZD,2024-03-15,achat,True,False,False,3,1.0382
AUDNZD,2024-03-25,achat,False,True,False,1,-1.0654
AUDNZD,2024-03-25,achat,False,True,False,2,-1.0654
AUDNZD,2024-03-25,achat,False,True,False,3,-1.0654
AUDNZD,2024-04-09,vente,False,False,False,1,0.9048
AUDNZD,2024-04-09,vente,False,False,False,2,1.9048
AUDNZD,2024-04-09,vente,False,False,False,3,2.9048
AUDNZD,2024-04-12,vente,False,False,False,1,-1.0913
AUDNZD,2024-04-12,vente,False,False,False,2,-1.0913
AUDNZD,2024-04-12,vente,False,False,False,3,-1.0913
AUDNZD,2024-04-15,achat,False,True,False,1,-1.0717
AUDNZD,2024-04-15,achat,False,True,False,2,-1.0717
AUDNZD,2024-04-15,achat,False,True,False,3,-1.0717
AUDNZD,2024-04-16,vente,False,False,False,1,-0.3119
AUDNZD,2024-04-16,vente,False,False,False,2,-0.3119
AUDNZD,2024-04-16,vente,False,False,False,3,-0.3119
AUDNZD,2024-04-18,vente,False,True,False,1,0.8461
AUDNZD,2024-04-18,vente,False,True,False,2,1.8461
AUDNZD,2024-04-18,vente,False,True,False,3,-1.1539
AUDNZD,2024-04-19,achat,False,True,False,1,0.9516
AUDNZD,2024-04-19,achat,False,True,False,2,1.9516
AUDNZD,2024-04-19,achat,False,True,False,3,1.2082
AUDNZD,2024-04-30,achat,False,False,False,1,-0.3838
AUDNZD,2024-04-30,achat,False,False,False,2,-0.3838
AUDNZD,2024-04-30,achat,False,False,False,3,-0.3838
AUDNZD,2024-05-03,vente,True,False,False,1,-1.0617
AUDNZD,2024-05-03,vente,True,False,False,2,-1.0617
AUDNZD,2024-05-03,vente,True,False,False,3,-1.0617
AUDNZD,2024-05-07,vente,False,False,False,1,0.9564
AUDNZD,2024-05-07,vente,False,False,False,2,0.4684
AUDNZD,2024-05-07,vente,False,False,False,3,0.4684
AUDNZD,2024-05-13,achat,False,False,False,1,-1.0885
AUDNZD,2024-05-13,achat,False,False,False,2,-1.0885
AUDNZD,2024-05-13,achat,False,False,False,3,-1.0885
AUDNZD,2024-05-14,vente,True,False,False,1,0.9313
AUDNZD,2024-05-14,vente,True,False,False,2,1.9313
AUDNZD,2024-05-14,vente,True,False,False,3,1.8522
AUDNZD,2024-05-22,vente,False,False,False,1,0.3045
AUDNZD,2024-05-22,vente,False,False,False,2,0.3045
AUDNZD,2024-05-22,vente,False,False,False,3,0.3045
AUDNZD,2024-05-29,vente,False,False,False,1,-1.0647
AUDNZD,2024-05-29,vente,False,False,False,2,-1.0647
AUDNZD,2024-05-29,vente,False,False,False,3,-1.0647
AUDNZD,2024-05-30,achat,False,False,False,1,-1.0612
AUDNZD,2024-05-30,achat,False,False,False,2,-1.0612
AUDNZD,2024-05-30,achat,False,False,False,3,-1.0612
AUDNZD,2024-06-06,achat,True,False,False,1,-1.061
AUDNZD,2024-06-06,achat,True,False,False,2,-1.061
AUDNZD,2024-06-06,achat,True,False,False,3,-1.061
AUDNZD,2024-06-17,achat,True,False,False,1,0.9111
AUDNZD,2024-06-17,achat,True,False,False,2,1.9111
AUDNZD,2024-06-17,achat,True,False,False,3,2.9111
AUDNZD,2024-06-21,vente,False,True,False,1,-1.0498
AUDNZD,2024-06-21,vente,False,True,False,2,-1.0498
AUDNZD,2024-06-21,vente,False,True,False,3,-1.0498
AUDNZD,2024-06-26,achat,False,False,False,1,0.5049
AUDNZD,2024-06-26,achat,False,False,False,2,0.5049
AUDNZD,2024-06-26,achat,False,False,False,3,0.5049
AUDNZD,2024-07-03,achat,False,False,False,1,0.1893
AUDNZD,2024-07-03,achat,False,False,False,2,0.1893
AUDNZD,2024-07-03,achat,False,False,False,3,0.1893
AUDNZD,2024-07-05,vente,True,False,False,1,-1.0583
AUDNZD,2024-07-05,vente,True,False,False,2,-1.0583
AUDNZD,2024-07-05,vente,True,False,False,3,-1.0583
AUDNZD,2024-07-12,vente,False,True,False,1,-1.0536
AUDNZD,2024-07-12,vente,False,True,False,2,-1.0536
AUDNZD,2024-07-12,vente,False,True,False,3,-1.0536
AUDNZD,2024-07-16,vente,False,False,False,1,-0.4516
AUDNZD,2024-07-16,vente,False,False,False,2,-0.4516
AUDNZD,2024-07-16,vente,False,False,False,3,-0.4516
AUDNZD,2024-07-18,achat,False,False,False,1,0.2474
AUDNZD,2024-07-18,achat,False,False,False,2,0.2474
AUDNZD,2024-07-18,achat,False,False,False,3,0.2474
AUDNZD,2024-07-24,vente,False,True,False,1,0.9571
AUDNZD,2024-07-24,vente,False,True,False,2,-1.0429
AUDNZD,2024-07-24,vente,False,True,False,3,-1.0429
AUDNZD,2024-07-30,vente,False,True,False,1,0.972
AUDNZD,2024-07-30,vente,False,True,False,2,1.972
AUDNZD,2024-07-30,vente,False,True,False,3,2.1566
AUDNZD,2024-08-05,achat,False,False,False,1,0.2005
AUDNZD,2024-08-05,achat,False,False,False,2,0.2005
AUDNZD,2024-08-05,achat,False,False,False,3,0.2005
AUDNZD,2024-08-06,vente,True,False,False,1,-0.4683
AUDNZD,2024-08-06,vente,True,False,False,2,-0.4683
AUDNZD,2024-08-06,vente,True,False,False,3,-0.4683
AUDNZD,2024-08-08,achat,False,True,False,1,-0.5116
AUDNZD,2024-08-08,achat,False,True,False,2,-0.5116
AUDNZD,2024-08-08,achat,False,True,False,3,-0.5116
AUDNZD,2024-08-14,achat,False,False,False,1,0.075
AUDNZD,2024-08-14,achat,False,False,False,2,0.075
AUDNZD,2024-08-14,achat,False,False,False,3,0.075
AUDNZD,2024-08-27,vente,False,False,False,1,0.9594
AUDNZD,2024-08-27,vente,False,False,False,2,1.0243
AUDNZD,2024-08-27,vente,False,False,False,3,1.0243
AUDNZD,2024-09-02,achat,False,False,False,1,-1.0303
AUDNZD,2024-09-02,achat,False,False,False,2,-1.0303
AUDNZD,2024-09-02,achat,False,False,False,3,-1.0303
AUDNZD,2024-09-05,vente,False,True,False,1,0.2025
AUDNZD,2024-09-05,vente,False,True,False,2,0.2025
AUDNZD,2024-09-05,vente,False,True,False,3,0.2025
AUDNZD,2024-09-11,achat,False,False,False,1,0.1562
AUDNZD,2024-09-11,achat,False,False,False,2,0.1562
AUDNZD,2024-09-11,achat,False,False,False,3,0.1562
AUDNZD,2024-09-13,achat,False,False,False,1,0.9475
AUDNZD,2024-09-13,achat,False,False,False,2,0.2257
AUDNZD,2024-09-13,achat,False,False,False,3,0.2257
AUDNZD,2024-09-18,vente,False,False,False,1,-1.0744
AUDNZD,2024-09-18,vente,False,False,False,2,-1.0744
AUDNZD,2024-09-18,vente,False,False,False,3,-1.0744
AUDNZD,2024-09-19,achat,False,True,False,1,-1.0629
AUDNZD,2024-09-19,achat,False,True,False,2,-1.0629
AUDNZD,2024-09-19,achat,False,True,False,3,-1.0629
AUDNZD,2024-10-09,achat,True,False,False,1,-0.2997
AUDNZD,2024-10-09,achat,True,False,False,2,-0.2997
AUDNZD,2024-10-09,achat,True,False,False,3,-0.2997
AUDNZD,2024-10-17,achat,True,False,False,1,0.0
AUDNZD,2024-10-17,achat,True,False,False,2,0.0
AUDNZD,2024-10-17,achat,True,False,False,3,0.0
AUDNZD,2024-10-22,achat,False,False,False,1,-1.0669
AUDNZD,2024-10-22,achat,False,False,False,2,-1.0669
AUDNZD,2024-10-22,achat,False,False,False,3,-1.0669
AUDNZD,2024-10-28,vente,False,False,False,1,-0.3765
AUDNZD,2024-10-28,vente,False,False,False,2,-0.3765
AUDNZD,2024-10-28,vente,False,False,False,3,-0.3765
AUDNZD,2024-10-30,achat,False,False,False,1,0.2367
AUDNZD,2024-10-30,achat,False,False,False,2,0.2367
AUDNZD,2024-10-30,achat,False,False,False,3,0.2367
AUDNZD,2024-11-01,vente,False,False,False,1,-1.0606
AUDNZD,2024-11-01,vente,False,False,False,2,-1.0606
AUDNZD,2024-11-01,vente,False,False,False,3,-1.0606
AUDNZD,2024-11-08,vente,False,False,False,1,-0.25
AUDNZD,2024-11-08,vente,False,False,False,2,-0.25
AUDNZD,2024-11-08,vente,False,False,False,3,-0.25
AUDNZD,2024-11-25,vente,False,False,False,1,0.9585
AUDNZD,2024-11-25,vente,False,False,False,2,1.9585
AUDNZD,2024-11-25,vente,False,False,False,3,1.7677
AUDNZD,2024-11-29,vente,False,False,False,1,0.0478
AUDNZD,2024-11-29,vente,False,False,False,2,0.0478
AUDNZD,2024-11-29,vente,False,False,False,3,0.0478
AUDNZD,2024-12-03,achat,True,False,False,1,-1.0709
AUDNZD,2024-12-03,achat,True,False,False,2,-1.0709
AUDNZD,2024-12-03,achat,True,False,False,3,-1.0709
AUDNZD,2024-12-04,vente,False,False,False,1,-0.1929
AUDNZD,2024-12-04,vente,False,False,False,2,-0.1929
AUDNZD,2024-12-04,vente,False,False,False,3,-0.1929
AUDNZD,2024-12-09,achat,False,False,False,1,-1.058
AUDNZD,2024-12-09,achat,False,False,False,2,-1.058
AUDNZD,2024-12-09,achat,False,False,False,3,-1.058
AUDNZD,2024-12-18,achat,True,False,False,1,0.1608
AUDNZD,2024-12-18,achat,True,False,False,2,0.1608
AUDNZD,2024-12-18,achat,True,False,False,3,0.1608
AUDNZD,2024-12-26,achat,False,False,False,1,-1.0637
AUDNZD,2024-12-26,achat,False,False,False,2,-1.0637
AUDNZD,2024-12-26,achat,False,False,False,3,-1.0637
AUDNZD,2024-12-27,vente,False,False,False,1,-0.8347
AUDNZD,2024-12-27,vente,False,False,False,2,-0.8347
AUDNZD,2024-12-27,vente,False,False,False,3,-0.8347
AUDNZD,2024-12-31,achat,True,False,False,1,0.9499
AUDNZD,2024-12-31,achat,True,False,False,2,0.1253
AUDNZD,2024-12-31,achat,True,False,False,3,0.1253
AUDNZD,2025-01-08,achat,False,False,False,1,-1.045
AUDNZD,2025-01-08,achat,False,False,False,2,-1.045
AUDNZD,2025-01-08,achat,False,False,False,3,-1.045
AUDNZD,2025-01-15,achat,False,False,False,1,-1.042
AUDNZD,2025-01-15,achat,False,False,False,2,-1.042
AUDNZD,2025-01-15,achat,False,False,False,3,-1.042
AUDNZD,2025-01-17,achat,False,False,False,1,-1.0551
AUDNZD,2025-01-17,achat,False,False,False,2,-1.0551
AUDNZD,2025-01-17,achat,False,False,False,3,-1.0551
AUDNZD,2025-01-20,vente,False,False,False,1,-0.4724
AUDNZD,2025-01-20,vente,False,False,False,2,-0.4724
AUDNZD,2025-01-20,vente,False,False,False,3,-0.4724
AUDNZD,2025-02-03,achat,True,False,False,1,0.5636
AUDNZD,2025-02-03,achat,True,False,False,2,0.5636
AUDNZD,2025-02-03,achat,True,False,False,3,0.5636
AUDNZD,2025-02-06,achat,False,False,False,1,0.9568
AUDNZD,2025-02-06,achat,False,False,False,2,1.2138
AUDNZD,2025-02-06,achat,False,False,False,3,1.2138
AUDNZD,2025-02-13,vente,False,True,False,1,0.9222
AUDNZD,2025-02-13,vente,False,True,False,2,1.9222
AUDNZD,2025-02-13,vente,False,True,False,3,-0.5836
AUDNZD,2025-02-25,achat,False,False,False,1,-1.0746
AUDNZD,2025-02-25,achat,False,False,False,2,-1.0746
AUDNZD,2025-02-25,achat,False,False,False,3,-1.0746
AUDNZD,2025-03-03,vente,False,True,False,1,0.9433
AUDNZD,2025-03-03,vente,False,True,False,2,0.9462
AUDNZD,2025-03-03,vente,False,True,False,3,0.9462
AUDNZD,2025-03-10,vente,False,False,False,1,0.918
AUDNZD,2025-03-10,vente,False,False,False,2,0.0205
AUDNZD,2025-03-10,vente,False,False,False,3,0.0205
AUDNZD,2025-03-12,achat,True,False,False,1,-1.0619
AUDNZD,2025-03-12,achat,True,False,False,2,-1.0619
AUDNZD,2025-03-12,achat,True,False,False,3,-1.0619
AUDNZD,2025-03-20,achat,False,False,False,1,-1.0669
AUDNZD,2025-03-20,achat,False,False,False,2,-1.0669
AUDNZD,2025-03-20,achat,False,False,False,3,-1.0669
AUDNZD,2025-03-24,achat,False,False,False,1,0.1457
AUDNZD,2025-03-24,achat,False,False,False,2,0.1457
AUDNZD,2025-03-24,achat,False,False,False,3,0.1457
AUDNZD,2025-03-28,achat,False,False,False,1,-1.0536
AUDNZD,2025-03-28,achat,False,False,False,2,-1.0536
AUDNZD,2025-03-28,achat,False,False,False,3,-1.0536
AUDNZD,2025-04-02,vente,True,False,False,1,0.9734
AUDNZD,2025-04-02,vente,True,False,False,2,1.9734
AUDNZD,2025-04-02,vente,True,False,False,3,1.3928
AUDNZD,2025-04-08,vente,False,False,False,1,-1.0512
AUDNZD,2025-04-08,vente,False,False,False,2,-1.0512
AUDNZD,2025-04-08,vente,False,False,False,3,-1.0512
AUDNZD,2025-04-09,achat,True,False,False,1,-1.0171
AUDNZD,2025-04-09,achat,True,False,False,2,-1.0171
AUDNZD,2025-04-09,achat,True,False,False,3,-1.0171
AUDNZD,2025-04-25,achat,False,False,False,1,0.9531
AUDNZD,2025-04-25,achat,False,False,False,2,1.9531
AUDNZD,2025-04-25,achat,False,False,False,3,1.716
AUDNZD,2025-04-30,achat,True,False,False,1,0.9612
AUDNZD,2025-04-30,achat,True,False,False,2,0.7093
AUDNZD,2025-04-30,achat,True,False,False,3,0.7093
AUDNZD,2025-05-06,vente,False,False,False,1,-1.0576
AUDNZD,2025-05-06,vente,False,False,False,2,-1.0576
AUDNZD,2025-05-06,vente,False,False,False,3,-1.0576
AUDNZD,2025-05-15,achat,False,True,False,1,-1.0702
AUDNZD,2025-05-15,achat,False,True,False,2,-1.0702
AUDNZD,2025-05-15,achat,False,True,False,3,-1.0702
AUDNZD,2025-05-16,vente,False,False,False,1,0.9415
AUDNZD,2025-05-16,vente,False,False,False,2,1.9415
AUDNZD,2025-05-16,vente,False,False,False,3,1.117
AUDNZD,2025-05-28,vente,False,True,False,1,0.5307
AUDNZD,2025-05-28,vente,False,True,False,2,0.5307
AUDNZD,2025-05-28,vente,False,True,False,3,0.5307
AUDNZD,2025-05-30,achat,True,False,False,1,-1.0608
AUDNZD,2025-05-30,achat,True,False,False,2,-1.0608
AUDNZD,2025-05-30,achat,True,False,False,3,-1.0608
AUDNZD,2025-06-02,vente,False,False,False,1,-0.7422
AUDNZD,2025-06-02,vente,False,False,False,2,-0.7422
AUDNZD,2025-06-02,vente,False,False,False,3,-0.7422
AUDNZD,2025-06-09,vente,False,False,False,1,0.281
AUDNZD,2025-06-09,vente,False,False,False,2,0.281
AUDNZD,2025-06-09,vente,False,False,False,3,0.281
AUDNZD,2025-06-12,vente,False,False,False,1,-1.068
AUDNZD,2025-06-12,vente,False,False,False,2,-1.068
AUDNZD,2025-06-12,vente,False,False,False,3,-1.068
AUDNZD,2025-06-16,vente,False,False,False,1,-1.0548
AUDNZD,2025-06-16,vente,False,False,False,2,-1.0548
AUDNZD,2025-06-16,vente,False,False,False,3,-1.0548
AUDNZD,2025-06-23,vente,False,False,False,1,0.9458
AUDNZD,2025-06-23,vente,False,False,False,2,0.0027
AUDNZD,2025-06-23,vente,False,False,False,3,0.0027
AUDNZD,2025-07-02,achat,True,False,False,1,0.4307
AUDNZD,2025-07-02,achat,True,False,False,2,0.4307
AUDNZD,2025-07-02,achat,True,False,False,3,0.4307
AUDNZD,2025-07-04,vente,False,False,False,1,-1.0743
AUDNZD,2025-07-04,vente,False,False,False,2,-1.0743
AUDNZD,2025-07-04,vente,False,False,False,3,-1.0743
AUDNZD,2025-07-15,vente,False,False,False,1,-1.1081
AUDNZD,2025-07-15,vente,False,False,False,2,-1.1081
AUDNZD,2025-07-15,vente,False,False,False,3,-1.1081
AUDNZD,2025-07-16,achat,False,False,False,1,-1.0559
AUDNZD,2025-07-16,achat,False,False,False,2,-1.0559
AUDNZD,2025-07-16,achat,False,False,False,3,-1.0559
AUDNZD,2025-07-17,vente,True,False,False,1,0.9588
AUDNZD,2025-07-17,vente,True,False,False,2,0.1132
AUDNZD,2025-07-17,vente,True,False,False,3,0.1132
AUDNZD,2025-07-24,achat,False,False,False,1,-1.1026
AUDNZD,2025-07-24,achat,False,False,False,2,-1.1026
AUDNZD,2025-07-24,achat,False,False,False,3,-1.1026
AUDNZD,2025-07-25,vente,False,False,False,1,-1.0787
AUDNZD,2025-07-25,vente,False,False,False,2,-1.0787
AUDNZD,2025-07-25,vente,False,False,False,3,-1.0787
AUDNZD,2025-07-30,vente,False,False,False,1,-1.0658
AUDNZD,2025-07-30,vente,False,False,False,2,-1.0658
AUDNZD,2025-07-30,vente,False,False,False,3,-1.0658
AUDNZD,2025-08-07,vente,False,False,False,1,-1.0498
AUDNZD,2025-08-07,vente,False,False,False,2,-1.0498
AUDNZD,2025-08-07,vente,False,False,False,3,-1.0498
AUDNZD,2025-08-14,achat,False,False,False,1,-1.061
AUDNZD,2025-08-14,achat,False,False,False,2,-1.061
AUDNZD,2025-08-14,achat,False,False,False,3,-1.061
AUDNZD,2025-08-18,vente,True,False,False,1,0.9293
AUDNZD,2025-08-18,vente,True,False,False,2,-1.0707
AUDNZD,2025-08-18,vente,True,False,False,3,-1.0707
AUDNZD,2025-08-20,achat,False,False,False,1,0.3506
AUDNZD,2025-08-20,achat,False,False,False,2,0.3506
AUDNZD,2025-08-20,achat,False,False,False,3,0.3506
AUDNZD,2025-08-22,achat,False,False,False,1,0.9187
AUDNZD,2025-08-22,achat,False,False,False,2,-1.0813
AUDNZD,2025-08-22,achat,False,False,False,3,-1.0813
AUDNZD,2025-09-05,vente,False,True,False,1,0.9381
AUDNZD,2025-09-05,vente,False,True,False,2,-0.6594
AUDNZD,2025-09-05,vente,False,True,False,3,-0.6594
AUDNZD,2025-09-16,vente,False,False,False,1,0.9111
AUDNZD,2025-09-16,vente,False,False,False,2,1.9111
AUDNZD,2025-09-16,vente,False,False,False,3,-1.0889
AUDNZD,2025-09-17,achat,False,True,False,1,0.4007
AUDNZD,2025-09-17,achat,False,True,False,2,0.4007
AUDNZD,2025-09-17,achat,False,True,False,3,0.4007
AUDNZD,2025-09-23,achat,True,False,False,1,0.9367
AUDNZD,2025-09-23,achat,True,False,False,2,1.9367
AUDNZD,2025-09-23,achat,True,False,False,3,2.1772
AUDNZD,2025-09-29,achat,False,False,False,1,-1.0421
AUDNZD,2025-09-29,achat,False,False,False,2,-1.0421
AUDNZD,2025-09-29,achat,False,False,False,3,-1.0421
AUDNZD,2025-10-01,vente,False,False,False,1,0.957
AUDNZD,2025-10-01,vente,False,False,False,2,0.7118
AUDNZD,2025-10-01,vente,False,False,False,3,0.7118
AUDNZD,2025-10-10,vente,False,False,False,1,-0.7044
AUDNZD,2025-10-10,vente,False,False,False,2,-0.7044
AUDNZD,2025-10-10,vente,False,False,False,3,-0.7044
AUDNZD,2025-10-16,vente,False,True,False,1,0.1739
AUDNZD,2025-10-16,vente,False,True,False,2,0.1739
AUDNZD,2025-10-16,vente,False,True,False,3,0.1739
AUDNZD,2025-10-21,vente,False,True,False,1,-0.4606
AUDNZD,2025-10-21,vente,False,True,False,2,-0.4606
AUDNZD,2025-10-21,vente,False,True,False,3,-0.4606
AUDNZD,2025-11-06,achat,True,False,False,1,0.9123
AUDNZD,2025-11-06,achat,True,False,False,2,1.9123
AUDNZD,2025-11-06,achat,True,False,False,3,2.9123
AUDNZD,2025-11-11,vente,False,False,False,1,-1.0442
AUDNZD,2025-11-11,vente,False,False,False,2,-1.0442
AUDNZD,2025-11-11,vente,False,False,False,3,-1.0442
AUDNZD,2025-11-14,vente,False,False,False,1,0.9648
AUDNZD,2025-11-14,vente,False,False,False,2,-1.0352
AUDNZD,2025-11-14,vente,False,False,False,3,-1.0352
AUDNZD,2025-11-25,vente,False,False,False,1,0.9338
AUDNZD,2025-11-25,vente,False,False,False,2,1.9338
AUDNZD,2025-11-25,vente,False,False,False,3,2.9338
AUDNZD,2025-12-04,achat,False,False,False,1,0.3015
AUDNZD,2025-12-04,achat,False,False,False,2,0.3015
AUDNZD,2025-12-04,achat,False,False,False,3,0.3015
AUDNZD,2025-12-09,achat,False,False,False,1,-0.6558
AUDNZD,2025-12-09,achat,False,False,False,2,-0.6558
AUDNZD,2025-12-09,achat,False,False,False,3,-0.6558
AUDNZD,2025-12-15,achat,False,False,False,1,-1.0557
AUDNZD,2025-12-15,achat,False,False,False,2,-1.0557
AUDNZD,2025-12-15,achat,False,False,False,3,-1.0557
AUDNZD,2026-01-06,achat,False,False,False,1,0.1444
AUDNZD,2026-01-06,achat,False,False,False,2,0.1444
AUDNZD,2026-01-06,achat,False,False,False,3,0.1444
AUDNZD,2026-01-08,achat,False,True,False,1,-1.0733
AUDNZD,2026-01-08,achat,False,True,False,2,-1.0733
AUDNZD,2026-01-08,achat,False,True,False,3,-1.0733
AUDNZD,2026-01-12,vente,False,False,False,1,-1.0367
AUDNZD,2026-01-12,vente,False,False,False,2,-1.0367
AUDNZD,2026-01-12,vente,False,False,False,3,-1.0367
AUDNZD,2026-01-15,achat,False,True,False,1,-1.0482
AUDNZD,2026-01-15,achat,False,True,False,2,-1.0482
AUDNZD,2026-01-15,achat,False,True,False,3,-1.0482
AUDNZD,2026-01-16,vente,False,False,False,1,0.9628
AUDNZD,2026-01-16,vente,False,False,False,2,0.7937
AUDNZD,2026-01-16,vente,False,False,False,3,0.7937
AUDNZD,2026-01-23,achat,False,False,False,1,-1.0612
AUDNZD,2026-01-23,achat,False,False,False,2,-1.0612
AUDNZD,2026-01-23,achat,False,False,False,3,-1.0612
AUDNZD,2026-01-27,achat,False,False,False,1,0.9403
AUDNZD,2026-01-27,achat,False,False,False,2,-1.0597
AUDNZD,2026-01-27,achat,False,False,False,3,-1.0597
AUDNZD,2026-01-29,vente,False,True,False,1,0.9593
AUDNZD,2026-01-29,vente,False,True,False,2,-0.5234
AUDNZD,2026-01-29,vente,False,True,False,3,-0.5234
AUDNZD,2026-02-17,vente,True,False,False,1,-1.098
AUDNZD,2026-02-17,vente,True,False,False,2,-1.098
AUDNZD,2026-02-17,vente,True,False,False,3,-1.098
AUDNZD,2026-02-18,achat,False,False,False,1,0.3703
AUDNZD,2026-02-18,achat,False,False,False,2,0.3703
AUDNZD,2026-02-18,achat,False,False,False,3,0.3703
AUDNZD,2026-02-24,vente,False,True,False,1,-1.083
AUDNZD,2026-02-24,vente,False,True,False,2,-1.083
AUDNZD,2026-02-24,vente,False,True,False,3,-1.083
AUDNZD,2026-02-25,achat,False,False,False,1,0.9613
AUDNZD,2026-02-25,achat,False,False,False,2,1.5067
AUDNZD,2026-02-25,achat,False,False,False,3,1.5067
AUDNZD,2026-02-27,vente,False,True,False,1,-1.0513
AUDNZD,2026-02-27,vente,False,True,False,2,-1.0513
AUDNZD,2026-02-27,vente,False,True,False,3,-1.0513
AUDNZD,2026-03-02,achat,False,False,False,1,-0.5675
AUDNZD,2026-03-02,achat,False,False,False,2,-0.5675
AUDNZD,2026-03-02,achat,False,False,False,3,-0.5675
AUDNZD,2026-03-04,vente,False,False,False,1,0.9502
AUDNZD,2026-03-04,vente,False,False,False,2,-0.2637
AUDNZD,2026-03-04,vente,False,False,False,3,-0.2637
AUDNZD,2026-03-17,achat,False,False,False,1,-1.0259
AUDNZD,2026-03-17,achat,False,False,False,2,-1.0259
AUDNZD,2026-03-17,achat,False,False,False,3,-1.0259
AUDNZD,2026-03-25,vente,True,False,False,1,0.9559
AUDNZD,2026-03-25,vente,True,False,False,2,-1.0441
AUDNZD,2026-03-25,vente,True,False,False,3,-1.0441
AUDNZD,2026-03-27,achat,False,False,False,1,0.9265
AUDNZD,2026-03-27,achat,False,False,False,2,1.9265
AUDNZD,2026-03-27,achat,False,False,False,3,2.9265
AUDNZD,2026-04-07,achat,False,False,False,1,-1.0237
AUDNZD,2026-04-07,achat,False,False,False,2,-1.0237
AUDNZD,2026-04-07,achat,False,False,False,3,-1.0237
AUDNZD,2026-04-08,vente,False,False,False,1,-0.0772
AUDNZD,2026-04-08,vente,False,False,False,2,-0.0772
AUDNZD,2026-04-08,vente,False,False,False,3,-0.0772
AUDNZD,2026-04-15,achat,False,False,False,1,0.1041
AUDNZD,2026-04-15,achat,False,False,False,2,0.1041
AUDNZD,2026-04-15,achat,False,False,False,3,0.1041
AUDNZD,2026-04-20,vente,False,False,False,1,0.9588
AUDNZD,2026-04-20,vente,False,False,False,2,-0.7202
AUDNZD,2026-04-20,vente,False,False,False,3,-0.7202
AUDNZD,2026-04-23,achat,False,True,False,1,0.3548
AUDNZD,2026-04-23,achat,False,True,False,2,0.3548
AUDNZD,2026-04-23,achat,False,True,False,3,0.3548
AUDNZD,2026-04-28,achat,False,False,False,1,0.1488
AUDNZD,2026-04-28,achat,False,False,False,2,0.1488
AUDNZD,2026-04-28,achat,False,False,False,3,0.1488
AUDNZD,2026-05-01,achat,False,False,False,1,-1.0608
AUDNZD,2026-05-01,achat,False,False,False,2,-1.0608
AUDNZD,2026-05-01,achat,False,False,False,3,-1.0608
AUDNZD,2026-05-11,vente,False,False,False,1,-1.0599
AUDNZD,2026-05-11,vente,False,False,False,2,-1.0599
AUDNZD,2026-05-11,vente,False,False,False,3,-1.0599
AUDNZD,2026-05-12,achat,False,True,False,1,0.9455
AUDNZD,2026-05-12,achat,False,True,False,2,1.9455
AUDNZD,2026-05-12,achat,False,True,False,3,2.1962
AUDNZD,2026-05-15,achat,False,False,False,1,-1.0538
AUDNZD,2026-05-15,achat,False,False,False,2,-1.0538
AUDNZD,2026-05-15,achat,False,False,False,3,-1.0538
AUDNZD,2026-05-21,vente,False,False,False,1,-1.0583
AUDNZD,2026-05-21,vente,False,False,False,2,-1.0583
AUDNZD,2026-05-21,vente,False,False,False,3,-1.0583
AUDNZD,2026-05-27,vente,False,False,False,1,0.1917
AUDNZD,2026-05-27,vente,False,False,False,2,0.1917
AUDNZD,2026-05-27,vente,False,False,False,3,0.1917
AUDNZD,2026-06-01,achat,True,False,False,1,0.9716
AUDNZD,2026-06-01,achat,True,False,False,2,1.0839
AUDNZD,2026-06-01,achat,True,False,False,3,1.0839
AUDNZD,2026-06-05,achat,False,True,False,1,-1.0725
AUDNZD,2026-06-05,achat,False,True,False,2,-1.0725
AUDNZD,2026-06-05,achat,False,True,False,3,-1.0725
AUDNZD,2026-06-08,vente,False,False,False,1,0.9451
AUDNZD,2026-06-08,vente,False,False,False,2,1.9451
AUDNZD,2026-06-08,vente,False,False,False,3,1.2198
AUDNZD,2026-06-15,achat,False,False,False,1,0.9654
AUDNZD,2026-06-15,achat,False,False,False,2,0.8166
AUDNZD,2026-06-15,achat,False,False,False,3,0.8166
AUDNZD,2026-06-17,achat,False,True,False,1,0.9574
AUDNZD,2026-06-17,achat,False,True,False,2,1.9574
AUDNZD,2026-06-17,achat,False,True,False,3,1.9234
AUDNZD,2026-06-23,vente,True,False,False,1,-0.4365
AUDNZD,2026-06-23,vente,True,False,False,2,-0.4365
AUDNZD,2026-06-23,vente,True,False,False,3,-0.4365
AUDNZD,2026-06-29,vente,True,False,False,1,0.961
AUDNZD,2026-06-29,vente,True,False,False,2,0.5458
AUDNZD,2026-06-29,vente,True,False,False,3,0.5458
AUDNZD,2026-07-01,vente,False,False,False,1,-1.0488
AUDNZD,2026-07-01,vente,False,False,False,2,-1.0488
AUDNZD,2026-07-01,vente,False,False,False,3,-1.0488
AUDNZD,2026-07-13,vente,False,False,False,1,0.9659
AUDNZD,2026-07-13,vente,False,False,False,2,0.3561
AUDNZD,2026-07-13,vente,False,False,False,3,0.3561
AUDNZD,2026-07-27,achat,False,False,False,1,-1.0309
AUDNZD,2026-07-27,achat,False,False,False,2,-1.0309
AUDNZD,2026-07-27,achat,False,False,False,3,-1.0309
AUDNZD,2026-08-04,achat,False,False,False,1,-0.0804
AUDNZD,2026-08-04,achat,False,False,False,2,-0.0804
AUDNZD,2026-08-04,achat,False,False,False,3,-0.0804
AUDNZD,2026-08-07,achat,False,False,False,1,-1.0752
AUDNZD,2026-08-07,achat,False,False,False,2,-1.0752
AUDNZD,2026-08-07,achat,False,False,False,3,-1.0752
AUDNZD,2026-08-10,vente,True,False,False,1,0.9251
AUDNZD,2026-08-10,vente,True,False,False,2,-1.0749
AUDNZD,2026-08-10,vente,True,False,False,3,-1.0749
AUDNZD,2026-08-11,achat,False,False,False,1,0.9733
AUDNZD,2026-08-11,achat,False,False,False,2,0.0293
AUDNZD,2026-08-11,achat,False,False,False,3,0.0293
AUDNZD,2026-08-14,vente,False,False,False,1,-1.0391
AUDNZD,2026-08-14,vente,False,False,False,2,-1.0391
AUDNZD,2026-08-14,vente,False,False,False,3,-1.0391
AUDNZD,2026-08-19,vente,False,False,False,1,0.0833
AUDNZD,2026-08-19,vente,False,False,False,2,0.0833
AUDNZD,2026-08-19,vente,False,False,False,3,0.0833
AUDNZD,2026-08-26,achat,True,False,False,1,0.3427
AUDNZD,2026-08-26,achat,True,False,False,2,0.3427
AUDNZD,2026-08-26,achat,True,False,False,3,0.3427
AUDNZD,2026-09-04,achat,False,False,False,1,0.9505
AUDNZD,2026-09-04,achat,False,False,False,2,1.9505
AUDNZD,2026-09-04,achat,False,False,False,3,2.9505
AUDNZD,2026-09-22,vente,True,False,False,1,0.9708
AUDNZD,2026-09-22,vente,True,False,False,2,0.1857
AUDNZD,2026-09-22,vente,True,False,False,3,0.1857
AUDNZD,2026-09-25,achat,False,True,False,1,-1.0503
AUDNZD,2026-09-25,achat,False,True,False,2,-1.0503
AUDNZD,2026-09-25,achat,False,True,False,3,-1.0503
EURAUD,2023-12-19,vente,False,False,False,1,0.963
EURAUD,2023-12-19,vente,False,False,False,2,0.8928
EURAUD,2023-12-19,vente,False,False,False,3,0.8928
EURAUD,2023-12-27,achat,False,True,False,1,0.9723
EURAUD,2023-12-27,achat,False,True,False,2,-0.0125
EURAUD,2023-12-27,achat,False,True,False,3,-0.0125
EURAUD,2023-12-29,vente,False,False,False,1,-0.2142
EURAUD,2023-12-29,vente,False,False,False,2,-0.2142
EURAUD,2023-12-29,vente,False,False,False,3,-0.2142
EURAUD,2024-01-03,achat,False,False,False,1,0.9663
EURAUD,2024-01-03,achat,False,False,False,2,1.9663
EURAUD,2024-01-03,achat,False,False,False,3,1.3064
EURAUD,2024-01-15,achat,False,True,False,1,0.9817
EURAUD,2024-01-15,achat,False,True,False,2,0.6654
EURAUD,2024-01-15,achat,False,True,False,3,0.6654
EURAUD,2024-01-22,achat,True,False,False,1,-1.0284
EURAUD,2024-01-22,achat,True,False,False,2,-1.0284
EURAUD,2024-01-22,achat,True,False,False,3,-1.0284
EURAUD,2024-01-23,vente,False,False,False,1,-1.028
EURAUD,2024-01-23,vente,False,False,False,2,-1.028
EURAUD,2024-01-23,vente,False,False,False,3,-1.028
EURAUD,2024-01-25,vente,False,False,False,1,0.979
EURAUD,2024-01-25,vente,False,False,False,2,0.3421
EURAUD,2024-01-25,vente,False,False,False,3,0.3421
EURAUD,2024-01-29,vente,True,False,False,1,-1.0172
EURAUD,2024-01-29,vente,True,False,False,2,-1.0172
EURAUD,2024-01-29,vente,True,False,False,3,-1.0172
EURAUD,2024-02-06,vente,False,False,False,1,-1.019
EURAUD,2024-02-06,vente,False,False,False,2,-1.019
EURAUD,2024-02-06,vente,False,False,False,3,-1.019
EURAUD,2024-02-09,vente,False,True,False,1,-1.0238
EURAUD,2024-02-09,vente,False,True,False,2,-1.0238
EURAUD,2024-02-09,vente,False,True,False,3,-1.0238
EURAUD,2024-02-13,achat,True,False,False,1,-1.0185
EURAUD,2024-02-13,achat,True,False,False,2,-1.0185
EURAUD,2024-02-13,achat,True,False,False,3,-1.0185
EURAUD,2024-02-20,vente,True,False,False,1,0.8693
EURAUD,2024-02-20,vente,True,False,False,2,1.8693
EURAUD,2024-02-20,vente,True,False,False,3,-1.1307
EURAUD,2024-02-21,achat,False,False,False,1,0.9658
EURAUD,2024-02-21,achat,False,False,False,2,1.3835
EURAUD,2024-02-21,achat,False,False,False,3,1.3835
EURAUD,2024-02-26,achat,True,False,False,1,0.281
EURAUD,2024-02-26,achat,True,False,False,2,0.281
EURAUD,2024-02-26,achat,True,False,False,3,0.281
EURAUD,2024-02-28,achat,False,False,False,1,-0.0774
EURAUD,2024-02-28,achat,False,False,False,2,-0.0774
EURAUD,2024-02-28,achat,False,False,False,3,-0.0774
EURAUD,2024-03-04,achat,False,False,False,1,-1.0223
EURAUD,2024-03-04,achat,False,False,False,2,-1.0223
EURAUD,2024-03-04,achat,False,False,False,3,-1.0223
EURAUD,2024-03-06,vente,False,False,False,1,0.9827
EURAUD,2024-03-06,vente,False,False,False,2,0.6245
EURAUD,2024-03-06,vente,False,False,False,3,0.6245
EURAUD,2024-03-13,vente,False,False,False,1,-1.0641
EURAUD,2024-03-13,vente,False,False,False,2,-1.0641
EURAUD,2024-03-13,vente,False,False,False,3,-1.0641
EURAUD,2024-03-14,achat,True,False,False,1,0.9499
EURAUD,2024-03-14,achat,True,False,False,2,1.9499
EURAUD,2024-03-14,achat,True,False,False,3,2.9499
EURAUD,2024-03-19,achat,False,False,False,1,-1.0244
EURAUD,2024-03-19,achat,False,False,False,2,-1.0244
EURAUD,2024-03-19,achat,False,False,False,3,-1.0244
EURAUD,2024-03-20,vente,False,False,False,1,0.9763
EURAUD,2024-03-20,vente,False,False,False,2,-0.0308
EURAUD,2024-03-20,vente,False,False,False,3,-0.0308
EURAUD,2024-03-22,achat,True,False,False,1,-0.1462
EURAUD,2024-03-22,achat,True,False,False,2,-0.1462
EURAUD,2024-03-22,achat,True,False,False,3,-0.1462
EURAUD,2024-03-28,vente,False,True,False,1,0.9719
EURAUD,2024-03-28,vente,False,True,False,2,0.3034
EURAUD,2024-03-28,vente,False,True,False,3,0.3034
EURAUD,2024-04-01,achat,True,False,False,1,-1.0441
EURAUD,2024-04-01,achat,True,False,False,2,-1.0441
EURAUD,2024-04-01,achat,True,False,False,3,-1.0441
EURAUD,2024-04-08,vente,True,False,False,1,0.9684
EURAUD,2024-04-08,vente,True,False,False,2,-1.0316
EURAUD,2024-04-08,vente,True,False,False,3,-1.0316
EURAUD,2024-04-10,achat,False,True,False,1,-0.1045
EURAUD,2024-04-10,achat,False,True,False,2,-0.1045
EURAUD,2024-04-10,achat,False,True,False,3,-0.1045
EURAUD,2024-04-19,achat,False,False,False,1,-1.061
EURAUD,2024-04-19,achat,False,False,False,2,-1.061
EURAUD,2024-04-19,achat,False,False,False,3,-1.061
EURAUD,2024-04-22,vente,False,False,False,1,0.975
EURAUD,2024-04-22,vente,False,False,False,2,0.799
EURAUD,2024-04-22,vente,False,False,False,3,0.799
EURAUD,2024-04-30,achat,False,False,False,1,-1.013
EURAUD,2024-04-30,achat,False,False,False,2,-1.013
EURAUD,2024-04-30,achat,False,False,False,3,-1.013
EURAUD,2024-05-07,achat,False,False,False,1,-0.0729
EURAUD,2024-05-07,achat,False,False,False,2,-0.0729
EURAUD,2024-05-07,achat,False,False,False,3,-0.0729
EURAUD,2024-05-09,vente,False,True,False,1,-1.0314
EURAUD,2024-05-09,vente,False,True,False,2,-1.0314
EURAUD,2024-05-09,vente,False,True,False,3,-1.0314
EURAUD,2024-05-15,vente,False,False,False,1,-0.3077
EURAUD,2024-05-15,vente,False,False,False,2,-0.3077
EURAUD,2024-05-15,vente,False,False,False,3,-0.3077
EURAUD,2024-05-17,vente,False,False,False,1,-1.0285
EURAUD,2024-05-17,vente,False,False,False,2,-1.0285
EURAUD,2024-05-17,vente,False,False,False,3,-1.0285
EURAUD,2024-05-20,achat,False,False,False,1,0.9708
EURAUD,2024-05-20,achat,False,False,False,2,1.4402
EURAUD,2024-05-20,achat,False,False,False,3,1.4402
EURAUD,2024-05-31,vente,False,False,False,1,-1.0438
EURAUD,2024-05-31,vente,False,False,False,2,-1.0438
EURAUD,2024-05-31,vente,False,False,False,3,-1.0438
EURAUD,2024-06-04,achat,False,False,False,1,0.3167
EURAUD,2024-06-04,achat,False,False,False,2,0.3167
EURAUD,2024-06-04,achat,False,False,False,3,0.3167
EURAUD,2024-06-07,achat,False,False,False,1,-1.0202
EURAUD,2024-06-07,achat,False,False,False,2,-1.0202
EURAUD,2024-06-07,achat,False,False,False,3,-1.0202
EURAUD,2024-06-10,vente,False,True,False,1,0.9802
EURAUD,2024-06-10,vente,False,True,False,2,0.9435
EURAUD,2024-06-10,vente,False,True,False,3,0.9435
EURAUD,2024-06-17,achat,False,False,False,1,-1.0335
EURAUD,2024-06-17,achat,False,False,False,2,-1.0335
EURAUD,2024-06-17,achat,False,False,False,3,-1.0335
EURAUD,2024-06-18,vente,True,False,False,1,0.1754
EURAUD,2024-06-18,vente,True,False,False,2,0.1754
EURAUD,2024-06-18,vente,True,False,False,3,0.1754
EURAUD,2024-06-28,vente,False,True,False,1,-1.0244
EURAUD,2024-06-28,vente,False,True,False,2,-1.0244
EURAUD,2024-06-28,vente,False,True,False,3,-1.0244
EURAUD,2024-07-01,achat,False,False,False,1,-1.0362
EURAUD,2024-07-01,achat,False,False,False,2,-1.0362
EURAUD,2024-07-01,achat,False,False,False,3,-1.0362
EURAUD,2024-07-09,vente,False,False,False,1,-1.0476
EURAUD,2024-07-09,vente,False,False,False,2,-1.0476
EURAUD,2024-07-09,vente,False,False,False,3,-1.0476
EURAUD,2024-08-01,achat,False,False,False,1,0.9853
EURAUD,2024-08-01,achat,False,False,False,2,1.9853
EURAUD,2024-08-01,achat,False,False,False,3,2.9853
EURAUD,2024-08-06,vente,False,True,False,1,0.9806
EURAUD,2024-08-06,vente,False,True,False,2,1.9806
EURAUD,2024-08-06,vente,False,True,False,3,1.6093
EURAUD,2024-08-14,achat,False,False,False,1,-1.0137
EURAUD,2024-08-14,achat,False,False,False,2,-1.0137
EURAUD,2024-08-14,achat,False,False,False,3,-1.0137
EURAUD,2024-08-23,vente,False,False,False,1,0.6164
EURAUD,2024-08-23,vente,False,False,False,2,0.6164
EURAUD,2024-08-23,vente,False,False,False,3,0.6164
EURAUD,2024-09-03,achat,False,False,False,1,0.988
EURAUD,2024-09-03,achat,False,False,False,2,0.9289
EURAUD,2024-09-03,achat,False,False,False,3,0.9289
EURAUD,2024-09-06,achat,False,False,False,1,-0.6835
EURAUD,2024-09-06,achat,False,False,False,2,-0.6835
EURAUD,2024-09-06,achat,False,False,False,3,-0.6835
EURAUD,2024-09-13,achat,False,False,False,1,-1.0351
EURAUD,2024-09-13,achat,False,False,False,2,-1.0351
EURAUD,2024-09-13,achat,False,False,False,3,-1.0351
EURAUD,2024-09-23,vente,False,True,False,1,0.3212
EURAUD,2024-09-23,vente,False,True,False,2,0.3212
EURAUD,2024-09-23,vente,False,True,False,3,0.3212
EURAUD,2024-09-25,achat,False,False,False,1,-1.0161
EURAUD,2024-09-25,achat,False,False,False,2,-1.0161
EURAUD,2024-09-25,achat,False,False,False,3,-1.0161
EURAUD,2024-10-03,achat,False,False,False,1,0.9739
EURAUD,2024-10-03,achat,False,False,False,2,1.9739
EURAUD,2024-10-03,achat,False,False,False,3,2.9739
EURAUD,2024-10-10,vente,False,False,False,1,-1.0255
EURAUD,2024-10-10,vente,False,False,False,2,-1.0255
EURAUD,2024-10-10,vente,False,False,False,3,-1.0255
EURAUD,2024-10-15,achat,False,False,False,1,-1.0191
EURAUD,2024-10-15,achat,False,False,False,2,-1.0191
EURAUD,2024-10-15,achat,False,False,False,3,-1.0191
EURAUD,2024-10-22,vente,True,False,False,1,-1.0192
EURAUD,2024-10-22,vente,True,False,False,2,-1.0192
EURAUD,2024-10-22,vente,True,False,False,3,-1.0192
EURAUD,2024-11-01,vente,False,False,False,1,0.9734
EURAUD,2024-11-01,vente,False,False,False,2,1.9734
EURAUD,2024-11-01,vente,False,False,False,3,2.9734
EURAUD,2024-11-05,vente,False,False,False,1,0.9711
EURAUD,2024-11-05,vente,False,False,False,2,1.9711
EURAUD,2024-11-05,vente,False,False,False,3,2.9711
EURAUD,2024-11-25,achat,True,False,False,1,0.4223
EURAUD,2024-11-25,achat,True,False,False,2,0.4223
EURAUD,2024-11-25,achat,True,False,False,3,0.4223
EURAUD,2024-12-03,vente,True,False,False,1,-1.0412
EURAUD,2024-12-03,vente,True,False,False,2,-1.0412
EURAUD,2024-12-03,vente,True,False,False,3,-1.0412
EURAUD,2024-12-04,achat,False,False,False,1,0.9869
EURAUD,2024-12-04,achat,False,False,False,2,0.3148
EURAUD,2024-12-04,achat,False,False,False,3,0.3148
EURAUD,2024-12-10,achat,False,True,False,1,-1.0154
EURAUD,2024-12-10,achat,False,True,False,2,-1.0154
EURAUD,2024-12-10,achat,False,True,False,3,-1.0154
EURAUD,2024-12-13,achat,False,False,False,1,0.9767
EURAUD,2024-12-13,achat,False,False,False,2,1.9767
EURAUD,2024-12-13,achat,False,False,False,3,2.0861
EURAUD,2024-12-17,achat,True,False,False,1,0.9711
EURAUD,2024-12-17,achat,True,False,False,2,1.9711
EURAUD,2024-12-17,achat,True,False,False,3,1.7974
EURAUD,2024-12-30,vente,True,False,False,1,-1.0501
EURAUD,2024-12-30,vente,True,False,False,2,-1.0501
EURAUD,2024-12-30,vente,True,False,False,3,-1.0501
EURAUD,2025-01-13,vente,False,False,False,1,-1.0253
EURAUD,2025-01-13,vente,False,False,False,2,-1.0253
EURAUD,2025-01-13,vente,False,False,False,3,-1.0253
EURAUD,2025-01-14,achat,False,False,False,1,-1.0172
EURAUD,2025-01-14,achat,False,False,False,2,-1.0172
EURAUD,2025-01-14,achat,False,False,False,3,-1.0172
EURAUD,2025-01-15,vente,False,False,False,1,-0.5219
EURAUD,2025-01-15,vente,False,False,False,2,-0.5219
EURAUD,2025-01-15,vente,False,False,False,3,-0.5219
EURAUD,2025-01-24,achat,True,False,False,1,0.9815
EURAUD,2025-01-24,achat,True,False,False,2,0.765
EURAUD,2025-01-24,achat,True,False,False,3,0.765
EURAUD,2025-01-31,vente,True,False,False,1,-1.0269
EURAUD,2025-01-31,vente,True,False,False,2,-1.0269
EURAUD,2025-01-31,vente,True,False,False,3,-1.0269
EURAUD,2025-02-14,vente,False,False,False,1,0.9688
EURAUD,2025-02-14,vente,False,False,False,2,1.2106
EURAUD,2025-02-14,vente,False,False,False,3,1.2106
EURAUD,2025-02-21,achat,False,True,False,1,0.9728
EURAUD,2025-02-21,achat,False,True,False,2,1.9728
EURAUD,2025-02-21,achat,False,True,False,3,2.3365
EURAUD,2025-03-12,vente,False,True,False,1,0.5445
EURAUD,2025-03-12,vente,False,True,False,2,0.5445
EURAUD,2025-03-12,vente,False,True,False,3,0.5445
EURAUD,2025-03-14,vente,False,False,False,1,0.9803
EURAUD,2025-03-14,vente,False,False,False,2,0.4877
EURAUD,2025-03-14,vente,False,False,False,3,0.4877
EURAUD,2025-03-20,achat,False,True,False,1,-1.0259
EURAUD,2025-03-20,achat,False,True,False,2,-1.0259
EURAUD,2025-03-20,achat,False,True,False,3,-1.0259
EURAUD,2025-03-24,vente,True,False,False,1,0.9706
EURAUD,2025-03-24,vente,True,False,False,2,1.9706
EURAUD,2025-03-24,vente,True,False,False,3,0.5794
EURAUD,2025-03-27,achat,False,False,False,1,0.9783
EURAUD,2025-03-27,achat,False,False,False,2,1.9783
EURAUD,2025-03-27,achat,False,False,False,3,0.2383
EURAUD,2025-04-01,vente,False,True,False,1,-1.0099
EURAUD,2025-04-01,vente,False,True,False,2,-1.0099
EURAUD,2025-04-01,vente,False,True,False,3,-1.0099
EURAUD,2025-04-02,achat,False,True,False,1,0.9933
EURAUD,2025-04-02,achat,False,True,False,2,1.9933
EURAUD,2025-04-02,achat,False,True,False,3,2.9933
EURAUD,2025-04-08,achat,False,False,False,1,-1.0041
EURAUD,2025-04-08,achat,False,False,False,2,-1.0041
EURAUD,2025-04-08,achat,False,False,False,3,-1.0041
EURAUD,2025-04-09,vente,False,False,False,1,-0.1249
EURAUD,2025-04-09,vente,False,False,False,2,-0.1249
EURAUD,2025-04-09,vente,False,False,False,3,-0.1249
EURAUD,2025-04-17,vente,False,False,False,1,-1.0135
EURAUD,2025-04-17,vente,False,False,False,2,-1.0135
EURAUD,2025-04-17,vente,False,False,False,3,-1.0135
EURAUD,2025-04-22,vente,True,False,False,1,0.2064
EURAUD,2025-04-22,vente,True,False,False,2,0.2064
EURAUD,2025-04-22,vente,True,False,False,3,0.2064
EURAUD,2025-04-29,achat,False,False,False,1,-1.0149
EURAUD,2025-04-29,achat,False,False,False,2,-1.0149
EURAUD,2025-04-29,achat,False,False,False,3,-1.0149
EURAUD,2025-04-30,vente,False,True,False,1,0.6725
EURAUD,2025-04-30,vente,False,True,False,2,0.6725
EURAUD,2025-04-30,vente,False,True,False,3,0.6725
EURAUD,2025-05-02,vente,False,False,False,1,-0.2967
EURAUD,2025-05-02,vente,False,False,False,2,-0.2967
EURAUD,2025-05-02,vente,False,False,False,3,-0.2967
EURAUD,2025-05-07,achat,False,False,False,1,-1.0127
EURAUD,2025-05-07,achat,False,False,False,2,-1.0127
EURAUD,2025-05-07,achat,False,False,False,3,-1.0127
EURAUD,2025-05-20,achat,False,True,False,1,-0.4175
EURAUD,2025-05-20,achat,False,True,False,2,-0.4175
EURAUD,2025-05-20,achat,False,True,False,3,-0.4175
EURAUD,2025-05-28,vente,False,True,False,1,-1.0128
EURAUD,2025-05-28,vente,False,True,False,2,-1.0128
EURAUD,2025-05-28,vente,False,True,False,3,-1.0128
EURAUD,2025-05-29,achat,True,False,False,1,-0.2595
EURAUD,2025-05-29,achat,True,False,False,2,-0.2595
EURAUD,2025-05-29,achat,True,False,False,3,-0.2595
EURAUD,2025-06-03,vente,False,False,False,1,0.5925
EURAUD,2025-06-03,vente,False,False,False,2,0.5925
EURAUD,2025-06-03,vente,False,False,False,3,0.5925
EURAUD,2025-06-11,achat,True,False,False,1,0.9886
EURAUD,2025-06-11,achat,True,False,False,2,0.3178
EURAUD,2025-06-11,achat,True,False,False,3,0.3178
EURAUD,2025-06-16,vente,False,False,False,1,0.9762
EURAUD,2025-06-16,vente,False,False,False,2,-0.1049
EURAUD,2025-06-16,vente,False,False,False,3,-0.1049
EURAUD,2025-06-19,achat,False,True,False,1,0.9835
EURAUD,2025-06-19,achat,False,True,False,2,1.9835
EURAUD,2025-06-19,achat,False,True,False,3,1.047
EURAUD,2025-06-25,achat,False,False,False,1,0.0415
EURAUD,2025-06-25,achat,False,False,False,2,0.0415
EURAUD,2025-06-25,achat,False,False,False,3,0.0415
EURAUD,2025-06-26,vente,False,False,False,1,-1.0236
EURAUD,2025-06-26,vente,False,False,False,2,-1.0236
EURAUD,2025-06-26,vente,False,False,False,3,-1.0236
EURAUD,2025-06-27,achat,False,False,False,1,-0.1558
EURAUD,2025-06-27,achat,False,False,False,2,-0.1558
EURAUD,2025-06-27,achat,False,False,False,3,-0.1558
EURAUD,2025-07-04,achat,False,True,False,1,0.9777
EURAUD,2025-07-04,achat,False,True,False,2,-0.1515
EURAUD,2025-07-04,achat,False,True,False,3,-0.1515
EURAUD,2025-07-08,vente,False,False,False,1,0.974
EURAUD,2025-07-08,vente,False,False,False,2,1.974
EURAUD,2025-07-08,vente,False,False,False,3,2.974
EURAUD,2025-07-16,achat,True,False,False,1,0.9724
EURAUD,2025-07-16,achat,True,False,False,2,1.0566
EURAUD,2025-07-16,achat,True,False,False,3,1.0566
EURAUD,2025-07-21,achat,False,False,False,1,-1.0274
EURAUD,2025-07-21,achat,False,False,False,2,-1.0274
EURAUD,2025-07-21,achat,False,False,False,3,-1.0274
EURAUD,2025-07-25,achat,False,False,False,1,-1.0317
EURAUD,2025-07-25,achat,False,False,False,2,-1.0317
EURAUD,2025-07-25,achat,False,False,False,3,-1.0317
EURAUD,2025-07-28,vente,False,False,False,1,0.0535
EURAUD,2025-07-28,vente,False,False,False,2,0.0535
EURAUD,2025-07-28,vente,False,False,False,3,0.0535
EURAUD,2025-07-31,achat,False,False,False,1,0.9807
EURAUD,2025-07-31,achat,False,False,False,2,1.1438
EURAUD,2025-07-31,achat,False,False,False,3,1.1438
EURAUD,2025-08-06,achat,False,False,False,1,-1.0157
EURAUD,2025-08-06,achat,False,False,False,2,-1.0157
EURAUD,2025-08-06,achat,False,False,False,3,-1.0157
EURAUD,2025-08-12,achat,False,False,False,1,0.9744
EURAUD,2025-08-12,achat,False,False,False,2,1.2698
EURAUD,2025-08-12,achat,False,False,False,3,1.2698
EURAUD,2025-08-14,achat,False,False,False,1,0.9801
EURAUD,2025-08-14,achat,False,False,False,2,1.0516
EURAUD,2025-08-14,achat,False,False,False,3,1.0516
EURAUD,2025-08-19,achat,False,False,False,1,0.9796
EURAUD,2025-08-19,achat,False,False,False,2,0.0859
EURAUD,2025-08-19,achat,False,False,False,3,0.0859
EURAUD,2025-09-02,vente,False,False,False,1,-0.2326
EURAUD,2025-09-02,vente,False,False,False,2,-0.2326
EURAUD,2025-09-02,vente,False,False,False,3,-0.2326
EURAUD,2025-09-04,achat,False,False,False,1,-1.0258
EURAUD,2025-09-04,achat,False,False,False,2,-1.0258
EURAUD,2025-09-04,achat,False,False,False,3,-1.0258
EURAUD,2025-09-22,achat,False,False,False,1,-1.0206
EURAUD,2025-09-22,achat,False,False,False,2,-1.0206
EURAUD,2025-09-22,achat,False,False,False,3,-1.0206
EURAUD,2025-09-24,vente,False,False,False,1,-0.0698
EURAUD,2025-09-24,vente,False,False,False,2,-0.0698
EURAUD,2025-09-24,vente,False,False,False,3,-0.0698
EURAUD,2025-10-02,achat,False,False,False,1,-1.0399
EURAUD,2025-10-02,achat,False,False,False,2,-1.0399
EURAUD,2025-10-02,achat,False,False,False,3,-1.0399
EURAUD,2025-10-06,vente,True,False,False,1,0.9741
EURAUD,2025-10-06,vente,True,False,False,2,0.8679
EURAUD,2025-10-06,vente,True,False,False,3,0.8679
EURAUD,2025-10-08,vente,False,False,False,1,0.9676
EURAUD,2025-10-08,vente,False,False,False,2,-1.0324
EURAUD,2025-10-08,vente,False,False,False,3,-1.0324
EURAUD,2025-10-10,achat,False,True,False,1,-0.1519
EURAUD,2025-10-10,achat,False,True,False,2,-0.1519
EURAUD,2025-10-10,achat,False,True,False,3,-0.1519
EURAUD,2025-10-14,achat,False,False,False,1,0.9873
EURAUD,2025-10-14,achat,False,False,False,2,0.3263
EURAUD,2025-10-14,achat,False,False,False,3,0.3263
EURAUD,2025-10-23,vente,False,True,False,1,0.971
EURAUD,2025-10-23,vente,False,True,False,2,1.971
EURAUD,2025-10-23,vente,False,True,False,3,1.8624
EURAUD,2025-10-27,vente,False,False,False,1,0.9652
EURAUD,2025-10-27,vente,False,False,False,2,1.9652
EURAUD,2025-10-27,vente,False,False,False,3,2.9652
EURAUD,2025-11-06,achat,False,False,False,1,-0.4144
EURAUD,2025-11-06,achat,False,False,False,2,-0.4144
EURAUD,2025-11-06,achat,False,False,False,3,-0.4144
EURAUD,2025-11-13,achat,False,True,False,1,-0.1408
EURAUD,2025-11-13,achat,False,True,False,2,-0.1408
EURAUD,2025-11-13,achat,False,True,False,3,-0.1408
EURAUD,2025-11-17,achat,True,False,False,1,-1.0216
EURAUD,2025-11-17,achat,True,False,False,2,-1.0216
EURAUD,2025-11-17,achat,True,False,False,3,-1.0216
EURAUD,2025-11-20,achat,True,False,False,1,-0.0912
EURAUD,2025-11-20,achat,True,False,False,2,-0.0912
EURAUD,2025-11-20,achat,True,False,False,3,-0.0912
EURAUD,2025-11-26,vente,False,True,False,1,0.3835
EURAUD,2025-11-26,vente,False,True,False,2,0.3835
EURAUD,2025-11-26,vente,False,True,False,3,0.3835
EURAUD,2025-12-02,vente,True,False,False,1,0.9686
EURAUD,2025-12-02,vente,True,False,False,2,1.9686
EURAUD,2025-12-02,vente,True,False,False,3,2.4843
EURAUD,2025-12-09,vente,False,True,False,1,-1.0177
EURAUD,2025-12-09,vente,False,True,False,2,-1.0177
EURAUD,2025-12-09,vente,False,True,False,3,-1.0177
EURAUD,2025-12-26,vente,False,False,False,1,-1.038
EURAUD,2025-12-26,vente,False,False,False,2,-1.038
EURAUD,2025-12-26,vente,False,False,False,3,-1.038
EURAUD,2025-12-29,achat,True,False,False,1,0.1221
EURAUD,2025-12-29,achat,True,False,False,2,0.1221
EURAUD,2025-12-29,achat,True,False,False,3,0.1221
EURAUD,2025-12-31,achat,True,False,False,1,-1.026
EURAUD,2025-12-31,achat,True,False,False,2,-1.026
EURAUD,2025-12-31,achat,True,False,False,3,-1.026
EURAUD,2026-01-12,achat,False,True,False,1,-1.0707
EURAUD,2026-01-12,achat,False,True,False,2,-1.0707
EURAUD,2026-01-12,achat,False,True,False,3,-1.0707
EURAUD,2026-01-15,vente,False,False,False,1,-1.0147
EURAUD,2026-01-15,vente,False,False,False,2,-1.0147
EURAUD,2026-01-15,vente,False,False,False,3,-1.0147
EURAUD,2026-01-19,vente,False,True,False,1,-1.0368
EURAUD,2026-01-19,vente,False,True,False,2,-1.0368
EURAUD,2026-01-19,vente,False,True,False,3,-1.0368
EURAUD,2026-01-20,achat,False,False,False,1,-1.0168
EURAUD,2026-01-20,achat,False,False,False,2,-1.0168
EURAUD,2026-01-20,achat,False,False,False,3,-1.0168
EURAUD,2026-01-21,vente,False,False,False,1,0.986
EURAUD,2026-01-21,vente,False,False,False,2,0.7306
EURAUD,2026-01-21,vente,False,False,False,3,0.7306
EURAUD,2026-01-28,vente,False,False,False,1,0.3302
EURAUD,2026-01-28,vente,False,False,False,2,0.3302
EURAUD,2026-01-28,vente,False,False,False,3,0.3302
EURAUD,2026-02-06,vente,False,False,False,1,0.7109
EURAUD,2026-02-06,vente,False,False,False,2,0.7109
EURAUD,2026-02-06,vente,False,False,False,3,0.7109
EURAUD,2026-02-11,vente,False,False,False,1,-1.0137
EURAUD,2026-02-11,vente,False,False,False,2,-1.0137
EURAUD,2026-02-11,vente,False,False,False,3,-1.0137
EURAUD,2026-02-16,vente,False,False,False,1,-1.0588
EURAUD,2026-02-16,vente,False,False,False,2,-1.0588
EURAUD,2026-02-16,vente,False,False,False,3,-1.0588
EURAUD,2026-02-19,vente,True,False,False,1,-1.0282
EURAUD,2026-02-19,vente,True,False,False,2,-1.0282
EURAUD,2026-02-19,vente,True,False,False,3,-1.0282
EURAUD,2026-02-23,achat,False,True,False,1,-1.0288
EURAUD,2026-02-23,achat,False,True,False,2,-1.0288
EURAUD,2026-02-23,achat,False,True,False,3,-1.0288
EURAUD,2026-03-04,vente,False,False,False,1,0.0378
EURAUD,2026-03-04,vente,False,False,False,2,0.0378
EURAUD,2026-03-04,vente,False,False,False,3,0.0378
EURAUD,2026-03-05,achat,False,False,False,1,-1.0149
EURAUD,2026-03-05,achat,False,False,False,2,-1.0149
EURAUD,2026-03-05,achat,False,False,False,3,-1.0149
EURAUD,2026-03-18,achat,False,False,False,1,0.9822
EURAUD,2026-03-18,achat,False,False,False,2,1.9822
EURAUD,2026-03-18,achat,False,False,False,3,2.278
EURAUD,2026-04-01,achat,False,False,False,1,-1.0284
EURAUD,2026-04-01,achat,False,False,False,2,-1.0284
EURAUD,2026-04-01,achat,False,False,False,3,-1.0284
EURAUD,2026-04-02,vente,False,False,False,1,0.9781
EURAUD,2026-04-02,vente,False,False,False,2,1.9781
EURAUD,2026-04-02,vente,False,False,False,3,2.0044
EURAUD,2026-04-06,vente,False,False,False,1,0.9408
EURAUD,2026-04-06,vente,False,False,False,2,1.9408
EURAUD,2026-04-06,vente,False,False,False,3,2.9408
EURAUD,2026-04-10,achat,True,False,False,1,-1.021
EURAUD,2026-04-10,achat,True,False,False,2,-1.021
EURAUD,2026-04-10,achat,True,False,False,3,-1.021
EURAUD,2026-04-17,vente,False,False,False,1,0.9653
EURAUD,2026-04-17,vente,False,False,False,2,0.8802
EURAUD,2026-04-17,vente,False,False,False,3,0.8802
EURAUD,2026-04-27,vente,False,True,False,1,-1.0222
EURAUD,2026-04-27,vente,False,True,False,2,-1.0222
EURAUD,2026-04-27,vente,False,True,False,3,-1.0222
EURAUD,2026-04-30,vente,False,False,False,1,0.1992
EURAUD,2026-04-30,vente,False,False,False,2,0.1992
EURAUD,2026-04-30,vente,False,False,False,3,0.1992
EURAUD,2026-05-04,achat,True,False,False,1,0.9593
EURAUD,2026-05-04,achat,True,False,False,2,-1.0407
EURAUD,2026-05-04,achat,True,False,False,3,-1.0407
EURAUD,2026-05-05,vente,False,True,False,1,0.0188
EURAUD,2026-05-05,vente,False,True,False,2,0.0188
EURAUD,2026-05-05,vente,False,True,False,3,0.0188
EURAUD,2026-05-07,achat,False,False,False,1,-1.0248
EURAUD,2026-05-07,achat,False,False,False,2,-1.0248
EURAUD,2026-05-07,achat,False,False,False,3,-1.0248
EURAUD,2026-05-19,achat,True,False,False,1,-1.0222
EURAUD,2026-05-19,achat,True,False,False,2,-1.0222
EURAUD,2026-05-19,achat,True,False,False,3,-1.0222
EURAUD,2026-05-22,achat,True,False,False,1,-1.0714
EURAUD,2026-05-22,achat,True,False,False,2,-1.0714
EURAUD,2026-05-22,achat,True,False,False,3,-1.0714
EURAUD,2026-05-25,vente,True,False,False,1,-1.0528
EURAUD,2026-05-25,vente,True,False,False,2,-1.0528
EURAUD,2026-05-25,vente,True,False,False,3,-1.0528
EURAUD,2026-05-27,achat,False,False,False,1,-1.0244
EURAUD,2026-05-27,achat,False,False,False,2,-1.0244
EURAUD,2026-05-27,achat,False,False,False,3,-1.0244
EURAUD,2026-06-02,vente,True,False,False,1,-1.0327
EURAUD,2026-06-02,vente,True,False,False,2,-1.0327
EURAUD,2026-06-02,vente,True,False,False,3,-1.0327
EURAUD,2026-06-03,achat,False,False,False,1,0.9767
EURAUD,2026-06-03,achat,False,False,False,2,1.1921
EURAUD,2026-06-03,achat,False,False,False,3,1.1921
EURAUD,2026-06-16,achat,False,True,False,1,-1.0361
EURAUD,2026-06-16,achat,False,True,False,2,-1.0361
EURAUD,2026-06-16,achat,False,True,False,3,-1.0361
EURAUD,2026-06-22,vente,False,True,False,1,-1.0529
EURAUD,2026-06-22,vente,False,True,False,2,-1.0529
EURAUD,2026-06-22,vente,False,True,False,3,-1.0529
EURAUD,2026-06-23,achat,False,False,False,1,0.341
EURAUD,2026-06-23,achat,False,False,False,2,0.341
EURAUD,2026-06-23,achat,False,False,False,3,0.341
EURAUD,2026-07-03,vente,False,False,False,1,0.0874
EURAUD,2026-07-03,vente,False,False,False,2,0.0874
EURAUD,2026-07-03,vente,False,False,False,3,0.0874
EURAUD,2026-07-10,vente,True,False,False,1,0.9737
EURAUD,2026-07-10,vente,True,False,False,2,0.5671
EURAUD,2026-07-10,vente,True,False,False,3,0.5671
EURAUD,2026-07-14,vente,False,False,False,1,-0.0515
EURAUD,2026-07-14,vente,False,False,False,2,-0.0515
EURAUD,2026-07-14,vente,False,False,False,3,-0.0515
EURAUD,2026-07-17,achat,False,False,False,1,-1.0567
EURAUD,2026-07-17,achat,False,False,False,2,-1.0567
EURAUD,2026-07-17,achat,False,False,False,3,-1.0567
EURAUD,2026-07-20,vente,False,True,False,1,-0.3037
EURAUD,2026-07-20,vente,False,True,False,2,-0.3037
EURAUD,2026-07-20,vente,False,True,False,3,-0.3037
EURAUD,2026-07-22,achat,True,False,False,1,-1.0304
EURAUD,2026-07-22,achat,True,False,False,2,-1.0304
EURAUD,2026-07-22,achat,True,False,False,3,-1.0304
EURAUD,2026-07-24,vente,False,False,False,1,-1.037
EURAUD,2026-07-24,vente,False,False,False,2,-1.037
EURAUD,2026-07-24,vente,False,False,False,3,-1.037
EURAUD,2026-07-28,achat,True,False,False,1,0.9724
EURAUD,2026-07-28,achat,True,False,False,2,1.9724
EURAUD,2026-07-28,achat,True,False,False,3,1.1478
EURAUD,2026-08-04,vente,False,False,False,1,0.1698
EURAUD,2026-08-04,vente,False,False,False,2,0.1698
EURAUD,2026-08-04,vente,False,False,False,3,0.1698
EURAUD,2026-08-07,vente,False,False,False,1,0.4669
EURAUD,2026-08-07,vente,False,False,False,2,0.4669
EURAUD,2026-08-07,vente,False,False,False,3,0.4669
EURAUD,2026-08-11,vente,False,True,False,1,0.1921
EURAUD,2026-08-11,vente,False,True,False,2,0.1921
EURAUD,2026-08-11,vente,False,True,False,3,0.1921
EURAUD,2026-08-18,achat,True,False,False,1,0.9758
EURAUD,2026-08-18,achat,True,False,False,2,-0.8345
EURAUD,2026-08-18,achat,True,False,False,3,-0.8345
EURAUD,2026-08-21,vente,False,False,False,1,0.3489
EURAUD,2026-08-21,vente,False,False,False,2,0.3489
EURAUD,2026-08-21,vente,False,False,False,3,0.3489
EURAUD,2026-09-02,vente,True,False,False,1,0.9758
EURAUD,2026-09-02,vente,True,False,False,2,0.8269
EURAUD,2026-09-02,vente,True,False,False,3,0.8269
EURAUD,2026-09-23,achat,False,False,False,1,0.2257
EURAUD,2026-09-23,achat,False,False,False,2,0.2257
EURAUD,2026-09-23,achat,False,False,False,3,0.2257
EURCAD,2023-12-20,vente,False,True,False,1,-1.0639
EURCAD,2023-12-20,vente,False,True,False,2,-1.0639
EURCAD,2023-12-20,vente,False,True,False,3,-1.0639
EURCAD,2023-12-22,vente,False,True,False,1,0.9471
EURCAD,2023-12-22,vente,False,True,False,2,-1.0529
EURCAD,2023-12-22,vente,False,True,False,3,-1.0529
EURCAD,2023-12-27,achat,False,False,False,1,-0.4264
EURCAD,2023-12-27,achat,False,False,False,2,-0.4264
EURCAD,2023-12-27,achat,False,False,False,3,-0.4264
EURCAD,2024-01-15,achat,False,False,False,1,-1.0512
EURCAD,2024-01-15,achat,False,False,False,2,-1.0512
EURCAD,2024-01-15,achat,False,False,False,3,-1.0512
EURCAD,2024-01-16,vente,True,False,False,1,0.7414
EURCAD,2024-01-16,vente,True,False,False,2,0.7414
EURCAD,2024-01-16,vente,True,False,False,3,0.7414
EURCAD,2024-01-18,vente,False,False,False,1,0.9474
EURCAD,2024-01-18,vente,False,False,False,2,1.9474
EURCAD,2024-01-18,vente,False,False,False,3,1.6158
EURCAD,2024-01-23,vente,False,False,False,1,-1.0233
EURCAD,2024-01-23,vente,False,False,False,2,-1.0233
EURCAD,2024-01-23,vente,False,False,False,3,-1.0233
EURCAD,2024-01-24,achat,False,True,False,1,-1.0173
EURCAD,2024-01-24,achat,False,True,False,2,-1.0173
EURCAD,2024-01-24,achat,False,True,False,3,-1.0173
EURCAD,2024-01-31,vente,False,False,False,1,-0.5864
EURCAD,2024-01-31,vente,False,False,False,2,-0.5864
EURCAD,2024-01-31,vente,False,False,False,3,-0.5864
EURCAD,2024-02-01,achat,True,False,False,1,-1.0355
EURCAD,2024-02-01,achat,True,False,False,2,-1.0355
EURCAD,2024-02-01,achat,True,False,False,3,-1.0355
EURCAD,2024-02-06,vente,False,False,False,1,0.9507
EURCAD,2024-02-06,vente,False,False,False,2,0.0394
EURCAD,2024-02-06,vente,False,False,False,3,0.0394
EURCAD,2024-02-15,vente,False,False,False,1,-1.0354
EURCAD,2024-02-15,vente,False,False,False,2,-1.0354
EURCAD,2024-02-15,vente,False,False,False,3,-1.0354
EURCAD,2024-02-23,achat,False,False,False,1,0.9478
EURCAD,2024-02-23,achat,False,False,False,2,1.9478
EURCAD,2024-02-23,achat,False,False,False,3,2.6868
EURCAD,2024-02-29,vente,True,False,False,1,-1.0231
EURCAD,2024-02-29,vente,True,False,False,2,-1.0231
EURCAD,2024-02-29,vente,True,False,False,3,-1.0231
EURCAD,2024-03-06,vente,False,False,False,1,0.9644
EURCAD,2024-03-06,vente,False,False,False,2,-0.1441
EURCAD,2024-03-06,vente,False,False,False,3,-0.1441
EURCAD,2024-03-11,vente,True,False,False,1,-0.0776
EURCAD,2024-03-11,vente,True,False,False,2,-0.0776
EURCAD,2024-03-11,vente,True,False,False,3,-0.0776
EURCAD,2024-03-14,vente,True,False,False,1,0.8953
EURCAD,2024-03-14,vente,True,False,False,2,-1.1047
EURCAD,2024-03-14,vente,True,False,False,3,-1.1047
EURCAD,2024-03-18,vente,True,False,False,1,-1.0382
EURCAD,2024-03-18,vente,True,False,False,2,-1.0382
EURCAD,2024-03-18,vente,True,False,False,3,-1.0382
EURCAD,2024-03-19,achat,False,False,False,1,-1.0501
EURCAD,2024-03-19,achat,False,False,False,2,-1.0501
EURCAD,2024-03-19,achat,False,False,False,3,-1.0501
EURCAD,2024-03-26,vente,True,False,False,1,0.9363
EURCAD,2024-03-26,vente,True,False,False,2,1.9363
EURCAD,2024-03-26,vente,True,False,False,3,2.9363
EURCAD,2024-04-01,vente,False,True,False,1,-1.0365
EURCAD,2024-04-01,vente,False,True,False,2,-1.0365
EURCAD,2024-04-01,vente,False,True,False,3,-1.0365
EURCAD,2024-04-02,achat,False,False,False,1,0.9694
EURCAD,2024-04-02,achat,False,False,False,2,1.9694
EURCAD,2024-04-02,achat,False,False,False,3,1.7829
EURCAD,2024-04-18,vente,False,False,False,1,0.9549
EURCAD,2024-04-18,vente,False,False,False,2,0.7246
EURCAD,2024-04-18,vente,False,False,False,3,0.7246
EURCAD,2024-05-02,vente,False,False,False,1,-1.0416
EURCAD,2024-05-02,vente,False,False,False,2,-1.0416
EURCAD,2024-05-02,vente,False,False,False,3,-1.0416
EURCAD,2024-05-03,achat,False,False,False,1,0.3627
EURCAD,2024-05-03,achat,False,False,False,2,0.3627
EURCAD,2024-05-03,achat,False,False,False,3,0.3627
EURCAD,2024-05-07,achat,False,False,False,1,-1.0386
EURCAD,2024-05-07,achat,False,False,False,2,-1.0386
EURCAD,2024-05-07,achat,False,False,False,3,-1.0386
EURCAD,2024-05-21,achat,False,False,False,1,0.9145
EURCAD,2024-05-21,achat,False,False,False,2,1.9145
EURCAD,2024-05-21,achat,False,False,False,3,2.9145
EURCAD,2024-05-31,vente,False,False,False,1,-1.0317
EURCAD,2024-05-31,vente,False,False,False,2,-1.0317
EURCAD,2024-05-31,vente,False,False,False,3,-1.0317
EURCAD,2024-06-03,achat,True,False,False,1,0.198
EURCAD,2024-06-03,achat,True,False,False,2,0.198
EURCAD,2024-06-03,achat,True,False,False,3,0.198
EURCAD,2024-06-07,vente,False,False,False,1,0.956
EURCAD,2024-06-07,vente,False,False,False,2,1.956
EURCAD,2024-06-07,vente,False,False,False,3,0.5736
EURCAD,2024-06-12,achat,True,False,False,1,-1.0255
EURCAD,2024-06-12,achat,True,False,False,2,-1.0255
EURCAD,2024-06-12,achat,True,False,False,3,-1.0255
EURCAD,2024-06-13,vente,False,True,False,1,0.2415
EURCAD,2024-06-13,vente,False,True,False,2,0.2415
EURCAD,2024-06-13,vente,False,True,False,3,0.2415
EURCAD,2024-06-24,achat,False,True,False,1,-1.0797
EURCAD,2024-06-24,achat,False,True,False,2,-1.0797
EURCAD,2024-06-24,achat,False,True,False,3,-1.0797
EURCAD,2024-06-25,vente,False,False,False,1,0.9375
EURCAD,2024-06-25,vente,False,False,False,2,-1.0625
EURCAD,2024-06-25,vente,False,False,False,3,-1.0625
EURCAD,2024-07-01,achat,False,False,False,1,-0.45
EURCAD,2024-07-01,achat,False,False,False,2,-0.45
EURCAD,2024-07-01,achat,False,False,False,3,-0.45
EURCAD,2024-07-17,achat,False,True,False,1,0.2653
EURCAD,2024-07-17,achat,False,True,False,2,0.2653
EURCAD,2024-07-17,achat,False,True,False,3,0.2653
EURCAD,2024-08-12,achat,True,False,False,1,0.963
EURCAD,2024-08-12,achat,True,False,False,2,1.963
EURCAD,2024-08-12,achat,True,False,False,3,0.7296
EURCAD,2024-08-15,vente,False,True,False,1,-1.0504
EURCAD,2024-08-15,vente,False,True,False,2,-1.0504
EURCAD,2024-08-15,vente,False,True,False,3,-1.0504
EURCAD,2024-09-09,vente,False,False,False,1,-1.0274
EURCAD,2024-09-09,vente,False,False,False,2,-1.0274
EURCAD,2024-09-09,vente,False,False,False,3,-1.0274
EURCAD,2024-09-11,vente,False,False,False,1,-1.0253
EURCAD,2024-09-11,vente,False,False,False,2,-1.0253
EURCAD,2024-09-11,vente,False,False,False,3,-1.0253
EURCAD,2024-09-12,achat,False,False,False,1,0.981
EURCAD,2024-09-12,achat,False,False,False,2,0.7412
EURCAD,2024-09-12,achat,False,False,False,3,0.7412
EURCAD,2024-09-18,achat,False,True,False,1,-1.0847
EURCAD,2024-09-18,achat,False,True,False,2,-1.0847
EURCAD,2024-09-18,achat,False,True,False,3,-1.0847
EURCAD,2024-09-23,vente,False,True,False,1,-0.2949
EURCAD,2024-09-23,vente,False,True,False,2,-0.2949
EURCAD,2024-09-23,vente,False,True,False,3,-0.2949
EURCAD,2024-09-26,achat,True,False,False,1,0.974
EURCAD,2024-09-26,achat,True,False,False,2,-1.026
EURCAD,2024-09-26,achat,True,False,False,3,-1.026
EURCAD,2024-09-30,vente,False,False,False,1,0.979
EURCAD,2024-09-30,vente,False,False,False,2,1.1145
EURCAD,2024-09-30,vente,False,False,False,3,1.1145
EURCAD,2024-10-03,achat,False,True,False,1,-1.0379
EURCAD,2024-10-03,achat,False,True,False,2,-1.0379
EURCAD,2024-10-03,achat,False,True,False,3,-1.0379
EURCAD,2024-10-04,vente,False,False,False,1,-1.0269
EURCAD,2024-10-04,vente,False,False,False,2,-1.0269
EURCAD,2024-10-04,vente,False,False,False,3,-1.0269
EURCAD,2024-10-15,vente,False,False,False,1,0.0329
EURCAD,2024-10-15,vente,False,False,False,2,0.0329
EURCAD,2024-10-15,vente,False,False,False,3,0.0329
EURCAD,2024-10-24,achat,False,True,False,1,0.5153
EURCAD,2024-10-24,achat,False,True,False,2,0.5153
EURCAD,2024-10-24,achat,False,True,False,3,0.5153
EURCAD,2024-10-28,achat,True,False,False,1,-1.0485
EURCAD,2024-10-28,achat,True,False,False,2,-1.0485
EURCAD,2024-10-28,achat,True,False,False,3,-1.0485
EURCAD,2024-11-06,vente,False,True,False,1,0.742
EURCAD,2024-11-06,vente,False,True,False,2,0.742
EURCAD,2024-11-06,vente,False,True,False,3,0.742
EURCAD,2024-11-08,vente,True,False,False,1,0.9774
EURCAD,2024-11-08,vente,True,False,False,2,1.3767
EURCAD,2024-11-08,vente,True,False,False,3,1.3767
EURCAD,2024-11-19,vente,False,True,False,1,0.9656
EURCAD,2024-11-19,vente,False,True,False,2,1.9656
EURCAD,2024-11-19,vente,False,True,False,3,2.9656
EURCAD,2024-11-25,achat,False,False,False,1,0.4507
EURCAD,2024-11-25,achat,False,False,False,2,0.4507
EURCAD,2024-11-25,achat,False,False,False,3,0.4507
EURCAD,2024-12-02,vente,False,False,False,1,-1.0525
EURCAD,2024-12-02,vente,False,False,False,2,-1.0525
EURCAD,2024-12-02,vente,False,False,False,3,-1.0525
EURCAD,2024-12-03,achat,False,False,False,1,0.9688
EURCAD,2024-12-03,achat,False,False,False,2,1.9688
EURCAD,2024-12-03,achat,False,False,False,3,2.6978
EURCAD,2024-12-10,vente,False,False,False,1,0.9596
EURCAD,2024-12-10,vente,False,False,False,2,1.9596
EURCAD,2024-12-10,vente,False,False,False,3,-0.4384
EURCAD,2024-12-18,vente,False,False,False,1,0.1186
EURCAD,2024-12-18,vente,False,False,False,2,0.1186
EURCAD,2024-12-18,vente,False,False,False,3,0.1186
EURCAD,2024-12-20,achat,False,False,False,1,-1.0261
EURCAD,2024-12-20,achat,False,False,False,2,-1.0261
EURCAD,2024-12-20,achat,False,False,False,3,-1.0261
EURCAD,2024-12-30,vente,False,False,False,1,0.9816
EURCAD,2024-12-30,vente,False,False,False,2,1.2941
EURCAD,2024-12-30,vente,False,False,False,3,1.2941
EURCAD,2025-01-03,achat,True,False,False,1,-0.5177
EURCAD,2025-01-03,achat,True,False,False,2,-0.5177
EURCAD,2025-01-03,achat,True,False,False,3,-0.5177
EURCAD,2025-01-07,vente,False,False,False,1,0.9716
EURCAD,2025-01-07,vente,False,False,False,2,1.1747
EURCAD,2025-01-07,vente,False,False,False,3,1.1747
EURCAD,2025-01-10,vente,False,True,False,1,0.977
EURCAD,2025-01-10,vente,False,True,False,2,0.2915
EURCAD,2025-01-10,vente,False,True,False,3,0.2915
EURCAD,2025-01-14,achat,False,False,False,1,0.9712
EURCAD,2025-01-14,achat,False,False,False,2,1.0994
EURCAD,2025-01-14,achat,False,False,False,3,1.0994
EURCAD,2025-01-16,achat,True,False,False,1,0.9773
EURCAD,2025-01-16,achat,True,False,False,2,1.9773
EURCAD,2025-01-16,achat,True,False,False,3,1.0716
EURCAD,2025-01-24,achat,False,False,False,1,-0.4954
EURCAD,2025-01-24,achat,False,False,False,2,-0.4954
EURCAD,2025-01-24,achat,False,False,False,3,-0.4954
EURCAD,2025-01-30,achat,False,False,False,1,-1.02
EURCAD,2025-01-30,achat,False,False,False,2,-1.02
EURCAD,2025-01-30,achat,False,False,False,3,-1.02
EURCAD,2025-02-06,vente,False,False,False,1,0.965
EURCAD,2025-02-06,vente,False,False,False,2,1.965
EURCAD,2025-02-06,vente,False,False,False,3,0.8599
EURCAD,2025-02-11,achat,True,False,False,1,0.9623
EURCAD,2025-02-11,achat,True,False,False,2,1.3509
EURCAD,2025-02-11,achat,True,False,False,3,1.3509
EURCAD,2025-02-14,achat,False,False,False,1,-1.0305
EURCAD,2025-02-14,achat,False,False,False,2,-1.0305
EURCAD,2025-02-14,achat,False,False,False,3,-1.0305
EURCAD,2025-02-24,achat,False,True,False,1,0.9706
EURCAD,2025-02-24,achat,False,True,False,2,1.9706
EURCAD,2025-02-24,achat,False,True,False,3,1.163
EURCAD,2025-03-03,achat,True,False,False,1,0.9898
EURCAD,2025-03-03,achat,True,False,False,2,1.1262
EURCAD,2025-03-03,achat,True,False,False,3,1.1262
EURCAD,2025-03-07,achat,False,False,False,1,0.9874
EURCAD,2025-03-07,achat,False,False,False,2,0.3471
EURCAD,2025-03-07,achat,False,False,False,3,0.3471
EURCAD,2025-03-12,vente,False,False,False,1,0.1185
EURCAD,2025-03-12,vente,False,False,False,2,0.1185
EURCAD,2025-03-12,vente,False,False,False,3,0.1185
EURCAD,2025-03-14,vente,True,False,False,1,-0.044
EURCAD,2025-03-14,vente,True,False,False,2,-0.044
EURCAD,2025-03-14,vente,True,False,False,3,-0.044
EURCAD,2025-03-18,achat,False,False,False,1,-1.0238
EURCAD,2025-03-18,achat,False,False,False,2,-1.0238
EURCAD,2025-03-18,achat,False,False,False,3,-1.0238
EURCAD,2025-03-27,achat,False,False,False,1,0.9811
EURCAD,2025-03-27,achat,False,False,False,2,-0.2535
EURCAD,2025-03-27,achat,False,False,False,3,-0.2535
EURCAD,2025-04-01,vente,False,False,False,1,-1.0125
EURCAD,2025-04-01,vente,False,False,False,2,-1.0125
EURCAD,2025-04-01,vente,False,False,False,3,-1.0125
EURCAD,2025-04-07,vente,True,False,False,1,-1.0103
EURCAD,2025-04-07,vente,True,False,False,2,-1.0103
EURCAD,2025-04-07,vente,True,False,False,3,-1.0103
EURCAD,2025-04-08,achat,False,False,False,1,-1.009
EURCAD,2025-04-08,achat,False,False,False,2,-1.009
EURCAD,2025-04-08,achat,False,False,False,3,-1.009
EURCAD,2025-04-09,vente,True,False,False,1,-1.0065
EURCAD,2025-04-09,vente,True,False,False,2,-1.0065
EURCAD,2025-04-09,vente,True,False,False,3,-1.0065
EURCAD,2025-04-10,achat,False,False,False,1,0.1729
EURCAD,2025-04-10,achat,False,False,False,2,0.1729
EURCAD,2025-04-10,achat,False,False,False,3,0.1729
EURCAD,2025-04-17,vente,False,False,False,1,-1.0289
EURCAD,2025-04-17,vente,False,False,False,2,-1.0289
EURCAD,2025-04-17,vente,False,False,False,3,-1.0289
EURCAD,2025-04-22,vente,False,False,False,1,-0.1204
EURCAD,2025-04-22,vente,False,False,False,2,-0.1204
EURCAD,2025-04-22,vente,False,False,False,3,-0.1204
EURCAD,2025-04-24,achat,False,False,False,1,-1.0395
EURCAD,2025-04-24,achat,False,False,False,2,-1.0395
EURCAD,2025-04-24,achat,False,False,False,3,-1.0395
EURCAD,2025-04-28,achat,False,False,False,1,-1.0338
EURCAD,2025-04-28,achat,False,False,False,2,-1.0338
EURCAD,2025-04-28,achat,False,False,False,3,-1.0338
EURCAD,2025-05-02,vente,False,False,False,1,-0.3738
EURCAD,2025-05-02,vente,False,False,False,2,-0.3738
EURCAD,2025-05-02,vente,False,False,False,3,-0.3738
EURCAD,2025-05-07,achat,False,True,False,1,0.9448
EURCAD,2025-05-07,achat,False,True,False,2,1.9448
EURCAD,2025-05-07,achat,False,True,False,3,-1.0552
EURCAD,2025-05-09,achat,False,True,False,1,-1.0298
EURCAD,2025-05-09,achat,False,True,False,2,-1.0298
EURCAD,2025-05-09,achat,False,True,False,3,-1.0298
EURCAD,2025-05-12,vente,False,False,False,1,-1.0123
EURCAD,2025-05-12,vente,False,False,False,2,-1.0123
EURCAD,2025-05-12,vente,False,False,False,3,-1.0123
EURCAD,2025-05-19,achat,False,True,False,1,0.9736
EURCAD,2025-05-19,achat,False,True,False,2,-0.5931
EURCAD,2025-05-19,achat,False,True,False,3,-0.5931
EURCAD,2025-05-22,vente,False,False,False,1,-0.2826
EURCAD,2025-05-22,vente,False,False,False,2,-0.2826
EURCAD,2025-05-22,vente,False,False,False,3,-0.2826
EURCAD,2025-05-28,vente,False,False,False,1,-1.0169
EURCAD,2025-05-28,vente,False,False,False,2,-1.0169
EURCAD,2025-05-28,vente,False,False,False,3,-1.0169
EURCAD,2025-05-29,achat,False,False,False,1,-0.5994
EURCAD,2025-05-29,achat,False,False,False,2,-0.5994
EURCAD,2025-05-29,achat,False,False,False,3,-0.5994
EURCAD,2025-06-02,achat,False,False,False,1,-0.4105
EURCAD,2025-06-02,achat,False,False,False,2,-0.4105
EURCAD,2025-06-02,achat,False,False,False,3,-0.4105
EURCAD,2025-06-06,vente,False,False,False,1,-1.0332
EURCAD,2025-06-06,vente,False,False,False,2,-1.0332
EURCAD,2025-06-06,vente,False,False,False,3,-1.0332
EURCAD,2025-06-11,achat,False,False,False,1,-0.3756
EURCAD,2025-06-11,achat,False,False,False,2,-0.3756
EURCAD,2025-06-11,achat,False,False,False,3,-0.3756
EURCAD,2025-06-13,vente,False,False,False,1,-0.3312
EURCAD,2025-06-13,vente,False,False,False,2,-0.3312
EURCAD,2025-06-13,vente,False,False,False,3,-0.3312
EURCAD,2025-06-27,achat,False,False,False,1,0.0078
EURCAD,2025-06-27,achat,False,False,False,2,0.0078
EURCAD,2025-06-27,achat,False,False,False,3,0.0078
EURCAD,2025-07-01,achat,True,False,False,1,-1.0212
EURCAD,2025-07-01,achat,True,False,False,2,-1.0212
EURCAD,2025-07-01,achat,True,False,False,3,-1.0212
EURCAD,2025-07-02,vente,False,True,False,1,0.9736
EURCAD,2025-07-02,vente,False,True,False,2,-0.0818
EURCAD,2025-07-02,vente,False,True,False,3,-0.0818
EURCAD,2025-07-08,vente,False,False,False,1,-1.0702
EURCAD,2025-07-08,vente,False,False,False,2,-1.0702
EURCAD,2025-07-08,vente,False,False,False,3,-1.0702
EURCAD,2025-07-09,achat,True,False,False,1,-1.037
EURCAD,2025-07-09,achat,True,False,False,2,-1.037
EURCAD,2025-07-09,achat,True,False,False,3,-1.037
EURCAD,2025-07-10,vente,False,False,False,1,0.5972
EURCAD,2025-07-10,vente,False,False,False,2,0.5972
EURCAD,2025-07-10,vente,False,False,False,3,0.5972
EURCAD,2025-07-21,achat,False,False,False,1,-1.0366
EURCAD,2025-07-21,achat,False,False,False,2,-1.0366
EURCAD,2025-07-21,achat,False,False,False,3,-1.0366
EURCAD,2025-07-23,achat,False,False,False,1,0.9796
EURCAD,2025-07-23,achat,False,False,False,2,-1.0204
EURCAD,2025-07-23,achat,False,False,False,3,-1.0204
EURCAD,2025-07-28,vente,False,True,False,1,0.5031
EURCAD,2025-07-28,vente,False,True,False,2,0.5031
EURCAD,2025-07-28,vente,False,True,False,3,0.5031
EURCAD,2025-08-06,achat,False,False,False,1,-0.2583
EURCAD,2025-08-06,achat,False,False,False,2,-0.2583
EURCAD,2025-08-06,achat,False,False,False,3,-0.2583
EURCAD,2025-08-08,vente,False,False,False,1,-1.0529
EURCAD,2025-08-08,vente,False,False,False,2,-1.0529
EURCAD,2025-08-08,vente,False,False,False,3,-1.0529
EURCAD,2025-08-12,achat,True,False,False,1,0.9775
EURCAD,2025-08-12,achat,True,False,False,2,1.009
EURCAD,2025-08-12,achat,True,False,False,3,1.009
EURCAD,2025-08-15,achat,False,False,False,1,-1.0225
EURCAD,2025-08-15,achat,False,False,False,2,-1.0225
EURCAD,2025-08-15,achat,False,False,False,3,-1.0225
EURCAD,2025-08-22,achat,False,True,False,1,-1.024
EURCAD,2025-08-22,achat,False,True,False,2,-1.024
EURCAD,2025-08-22,achat,False,True,False,3,-1.024
EURCAD,2025-08-25,vente,False,False,False,1,0.3099
EURCAD,2025-08-25,vente,False,False,False,2,0.3099
EURCAD,2025-08-25,vente,False,False,False,3,0.3099
EURCAD,2025-08-27,vente,False,True,False,1,-1.0358
EURCAD,2025-08-27,vente,False,True,False,2,-1.0358
EURCAD,2025-08-27,vente,False,True,False,3,-1.0358
EURCAD,2025-09-01,achat,False,False,False,1,-1.0388
EURCAD,2025-09-01,achat,False,False,False,2,-1.0388
EURCAD,2025-09-01,achat,False,False,False,3,-1.0388
EURCAD,2025-09-02,vente,False,True,False,1,-1.0267
EURCAD,2025-09-02,vente,False,True,False,2,-1.0267
EURCAD,2025-09-02,vente,False,True,False,3,-1.0267
EURCAD,2025-09-09,vente,True,False,False,1,-1.0341
EURCAD,2025-09-09,vente,True,False,False,2,-1.0341
EURCAD,2025-09-09,vente,True,False,False,3,-1.0341
EURCAD,2025-09-15,vente,False,False,False,1,-1.0306
EURCAD,2025-09-15,vente,False,False,False,2,-1.0306
EURCAD,2025-09-15,vente,False,False,False,3,-1.0306
EURCAD,2025-09-16,achat,False,False,False,1,-1.0171
EURCAD,2025-09-16,achat,False,False,False,2,-1.0171
EURCAD,2025-09-16,achat,False,False,False,3,-1.0171
EURCAD,2025-09-22,achat,False,False,False,1,-0.3883
EURCAD,2025-09-22,achat,False,False,False,2,-0.3883
EURCAD,2025-09-22,achat,False,False,False,3,-0.3883
EURCAD,2025-10-06,vente,False,True,False,1,0.9481
EURCAD,2025-10-06,vente,False,True,False,2,1.9481
EURCAD,2025-10-06,vente,False,True,False,3,2.9481
EURCAD,2025-10-10,achat,False,False,False,1,0.9092
EURCAD,2025-10-10,achat,False,False,False,2,0.9092
EURCAD,2025-10-10,achat,False,False,False,3,0.9092
EURCAD,2025-10-14,achat,False,False,False,1,0.9756
EURCAD,2025-10-14,achat,False,False,False,2,1.9756
EURCAD,2025-10-14,achat,False,False,False,3,0.401
EURCAD,2025-10-17,vente,False,False,False,1,0.6795
EURCAD,2025-10-17,vente,False,False,False,2,0.6795
EURCAD,2025-10-17,vente,False,False,False,3,0.6795
EURCAD,2025-10-21,vente,False,True,False,1,-0.1181
EURCAD,2025-10-21,vente,False,True,False,2,-0.1181
EURCAD,2025-10-21,vente,False,True,False,3,-0.1181
EURCAD,2025-10-28,vente,False,False,False,1,0.9757
EURCAD,2025-10-28,vente,False,False,False,2,1.0815
EURCAD,2025-10-28,vente,False,False,False,3,1.0815
EURCAD,2025-10-31,vente,False,False,False,1,-1.0309
EURCAD,2025-10-31,vente,False,False,False,2,-1.0309
EURCAD,2025-10-31,vente,False,False,False,3,-1.0309
EURCAD,2025-11-03,achat,False,True,False,1,0.9588
EURCAD,2025-11-03,achat,False,True,False,2,1.9588
EURCAD,2025-11-03,achat,False,True,False,3,2.1423
EURCAD,2025-11-11,achat,False,False,False,1,0.9529
EURCAD,2025-11-11,achat,False,False,False,2,1.9529
EURCAD,2025-11-11,achat,False,False,False,3,1.2259
EURCAD,2025-11-13,achat,False,False,False,1,-1.0183
EURCAD,2025-11-13,achat,False,False,False,2,-1.0183
EURCAD,2025-11-13,achat,False,False,False,3,-1.0183
EURCAD,2025-11-18,vente,False,False,False,1,-0.3362
EURCAD,2025-11-18,vente,False,False,False,2,-0.3362
EURCAD,2025-11-18,vente,False,False,False,3,-0.3362
EURCAD,2025-11-24,achat,False,False,False,1,0.9452
EURCAD,2025-11-24,achat,False,False,False,2,1.9452
EURCAD,2025-11-24,achat,False,False,False,3,0.4165
EURCAD,2025-12-03,achat,True,False,False,1,0.9478
EURCAD,2025-12-03,achat,True,False,False,2,-1.0522
EURCAD,2025-12-03,achat,True,False,False,3,-1.0522
EURCAD,2025-12-09,vente,False,True,False,1,-1.0457
EURCAD,2025-12-09,vente,False,True,False,2,-1.0457
EURCAD,2025-12-09,vente,False,True,False,3,-1.0457
EURCAD,2025-12-10,achat,False,False,False,1,0.9533
EURCAD,2025-12-10,achat,False,False,False,2,1.1425
EURCAD,2025-12-10,achat,False,False,False,3,1.1425
EURCAD,2025-12-15,achat,False,True,False,1,-1.038
EURCAD,2025-12-15,achat,False,True,False,2,-1.038
EURCAD,2025-12-15,achat,False,True,False,3,-1.038
EURCAD,2025-12-18,vente,False,False,False,1,0.3512
EURCAD,2025-12-18,vente,False,False,False,2,0.3512
EURCAD,2025-12-18,vente,False,False,False,3,0.3512
EURCAD,2025-12-23,vente,False,False,False,1,0.9513
EURCAD,2025-12-23,vente,False,False,False,2,1.1412
EURCAD,2025-12-23,vente,False,False,False,3,1.1412
EURCAD,2025-12-26,vente,False,True,False,1,-1.0498
EURCAD,2025-12-26,vente,False,True,False,2,-1.0498
EURCAD,2025-12-26,vente,False,True,False,3,-1.0498
EURCAD,2025-12-29,achat,False,False,False,1,-1.0426
EURCAD,2025-12-29,achat,False,False,False,2,-1.0426
EURCAD,2025-12-29,achat,False,False,False,3,-1.0426
EURCAD,2025-12-30,vente,False,True,False,1,-1.0449
EURCAD,2025-12-30,vente,False,True,False,2,-1.0449
EURCAD,2025-12-30,vente,False,True,False,3,-1.0449
EURCAD,2025-12-31,achat,False,False,False,1,0.2517
EURCAD,2025-12-31,achat,False,False,False,2,0.2517
EURCAD,2025-12-31,achat,False,False,False,3,0.2517
EURCAD,2026-01-05,achat,False,False,False,1,0.9732
EURCAD,2026-01-05,achat,False,False,False,2,0.3557
EURCAD,2026-01-05,achat,False,False,False,3,0.3557
EURCAD,2026-01-09,achat,False,True,False,1,-0.3924
EURCAD,2026-01-09,achat,False,True,False,2,-0.3924
EURCAD,2026-01-09,achat,False,True,False,3,-0.3924
EURCAD,2026-01-13,vente,False,False,False,1,0.942
EURCAD,2026-01-13,vente,False,False,False,2,0.9652
EURCAD,2026-01-13,vente,False,False,False,3,0.9652
EURCAD,2026-01-15,vente,False,False,False,1,-1.0329
EURCAD,2026-01-15,vente,False,False,False,2,-1.0329
EURCAD,2026-01-15,vente,False,False,False,3,-1.0329
EURCAD,2026-01-19,vente,False,False,False,1,-1.0873
EURCAD,2026-01-19,vente,False,False,False,2,-1.0873
EURCAD,2026-01-19,vente,False,False,False,3,-1.0873
EURCAD,2026-01-20,achat,False,True,False,1,-0.2289
EURCAD,2026-01-20,achat,False,True,False,2,-0.2289
EURCAD,2026-01-20,achat,False,True,False,3,-0.2289
EURCAD,2026-01-28,vente,False,False,False,1,0.9852
EURCAD,2026-01-28,vente,False,False,False,2,0.591
EURCAD,2026-01-28,vente,False,False,False,3,0.591
EURCAD,2026-02-09,vente,False,False,False,1,-0.2632
EURCAD,2026-02-09,vente,False,False,False,2,-0.2632
EURCAD,2026-02-09,vente,False,False,False,3,-0.2632
EURCAD,2026-02-18,vente,False,False,False,1,0.9355
EURCAD,2026-02-18,vente,False,False,False,2,1.9355
EURCAD,2026-02-18,vente,False,False,False,3,-0.2484
EURCAD,2026-02-25,achat,False,True,False,1,-1.0587
EURCAD,2026-02-25,achat,False,True,False,2,-1.0587
EURCAD,2026-02-25,achat,False,True,False,3,-1.0587
EURCAD,2026-03-09,achat,False,True,False,1,-0.4389
EURCAD,2026-03-09,achat,False,True,False,2,-0.4389
EURCAD,2026-03-09,achat,False,True,False,3,-0.4389
EURCAD,2026-03-13,vente,True,False,False,1,-1.0219
EURCAD,2026-03-13,vente,True,False,False,2,-1.0219
EURCAD,2026-03-13,vente,True,False,False,3,-1.0219
EURCAD,2026-03-16,achat,False,False,False,1,0.9771
EURCAD,2026-03-16,achat,False,False,False,2,1.9771
EURCAD,2026-03-16,achat,False,False,False,3,1.8578
EURCAD,2026-03-19,achat,False,False,False,1,0.4004
EURCAD,2026-03-19,achat,False,False,False,2,0.4004
EURCAD,2026-03-19,achat,False,False,False,3,0.4004
EURCAD,2026-03-23,achat,False,False,False,1,0.2724
EURCAD,2026-03-23,achat,False,False,False,2,0.2724
EURCAD,2026-03-23,achat,False,False,False,3,0.2724
EURCAD,2026-03-26,achat,False,False,False,1,-1.0587
EURCAD,2026-03-26,achat,False,False,False,2,-1.0587
EURCAD,2026-03-26,achat,False,False,False,3,-1.0587
EURCAD,2026-03-30,vente,True,False,False,1,-1.0385
EURCAD,2026-03-30,vente,True,False,False,2,-1.0385
EURCAD,2026-03-30,vente,True,False,False,3,-1.0385
EURCAD,2026-03-31,achat,False,False,False,1,-0.2059
EURCAD,2026-03-31,achat,False,False,False,2,-0.2059
EURCAD,2026-03-31,achat,False,False,False,3,-0.2059
EURCAD,2026-04-06,achat,False,False,False,1,0.8675
EURCAD,2026-04-06,achat,False,False,False,2,1.8675
EURCAD,2026-04-06,achat,False,False,False,3,2.8675
EURCAD,2026-04-15,vente,True,False,False,1,0.9487
EURCAD,2026-04-15,vente,True,False,False,2,1.9487
EURCAD,2026-04-15,vente,True,False,False,3,2.9487
EURCAD,2026-04-27,vente,False,False,False,1,-1.0323
EURCAD,2026-04-27,vente,False,False,False,2,-1.0323
EURCAD,2026-04-27,vente,False,False,False,3,-1.0323
EURCAD,2026-04-28,achat,False,False,False,1,-1.0219
EURCAD,2026-04-28,achat,False,False,False,2,-1.0219
EURCAD,2026-04-28,achat,False,False,False,3,-1.0219
EURCAD,2026-05-12,vente,False,True,False,1,0.9513
EURCAD,2026-05-12,vente,False,True,False,2,1.9513
EURCAD,2026-05-12,vente,False,True,False,3,2.2069
EURCAD,2026-05-18,achat,False,False,False,1,-1.046
EURCAD,2026-05-18,achat,False,False,False,2,-1.046
EURCAD,2026-05-18,achat,False,False,False,3,-1.046
EURCAD,2026-05-19,vente,True,False,False,1,-1.0333
EURCAD,2026-05-19,vente,True,False,False,2,-1.0333
EURCAD,2026-05-19,vente,True,False,False,3,-1.0333
EURCAD,2026-05-28,vente,False,True,False,1,-1.0306
EURCAD,2026-05-28,vente,False,True,False,2,-1.0306
EURCAD,2026-05-28,vente,False,True,False,3,-1.0306
EURCAD,2026-05-29,achat,False,False,False,1,0.9568
EURCAD,2026-05-29,achat,False,False,False,2,0.9396
EURCAD,2026-05-29,achat,False,False,False,3,0.9396
EURCAD,2026-06-03,achat,False,False,False,1,-1.0381
EURCAD,2026-06-03,achat,False,False,False,2,-1.0381
EURCAD,2026-06-03,achat,False,False,False,3,-1.0381
EURCAD,2026-06-05,vente,False,False,False,1,-0.3353
EURCAD,2026-06-05,vente,False,False,False,2,-0.3353
EURCAD,2026-06-05,vente,False,False,False,3,-0.3353
EURCAD,2026-06-10,vente,False,True,False,1,-1.0694
EURCAD,2026-06-10,vente,False,True,False,2,-1.0694
EURCAD,2026-06-10,vente,False,True,False,3,-1.0694
EURCAD,2026-06-11,achat,False,False,False,1,0.7404
EURCAD,2026-06-11,achat,False,False,False,2,0.7404
EURCAD,2026-06-11,achat,False,False,False,3,0.7404
EURCAD,2026-06-19,achat,False,False,False,1,-1.0288
EURCAD,2026-06-19,achat,False,False,False,2,-1.0288
EURCAD,2026-06-19,achat,False,False,False,3,-1.0288
EURCAD,2026-06-22,vente,True,False,False,1,0.5311
EURCAD,2026-06-22,vente,True,False,False,2,0.5311
EURCAD,2026-06-22,vente,True,False,False,3,0.5311
EURCAD,2026-07-07,vente,True,False,False,1,0.5598
EURCAD,2026-07-07,vente,True,False,False,2,0.5598
EURCAD,2026-07-07,vente,True,False,False,3,0.5598
EURCAD,2026-07-09,achat,False,False,False,1,-1.0855
EURCAD,2026-07-09,achat,False,False,False,2,-1.0855
EURCAD,2026-07-09,achat,False,False,False,3,-1.0855
EURCAD,2026-07-10,vente,False,False,False,1,0.966
EURCAD,2026-07-10,vente,False,False,False,2,0.8623
EURCAD,2026-07-10,vente,False,False,False,3,0.8623
EURCAD,2026-07-20,achat,True,False,False,1,-1.0386
EURCAD,2026-07-20,achat,True,False,False,2,-1.0386
EURCAD,2026-07-20,achat,True,False,False,3,-1.0386
EURCAD,2026-07-27,achat,False,False,False,1,-1.0743
EURCAD,2026-07-27,achat,False,False,False,2,-1.0743
EURCAD,2026-07-27,achat,False,False,False,3,-1.0743
EURCAD,2026-08-03,vente,False,False,False,1,-1.0583
EURCAD,2026-08-03,vente,False,False,False,2,-1.0583
EURCAD,2026-08-03,vente,False,False,False,3,-1.0583
EURCAD,2026-08-04,achat,False,True,False,1,-1.0269
EURCAD,2026-08-04,achat,False,True,False,2,-1.0269
EURCAD,2026-08-04,achat,False,True,False,3,-1.0269
EURCAD,2026-08-13,vente,False,False,False,1,-1.0573
EURCAD,2026-08-13,vente,False,False,False,2,-1.0573
EURCAD,2026-08-13,vente,False,False,False,3,-1.0573
EURCAD,2026-08-24,achat,False,False,False,1,-0.1921
EURCAD,2026-08-24,achat,False,False,False,2,-0.1921
EURCAD,2026-08-24,achat,False,False,False,3,-0.1921
EURCAD,2026-08-27,vente,False,False,False,1,0.9569
EURCAD,2026-08-27,vente,False,False,False,2,0.7306
EURCAD,2026-08-27,vente,False,False,False,3,0.7306
EURCAD,2026-09-02,vente,False,True,False,1,-0.1538
EURCAD,2026-09-02,vente,False,True,False,2,-0.1538
EURCAD,2026-09-02,vente,False,True,False,3,-0.1538
EURCAD,2026-09-04,achat,True,False,False,1,-0.1847
EURCAD,2026-09-04,achat,True,False,False,2,-0.1847
EURCAD,2026-09-04,achat,True,False,False,3,-0.1847
EURCAD,2026-09-09,achat,True,False,False,1,0.9563
EURCAD,2026-09-09,achat,True,False,False,2,-0.1899
EURCAD,2026-09-09,achat,True,False,False,3,-0.1899
EURCAD,2026-09-14,vente,False,False,False,1,-1.069
EURCAD,2026-09-14,vente,False,False,False,2,-1.069
EURCAD,2026-09-14,vente,False,False,False,3,-1.069
EURCAD,2026-09-16,vente,False,True,False,1,-0.7659
EURCAD,2026-09-16,vente,False,True,False,2,-0.7659
EURCAD,2026-09-16,vente,False,True,False,3,-0.7659
EURCAD,2026-09-23,vente,False,True,False,1,-1.0355
EURCAD,2026-09-23,vente,False,True,False,2,-1.0355
EURCAD,2026-09-23,vente,False,True,False,3,-1.0355
EURGBP,2023-12-18,achat,False,False,False,1,0.9725
EURGBP,2023-12-18,achat,False,False,False,2,0.9794
EURGBP,2023-12-18,achat,False,False,False,3,0.9794
EURGBP,2023-12-20,achat,False,True,False,1,0.3422
EURGBP,2023-12-20,achat,False,True,False,2,0.3422
EURGBP,2023-12-20,achat,False,True,False,3,0.3422
EURGBP,2023-12-29,vente,False,False,False,1,0.9634
EURGBP,2023-12-29,vente,False,False,False,2,1.4878
EURGBP,2023-12-29,vente,False,False,False,3,1.4878
EURGBP,2024-01-05,vente,False,True,False,1,-0.2523
EURGBP,2024-01-05,vente,False,True,False,2,-0.2523
EURGBP,2024-01-05,vente,False,True,False,3,-0.2523
EURGBP,2024-01-11,vente,False,True,False,1,-1.048
EURGBP,2024-01-11,vente,False,True,False,2,-1.048
EURGBP,2024-01-11,vente,False,True,False,3,-1.048
EURGBP,2024-01-15,achat,False,False,False,1,-1.0632
EURGBP,2024-01-15,achat,False,False,False,2,-1.0632
EURGBP,2024-01-15,achat,False,False,False,3,-1.0632
EURGBP,2024-01-17,vente,False,True,False,1,0.9637
EURGBP,2024-01-17,vente,False,True,False,2,0.7794
EURGBP,2024-01-17,vente,False,True,False,3,0.7794
EURGBP,2024-01-25,vente,False,False,False,1,-1.0386
EURGBP,2024-01-25,vente,False,False,False,2,-1.0386
EURGBP,2024-01-25,vente,False,False,False,3,-1.0386
EURGBP,2024-01-29,vente,False,False,False,1,-1.0508
EURGBP,2024-01-29,vente,False,False,False,2,-1.0508
EURGBP,2024-01-29,vente,False,False,False,3,-1.0508
EURGBP,2024-01-30,achat,True,False,False,1,-0.0714
EURGBP,2024-01-30,achat,True,False,False,2,-0.0714
EURGBP,2024-01-30,achat,True,False,False,3,-0.0714
EURGBP,2024-01-31,vente,False,False,False,1,-1.0426
EURGBP,2024-01-31,vente,False,False,False,2,-1.0426
EURGBP,2024-01-31,vente,False,False,False,3,-1.0426
EURGBP,2024-02-06,vente,False,False,False,1,-0.1732
EURGBP,2024-02-06,vente,False,False,False,2,-0.1732
EURGBP,2024-02-06,vente,False,False,False,3,-0.1732
EURGBP,2024-02-08,achat,False,False,False,1,-1.1034
EURGBP,2024-02-08,achat,False,False,False,2,-1.1034
EURGBP,2024-02-08,achat,False,False,False,3,-1.1034
EURGBP,2024-02-14,achat,True,False,False,1,0.4583
EURGBP,2024-02-14,achat,True,False,False,2,0.4583
EURGBP,2024-02-14,achat,True,False,False,3,0.4583
EURGBP,2024-02-26,achat,False,False,False,1,0.1466
EURGBP,2024-02-26,achat,False,False,False,2,0.1466
EURGBP,2024-02-26,achat,False,False,False,3,0.1466
EURGBP,2024-02-28,achat,False,False,False,1,-0.4909
EURGBP,2024-02-28,achat,False,False,False,2,-0.4909
EURGBP,2024-02-28,achat,False,False,False,3,-0.4909
EURGBP,2024-03-01,achat,False,False,False,1,-1.0822
EURGBP,2024-03-01,achat,False,False,False,2,-1.0822
EURGBP,2024-03-01,achat,False,False,False,3,-1.0822
EURGBP,2024-03-04,vente,False,False,False,1,0.92
EURGBP,2024-03-04,vente,False,False,False,2,0.44
EURGBP,2024-03-04,vente,False,False,False,3,0.44
EURGBP,2024-03-06,achat,False,False,False,1,-1.0625
EURGBP,2024-03-06,achat,False,False,False,2,-1.0625
EURGBP,2024-03-06,achat,False,False,False,3,-1.0625
EURGBP,2024-03-14,vente,False,False,False,1,-1.0583
EURGBP,2024-03-14,vente,False,False,False,2,-1.0583
EURGBP,2024-03-14,vente,False,False,False,3,-1.0583
EURGBP,2024-03-20,achat,False,False,False,1,-1.0863
EURGBP,2024-03-20,achat,False,False,False,2,-1.0863
EURGBP,2024-03-20,achat,False,False,False,3,-1.0863
EURGBP,2024-03-27,vente,False,False,False,1,0.9318
EURGBP,2024-03-27,vente,False,False,False,2,1.9318
EURGBP,2024-03-27,vente,False,False,False,3,0.5966
EURGBP,2024-04-09,vente,False,False,False,1,0.9368
EURGBP,2024-04-09,vente,False,False,False,2,0.8789
EURGBP,2024-04-09,vente,False,False,False,3,0.8789
EURGBP,2024-04-11,vente,False,False,False,1,-0.0709
EURGBP,2024-04-11,vente,False,False,False,2,-0.0709
EURGBP,2024-04-11,vente,False,False,False,3,-0.0709
EURGBP,2024-04-15,vente,False,False,False,1,-1.0645
EURGBP,2024-04-15,vente,False,False,False,2,-1.0645
EURGBP,2024-04-15,vente,False,False,False,3,-1.0645
EURGBP,2024-04-16,achat,False,False,False,1,-1.0659
EURGBP,2024-04-16,achat,False,False,False,2,-1.0659
EURGBP,2024-04-16,achat,False,False,False,3,-1.0659
EURGBP,2024-04-19,achat,False,False,False,1,-0.4291
EURGBP,2024-04-19,achat,False,False,False,2,-0.4291
EURGBP,2024-04-19,achat,False,False,False,3,-0.4291
EURGBP,2024-04-23,vente,False,True,False,1,0.6255
EURGBP,2024-04-23,vente,False,True,False,2,0.6255
EURGBP,2024-04-23,vente,False,True,False,3,0.6255
EURGBP,2024-05-07,achat,False,False,False,1,0.0378
EURGBP,2024-05-07,achat,False,False,False,2,0.0378
EURGBP,2024-05-07,achat,False,False,False,3,0.0378
EURGBP,2024-05-10,vente,False,True,False,1,0.8983
EURGBP,2024-05-10,vente,False,True,False,2,-1.1017
EURGBP,2024-05-10,vente,False,True,False,3,-1.1017
EURGBP,2024-05-15,vente,False,True,False,1,0.9437
EURGBP,2024-05-15,vente,False,True,False,2,1.6526
EURGBP,2024-05-15,vente,False,True,False,3,1.6526
EURGBP,2024-06-04,achat,True,False,False,1,-1.069
EURGBP,2024-06-04,achat,True,False,False,2,-1.069
EURGBP,2024-06-04,achat,True,False,False,3,-1.069
EURGBP,2024-06-05,vente,True,False,False,1,-1.0517
EURGBP,2024-06-05,vente,True,False,False,2,-1.0517
EURGBP,2024-06-05,vente,True,False,False,3,-1.0517
EURGBP,2024-06-07,vente,True,False,False,1,0.9625
EURGBP,2024-06-07,vente,True,False,False,2,1.9625
EURGBP,2024-06-07,vente,True,False,False,3,1.2437
EURGBP,2024-06-13,vente,False,False,False,1,-1.0291
EURGBP,2024-06-13,vente,False,False,False,2,-1.0291
EURGBP,2024-06-13,vente,False,False,False,3,-1.0291
EURGBP,2024-06-20,achat,False,False,False,1,-1.0492
EURGBP,2024-06-20,achat,False,False,False,2,-1.0492
EURGBP,2024-06-20,achat,False,False,False,3,-1.0492
EURGBP,2024-06-24,achat,False,False,False,1,-1.0968
EURGBP,2024-06-24,achat,False,False,False,2,-1.0968
EURGBP,2024-06-24,achat,False,False,False,3,-1.0968
EURGBP,2024-06-25,vente,False,False,False,1,-1.0533
EURGBP,2024-06-25,vente,False,False,False,2,-1.0533
EURGBP,2024-06-25,vente,False,False,False,3,-1.0533
EURGBP,2024-07-02,vente,True,False,False,1,0.4755
EURGBP,2024-07-02,vente,True,False,False,2,0.4755
EURGBP,2024-07-02,vente,True,False,False,3,0.4755
EURGBP,2024-07-04,achat,False,False,False,1,-1.0706
EURGBP,2024-07-04,achat,False,False,False,2,-1.0706
EURGBP,2024-07-04,achat,False,False,False,3,-1.0706
EURGBP,2024-07-05,vente,True,False,False,1,0.9476
EURGBP,2024-07-05,vente,True,False,False,2,1.227
EURGBP,2024-07-05,vente,True,False,False,3,1.227
EURGBP,2024-07-09,achat,False,False,False,1,-1.0736
EURGBP,2024-07-09,achat,False,False,False,2,-1.0736
EURGBP,2024-07-09,achat,False,False,False,3,-1.0736
EURGBP,2024-07-10,vente,False,False,False,1,0.964
EURGBP,2024-07-10,vente,False,False,False,2,0.7327
EURGBP,2024-07-10,vente,False,False,False,3,0.7327
EURGBP,2024-07-17,achat,False,True,False,1,0.314
EURGBP,2024-07-17,achat,False,True,False,2,0.314
EURGBP,2024-07-17,achat,False,True,False,3,0.314
EURGBP,2024-07-22,vente,False,False,False,1,0.907
EURGBP,2024-07-22,vente,False,False,False,2,1.907
EURGBP,2024-07-22,vente,False,False,False,3,-1.093
EURGBP,2024-07-25,achat,False,False,False,1,-0.4261
EURGBP,2024-07-25,achat,False,False,False,2,-0.4261
EURGBP,2024-07-25,achat,False,False,False,3,-0.4261
EURGBP,2024-08-01,achat,False,False,False,1,0.9784
EURGBP,2024-08-01,achat,False,False,False,2,1.9784
EURGBP,2024-08-01,achat,False,False,False,3,2.4883
EURGBP,2024-08-08,vente,False,True,False,1,0.2437
EURGBP,2024-08-08,vente,False,True,False,2,0.2437
EURGBP,2024-08-08,vente,False,True,False,3,0.2437
EURGBP,2024-08-13,vente,False,False,False,1,-1.0612
EURGBP,2024-08-13,vente,False,False,False,2,-1.0612
EURGBP,2024-08-13,vente,False,False,False,3,-1.0612
EURGBP,2024-08-14,achat,False,False,False,1,-1.0263
EURGBP,2024-08-14,achat,False,False,False,2,-1.0263
EURGBP,2024-08-14,achat,False,False,False,3,-1.0263
EURGBP,2024-08-15,vente,False,False,False,1,-0.1012
EURGBP,2024-08-15,vente,False,False,False,2,-0.1012
EURGBP,2024-08-15,vente,False,False,False,3,-0.1012
EURGBP,2024-08-19,achat,True,False,False,1,-1.043
EURGBP,2024-08-19,achat,True,False,False,2,-1.043
EURGBP,2024-08-19,achat,True,False,False,3,-1.043
EURGBP,2024-08-21,vente,False,False,False,1,0.9549
EURGBP,2024-08-21,vente,False,False,False,2,1.9549
EURGBP,2024-08-21,vente,False,False,False,3,2.0864
EURGBP,2024-09-02,achat,False,False,False,1,-1.0952
EURGBP,2024-09-02,achat,False,False,False,2,-1.0952
EURGBP,2024-09-02,achat,False,False,False,3,-1.0952
EURGBP,2024-09-11,achat,False,False,False,1,-1.0526
EURGBP,2024-09-11,achat,False,False,False,2,-1.0526
EURGBP,2024-09-11,achat,False,False,False,3,-1.0526
EURGBP,2024-09-16,vente,False,False,False,1,-1.0571
EURGBP,2024-09-16,vente,False,False,False,2,-1.0571
EURGBP,2024-09-16,vente,False,False,False,3,-1.0571
EURGBP,2024-09-17,achat,False,False,False,1,-1.0392
EURGBP,2024-09-17,achat,False,False,False,2,-1.0392
EURGBP,2024-09-17,achat,False,False,False,3,-1.0392
EURGBP,2024-09-18,vente,False,False,False,1,0.9682
EURGBP,2024-09-18,vente,False,False,False,2,1.9682
EURGBP,2024-09-18,vente,False,False,False,3,2.4721
EURGBP,2024-09-26,vente,False,True,False,1,-0.0753
EURGBP,2024-09-26,vente,False,True,False,2,-0.0753
EURGBP,2024-09-26,vente,False,True,False,3,-0.0753
EURGBP,2024-09-30,vente,False,True,False,1,-1.0321
EURGBP,2024-09-30,vente,False,True,False,2,-1.0321
EURGBP,2024-09-30,vente,False,True,False,3,-1.0321
EURGBP,2024-10-03,achat,False,False,False,1,-0.2864
EURGBP,2024-10-03,achat,False,False,False,2,-0.2864
EURGBP,2024-10-03,achat,False,False,False,3,-0.2864
EURGBP,2024-10-16,achat,False,False,False,1,-1.0343
EURGBP,2024-10-16,achat,False,False,False,2,-1.0343
EURGBP,2024-10-16,achat,False,False,False,3,-1.0343
EURGBP,2024-10-17,vente,False,True,False,1,0.0542
EURGBP,2024-10-17,vente,False,True,False,2,0.0542
EURGBP,2024-10-17,vente,False,True,False,3,0.0542
EURGBP,2024-10-22,vente,False,False,False,1,-1.0376
EURGBP,2024-10-22,vente,False,False,False,2,-1.0376
EURGBP,2024-10-22,vente,False,False,False,3,-1.0376
EURGBP,2024-10-23,achat,False,False,False,1,-0.2323
EURGBP,2024-10-23,achat,False,False,False,2,-0.2323
EURGBP,2024-10-23,achat,False,False,False,3,-0.2323
EURGBP,2024-10-29,vente,False,False,False,1,-1.0446
EURGBP,2024-10-29,vente,False,False,False,2,-1.0446
EURGBP,2024-10-29,vente,False,False,False,3,-1.0446
EURGBP,2024-10-30,achat,False,False,False,1,0.9823
EURGBP,2024-10-30,achat,False,False,False,2,0.2003
EURGBP,2024-10-30,achat,False,False,False,3,0.2003
EURGBP,2024-11-12,achat,False,False,False,1,0.2824
EURGBP,2024-11-12,achat,False,False,False,2,0.2824
EURGBP,2024-11-12,achat,False,False,False,3,0.2824
EURGBP,2024-11-15,achat,False,False,False,1,-0.4803
EURGBP,2024-11-15,achat,False,False,False,2,-0.4803
EURGBP,2024-11-15,achat,False,False,False,3,-0.4803
EURGBP,2024-11-25,achat,False,False,False,1,-0.6767
EURGBP,2024-11-25,achat,False,False,False,2,-0.6767
EURGBP,2024-11-25,achat,False,False,False,3,-0.6767
EURGBP,2024-11-27,vente,False,True,False,1,0.9545
EURGBP,2024-11-27,vente,False,True,False,2,1.9545
EURGBP,2024-11-27,vente,False,True,False,3,1.3068
EURGBP,2024-12-05,achat,True,False,False,1,-1.0456
EURGBP,2024-12-05,achat,True,False,False,2,-1.0456
EURGBP,2024-12-05,achat,True,False,False,3,-1.0456
EURGBP,2024-12-12,achat,True,False,False,1,0.9674
EURGBP,2024-12-12,achat,True,False,False,2,-0.1712
EURGBP,2024-12-12,achat,True,False,False,3,-0.1712
EURGBP,2024-12-19,achat,False,False,False,1,-0.0661
EURGBP,2024-12-19,achat,False,False,False,2,-0.0661
EURGBP,2024-12-19,achat,False,False,False,3,-0.0661
EURGBP,2024-12-24,vente,False,False,False,1,-1.075
EURGBP,2024-12-24,vente,False,False,False,2,-1.075
EURGBP,2024-12-24,vente,False,False,False,3,-1.075
EURGBP,2024-12-31,vente,False,False,False,1,-1.031
EURGBP,2024-12-31,vente,False,False,False,2,-1.031
EURGBP,2024-12-31,vente,False,False,False,3,-1.031
EURGBP,2025-01-07,vente,False,False,False,1,-1.0682
EURGBP,2025-01-07,vente,False,False,False,2,-1.0682
EURGBP,2025-01-07,vente,False,False,False,3,-1.0682
EURGBP,2025-01-08,achat,False,False,False,1,0.9813
EURGBP,2025-01-08,achat,False,False,False,2,0.6911
EURGBP,2025-01-08,achat,False,False,False,3,0.6911
EURGBP,2025-01-14,achat,False,True,False,1,0.0145
EURGBP,2025-01-14,achat,False,True,False,2,0.0145
EURGBP,2025-01-14,achat,False,True,False,3,0.0145
EURGBP,2025-01-21,vente,False,False,False,1,0.9596
EURGBP,2025-01-21,vente,False,False,False,2,0.8923
EURGBP,2025-01-21,vente,False,False,False,3,0.8923
EURGBP,2025-01-22,achat,False,False,False,1,-1.0571
EURGBP,2025-01-22,achat,False,False,False,2,-1.0571
EURGBP,2025-01-22,achat,False,False,False,3,-1.0571
EURGBP,2025-01-23,vente,False,False,False,1,-1.0426
EURGBP,2025-01-23,vente,False,False,False,2,-1.0426
EURGBP,2025-01-23,vente,False,False,False,3,-1.0426
EURGBP,2025-02-12,achat,False,False,False,1,-1.043
EURGBP,2025-02-12,achat,False,False,False,2,-1.043
EURGBP,2025-02-12,achat,False,False,False,3,-1.043
EURGBP,2025-02-17,vente,False,False,False,1,0.9643
EURGBP,2025-02-17,vente,False,False,False,2,0.5684
EURGBP,2025-02-17,vente,False,False,False,3,0.5684
EURGBP,2025-02-21,vente,False,False,False,1,-1.0698
EURGBP,2025-02-21,vente,False,False,False,2,-1.0698
EURGBP,2025-02-21,vente,False,False,False,3,-1.0698
EURGBP,2025-02-26,vente,False,False,False,1,0.3967
EURGBP,2025-02-26,vente,False,False,False,2,0.3967
EURGBP,2025-02-26,vente,False,False,False,3,0.3967
EURGBP,2025-03-04,achat,True,False,False,1,0.9769
EURGBP,2025-03-04,achat,True,False,False,2,1.9769
EURGBP,2025-03-04,achat,True,False,False,3,1.5115
EURGBP,2025-03-07,achat,False,True,False,1,0.913
EURGBP,2025-03-07,achat,False,True,False,2,1.913
EURGBP,2025-03-07,achat,False,True,False,3,2.913
EURGBP,2025-03-12,vente,False,False,False,1,-0.2781
EURGBP,2025-03-12,vente,False,False,False,2,-0.2781
EURGBP,2025-03-12,vente,False,False,False,3,-0.2781
EURGBP,2025-03-14,achat,False,True,False,1,-0.6539
EURGBP,2025-03-14,achat,False,True,False,2,-0.6539
EURGBP,2025-03-14,achat,False,True,False,3,-0.6539
EURGBP,2025-03-19,vente,False,False,False,1,0.9662
EURGBP,2025-03-19,vente,False,False,False,2,0.7521
EURGBP,2025-03-19,vente,False,False,False,3,0.7521
EURGBP,2025-03-24,vente,False,True,False,1,0.9562
EURGBP,2025-03-24,vente,False,True,False,2,0.6533
EURGBP,2025-03-24,vente,False,True,False,3,0.6533
EURGBP,2025-03-28,achat,False,False,False,1,-0.1764
EURGBP,2025-03-28,achat,False,False,False,2,-0.1764
EURGBP,2025-03-28,achat,False,False,False,3,-0.1764
EURGBP,2025-04-01,vente,False,True,False,1,-1.0436
EURGBP,2025-04-01,vente,False,True,False,2,-1.0436
EURGBP,2025-04-01,vente,False,True,False,3,-1.0436
EURGBP,2025-04-09,vente,False,False,False,1,-1.0095
EURGBP,2025-04-09,vente,False,False,False,2,-1.0095
EURGBP,2025-04-09,vente,False,False,False,3,-1.0095
EURGBP,2025-04-10,achat,True,False,False,1,-0.8832
EURGBP,2025-04-10,achat,True,False,False,2,-0.8832
EURGBP,2025-04-10,achat,True,False,False,3,-0.8832
EURGBP,2025-04-14,vente,False,False,False,1,0.3865
EURGBP,2025-04-14,vente,False,False,False,2,0.3865
EURGBP,2025-04-14,vente,False,False,False,3,0.3865
EURGBP,2025-04-16,achat,False,False,False,1,-0.0931
EURGBP,2025-04-16,achat,False,False,False,2,-0.0931
EURGBP,2025-04-16,achat,False,False,False,3,-0.0931
EURGBP,2025-04-21,achat,False,False,False,1,-1.0435
EURGBP,2025-04-21,achat,False,False,False,2,-1.0435
EURGBP,2025-04-21,achat,False,False,False,3,-1.0435
EURGBP,2025-04-22,vente,False,True,False,1,0.2538
EURGBP,2025-04-22,vente,False,True,False,2,0.2538
EURGBP,2025-04-22,vente,False,True,False,3,0.2538
EURGBP,2025-04-28,vente,False,False,False,1,-0.2236
EURGBP,2025-04-28,vente,False,False,False,2,-0.2236
EURGBP,2025-04-28,vente,False,False,False,3,-0.2236
EURGBP,2025-05-05,vente,False,False,False,1,0.9489
EURGBP,2025-05-05,vente,False,False,False,2,1.9489
EURGBP,2025-05-05,vente,False,False,False,3,1.2894
EURGBP,2025-05-08,vente,True,False,False,1,0.9732
EURGBP,2025-05-08,vente,True,False,False,2,1.5759
EURGBP,2025-05-08,vente,True,False,False,3,1.5759
EURGBP,2025-05-14,achat,False,False,False,1,-1.0432
EURGBP,2025-05-14,achat,False,False,False,2,-1.0432
EURGBP,2025-05-14,achat,False,False,False,3,-1.0432
EURGBP,2025-05-20,achat,False,False,False,1,0.9467
EURGBP,2025-05-20,achat,False,False,False,2,-1.0533
EURGBP,2025-05-20,achat,False,False,False,3,-1.0533
EURGBP,2025-05-22,vente,False,False,False,1,0.3941
EURGBP,2025-05-22,vente,False,False,False,2,0.3941
EURGBP,2025-05-22,vente,False,False,False,3,0.3941
EURGBP,2025-05-29,achat,False,True,False,1,-0.2273
EURGBP,2025-05-29,achat,False,True,False,2,-0.2273
EURGBP,2025-05-29,achat,False,True,False,3,-0.2273
EURGBP,2025-06-03,vente,False,False,False,1,-0.3428
EURGBP,2025-06-03,vente,False,False,False,2,-0.3428
EURGBP,2025-06-03,vente,False,False,False,3,-0.3428
EURGBP,2025-06-06,vente,False,False,False,1,-1.0635
EURGBP,2025-06-06,vente,False,False,False,2,-1.0635
EURGBP,2025-06-06,vente,False,False,False,3,-1.0635
EURGBP,2025-06-17,achat,True,False,False,1,0.37
EURGBP,2025-06-17,achat,True,False,False,2,0.37
EURGBP,2025-06-17,achat,True,False,False,3,0.37
EURGBP,2025-06-19,vente,False,False,False,1,-1.0591
EURGBP,2025-06-19,vente,False,False,False,2,-1.0591
EURGBP,2025-06-19,vente,False,False,False,3,-1.0591
EURGBP,2025-06-20,achat,False,False,False,1,-1.0284
EURGBP,2025-06-20,achat,False,False,False,2,-1.0284
EURGBP,2025-06-20,achat,False,False,False,3,-1.0284
EURGBP,2025-06-24,vente,False,False,False,1,-0.3902
EURGBP,2025-06-24,vente,False,False,False,2,-0.3902
EURGBP,2025-06-24,vente,False,False,False,3,-0.3902
EURGBP,2025-06-26,vente,False,False,False,1,-1.0536
EURGBP,2025-06-26,vente,False,False,False,2,-1.0536
EURGBP,2025-06-26,vente,False,False,False,3,-1.0536
EURGBP,2025-06-27,achat,True,False,False,1,0.9672
EURGBP,2025-06-27,achat,True,False,False,2,1.9672
EURGBP,2025-06-27,achat,True,False,False,3,2.9672
EURGBP,2025-07-10,vente,False,True,False,1,-1.0609
EURGBP,2025-07-10,vente,False,True,False,2,-1.0609
EURGBP,2025-07-10,vente,False,True,False,3,-1.0609
EURGBP,2025-07-11,achat,False,True,False,1,0.1652
EURGBP,2025-07-11,achat,False,True,False,2,0.1652
EURGBP,2025-07-11,achat,False,True,False,3,0.1652
EURGBP,2025-07-17,vente,False,False,False,1,-1.0356
EURGBP,2025-07-17,vente,False,False,False,2,-1.0356
EURGBP,2025-07-17,vente,False,False,False,3,-1.0356
EURGBP,2025-07-24,achat,False,False,False,1,0.9681
EURGBP,2025-07-24,achat,False,False,False,2,-1.0319
EURGBP,2025-07-24,achat,False,False,False,3,-1.0319
EURGBP,2025-07-28,vente,True,False,False,1,0.4155
EURGBP,2025-07-28,vente,True,False,False,2,0.4155
EURGBP,2025-07-28,vente,True,False,False,3,0.4155
EURGBP,2025-08-06,achat,False,False,False,1,-1.0326
EURGBP,2025-08-06,achat,False,False,False,2,-1.0326
EURGBP,2025-08-06,achat,False,False,False,3,-1.0326
EURGBP,2025-08-07,vente,True,False,False,1,0.4985
EURGBP,2025-08-07,vente,True,False,False,2,0.4985
EURGBP,2025-08-07,vente,True,False,False,3,0.4985
EURGBP,2025-08-15,achat,False,True,False,1,0.4298
EURGBP,2025-08-15,achat,False,True,False,2,0.4298
EURGBP,2025-08-15,achat,False,True,False,3,0.4298
EURGBP,2025-08-19,vente,False,True,False,1,0.9302
EURGBP,2025-08-19,vente,False,True,False,2,-1.0698
EURGBP,2025-08-19,vente,False,True,False,3,-1.0698
EURGBP,2025-08-20,achat,False,True,False,1,-0.4698
EURGBP,2025-08-20,achat,False,True,False,2,-0.4698
EURGBP,2025-08-20,achat,False,True,False,3,-0.4698
EURGBP,2025-08-25,vente,False,False,False,1,-0.3462
EURGBP,2025-08-25,vente,False,False,False,2,-0.3462
EURGBP,2025-08-25,vente,False,False,False,3,-0.3462
EURGBP,2025-08-27,vente,False,True,False,1,-1.0682
EURGBP,2025-08-27,vente,False,True,False,2,-1.0682
EURGBP,2025-08-27,vente,False,True,False,3,-1.0682
EURGBP,2025-08-28,achat,False,True,False,1,0.9628
EURGBP,2025-08-28,achat,False,True,False,2,1.9628
EURGBP,2025-08-28,achat,False,True,False,3,1.4365
EURGBP,2025-09-01,vente,False,False,False,1,-1.048
EURGBP,2025-09-01,vente,False,False,False,2,-1.048
EURGBP,2025-09-01,vente,False,False,False,3,-1.048
EURGBP,2025-09-02,achat,False,True,False,1,-0.3963
EURGBP,2025-09-02,achat,False,True,False,2,-0.3963
EURGBP,2025-09-02,achat,False,True,False,3,-0.3963
EURGBP,2025-09-09,vente,False,False,False,1,-0.0251
EURGBP,2025-09-09,vente,False,False,False,2,-0.0251
EURGBP,2025-09-09,vente,False,False,False,3,-0.0251
EURGBP,2025-09-12,achat,False,True,False,1,-1.0714
EURGBP,2025-09-12,achat,False,True,False,2,-1.0714
EURGBP,2025-09-12,achat,False,True,False,3,-1.0714
EURGBP,2025-09-16,achat,False,True,False,1,0.4665
EURGBP,2025-09-16,achat,False,True,False,2,0.4665
EURGBP,2025-09-16,achat,False,True,False,3,0.4665
EURGBP,2025-09-18,achat,False,False,False,1,0.9654
EURGBP,2025-09-18,achat,False,False,False,2,1.1009
EURGBP,2025-09-18,achat,False,False,False,3,1.1009
EURGBP,2025-09-24,vente,True,False,False,1,-1.0719
EURGBP,2025-09-24,vente,True,False,False,2,-1.0719
EURGBP,2025-09-24,vente,True,False,False,3,-1.0719
EURGBP,2025-09-25,achat,False,False,False,1,-1.0494
EURGBP,2025-09-25,achat,False,False,False,2,-1.0494
EURGBP,2025-09-25,achat,False,False,False,3,-1.0494
EURGBP,2025-09-30,vente,True,False,False,1,0.9333
EURGBP,2025-09-30,vente,True,False,False,2,1.9333
EURGBP,2025-09-30,vente,True,False,False,3,0.95
EURGBP,2025-10-09,achat,False,False,False,1,0.9442
EURGBP,2025-10-09,achat,False,False,False,2,-1.0558
EURGBP,2025-10-09,achat,False,False,False,3,-1.0558
EURGBP,2025-10-14,achat,False,False,False,1,-1.0264
EURGBP,2025-10-14,achat,False,False,False,2,-1.0264
EURGBP,2025-10-14,achat,False,False,False,3,-1.0264
EURGBP,2025-10-17,vente,False,False,False,1,-0.3361
EURGBP,2025-10-17,vente,False,False,False,2,-0.3361
EURGBP,2025-10-17,vente,False,False,False,3,-0.3361
EURGBP,2025-10-21,vente,False,False,False,1,-1.0682
EURGBP,2025-10-21,vente,False,False,False,2,-1.0682
EURGBP,2025-10-21,vente,False,False,False,3,-1.0682
EURGBP,2025-10-22,achat,False,False,False,1,0.9504
EURGBP,2025-10-22,achat,False,False,False,2,1.9504
EURGBP,2025-10-22,achat,False,False,False,3,1.5826
EURGBP,2025-10-31,vente,False,False,False,1,-1.025
EURGBP,2025-10-31,vente,False,False,False,2,-1.025
EURGBP,2025-10-31,vente,False,False,False,3,-1.025
EURGBP,2025-11-04,achat,True,False,False,1,-0.5425
EURGBP,2025-11-04,achat,True,False,False,2,-0.5425
EURGBP,2025-11-04,achat,True,False,False,3,-0.5425
EURGBP,2025-11-10,vente,False,False,False,1,-1.0517
EURGBP,2025-11-10,vente,False,False,False,2,-1.0517
EURGBP,2025-11-10,vente,False,False,False,3,-1.0517
EURGBP,2025-11-11,achat,True,False,False,1,0.969
EURGBP,2025-11-11,achat,True,False,False,2,0.2946
EURGBP,2025-11-11,achat,True,False,False,3,0.2946
EURGBP,2025-11-14,vente,False,True,False,1,-0.3053
EURGBP,2025-11-14,vente,False,True,False,2,-0.3053
EURGBP,2025-11-14,vente,False,True,False,3,-0.3053
EURGBP,2025-11-19,achat,False,False,False,1,-1.0404
EURGBP,2025-11-19,achat,False,False,False,2,-1.0404
EURGBP,2025-11-19,achat,False,False,False,3,-1.0404
EURGBP,2025-12-03,vente,False,False,False,1,0.067
EURGBP,2025-12-03,vente,False,False,False,2,0.067
EURGBP,2025-12-03,vente,False,False,False,3,0.067
EURGBP,2025-12-09,achat,False,False,False,1,0.9489
EURGBP,2025-12-09,achat,False,False,False,2,1.9489
EURGBP,2025-12-09,achat,False,False,False,3,1.6085
EURGBP,2025-12-11,achat,True,False,False,1,-0.5117
EURGBP,2025-12-11,achat,True,False,False,2,-0.5117
EURGBP,2025-12-11,achat,True,False,False,3,-0.5117
EURGBP,2025-12-16,vente,False,False,False,1,-0.0613
EURGBP,2025-12-16,vente,False,False,False,2,-0.0613
EURGBP,2025-12-16,vente,False,False,False,3,-0.0613
EURGBP,2025-12-25,achat,False,False,False,1,-0.0714
EURGBP,2025-12-25,achat,False,False,False,2,-0.0714
EURGBP,2025-12-25,achat,False,False,False,3,-0.0714
EURGBP,2025-12-30,achat,False,False,False,1,0.9452
EURGBP,2025-12-30,achat,False,False,False,2,-1.0548
EURGBP,2025-12-30,achat,False,False,False,3,-1.0548
EURGBP,2026-01-12,vente,False,False,False,1,-0.3987
EURGBP,2026-01-12,vente,False,False,False,2,-0.3987
EURGBP,2026-01-12,vente,False,False,False,3,-0.3987
EURGBP,2026-01-15,achat,False,False,False,1,0.9504
EURGBP,2026-01-15,achat,False,False,False,2,1.9504
EURGBP,2026-01-15,achat,False,False,False,3,2.0165
EURGBP,2026-01-20,achat,False,False,False,1,-1.0209
EURGBP,2026-01-20,achat,False,False,False,2,-1.0209
EURGBP,2026-01-20,achat,False,False,False,3,-1.0209
EURGBP,2026-01-23,vente,False,False,False,1,-1.0364
EURGBP,2026-01-23,vente,False,False,False,2,-1.0364
EURGBP,2026-01-23,vente,False,False,False,3,-1.0364
EURGBP,2026-01-28,vente,False,False,False,1,0.9661
EURGBP,2026-01-28,vente,False,False,False,2,0.9492
EURGBP,2026-01-28,vente,False,False,False,3,0.9492
EURGBP,2026-02-04,achat,False,True,False,1,0.969
EURGBP,2026-02-04,achat,False,True,False,2,1.969
EURGBP,2026-02-04,achat,False,True,False,3,1.2713
EURGBP,2026-02-19,achat,True,False,False,1,-1.087
EURGBP,2026-02-19,achat,True,False,False,2,-1.087
EURGBP,2026-02-19,achat,True,False,False,3,-1.087
EURGBP,2026-02-26,achat,False,False,False,1,0.9694
EURGBP,2026-02-26,achat,False,False,False,2,-1.0306
EURGBP,2026-02-26,achat,False,False,False,3,-1.0306
EURGBP,2026-03-02,vente,False,False,False,1,0.4521
EURGBP,2026-03-02,vente,False,False,False,2,0.4521
EURGBP,2026-03-02,vente,False,False,False,3,0.4521
EURGBP,2026-03-05,vente,False,False,False,1,0.95
EURGBP,2026-03-05,vente,False,False,False,2,1.95
EURGBP,2026-03-05,vente,False,False,False,3,1.5208
EURGBP,2026-03-19,vente,False,True,False,1,-1.0435
EURGBP,2026-03-19,vente,False,True,False,2,-1.0435
EURGBP,2026-03-19,vente,False,True,False,3,-1.0435
EURGBP,2026-03-20,achat,False,True,False,1,-0.3767
EURGBP,2026-03-20,achat,False,True,False,2,-0.3767
EURGBP,2026-03-20,achat,False,True,False,3,-0.3767
EURGBP,2026-03-27,achat,False,True,False,1,0.9643
EURGBP,2026-03-27,achat,False,True,False,2,0.9732
EURGBP,2026-03-27,achat,False,True,False,3,0.9732
EURGBP,2026-04-13,vente,False,False,False,1,0.9351
EURGBP,2026-04-13,vente,False,False,False,2,-0.2919
EURGBP,2026-04-13,vente,False,False,False,3,-0.2919
EURGBP,2026-04-21,vente,False,False,False,1,0.9588
EURGBP,2026-04-21,vente,False,False,False,2,1.0996
EURGBP,2026-04-21,vente,False,False,False,3,1.0996
EURGBP,2026-04-24,vente,False,False,False,1,-0.1566
EURGBP,2026-04-24,vente,False,False,False,2,-0.1566
EURGBP,2026-04-24,vente,False,False,False,3,-0.1566
EURGBP,2026-04-28,achat,False,False,False,1,-1.0902
EURGBP,2026-04-28,achat,False,False,False,2,-1.0902
EURGBP,2026-04-28,achat,False,False,False,3,-1.0902
EURGBP,2026-05-06,achat,False,True,False,1,0.933
EURGBP,2026-05-06,achat,False,True,False,2,0.7207
EURGBP,2026-05-06,achat,False,True,False,3,0.7207
EURGBP,2026-05-14,achat,False,False,False,1,-1.0224
EURGBP,2026-05-14,achat,False,False,False,2,-1.0224
EURGBP,2026-05-14,achat,False,False,False,3,-1.0224
EURGBP,2026-05-18,vente,True,False,False,1,0.4782
EURGBP,2026-05-18,vente,True,False,False,2,0.4782
EURGBP,2026-05-18,vente,True,False,False,3,0.4782
EURGBP,2026-05-26,achat,False,True,False,1,0.9582
EURGBP,2026-05-26,achat,False,True,False,2,0.662
EURGBP,2026-05-26,achat,False,True,False,3,0.662
EURGBP,2026-06-01,vente,False,False,False,1,-0.397
EURGBP,2026-06-01,vente,False,False,False,2,-0.397
EURGBP,2026-06-01,vente,False,False,False,3,-0.397
EURGBP,2026-06-03,achat,False,True,False,1,-0.1
EURGBP,2026-06-03,achat,False,True,False,2,-0.1
EURGBP,2026-06-03,achat,False,True,False,3,-0.1
EURGBP,2026-06-05,vente,False,False,False,1,0.0405
EURGBP,2026-06-05,vente,False,False,False,2,0.0405
EURGBP,2026-06-05,vente,False,False,False,3,0.0405
EURGBP,2026-06-09,vente,False,True,False,1,-0.1348
EURGBP,2026-06-09,vente,False,True,False,2,-0.1348
EURGBP,2026-06-09,vente,False,True,False,3,-0.1348
EURGBP,2026-06-15,achat,False,True,False,1,0.9314
EURGBP,2026-06-15,achat,False,True,False,2,1.9314
EURGBP,2026-06-15,achat,False,True,False,3,2.1714
EURGBP,2026-06-25,vente,False,True,False,1,-1.093
EURGBP,2026-06-25,vente,False,True,False,2,-1.093
EURGBP,2026-06-25,vente,False,True,False,3,-1.093
EURGBP,2026-06-26,achat,False,True,False,1,-1.0732
EURGBP,2026-06-26,achat,False,True,False,2,-1.0732
EURGBP,2026-06-26,achat,False,True,False,3,-1.0732
EURGBP,2026-06-29,vente,False,True,False,1,0.9351
EURGBP,2026-06-29,vente,False,True,False,2,1.9351
EURGBP,2026-06-29,vente,False,True,False,3,2.9351
EURGBP,2026-07-06,vente,False,False,False,1,0.5959
EURGBP,2026-07-06,vente,False,False,False,2,0.5959
EURGBP,2026-07-06,vente,False,False,False,3,0.5959
EURGBP,2026-07-08,vente,False,False,False,1,-0.0234
EURGBP,2026-07-08,vente,False,False,False,2,-0.0234
EURGBP,2026-07-08,vente,False,False,False,3,-0.0234
EURGBP,2026-07-13,achat,True,False,False,1,0.9124
EURGBP,2026-07-13,achat,True,False,False,2,-1.0876
EURGBP,2026-07-13,achat,True,False,False,3,-1.0876
EURGBP,2026-07-15,vente,False,False,False,1,-0.4419
EURGBP,2026-07-15,vente,False,False,False,2,-0.4419
EURGBP,2026-07-15,vente,False,False,False,3,-0.4419
EURGBP,2026-07-24,vente,False,False,False,1,-1.0494
EURGBP,2026-07-24,vente,False,False,False,2,-1.0494
EURGBP,2026-07-24,vente,False,False,False,3,-1.0494
EURGBP,2026-07-27,achat,False,False,False,1,0.9464
EURGBP,2026-07-27,achat,False,False,False,2,0.1964
EURGBP,2026-07-27,achat,False,False,False,3,0.1964
EURGBP,2026-07-30,vente,False,False,False,1,-0.5108
EURGBP,2026-07-30,vente,False,False,False,2,-0.5108
EURGBP,2026-07-30,vente,False,False,False,3,-0.5108
EURGBP,2026-08-03,achat,False,False,False,1,-0.3315
EURGBP,2026-08-03,achat,False,False,False,2,-0.3315
EURGBP,2026-08-03,achat,False,False,False,3,-0.3315
EURGBP,2026-08-06,vente,False,False,False,1,0.9378
EURGBP,2026-08-06,vente,False,False,False,2,0.9844
EURGBP,2026-08-06,vente,False,False,False,3,0.9844
EURGBP,2026-08-10,vente,False,False,False,1,-0.2082
EURGBP,2026-08-10,vente,False,False,False,2,-0.2082
EURGBP,2026-08-10,vente,False,False,False,3,-0.2082
EURGBP,2026-08-13,achat,False,False,False,1,0.0743
EURGBP,2026-08-13,achat,False,False,False,2,0.0743
EURGBP,2026-08-13,achat,False,False,False,3,0.0743
EURGBP,2026-08-17,achat,False,False,False,1,0.8378
EURGBP,2026-08-17,achat,False,False,False,2,1.8378
EURGBP,2026-08-17,achat,False,False,False,3,2.8378
EURGBP,2026-08-26,achat,False,False,False,1,0.0667
EURGBP,2026-08-26,achat,False,False,False,2,0.0667
EURGBP,2026-08-26,achat,False,False,False,3,0.0667
EURGBP,2026-08-31,achat,False,False,False,1,0.9489
EURGBP,2026-08-31,achat,False,False,False,2,0.7958
EURGBP,2026-08-31,achat,False,False,False,3,0.7958
EURGBP,2026-09-04,vente,False,False,False,1,0.904
EURGBP,2026-09-04,vente,False,False,False,2,0.032
EURGBP,2026-09-04,vente,False,False,False,3,0.032
EURGBP,2026-09-11,vente,False,False,False,1,0.9528
EURGBP,2026-09-11,vente,False,False,False,2,0.1024
EURGBP,2026-09-11,vente,False,False,False,3,0.1024
GBPAUD,2023-12-25,vente,True,False,False,1,0.9599
GBPAUD,2023-12-25,vente,True,False,False,2,-1.0401
GBPAUD,2023-12-25,vente,True,False,False,3,-1.0401
GBPAUD,2023-12-27,achat,False,False,False,1,0.12
GBPAUD,2023-12-27,achat,False,False,False,2,0.12
GBPAUD,2023-12-27,achat,False,False,False,3,0.12
GBPAUD,2023-12-29,achat,False,True,False,1,0.9731
GBPAUD,2023-12-29,achat,False,True,False,2,1.3212
GBPAUD,2023-12-29,achat,False,True,False,3,1.3212
GBPAUD,2024-01-03,achat,False,True,False,1,0.9852
GBPAUD,2024-01-03,achat,False,True,False,2,0.879
GBPAUD,2024-01-03,achat,False,True,False,3,0.879
GBPAUD,2024-01-22,achat,False,False,False,1,-0.2756
GBPAUD,2024-01-22,achat,False,False,False,2,-0.2756
GBPAUD,2024-01-22,achat,False,False,False,3,-0.2756
GBPAUD,2024-01-24,achat,True,False,False,1,-1.0324
GBPAUD,2024-01-24,achat,True,False,False,2,-1.0324
GBPAUD,2024-01-24,achat,True,False,False,3,-1.0324
GBPAUD,2024-01-29,vente,False,False,False,1,-1.0271
GBPAUD,2024-01-29,vente,False,False,False,2,-1.0271
GBPAUD,2024-01-29,vente,False,False,False,3,-1.0271
GBPAUD,2024-02-05,vente,False,False,False,1,-1.0276
GBPAUD,2024-02-05,vente,False,False,False,2,-1.0276
GBPAUD,2024-02-05,vente,False,False,False,3,-1.0276
GBPAUD,2024-02-07,achat,False,False,False,1,0.9697
GBPAUD,2024-02-07,achat,False,False,False,2,-0.316
GBPAUD,2024-02-07,achat,False,False,False,3,-0.316
GBPAUD,2024-02-09,vente,False,False,False,1,-1.0274
GBPAUD,2024-02-09,vente,False,False,False,2,-1.0274
GBPAUD,2024-02-09,vente,False,False,False,3,-1.0274
GBPAUD,2024-02-13,achat,False,False,False,1,-1.0137
GBPAUD,2024-02-13,achat,False,False,False,2,-1.0137
GBPAUD,2024-02-13,achat,False,False,False,3,-1.0137
GBPAUD,2024-02-21,achat,False,False,False,1,0.9595
GBPAUD,2024-02-21,achat,False,False,False,2,1.9595
GBPAUD,2024-02-21,achat,False,False,False,3,1.8152
GBPAUD,2024-02-28,achat,False,True,False,1,-1.0189
GBPAUD,2024-02-28,achat,False,True,False,2,-1.0189
GBPAUD,2024-02-28,achat,False,True,False,3,-1.0189
GBPAUD,2024-03-04,achat,False,True,False,1,-1.02
GBPAUD,2024-03-04,achat,False,True,False,2,-1.02
GBPAUD,2024-03-04,achat,False,True,False,3,-1.02
GBPAUD,2024-03-06,vente,False,False,False,1,0.076
GBPAUD,2024-03-06,vente,False,False,False,2,0.076
GBPAUD,2024-03-06,vente,False,False,False,3,0.076
GBPAUD,2024-03-08,achat,False,False,False,1,-1.0223
GBPAUD,2024-03-08,achat,False,False,False,2,-1.0223
GBPAUD,2024-03-08,achat,False,False,False,3,-1.0223
GBPAUD,2024-03-14,achat,False,False,False,1,0.9647
GBPAUD,2024-03-14,achat,False,False,False,2,1.6229
GBPAUD,2024-03-14,achat,False,False,False,3,1.6229
GBPAUD,2024-03-19,achat,False,True,False,1,-1.0234
GBPAUD,2024-03-19,achat,False,True,False,2,-1.0234
GBPAUD,2024-03-19,achat,False,True,False,3,-1.0234
GBPAUD,2024-03-20,vente,True,False,False,1,0.977
GBPAUD,2024-03-20,vente,True,False,False,2,0.5958
GBPAUD,2024-03-20,vente,True,False,False,3,0.5958
GBPAUD,2024-03-27,achat,False,False,False,1,0.924
GBPAUD,2024-03-27,achat,False,False,False,2,1.924
GBPAUD,2024-03-27,achat,False,False,False,3,2.924
GBPAUD,2024-04-08,vente,True,False,False,1,-1.0349
GBPAUD,2024-04-08,vente,True,False,False,2,-1.0349
GBPAUD,2024-04-08,vente,True,False,False,3,-1.0349
GBPAUD,2024-04-10,achat,False,True,False,1,0.3602
GBPAUD,2024-04-10,achat,False,True,False,2,0.3602
GBPAUD,2024-04-10,achat,False,True,False,3,0.3602
GBPAUD,2024-04-19,vente,True,False,False,1,0.4684
GBPAUD,2024-04-19,vente,True,False,False,2,0.4684
GBPAUD,2024-04-19,vente,True,False,False,3,0.4684
GBPAUD,2024-04-26,vente,False,False,False,1,0.9578
GBPAUD,2024-04-26,vente,False,False,False,2,-1.0422
GBPAUD,2024-04-26,vente,False,False,False,3,-1.0422
GBPAUD,2024-05-09,vente,True,False,False,1,-1.0292
GBPAUD,2024-05-09,vente,True,False,False,2,-1.0292
GBPAUD,2024-05-09,vente,True,False,False,3,-1.0292
GBPAUD,2024-05-15,vente,False,False,False,1,-1.026
GBPAUD,2024-05-15,vente,False,False,False,2,-1.026
GBPAUD,2024-05-15,vente,False,False,False,3,-1.026
GBPAUD,2024-05-24,vente,True,False,False,1,0.9284
GBPAUD,2024-05-24,vente,True,False,False,2,1.9284
GBPAUD,2024-05-24,vente,True,False,False,3,0.4154
GBPAUD,2024-05-31,vente,False,False,False,1,0.9529
GBPAUD,2024-05-31,vente,False,False,False,2,-1.0471
GBPAUD,2024-05-31,vente,False,False,False,3,-1.0471
GBPAUD,2024-06-06,vente,True,False,False,1,-1.0336
GBPAUD,2024-06-06,vente,True,False,False,2,-1.0336
GBPAUD,2024-06-06,vente,True,False,False,3,-1.0336
GBPAUD,2024-06-07,achat,False,True,False,1,-1.0141
GBPAUD,2024-06-07,achat,False,True,False,2,-1.0141
GBPAUD,2024-06-07,achat,False,True,False,3,-1.0141
GBPAUD,2024-06-12,vente,False,False,False,1,-0.0988
GBPAUD,2024-06-12,vente,False,False,False,2,-0.0988
GBPAUD,2024-06-12,vente,False,False,False,3,-0.0988
GBPAUD,2024-06-14,vente,True,False,False,1,0.9711
GBPAUD,2024-06-14,vente,True,False,False,2,1.3202
GBPAUD,2024-06-14,vente,True,False,False,3,1.3202
GBPAUD,2024-06-18,vente,True,False,False,1,0.1892
GBPAUD,2024-06-18,vente,True,False,False,2,0.1892
GBPAUD,2024-06-18,vente,True,False,False,3,0.1892
GBPAUD,2024-06-26,vente,False,True,False,1,-0.1126
GBPAUD,2024-06-26,vente,False,True,False,2,-0.1126
GBPAUD,2024-06-26,vente,False,True,False,3,-0.1126
GBPAUD,2024-06-28,vente,False,False,False,1,-0.2412
GBPAUD,2024-06-28,vente,False,False,False,2,-0.2412
GBPAUD,2024-06-28,vente,False,False,False,3,-0.2412
GBPAUD,2024-07-01,achat,False,False,False,1,-1.0457
GBPAUD,2024-07-01,achat,False,False,False,2,-1.0457
GBPAUD,2024-07-01,achat,False,False,False,3,-1.0457
GBPAUD,2024-07-03,vente,False,False,False,1,-0.2624
GBPAUD,2024-07-03,vente,False,False,False,2,-0.2624
GBPAUD,2024-07-03,vente,False,False,False,3,-0.2624
GBPAUD,2024-07-09,vente,False,False,False,1,-1.0397
GBPAUD,2024-07-09,vente,False,False,False,2,-1.0397
GBPAUD,2024-07-09,vente,False,False,False,3,-1.0397
GBPAUD,2024-07-10,achat,False,False,False,1,0.9688
GBPAUD,2024-07-10,achat,False,False,False,2,1.7244
GBPAUD,2024-07-10,achat,False,False,False,3,1.7244
GBPAUD,2024-08-02,achat,True,False,False,1,0.9851
GBPAUD,2024-08-02,achat,True,False,False,2,1.9851
GBPAUD,2024-08-02,achat,True,False,False,3,-1.0149
GBPAUD,2024-08-14,achat,False,False,False,1,-1.0201
GBPAUD,2024-08-14,achat,False,False,False,2,-1.0201
GBPAUD,2024-08-14,achat,False,False,False,3,-1.0201
GBPAUD,2024-08-16,vente,True,False,False,1,0.9643
GBPAUD,2024-08-16,vente,True,False,False,2,0.1655
GBPAUD,2024-08-16,vente,True,False,False,3,0.1655
GBPAUD,2024-08-28,vente,False,False,False,1,0.9724
GBPAUD,2024-08-28,vente,False,False,False,2,0.9503
GBPAUD,2024-08-28,vente,False,False,False,3,0.9503
GBPAUD,2024-09-03,achat,False,False,False,1,0.8321
GBPAUD,2024-09-03,achat,False,False,False,2,0.8321
GBPAUD,2024-09-03,achat,False,False,False,3,0.8321
GBPAUD,2024-09-06,achat,True,False,False,1,-1.0148
GBPAUD,2024-09-06,achat,True,False,False,2,-1.0148
GBPAUD,2024-09-06,achat,True,False,False,3,-1.0148
GBPAUD,2024-09-11,vente,False,False,False,1,-0.2005
GBPAUD,2024-09-11,vente,False,False,False,2,-0.2005
GBPAUD,2024-09-11,vente,False,False,False,3,-0.2005
GBPAUD,2024-09-13,achat,True,False,False,1,-1.0433
GBPAUD,2024-09-13,achat,True,False,False,2,-1.0433
GBPAUD,2024-09-13,achat,True,False,False,3,-1.0433
GBPAUD,2024-09-17,vente,False,False,False,1,-0.9111
GBPAUD,2024-09-17,vente,False,False,False,2,-0.9111
GBPAUD,2024-09-17,vente,False,False,False,3,-0.9111
GBPAUD,2024-09-20,achat,True,False,False,1,-1.0254
GBPAUD,2024-09-20,achat,True,False,False,2,-1.0254
GBPAUD,2024-09-20,achat,True,False,False,3,-1.0254
GBPAUD,2024-10-01,vente,False,True,False,1,0.9609
GBPAUD,2024-10-01,vente,False,True,False,2,1.9609
GBPAUD,2024-10-01,vente,False,True,False,3,-0.1862
GBPAUD,2024-10-04,achat,False,False,False,1,0.9829
GBPAUD,2024-10-04,achat,False,False,False,2,1.0171
GBPAUD,2024-10-04,achat,False,False,False,3,1.0171
GBPAUD,2024-10-10,vente,False,False,False,1,-1.0252
GBPAUD,2024-10-10,vente,False,False,False,2,-1.0252
GBPAUD,2024-10-10,vente,False,False,False,3,-1.0252
GBPAUD,2024-10-14,achat,False,True,False,1,0.9683
GBPAUD,2024-10-14,achat,False,True,False,2,-0.0876
GBPAUD,2024-10-14,achat,False,True,False,3,-0.0876
GBPAUD,2024-10-22,vente,True,False,False,1,-1.0262
GBPAUD,2024-10-22,vente,True,False,False,2,-1.0262
GBPAUD,2024-10-22,vente,True,False,False,3,-1.0262
GBPAUD,2024-11-05,vente,False,False,False,1,-1.0465
GBPAUD,2024-11-05,vente,False,False,False,2,-1.0465
GBPAUD,2024-11-05,vente,False,False,False,3,-1.0465
GBPAUD,2024-11-08,achat,False,False,False,1,-0.3471
GBPAUD,2024-11-08,achat,False,False,False,2,-0.3471
GBPAUD,2024-11-08,achat,False,False,False,3,-0.3471
GBPAUD,2024-11-13,achat,True,False,False,1,-1.0309
GBPAUD,2024-11-13,achat,True,False,False,2,-1.0309
GBPAUD,2024-11-13,achat,True,False,False,3,-1.0309
GBPAUD,2024-11-15,vente,False,True,False,1,0.9774
GBPAUD,2024-11-15,vente,False,True,False,2,0.8753
GBPAUD,2024-11-15,vente,False,True,False,3,0.8753
GBPAUD,2024-11-21,vente,False,False,False,1,-1.0214
GBPAUD,2024-11-21,vente,False,False,False,2,-1.0214
GBPAUD,2024-11-21,vente,False,False,False,3,-1.0214
GBPAUD,2024-11-25,achat,True,False,False,1,0.9834
GBPAUD,2024-11-25,achat,True,False,False,2,0.844
GBPAUD,2024-11-25,achat,True,False,False,3,0.844
GBPAUD,2024-11-29,achat,False,False,False,1,0.9719
GBPAUD,2024-11-29,achat,False,False,False,2,1.9719
GBPAUD,2024-11-29,achat,False,False,False,3,2.0753
GBPAUD,2024-12-04,achat,False,False,False,1,0.9884
GBPAUD,2024-12-04,achat,False,False,False,2,0.2524
GBPAUD,2024-12-04,achat,False,False,False,3,0.2524
GBPAUD,2024-12-10,achat,False,False,False,1,-0.8707
GBPAUD,2024-12-10,achat,False,False,False,2,-0.8707
GBPAUD,2024-12-10,achat,False,False,False,3,-0.8707
GBPAUD,2024-12-16,achat,False,False,False,1,0.9764
GBPAUD,2024-12-16,achat,False,False,False,2,1.9764
GBPAUD,2024-12-16,achat,False,False,False,3,2.9764
GBPAUD,2024-12-31,achat,False,True,False,1,-1.0346
GBPAUD,2024-12-31,achat,False,True,False,2,-1.0346
GBPAUD,2024-12-31,achat,False,True,False,3,-1.0346
GBPAUD,2025-01-21,achat,False,True,False,1,-1.0301
GBPAUD,2025-01-21,achat,False,True,False,2,-1.0301
GBPAUD,2025-01-21,achat,False,True,False,3,-1.0301
GBPAUD,2025-01-22,vente,False,False,False,1,-1.0299
GBPAUD,2025-01-22,vente,False,False,False,2,-1.0299
GBPAUD,2025-01-22,vente,False,False,False,3,-1.0299
GBPAUD,2025-01-31,vente,True,False,False,1,-1.0407
GBPAUD,2025-01-31,vente,True,False,False,2,-1.0407
GBPAUD,2025-01-31,vente,True,False,False,3,-1.0407
GBPAUD,2025-02-14,vente,False,True,False,1,-0.3686
GBPAUD,2025-02-14,vente,False,True,False,2,-0.3686
GBPAUD,2025-02-14,vente,False,True,False,3,-0.3686
GBPAUD,2025-02-19,vente,False,True,False,1,0.9372
GBPAUD,2025-02-19,vente,False,True,False,2,1.9372
GBPAUD,2025-02-19,vente,False,True,False,3,-1.0628
GBPAUD,2025-02-21,achat,True,False,False,1,0.976
GBPAUD,2025-02-21,achat,True,False,False,2,1.976
GBPAUD,2025-02-21,achat,True,False,False,3,2.0817
GBPAUD,2025-03-11,achat,True,False,False,1,0.9609
GBPAUD,2025-03-11,achat,True,False,False,2,-1.0391
GBPAUD,2025-03-11,achat,True,False,False,3,-1.0391
GBPAUD,2025-03-12,vente,False,True,False,1,0.9825
GBPAUD,2025-03-12,vente,False,True,False,2,0.9783
GBPAUD,2025-03-12,vente,False,True,False,3,0.9783
GBPAUD,2025-03-13,achat,False,False,False,1,-1.0176
GBPAUD,2025-03-13,achat,False,False,False,2,-1.0176
GBPAUD,2025-03-13,achat,False,False,False,3,-1.0176
GBPAUD,2025-03-14,vente,False,True,False,1,0.0346
GBPAUD,2025-03-14,vente,False,True,False,2,0.0346
GBPAUD,2025-03-14,vente,False,True,False,3,0.0346
GBPAUD,2025-03-25,vente,False,False,False,1,-1.0569
GBPAUD,2025-03-25,vente,False,False,False,2,-1.0569
GBPAUD,2025-03-25,vente,False,False,False,3,-1.0569
GBPAUD,2025-03-27,achat,False,False,False,1,0.9759
GBPAUD,2025-03-27,achat,False,False,False,2,1.9759
GBPAUD,2025-03-27,achat,False,False,False,3,-0.0704
GBPAUD,2025-04-01,vente,True,False,False,1,-1.0133
GBPAUD,2025-04-01,vente,True,False,False,2,-1.0133
GBPAUD,2025-04-01,vente,True,False,False,3,-1.0133
GBPAUD,2025-04-02,achat,True,False,False,1,0.9929
GBPAUD,2025-04-02,achat,True,False,False,2,1.9929
GBPAUD,2025-04-02,achat,True,False,False,3,1.1499
GBPAUD,2025-04-04,achat,False,False,False,1,-0.6468
GBPAUD,2025-04-04,achat,False,False,False,2,-0.6468
GBPAUD,2025-04-04,achat,False,False,False,3,-0.6468
GBPAUD,2025-04-09,vente,False,True,False,1,0.0904
GBPAUD,2025-04-09,vente,False,True,False,2,0.0904
GBPAUD,2025-04-09,vente,False,True,False,3,0.0904
GBPAUD,2025-04-14,achat,True,False,False,1,-1.0234
GBPAUD,2025-04-14,achat,True,False,False,2,-1.0234
GBPAUD,2025-04-14,achat,True,False,False,3,-1.0234
GBPAUD,2025-04-16,vente,False,False,False,1,-0.3852
GBPAUD,2025-04-16,vente,False,False,False,2,-0.3852
GBPAUD,2025-04-16,vente,False,False,False,3,-0.3852
GBPAUD,2025-04-18,achat,True,False,False,1,0.9754
GBPAUD,2025-04-18,achat,True,False,False,2,-1.0246
GBPAUD,2025-04-18,achat,True,False,False,3,-1.0246
GBPAUD,2025-04-23,achat,False,False,False,1,0.3317
GBPAUD,2025-04-23,achat,False,False,False,2,0.3317
GBPAUD,2025-04-23,achat,False,False,False,3,0.3317
GBPAUD,2025-04-28,achat,False,False,False,1,0.9792
GBPAUD,2025-04-28,achat,False,False,False,2,-1.0208
GBPAUD,2025-04-28,achat,False,False,False,3,-1.0208
GBPAUD,2025-04-30,vente,True,False,False,1,0.9893
GBPAUD,2025-04-30,vente,True,False,False,2,0.8851
GBPAUD,2025-04-30,vente,True,False,False,3,0.8851
GBPAUD,2025-05-02,vente,False,False,False,1,-0.351
GBPAUD,2025-05-02,vente,False,False,False,2,-0.351
GBPAUD,2025-05-02,vente,False,False,False,3,-0.351
GBPAUD,2025-05-07,achat,True,False,False,1,0.0589
GBPAUD,2025-05-07,achat,True,False,False,2,0.0589
GBPAUD,2025-05-07,achat,True,False,False,3,0.0589
GBPAUD,2025-05-20,achat,False,False,False,1,-0.0188
GBPAUD,2025-05-20,achat,False,False,False,2,-0.0188
GBPAUD,2025-05-20,achat,False,False,False,3,-0.0188
GBPAUD,2025-05-23,vente,False,False,False,1,-1.0204
GBPAUD,2025-05-23,vente,False,False,False,2,-1.0204
GBPAUD,2025-05-23,vente,False,False,False,3,-1.0204
GBPAUD,2025-05-26,achat,False,False,False,1,0.0769
GBPAUD,2025-05-26,achat,False,False,False,2,0.0769
GBPAUD,2025-05-26,achat,False,False,False,3,0.0769
GBPAUD,2025-05-28,vente,True,False,False,1,-1.0248
GBPAUD,2025-05-28,vente,True,False,False,2,-1.0248
GBPAUD,2025-05-28,vente,True,False,False,3,-1.0248
GBPAUD,2025-06-03,achat,False,True,False,1,-1.0323
GBPAUD,2025-06-03,achat,False,True,False,2,-1.0323
GBPAUD,2025-06-03,achat,False,True,False,3,-1.0323
GBPAUD,2025-06-11,achat,False,False,False,1,-0.0781
GBPAUD,2025-06-11,achat,False,False,False,2,-0.0781
GBPAUD,2025-06-11,achat,False,False,False,3,-0.0781
GBPAUD,2025-06-19,achat,False,True,False,1,0.9854
GBPAUD,2025-06-19,achat,False,True,False,2,1.0526
GBPAUD,2025-06-19,achat,False,True,False,3,1.0526
GBPAUD,2025-06-27,achat,False,False,False,1,-1.0389
GBPAUD,2025-06-27,achat,False,False,False,2,-1.0389
GBPAUD,2025-06-27,achat,False,False,False,3,-1.0389
GBPAUD,2025-06-30,vente,True,False,False,1,0.9806
GBPAUD,2025-06-30,vente,True,False,False,2,0.7483
GBPAUD,2025-06-30,vente,True,False,False,3,0.7483
GBPAUD,2025-07-02,vente,False,False,False,1,-1.0132
GBPAUD,2025-07-02,vente,False,False,False,2,-1.0132
GBPAUD,2025-07-02,vente,False,False,False,3,-1.0132
GBPAUD,2025-07-08,vente,False,False,False,1,0.9793
GBPAUD,2025-07-08,vente,False,False,False,2,1.9793
GBPAUD,2025-07-08,vente,False,False,False,3,2.6416
GBPAUD,2025-07-15,achat,False,False,False,1,0.9764
GBPAUD,2025-07-15,achat,False,False,False,2,0.4576
GBPAUD,2025-07-15,achat,False,False,False,3,0.4576
GBPAUD,2025-07-28,achat,False,False,False,1,0.9605
GBPAUD,2025-07-28,achat,False,False,False,2,1.9605
GBPAUD,2025-07-28,achat,False,False,False,3,0.9747
GBPAUD,2025-08-05,achat,True,False,False,1,-1.0833
GBPAUD,2025-08-05,achat,True,False,False,2,-1.0833
GBPAUD,2025-08-05,achat,True,False,False,3,-1.0833
GBPAUD,2025-08-12,achat,False,False,False,1,0.9735
GBPAUD,2025-08-12,achat,False,False,False,2,1.5281
GBPAUD,2025-08-12,achat,False,False,False,3,1.5281
GBPAUD,2025-08-18,vente,False,True,False,1,-1.0459
GBPAUD,2025-08-18,vente,False,True,False,2,-1.0459
GBPAUD,2025-08-18,vente,False,True,False,3,-1.0459
GBPAUD,2025-08-19,achat,False,False,False,1,-0.4828
GBPAUD,2025-08-19,achat,False,False,False,2,-0.4828
GBPAUD,2025-08-19,achat,False,False,False,3,-0.4828
GBPAUD,2025-08-21,vente,True,False,False,1,0.9749
GBPAUD,2025-08-21,vente,True,False,False,2,1.3226
GBPAUD,2025-08-21,vente,True,False,False,3,1.3226
GBPAUD,2025-09-02,vente,False,False,False,1,-0.4588
GBPAUD,2025-09-02,vente,False,False,False,2,-0.4588
GBPAUD,2025-09-02,vente,False,False,False,3,-0.4588
GBPAUD,2025-09-24,vente,True,False,False,1,-0.0703
GBPAUD,2025-09-24,vente,True,False,False,2,-0.0703
GBPAUD,2025-09-24,vente,True,False,False,3,-0.0703
GBPAUD,2025-09-26,achat,False,True,False,1,-1.0304
GBPAUD,2025-09-26,achat,False,True,False,2,-1.0304
GBPAUD,2025-09-26,achat,False,True,False,3,-1.0304
GBPAUD,2025-10-08,vente,False,False,False,1,0.9743
GBPAUD,2025-10-08,vente,False,False,False,2,-1.0257
GBPAUD,2025-10-08,vente,False,False,False,3,-1.0257
GBPAUD,2025-10-10,achat,True,False,False,1,-0.1398
GBPAUD,2025-10-10,achat,True,False,False,2,-0.1398
GBPAUD,2025-10-10,achat,True,False,False,3,-0.1398
GBPAUD,2025-10-31,achat,True,False,False,1,-1.0325
GBPAUD,2025-10-31,achat,True,False,False,2,-1.0325
GBPAUD,2025-10-31,achat,True,False,False,3,-1.0325
GBPAUD,2025-11-06,achat,False,False,False,1,-0.5592
GBPAUD,2025-11-06,achat,False,False,False,2,-0.5592
GBPAUD,2025-11-06,achat,False,False,False,3,-0.5592
GBPAUD,2025-11-10,vente,True,False,False,1,0.9681
GBPAUD,2025-11-10,vente,True,False,False,2,1.9681
GBPAUD,2025-11-10,vente,True,False,False,3,0.0217
GBPAUD,2025-11-13,achat,False,False,False,1,0.2323
GBPAUD,2025-11-13,achat,False,False,False,2,0.2323
GBPAUD,2025-11-13,achat,False,False,False,3,0.2323
GBPAUD,2025-11-20,achat,False,True,False,1,0.9857
GBPAUD,2025-11-20,achat,False,True,False,2,0.2698
GBPAUD,2025-11-20,achat,False,True,False,3,0.2698
GBPAUD,2025-12-03,achat,False,False,False,1,-1.0223
GBPAUD,2025-12-03,achat,False,False,False,2,-1.0223
GBPAUD,2025-12-03,achat,False,False,False,3,-1.0223
GBPAUD,2025-12-09,vente,False,False,False,1,-0.5018
GBPAUD,2025-12-09,vente,False,False,False,2,-0.5018
GBPAUD,2025-12-09,vente,False,False,False,3,-0.5018
GBPAUD,2025-12-15,achat,False,False,False,1,0.9564
GBPAUD,2025-12-15,achat,False,False,False,2,1.9564
GBPAUD,2025-12-15,achat,False,False,False,3,1.5759
GBPAUD,2025-12-18,vente,False,False,False,1,0.9531
GBPAUD,2025-12-18,vente,False,False,False,2,1.3658
GBPAUD,2025-12-18,vente,False,False,False,3,1.3658
GBPAUD,2025-12-26,vente,False,True,False,1,-1.0558
GBPAUD,2025-12-26,vente,False,True,False,2,-1.0558
GBPAUD,2025-12-26,vente,False,True,False,3,-1.0558
GBPAUD,2025-12-29,achat,False,False,False,1,-0.0418
GBPAUD,2025-12-29,achat,False,False,False,2,-0.0418
GBPAUD,2025-12-29,achat,False,False,False,3,-0.0418
GBPAUD,2025-12-31,achat,False,False,False,1,-1.0226
GBPAUD,2025-12-31,achat,False,False,False,2,-1.0226
GBPAUD,2025-12-31,achat,False,False,False,3,-1.0226
GBPAUD,2026-01-06,vente,False,False,False,1,-0.032
GBPAUD,2026-01-06,vente,False,False,False,2,-0.032
GBPAUD,2026-01-06,vente,False,False,False,3,-0.032
GBPAUD,2026-01-08,achat,True,False,False,1,0.9529
GBPAUD,2026-01-08,achat,True,False,False,2,0.5405
GBPAUD,2026-01-08,achat,True,False,False,3,0.5405
GBPAUD,2026-01-12,achat,False,False,False,1,0.9491
GBPAUD,2026-01-12,achat,False,False,False,2,-1.0509
GBPAUD,2026-01-12,achat,False,False,False,3,-1.0509
GBPAUD,2026-01-15,vente,False,True,False,1,-0.0081
GBPAUD,2026-01-15,vente,False,True,False,2,-0.0081
GBPAUD,2026-01-15,vente,False,True,False,3,-0.0081
GBPAUD,2026-01-27,vente,False,False,False,1,0.9527
GBPAUD,2026-01-27,vente,False,False,False,2,1.9527
GBPAUD,2026-01-27,vente,False,False,False,3,2.9527
GBPAUD,2026-02-06,vente,False,False,False,1,0.9866
GBPAUD,2026-02-06,vente,False,False,False,2,1.4984
GBPAUD,2026-02-06,vente,False,False,False,3,1.4984
GBPAUD,2026-02-19,vente,False,False,False,1,-1.0259
GBPAUD,2026-02-19,vente,False,False,False,2,-1.0259
GBPAUD,2026-02-19,vente,False,False,False,3,-1.0259
GBPAUD,2026-02-23,achat,False,False,False,1,-1.0275
GBPAUD,2026-02-23,achat,False,False,False,2,-1.0275
GBPAUD,2026-02-23,achat,False,False,False,3,-1.0275
GBPAUD,2026-02-25,vente,False,True,False,1,0.9698
GBPAUD,2026-02-25,vente,False,True,False,2,1.9698
GBPAUD,2026-02-25,vente,False,True,False,3,2.0048
GBPAUD,2026-03-05,achat,False,True,False,1,-1.0143
GBPAUD,2026-03-05,achat,False,True,False,2,-1.0143
GBPAUD,2026-03-05,achat,False,True,False,3,-1.0143
GBPAUD,2026-03-09,vente,False,True,False,1,0.9803
GBPAUD,2026-03-09,vente,False,True,False,2,1.9803
GBPAUD,2026-03-09,vente,False,True,False,3,0.9686
GBPAUD,2026-03-12,achat,False,False,False,1,-0.4935
GBPAUD,2026-03-12,achat,False,False,False,2,-0.4935
GBPAUD,2026-03-12,achat,False,False,False,3,-0.4935
GBPAUD,2026-03-18,achat,True,False,False,1,0.9776
GBPAUD,2026-03-18,achat,True,False,False,2,1.9776
GBPAUD,2026-03-18,achat,True,False,False,3,2.5641
GBPAUD,2026-04-06,vente,False,False,False,1,-1.1157
GBPAUD,2026-04-06,vente,False,False,False,2,-1.1157
GBPAUD,2026-04-06,vente,False,False,False,3,-1.1157
GBPAUD,2026-04-10,achat,False,False,False,1,-1.0238
GBPAUD,2026-04-10,achat,False,False,False,2,-1.0238
GBPAUD,2026-04-10,achat,False,False,False,3,-1.0238
GBPAUD,2026-04-15,vente,False,False,False,1,0.3836
GBPAUD,2026-04-15,vente,False,False,False,2,0.3836
GBPAUD,2026-04-15,vente,False,False,False,3,0.3836
GBPAUD,2026-04-23,achat,False,False,False,1,-1.0548
GBPAUD,2026-04-23,achat,False,False,False,2,-1.0548
GBPAUD,2026-04-23,achat,False,False,False,3,-1.0548
GBPAUD,2026-04-27,vente,False,False,False,1,-1.0257
GBPAUD,2026-04-27,vente,False,False,False,2,-1.0257
GBPAUD,2026-04-27,vente,False,False,False,3,-1.0257
GBPAUD,2026-04-29,achat,False,False,False,1,-0.4136
GBPAUD,2026-04-29,achat,False,False,False,2,-0.4136
GBPAUD,2026-04-29,achat,False,False,False,3,-0.4136
GBPAUD,2026-05-05,vente,False,False,False,1,0.1895
GBPAUD,2026-05-05,vente,False,False,False,2,0.1895
GBPAUD,2026-05-05,vente,False,False,False,3,0.1895
GBPAUD,2026-05-11,vente,False,False,False,1,0.9479
GBPAUD,2026-05-11,vente,False,False,False,2,1.9479
GBPAUD,2026-05-11,vente,False,False,False,3,2.9479
GBPAUD,2026-06-01,achat,False,False,False,1,0.4943
GBPAUD,2026-06-01,achat,False,False,False,2,0.4943
GBPAUD,2026-06-01,achat,False,False,False,3,0.4943
GBPAUD,2026-06-03,achat,True,False,False,1,0.9692
GBPAUD,2026-06-03,achat,True,False,False,2,1.4822
GBPAUD,2026-06-03,achat,True,False,False,3,1.4822
GBPAUD,2026-06-11,vente,False,True,False,1,0.3251
GBPAUD,2026-06-11,vente,False,True,False,2,0.3251
GBPAUD,2026-06-11,vente,False,True,False,3,0.3251
GBPAUD,2026-06-17,vente,False,False,False,1,0.9693
GBPAUD,2026-06-17,vente,False,False,False,2,0.1067
GBPAUD,2026-06-17,vente,False,False,False,3,0.1067
GBPAUD,2026-06-25,achat,False,False,False,1,0.955
GBPAUD,2026-06-25,achat,False,False,False,2,1.955
GBPAUD,2026-06-25,achat,False,False,False,3,2.955
GBPAUD,2026-07-01,achat,False,False,False,1,-0.1489
GBPAUD,2026-07-01,achat,False,False,False,2,-0.1489
GBPAUD,2026-07-01,achat,False,False,False,3,-0.1489
GBPAUD,2026-07-03,vente,False,False,False,1,-1.0396
GBPAUD,2026-07-03,vente,False,False,False,2,-1.0396
GBPAUD,2026-07-03,vente,False,False,False,3,-1.0396
GBPAUD,2026-07-10,vente,False,False,False,1,0.9618
GBPAUD,2026-07-10,vente,False,False,False,2,-1.0382
GBPAUD,2026-07-10,vente,False,False,False,3,-1.0382
GBPAUD,2026-07-14,vente,False,False,False,1,-1.0237
GBPAUD,2026-07-14,vente,False,False,False,2,-1.0237
GBPAUD,2026-07-14,vente,False,False,False,3,-1.0237
GBPAUD,2026-07-15,achat,False,False,False,1,-1.015
GBPAUD,2026-07-15,achat,False,False,False,2,-1.015
GBPAUD,2026-07-15,achat,False,False,False,3,-1.015
GBPAUD,2026-07-20,vente,True,False,False,1,0.9723
GBPAUD,2026-07-20,vente,True,False,False,2,0.8603
GBPAUD,2026-07-20,vente,True,False,False,3,0.8603
GBPAUD,2026-07-23,vente,False,True,False,1,0.9254
GBPAUD,2026-07-23,vente,False,True,False,2,1.9254
GBPAUD,2026-07-23,vente,False,True,False,3,2.9254
GBPAUD,2026-08-04,vente,False,False,False,1,-0.0364
GBPAUD,2026-08-04,vente,False,False,False,2,-0.0364
GBPAUD,2026-08-04,vente,False,False,False,3,-0.0364
GBPAUD,2026-08-06,achat,False,False,False,1,-1.0446
GBPAUD,2026-08-06,achat,False,False,False,2,-1.0446
GBPAUD,2026-08-06,achat,False,False,False,3,-1.0446
GBPAUD,2026-08-10,achat,False,False,False,1,-1.0369
GBPAUD,2026-08-10,achat,False,False,False,2,-1.0369
GBPAUD,2026-08-10,achat,False,False,False,3,-1.0369
GBPAUD,2026-08-17,vente,False,True,False,1,-1.0413
GBPAUD,2026-08-17,vente,False,True,False,2,-1.0413
GBPAUD,2026-08-17,vente,False,True,False,3,-1.0413
GBPAUD,2026-08-20,achat,False,False,False,1,-1.0316
GBPAUD,2026-08-20,achat,False,False,False,2,-1.0316
GBPAUD,2026-08-20,achat,False,False,False,3,-1.0316
GBPAUD,2026-08-21,vente,False,False,False,1,0.6091
GBPAUD,2026-08-21,vente,False,False,False,2,0.6091
GBPAUD,2026-08-21,vente,False,False,False,3,0.6091
GBPAUD,2026-08-31,vente,False,False,False,1,-1.07
GBPAUD,2026-08-31,vente,False,False,False,2,-1.07
GBPAUD,2026-08-31,vente,False,False,False,3,-1.07
GBPAUD,2026-09-02,vente,False,False,False,1,0.4323
GBPAUD,2026-09-02,vente,False,False,False,2,0.4323
GBPAUD,2026-09-02,vente,False,False,False,3,0.4323
GBPAUD,2026-09-08,vente,False,False,False,1,-1.0794
GBPAUD,2026-09-08,vente,False,False,False,2,-1.0794
GBPAUD,2026-09-08,vente,False,False,False,3,-1.0794
GBPAUD,2026-09-09,achat,True,False,False,1,0.9196
GBPAUD,2026-09-09,achat,True,False,False,2,1.9196
GBPAUD,2026-09-09,achat,True,False,False,3,2.9196
GBPAUD,2026-09-15,vente,False,False,False,1,0.9413
GBPAUD,2026-09-15,vente,False,False,False,2,1.9413
GBPAUD,2026-09-15,vente,False,False,False,3,2.9413
GBPAUD,2026-09-23,achat,True,False,False,1,0.9707
GBPAUD,2026-09-23,achat,True,False,False,2,0.8087
GBPAUD,2026-09-23,achat,True,False,False,3,0.8087
GBPAUD,2026-09-28,achat,False,False,False,1,-1.0488
GBPAUD,2026-09-28,achat,False,False,False,2,-1.0488
GBPAUD,2026-09-28,achat,False,False,False,3,-1.0488
GBPCAD,2023-12-19,achat,False,False,False,1,-1.075
GBPCAD,2023-12-19,achat,False,False,False,2,-1.075
GBPCAD,2023-12-19,achat,False,False,False,3,-1.075
GBPCAD,2023-12-20,vente,True,False,False,1,0.4445
GBPCAD,2023-12-20,vente,True,False,False,2,0.4445
GBPCAD,2023-12-20,vente,True,False,False,3,0.4445
GBPCAD,2023-12-25,vente,False,True,False,1,0.9187
GBPCAD,2023-12-25,vente,False,True,False,2,1.9187
GBPCAD,2023-12-25,vente,False,True,False,3,-1.0813
GBPCAD,2023-12-27,achat,True,False,False,1,-0.3361
GBPCAD,2023-12-27,achat,True,False,False,2,-0.3361
GBPCAD,2023-12-27,achat,True,False,False,3,-0.3361
GBPCAD,2024-01-03,achat,False,False,False,1,0.9722
GBPCAD,2024-01-03,achat,False,False,False,2,0.8443
GBPCAD,2024-01-03,achat,False,False,False,3,0.8443
GBPCAD,2024-01-16,vente,False,False,False,1,-1.0599
GBPCAD,2024-01-16,vente,False,False,False,2,-1.0599
GBPCAD,2024-01-16,vente,False,False,False,3,-1.0599
GBPCAD,2024-01-17,achat,True,False,False,1,0.066
GBPCAD,2024-01-17,achat,True,False,False,2,0.066
GBPCAD,2024-01-17,achat,True,False,False,3,0.066
GBPCAD,2024-01-19,vente,False,True,False,1,-1.0326
GBPCAD,2024-01-19,vente,False,True,False,2,-1.0326
GBPCAD,2024-01-19,vente,False,True,False,3,-1.0326
GBPCAD,2024-01-24,achat,False,False,False,1,-1.0235
GBPCAD,2024-01-24,achat,False,False,False,2,-1.0235
GBPCAD,2024-01-24,achat,False,False,False,3,-1.0235
GBPCAD,2024-02-02,vente,False,False,False,1,0.0102
GBPCAD,2024-02-02,vente,False,False,False,2,0.0102
GBPCAD,2024-02-02,vente,False,False,False,3,0.0102
GBPCAD,2024-02-12,vente,True,False,False,1,-1.0865
GBPCAD,2024-02-12,vente,True,False,False,2,-1.0865
GBPCAD,2024-02-12,vente,True,False,False,3,-1.0865
GBPCAD,2024-02-13,achat,False,False,False,1,-1.0241
GBPCAD,2024-02-13,achat,False,False,False,2,-1.0241
GBPCAD,2024-02-13,achat,False,False,False,3,-1.0241
GBPCAD,2024-02-20,achat,False,False,False,1,0.3811
GBPCAD,2024-02-20,achat,False,False,False,2,0.3811
GBPCAD,2024-02-20,achat,False,False,False,3,0.3811
GBPCAD,2024-02-29,vente,False,False,False,1,-1.034
GBPCAD,2024-02-29,vente,False,False,False,2,-1.034
GBPCAD,2024-02-29,vente,False,False,False,3,-1.034
GBPCAD,2024-03-06,vente,False,False,False,1,-1.0338
GBPCAD,2024-03-06,vente,False,False,False,2,-1.0338
GBPCAD,2024-03-06,vente,False,False,False,3,-1.0338
GBPCAD,2024-03-19,achat,False,False,False,1,-1.0449
GBPCAD,2024-03-19,achat,False,False,False,2,-1.0449
GBPCAD,2024-03-19,achat,False,False,False,3,-1.0449
GBPCAD,2024-04-01,vente,False,True,False,1,-1.0367
GBPCAD,2024-04-01,vente,False,True,False,2,-1.0367
GBPCAD,2024-04-01,vente,False,True,False,3,-1.0367
GBPCAD,2024-04-10,vente,True,False,False,1,-0.0293
GBPCAD,2024-04-10,vente,True,False,False,2,-0.0293
GBPCAD,2024-04-10,vente,True,False,False,3,-0.0293
GBPCAD,2024-04-12,vente,False,False,False,1,-1.0622
GBPCAD,2024-04-12,vente,False,False,False,2,-1.0622
GBPCAD,2024-04-12,vente,False,False,False,3,-1.0622
GBPCAD,2024-04-17,vente,True,False,False,1,0.9654
GBPCAD,2024-04-17,vente,True,False,False,2,1.9654
GBPCAD,2024-04-17,vente,True,False,False,3,2.9654
GBPCAD,2024-04-23,achat,False,False,False,1,0.974
GBPCAD,2024-04-23,achat,False,False,False,2,0.5239
GBPCAD,2024-04-23,achat,False,False,False,3,0.5239
GBPCAD,2024-04-29,achat,False,False,False,1,-0.3651
GBPCAD,2024-04-29,achat,False,False,False,2,-0.3651
GBPCAD,2024-04-29,achat,False,False,False,3,-0.3651
GBPCAD,2024-05-13,achat,False,True,False,1,-1.0632
GBPCAD,2024-05-13,achat,False,True,False,2,-1.0632
GBPCAD,2024-05-13,achat,False,True,False,3,-1.0632
GBPCAD,2024-05-17,achat,True,False,False,1,0.9367
GBPCAD,2024-05-17,achat,True,False,False,2,1.9367
GBPCAD,2024-05-17,achat,True,False,False,3,2.6372
GBPCAD,2024-05-24,vente,False,False,False,1,-0.3223
GBPCAD,2024-05-24,vente,False,False,False,2,-0.3223
GBPCAD,2024-05-24,vente,False,False,False,3,-0.3223
GBPCAD,2024-05-28,achat,False,True,False,1,0.869
GBPCAD,2024-05-28,achat,False,True,False,2,-1.131
GBPCAD,2024-05-28,achat,False,True,False,3,-1.131
GBPCAD,2024-05-31,vente,False,False,False,1,-1.0496
GBPCAD,2024-05-31,vente,False,False,False,2,-1.0496
GBPCAD,2024-05-31,vente,False,False,False,3,-1.0496
GBPCAD,2024-06-03,achat,False,False,False,1,0.1947
GBPCAD,2024-06-03,achat,False,False,False,2,0.1947
GBPCAD,2024-06-03,achat,False,False,False,3,0.1947
GBPCAD,2024-06-11,achat,True,False,False,1,0.9042
GBPCAD,2024-06-11,achat,True,False,False,2,1.9042
GBPCAD,2024-06-11,achat,True,False,False,3,-1.0958
GBPCAD,2024-06-20,vente,False,False,False,1,-0.0632
GBPCAD,2024-06-20,vente,False,False,False,2,-0.0632
GBPCAD,2024-06-20,vente,False,False,False,3,-0.0632
GBPCAD,2024-06-24,achat,False,False,False,1,0.8286
GBPCAD,2024-06-24,achat,False,False,False,2,-1.1714
GBPCAD,2024-06-24,achat,False,False,False,3,-1.1714
GBPCAD,2024-06-26,vente,False,False,False,1,-1.0746
GBPCAD,2024-06-26,vente,False,False,False,2,-1.0746
GBPCAD,2024-06-26,vente,False,False,False,3,-1.0746
GBPCAD,2024-07-01,achat,False,False,False,1,-0.1136
GBPCAD,2024-07-01,achat,False,False,False,2,-0.1136
GBPCAD,2024-07-01,achat,False,False,False,3,-0.1136
GBPCAD,2024-07-03,achat,False,False,False,1,0.913
GBPCAD,2024-07-03,achat,False,False,False,2,1.913
GBPCAD,2024-07-03,achat,False,False,False,3,2.913
GBPCAD,2024-07-05,achat,False,True,False,1,0.1889
GBPCAD,2024-07-05,achat,False,True,False,2,0.1889
GBPCAD,2024-07-05,achat,False,True,False,3,0.1889
GBPCAD,2024-07-10,achat,False,False,False,1,0.962
GBPCAD,2024-07-10,achat,False,False,False,2,1.962
GBPCAD,2024-07-10,achat,False,False,False,3,2.962
GBPCAD,2024-07-22,achat,False,False,False,1,-0.4457
GBPCAD,2024-07-22,achat,False,False,False,2,-0.4457
GBPCAD,2024-07-22,achat,False,False,False,3,-0.4457
GBPCAD,2024-07-24,achat,True,False,False,1,-1.0564
GBPCAD,2024-07-24,achat,True,False,False,2,-1.0564
GBPCAD,2024-07-24,achat,True,False,False,3,-1.0564
GBPCAD,2024-07-25,vente,False,False,False,1,-0.1951
GBPCAD,2024-07-25,vente,False,False,False,2,-0.1951
GBPCAD,2024-07-25,vente,False,False,False,3,-0.1951
GBPCAD,2024-07-30,vente,False,False,False,1,0.9296
GBPCAD,2024-07-30,vente,False,False,False,2,1.9296
GBPCAD,2024-07-30,vente,False,False,False,3,2.9296
GBPCAD,2024-08-02,achat,False,True,False,1,-1.0212
GBPCAD,2024-08-02,achat,False,True,False,2,-1.0212
GBPCAD,2024-08-02,achat,False,True,False,3,-1.0212
GBPCAD,2024-08-05,vente,True,False,False,1,0.9755
GBPCAD,2024-08-05,vente,True,False,False,2,1.9755
GBPCAD,2024-08-05,vente,True,False,False,3,1.1786
GBPCAD,2024-08-08,achat,False,False,False,1,0.9701
GBPCAD,2024-08-08,achat,False,False,False,2,1.2765
GBPCAD,2024-08-08,achat,False,False,False,3,1.2765
GBPCAD,2024-08-15,achat,False,False,False,1,0.9634
GBPCAD,2024-08-15,achat,False,False,False,2,1.0488
GBPCAD,2024-08-15,achat,False,False,False,3,1.0488
GBPCAD,2024-08-20,achat,False,False,False,1,0.9515
GBPCAD,2024-08-20,achat,False,False,False,2,1.6365
GBPCAD,2024-08-20,achat,False,False,False,3,1.6365
GBPCAD,2024-08-26,vente,False,True,False,1,0.9572
GBPCAD,2024-08-26,vente,False,True,False,2,0.3338
GBPCAD,2024-08-26,vente,False,True,False,3,0.3338
GBPCAD,2024-08-28,vente,False,False,False,1,0.9438
GBPCAD,2024-08-28,vente,False,False,False,2,0.7304
GBPCAD,2024-08-28,vente,False,False,False,3,0.7304
GBPCAD,2024-09-05,achat,True,False,False,1,-1.0826
GBPCAD,2024-09-05,achat,True,False,False,2,-1.0826
GBPCAD,2024-09-05,achat,True,False,False,3,-1.0826
GBPCAD,2024-09-09,vente,False,False,False,1,-1.0322
GBPCAD,2024-09-09,vente,False,False,False,2,-1.0322
GBPCAD,2024-09-09,vente,False,False,False,3,-1.0322
GBPCAD,2024-09-11,vente,False,False,False,1,-1.0237
GBPCAD,2024-09-11,vente,False,False,False,2,-1.0237
GBPCAD,2024-09-11,vente,False,False,False,3,-1.0237
GBPCAD,2024-09-12,achat,False,False,False,1,0.9779
GBPCAD,2024-09-12,achat,False,False,False,2,0.5096
GBPCAD,2024-09-12,achat,False,False,False,3,0.5096
GBPCAD,2024-09-18,achat,False,True,False,1,0.9677
GBPCAD,2024-09-18,achat,False,True,False,2,0.9806
GBPCAD,2024-09-18,achat,False,True,False,3,0.9806
GBPCAD,2024-09-24,vente,False,False,False,1,0.951
GBPCAD,2024-09-24,vente,False,False,False,2,-1.049
GBPCAD,2024-09-24,vente,False,False,False,3,-1.049
GBPCAD,2024-09-26,achat,False,False,False,1,-1.0236
GBPCAD,2024-09-26,achat,False,False,False,2,-1.0236
GBPCAD,2024-09-26,achat,False,False,False,3,-1.0236
GBPCAD,2024-10-01,vente,False,True,False,1,0.5251
GBPCAD,2024-10-01,vente,False,True,False,2,0.5251
GBPCAD,2024-10-01,vente,False,True,False,3,0.5251
GBPCAD,2024-10-03,vente,False,False,False,1,-0.7095
GBPCAD,2024-10-03,vente,False,False,False,2,-0.7095
GBPCAD,2024-10-03,vente,False,False,False,3,-0.7095
GBPCAD,2024-10-08,achat,False,False,False,1,0.9498
GBPCAD,2024-10-08,achat,False,False,False,2,1.9498
GBPCAD,2024-10-08,achat,False,False,False,3,1.602
GBPCAD,2024-10-24,achat,False,True,False,1,0.973
GBPCAD,2024-10-24,achat,False,True,False,2,1.1586
GBPCAD,2024-10-24,achat,False,True,False,3,1.1586
GBPCAD,2024-10-30,vente,False,False,False,1,0.9773
GBPCAD,2024-10-30,vente,False,False,False,2,0.088
GBPCAD,2024-10-30,vente,False,False,False,3,0.088
GBPCAD,2024-11-01,achat,False,False,False,1,-1.0348
GBPCAD,2024-11-01,achat,False,False,False,2,-1.0348
GBPCAD,2024-11-01,achat,False,False,False,3,-1.0348
GBPCAD,2024-11-05,achat,True,False,False,1,-1.0698
GBPCAD,2024-11-05,achat,True,False,False,2,-1.0698
GBPCAD,2024-11-05,achat,True,False,False,3,-1.0698
GBPCAD,2024-11-06,vente,False,False,False,1,0.5575
GBPCAD,2024-11-06,vente,False,False,False,2,0.5575
GBPCAD,2024-11-06,vente,False,False,False,3,0.5575
GBPCAD,2024-11-15,vente,False,False,False,1,0.9499
GBPCAD,2024-11-15,vente,False,False,False,2,1.6711
GBPCAD,2024-11-15,vente,False,False,False,3,1.6711
GBPCAD,2024-11-19,vente,False,False,False,1,0.9553
GBPCAD,2024-11-19,vente,False,False,False,2,1.9553
GBPCAD,2024-11-19,vente,False,False,False,3,2.9553
GBPCAD,2024-11-25,achat,False,False,False,1,0.9777
GBPCAD,2024-11-25,achat,False,False,False,2,0.8522
GBPCAD,2024-11-25,achat,False,False,False,3,0.8522
GBPCAD,2024-12-03,achat,True,False,False,1,0.9627
GBPCAD,2024-12-03,achat,True,False,False,2,1.9627
GBPCAD,2024-12-03,achat,True,False,False,3,2.559
GBPCAD,2024-12-11,vente,False,True,False,1,0.9478
GBPCAD,2024-12-11,vente,False,True,False,2,-0.1287
GBPCAD,2024-12-11,vente,False,True,False,3,-0.1287
GBPCAD,2024-12-16,achat,False,False,False,1,0.9729
GBPCAD,2024-12-16,achat,False,False,False,2,-0.6121
GBPCAD,2024-12-16,achat,False,False,False,3,-0.6121
GBPCAD,2024-12-30,vente,False,True,False,1,0.9756
GBPCAD,2024-12-30,vente,False,True,False,2,1.4028
GBPCAD,2024-12-30,vente,False,True,False,3,1.4028
GBPCAD,2025-01-07,vente,True,False,False,1,0.9576
GBPCAD,2025-01-07,vente,True,False,False,2,1.9576
GBPCAD,2025-01-07,vente,True,False,False,3,2.9576
GBPCAD,2025-01-28,vente,False,False,False,1,-1.102
GBPCAD,2025-01-28,vente,False,False,False,2,-1.102
GBPCAD,2025-01-28,vente,False,False,False,3,-1.102
GBPCAD,2025-02-06,vente,False,False,False,1,-0.0193
GBPCAD,2025-02-06,vente,False,False,False,2,-0.0193
GBPCAD,2025-02-06,vente,False,False,False,3,-0.0193
GBPCAD,2025-02-11,achat,False,False,False,1,0.5301
GBPCAD,2025-02-11,achat,False,False,False,2,0.5301
GBPCAD,2025-02-11,achat,False,False,False,3,0.5301
GBPCAD,2025-03-03,achat,False,False,False,1,0.0263
GBPCAD,2025-03-03,achat,False,False,False,2,0.0263
GBPCAD,2025-03-03,achat,False,False,False,3,0.0263
GBPCAD,2025-03-06,vente,False,False,False,1,-1.026
GBPCAD,2025-03-06,vente,False,False,False,2,-1.026
GBPCAD,2025-03-06,vente,False,False,False,3,-1.026
GBPCAD,2025-03-07,achat,False,False,False,1,0.9825
GBPCAD,2025-03-07,achat,False,False,False,2,0.1938
GBPCAD,2025-03-07,achat,False,False,False,3,0.1938
GBPCAD,2025-03-11,achat,False,False,False,1,-1.0264
GBPCAD,2025-03-11,achat,False,False,False,2,-1.0264
GBPCAD,2025-03-11,achat,False,False,False,3,-1.0264
GBPCAD,2025-03-13,achat,False,False,False,1,-1.0282
GBPCAD,2025-03-13,achat,False,False,False,2,-1.0282
GBPCAD,2025-03-13,achat,False,False,False,3,-1.0282
GBPCAD,2025-03-14,vente,False,False,False,1,-0.4217
GBPCAD,2025-03-14,vente,False,False,False,2,-0.4217
GBPCAD,2025-03-14,vente,False,False,False,3,-0.4217
GBPCAD,2025-03-18,achat,True,False,False,1,-0.5727
GBPCAD,2025-03-18,achat,True,False,False,2,-0.5727
GBPCAD,2025-03-18,achat,True,False,False,3,-0.5727
GBPCAD,2025-03-20,vente,False,False,False,1,0.9671
GBPCAD,2025-03-20,vente,False,False,False,2,1.0176
GBPCAD,2025-03-20,vente,False,False,False,3,1.0176
GBPCAD,2025-03-27,achat,False,False,False,1,-0.4846
GBPCAD,2025-03-27,achat,False,False,False,2,-0.4846
GBPCAD,2025-03-27,achat,False,False,False,3,-0.4846
GBPCAD,2025-04-01,vente,False,True,False,1,-1.021
GBPCAD,2025-04-01,vente,False,True,False,2,-1.021
GBPCAD,2025-04-01,vente,False,True,False,3,-1.021
GBPCAD,2025-04-03,vente,False,False,False,1,0.9864
GBPCAD,2025-04-03,vente,False,False,False,2,0.9154
GBPCAD,2025-04-03,vente,False,False,False,3,0.9154
GBPCAD,2025-04-09,vente,False,False,False,1,-1.0146
GBPCAD,2025-04-09,vente,False,False,False,2,-1.0146
GBPCAD,2025-04-09,vente,False,False,False,3,-1.0146
GBPCAD,2025-04-22,vente,False,False,False,1,-0.4633
GBPCAD,2025-04-22,vente,False,False,False,2,-0.4633
GBPCAD,2025-04-22,vente,False,False,False,3,-0.4633
GBPCAD,2025-04-28,achat,False,False,False,1,-1.0196
GBPCAD,2025-04-28,achat,False,False,False,2,-1.0196
GBPCAD,2025-04-28,achat,False,False,False,3,-1.0196
GBPCAD,2025-05-02,vente,False,False,False,1,-1.0385
GBPCAD,2025-05-02,vente,False,False,False,2,-1.0385
GBPCAD,2025-05-02,vente,False,False,False,3,-1.0385
GBPCAD,2025-05-13,achat,False,False,False,1,0.0596
GBPCAD,2025-05-13,achat,False,False,False,2,0.0596
GBPCAD,2025-05-13,achat,False,False,False,3,0.0596
GBPCAD,2025-05-19,achat,False,False,False,1,-0.5927
GBPCAD,2025-05-19,achat,False,False,False,2,-0.5927
GBPCAD,2025-05-19,achat,False,False,False,3,-0.5927
GBPCAD,2025-05-23,achat,False,False,False,1,0.9398
GBPCAD,2025-05-23,achat,False,False,False,2,-0.0683
GBPCAD,2025-05-23,achat,False,False,False,3,-0.0683
GBPCAD,2025-05-28,vente,False,False,False,1,0.9635
GBPCAD,2025-05-28,vente,False,False,False,2,0.1253
GBPCAD,2025-05-28,vente,False,False,False,3,0.1253
GBPCAD,2025-05-30,vente,False,True,False,1,-0.3261
GBPCAD,2025-05-30,vente,False,True,False,2,-0.3261
GBPCAD,2025-05-30,vente,False,True,False,3,-0.3261
GBPCAD,2025-06-05,achat,True,False,False,1,-1.0648
GBPCAD,2025-06-05,achat,True,False,False,2,-1.0648
GBPCAD,2025-06-05,achat,True,False,False,3,-1.0648
GBPCAD,2025-06-06,vente,False,False,False,1,-1.0628
GBPCAD,2025-06-06,vente,False,False,False,2,-1.0628
GBPCAD,2025-06-06,vente,False,False,False,3,-1.0628
GBPCAD,2025-06-10,vente,False,False,False,1,0.1818
GBPCAD,2025-06-10,vente,False,False,False,2,0.1818
GBPCAD,2025-06-10,vente,False,False,False,3,0.1818
GBPCAD,2025-06-17,vente,False,False,False,1,-1.0513
GBPCAD,2025-06-17,vente,False,False,False,2,-1.0513
GBPCAD,2025-06-17,vente,False,False,False,3,-1.0513
GBPCAD,2025-06-19,achat,False,True,False,1,0.9682
GBPCAD,2025-06-19,achat,False,True,False,2,1.9682
GBPCAD,2025-06-19,achat,False,True,False,3,2.4227
GBPCAD,2025-06-30,vente,False,False,False,1,0.9731
GBPCAD,2025-06-30,vente,False,False,False,2,1.1516
GBPCAD,2025-06-30,vente,False,False,False,3,1.1516
GBPCAD,2025-07-02,vente,True,False,False,1,-0.3254
GBPCAD,2025-07-02,vente,True,False,False,2,-0.3254
GBPCAD,2025-07-02,vente,True,False,False,3,-0.3254
GBPCAD,2025-07-08,vente,False,True,False,1,-1.0459
GBPCAD,2025-07-08,vente,False,True,False,2,-1.0459
GBPCAD,2025-07-08,vente,False,True,False,3,-1.0459
GBPCAD,2025-07-10,vente,False,True,False,1,0.9631
GBPCAD,2025-07-10,vente,False,True,False,2,1.9631
GBPCAD,2025-07-10,vente,False,True,False,3,2.107
GBPCAD,2025-07-17,achat,False,False,False,1,-0.5527
GBPCAD,2025-07-17,achat,False,False,False,2,-0.5527
GBPCAD,2025-07-17,achat,False,False,False,3,-0.5527
GBPCAD,2025-07-22,vente,False,False,False,1,-1.0421
GBPCAD,2025-07-22,vente,False,False,False,2,-1.0421
GBPCAD,2025-07-22,vente,False,False,False,3,-1.0421
GBPCAD,2025-07-23,achat,False,True,False,1,-1.0335
GBPCAD,2025-07-23,achat,False,True,False,2,-1.0335
GBPCAD,2025-07-23,achat,False,True,False,3,-1.0335
GBPCAD,2025-07-30,vente,False,False,False,1,0.0987
GBPCAD,2025-07-30,vente,False,False,False,2,0.0987
GBPCAD,2025-07-30,vente,False,False,False,3,0.0987
GBPCAD,2025-08-05,achat,False,False,False,1,0.9088
GBPCAD,2025-08-05,achat,False,False,False,2,1.9088
GBPCAD,2025-08-05,achat,False,False,False,3,2.9088
GBPCAD,2025-08-18,vente,True,False,False,1,-1.0346
GBPCAD,2025-08-18,vente,True,False,False,2,-1.0346
GBPCAD,2025-08-18,vente,True,False,False,3,-1.0346
GBPCAD,2025-08-22,achat,False,True,False,1,-1.0399
GBPCAD,2025-08-22,achat,False,True,False,2,-1.0399
GBPCAD,2025-08-22,achat,False,True,False,3,-1.0399
GBPCAD,2025-09-01,achat,False,False,False,1,-1.0388
GBPCAD,2025-09-01,achat,False,False,False,2,-1.0388
GBPCAD,2025-09-01,achat,False,False,False,3,-1.0388
GBPCAD,2025-09-02,vente,False,True,False,1,-1.0164
GBPCAD,2025-09-02,vente,False,True,False,2,-1.0164
GBPCAD,2025-09-02,vente,False,True,False,3,-1.0164
GBPCAD,2025-09-16,achat,True,False,False,1,0.9007
GBPCAD,2025-09-16,achat,True,False,False,2,1.9007
GBPCAD,2025-09-16,achat,True,False,False,3,-1.0993
GBPCAD,2025-09-18,vente,False,False,False,1,0.9743
GBPCAD,2025-09-18,vente,False,False,False,2,-0.2081
GBPCAD,2025-09-18,vente,False,False,False,3,-0.2081
GBPCAD,2025-10-03,achat,True,False,False,1,-1.0625
GBPCAD,2025-10-03,achat,True,False,False,2,-1.0625
GBPCAD,2025-10-03,achat,True,False,False,3,-1.0625
GBPCAD,2025-10-07,vente,False,False,False,1,0.9642
GBPCAD,2025-10-07,vente,False,False,False,2,0.093
GBPCAD,2025-10-07,vente,False,False,False,3,0.093
GBPCAD,2025-10-10,achat,False,False,False,1,0.6857
GBPCAD,2025-10-10,achat,False,False,False,2,0.6857
GBPCAD,2025-10-10,achat,False,False,False,3,0.6857
GBPCAD,2025-10-15,achat,False,False,False,1,-0.1553
GBPCAD,2025-10-15,achat,False,False,False,2,-0.1553
GBPCAD,2025-10-15,achat,False,False,False,3,-0.1553
GBPCAD,2025-10-17,vente,False,False,False,1,0.9688
GBPCAD,2025-10-17,vente,False,False,False,2,1.5005
GBPCAD,2025-10-17,vente,False,False,False,3,1.5005
GBPCAD,2025-10-27,achat,False,True,False,1,-1.0469
GBPCAD,2025-10-27,achat,False,True,False,2,-1.0469
GBPCAD,2025-10-27,achat,False,True,False,3,-1.0469
GBPCAD,2025-10-28,vente,False,False,False,1,0.3738
GBPCAD,2025-10-28,vente,False,False,False,2,0.3738
GBPCAD,2025-10-28,vente,False,False,False,3,0.3738
GBPCAD,2025-11-04,vente,False,False,False,1,-1.0257
GBPCAD,2025-11-04,vente,False,False,False,2,-1.0257
GBPCAD,2025-11-04,vente,False,False,False,3,-1.0257
GBPCAD,2025-11-11,vente,True,False,False,1,0.9446
GBPCAD,2025-11-11,vente,True,False,False,2,-1.0554
GBPCAD,2025-11-11,vente,True,False,False,3,-1.0554
GBPCAD,2025-11-13,achat,False,True,False,1,-0.7287
GBPCAD,2025-11-13,achat,False,True,False,2,-0.7287
GBPCAD,2025-11-13,achat,False,True,False,3,-0.7287
GBPCAD,2025-11-18,vente,True,False,False,1,-0.7252
GBPCAD,2025-11-18,vente,True,False,False,2,-0.7252
GBPCAD,2025-11-18,vente,True,False,False,3,-0.7252
GBPCAD,2025-11-20,achat,False,False,False,1,0.9732
GBPCAD,2025-11-20,achat,False,False,False,2,1.0438
GBPCAD,2025-11-20,achat,False,False,False,3,1.0438
GBPCAD,2025-12-03,achat,False,False,False,1,-1.0189
GBPCAD,2025-12-03,achat,False,False,False,2,-1.0189
GBPCAD,2025-12-03,achat,False,False,False,3,-1.0189
GBPCAD,2025-12-09,vente,True,False,False,1,-0.0012
GBPCAD,2025-12-09,vente,True,False,False,2,-0.0012
GBPCAD,2025-12-09,vente,True,False,False,3,-0.0012
GBPCAD,2025-12-10,achat,False,False,False,1,-1.0638
GBPCAD,2025-12-10,achat,False,False,False,2,-1.0638
GBPCAD,2025-12-10,achat,False,False,False,3,-1.0638
GBPCAD,2025-12-29,achat,False,False,False,1,-1.0524
GBPCAD,2025-12-29,achat,False,False,False,2,-1.0524
GBPCAD,2025-12-29,achat,False,False,False,3,-1.0524
GBPCAD,2025-12-30,vente,True,False,False,1,-1.0404
GBPCAD,2025-12-30,vente,True,False,False,2,-1.0404
GBPCAD,2025-12-30,vente,True,False,False,3,-1.0404
GBPCAD,2025-12-31,achat,False,True,False,1,0.972
GBPCAD,2025-12-31,achat,False,True,False,2,1.3636
GBPCAD,2025-12-31,achat,False,True,False,3,1.3636
GBPCAD,2026-01-05,achat,False,False,False,1,-0.0812
GBPCAD,2026-01-05,achat,False,False,False,2,-0.0812
GBPCAD,2026-01-05,achat,False,False,False,3,-0.0812
GBPCAD,2026-01-15,vente,False,False,False,1,-0.0946
GBPCAD,2026-01-15,vente,False,False,False,2,-0.0946
GBPCAD,2026-01-15,vente,False,False,False,3,-0.0946
GBPCAD,2026-01-22,achat,True,False,False,1,0.9691
GBPCAD,2026-01-22,achat,True,False,False,2,1.9691
GBPCAD,2026-01-22,achat,True,False,False,3,1.8795
GBPCAD,2026-01-28,vente,False,False,False,1,0.9664
GBPCAD,2026-01-28,vente,False,False,False,2,0.2114
GBPCAD,2026-01-28,vente,False,False,False,3,0.2114
GBPCAD,2026-02-17,vente,False,False,False,1,0.9663
GBPCAD,2026-02-17,vente,False,False,False,2,0.6016
GBPCAD,2026-02-17,vente,False,False,False,3,0.6016
GBPCAD,2026-02-26,vente,False,False,False,1,0.9699
GBPCAD,2026-02-26,vente,False,False,False,2,1.9699
GBPCAD,2026-02-26,vente,False,False,False,3,1.9108
GBPCAD,2026-03-03,vente,False,False,False,1,0.9651
GBPCAD,2026-03-03,vente,False,False,False,2,0.6799
GBPCAD,2026-03-03,vente,False,False,False,3,0.6799
GBPCAD,2026-03-06,vente,True,False,False,1,0.9571
GBPCAD,2026-03-06,vente,True,False,False,2,1.9571
GBPCAD,2026-03-06,vente,True,False,False,3,-1.0429
GBPCAD,2026-03-09,achat,True,False,False,1,-0.1809
GBPCAD,2026-03-09,achat,True,False,False,2,-0.1809
GBPCAD,2026-03-09,achat,True,False,False,3,-0.1809
GBPCAD,2026-03-13,vente,False,False,False,1,-1.0414
GBPCAD,2026-03-13,vente,False,False,False,2,-1.0414
GBPCAD,2026-03-13,vente,False,False,False,3,-1.0414
GBPCAD,2026-03-16,achat,False,True,False,1,0.9631
GBPCAD,2026-03-16,achat,False,True,False,2,1.9631
GBPCAD,2026-03-16,achat,False,True,False,3,2.9631
GBPCAD,2026-03-18,vente,False,False,False,1,-1.0249
GBPCAD,2026-03-18,vente,False,False,False,2,-1.0249
GBPCAD,2026-03-18,vente,False,False,False,3,-1.0249
GBPCAD,2026-03-19,achat,False,False,False,1,0.0564
GBPCAD,2026-03-19,achat,False,False,False,2,0.0564
GBPCAD,2026-03-19,achat,False,False,False,3,0.0564
GBPCAD,2026-03-23,achat,True,False,False,1,0.2014
GBPCAD,2026-03-23,achat,True,False,False,2,0.2014
GBPCAD,2026-03-23,achat,True,False,False,3,0.2014
GBPCAD,2026-03-27,vente,True,False,False,1,0.9562
GBPCAD,2026-03-27,vente,True,False,False,2,-1.0438
GBPCAD,2026-03-27,vente,True,False,False,3,-1.0438
GBPCAD,2026-03-31,achat,False,False,False,1,0.9591
GBPCAD,2026-03-31,achat,False,False,False,2,-0.1583
GBPCAD,2026-03-31,achat,False,False,False,3,-0.1583
GBPCAD,2026-04-06,achat,False,True,False,1,0.8897
GBPCAD,2026-04-06,achat,False,True,False,2,1.8897
GBPCAD,2026-04-06,achat,False,True,False,3,2.8897
GBPCAD,2026-04-09,achat,False,False,False,1,0.908
GBPCAD,2026-04-09,achat,False,False,False,2,1.908
GBPCAD,2026-04-09,achat,False,False,False,3,2.908
GBPCAD,2026-04-23,vente,True,False,False,1,-1.0679
GBPCAD,2026-04-23,vente,True,False,False,2,-1.0679
GBPCAD,2026-04-23,vente,True,False,False,3,-1.0679
GBPCAD,2026-04-24,achat,False,False,False,1,-1.0536
GBPCAD,2026-04-24,achat,False,False,False,2,-1.0536
GBPCAD,2026-04-24,achat,False,False,False,3,-1.0536
GBPCAD,2026-04-28,achat,False,False,False,1,-0.6046
GBPCAD,2026-04-28,achat,False,False,False,2,-0.6046
GBPCAD,2026-04-28,achat,False,False,False,3,-0.6046
GBPCAD,2026-04-29,vente,True,False,False,1,-1.0437
GBPCAD,2026-04-29,vente,True,False,False,2,-1.0437
GBPCAD,2026-04-29,vente,True,False,False,3,-1.0437
GBPCAD,2026-05-08,achat,True,False,False,1,-1.0226
GBPCAD,2026-05-08,achat,True,False,False,2,-1.0226
GBPCAD,2026-05-08,achat,True,False,False,3,-1.0226
GBPCAD,2026-05-12,vente,False,True,False,1,0.961
GBPCAD,2026-05-12,vente,False,True,False,2,1.961
GBPCAD,2026-05-12,vente,False,True,False,3,2.961
GBPCAD,2026-05-18,achat,False,False,False,1,0.3186
GBPCAD,2026-05-18,achat,False,False,False,2,0.3186
GBPCAD,2026-05-18,achat,False,False,False,3,0.3186
GBPCAD,2026-05-20,achat,False,True,False,1,0.9571
GBPCAD,2026-05-20,achat,False,True,False,2,1.9571
GBPCAD,2026-05-20,achat,False,True,False,3,2.342
GBPCAD,2026-05-26,vente,False,True,False,1,0.9476
GBPCAD,2026-05-26,vente,False,True,False,2,0.3438
GBPCAD,2026-05-26,vente,False,True,False,3,0.3438
GBPCAD,2026-06-03,achat,False,True,False,1,0.9323
GBPCAD,2026-06-03,achat,False,True,False,2,-1.0677
GBPCAD,2026-06-03,achat,False,True,False,3,-1.0677
GBPCAD,2026-06-05,vente,False,False,False,1,-0.4044
GBPCAD,2026-06-05,vente,False,False,False,2,-0.4044
GBPCAD,2026-06-05,vente,False,False,False,3,-0.4044
GBPCAD,2026-06-11,achat,False,True,False,1,0.3674
GBPCAD,2026-06-11,achat,False,True,False,2,0.3674
GBPCAD,2026-06-11,achat,False,True,False,3,0.3674
GBPCAD,2026-06-16,achat,True,False,False,1,-1.088
GBPCAD,2026-06-16,achat,True,False,False,2,-1.088
GBPCAD,2026-06-16,achat,True,False,False,3,-1.088
GBPCAD,2026-06-17,vente,False,False,False,1,0.9421
GBPCAD,2026-06-17,vente,False,False,False,2,1.9421
GBPCAD,2026-06-17,vente,False,False,False,3,-0.0618
GBPCAD,2026-06-24,vente,False,False,False,1,-1.0711
GBPCAD,2026-06-24,vente,False,False,False,2,-1.0711
GBPCAD,2026-06-24,vente,False,False,False,3,-1.0711
GBPCAD,2026-07-01,achat,False,False,False,1,0.9594
GBPCAD,2026-07-01,achat,False,False,False,2,1.9594
GBPCAD,2026-07-01,achat,False,False,False,3,2.0095
GBPCAD,2026-07-07,vente,False,False,False,1,-0.1479
GBPCAD,2026-07-07,vente,False,False,False,2,-0.1479
GBPCAD,2026-07-07,vente,False,False,False,3,-0.1479
GBPCAD,2026-07-10,vente,False,False,False,1,0.9575
GBPCAD,2026-07-10,vente,False,False,False,2,1.9575
GBPCAD,2026-07-10,vente,False,False,False,3,-0.5637
GBPCAD,2026-07-15,achat,False,False,False,1,-0.5874
GBPCAD,2026-07-15,achat,False,False,False,2,-0.5874
GBPCAD,2026-07-15,achat,False,False,False,3,-0.5874
GBPCAD,2026-07-27,vente,False,False,False,1,-1.049
GBPCAD,2026-07-27,vente,False,False,False,2,-1.049
GBPCAD,2026-07-27,vente,False,False,False,3,-1.049
GBPCAD,2026-08-03,vente,False,False,False,1,-1.0489
GBPCAD,2026-08-03,vente,False,False,False,2,-1.0489
GBPCAD,2026-08-03,vente,False,False,False,3,-1.0489
GBPCAD,2026-08-04,achat,False,False,False,1,-1.0426
GBPCAD,2026-08-04,achat,False,False,False,2,-1.0426
GBPCAD,2026-08-04,achat,False,False,False,3,-1.0426
GBPCAD,2026-08-11,vente,False,False,False,1,-1.1215
GBPCAD,2026-08-11,vente,False,False,False,2,-1.1215
GBPCAD,2026-08-11,vente,False,False,False,3,-1.1215
GBPCAD,2026-08-13,vente,False,False,False,1,-0.558
GBPCAD,2026-08-13,vente,False,False,False,2,-0.558
GBPCAD,2026-08-13,vente,False,False,False,3,-0.558
GBPCAD,2026-08-19,vente,False,True,False,1,-1.04
GBPCAD,2026-08-19,vente,False,True,False,2,-1.04
GBPCAD,2026-08-19,vente,False,True,False,3,-1.04
GBPCAD,2026-08-21,vente,False,False,False,1,-1.1145
GBPCAD,2026-08-21,vente,False,False,False,2,-1.1145
GBPCAD,2026-08-21,vente,False,False,False,3,-1.1145
GBPCAD,2026-08-24,achat,False,False,False,1,-1.049
GBPCAD,2026-08-24,achat,False,False,False,2,-1.049
GBPCAD,2026-08-24,achat,False,False,False,3,-1.049
GBPCAD,2026-08-26,vente,False,False,False,1,0.9399
GBPCAD,2026-08-26,vente,False,False,False,2,1.9399
GBPCAD,2026-08-26,vente,False,False,False,3,1.8176
GBPCAD,2026-09-02,vente,False,False,False,1,-0.2304
GBPCAD,2026-09-02,vente,False,False,False,2,-0.2304
GBPCAD,2026-09-02,vente,False,False,False,3,-0.2304
GBPCAD,2026-09-04,achat,False,True,False,1,-0.1262
GBPCAD,2026-09-04,achat,False,True,False,2,-0.1262
GBPCAD,2026-09-04,achat,False,True,False,3,-0.1262
GBPCAD,2026-09-09,achat,False,True,False,1,0.9459
GBPCAD,2026-09-09,achat,False,True,False,2,1.0865
GBPCAD,2026-09-09,achat,False,True,False,3,1.0865
GBPCAD,2026-09-11,achat,False,False,False,1,-0.6217
GBPCAD,2026-09-11,achat,False,False,False,2,-0.6217
GBPCAD,2026-09-11,achat,False,False,False,3,-0.6217
GBPCAD,2026-09-18,achat,False,False,False,1,-1.0466
GBPCAD,2026-09-18,achat,False,False,False,2,-1.0466
GBPCAD,2026-09-18,achat,False,False,False,3,-1.0466
GBPCAD,2026-09-23,vente,True,False,False,1,-1.0283
GBPCAD,2026-09-23,vente,True,False,False,2,-1.0283
GBPCAD,2026-09-23,vente,True,False,False,3,-1.0283
NZDJPY,2023-12-18,achat,False,False,False,1,0.9381
NZDJPY,2023-12-18,achat,False,False,False,2,1.9381
NZDJPY,2023-12-18,achat,False,False,False,3,2.9381
NZDJPY,2024-01-03,achat,False,True,False,1,0.9716
NZDJPY,2024-01-03,achat,False,True,False,2,1.0341
NZDJPY,2024-01-03,achat,False,True,False,3,1.0341
NZDJPY,2024-01-08,vente,False,False,False,1,0.9451
NZDJPY,2024-01-08,vente,False,False,False,2,-1.0549
NZDJPY,2024-01-08,vente,False,False,False,3,-1.0549
NZDJPY,2024-01-10,achat,True,False,False,1,-0.777
NZDJPY,2024-01-10,achat,True,False,False,2,-0.777
NZDJPY,2024-01-10,achat,True,False,False,3,-0.777
NZDJPY,2024-01-19,vente,False,False,False,1,-1.1036
NZDJPY,2024-01-19,vente,False,False,False,2,-1.1036
NZDJPY,2024-01-19,vente,False,False,False,3,-1.1036
NZDJPY,2024-02-06,achat,True,False,False,1,0.9462
NZDJPY,2024-02-06,achat,True,False,False,2,1.9462
NZDJPY,2024-02-06,achat,True,False,False,3,2.9462
NZDJPY,2024-02-14,achat,False,True,False,1,0.9655
NZDJPY,2024-02-14,achat,False,True,False,2,1.0155
NZDJPY,2024-02-14,achat,False,True,False,3,1.0155
NZDJPY,2024-02-16,achat,False,True,False,1,0.9659
NZDJPY,2024-02-16,achat,False,True,False,2,1.512
NZDJPY,2024-02-16,achat,False,True,False,3,1.512
NZDJPY,2024-02-26,vente,False,False,False,1,0.9379
NZDJPY,2024-02-26,vente,False,False,False,2,1.9379
NZDJPY,2024-02-26,vente,False,False,False,3,2.9379
NZDJPY,2024-02-28,vente,False,False,False,1,0.0805
NZDJPY,2024-02-28,vente,False,False,False,2,0.0805
NZDJPY,2024-02-28,vente,False,False,False,3,0.0805
NZDJPY,2024-03-05,vente,False,False,False,1,0.9509
NZDJPY,2024-03-05,vente,False,False,False,2,1.2138
NZDJPY,2024-03-05,vente,False,False,False,3,1.2138
NZDJPY,2024-03-12,achat,False,False,False,1,0.9379
NZDJPY,2024-03-12,achat,False,False,False,2,-1.0621
NZDJPY,2024-03-12,achat,False,False,False,3,-1.0621
NZDJPY,2024-03-27,vente,False,True,False,1,0.9603
NZDJPY,2024-03-27,vente,False,True,False,2,0.7877
NZDJPY,2024-03-27,vente,False,True,False,3,0.7877
NZDJPY,2024-04-01,vente,False,False,False,1,-1.0393
NZDJPY,2024-04-01,vente,False,False,False,2,-1.0393
NZDJPY,2024-04-01,vente,False,False,False,3,-1.0393
NZDJPY,2024-04-08,achat,False,True,False,1,0.969
NZDJPY,2024-04-08,achat,False,True,False,2,0.4481
NZDJPY,2024-04-08,achat,False,True,False,3,0.4481
NZDJPY,2024-04-10,vente,True,False,False,1,0.3472
NZDJPY,2024-04-10,vente,True,False,False,2,0.3472
NZDJPY,2024-04-10,vente,True,False,False,3,0.3472
NZDJPY,2024-04-12,vente,False,False,False,1,-0.2797
NZDJPY,2024-04-12,vente,False,False,False,2,-0.2797
NZDJPY,2024-04-12,vente,False,False,False,3,-0.2797
NZDJPY,2024-04-16,achat,False,False,False,1,-1.0307
NZDJPY,2024-04-16,achat,False,False,False,2,-1.0307
NZDJPY,2024-04-16,achat,False,False,False,3,-1.0307
NZDJPY,2024-04-22,achat,False,True,False,1,0.9579
NZDJPY,2024-04-22,achat,False,True,False,2,1.9579
NZDJPY,2024-04-22,achat,False,True,False,3,2.16
NZDJPY,2024-05-13,achat,False,False,False,1,0.9688
NZDJPY,2024-05-13,achat,False,False,False,2,1.6308
NZDJPY,2024-05-13,achat,False,False,False,3,1.6308
NZDJPY,2024-05-22,achat,True,False,False,1,0.9532
NZDJPY,2024-05-22,achat,True,False,False,2,1.9532
NZDJPY,2024-05-22,achat,True,False,False,3,2.021
NZDJPY,2024-05-29,vente,False,False,False,1,0.9476
NZDJPY,2024-05-29,vente,False,False,False,2,1.9476
NZDJPY,2024-05-29,vente,False,False,False,3,-1.0524
NZDJPY,2024-05-31,achat,False,False,False,1,-1.0239
NZDJPY,2024-05-31,achat,False,False,False,2,-1.0239
NZDJPY,2024-05-31,achat,False,False,False,3,-1.0239
NZDJPY,2024-06-04,vente,False,False,False,1,0.0759
NZDJPY,2024-06-04,vente,False,False,False,2,0.0759
NZDJPY,2024-06-04,vente,False,False,False,3,0.0759
NZDJPY,2024-06-25,vente,False,False,False,1,-1.129
NZDJPY,2024-06-25,vente,False,False,False,2,-1.129
NZDJPY,2024-06-25,vente,False,False,False,3,-1.129
NZDJPY,2024-06-27,achat,True,False,False,1,0.9407
NZDJPY,2024-06-27,achat,True,False,False,2,1.2433
NZDJPY,2024-06-27,achat,True,False,False,3,1.2433
NZDJPY,2024-07-02,achat,True,False,False,1,0.9586
NZDJPY,2024-07-02,achat,True,False,False,2,1.176
NZDJPY,2024-07-02,achat,True,False,False,3,1.176
NZDJPY,2024-07-05,achat,False,False,False,1,-1.0353
NZDJPY,2024-07-05,achat,False,False,False,2,-1.0353
NZDJPY,2024-07-05,achat,False,False,False,3,-1.0353
NZDJPY,2024-07-09,achat,False,False,False,1,-1.0482
NZDJPY,2024-07-09,achat,False,False,False,2,-1.0482
NZDJPY,2024-07-09,achat,False,False,False,3,-1.0482
NZDJPY,2024-07-10,vente,False,False,False,1,0.9704
NZDJPY,2024-07-10,vente,False,False,False,2,1.9704
NZDJPY,2024-07-10,vente,False,False,False,3,2.9704
NZDJPY,2024-07-15,vente,False,False,False,1,0.9567
NZDJPY,2024-07-15,vente,False,False,False,2,1.9567
NZDJPY,2024-07-15,vente,False,False,False,3,2.9567
NZDJPY,2024-07-17,vente,False,True,False,1,0.4848
NZDJPY,2024-07-17,vente,False,True,False,2,0.4848
NZDJPY,2024-07-17,vente,False,True,False,3,0.4848
NZDJPY,2024-07-19,vente,True,False,False,1,0.9647
NZDJPY,2024-07-19,vente,True,False,False,2,1.9647
NZDJPY,2024-07-19,vente,True,False,False,3,2.9647
NZDJPY,2024-07-29,vente,False,False,False,1,-1.0361
NZDJPY,2024-07-29,vente,False,False,False,2,-1.0361
NZDJPY,2024-07-29,vente,False,False,False,3,-1.0361
NZDJPY,2024-08-06,vente,False,False,False,1,-1.0254
NZDJPY,2024-08-06,vente,False,False,False,2,-1.0254
NZDJPY,2024-08-06,vente,False,False,False,3,-1.0254
NZDJPY,2024-08-07,achat,False,True,False,1,0.9837
NZDJPY,2024-08-07,achat,False,True,False,2,0.7374
NZDJPY,2024-08-07,achat,False,True,False,3,0.7374
NZDJPY,2024-08-14,vente,False,False,False,1,-1.0168
NZDJPY,2024-08-14,vente,False,False,False,2,-1.0168
NZDJPY,2024-08-14,vente,False,False,False,3,-1.0168
NZDJPY,2024-08-20,vente,True,False,False,1,-1.0256
NZDJPY,2024-08-20,vente,True,False,False,2,-1.0256
NZDJPY,2024-08-20,vente,True,False,False,3,-1.0256
NZDJPY,2024-08-22,achat,False,False,False,1,-1.0317
NZDJPY,2024-08-22,achat,False,False,False,2,-1.0317
NZDJPY,2024-08-22,achat,False,False,False,3,-1.0317
NZDJPY,2024-09-06,vente,False,False,False,1,0.2371
NZDJPY,2024-09-06,vente,False,False,False,2,0.2371
NZDJPY,2024-09-06,vente,False,False,False,3,0.2371
NZDJPY,2024-09-10,vente,False,False,False,1,0.9791
NZDJPY,2024-09-10,vente,False,False,False,2,0.795
NZDJPY,2024-09-10,vente,False,False,False,3,0.795
NZDJPY,2024-09-12,achat,False,False,False,1,-1.0471
NZDJPY,2024-09-12,achat,False,False,False,2,-1.0471
NZDJPY,2024-09-12,achat,False,False,False,3,-1.0471
NZDJPY,2024-09-13,vente,True,False,False,1,-1.022
NZDJPY,2024-09-13,vente,True,False,False,2,-1.022
NZDJPY,2024-09-13,vente,True,False,False,3,-1.022
NZDJPY,2024-09-26,achat,False,False,False,1,-1.014
NZDJPY,2024-09-26,achat,False,False,False,2,-1.014
NZDJPY,2024-09-26,achat,False,False,False,3,-1.014
NZDJPY,2024-09-27,vente,True,False,False,1,-0.7387
NZDJPY,2024-09-27,vente,True,False,False,2,-0.7387
NZDJPY,2024-09-27,vente,True,False,False,3,-0.7387
NZDJPY,2024-10-01,vente,False,False,False,1,-1.0162
NZDJPY,2024-10-01,vente,False,False,False,2,-1.0162
NZDJPY,2024-10-01,vente,False,False,False,3,-1.0162
NZDJPY,2024-10-02,achat,True,False,False,1,-0.6541
NZDJPY,2024-10-02,achat,True,False,False,2,-0.6541
NZDJPY,2024-10-02,achat,True,False,False,3,-0.6541
NZDJPY,2024-10-07,vente,False,False,False,1,0.114
NZDJPY,2024-10-07,vente,False,False,False,2,0.114
NZDJPY,2024-10-07,vente,False,False,False,3,0.114
NZDJPY,2024-10-09,vente,False,False,False,1,-1.0448
NZDJPY,2024-10-09,vente,False,False,False,2,-1.0448
NZDJPY,2024-10-09,vente,False,False,False,3,-1.0448
NZDJPY,2024-10-15,vente,False,True,False,1,-0.5572
NZDJPY,2024-10-15,vente,False,True,False,2,-0.5572
NZDJPY,2024-10-15,vente,False,True,False,3,-0.5572
NZDJPY,2024-10-22,achat,False,False,False,1,0.9703
NZDJPY,2024-10-22,achat,False,False,False,2,-0.4799
NZDJPY,2024-10-22,achat,False,False,False,3,-0.4799
NZDJPY,2024-10-24,vente,False,False,False,1,-1.0303
NZDJPY,2024-10-24,vente,False,False,False,2,-1.0303
NZDJPY,2024-10-24,vente,False,False,False,3,-1.0303
NZDJPY,2024-10-28,achat,False,True,False,1,-1.035
NZDJPY,2024-10-28,achat,False,True,False,2,-1.035
NZDJPY,2024-10-28,achat,False,True,False,3,-1.035
NZDJPY,2024-11-08,vente,True,False,False,1,-0.2776
NZDJPY,2024-11-08,vente,True,False,False,2,-0.2776
NZDJPY,2024-11-08,vente,True,False,False,3,-0.2776
NZDJPY,2024-11-15,vente,False,False,False,1,-1.0165
NZDJPY,2024-11-15,vente,False,False,False,2,-1.0165
NZDJPY,2024-11-15,vente,False,False,False,3,-1.0165
NZDJPY,2024-11-25,vente,False,False,False,1,0.9738
NZDJPY,2024-11-25,vente,False,False,False,2,0.7631
NZDJPY,2024-11-25,vente,False,False,False,3,0.7631
NZDJPY,2024-12-06,vente,False,False,False,1,-1.0218
NZDJPY,2024-12-06,vente,False,False,False,2,-1.0218
NZDJPY,2024-12-06,vente,False,False,False,3,-1.0218
NZDJPY,2024-12-09,achat,False,False,False,1,-0.4016
NZDJPY,2024-12-09,achat,False,False,False,2,-0.4016
NZDJPY,2024-12-09,achat,False,False,False,3,-0.4016
NZDJPY,2024-12-12,vente,False,True,False,1,-1.0286
NZDJPY,2024-12-12,vente,False,True,False,2,-1.0286
NZDJPY,2024-12-12,vente,False,True,False,3,-1.0286
NZDJPY,2024-12-13,achat,False,False,False,1,0.9714
NZDJPY,2024-12-13,achat,False,False,False,2,-1.0286
NZDJPY,2024-12-13,achat,False,False,False,3,-1.0286
NZDJPY,2024-12-17,vente,False,False,False,1,0.9778
NZDJPY,2024-12-17,vente,False,False,False,2,-0.0644
NZDJPY,2024-12-17,vente,False,False,False,3,-0.0644
NZDJPY,2024-12-19,achat,False,False,False,1,0.0679
NZDJPY,2024-12-19,achat,False,False,False,2,0.0679
NZDJPY,2024-12-19,achat,False,False,False,3,0.0679
NZDJPY,2024-12-27,achat,False,False,False,1,0.955
NZDJPY,2024-12-27,achat,False,False,False,2,-1.045
NZDJPY,2024-12-27,achat,False,False,False,3,-1.045
NZDJPY,2024-12-30,vente,False,False,False,1,0.5339
NZDJPY,2024-12-30,vente,False,False,False,2,0.5339
NZDJPY,2024-12-30,vente,False,False,False,3,0.5339
NZDJPY,2025-01-03,achat,False,False,False,1,0.9519
NZDJPY,2025-01-03,achat,False,False,False,2,1.9519
NZDJPY,2025-01-03,achat,False,False,False,3,2.9519
NZDJPY,2025-01-08,vente,False,False,False,1,0.9641
NZDJPY,2025-01-08,vente,False,False,False,2,1.9641
NZDJPY,2025-01-08,vente,False,False,False,3,0.8689
NZDJPY,2025-01-15,vente,False,True,False,1,0.9688
NZDJPY,2025-01-15,vente,False,True,False,2,-0.4493
NZDJPY,2025-01-15,vente,False,True,False,3,-0.4493
NZDJPY,2025-01-22,achat,False,False,False,1,0.9677
NZDJPY,2025-01-22,achat,False,False,False,2,-1.0323
NZDJPY,2025-01-22,achat,False,False,False,3,-1.0323
NZDJPY,2025-01-27,vente,False,True,False,1,0.8285
NZDJPY,2025-01-27,vente,False,True,False,2,0.8285
NZDJPY,2025-01-27,vente,False,True,False,3,0.8285
NZDJPY,2025-02-11,achat,False,False,False,1,0.7732
NZDJPY,2025-02-11,achat,False,False,False,2,0.7732
NZDJPY,2025-02-11,achat,False,False,False,3,0.7732
NZDJPY,2025-02-14,achat,False,False,False,1,-1.0326
NZDJPY,2025-02-14,achat,False,False,False,2,-1.0326
NZDJPY,2025-02-14,achat,False,False,False,3,-1.0326
NZDJPY,2025-03-04,achat,False,False,False,1,-0.1695
NZDJPY,2025-03-04,achat,False,False,False,2,-0.1695
NZDJPY,2025-03-04,achat,False,False,False,3,-0.1695
NZDJPY,2025-03-11,achat,False,False,False,1,0.6453
NZDJPY,2025-03-11,achat,False,False,False,2,0.6453
NZDJPY,2025-03-11,achat,False,False,False,3,0.6453
NZDJPY,2025-03-13,vente,True,False,False,1,-1.0237
NZDJPY,2025-03-13,vente,True,False,False,2,-1.0237
NZDJPY,2025-03-13,vente,True,False,False,3,-1.0237
NZDJPY,2025-03-14,achat,False,False,False,1,0.9827
NZDJPY,2025-03-14,achat,False,False,False,2,0.8591
NZDJPY,2025-03-14,achat,False,False,False,3,0.8591
NZDJPY,2025-03-24,achat,False,False,False,1,0.191
NZDJPY,2025-03-24,achat,False,False,False,2,0.191
NZDJPY,2025-03-24,achat,False,False,False,3,0.191
NZDJPY,2025-03-25,vente,False,True,False,1,-1.043
NZDJPY,2025-03-25,vente,False,True,False,2,-1.043
NZDJPY,2025-03-25,vente,False,True,False,3,-1.043
NZDJPY,2025-03-28,vente,False,False,False,1,0.9799
NZDJPY,2025-03-28,vente,False,False,False,2,-1.0201
NZDJPY,2025-03-28,vente,False,False,False,3,-1.0201
NZDJPY,2025-04-01,achat,False,False,False,1,0.9794
NZDJPY,2025-04-01,achat,False,False,False,2,-1.0206
NZDJPY,2025-04-01,achat,False,False,False,3,-1.0206
NZDJPY,2025-04-02,vente,False,False,False,1,0.9904
NZDJPY,2025-04-02,vente,False,False,False,2,1.9904
NZDJPY,2025-04-02,vente,False,False,False,3,1.3601
NZDJPY,2025-04-08,vente,False,False,False,1,-1.0079
NZDJPY,2025-04-08,vente,False,False,False,2,-1.0079
NZDJPY,2025-04-08,vente,False,False,False,3,-1.0079
NZDJPY,2025-04-09,achat,True,False,False,1,0.2691
NZDJPY,2025-04-09,achat,True,False,False,2,0.2691
NZDJPY,2025-04-09,achat,True,False,False,3,0.2691
NZDJPY,2025-04-11,achat,False,False,False,1,0.9854
NZDJPY,2025-04-11,achat,False,False,False,2,0.4397
NZDJPY,2025-04-11,achat,False,False,False,3,0.4397
NZDJPY,2025-04-17,achat,False,False,False,1,-1.0254
NZDJPY,2025-04-17,achat,False,False,False,2,-1.0254
NZDJPY,2025-04-17,achat,False,False,False,3,-1.0254
NZDJPY,2025-04-28,vente,False,False,False,1,-1.0247
NZDJPY,2025-04-28,vente,False,False,False,2,-1.0247
NZDJPY,2025-04-28,vente,False,False,False,3,-1.0247
NZDJPY,2025-04-30,achat,False,False,False,1,0.9719
NZDJPY,2025-04-30,achat,False,False,False,2,1.9719
NZDJPY,2025-04-30,achat,False,False,False,3,1.0464
NZDJPY,2025-05-05,vente,False,True,False,1,-0.6545
NZDJPY,2025-05-05,vente,False,True,False,2,-0.6545
NZDJPY,2025-05-05,vente,False,True,False,3,-0.6545
NZDJPY,2025-05-07,vente,False,True,False,1,-1.028
NZDJPY,2025-05-07,vente,False,True,False,2,-1.028
NZDJPY,2025-05-07,vente,False,True,False,3,-1.028
NZDJPY,2025-05-08,achat,False,False,False,1,0.9736
NZDJPY,2025-05-08,achat,False,False,False,2,1.9736
NZDJPY,2025-05-08,achat,False,False,False,3,1.9012
NZDJPY,2025-05-12,achat,False,True,False,1,0.9715
NZDJPY,2025-05-12,achat,False,True,False,2,-1.0285
NZDJPY,2025-05-12,achat,False,True,False,3,-1.0285
NZDJPY,2025-05-14,vente,True,False,False,1,0.9839
NZDJPY,2025-05-14,vente,True,False,False,2,0.3984
NZDJPY,2025-05-14,vente,True,False,False,3,0.3984
NZDJPY,2025-05-23,achat,False,False,False,1,0.9703
NZDJPY,2025-05-23,achat,False,False,False,2,1.9703
NZDJPY,2025-05-23,achat,False,False,False,3,2.0981
NZDJPY,2025-05-27,achat,True,False,False,1,0.9649
NZDJPY,2025-05-27,achat,True,False,False,2,1.9649
NZDJPY,2025-05-27,achat,True,False,False,3,0.2056
NZDJPY,2025-06-02,achat,False,False,False,1,0.9458
NZDJPY,2025-06-02,achat,False,False,False,2,-1.0542
NZDJPY,2025-06-02,achat,False,False,False,3,-1.0542
NZDJPY,2025-06-04,vente,False,False,False,1,-1.0237
NZDJPY,2025-06-04,vente,False,False,False,2,-1.0237
NZDJPY,2025-06-04,vente,False,False,False,3,-1.0237
NZDJPY,2025-06-05,achat,False,False,False,1,0.9732
NZDJPY,2025-06-05,achat,False,False,False,2,1.3695
NZDJPY,2025-06-05,achat,False,False,False,3,1.3695
NZDJPY,2025-06-11,vente,False,False,False,1,0.9743
NZDJPY,2025-06-11,vente,False,False,False,2,-1.0257
NZDJPY,2025-06-11,vente,False,False,False,3,-1.0257
NZDJPY,2025-06-16,achat,False,False,False,1,-1.0239
NZDJPY,2025-06-16,achat,False,False,False,2,-1.0239
NZDJPY,2025-06-16,achat,False,False,False,3,-1.0239
NZDJPY,2025-06-23,achat,False,False,False,1,0.279
NZDJPY,2025-06-23,achat,False,False,False,2,0.279
NZDJPY,2025-06-23,achat,False,False,False,3,0.279
NZDJPY,2025-06-24,vente,True,False,False,1,-1.04
NZDJPY,2025-06-24,vente,True,False,False,2,-1.04
NZDJPY,2025-06-24,vente,True,False,False,3,-1.04
NZDJPY,2025-06-25,achat,False,False,False,1,-0.224
NZDJPY,2025-06-25,achat,False,False,False,2,-0.224
NZDJPY,2025-06-25,achat,False,False,False,3,-0.224
NZDJPY,2025-07-03,achat,False,False,False,1,-1.0268
NZDJPY,2025-07-03,achat,False,False,False,2,-1.0268
NZDJPY,2025-07-03,achat,False,False,False,3,-1.0268
NZDJPY,2025-07-10,achat,True,False,False,1,0.2452
NZDJPY,2025-07-10,achat,True,False,False,2,0.2452
NZDJPY,2025-07-10,achat,True,False,False,3,0.2452
NZDJPY,2025-07-14,vente,False,False,False,1,-1.0704
NZDJPY,2025-07-14,vente,False,False,False,2,-1.0704
NZDJPY,2025-07-14,vente,False,False,False,3,-1.0704
NZDJPY,2025-07-15,achat,False,False,False,1,-1.049
NZDJPY,2025-07-15,achat,False,False,False,2,-1.049
NZDJPY,2025-07-15,achat,False,False,False,3,-1.049
NZDJPY,2025-07-16,vente,False,True,False,1,-0.0333
NZDJPY,2025-07-16,vente,False,True,False,2,-0.0333
NZDJPY,2025-07-16,vente,False,True,False,3,-0.0333
NZDJPY,2025-07-28,vente,False,False,False,1,0.9532
NZDJPY,2025-07-28,vente,False,False,False,2,-0.3372
NZDJPY,2025-07-28,vente,False,False,False,3,-0.3372
NZDJPY,2025-07-31,achat,False,False,False,1,-1.0211
NZDJPY,2025-07-31,achat,False,False,False,2,-1.0211
NZDJPY,2025-07-31,achat,False,False,False,3,-1.0211
NZDJPY,2025-08-01,vente,False,True,False,1,-0.032
NZDJPY,2025-08-01,vente,False,True,False,2,-0.032
NZDJPY,2025-08-01,vente,False,True,False,3,-0.032
NZDJPY,2025-08-05,achat,False,False,False,1,0.9611
NZDJPY,2025-08-05,achat,False,False,False,2,1.4883
NZDJPY,2025-08-05,achat,False,False,False,3,1.4883
NZDJPY,2025-08-13,vente,False,False,False,1,0.9494
NZDJPY,2025-08-13,vente,False,False,False,2,1.9494
NZDJPY,2025-08-13,vente,False,False,False,3,0.8658
NZDJPY,2025-08-18,achat,True,False,False,1,-1.0567
NZDJPY,2025-08-18,achat,True,False,False,2,-1.0567
NZDJPY,2025-08-18,achat,True,False,False,3,-1.0567
NZDJPY,2025-08-19,vente,True,False,False,1,0.9659
NZDJPY,2025-08-19,vente,True,False,False,2,1.9659
NZDJPY,2025-08-19,vente,True,False,False,3,1.5068
NZDJPY,2025-08-28,achat,False,True,False,1,0.9286
NZDJPY,2025-08-28,achat,False,True,False,2,1.9286
NZDJPY,2025-08-28,achat,False,True,False,3,2.4251
NZDJPY,2025-09-16,vente,False,False,False,1,0.9301
NZDJPY,2025-09-16,vente,False,False,False,2,1.9301
NZDJPY,2025-09-16,vente,False,False,False,3,2.9301
NZDJPY,2025-09-23,vente,False,False,False,1,-1.0704
NZDJPY,2025-09-23,vente,False,False,False,2,-1.0704
NZDJPY,2025-09-23,vente,False,False,False,3,-1.0704
NZDJPY,2025-09-25,vente,False,False,False,1,0.9464
NZDJPY,2025-09-25,vente,False,False,False,2,1.9464
NZDJPY,2025-09-25,vente,False,False,False,3,1.5014
NZDJPY,2025-10-09,vente,False,True,False,1,0.9652
NZDJPY,2025-10-09,vente,False,True,False,2,1.9652
NZDJPY,2025-10-09,vente,False,True,False,3,2.3467
NZDJPY,2025-10-14,vente,True,False,False,1,0.9712
NZDJPY,2025-10-14,vente,True,False,False,2,0.5533
NZDJPY,2025-10-14,vente,True,False,False,3,0.5533
NZDJPY,2025-10-23,achat,False,False,False,1,-0.0709
NZDJPY,2025-10-23,achat,False,False,False,2,-0.0709
NZDJPY,2025-10-23,achat,False,False,False,3,-0.0709
NZDJPY,2025-10-28,vente,False,False,False,1,-1.0461
NZDJPY,2025-10-28,vente,False,False,False,2,-1.0461
NZDJPY,2025-10-28,vente,False,False,False,3,-1.0461
NZDJPY,2025-11-06,vente,True,False,False,1,-0.8553
NZDJPY,2025-11-06,vente,True,False,False,2,-0.8553
NZDJPY,2025-11-06,vente,True,False,False,3,-0.8553
NZDJPY,2025-11-14,achat,True,False,False,1,0.6004
NZDJPY,2025-11-14,achat,True,False,False,2,0.6004
NZDJPY,2025-11-14,achat,True,False,False,3,0.6004
NZDJPY,2025-11-20,vente,False,True,False,1,0.1422
NZDJPY,2025-11-20,vente,False,True,False,2,0.1422
NZDJPY,2025-11-20,vente,False,True,False,3,0.1422
NZDJPY,2025-11-25,vente,False,False,False,1,-1.0858
NZDJPY,2025-11-25,vente,False,False,False,2,-1.0858
NZDJPY,2025-11-25,vente,False,False,False,3,-1.0858
NZDJPY,2025-11-26,achat,False,False,False,1,-0.0653
NZDJPY,2025-11-26,achat,False,False,False,2,-0.0653
NZDJPY,2025-11-26,achat,False,False,False,3,-0.0653
NZDJPY,2025-12-01,vente,False,False,False,1,-1.0509
NZDJPY,2025-12-01,vente,False,False,False,2,-1.0509
NZDJPY,2025-12-01,vente,False,False,False,3,-1.0509
NZDJPY,2025-12-02,achat,False,False,False,1,0.6193
NZDJPY,2025-12-02,achat,False,False,False,2,0.6193
NZDJPY,2025-12-02,achat,False,False,False,3,0.6193
NZDJPY,2025-12-04,vente,True,False,False,1,-1.0465
NZDJPY,2025-12-04,vente,True,False,False,2,-1.0465
NZDJPY,2025-12-04,vente,True,False,False,3,-1.0465
NZDJPY,2025-12-05,achat,False,False,False,1,0.9645
NZDJPY,2025-12-05,achat,False,False,False,2,1.9645
NZDJPY,2025-12-05,achat,False,False,False,3,1.5133
NZDJPY,2025-12-15,vente,False,False,False,1,-0.2241
NZDJPY,2025-12-15,vente,False,False,False,2,-0.2241
NZDJPY,2025-12-15,vente,False,False,False,3,-0.2241
NZDJPY,2025-12-17,achat,False,False,False,1,0.9535
NZDJPY,2025-12-17,achat,False,False,False,2,1.9535
NZDJPY,2025-12-17,achat,False,False,False,3,2.9535
NZDJPY,2025-12-29,vente,False,True,False,1,0.5408
NZDJPY,2025-12-29,vente,False,True,False,2,0.5408
NZDJPY,2025-12-29,vente,False,True,False,3,0.5408
NZDJPY,2026-01-09,achat,True,False,False,1,0.9474
NZDJPY,2026-01-09,achat,True,False,False,2,1.9474
NZDJPY,2026-01-09,achat,True,False,False,3,2.9474
NZDJPY,2026-01-14,vente,False,False,False,1,-1.0344
NZDJPY,2026-01-14,vente,False,False,False,2,-1.0344
NZDJPY,2026-01-14,vente,False,False,False,3,-1.0344
NZDJPY,2026-01-16,vente,False,True,False,1,-1.0697
NZDJPY,2026-01-16,vente,False,True,False,2,-1.0697
NZDJPY,2026-01-16,vente,False,True,False,3,-1.0697
NZDJPY,2026-01-19,achat,False,False,False,1,0.9779
NZDJPY,2026-01-19,achat,False,False,False,2,1.9779
NZDJPY,2026-01-19,achat,False,False,False,3,2.3355
NZDJPY,2026-01-28,achat,False,False,False,1,0.5542
NZDJPY,2026-01-28,achat,False,False,False,2,0.5542
NZDJPY,2026-01-28,achat,False,False,False,3,0.5542
NZDJPY,2026-02-06,achat,False,False,False,1,-1.0114
NZDJPY,2026-02-06,achat,False,False,False,2,-1.0114
NZDJPY,2026-02-06,achat,False,False,False,3,-1.0114
NZDJPY,2026-02-19,achat,False,False,False,1,-1.0426
NZDJPY,2026-02-19,achat,False,False,False,2,-1.0426
NZDJPY,2026-02-19,achat,False,False,False,3,-1.0426
NZDJPY,2026-02-23,vente,True,False,False,1,-1.0393
NZDJPY,2026-02-23,vente,True,False,False,2,-1.0393
NZDJPY,2026-02-23,vente,True,False,False,3,-1.0393
NZDJPY,2026-02-24,achat,False,False,False,1,0.976
NZDJPY,2026-02-24,achat,False,False,False,2,0.7011
NZDJPY,2026-02-24,achat,False,False,False,3,0.7011
NZDJPY,2026-03-03,vente,False,True,False,1,-0.2349
NZDJPY,2026-03-03,vente,False,True,False,2,-0.2349
NZDJPY,2026-03-03,vente,False,True,False,3,-0.2349
NZDJPY,2026-03-12,vente,False,True,False,1,0.9741
NZDJPY,2026-03-12,vente,False,True,False,2,0.1294
NZDJPY,2026-03-12,vente,False,True,False,3,0.1294
NZDJPY,2026-03-30,vente,False,False,False,1,0.9589
NZDJPY,2026-03-30,vente,False,False,False,2,0.3881
NZDJPY,2026-03-30,vente,False,False,False,3,0.3881
NZDJPY,2026-04-06,achat,False,False,False,1,0.954
NZDJPY,2026-04-06,achat,False,False,False,2,1.954
NZDJPY,2026-04-06,achat,False,False,False,3,2.954
NZDJPY,2026-04-13,achat,True,False,False,1,0.2369
NZDJPY,2026-04-13,achat,True,False,False,2,0.2369
NZDJPY,2026-04-13,achat,True,False,False,3,0.2369
NZDJPY,2026-04-16,vente,False,True,False,1,0.931
NZDJPY,2026-04-16,vente,False,True,False,2,-1.069
NZDJPY,2026-04-16,vente,False,True,False,3,-1.069
NZDJPY,2026-04-20,achat,False,False,False,1,-0.5667
NZDJPY,2026-04-20,achat,False,False,False,2,-0.5667
NZDJPY,2026-04-20,achat,False,False,False,3,-0.5667
NZDJPY,2026-04-23,vente,False,False,False,1,-1.0267
NZDJPY,2026-04-23,vente,False,False,False,2,-1.0267
NZDJPY,2026-04-23,vente,False,False,False,3,-1.0267
NZDJPY,2026-05-05,achat,False,False,False,1,0.4673
NZDJPY,2026-05-05,achat,False,False,False,2,0.4673
NZDJPY,2026-05-05,achat,False,False,False,3,0.4673
NZDJPY,2026-05-08,achat,False,False,False,1,0.9561
NZDJPY,2026-05-08,achat,False,False,False,2,0.2127
NZDJPY,2026-05-08,achat,False,False,False,3,0.2127
NZDJPY,2026-05-13,vente,False,False,False,1,0.9545
NZDJPY,2026-05-13,vente,False,False,False,2,1.9545
NZDJPY,2026-05-13,vente,False,False,False,3,0.6659
NZDJPY,2026-05-22,vente,False,False,False,1,-1.0496
NZDJPY,2026-05-22,vente,False,False,False,2,-1.0496
NZDJPY,2026-05-22,vente,False,False,False,3,-1.0496
NZDJPY,2026-05-27,achat,False,False,False,1,0.9809
NZDJPY,2026-05-27,achat,False,False,False,2,0.6969
NZDJPY,2026-05-27,achat,False,False,False,3,0.6969
NZDJPY,2026-06-11,achat,True,False,False,1,0.1516
NZDJPY,2026-06-11,achat,True,False,False,2,0.1516
NZDJPY,2026-06-11,achat,True,False,False,3,0.1516
NZDJPY,2026-06-15,vente,False,True,False,1,0.9575
NZDJPY,2026-06-15,vente,False,True,False,2,1.1316
NZDJPY,2026-06-15,vente,False,True,False,3,1.1316
NZDJPY,2026-06-17,vente,False,True,False,1,0.504
NZDJPY,2026-06-17,vente,False,True,False,2,0.504
NZDJPY,2026-06-17,vente,False,True,False,3,0.504
NZDJPY,2026-06-19,vente,False,False,False,1,0.932
NZDJPY,2026-06-19,vente,False,False,False,2,1.932
NZDJPY,2026-06-19,vente,False,False,False,3,2.932
NZDJPY,2026-06-26,vente,False,True,False,1,-1.0881
NZDJPY,2026-06-26,vente,False,True,False,2,-1.0881
NZDJPY,2026-06-26,vente,False,True,False,3,-1.0881
NZDJPY,2026-06-29,achat,False,True,False,1,0.9523
NZDJPY,2026-06-29,achat,False,True,False,2,1.9523
NZDJPY,2026-06-29,achat,False,True,False,3,0.9165
NZDJPY,2026-07-08,achat,False,False,False,1,0.9754
NZDJPY,2026-07-08,achat,False,False,False,2,0.8747
NZDJPY,2026-07-08,achat,False,False,False,3,0.8747
NZDJPY,2026-07-13,achat,False,False,False,1,0.9582
NZDJPY,2026-07-13,achat,False,False,False,2,1.9582
NZDJPY,2026-07-13,achat,False,False,False,3,2.9582
NZDJPY,2026-07-24,achat,False,False,False,1,-1.0743
NZDJPY,2026-07-24,achat,False,False,False,2,-1.0743
NZDJPY,2026-07-24,achat,False,False,False,3,-1.0743
NZDJPY,2026-07-27,vente,True,False,False,1,-1.0372
NZDJPY,2026-07-27,vente,True,False,False,2,-1.0372
NZDJPY,2026-07-27,vente,True,False,False,3,-1.0372
NZDJPY,2026-07-30,vente,False,False,False,1,0.9837
NZDJPY,2026-07-30,vente,False,False,False,2,1.1561
NZDJPY,2026-07-30,vente,False,False,False,3,1.1561
NZDJPY,2026-08-14,achat,False,False,False,1,0.0351
NZDJPY,2026-08-14,achat,False,False,False,2,0.0351
NZDJPY,2026-08-14,achat,False,False,False,3,0.0351
NZDJPY,2026-08-18,vente,False,False,False,1,-1.0394
NZDJPY,2026-08-18,vente,False,False,False,2,-1.0394
NZDJPY,2026-08-18,vente,False,False,False,3,-1.0394
NZDJPY,2026-08-25,achat,False,False,False,1,-1.0377
NZDJPY,2026-08-25,achat,False,False,False,2,-1.0377
NZDJPY,2026-08-25,achat,False,False,False,3,-1.0377
NZDJPY,2026-08-26,vente,True,False,False,1,0.96
NZDJPY,2026-08-26,vente,True,False,False,2,1.96
NZDJPY,2026-08-26,vente,True,False,False,3,0.184
NZDJPY,2026-08-28,vente,True,False,False,1,0.9602
NZDJPY,2026-08-28,vente,True,False,False,2,1.9602
NZDJPY,2026-08-28,vente,True,False,False,3,2.9602
NZDJPY,2026-09-07,vente,False,False,False,1,0.5366
NZDJPY,2026-09-07,vente,False,False,False,2,0.5366
NZDJPY,2026-09-07,vente,False,False,False,3,0.5366
NZDJPY,2026-09-17,achat,False,True,False,1,0.9564
NZDJPY,2026-09-17,achat,False,True,False,2,1.9564
NZDJPY,2026-09-17,achat,False,True,False,3,1.464
NZDJPY,2026-09-23,vente,True,False,False,1,0.942
NZDJPY,2026-09-23,vente,True,False,False,2,1.942
NZDJPY,2026-09-23,vente,True,False,False,3,2.942
NZDJPY,2026-09-25,vente,True,False,False,1,0.9799
NZDJPY,2026-09-25,vente,True,False,False,2,0.161
NZDJPY,2026-09-25,vente,True,False,False,3,0.161
CADJPY,2023-12-27,vente,False,False,False,1,0.4486
CADJPY,2023-12-27,vente,False,False,False,2,0.4486
CADJPY,2023-12-27,vente,False,False,False,3,0.4486
CADJPY,2024-01-10,achat,False,False,False,1,-0.407
CADJPY,2024-01-10,achat,False,False,False,2,-0.407
CADJPY,2024-01-10,achat,False,False,False,3,-0.407
CADJPY,2024-01-24,vente,True,False,False,1,-1.0184
CADJPY,2024-01-24,vente,True,False,False,2,-1.0184
CADJPY,2024-01-24,vente,True,False,False,3,-1.0184
CADJPY,2024-02-02,achat,False,False,False,1,-0.2529
CADJPY,2024-02-02,achat,False,False,False,2,-0.2529
CADJPY,2024-02-02,achat,False,False,False,3,-0.2529
CADJPY,2024-02-07,achat,False,False,False,1,0.9539
CADJPY,2024-02-07,achat,False,False,False,2,1.9539
CADJPY,2024-02-07,achat,False,False,False,3,2.9539
CADJPY,2024-02-19,vente,False,True,False,1,-1.1639
CADJPY,2024-02-19,vente,False,True,False,2,-1.1639
CADJPY,2024-02-19,vente,False,True,False,3,-1.1639
CADJPY,2024-02-21,achat,False,False,False,1,0.1366
CADJPY,2024-02-21,achat,False,False,False,2,0.1366
CADJPY,2024-02-21,achat,False,False,False,3,0.1366
CADJPY,2024-02-23,vente,False,False,False,1,0.9533
CADJPY,2024-02-23,vente,False,False,False,2,0.9626
CADJPY,2024-02-23,vente,False,False,False,3,0.9626
CADJPY,2024-02-27,vente,False,False,False,1,0.9394
CADJPY,2024-02-27,vente,False,False,False,2,1.9394
CADJPY,2024-02-27,vente,False,False,False,3,2.9394
CADJPY,2024-03-05,vente,False,False,False,1,0.9614
CADJPY,2024-03-05,vente,False,False,False,2,1.9614
CADJPY,2024-03-05,vente,False,False,False,3,2.5309
CADJPY,2024-03-07,vente,False,False,False,1,0.966
CADJPY,2024-03-07,vente,False,False,False,2,1.966
CADJPY,2024-03-07,vente,False,False,False,3,0.7602
CADJPY,2024-03-12,achat,False,True,False,1,0.9697
CADJPY,2024-03-12,achat,False,True,False,2,0.9228
CADJPY,2024-03-12,achat,False,True,False,3,0.9228
CADJPY,2024-03-15,achat,False,False,False,1,0.9723
CADJPY,2024-03-15,achat,False,False,False,2,1.9723
CADJPY,2024-03-15,achat,False,False,False,3,2.9723
CADJPY,2024-03-22,vente,False,False,False,1,-0.1121
CADJPY,2024-03-22,vente,False,False,False,2,-0.1121
CADJPY,2024-03-22,vente,False,False,False,3,-0.1121
CADJPY,2024-03-27,vente,False,False,False,1,-1.056
CADJPY,2024-03-27,vente,False,False,False,2,-1.056
CADJPY,2024-03-27,vente,False,False,False,3,-1.056
CADJPY,2024-03-28,achat,False,True,False,1,-0.2611
CADJPY,2024-03-28,achat,False,True,False,2,-0.2611
CADJPY,2024-03-28,achat,False,True,False,3,-0.2611
CADJPY,2024-04-04,vente,True,False,False,1,-0.1671
CADJPY,2024-04-04,vente,True,False,False,2,-0.1671
CADJPY,2024-04-04,vente,True,False,False,3,-0.1671
CADJPY,2024-04-08,achat,False,True,False,1,-1.0399
CADJPY,2024-04-08,achat,False,True,False,2,-1.0399
CADJPY,2024-04-08,achat,False,True,False,3,-1.0399
CADJPY,2024-04-11,achat,False,False,False,1,-1.0578
CADJPY,2024-04-11,achat,False,False,False,2,-1.0578
CADJPY,2024-04-11,achat,False,False,False,3,-1.0578
CADJPY,2024-04-12,vente,False,False,False,1,-1.0275
CADJPY,2024-04-12,vente,False,False,False,2,-1.0275
CADJPY,2024-04-12,vente,False,False,False,3,-1.0275
CADJPY,2024-05-01,vente,False,False,False,1,0.9845
CADJPY,2024-05-01,vente,False,False,False,2,0.4802
CADJPY,2024-05-01,vente,False,False,False,3,0.4802
CADJPY,2024-05-06,achat,False,False,False,1,0.9755
CADJPY,2024-05-06,achat,False,False,False,2,0.9278
CADJPY,2024-05-06,achat,False,False,False,3,0.9278
CADJPY,2024-05-08,achat,True,False,False,1,0.9655
CADJPY,2024-05-08,achat,True,False,False,2,1.9241
CADJPY,2024-05-08,achat,True,False,False,3,1.9241
CADJPY,2024-05-15,vente,False,False,False,1,-1.0158
CADJPY,2024-05-15,vente,False,False,False,2,-1.0158
CADJPY,2024-05-15,vente,False,False,False,3,-1.0158
CADJPY,2024-05-24,achat,False,False,False,1,0.0704
CADJPY,2024-05-24,achat,False,False,False,2,0.0704
CADJPY,2024-05-24,achat,False,False,False,3,0.0704
CADJPY,2024-05-29,vente,False,False,False,1,0.9494
CADJPY,2024-05-29,vente,False,False,False,2,1.9494
CADJPY,2024-05-29,vente,False,False,False,3,-1.0506
CADJPY,2024-05-31,achat,False,False,False,1,-1.0195
CADJPY,2024-05-31,achat,False,False,False,2,-1.0195
CADJPY,2024-05-31,achat,False,False,False,3,-1.0195
CADJPY,2024-06-03,vente,False,False,False,1,0.9808
CADJPY,2024-06-03,vente,False,False,False,2,0.5894
CADJPY,2024-06-03,vente,False,False,False,3,0.5894
CADJPY,2024-06-07,vente,False,False,False,1,-1.037
CADJPY,2024-06-07,vente,False,False,False,2,-1.037
CADJPY,2024-06-07,vente,False,False,False,3,-1.037
CADJPY,2024-06-10,achat,False,True,False,1,-1.0525
CADJPY,2024-06-10,achat,False,True,False,2,-1.0525
CADJPY,2024-06-10,achat,False,True,False,3,-1.0525
CADJPY,2024-06-26,achat,False,False,False,1,0.9461
CADJPY,2024-06-26,achat,False,False,False,2,0.9488
CADJPY,2024-06-26,achat,False,False,False,3,0.9488
CADJPY,2024-07-02,achat,True,False,False,1,-0.4358
CADJPY,2024-07-02,achat,True,False,False,2,-0.4358
CADJPY,2024-07-02,achat,True,False,False,3,-0.4358
CADJPY,2024-07-11,vente,False,True,False,1,0.1207
CADJPY,2024-07-11,vente,False,True,False,2,0.1207
CADJPY,2024-07-11,vente,False,True,False,3,0.1207
CADJPY,2024-07-17,vente,False,False,False,1,-0.1059
CADJPY,2024-07-17,vente,False,False,False,2,-0.1059
CADJPY,2024-07-17,vente,False,False,False,3,-0.1059
CADJPY,2024-08-07,achat,True,False,False,1,0.9873
CADJPY,2024-08-07,achat,True,False,False,2,0.3709
CADJPY,2024-08-07,achat,True,False,False,3,0.3709
CADJPY,2024-08-13,achat,False,False,False,1,-1.0687
CADJPY,2024-08-13,achat,False,False,False,2,-1.0687
CADJPY,2024-08-13,achat,False,False,False,3,-1.0687
CADJPY,2024-08-26,achat,False,True,False,1,0.2084
CADJPY,2024-08-26,achat,False,True,False,2,0.2084
CADJPY,2024-08-26,achat,False,True,False,3,0.2084
CADJPY,2024-09-03,vente,False,False,False,1,0.9884
CADJPY,2024-09-03,vente,False,False,False,2,1.4471
CADJPY,2024-09-03,vente,False,False,False,3,1.4471
CADJPY,2024-09-06,vente,False,False,False,1,-0.1316
CADJPY,2024-09-06,vente,False,False,False,2,-0.1316
CADJPY,2024-09-06,vente,False,False,False,3,-0.1316
CADJPY,2024-09-10,vente,False,False,False,1,0.5982
CADJPY,2024-09-10,vente,False,False,False,2,0.5982
CADJPY,2024-09-10,vente,False,False,False,3,0.5982
CADJPY,2024-09-12,vente,False,False,False,1,0.9834
CADJPY,2024-09-12,vente,False,False,False,2,-0.1987
CADJPY,2024-09-12,vente,False,False,False,3,-0.1987
CADJPY,2024-09-17,achat,False,False,False,1,0.9838
CADJPY,2024-09-17,achat,False,False,False,2,1.2168
CADJPY,2024-09-17,achat,False,False,False,3,1.2168
CADJPY,2024-09-24,achat,False,False,False,1,0.9632
CADJPY,2024-09-24,achat,False,False,False,2,1.9632
CADJPY,2024-09-24,achat,False,False,False,3,2.9632
CADJPY,2024-09-27,vente,False,True,False,1,-1.0059
CADJPY,2024-09-27,vente,False,True,False,2,-1.0059
CADJPY,2024-09-27,vente,False,True,False,3,-1.0059
CADJPY,2024-10-04,achat,True,False,False,1,-0.3985
CADJPY,2024-10-04,achat,True,False,False,2,-0.3985
CADJPY,2024-10-04,achat,True,False,False,3,-0.3985
CADJPY,2024-10-09,achat,False,False,False,1,-1.0454
CADJPY,2024-10-09,achat,False,False,False,2,-1.0454
CADJPY,2024-10-09,achat,False,False,False,3,-1.0454
CADJPY,2024-10-10,vente,False,False,False,1,-0.0235
CADJPY,2024-10-10,vente,False,False,False,2,-0.0235
CADJPY,2024-10-10,vente,False,False,False,3,-0.0235
CADJPY,2024-10-15,vente,False,True,False,1,-1.0571
CADJPY,2024-10-15,vente,False,True,False,2,-1.0571
CADJPY,2024-10-15,vente,False,True,False,3,-1.0571
CADJPY,2024-10-16,achat,False,False,False,1,-1.0271
CADJPY,2024-10-16,achat,False,False,False,2,-1.0271
CADJPY,2024-10-16,achat,False,False,False,3,-1.0271
CADJPY,2024-10-18,vente,False,True,False,1,-1.0348
CADJPY,2024-10-18,vente,False,True,False,2,-1.0348
CADJPY,2024-10-18,vente,False,True,False,3,-1.0348
CADJPY,2024-10-31,vente,False,False,False,1,-0.3487
CADJPY,2024-10-31,vente,False,False,False,2,-0.3487
CADJPY,2024-10-31,vente,False,False,False,3,-0.3487
CADJPY,2024-11-06,achat,False,False,False,1,-0.319
CADJPY,2024-11-06,achat,False,False,False,2,-0.319
CADJPY,2024-11-06,achat,False,False,False,3,-0.319
CADJPY,2024-11-15,vente,False,True,False,1,-1.0103
CADJPY,2024-11-15,vente,False,True,False,2,-1.0103
CADJPY,2024-11-15,vente,False,True,False,3,-1.0103
CADJPY,2024-11-21,vente,False,True,False,1,0.9793
CADJPY,2024-11-21,vente,False,True,False,2,1.4215
CADJPY,2024-11-21,vente,False,True,False,3,1.4215
CADJPY,2024-11-25,vente,False,False,False,1,0.9845
CADJPY,2024-11-25,vente,False,False,False,2,1.2246
CADJPY,2024-11-25,vente,False,False,False,3,1.2246
CADJPY,2024-11-29,vente,False,False,False,1,0.9804
CADJPY,2024-11-29,vente,False,False,False,2,-0.0676
CADJPY,2024-11-29,vente,False,False,False,3,-0.0676
CADJPY,2024-12-04,achat,False,True,False,1,-1.0262
CADJPY,2024-12-04,achat,False,True,False,2,-1.0262
CADJPY,2024-12-04,achat,False,True,False,3,-1.0262
CADJPY,2024-12-06,vente,True,False,False,1,-1.0145
CADJPY,2024-12-06,vente,True,False,False,2,-1.0145
CADJPY,2024-12-06,vente,True,False,False,3,-1.0145
CADJPY,2024-12-13,achat,False,False,False,1,-1.0252
CADJPY,2024-12-13,achat,False,False,False,2,-1.0252
CADJPY,2024-12-13,achat,False,False,False,3,-1.0252
CADJPY,2024-12-17,vente,False,False,False,1,-1.0178
CADJPY,2024-12-17,vente,False,False,False,2,-1.0178
CADJPY,2024-12-17,vente,False,False,False,3,-1.0178
CADJPY,2024-12-19,achat,False,False,False,1,-0.0287
CADJPY,2024-12-19,achat,False,False,False,2,-0.0287
CADJPY,2024-12-19,achat,False,False,False,3,-0.0287
CADJPY,2025-01-06,achat,False,False,False,1,-0.2884
CADJPY,2025-01-06,achat,False,False,False,2,-0.2884
CADJPY,2025-01-06,achat,False,False,False,3,-0.2884
CADJPY,2025-01-14,achat,False,False,False,1,-1.0209
CADJPY,2025-01-14,achat,False,False,False,2,-1.0209
CADJPY,2025-01-14,achat,False,False,False,3,-1.0209
CADJPY,2025-01-15,vente,True,False,False,1,0.9817
CADJPY,2025-01-15,vente,True,False,False,2,0.4514
CADJPY,2025-01-15,vente,True,False,False,3,0.4514
CADJPY,2025-01-20,achat,True,False,False,1,-1.0241
CADJPY,2025-01-20,achat,True,False,False,2,-1.0241
CADJPY,2025-01-20,achat,True,False,False,3,-1.0241
CADJPY,2025-01-24,achat,False,False,False,1,-1.0301
CADJPY,2025-01-24,achat,False,False,False,2,-1.0301
CADJPY,2025-01-24,achat,False,False,False,3,-1.0301
CADJPY,2025-01-27,vente,False,True,False,1,0.9814
CADJPY,2025-01-27,vente,False,True,False,2,1.1538
CADJPY,2025-01-27,vente,False,True,False,3,1.1538
CADJPY,2025-02-11,achat,False,False,False,1,0.9823
CADJPY,2025-02-11,achat,False,False,False,2,0.3601
CADJPY,2025-02-11,achat,False,False,False,3,0.3601
CADJPY,2025-02-19,vente,True,False,False,1,0.9827
CADJPY,2025-02-19,vente,True,False,False,2,1.0475
CADJPY,2025-02-19,vente,True,False,False,3,1.0475
CADJPY,2025-03-03,vente,True,False,False,1,-0.3096
CADJPY,2025-03-03,vente,True,False,False,2,-0.3096
CADJPY,2025-03-03,vente,True,False,False,3,-0.3096
CADJPY,2025-03-13,vente,False,False,False,1,-1.0255
CADJPY,2025-03-13,vente,False,False,False,2,-1.0255
CADJPY,2025-03-13,vente,False,False,False,3,-1.0255
CADJPY,2025-03-14,achat,True,False,False,1,0.9796
CADJPY,2025-03-14,achat,True,False,False,2,0.2515
CADJPY,2025-03-14,achat,True,False,False,3,0.2515
CADJPY,2025-03-19,vente,True,False,False,1,-1.0158
CADJPY,2025-03-19,vente,True,False,False,2,-1.0158
CADJPY,2025-03-19,vente,True,False,False,3,-1.0158
CADJPY,2025-03-28,vente,False,False,False,1,0.9805
CADJPY,2025-03-28,vente,False,False,False,2,0.571
CADJPY,2025-03-28,vente,False,False,False,3,0.571
CADJPY,2025-04-01,achat,False,False,False,1,-1.0154
CADJPY,2025-04-01,achat,False,False,False,2,-1.0154
CADJPY,2025-04-01,achat,False,False,False,3,-1.0154
CADJPY,2025-04-02,vente,False,False,False,1,0.9861
CADJPY,2025-04-02,vente,False,False,False,2,0.1548
CADJPY,2025-04-02,vente,False,False,False,3,0.1548
CADJPY,2025-04-07,achat,False,False,False,1,-1.0101
CADJPY,2025-04-07,achat,False,False,False,2,-1.0101
CADJPY,2025-04-07,achat,False,False,False,3,-1.0101
CADJPY,2025-04-09,achat,False,False,False,1,-0.5189
CADJPY,2025-04-09,achat,False,False,False,2,-0.5189
CADJPY,2025-04-09,achat,False,False,False,3,-0.5189
CADJPY,2025-04-14,vente,False,True,False,1,0.9699
CADJPY,2025-04-14,vente,False,True,False,2,0.2982
CADJPY,2025-04-14,vente,False,True,False,3,0.2982
CADJPY,2025-04-17,achat,True,False,False,1,-1.0408
CADJPY,2025-04-17,achat,True,False,False,2,-1.0408
CADJPY,2025-04-17,achat,True,False,False,3,-1.0408
CADJPY,2025-04-22,achat,False,True,False,1,0.3344
CADJPY,2025-04-22,achat,False,True,False,2,0.3344
CADJPY,2025-04-22,achat,False,True,False,3,0.3344
CADJPY,2025-04-25,achat,False,False,False,1,-1.03
CADJPY,2025-04-25,achat,False,False,False,2,-1.03
CADJPY,2025-04-25,achat,False,False,False,3,-1.03
CADJPY,2025-04-28,vente,False,True,False,1,-1.021
CADJPY,2025-04-28,vente,False,True,False,2,-1.021
CADJPY,2025-04-28,vente,False,True,False,3,-1.021
CADJPY,2025-05-07,achat,False,True,False,1,0.9535
CADJPY,2025-05-07,achat,False,True,False,2,1.9535
CADJPY,2025-05-07,achat,False,True,False,3,2.9535
CADJPY,2025-05-12,achat,False,False,False,1,-1.0128
CADJPY,2025-05-12,achat,False,False,False,2,-1.0128
CADJPY,2025-05-12,achat,False,False,False,3,-1.0128
CADJPY,2025-05-22,achat,False,False,False,1,-1.0281
CADJPY,2025-05-22,achat,False,False,False,2,-1.0281
CADJPY,2025-05-22,achat,False,False,False,3,-1.0281
CADJPY,2025-05-27,achat,False,True,False,1,0.9771
CADJPY,2025-05-27,achat,False,True,False,2,0.4926
CADJPY,2025-05-27,achat,False,True,False,3,0.4926
CADJPY,2025-05-29,vente,False,False,False,1,-0.5205
CADJPY,2025-05-29,vente,False,False,False,2,-0.5205
CADJPY,2025-05-29,vente,False,False,False,3,-0.5205
CADJPY,2025-06-02,vente,True,False,False,1,-1.022
CADJPY,2025-06-02,vente,True,False,False,2,-1.022
CADJPY,2025-06-02,vente,True,False,False,3,-1.022
CADJPY,2025-06-03,achat,False,True,False,1,0.9805
CADJPY,2025-06-03,achat,False,True,False,2,0.8716
CADJPY,2025-06-03,achat,False,True,False,3,0.8716
CADJPY,2025-06-05,achat,False,False,False,1,0.9745
CADJPY,2025-06-05,achat,False,False,False,2,1.1658
CADJPY,2025-06-05,achat,False,False,False,3,1.1658
CADJPY,2025-06-10,achat,False,False,False,1,-1.0302
CADJPY,2025-06-10,achat,False,False,False,2,-1.0302
CADJPY,2025-06-10,achat,False,False,False,3,-1.0302
CADJPY,2025-06-11,vente,False,True,False,1,-1.0245
CADJPY,2025-06-11,vente,False,True,False,2,-1.0245
CADJPY,2025-06-11,vente,False,True,False,3,-1.0245
CADJPY,2025-06-13,achat,True,False,False,1,-0.1899
CADJPY,2025-06-13,achat,True,False,False,2,-0.1899
CADJPY,2025-06-13,achat,True,False,False,3,-0.1899
CADJPY,2025-06-17,vente,False,False,False,1,-0.2102
CADJPY,2025-06-17,vente,False,False,False,2,-0.2102
CADJPY,2025-06-17,vente,False,False,False,3,-0.2102
CADJPY,2025-07-01,vente,False,False,False,1,-1.0289
CADJPY,2025-07-01,vente,False,False,False,2,-1.0289
CADJPY,2025-07-01,vente,False,False,False,3,-1.0289
CADJPY,2025-07-07,achat,False,False,False,1,0.405
CADJPY,2025-07-07,achat,False,False,False,2,0.405
CADJPY,2025-07-07,achat,False,False,False,3,0.405
CADJPY,2025-07-18,achat,False,False,False,1,-1.0433
CADJPY,2025-07-18,achat,False,False,False,2,-1.0433
CADJPY,2025-07-18,achat,False,False,False,3,-1.0433
CADJPY,2025-07-21,vente,False,False,False,1,0.9566
CADJPY,2025-07-21,vente,False,False,False,2,-0.0325
CADJPY,2025-07-21,vente,False,False,False,3,-0.0325
CADJPY,2025-07-23,vente,False,False,False,1,-1.0308
CADJPY,2025-07-23,vente,False,False,False,2,-1.0308
CADJPY,2025-07-23,vente,False,False,False,3,-1.0308
CADJPY,2025-07-28,achat,True,False,False,1,-1.0546
CADJPY,2025-07-28,achat,True,False,False,2,-1.0546
CADJPY,2025-07-28,achat,True,False,False,3,-1.0546
CADJPY,2025-07-29,vente,False,False,False,1,-1.0413
CADJPY,2025-07-29,vente,False,False,False,2,-1.0413
CADJPY,2025-07-29,vente,False,False,False,3,-1.0413
CADJPY,2025-08-01,vente,False,True,False,1,-0.1245
CADJPY,2025-08-01,vente,False,True,False,2,-0.1245
CADJPY,2025-08-01,vente,False,True,False,3,-0.1245
CADJPY,2025-08-05,achat,False,False,False,1,0.3544
CADJPY,2025-08-05,achat,False,False,False,2,0.3544
CADJPY,2025-08-05,achat,False,False,False,3,0.3544
CADJPY,2025-08-07,vente,True,False,False,1,-1.0319
CADJPY,2025-08-07,vente,True,False,False,2,-1.0319
CADJPY,2025-08-07,vente,True,False,False,3,-1.0319
CADJPY,2025-08-08,achat,False,False,False,1,-0.7514
CADJPY,2025-08-08,achat,False,False,False,2,-0.7514
CADJPY,2025-08-08,achat,False,False,False,3,-0.7514
CADJPY,2025-08-12,vente,False,False,False,1,0.9565
CADJPY,2025-08-12,vente,False,False,False,2,1.9565
CADJPY,2025-08-12,vente,False,False,False,3,1.75
CADJPY,2025-08-18,achat,False,False,False,1,-1.032
CADJPY,2025-08-18,achat,False,False,False,2,-1.032
CADJPY,2025-08-18,achat,False,False,False,3,-1.032
CADJPY,2025-08-19,vente,False,False,False,1,0.3845
CADJPY,2025-08-19,vente,False,False,False,2,0.3845
CADJPY,2025-08-19,vente,False,False,False,3,0.3845
CADJPY,2025-08-21,achat,False,True,False,1,-1.0314
CADJPY,2025-08-21,achat,False,True,False,2,-1.0314
CADJPY,2025-08-21,achat,False,True,False,3,-1.0314
CADJPY,2025-08-27,achat,False,False,False,1,0.1165
CADJPY,2025-08-27,achat,False,False,False,2,0.1165
CADJPY,2025-08-27,achat,False,False,False,3,0.1165
CADJPY,2025-08-29,achat,False,False,False,1,0.931
CADJPY,2025-08-29,achat,False,False,False,2,1.931
CADJPY,2025-08-29,achat,False,False,False,3,2.931
CADJPY,2025-09-02,achat,False,False,False,1,-1.0238
CADJPY,2025-09-02,achat,False,False,False,2,-1.0238
CADJPY,2025-09-02,achat,False,False,False,3,-1.0238
CADJPY,2025-09-05,vente,True,False,False,1,0.2697
CADJPY,2025-09-05,vente,True,False,False,2,0.2697
CADJPY,2025-09-05,vente,True,False,False,3,0.2697
CADJPY,2025-09-16,vente,False,False,False,1,0.9645
CADJPY,2025-09-16,vente,False,False,False,2,-1.0355
CADJPY,2025-09-16,vente,False,False,False,3,-1.0355
CADJPY,2025-09-22,vente,True,False,False,1,-1.0271
CADJPY,2025-09-22,vente,True,False,False,2,-1.0271
CADJPY,2025-09-22,vente,True,False,False,3,-1.0271
CADJPY,2025-09-24,achat,False,False,False,1,0.9633
CADJPY,2025-09-24,achat,False,False,False,2,-0.567
CADJPY,2025-09-24,achat,False,False,False,3,-0.567
CADJPY,2025-10-03,achat,False,False,False,1,0.9367
CADJPY,2025-10-03,achat,False,False,False,2,1.9367
CADJPY,2025-10-03,achat,False,False,False,3,2.9367
CADJPY,2025-10-21,achat,False,False,False,1,0.7611
CADJPY,2025-10-21,achat,False,False,False,2,0.7611
CADJPY,2025-10-21,achat,False,False,False,3,0.7611
CADJPY,2025-10-27,vente,False,False,False,1,0.9531
CADJPY,2025-10-27,vente,False,False,False,2,-1.0469
CADJPY,2025-10-27,vente,False,False,False,3,-1.0469
CADJPY,2025-10-29,achat,False,True,False,1,0.1499
CADJPY,2025-10-29,achat,False,True,False,2,0.1499
CADJPY,2025-10-29,achat,False,True,False,3,0.1499
CADJPY,2025-11-06,vente,False,False,False,1,-1.0222
CADJPY,2025-11-06,vente,False,False,False,2,-1.0222
CADJPY,2025-11-06,vente,False,False,False,3,-1.0222
CADJPY,2025-11-25,vente,False,True,False,1,-1.0389
CADJPY,2025-11-25,vente,False,True,False,2,-1.0389
CADJPY,2025-11-25,vente,False,True,False,3,-1.0389
CADJPY,2025-11-26,achat,False,False,False,1,-0.2876
CADJPY,2025-11-26,achat,False,False,False,2,-0.2876
CADJPY,2025-11-26,achat,False,False,False,3,-0.2876
CADJPY,2025-12-01,vente,False,False,False,1,-1.0365
CADJPY,2025-12-01,vente,False,False,False,2,-1.0365
CADJPY,2025-12-01,vente,False,False,False,3,-1.0365
CADJPY,2025-12-05,achat,False,False,False,1,0.3023
CADJPY,2025-12-05,achat,False,False,False,2,0.3023
CADJPY,2025-12-05,achat,False,False,False,3,0.3023
CADJPY,2025-12-12,achat,False,False,False,1,-1.0791
CADJPY,2025-12-12,achat,False,False,False,2,-1.0791
CADJPY,2025-12-12,achat,False,False,False,3,-1.0791
CADJPY,2025-12-15,vente,False,False,False,1,-0.4973
CADJPY,2025-12-15,vente,False,False,False,2,-0.4973
CADJPY,2025-12-15,vente,False,False,False,3,-0.4973
CADJPY,2025-12-17,achat,True,False,False,1,0.9647
CADJPY,2025-12-17,achat,True,False,False,2,1.9647
CADJPY,2025-12-17,achat,True,False,False,3,2.212
CADJPY,2025-12-29,vente,False,False,False,1,-1.0353
CADJPY,2025-12-29,vente,False,False,False,2,-1.0353
CADJPY,2025-12-29,vente,False,False,False,3,-1.0353
CADJPY,2026-01-05,vente,False,False,False,1,0.9706
CADJPY,2026-01-05,vente,False,False,False,2,0.7988
CADJPY,2026-01-05,vente,False,False,False,3,0.7988
CADJPY,2026-01-16,vente,False,False,False,1,-1.0337
CADJPY,2026-01-16,vente,False,False,False,2,-1.0337
CADJPY,2026-01-16,vente,False,False,False,3,-1.0337
CADJPY,2026-01-19,achat,False,False,False,1,0.9724
CADJPY,2026-01-19,achat,False,False,False,2,1.3145
CADJPY,2026-01-19,achat,False,False,False,3,1.3145
CADJPY,2026-01-23,vente,False,False,False,1,0.9889
CADJPY,2026-01-23,vente,False,False,False,2,0.2965
CADJPY,2026-01-23,vente,False,False,False,3,0.2965
CADJPY,2026-01-28,achat,False,False,False,1,0.9815
CADJPY,2026-01-28,achat,False,False,False,2,0.5449
CADJPY,2026-01-28,achat,False,False,False,3,0.5449
CADJPY,2026-02-06,achat,False,False,False,1,-1.0231
CADJPY,2026-02-06,achat,False,False,False,2,-1.0231
CADJPY,2026-02-06,achat,False,False,False,3,-1.0231
CADJPY,2026-02-10,vente,True,False,False,1,0.984
CADJPY,2026-02-10,vente,True,False,False,2,1.4952
CADJPY,2026-02-10,vente,True,False,False,3,1.4952
CADJPY,2026-02-16,achat,False,False,False,1,-1.0452
CADJPY,2026-02-16,achat,False,False,False,2,-1.0452
CADJPY,2026-02-16,achat,False,False,False,3,-1.0452
CADJPY,2026-02-18,achat,False,False,False,1,-0.0467
CADJPY,2026-02-18,achat,False,False,False,2,-0.0467
CADJPY,2026-02-18,achat,False,False,False,3,-0.0467
CADJPY,2026-02-24,achat,False,False,False,1,0.63
CADJPY,2026-02-24,achat,False,False,False,2,0.63
CADJPY,2026-02-24,achat,False,False,False,3,0.63
CADJPY,2026-02-27,achat,False,True,False,1,0.964
CADJPY,2026-02-27,achat,False,True,False,2,1.964
CADJPY,2026-02-27,achat,False,True,False,3,1.2356
CADJPY,2026-03-18,achat,False,False,False,1,-1.0269
CADJPY,2026-03-18,achat,False,False,False,2,-1.0269
CADJPY,2026-03-18,achat,False,False,False,3,-1.0269
CADJPY,2026-03-19,vente,False,False,False,1,-0.2561
CADJPY,2026-03-19,vente,False,False,False,2,-0.2561
CADJPY,2026-03-19,vente,False,False,False,3,-0.2561
CADJPY,2026-03-26,vente,False,False,False,1,0.8883
CADJPY,2026-03-26,vente,False,False,False,2,-1.1117
CADJPY,2026-03-26,vente,False,False,False,3,-1.1117
CADJPY,2026-03-30,vente,False,False,False,1,0.9637
CADJPY,2026-03-30,vente,False,False,False,2,0.2958
CADJPY,2026-03-30,vente,False,False,False,3,0.2958
CADJPY,2026-04-06,achat,False,False,False,1,-1.0514
CADJPY,2026-04-06,achat,False,False,False,2,-1.0514
CADJPY,2026-04-06,achat,False,False,False,3,-1.0514
CADJPY,2026-04-09,achat,False,False,False,1,0.3915
CADJPY,2026-04-09,achat,False,False,False,2,0.3915
CADJPY,2026-04-09,achat,False,False,False,3,0.3915
CADJPY,2026-04-13,achat,True,False,False,1,0.9529
CADJPY,2026-04-13,achat,True,False,False,2,1.64
CADJPY,2026-04-13,achat,True,False,False,3,1.64
CADJPY,2026-04-15,achat,False,False,False,1,0.9517
CADJPY,2026-04-15,achat,False,False,False,2,1.9517
CADJPY,2026-04-15,achat,False,False,False,3,1.7633
CADJPY,2026-04-27,achat,False,True,False,1,-1.0358
CADJPY,2026-04-27,achat,False,True,False,2,-1.0358
CADJPY,2026-04-27,achat,False,True,False,3,-1.0358
CADJPY,2026-04-28,vente,False,False,False,1,-1.0428
CADJPY,2026-04-28,vente,False,False,False,2,-1.0428
CADJPY,2026-04-28,vente,False,False,False,3,-1.0428
CADJPY,2026-04-29,achat,False,False,False,1,-1.0322
CADJPY,2026-04-29,achat,False,False,False,2,-1.0322
CADJPY,2026-04-29,achat,False,False,False,3,-1.0322
CADJPY,2026-04-30,vente,True,False,False,1,-0.1499
CADJPY,2026-04-30,vente,True,False,False,2,-0.1499
CADJPY,2026-04-30,vente,True,False,False,3,-0.1499
CADJPY,2026-05-04,achat,True,False,False,1,0.9446
CADJPY,2026-05-04,achat,True,False,False,2,-1.0554
CADJPY,2026-05-04,achat,True,False,False,3,-1.0554
CADJPY,2026-05-06,vente,False,True,False,1,-0.1375
CADJPY,2026-05-06,vente,False,True,False,2,-0.1375
CADJPY,2026-05-06,vente,False,True,False,3,-0.1375
CADJPY,2026-05-08,vente,True,False,False,1,-1.0517
CADJPY,2026-05-08,vente,True,False,False,2,-1.0517
CADJPY,2026-05-08,vente,True,False,False,3,-1.0517
CADJPY,2026-05-11,achat,False,False,False,1,-1.0575
CADJPY,2026-05-11,achat,False,False,False,2,-1.0575
CADJPY,2026-05-11,achat,False,False,False,3,-1.0575
CADJPY,2026-05-20,vente,False,False,False,1,0.8701
CADJPY,2026-05-20,vente,False,False,False,2,1.8701
CADJPY,2026-05-20,vente,False,False,False,3,2.8701
CADJPY,2026-05-26,achat,True,False,False,1,-1.0712
CADJPY,2026-05-26,achat,True,False,False,2,-1.0712
CADJPY,2026-05-26,achat,True,False,False,3,-1.0712
CADJPY,2026-05-28,achat,True,False,False,1,-0.0325
CADJPY,2026-05-28,achat,True,False,False,2,-0.0325
CADJPY,2026-05-28,achat,True,False,False,3,-0.0325
CADJPY,2026-06-02,achat,False,False,False,1,-1.069
CADJPY,2026-06-02,achat,False,False,False,2,-1.069
CADJPY,2026-06-02,achat,False,False,False,3,-1.069
CADJPY,2026-06-03,vente,False,False,False,1,0.9575
CADJPY,2026-06-03,vente,False,False,False,2,0.7304
CADJPY,2026-06-03,vente,False,False,False,3,0.7304
CADJPY,2026-06-11,vente,True,False,False,1,-0.0676
CADJPY,2026-06-11,vente,True,False,False,2,-0.0676
CADJPY,2026-06-11,vente,True,False,False,3,-0.0676
CADJPY,2026-06-16,achat,False,False,False,1,-1.056
CADJPY,2026-06-16,achat,False,False,False,2,-1.056
CADJPY,2026-06-16,achat,False,False,False,3,-1.056
CADJPY,2026-06-17,vente,False,False,False,1,-0.3172
CADJPY,2026-06-17,vente,False,False,False,2,-0.3172
CADJPY,2026-06-17,vente,False,False,False,3,-0.3172
CADJPY,2026-06-22,achat,False,True,False,1,-1.0585
CADJPY,2026-06-22,achat,False,True,False,2,-1.0585
CADJPY,2026-06-22,achat,False,True,False,3,-1.0585
CADJPY,2026-06-23,vente,False,False,False,1,-0.5408
CADJPY,2026-06-23,vente,False,False,False,2,-0.5408
CADJPY,2026-06-23,vente,False,False,False,3,-0.5408
CADJPY,2026-06-25,achat,False,True,False,1,0.9527
CADJPY,2026-06-25,achat,False,True,False,2,1.1939
CADJPY,2026-06-25,achat,False,True,False,3,1.1939
CADJPY,2026-06-29,vente,False,False,False,1,-1.0926
CADJPY,2026-06-29,vente,False,False,False,2,-1.0926
CADJPY,2026-06-29,vente,False,False,False,3,-1.0926
CADJPY,2026-06-30,achat,False,True,False,1,-1.0303
CADJPY,2026-06-30,achat,False,True,False,2,-1.0303
CADJPY,2026-06-30,achat,False,True,False,3,-1.0303
CADJPY,2026-07-06,achat,False,True,False,1,0.9573
CADJPY,2026-07-06,achat,False,True,False,2,1.0641
CADJPY,2026-07-06,achat,False,True,False,3,1.0641
CADJPY,2026-07-13,achat,False,False,False,1,0.9634
CADJPY,2026-07-13,achat,False,False,False,2,1.6117
CADJPY,2026-07-13,achat,False,False,False,3,1.6117
CADJPY,2026-07-20,vente,False,False,False,1,-1.0375
CADJPY,2026-07-20,vente,False,False,False,2,-1.0375
CADJPY,2026-07-20,vente,False,False,False,3,-1.0375
CADJPY,2026-07-28,achat,False,False,False,1,0.9317
CADJPY,2026-07-28,achat,False,False,False,2,-1.0683
CADJPY,2026-07-28,achat,False,False,False,3,-1.0683
CADJPY,2026-07-30,vente,False,True,False,1,0.9908
CADJPY,2026-07-30,vente,False,True,False,2,1.0014
CADJPY,2026-07-30,vente,False,True,False,3,1.0014
CADJPY,2026-08-05,achat,False,False,False,1,0.9723
CADJPY,2026-08-05,achat,False,False,False,2,1.9723
CADJPY,2026-08-05,achat,False,False,False,3,2.3559
CADJPY,2026-08-13,achat,False,False,False,1,0.9565
CADJPY,2026-08-13,achat,False,False,False,2,0.6543
CADJPY,2026-08-13,achat,False,False,False,3,0.6543
CADJPY,2026-08-20,achat,False,False,False,1,-0.3401
CADJPY,2026-08-20,achat,False,False,False,2,-0.3401
CADJPY,2026-08-20,achat,False,False,False,3,-0.3401
CADJPY,2026-08-24,vente,False,False,False,1,0.9342
CADJPY,2026-08-24,vente,False,False,False,2,-0.2039
CADJPY,2026-08-24,vente,False,False,False,3,-0.2039
CADJPY,2026-08-26,vente,True,False,False,1,-1.0612
CADJPY,2026-08-26,vente,True,False,False,2,-1.0612
CADJPY,2026-08-26,vente,True,False,False,3,-1.0612
CADJPY,2026-09-07,vente,False,False,False,1,-0.1531
CADJPY,2026-09-07,vente,False,False,False,2,-0.1531
CADJPY,2026-09-07,vente,False,False,False,3,-0.1531
CADJPY,2026-09-10,achat,False,True,False,1,-1.0316
CADJPY,2026-09-10,achat,False,True,False,2,-1.0316
CADJPY,2026-09-10,achat,False,True,False,3,-1.0316
CADJPY,2026-09-11,vente,False,False,False,1,-1.0189
CADJPY,2026-09-11,vente,False,False,False,2,-1.0189
CADJPY,2026-09-11,vente,False,False,False,3,-1.0189
CADJPY,2026-09-23,achat,False,False,False,1,-1.0503
CADJPY,2026-09-23,achat,False,False,False,2,-1.0503
CADJPY,2026-09-23,achat,False,False,False,3,-1.0503
CADJPY,2026-09-25,vente,True,False,False,1,0.4007
CADJPY,2026-09-25,vente,True,False,False,2,0.4007
CADJPY,2026-09-25,vente,True,False,False,3,0.4007
EURCHF,2024-01-03,vente,False,False,False,1,-0.1457
EURCHF,2024-01-03,vente,False,False,False,2,-0.1457
EURCHF,2024-01-03,vente,False,False,False,3,-0.1457
EURCHF,2024-01-04,achat,True,False,False,1,0.2284
EURCHF,2024-01-04,achat,True,False,False,2,0.2284
EURCHF,2024-01-04,achat,True,False,False,3,0.2284
EURCHF,2024-01-09,achat,True,False,False,1,0.967
EURCHF,2024-01-09,achat,True,False,False,2,0.2
EURCHF,2024-01-09,achat,True,False,False,3,0.2
EURCHF,2024-01-12,vente,False,True,False,1,-1.0395
EURCHF,2024-01-12,vente,False,True,False,2,-1.0395
EURCHF,2024-01-12,vente,False,True,False,3,-1.0395
EURCHF,2024-01-15,achat,False,False,False,1,0.956
EURCHF,2024-01-15,achat,False,False,False,2,1.956
EURCHF,2024-01-15,achat,False,False,False,3,2.1935
EURCHF,2024-01-26,vente,False,False,False,1,0.9576
EURCHF,2024-01-26,vente,False,False,False,2,1.5311
EURCHF,2024-01-26,vente,False,False,False,3,1.5311
EURCHF,2024-01-31,vente,False,True,False,1,-0.7944
EURCHF,2024-01-31,vente,False,True,False,2,-0.7944
EURCHF,2024-01-31,vente,False,True,False,3,-0.7944
EURCHF,2024-02-09,achat,False,False,False,1,0.9302
EURCHF,2024-02-09,achat,False,False,False,2,1.9302
EURCHF,2024-02-09,achat,False,False,False,3,2.9302
EURCHF,2024-02-13,achat,False,False,False,1,-0.264
EURCHF,2024-02-13,achat,False,False,False,2,-0.264
EURCHF,2024-02-13,achat,False,False,False,3,-0.264
EURCHF,2024-02-27,vente,False,False,False,1,-1.0492
EURCHF,2024-02-27,vente,False,False,False,2,-1.0492
EURCHF,2024-02-27,vente,False,False,False,3,-1.0492
EURCHF,2024-02-29,achat,True,False,False,1,0.9694
EURCHF,2024-02-29,achat,True,False,False,2,0.6816
EURCHF,2024-02-29,achat,True,False,False,3,0.6816
EURCHF,2024-03-06,achat,False,False,False,1,-1.0542
EURCHF,2024-03-06,achat,False,False,False,2,-1.0542
EURCHF,2024-03-06,achat,False,False,False,3,-1.0542
EURCHF,2024-03-13,achat,False,False,False,1,0.6723
EURCHF,2024-03-13,achat,False,False,False,2,0.6723
EURCHF,2024-03-13,achat,False,False,False,3,0.6723
EURCHF,2024-03-15,vente,False,True,False,1,-1.121
EURCHF,2024-03-15,vente,False,True,False,2,-1.121
EURCHF,2024-03-15,vente,False,True,False,3,-1.121
EURCHF,2024-03-18,achat,False,True,False,1,0.9655
EURCHF,2024-03-18,achat,False,True,False,2,1.9655
EURCHF,2024-03-18,achat,False,True,False,3,2.9655
EURCHF,2024-03-28,vente,False,False,False,1,-0.6764
EURCHF,2024-03-28,vente,False,False,False,2,-0.6764
EURCHF,2024-03-28,vente,False,False,False,3,-0.6764
EURCHF,2024-04-01,vente,True,False,False,1,-1.0698
EURCHF,2024-04-01,vente,True,False,False,2,-1.0698
EURCHF,2024-04-01,vente,True,False,False,3,-1.0698
EURCHF,2024-04-02,achat,False,False,False,1,0.977
EURCHF,2024-04-02,achat,False,False,False,2,-0.0492
EURCHF,2024-04-02,achat,False,False,False,3,-0.0492
EURCHF,2024-04-04,vente,False,False,False,1,-0.4702
EURCHF,2024-04-04,vente,False,False,False,2,-0.4702
EURCHF,2024-04-04,vente,False,False,False,3,-0.4702
EURCHF,2024-04-11,vente,False,False,False,1,0.9765
EURCHF,2024-04-11,vente,False,False,False,2,1.0078
EURCHF,2024-04-11,vente,False,False,False,3,1.0078
EURCHF,2024-04-26,vente,False,False,False,1,-1.0505
EURCHF,2024-04-26,vente,False,False,False,2,-1.0505
EURCHF,2024-04-26,vente,False,False,False,3,-1.0505
EURCHF,2024-04-30,achat,True,False,False,1,-1.0247
EURCHF,2024-04-30,achat,True,False,False,2,-1.0247
EURCHF,2024-04-30,achat,True,False,False,3,-1.0247
EURCHF,2024-05-02,vente,False,False,False,1,-0.0964
EURCHF,2024-05-02,vente,False,False,False,2,-0.0964
EURCHF,2024-05-02,vente,False,False,False,3,-0.0964
EURCHF,2024-05-08,vente,True,False,False,1,-1.0915
EURCHF,2024-05-08,vente,True,False,False,2,-1.0915
EURCHF,2024-05-08,vente,True,False,False,3,-1.0915
EURCHF,2024-05-09,achat,True,False,False,1,0.9272
EURCHF,2024-05-09,achat,True,False,False,2,1.9272
EURCHF,2024-05-09,achat,True,False,False,3,1.8641
EURCHF,2024-05-13,achat,True,False,False,1,0.9661
EURCHF,2024-05-13,achat,True,False,False,2,1.0497
EURCHF,2024-05-13,achat,True,False,False,3,1.0497
EURCHF,2024-05-16,achat,False,False,False,1,0.6495
EURCHF,2024-05-16,achat,False,False,False,2,0.6495
EURCHF,2024-05-16,achat,False,False,False,3,0.6495
EURCHF,2024-05-23,vente,False,False,False,1,-1.0476
EURCHF,2024-05-23,vente,False,False,False,2,-1.0476
EURCHF,2024-05-23,vente,False,False,False,3,-1.0476
EURCHF,2024-05-24,achat,False,True,False,1,-1.0405
EURCHF,2024-05-24,achat,False,True,False,2,-1.0405
EURCHF,2024-05-24,achat,False,True,False,3,-1.0405
EURCHF,2024-05-28,vente,False,False,False,1,0.946
EURCHF,2024-05-28,vente,False,False,False,2,1.946
EURCHF,2024-05-28,vente,False,False,False,3,2.946
EURCHF,2024-06-12,achat,False,True,False,1,-1.0274
EURCHF,2024-06-12,achat,False,True,False,2,-1.0274
EURCHF,2024-06-12,achat,False,True,False,3,-1.0274
EURCHF,2024-06-13,vente,False,False,False,1,0.9828
EURCHF,2024-06-13,vente,False,False,False,2,1.1785
EURCHF,2024-06-13,vente,False,False,False,3,1.1785
EURCHF,2024-06-18,vente,False,False,False,1,-1.0266
EURCHF,2024-06-18,vente,False,False,False,2,-1.0266
EURCHF,2024-06-18,vente,False,False,False,3,-1.0266
EURCHF,2024-06-26,vente,False,True,False,1,-1.0676
EURCHF,2024-06-26,vente,False,True,False,2,-1.0676
EURCHF,2024-06-26,vente,False,True,False,3,-1.0676
EURCHF,2024-06-27,achat,False,False,False,1,0.9692
EURCHF,2024-06-27,achat,False,False,False,2,1.8707
EURCHF,2024-06-27,achat,False,False,False,3,1.8707
EURCHF,2024-07-05,vente,True,False,False,1,-1.0369
EURCHF,2024-07-05,vente,True,False,False,2,-1.0369
EURCHF,2024-07-05,vente,True,False,False,3,-1.0369
EURCHF,2024-07-08,achat,False,False,False,1,0.3594
EURCHF,2024-07-08,achat,False,False,False,2,0.3594
EURCHF,2024-07-08,achat,False,False,False,3,0.3594
EURCHF,2024-07-10,achat,False,False,False,1,0.3445
EURCHF,2024-07-10,achat,False,False,False,2,0.3445
EURCHF,2024-07-10,achat,False,False,False,3,0.3445
EURCHF,2024-07-23,vente,False,False,False,1,0.9315
EURCHF,2024-07-23,vente,False,False,False,2,1.9315
EURCHF,2024-07-23,vente,False,False,False,3,2.9315
EURCHF,2024-08-06,vente,False,True,False,1,-1.0214
EURCHF,2024-08-06,vente,False,True,False,2,-1.0214
EURCHF,2024-08-06,vente,False,True,False,3,-1.0214
EURCHF,2024-08-07,achat,False,False,False,1,0.9833
EURCHF,2024-08-07,achat,False,False,False,2,0.6031
EURCHF,2024-08-07,achat,False,False,False,3,0.6031
EURCHF,2024-08-26,vente,True,False,False,1,0.9449
EURCHF,2024-08-26,vente,True,False,False,2,1.9449
EURCHF,2024-08-26,vente,True,False,False,3,2.9449
EURCHF,2024-09-03,vente,False,False,False,1,0.8851
EURCHF,2024-09-03,vente,False,False,False,2,0.8851
EURCHF,2024-09-03,vente,False,False,False,3,0.8851
EURCHF,2024-09-06,vente,False,True,False,1,-1.0273
EURCHF,2024-09-06,vente,False,True,False,2,-1.0273
EURCHF,2024-09-06,vente,False,True,False,3,-1.0273
EURCHF,2024-09-10,vente,False,True,False,1,-1.0303
EURCHF,2024-09-10,vente,False,True,False,2,-1.0303
EURCHF,2024-09-10,vente,False,True,False,3,-1.0303
EURCHF,2024-09-11,achat,False,False,False,1,0.119
EURCHF,2024-09-11,achat,False,False,False,2,0.119
EURCHF,2024-09-11,achat,False,False,False,3,0.119
EURCHF,2024-09-17,achat,False,True,False,1,-1.0425
EURCHF,2024-09-17,achat,False,True,False,2,-1.0425
EURCHF,2024-09-17,achat,False,True,False,3,-1.0425
EURCHF,2024-09-23,vente,True,False,False,1,-1.0169
EURCHF,2024-09-23,vente,True,False,False,2,-1.0169
EURCHF,2024-09-23,vente,True,False,False,3,-1.0169
EURCHF,2024-10-01,vente,False,False,False,1,-1.0206
EURCHF,2024-10-01,vente,False,False,False,2,-1.0206
EURCHF,2024-10-01,vente,False,False,False,3,-1.0206
EURCHF,2024-10-07,vente,False,False,False,1,0.2258
EURCHF,2024-10-07,vente,False,False,False,2,0.2258
EURCHF,2024-10-07,vente,False,False,False,3,0.2258
EURCHF,2024-10-10,vente,False,False,False,1,-1.027
EURCHF,2024-10-10,vente,False,False,False,2,-1.027
EURCHF,2024-10-10,vente,False,False,False,3,-1.027
EURCHF,2024-10-17,vente,False,False,False,1,0.955
EURCHF,2024-10-17,vente,False,False,False,2,0.982
EURCHF,2024-10-17,vente,False,False,False,3,0.982
EURCHF,2024-10-21,vente,False,False,False,1,-0.3174
EURCHF,2024-10-21,vente,False,False,False,2,-0.3174
EURCHF,2024-10-21,vente,False,False,False,3,-0.3174
EURCHF,2024-10-24,achat,False,False,False,1,0.1832
EURCHF,2024-10-24,achat,False,False,False,2,0.1832
EURCHF,2024-10-24,achat,False,False,False,3,0.1832
EURCHF,2024-10-29,achat,False,False,False,1,0.9629
EURCHF,2024-10-29,achat,False,False,False,2,1.0099
EURCHF,2024-10-29,achat,False,False,False,3,1.0099
EURCHF,2024-11-01,achat,False,True,False,1,-1.0398
EURCHF,2024-11-01,achat,False,True,False,2,-1.0398
EURCHF,2024-11-01,achat,False,True,False,3,-1.0398
EURCHF,2024-11-04,vente,False,False,False,1,0.9619
EURCHF,2024-11-04,vente,False,False,False,2,-1.0381
EURCHF,2024-11-04,vente,False,False,False,3,-1.0381
EURCHF,2024-11-08,vente,False,False,False,1,0.9663
EURCHF,2024-11-08,vente,False,False,False,2,0.4831
EURCHF,2024-11-08,vente,False,False,False,3,0.4831
EURCHF,2024-11-12,vente,False,True,False,1,0.943
EURCHF,2024-11-12,vente,False,True,False,2,-1.057
EURCHF,2024-11-12,vente,False,True,False,3,-1.057
EURCHF,2024-11-14,achat,False,False,False,1,-1.0463
EURCHF,2024-11-14,achat,False,False,False,2,-1.0463
EURCHF,2024-11-14,achat,False,False,False,3,-1.0463
EURCHF,2024-11-15,vente,False,True,False,1,0.9645
EURCHF,2024-11-15,vente,False,True,False,2,0.801
EURCHF,2024-11-15,vente,False,True,False,3,0.801
EURCHF,2024-11-25,vente,False,False,False,1,-0.601
EURCHF,2024-11-25,vente,False,False,False,2,-0.601
EURCHF,2024-11-25,vente,False,False,False,3,-0.601
EURCHF,2024-12-02,achat,False,False,False,1,-0.4274
EURCHF,2024-12-02,achat,False,False,False,2,-0.4274
EURCHF,2024-12-02,achat,False,False,False,3,-0.4274
EURCHF,2024-12-04,vente,False,False,False,1,0.4147
EURCHF,2024-12-04,vente,False,False,False,2,0.4147
EURCHF,2024-12-04,vente,False,False,False,3,0.4147
EURCHF,2024-12-06,vente,False,False,False,1,0.9296
EURCHF,2024-12-06,vente,False,False,False,2,0.108
EURCHF,2024-12-06,vente,False,False,False,3,0.108
EURCHF,2024-12-10,achat,True,False,False,1,0.9679
EURCHF,2024-12-10,achat,True,False,False,2,1.609
EURCHF,2024-12-10,achat,True,False,False,3,1.609
EURCHF,2024-12-12,achat,True,False,False,1,0.9794
EURCHF,2024-12-12,achat,True,False,False,2,0.3077
EURCHF,2024-12-12,achat,True,False,False,3,0.3077
EURCHF,2024-12-17,vente,False,False,False,1,0.9721
EURCHF,2024-12-17,vente,False,False,False,2,0.9572
EURCHF,2024-12-17,vente,False,False,False,3,0.9572
EURCHF,2024-12-23,achat,False,False,False,1,0.3867
EURCHF,2024-12-23,achat,False,False,False,2,0.3867
EURCHF,2024-12-23,achat,False,False,False,3,0.3867
EURCHF,2025-01-06,achat,False,True,False,1,0.9582
EURCHF,2025-01-06,achat,False,True,False,2,-0.1978
EURCHF,2025-01-06,achat,False,True,False,3,-0.1978
EURCHF,2025-01-13,achat,False,False,False,1,-0.2221
EURCHF,2025-01-13,achat,False,False,False,2,-0.2221
EURCHF,2025-01-13,achat,False,False,False,3,-0.2221
EURCHF,2025-01-15,vente,False,False,False,1,0.9393
EURCHF,2025-01-15,vente,False,False,False,2,-1.0607
EURCHF,2025-01-15,vente,False,False,False,3,-1.0607
EURCHF,2025-01-17,achat,False,True,False,1,0.9552
EURCHF,2025-01-17,achat,False,True,False,2,1.1015
EURCHF,2025-01-17,achat,False,True,False,3,1.1015
EURCHF,2025-01-23,achat,False,False,False,1,0.9518
EURCHF,2025-01-23,achat,False,False,False,2,1.9518
EURCHF,2025-01-23,achat,False,False,False,3,-0.7814
EURCHF,2025-01-27,vente,True,False,False,1,-0.2988
EURCHF,2025-01-27,vente,True,False,False,2,-0.2988
EURCHF,2025-01-27,vente,True,False,False,3,-0.2988
EURCHF,2025-01-29,achat,False,False,False,1,0.9525
EURCHF,2025-01-29,achat,False,False,False,2,-1.0475
EURCHF,2025-01-29,achat,False,False,False,3,-1.0475
EURCHF,2025-01-31,vente,False,False,False,1,0.958
EURCHF,2025-01-31,vente,False,False,False,2,1.958
EURCHF,2025-01-31,vente,False,False,False,3,1.6611
EURCHF,2025-02-03,achat,False,True,False,1,-0.2731
EURCHF,2025-02-03,achat,False,True,False,2,-0.2731
EURCHF,2025-02-03,achat,False,True,False,3,-0.2731
EURCHF,2025-02-06,achat,False,True,False,1,0.9611
EURCHF,2025-02-06,achat,False,True,False,2,1.5907
EURCHF,2025-02-06,achat,False,True,False,3,1.5907
EURCHF,2025-02-11,achat,False,True,False,1,-0.2937
EURCHF,2025-02-11,achat,False,True,False,2,-0.2937
EURCHF,2025-02-11,achat,False,True,False,3,-0.2937
EURCHF,2025-02-13,vente,True,False,False,1,0.0938
EURCHF,2025-02-13,vente,True,False,False,2,0.0938
EURCHF,2025-02-13,vente,True,False,False,3,0.0938
EURCHF,2025-02-21,vente,False,False,False,1,0.0452
EURCHF,2025-02-21,vente,False,False,False,2,0.0452
EURCHF,2025-02-21,vente,False,False,False,3,0.0452
EURCHF,2025-02-26,vente,False,False,False,1,-1.0673
EURCHF,2025-02-26,vente,False,False,False,2,-1.0673
EURCHF,2025-02-26,vente,False,False,False,3,-1.0673
EURCHF,2025-03-10,achat,True,False,False,1,0.971
EURCHF,2025-03-10,achat,True,False,False,2,1.971
EURCHF,2025-03-10,achat,True,False,False,3,0.793
EURCHF,2025-03-14,achat,False,False,False,1,-1.0286
EURCHF,2025-03-14,achat,False,False,False,2,-1.0286
EURCHF,2025-03-14,achat,False,False,False,3,-1.0286
EURCHF,2025-03-18,vente,False,True,False,1,0.9689
EURCHF,2025-03-18,vente,False,True,False,2,0.9481
EURCHF,2025-03-18,vente,False,True,False,3,0.9481
EURCHF,2025-03-21,vente,False,False,False,1,0.9593
EURCHF,2025-03-21,vente,False,False,False,2,1.2277
EURCHF,2025-03-21,vente,False,False,False,3,1.2277
EURCHF,2025-04-03,vente,False,False,False,1,0.9836
EURCHF,2025-04-03,vente,False,False,False,2,1.9836
EURCHF,2025-04-03,vente,False,False,False,3,2.1963
EURCHF,2025-04-08,vente,False,False,False,1,0.2094
EURCHF,2025-04-08,vente,False,False,False,2,0.2094
EURCHF,2025-04-08,vente,False,False,False,3,0.2094
EURCHF,2025-04-10,vente,False,False,False,1,-0.1607
EURCHF,2025-04-10,vente,False,False,False,2,-0.1607
EURCHF,2025-04-10,vente,False,False,False,3,-0.1607
EURCHF,2025-04-14,vente,False,True,False,1,-0.558
EURCHF,2025-04-14,vente,False,True,False,2,-0.558
EURCHF,2025-04-14,vente,False,True,False,3,-0.558
EURCHF,2025-04-21,achat,True,False,False,1,0.9677
EURCHF,2025-04-21,achat,True,False,False,2,1.9677
EURCHF,2025-04-21,achat,True,False,False,3,2.2624
EURCHF,2025-04-30,vente,False,True,False,1,0.9655
EURCHF,2025-04-30,vente,False,True,False,2,1.1747
EURCHF,2025-04-30,vente,False,True,False,3,1.1747
EURCHF,2025-05-02,vente,False,True,False,1,-1.0298
EURCHF,2025-05-02,vente,False,True,False,2,-1.0298
EURCHF,2025-05-02,vente,False,True,False,3,-1.0298
EURCHF,2025-05-06,achat,False,False,False,1,-0.2853
EURCHF,2025-05-06,achat,False,False,False,2,-0.2853
EURCHF,2025-05-06,achat,False,False,False,3,-0.2853
EURCHF,2025-05-15,vente,False,False,False,1,0.1485
EURCHF,2025-05-15,vente,False,False,False,2,0.1485
EURCHF,2025-05-15,vente,False,False,False,3,0.1485
EURCHF,2025-05-20,vente,False,True,False,1,0.0505
EURCHF,2025-05-20,vente,False,True,False,2,0.0505
EURCHF,2025-05-20,vente,False,True,False,3,0.0505
EURCHF,2025-05-27,achat,False,False,False,1,-1.0301
EURCHF,2025-05-27,achat,False,False,False,2,-1.0301
EURCHF,2025-05-27,achat,False,False,False,3,-1.0301
EURCHF,2025-05-30,vente,False,True,False,1,-1.0492
EURCHF,2025-05-30,vente,False,True,False,2,-1.0492
EURCHF,2025-05-30,vente,False,True,False,3,-1.0492
EURCHF,2025-06-04,vente,False,True,False,1,-1.04
EURCHF,2025-06-04,vente,False,True,False,2,-1.04
EURCHF,2025-06-04,vente,False,True,False,3,-1.04
EURCHF,2025-06-05,achat,False,False,False,1,0.3312
EURCHF,2025-06-05,achat,False,False,False,2,0.3312
EURCHF,2025-06-05,achat,False,False,False,3,0.3312
EURCHF,2025-06-12,vente,False,False,False,1,0.9727
EURCHF,2025-06-12,vente,False,False,False,2,-0.0818
EURCHF,2025-06-12,vente,False,False,False,3,-0.0818
EURCHF,2025-06-16,achat,False,True,False,1,-0.058
EURCHF,2025-06-16,achat,False,True,False,2,-0.058
EURCHF,2025-06-16,achat,False,True,False,3,-0.058
EURCHF,2025-06-18,achat,False,True,False,1,-1.0581
EURCHF,2025-06-18,achat,False,True,False,2,-1.0581
EURCHF,2025-06-18,achat,False,True,False,3,-1.0581
EURCHF,2025-06-20,achat,False,True,False,1,-1.0405
EURCHF,2025-06-20,achat,False,True,False,2,-1.0405
EURCHF,2025-06-20,achat,False,True,False,3,-1.0405
EURCHF,2025-06-24,vente,False,False,False,1,-0.1278
EURCHF,2025-06-24,vente,False,False,False,2,-0.1278
EURCHF,2025-06-24,vente,False,False,False,3,-0.1278
EURCHF,2025-07-08,vente,False,True,False,1,0.5503
EURCHF,2025-07-08,vente,False,True,False,2,0.5503
EURCHF,2025-07-08,vente,False,True,False,3,0.5503
EURCHF,2025-07-15,vente,False,False,False,1,-1.1376
EURCHF,2025-07-15,vente,False,False,False,2,-1.1376
EURCHF,2025-07-15,vente,False,False,False,3,-1.1376
EURCHF,2025-07-16,achat,False,False,False,1,0.5375
EURCHF,2025-07-16,achat,False,False,False,2,0.5375
EURCHF,2025-07-16,achat,False,False,False,3,0.5375
EURCHF,2025-07-18,vente,False,False,False,1,-1.0556
EURCHF,2025-07-18,vente,False,False,False,2,-1.0556
EURCHF,2025-07-18,vente,False,False,False,3,-1.0556
EURCHF,2025-07-21,achat,False,False,False,1,-1.0558
EURCHF,2025-07-21,achat,False,False,False,2,-1.0558
EURCHF,2025-07-21,achat,False,False,False,3,-1.0558
EURCHF,2025-07-22,vente,False,False,False,1,0.9345
EURCHF,2025-07-22,vente,False,False,False,2,-1.0655
EURCHF,2025-07-22,vente,False,False,False,3,-1.0655
EURCHF,2025-08-06,achat,False,False,False,1,0.4704
EURCHF,2025-08-06,achat,False,False,False,2,0.4704
EURCHF,2025-08-06,achat,False,False,False,3,0.4704
EURCHF,2025-08-11,achat,False,True,False,1,-1.0427
EURCHF,2025-08-11,achat,False,True,False,2,-1.0427
EURCHF,2025-08-11,achat,False,True,False,3,-1.0427
EURCHF,2025-08-14,vente,False,False,False,1,-1.0602
EURCHF,2025-08-14,vente,False,False,False,2,-1.0602
EURCHF,2025-08-14,vente,False,False,False,3,-1.0602
EURCHF,2025-08-15,achat,False,True,False,1,-1.0349
EURCHF,2025-08-15,achat,False,True,False,2,-1.0349
EURCHF,2025-08-15,achat,False,True,False,3,-1.0349
EURCHF,2025-08-28,achat,False,False,False,1,0.0704
EURCHF,2025-08-28,achat,False,False,False,2,0.0704
EURCHF,2025-08-28,achat,False,False,False,3,0.0704
EURCHF,2025-09-01,achat,False,True,False,1,-1.0718
EURCHF,2025-09-01,achat,False,True,False,2,-1.0718
EURCHF,2025-09-01,achat,False,True,False,3,-1.0718
EURCHF,2025-09-05,vente,False,True,False,1,-0.0318
EURCHF,2025-09-05,vente,False,True,False,2,-0.0318
EURCHF,2025-09-05,vente,False,True,False,3,-0.0318
EURCHF,2025-09-16,vente,False,True,False,1,0.933
EURCHF,2025-09-16,vente,False,True,False,2,-1.067
EURCHF,2025-09-16,vente,False,True,False,3,-1.067
EURCHF,2025-09-18,achat,False,False,False,1,0.2226
EURCHF,2025-09-18,achat,False,False,False,2,0.2226
EURCHF,2025-09-18,achat,False,False,False,3,0.2226
EURCHF,2025-09-22,achat,False,False,False,1,-1.075
EURCHF,2025-09-22,achat,False,False,False,2,-1.075
EURCHF,2025-09-22,achat,False,False,False,3,-1.075
EURCHF,2025-09-24,vente,False,True,False,1,-1.0711
EURCHF,2025-09-24,vente,False,True,False,2,-1.0711
EURCHF,2025-09-24,vente,False,True,False,3,-1.0711
EURCHF,2025-09-26,achat,False,False,False,1,0.8973
EURCHF,2025-09-26,achat,False,False,False,2,1.8973
EURCHF,2025-09-26,achat,False,False,False,3,1.0137
EURCHF,2025-10-02,vente,False,True,False,1,0.9279
EURCHF,2025-10-02,vente,False,True,False,2,1.9279
EURCHF,2025-10-02,vente,False,True,False,3,1.7548
EURCHF,2025-10-08,achat,False,False,False,1,-1.0507
EURCHF,2025-10-08,achat,False,False,False,2,-1.0507
EURCHF,2025-10-08,achat,False,False,False,3,-1.0507
EURCHF,2025-10-10,vente,False,False,False,1,0.1426
EURCHF,2025-10-10,vente,False,False,False,2,0.1426
EURCHF,2025-10-10,vente,False,False,False,3,0.1426
EURCHF,2025-10-24,achat,True,False,False,1,0.9231
EURCHF,2025-10-24,achat,True,False,False,2,1.9231
EURCHF,2025-10-24,achat,True,False,False,3,1.9385
EURCHF,2025-10-29,achat,True,False,False,1,0.4689
EURCHF,2025-10-29,achat,True,False,False,2,0.4689
EURCHF,2025-10-29,achat,True,False,False,3,0.4689
EURCHF,2025-11-21,achat,True,False,False,1,0.957
EURCHF,2025-11-21,achat,True,False,False,2,0.404
EURCHF,2025-11-21,achat,True,False,False,3,0.404
EURCHF,2025-11-28,vente,False,False,False,1,-1.0685
EURCHF,2025-11-28,vente,False,False,False,2,-1.0685
EURCHF,2025-11-28,vente,False,False,False,3,-1.0685
EURCHF,2025-12-01,achat,False,False,False,1,0.5489
EURCHF,2025-12-01,achat,False,False,False,2,0.5489
EURCHF,2025-12-01,achat,False,False,False,3,0.5489
EURCHF,2025-12-04,achat,False,False,False,1,0.9565
EURCHF,2025-12-04,achat,False,False,False,2,0.3768
EURCHF,2025-12-04,achat,False,False,False,3,0.3768
EURCHF,2025-12-16,vente,False,True,False,1,0.943
EURCHF,2025-12-16,vente,False,True,False,2,1.114
EURCHF,2025-12-16,vente,False,True,False,3,1.114
EURCHF,2025-12-22,vente,False,False,False,1,0.9
EURCHF,2025-12-22,vente,False,False,False,2,1.9
EURCHF,2025-12-22,vente,False,False,False,3,2.9
EURCHF,2025-12-29,vente,False,False,False,1,-1.0538
EURCHF,2025-12-29,vente,False,False,False,2,-1.0538
EURCHF,2025-12-29,vente,False,False,False,3,-1.0538
EURCHF,2025-12-30,achat,True,False,False,1,-0.5719
EURCHF,2025-12-30,achat,True,False,False,2,-0.5719
EURCHF,2025-12-30,achat,True,False,False,3,-0.5719
EURCHF,2026-01-06,achat,True,False,False,1,0.6141
EURCHF,2026-01-06,achat,True,False,False,2,0.6141
EURCHF,2026-01-06,achat,True,False,False,3,0.6141
EURCHF,2026-01-12,vente,False,False,False,1,-1.0806
EURCHF,2026-01-12,vente,False,False,False,2,-1.0806
EURCHF,2026-01-12,vente,False,False,False,3,-1.0806
EURCHF,2026-01-13,achat,False,False,False,1,-0.5134
EURCHF,2026-01-13,achat,False,False,False,2,-0.5134
EURCHF,2026-01-13,achat,False,False,False,3,-0.5134
EURCHF,2026-01-15,achat,False,False,False,1,-1.0556
EURCHF,2026-01-15,achat,False,False,False,2,-1.0556
EURCHF,2026-01-15,achat,False,False,False,3,-1.0556
EURCHF,2026-01-16,vente,False,False,False,1,0.9289
EURCHF,2026-01-16,vente,False,False,False,2,1.9289
EURCHF,2026-01-16,vente,False,False,False,3,0.564
EURCHF,2026-01-20,vente,False,False,False,1,-1.0448
EURCHF,2026-01-20,vente,False,False,False,2,-1.0448
EURCHF,2026-01-20,vente,False,False,False,3,-1.0448
EURCHF,2026-01-21,achat,True,False,False,1,-1.0336
EURCHF,2026-01-21,achat,True,False,False,2,-1.0336
EURCHF,2026-01-21,achat,True,False,False,3,-1.0336
EURCHF,2026-01-27,vente,True,False,False,1,0.2961
EURCHF,2026-01-27,vente,True,False,False,2,0.2961
EURCHF,2026-01-27,vente,True,False,False,3,0.2961
EURCHF,2026-02-05,vente,False,False,False,1,0.9372
EURCHF,2026-02-05,vente,False,False,False,2,1.9372
EURCHF,2026-02-05,vente,False,False,False,3,0.8661
EURCHF,2026-02-09,vente,False,False,False,1,-0.0566
EURCHF,2026-02-09,vente,False,False,False,2,-0.0566
EURCHF,2026-02-09,vente,False,False,False,3,-0.0566
EURCHF,2026-02-12,vente,False,False,False,1,0.951
EURCHF,2026-02-12,vente,False,False,False,2,0.0784
EURCHF,2026-02-12,vente,False,False,False,3,0.0784
EURCHF,2026-02-18,vente,False,True,False,1,-1.0484
EURCHF,2026-02-18,vente,False,True,False,2,-1.0484
EURCHF,2026-02-18,vente,False,True,False,3,-1.0484
EURCHF,2026-02-27,vente,False,True,False,1,0.9701
EURCHF,2026-02-27,vente,False,True,False,2,0.3984
EURCHF,2026-02-27,vente,False,True,False,3,0.3984
EURCHF,2026-03-02,achat,False,False,False,1,-0.5828
EURCHF,2026-03-02,achat,False,False,False,2,-0.5828
EURCHF,2026-03-02,achat,False,False,False,3,-0.5828
EURCHF,2026-03-11,vente,False,False,False,1,-1.0598
EURCHF,2026-03-11,vente,False,False,False,2,-1.0598
EURCHF,2026-03-11,vente,False,False,False,3,-1.0598
EURCHF,2026-03-12,achat,True,False,False,1,0.1609
EURCHF,2026-03-12,achat,True,False,False,2,0.1609
EURCHF,2026-03-12,achat,True,False,False,3,0.1609
EURCHF,2026-03-16,achat,False,False,False,1,0.9583
EURCHF,2026-03-16,achat,False,False,False,2,1.9583
EURCHF,2026-03-16,achat,False,False,False,3,1.9083
EURCHF,2026-03-18,achat,False,False,False,1,0.9601
EURCHF,2026-03-18,achat,False,False,False,2,1.1383
EURCHF,2026-03-18,achat,False,False,False,3,1.1383
EURCHF,2026-03-23,achat,False,False,False,1,0.7972
EURCHF,2026-03-23,achat,False,False,False,2,0.7972
EURCHF,2026-03-23,achat,False,False,False,3,0.7972
EURCHF,2026-03-26,achat,False,True,False,1,0.9486
EURCHF,2026-03-26,achat,False,True,False,2,1.9486
EURCHF,2026-03-26,achat,False,True,False,3,2.9486
EURCHF,2026-03-30,vente,False,False,False,1,-1.0394
EURCHF,2026-03-30,vente,False,False,False,2,-1.0394
EURCHF,2026-03-30,vente,False,False,False,3,-1.0394
EURCHF,2026-03-31,achat,False,False,False,1,-0.262
EURCHF,2026-03-31,achat,False,False,False,2,-0.262
EURCHF,2026-03-31,achat,False,False,False,3,-0.262
EURCHF,2026-04-07,achat,False,False,False,1,-1.0481
EURCHF,2026-04-07,achat,False,False,False,2,-1.0481
EURCHF,2026-04-07,achat,False,False,False,3,-1.0481
EURCHF,2026-04-09,achat,False,False,False,1,-1.0437
EURCHF,2026-04-09,achat,False,False,False,2,-1.0437
EURCHF,2026-04-09,achat,False,False,False,3,-1.0437
EURCHF,2026-04-15,achat,False,False,False,1,-1.0445
EURCHF,2026-04-15,achat,False,False,False,2,-1.0445
EURCHF,2026-04-15,achat,False,False,False,3,-1.0445
EURCHF,2026-04-17,vente,True,False,False,1,0.0313
EURCHF,2026-04-17,vente,True,False,False,2,0.0313
EURCHF,2026-04-17,vente,True,False,False,3,0.0313
EURCHF,2026-04-22,achat,False,False,False,1,0.5525
EURCHF,2026-04-22,achat,False,False,False,2,0.5525
EURCHF,2026-04-22,achat,False,False,False,3,0.5525
EURCHF,2026-04-24,achat,False,False,False,1,0.9057
EURCHF,2026-04-24,achat,False,False,False,2,1.9057
EURCHF,2026-04-24,achat,False,False,False,3,2.9057
EURCHF,2026-05-05,vente,False,False,False,1,-1.0926
EURCHF,2026-05-05,vente,False,False,False,2,-1.0926
EURCHF,2026-05-05,vente,False,False,False,3,-1.0926
EURCHF,2026-05-07,achat,False,True,False,1,0.2129
EURCHF,2026-05-07,achat,False,True,False,2,0.2129
EURCHF,2026-05-07,achat,False,True,False,3,0.2129
EURCHF,2026-05-08,vente,False,False,False,1,-1.0962
EURCHF,2026-05-08,vente,False,False,False,2,-1.0962
EURCHF,2026-05-08,vente,False,False,False,3,-1.0962
EURCHF,2026-05-11,achat,False,True,False,1,-1.067
EURCHF,2026-05-11,achat,False,True,False,2,-1.067
EURCHF,2026-05-11,achat,False,True,False,3,-1.067
EURCHF,2026-05-28,vente,False,False,False,1,0.9606
EURCHF,2026-05-28,vente,False,False,False,2,-0.7927
EURCHF,2026-05-28,vente,False,False,False,3,-0.7927
EURCHF,2026-06-01,achat,False,True,False,1,0.2771
EURCHF,2026-06-01,achat,False,True,False,2,0.2771
EURCHF,2026-06-01,achat,False,True,False,3,0.2771
EURCHF,2026-06-11,vente,True,False,False,1,-0.2132
EURCHF,2026-06-11,vente,True,False,False,2,-0.2132
EURCHF,2026-06-11,vente,True,False,False,3,-0.2132
EURCHF,2026-06-18,achat,False,False,False,1,0.9564
EURCHF,2026-06-18,achat,False,False,False,2,-0.314
EURCHF,2026-06-18,achat,False,False,False,3,-0.314
EURCHF,2026-06-25,vente,True,False,False,1,-1.0798
EURCHF,2026-06-25,vente,True,False,False,2,-1.0798
EURCHF,2026-06-25,vente,True,False,False,3,-1.0798
EURCHF,2026-07-01,vente,True,False,False,1,0.9507
EURCHF,2026-07-01,vente,True,False,False,2,-0.2006
EURCHF,2026-07-01,vente,True,False,False,3,-0.2006
EURCHF,2026-07-06,achat,False,False,False,1,0.3125
EURCHF,2026-07-06,achat,False,False,False,2,0.3125
EURCHF,2026-07-06,achat,False,False,False,3,0.3125
EURCHF,2026-07-09,vente,True,False,False,1,0.8828
EURCHF,2026-07-09,vente,True,False,False,2,-1.1172
EURCHF,2026-07-09,vente,True,False,False,3,-1.1172
EURCHF,2026-07-16,achat,False,False,False,1,-1.0503
EURCHF,2026-07-16,achat,False,False,False,2,-1.0503
EURCHF,2026-07-16,achat,False,False,False,3,-1.0503
EURCHF,2026-08-05,vente,False,False,False,1,-1.06
EURCHF,2026-08-05,vente,False,False,False,2,-1.06
EURCHF,2026-08-05,vente,False,False,False,3,-1.06
EURCHF,2026-08-06,achat,False,False,False,1,-0.0352
EURCHF,2026-08-06,achat,False,False,False,2,-0.0352
EURCHF,2026-08-06,achat,False,False,False,3,-0.0352
EURCHF,2026-08-17,vente,False,False,False,1,-1.0777
EURCHF,2026-08-17,vente,False,False,False,2,-1.0777
EURCHF,2026-08-17,vente,False,False,False,3,-1.0777
EURCHF,2026-08-19,vente,False,False,False,1,-0.5078
EURCHF,2026-08-19,vente,False,False,False,2,-0.5078
EURCHF,2026-08-19,vente,False,False,False,3,-0.5078
EURCHF,2026-08-26,achat,False,True,False,1,-1.046
EURCHF,2026-08-26,achat,False,True,False,2,-1.046
EURCHF,2026-08-26,achat,False,True,False,3,-1.046
EURCHF,2026-09-03,vente,False,False,False,1,-1.0469
EURCHF,2026-09-03,vente,False,False,False,2,-1.0469
EURCHF,2026-09-03,vente,False,False,False,3,-1.0469
EURCHF,2026-09-08,achat,False,True,False,1,0.8966
EURCHF,2026-09-08,achat,False,True,False,2,1.8966
EURCHF,2026-09-08,achat,False,True,False,3,2.8966
EURCHF,2026-09-14,vente,False,False,False,1,-1.0387
EURCHF,2026-09-14,vente,False,False,False,2,-1.0387
EURCHF,2026-09-14,vente,False,False,False,3,-1.0387
EURCHF,2026-09-18,vente,True,False,False,1,0.9648
EURCHF,2026-09-18,vente,True,False,False,2,1.0188
EURCHF,2026-09-18,vente,True,False,False,3,1.0188
EURCHF,2026-09-24,achat,False,True,False,1,0.7433
EURCHF,2026-09-24,achat,False,True,False,2,0.7433
EURCHF,2026-09-24,achat,False,True,False,3,0.7433
USDCHF,2023-12-18,vente,False,False,False,1,0.9649
USDCHF,2023-12-18,vente,False,False,False,2,1.9649
USDCHF,2023-12-18,vente,False,False,False,3,2.4918
USDCHF,2023-12-21,vente,False,True,False,1,0.3375
USDCHF,2023-12-21,vente,False,True,False,2,0.3375
USDCHF,2023-12-21,vente,False,True,False,3,0.3375
USDCHF,2023-12-29,vente,False,False,False,1,-1.0554
USDCHF,2023-12-29,vente,False,False,False,2,-1.0554
USDCHF,2023-12-29,vente,False,False,False,3,-1.0554
USDCHF,2024-01-04,achat,True,False,False,1,0.9449
USDCHF,2024-01-04,achat,True,False,False,2,1.9449
USDCHF,2024-01-04,achat,True,False,False,3,-1.0551
USDCHF,2024-01-09,achat,False,False,False,1,-0.1353
USDCHF,2024-01-09,achat,False,False,False,2,-0.1353
USDCHF,2024-01-09,achat,False,False,False,3,-0.1353
USDCHF,2024-01-22,achat,False,False,False,1,-1.0556
USDCHF,2024-01-22,achat,False,False,False,2,-1.0556
USDCHF,2024-01-22,achat,False,False,False,3,-1.0556
USDCHF,2024-01-24,vente,False,False,False,1,0.2073
USDCHF,2024-01-24,vente,False,False,False,2,0.2073
USDCHF,2024-01-24,vente,False,False,False,3,0.2073
USDCHF,2024-02-01,vente,False,True,False,1,-1.0198
USDCHF,2024-02-01,vente,False,True,False,2,-1.0198
USDCHF,2024-02-01,vente,False,True,False,3,-1.0198
USDCHF,2024-02-02,achat,False,False,False,1,0.6332
USDCHF,2024-02-02,achat,False,False,False,2,0.6332
USDCHF,2024-02-02,achat,False,False,False,3,0.6332
USDCHF,2024-02-07,achat,False,False,False,1,0.2899
USDCHF,2024-02-07,achat,False,False,False,2,0.2899
USDCHF,2024-02-07,achat,False,False,False,3,0.2899
USDCHF,2024-02-26,vente,False,False,False,1,-1.0625
USDCHF,2024-02-26,vente,False,False,False,2,-1.0625
USDCHF,2024-02-26,vente,False,False,False,3,-1.0625
USDCHF,2024-02-29,achat,False,False,False,1,-0.1637
USDCHF,2024-02-29,achat,False,False,False,2,-0.1637
USDCHF,2024-02-29,achat,False,False,False,3,-0.1637
USDCHF,2024-03-18,achat,False,False,False,1,0.9729
USDCHF,2024-03-18,achat,False,False,False,2,1.9729
USDCHF,2024-03-18,achat,False,False,False,3,1.8339
USDCHF,2024-03-20,vente,False,False,False,1,-1.023
USDCHF,2024-03-20,vente,False,False,False,2,-1.023
USDCHF,2024-03-20,vente,False,False,False,3,-1.023
USDCHF,2024-03-21,achat,False,False,False,1,0.4041
USDCHF,2024-03-21,achat,False,False,False,2,0.4041
USDCHF,2024-03-21,achat,False,False,False,3,0.4041
USDCHF,2024-03-25,achat,False,False,False,1,0.9479
USDCHF,2024-03-25,achat,False,False,False,2,1.9479
USDCHF,2024-03-25,achat,False,False,False,3,0.4896
USDCHF,2024-03-28,vente,False,False,False,1,-1.0269
USDCHF,2024-03-28,vente,False,False,False,2,-1.0269
USDCHF,2024-03-28,vente,False,False,False,3,-1.0269
USDCHF,2024-04-03,vente,False,False,False,1,-0.3294
USDCHF,2024-04-03,vente,False,False,False,2,-0.3294
USDCHF,2024-04-03,vente,False,False,False,3,-0.3294
USDCHF,2024-04-09,vente,False,False,False,1,-1.0543
USDCHF,2024-04-09,vente,False,False,False,2,-1.0543
USDCHF,2024-04-09,vente,False,False,False,3,-1.0543
USDCHF,2024-04-10,achat,True,False,False,1,-0.1294
USDCHF,2024-04-10,achat,True,False,False,2,-0.1294
USDCHF,2024-04-10,achat,True,False,False,3,-0.1294
USDCHF,2024-04-12,achat,False,False,False,1,-0.7104
USDCHF,2024-04-12,achat,False,False,False,2,-0.7104
USDCHF,2024-04-12,achat,False,False,False,3,-0.7104
USDCHF,2024-04-17,vente,False,True,False,1,0.9464
USDCHF,2024-04-17,vente,False,True,False,2,1.9464
USDCHF,2024-04-17,vente,False,True,False,3,2.9464
USDCHF,2024-04-19,vente,False,True,False,1,-1.045
USDCHF,2024-04-19,vente,False,True,False,2,-1.045
USDCHF,2024-04-19,vente,False,True,False,3,-1.045
USDCHF,2024-04-24,achat,False,True,False,1,-1.045
USDCHF,2024-04-24,achat,False,True,False,2,-1.045
USDCHF,2024-04-24,achat,False,True,False,3,-1.045
USDCHF,2024-04-29,vente,False,False,False,1,-1.0317
USDCHF,2024-04-29,vente,False,False,False,2,-1.0317
USDCHF,2024-04-29,vente,False,False,False,3,-1.0317
USDCHF,2024-04-30,achat,False,True,False,1,-1.016
USDCHF,2024-04-30,achat,False,True,False,2,-1.016
USDCHF,2024-04-30,achat,False,True,False,3,-1.016
USDCHF,2024-05-30,vente,False,True,False,1,0.9863
USDCHF,2024-05-30,vente,False,True,False,2,1.21
USDCHF,2024-05-30,vente,False,True,False,3,1.21
USDCHF,2024-06-06,vente,False,False,False,1,-1.0416
USDCHF,2024-06-06,vente,False,False,False,2,-1.0416
USDCHF,2024-06-06,vente,False,False,False,3,-1.0416
USDCHF,2024-06-07,achat,False,True,False,1,-0.19
USDCHF,2024-06-07,achat,False,True,False,2,-0.19
USDCHF,2024-06-07,achat,False,True,False,3,-0.19
USDCHF,2024-06-12,vente,True,False,False,1,0.9653
USDCHF,2024-06-12,vente,True,False,False,2,1.3125
USDCHF,2024-06-12,vente,True,False,False,3,1.3125
USDCHF,2024-06-25,achat,False,False,False,1,0.9646
USDCHF,2024-06-25,achat,False,False,False,2,0.7264
USDCHF,2024-06-25,achat,False,False,False,3,0.7264
USDCHF,2024-07-01,achat,True,False,False,1,-0.6248
USDCHF,2024-07-01,achat,True,False,False,2,-0.6248
USDCHF,2024-07-01,achat,True,False,False,3,-0.6248
USDCHF,2024-07-03,vente,False,False,False,1,0.9661
USDCHF,2024-07-03,vente,False,False,False,2,0.6524
USDCHF,2024-07-03,vente,False,False,False,3,0.6524
USDCHF,2024-07-10,achat,False,False,False,1,-1.0502
USDCHF,2024-07-10,achat,False,False,False,2,-1.0502
USDCHF,2024-07-10,achat,False,False,False,3,-1.0502
USDCHF,2024-07-11,vente,True,False,False,1,0.6266
USDCHF,2024-07-11,vente,True,False,False,2,0.6266
USDCHF,2024-07-11,vente,True,False,False,3,0.6266
USDCHF,2024-07-24,vente,False,False,False,1,0.9792
USDCHF,2024-07-24,vente,False,False,False,2,-0.1595
USDCHF,2024-07-24,vente,False,False,False,3,-0.1595
USDCHF,2024-07-30,vente,False,True,False,1,0.9744
USDCHF,2024-07-30,vente,False,True,False,2,1.9744
USDCHF,2024-07-30,vente,False,True,False,3,2.9744
USDCHF,2024-08-07,achat,True,False,False,1,0.9808
USDCHF,2024-08-07,achat,True,False,False,2,0.5949
USDCHF,2024-08-07,achat,True,False,False,3,0.5949
USDCHF,2024-08-13,achat,False,True,False,1,-1.0843
USDCHF,2024-08-13,achat,False,True,False,2,-1.0843
USDCHF,2024-08-13,achat,False,True,False,3,-1.0843
USDCHF,2024-08-15,achat,False,True,False,1,-1.0185
USDCHF,2024-08-15,achat,False,True,False,2,-1.0185
USDCHF,2024-08-15,achat,False,True,False,3,-1.0185
USDCHF,2024-08-23,vente,False,False,False,1,0.6866
USDCHF,2024-08-23,vente,False,False,False,2,0.6866
USDCHF,2024-08-23,vente,False,False,False,3,0.6866
USDCHF,2024-09-03,vente,False,False,False,1,0.9633
USDCHF,2024-09-03,vente,False,False,False,2,1.9633
USDCHF,2024-09-03,vente,False,False,False,3,2.9633
USDCHF,2024-09-09,achat,False,False,False,1,-1.0246
USDCHF,2024-09-09,achat,False,False,False,2,-1.0246
USDCHF,2024-09-09,achat,False,False,False,3,-1.0246
USDCHF,2024-09-11,achat,False,False,False,1,-0.7663
USDCHF,2024-09-11,achat,False,False,False,2,-0.7663
USDCHF,2024-09-11,achat,False,False,False,3,-0.7663
USDCHF,2024-09-23,vente,True,False,False,1,0.9679
USDCHF,2024-09-23,vente,True,False,False,2,0.182
USDCHF,2024-09-23,vente,True,False,False,3,0.182
USDCHF,2024-09-25,achat,False,False,False,1,-1.0159
USDCHF,2024-09-25,achat,False,False,False,2,-1.0159
USDCHF,2024-09-25,achat,False,False,False,3,-1.0159
USDCHF,2024-10-10,vente,False,True,False,1,-1.0298
USDCHF,2024-10-10,vente,False,True,False,2,-1.0298
USDCHF,2024-10-10,vente,False,True,False,3,-1.0298
USDCHF,2024-10-14,achat,False,False,False,1,0.9675
USDCHF,2024-10-14,achat,False,False,False,2,0.7766
USDCHF,2024-10-14,achat,False,False,False,3,0.7766
USDCHF,2024-10-18,vente,False,False,False,1,-1.0463
USDCHF,2024-10-18,vente,False,False,False,2,-1.0463
USDCHF,2024-10-18,vente,False,False,False,3,-1.0463
USDCHF,2024-10-23,achat,False,False,False,1,-1.0943
USDCHF,2024-10-23,achat,False,False,False,2,-1.0943
USDCHF,2024-10-23,achat,False,False,False,3,-1.0943
USDCHF,2024-10-28,vente,False,False,False,1,0.2396
USDCHF,2024-10-28,vente,False,False,False,2,0.2396
USDCHF,2024-10-28,vente,False,False,False,3,0.2396
USDCHF,2024-11-01,achat,False,True,False,1,-1.0235
USDCHF,2024-11-01,achat,False,True,False,2,-1.0235
USDCHF,2024-11-01,achat,False,True,False,3,-1.0235
USDCHF,2024-11-06,achat,False,True,False,1,0.3162
USDCHF,2024-11-06,achat,False,True,False,2,0.3162
USDCHF,2024-11-06,achat,False,True,False,3,0.3162
USDCHF,2024-11-20,achat,False,False,False,1,0.9302
USDCHF,2024-11-20,achat,False,False,False,2,1.9302
USDCHF,2024-11-20,achat,False,False,False,3,2.9302
USDCHF,2024-11-29,vente,False,False,False,1,-1.0547
USDCHF,2024-11-29,vente,False,False,False,2,-1.0547
USDCHF,2024-11-29,vente,False,False,False,3,-1.0547
USDCHF,2024-12-02,achat,False,False,False,1,-1.0333
USDCHF,2024-12-02,achat,False,False,False,2,-1.0333
USDCHF,2024-12-02,achat,False,False,False,3,-1.0333
USDCHF,2024-12-04,vente,False,True,False,1,0.9664
USDCHF,2024-12-04,vente,False,True,False,2,1.9664
USDCHF,2024-12-04,vente,False,True,False,3,1.1256
USDCHF,2024-12-18,achat,False,False,False,1,-1.0145
USDCHF,2024-12-18,achat,False,False,False,2,-1.0145
USDCHF,2024-12-18,achat,False,False,False,3,-1.0145
USDCHF,2024-12-27,achat,True,False,False,1,0.9336
USDCHF,2024-12-27,achat,True,False,False,2,1.9336
USDCHF,2024-12-27,achat,True,False,False,3,2.9336
USDCHF,2025-01-07,achat,True,False,False,1,0.9798
USDCHF,2025-01-07,achat,True,False,False,2,0.8259
USDCHF,2025-01-07,achat,True,False,False,3,0.8259
USDCHF,2025-01-17,achat,False,False,False,1,-1.0305
USDCHF,2025-01-17,achat,False,False,False,2,-1.0305
USDCHF,2025-01-17,achat,False,False,False,3,-1.0305
USDCHF,2025-01-20,vente,False,True,False,1,-0.1636
USDCHF,2025-01-20,vente,False,True,False,2,-0.1636
USDCHF,2025-01-20,vente,False,True,False,3,-0.1636
USDCHF,2025-01-23,achat,False,False,False,1,-1.0743
USDCHF,2025-01-23,achat,False,False,False,2,-1.0743
USDCHF,2025-01-23,achat,False,False,False,3,-1.0743
USDCHF,2025-01-24,vente,False,False,False,1,0.9559
USDCHF,2025-01-24,vente,False,False,False,2,1.9559
USDCHF,2025-01-24,vente,False,False,False,3,-1.0441
USDCHF,2025-01-29,achat,False,False,False,1,0.9564
USDCHF,2025-01-29,achat,False,False,False,2,1.9564
USDCHF,2025-01-29,achat,False,False,False,3,2.9564
USDCHF,2025-02-03,vente,False,False,False,1,0.982
USDCHF,2025-02-03,vente,False,False,False,2,0.7341
USDCHF,2025-02-03,vente,False,False,False,3,0.7341
USDCHF,2025-02-13,vente,False,True,False,1,-0.0509
USDCHF,2025-02-13,vente,False,True,False,2,-0.0509
USDCHF,2025-02-13,vente,False,True,False,3,-0.0509
USDCHF,2025-02-20,vente,False,False,False,1,0.9772
USDCHF,2025-02-20,vente,False,False,False,2,0.8604
USDCHF,2025-02-20,vente,False,False,False,3,0.8604
USDCHF,2025-03-03,vente,False,False,False,1,0.977
USDCHF,2025-03-03,vente,False,False,False,2,1.977
USDCHF,2025-03-03,vente,False,False,False,3,2.0568
USDCHF,2025-03-06,vente,False,False,False,1,-0.0315
USDCHF,2025-03-06,vente,False,False,False,2,-0.0315
USDCHF,2025-03-06,vente,False,False,False,3,-0.0315
USDCHF,2025-03-17,vente,False,False,False,1,0.9592
USDCHF,2025-03-17,vente,False,False,False,2,-0.1169
USDCHF,2025-03-17,vente,False,False,False,3,-0.1169
USDCHF,2025-03-20,achat,True,False,False,1,0.1467
USDCHF,2025-03-20,achat,True,False,False,2,0.1467
USDCHF,2025-03-20,achat,True,False,False,3,0.1467
USDCHF,2025-03-26,achat,False,False,False,1,-1.0739
USDCHF,2025-03-26,achat,False,False,False,2,-1.0739
USDCHF,2025-03-26,achat,False,False,False,3,-1.0739
USDCHF,2025-03-27,vente,False,False,False,1,-1.0432
USDCHF,2025-03-27,vente,False,False,False,2,-1.0432
USDCHF,2025-03-27,vente,False,False,False,3,-1.0432
USDCHF,2025-03-31,achat,False,False,False,1,-1.0249
USDCHF,2025-03-31,achat,False,False,False,2,-1.0249
USDCHF,2025-03-31,achat,False,False,False,3,-1.0249
USDCHF,2025-04-08,vente,False,True,False,1,0.9896
USDCHF,2025-04-08,vente,False,True,False,2,1.9896
USDCHF,2025-04-08,vente,False,True,False,3,2.1546
USDCHF,2025-04-10,vente,False,False,False,1,0.0049
USDCHF,2025-04-10,vente,False,False,False,2,0.0049
USDCHF,2025-04-10,vente,False,False,False,3,0.0049
USDCHF,2025-04-15,achat,False,True,False,1,-1.0193
USDCHF,2025-04-15,achat,False,True,False,2,-1.0193
USDCHF,2025-04-15,achat,False,True,False,3,-1.0193
USDCHF,2025-04-16,vente,False,False,False,1,-1.0211
USDCHF,2025-04-16,vente,False,False,False,2,-1.0211
USDCHF,2025-04-16,vente,False,False,False,3,-1.0211
USDCHF,2025-04-22,achat,False,False,False,1,0.0422
USDCHF,2025-04-22,achat,False,False,False,2,0.0422
USDCHF,2025-04-22,achat,False,False,False,3,0.0422
USDCHF,2025-05-06,achat,False,False,False,1,-1.0295
USDCHF,2025-05-06,achat,False,False,False,2,-1.0295
USDCHF,2025-05-06,achat,False,False,False,3,-1.0295
USDCHF,2025-05-08,achat,False,False,False,1,0.9843
USDCHF,2025-05-08,achat,False,False,False,2,0.8029
USDCHF,2025-05-08,achat,False,False,False,3,0.8029
USDCHF,2025-05-12,achat,False,False,False,1,-1.0125
USDCHF,2025-05-12,achat,False,False,False,2,-1.0125
USDCHF,2025-05-12,achat,False,False,False,3,-1.0125
USDCHF,2025-05-15,vente,False,False,False,1,0.979
USDCHF,2025-05-15,vente,False,False,False,2,1.119
USDCHF,2025-05-15,vente,False,False,False,3,1.119
USDCHF,2025-05-22,achat,True,False,False,1,-1.0287
USDCHF,2025-05-22,achat,True,False,False,2,-1.0287
USDCHF,2025-05-22,achat,True,False,False,3,-1.0287
USDCHF,2025-05-23,vente,False,False,False,1,-1.0173
USDCHF,2025-05-23,vente,False,False,False,2,-1.0173
USDCHF,2025-05-23,vente,False,False,False,3,-1.0173
USDCHF,2025-05-27,achat,False,False,False,1,-0.5575
USDCHF,2025-05-27,achat,False,False,False,2,-0.5575
USDCHF,2025-05-27,achat,False,False,False,3,-0.5575
USDCHF,2025-05-29,vente,False,False,False,1,-0.084
USDCHF,2025-05-29,vente,False,False,False,2,-0.084
USDCHF,2025-05-29,vente,False,False,False,3,-0.084
USDCHF,2025-06-02,vente,True,False,False,1,-1.0205
USDCHF,2025-06-02,vente,True,False,False,2,-1.0205
USDCHF,2025-06-02,vente,True,False,False,3,-1.0205
USDCHF,2025-06-03,achat,False,False,False,1,-0.2074
USDCHF,2025-06-03,achat,False,False,False,2,-0.2074
USDCHF,2025-06-03,achat,False,False,False,3,-0.2074
USDCHF,2025-06-10,achat,False,False,False,1,-1.0769
USDCHF,2025-06-10,achat,False,False,False,2,-1.0769
USDCHF,2025-06-10,achat,False,False,False,3,-1.0769
USDCHF,2025-06-11,vente,True,False,False,1,0.9713
USDCHF,2025-06-11,vente,True,False,False,2,1.9713
USDCHF,2025-06-11,vente,True,False,False,3,0.9119
USDCHF,2025-06-19,vente,False,False,False,1,0.9719
USDCHF,2025-06-19,vente,False,False,False,2,1.9719
USDCHF,2025-06-19,vente,False,False,False,3,2.0749
USDCHF,2025-06-23,vente,False,False,False,1,0.9787
USDCHF,2025-06-23,vente,False,False,False,2,1.9787
USDCHF,2025-06-23,vente,False,False,False,3,1.6657
USDCHF,2025-07-07,achat,False,False,False,1,-1.039
USDCHF,2025-07-07,achat,False,False,False,2,-1.039
USDCHF,2025-07-07,achat,False,False,False,3,-1.039
USDCHF,2025-07-10,achat,False,False,False,1,0.9699
USDCHF,2025-07-10,achat,False,False,False,2,0.9218
USDCHF,2025-07-10,achat,False,False,False,3,0.9218
USDCHF,2025-07-14,achat,False,False,False,1,-1.0536
USDCHF,2025-07-14,achat,False,False,False,2,-1.0536
USDCHF,2025-07-14,achat,False,False,False,3,-1.0536
USDCHF,2025-07-17,achat,True,False,False,1,-1.0658
USDCHF,2025-07-17,achat,True,False,False,2,-1.0658
USDCHF,2025-07-17,achat,True,False,False,3,-1.0658
USDCHF,2025-07-24,achat,False,False,False,1,0.9582
USDCHF,2025-07-24,achat,False,False,False,2,1.9582
USDCHF,2025-07-24,achat,False,False,False,3,2.9582
USDCHF,2025-07-28,achat,False,False,False,1,0.9834
USDCHF,2025-07-28,achat,False,False,False,2,1.1728
USDCHF,2025-07-28,achat,False,False,False,3,1.1728
USDCHF,2025-08-01,vente,False,False,False,1,-0.1747
USDCHF,2025-08-01,vente,False,False,False,2,-0.1747
USDCHF,2025-08-01,vente,False,False,False,3,-0.1747
USDCHF,2025-08-08,achat,False,False,False,1,0.9498
USDCHF,2025-08-08,achat,False,False,False,2,-1.0502
USDCHF,2025-08-08,achat,False,False,False,3,-1.0502
USDCHF,2025-08-12,vente,False,True,False,1,-0.0507
USDCHF,2025-08-12,vente,False,True,False,2,-0.0507
USDCHF,2025-08-12,vente,False,True,False,3,-0.0507
USDCHF,2025-08-14,achat,False,False,False,1,0.0236
USDCHF,2025-08-14,achat,False,False,False,2,0.0236
USDCHF,2025-08-14,achat,False,False,False,3,0.0236
USDCHF,2025-08-20,vente,False,False,False,1,-1.0278
USDCHF,2025-08-20,vente,False,False,False,2,-1.0278
USDCHF,2025-08-20,vente,False,False,False,3,-1.0278
USDCHF,2025-08-21,achat,False,False,False,1,-1.0307
USDCHF,2025-08-21,achat,False,False,False,2,-1.0307
USDCHF,2025-08-21,achat,False,False,False,3,-1.0307
USDCHF,2025-08-22,vente,False,True,False,1,-0.0873
USDCHF,2025-08-22,vente,False,True,False,2,-0.0873
USDCHF,2025-08-22,vente,False,True,False,3,-0.0873
USDCHF,2025-08-29,vente,False,False,False,1,-1.0409
USDCHF,2025-08-29,vente,False,False,False,2,-1.0409
USDCHF,2025-08-29,vente,False,False,False,3,-1.0409
USDCHF,2025-09-02,achat,True,False,False,1,-1.0278
USDCHF,2025-09-02,achat,True,False,False,2,-1.0278
USDCHF,2025-09-02,achat,True,False,False,3,-1.0278
USDCHF,2025-09-05,vente,False,False,False,1,-0.1519
USDCHF,2025-09-05,vente,False,False,False,2,-0.1519
USDCHF,2025-09-05,vente,False,False,False,3,-0.1519
USDCHF,2025-09-11,vente,True,False,False,1,0.9699
USDCHF,2025-09-11,vente,True,False,False,2,1.9699
USDCHF,2025-09-11,vente,True,False,False,3,1.9819
USDCHF,2025-09-22,vente,False,False,False,1,-1.0294
USDCHF,2025-09-22,vente,False,False,False,2,-1.0294
USDCHF,2025-09-22,vente,False,False,False,3,-1.0294
USDCHF,2025-09-24,achat,False,False,False,1,0.9601
USDCHF,2025-09-24,achat,False,False,False,2,0.6489
USDCHF,2025-09-24,achat,False,False,False,3,0.6489
USDCHF,2025-10-03,vente,True,False,False,1,-1.045
USDCHF,2025-10-03,vente,True,False,False,2,-1.045
USDCHF,2025-10-03,vente,True,False,False,3,-1.045
USDCHF,2025-10-07,achat,False,False,False,1,0.962
USDCHF,2025-10-07,achat,False,False,False,2,1.962
USDCHF,2025-10-07,achat,False,False,False,3,0.162
USDCHF,2025-10-10,vente,False,False,False,1,0.3636
USDCHF,2025-10-10,vente,False,False,False,2,0.3636
USDCHF,2025-10-10,vente,False,False,False,3,0.3636
USDCHF,2025-10-14,vente,False,False,False,1,0.9601
USDCHF,2025-10-14,vente,False,False,False,2,1.9601
USDCHF,2025-10-14,vente,False,False,False,3,2.9601
USDCHF,2025-10-20,vente,False,False,False,1,-1.0714
USDCHF,2025-10-20,vente,False,False,False,2,-1.0714
USDCHF,2025-10-20,vente,False,False,False,3,-1.0714
USDCHF,2025-10-21,achat,False,False,False,1,-0.4526
USDCHF,2025-10-21,achat,False,False,False,2,-0.4526
USDCHF,2025-10-21,achat,False,False,False,3,-0.4526
USDCHF,2025-10-29,achat,False,False,False,1,0.9806
USDCHF,2025-10-29,achat,False,False,False,2,1.0232
USDCHF,2025-10-29,achat,False,False,False,3,1.0232
USDCHF,2025-11-28,vente,False,False,False,1,0.9618
USDCHF,2025-11-28,vente,False,False,False,2,0.8957
USDCHF,2025-11-28,vente,False,False,False,3,0.8957
USDCHF,2025-12-01,achat,True,False,False,1,-1.0281
USDCHF,2025-12-01,achat,True,False,False,2,-1.0281
USDCHF,2025-12-01,achat,True,False,False,3,-1.0281
USDCHF,2025-12-02,vente,False,False,False,1,0.9442
USDCHF,2025-12-02,vente,False,False,False,2,-0.7026
USDCHF,2025-12-02,vente,False,False,False,3,-0.7026
USDCHF,2025-12-04,achat,True,False,False,1,0.9662
USDCHF,2025-12-04,achat,True,False,False,2,0.4775
USDCHF,2025-12-04,achat,True,False,False,3,0.4775
USDCHF,2025-12-22,vente,False,False,False,1,0.965
USDCHF,2025-12-22,vente,False,False,False,2,0.7343
USDCHF,2025-12-22,vente,False,False,False,3,0.7343
USDCHF,2025-12-30,achat,False,True,False,1,-0.1056
USDCHF,2025-12-30,achat,False,True,False,2,-0.1056
USDCHF,2025-12-30,achat,False,True,False,3,-0.1056
USDCHF,2026-01-06,achat,False,False,False,1,0.9717
USDCHF,2026-01-06,achat,False,False,False,2,0.9547
USDCHF,2026-01-06,achat,False,False,False,3,0.9547
USDCHF,2026-01-12,vente,True,False,False,1,-1.0325
USDCHF,2026-01-12,vente,True,False,False,2,-1.0325
USDCHF,2026-01-12,vente,True,False,False,3,-1.0325
USDCHF,2026-01-15,achat,True,False,False,1,-1.0363
USDCHF,2026-01-15,achat,True,False,False,2,-1.0363
USDCHF,2026-01-15,achat,True,False,False,3,-1.0363
USDCHF,2026-01-22,vente,False,False,False,1,0.9801
USDCHF,2026-01-22,vente,False,False,False,2,1.9801
USDCHF,2026-01-22,vente,False,False,False,3,2.9801
USDCHF,2026-02-06,vente,False,False,False,1,0.9544
USDCHF,2026-02-06,vente,False,False,False,2,1.9544
USDCHF,2026-02-06,vente,False,False,False,3,2.9544
USDCHF,2026-02-27,vente,True,False,False,1,-1.0293
USDCHF,2026-02-27,vente,True,False,False,2,-1.0293
USDCHF,2026-02-27,vente,True,False,False,3,-1.0293
USDCHF,2026-03-02,achat,False,False,False,1,0.1628
USDCHF,2026-03-02,achat,False,False,False,2,0.1628
USDCHF,2026-03-02,achat,False,False,False,3,0.1628
USDCHF,2026-03-06,vente,False,False,False,1,-0.8657
USDCHF,2026-03-06,vente,False,False,False,2,-0.8657
USDCHF,2026-03-06,vente,False,False,False,3,-0.8657
USDCHF,2026-03-18,achat,False,False,False,1,-1.0181
USDCHF,2026-03-18,achat,False,False,False,2,-1.0181
USDCHF,2026-03-18,achat,False,False,False,3,-1.0181
USDCHF,2026-03-24,achat,False,True,False,1,0.9327
USDCHF,2026-03-24,achat,False,True,False,2,1.9327
USDCHF,2026-03-24,achat,False,True,False,3,2.9327
USDCHF,2026-03-31,vente,False,False,False,1,0.9777
USDCHF,2026-03-31,vente,False,False,False,2,-0.2715
USDCHF,2026-03-31,vente,False,False,False,3,-0.2715
USDCHF,2026-04-02,achat,False,False,False,1,-1.0248
USDCHF,2026-04-02,achat,False,False,False,2,-1.0248
USDCHF,2026-04-02,achat,False,False,False,3,-1.0248
USDCHF,2026-04-06,vente,True,False,False,1,0.9614
USDCHF,2026-04-06,vente,True,False,False,2,1.9614
USDCHF,2026-04-06,vente,True,False,False,3,1.8329
USDCHF,2026-04-17,vente,False,False,False,1,0.9521
USDCHF,2026-04-17,vente,False,False,False,2,-1.0479
USDCHF,2026-04-17,vente,False,False,False,3,-1.0479
USDCHF,2026-04-24,vente,False,True,False,1,-1.0457
USDCHF,2026-04-24,vente,False,True,False,2,-1.0457
USDCHF,2026-04-24,vente,False,True,False,3,-1.0457
USDCHF,2026-04-28,achat,False,False,False,1,-1.0349
USDCHF,2026-04-28,achat,False,False,False,2,-1.0349
USDCHF,2026-04-28,achat,False,False,False,3,-1.0349
USDCHF,2026-04-30,vente,False,False,False,1,0.0092
USDCHF,2026-04-30,vente,False,False,False,2,0.0092
USDCHF,2026-04-30,vente,False,False,False,3,0.0092
USDCHF,2026-05-04,achat,False,False,False,1,-1.0397
USDCHF,2026-05-04,achat,False,False,False,2,-1.0397
USDCHF,2026-05-04,achat,False,False,False,3,-1.0397
USDCHF,2026-05-08,vente,False,False,False,1,-1.0294
USDCHF,2026-05-08,vente,False,False,False,2,-1.0294
USDCHF,2026-05-08,vente,False,False,False,3,-1.0294
USDCHF,2026-05-18,vente,False,True,False,1,-1.0431
USDCHF,2026-05-18,vente,False,True,False,2,-1.0431
USDCHF,2026-05-18,vente,False,True,False,3,-1.0431
USDCHF,2026-05-19,achat,False,False,False,1,-1.0324
USDCHF,2026-05-19,achat,False,False,False,2,-1.0324
USDCHF,2026-05-19,achat,False,False,False,3,-1.0324
USDCHF,2026-05-28,vente,False,True,False,1,-0.7445
USDCHF,2026-05-28,vente,False,True,False,2,-0.7445
USDCHF,2026-05-28,vente,False,True,False,3,-0.7445
USDCHF,2026-06-01,achat,False,False,False,1,0.9679
USDCHF,2026-06-01,achat,False,False,False,2,0.5748
USDCHF,2026-06-01,achat,False,False,False,3,0.5748
USDCHF,2026-06-05,achat,False,True,False,1,0.3907
USDCHF,2026-06-05,achat,False,True,False,2,0.3907
USDCHF,2026-06-05,achat,False,True,False,3,0.3907
USDCHF,2026-06-11,vente,True,False,False,1,0.2775
USDCHF,2026-06-11,vente,True,False,False,2,0.2775
USDCHF,2026-06-11,vente,True,False,False,3,0.2775
USDCHF,2026-06-16,vente,False,False,False,1,-1.0485
USDCHF,2026-06-16,vente,False,False,False,2,-1.0485
USDCHF,2026-06-16,vente,False,False,False,3,-1.0485
USDCHF,2026-06-17,achat,False,False,False,1,0.9827
USDCHF,2026-06-17,achat,False,False,False,2,1.067
USDCHF,2026-06-17,achat,False,False,False,3,1.067
USDCHF,2026-07-02,vente,False,False,False,1,-0.854
USDCHF,2026-07-02,vente,False,False,False,2,-0.854
USDCHF,2026-07-02,vente,False,False,False,3,-0.854
USDCHF,2026-07-14,vente,False,False,False,1,0.3132
USDCHF,2026-07-14,vente,False,False,False,2,0.3132
USDCHF,2026-07-14,vente,False,False,False,3,0.3132
USDCHF,2026-07-20,achat,False,False,False,1,0.9632
USDCHF,2026-07-20,achat,False,False,False,2,1.6544
USDCHF,2026-07-20,achat,False,False,False,3,1.6544
USDCHF,2026-07-29,vente,False,False,False,1,0.98
USDCHF,2026-07-29,vente,False,False,False,2,0.3822
USDCHF,2026-07-29,vente,False,False,False,3,0.3822
USDCHF,2026-08-06,achat,False,False,False,1,-1.0226
USDCHF,2026-08-06,achat,False,False,False,2,-1.0226
USDCHF,2026-08-06,achat,False,False,False,3,-1.0226
USDCHF,2026-08-14,vente,False,True,False,1,0.9074
USDCHF,2026-08-14,vente,False,True,False,2,1.9074
USDCHF,2026-08-14,vente,False,True,False,3,2.9074
USDCHF,2026-08-19,vente,False,True,False,1,-0.3014
USDCHF,2026-08-19,vente,False,True,False,2,-0.3014
USDCHF,2026-08-19,vente,False,True,False,3,-0.3014
USDCHF,2026-08-26,achat,True,False,False,1,0.9604
USDCHF,2026-08-26,achat,True,False,False,2,0.8074
USDCHF,2026-08-26,achat,True,False,False,3,0.8074
USDCHF,2026-08-28,achat,True,False,False,1,0.4866
USDCHF,2026-08-28,achat,True,False,False,2,0.4866
USDCHF,2026-08-28,achat,True,False,False,3,0.4866
USDCHF,2026-09-01,achat,False,False,False,1,-1.0351
USDCHF,2026-09-01,achat,False,False,False,2,-1.0351
USDCHF,2026-09-01,achat,False,False,False,3,-1.0351
USDCHF,2026-09-03,vente,False,True,False,1,-0.295
USDCHF,2026-09-03,vente,False,True,False,2,-0.295
USDCHF,2026-09-03,vente,False,True,False,3,-0.295
USDCHF,2026-09-23,achat,False,False,False,1,0.9691
USDCHF,2026-09-23,achat,False,False,False,2,1.3498
USDCHF,2026-09-23,achat,False,False,False,3,1.3498
GBPNZD,2023-12-27,achat,False,False,False,1,-1.0395
GBPNZD,2023-12-27,achat,False,False,False,2,-1.0395
GBPNZD,2023-12-27,achat,False,False,False,3,-1.0395
GBPNZD,2023-12-28,vente,True,False,False,1,-0.7567
GBPNZD,2023-12-28,vente,True,False,False,2,-0.7567
GBPNZD,2023-12-28,vente,True,False,False,3,-0.7567
GBPNZD,2024-01-10,achat,False,False,False,1,0.5829
GBPNZD,2024-01-10,achat,False,False,False,2,0.5829
GBPNZD,2024-01-10,achat,False,False,False,3,0.5829
GBPNZD,2024-01-12,vente,False,False,False,1,-1.0626
GBPNZD,2024-01-12,vente,False,False,False,2,-1.0626
GBPNZD,2024-01-12,vente,False,False,False,3,-1.0626
GBPNZD,2024-01-15,achat,False,False,False,1,0.9686
GBPNZD,2024-01-15,achat,False,False,False,2,1.9686
GBPNZD,2024-01-15,achat,False,False,False,3,2.0394
GBPNZD,2024-01-26,achat,False,False,False,1,-1.0557
GBPNZD,2024-01-26,achat,False,False,False,2,-1.0557
GBPNZD,2024-01-26,achat,False,False,False,3,-1.0557
GBPNZD,2024-01-29,vente,False,True,False,1,-0.1643
GBPNZD,2024-01-29,vente,False,True,False,2,-0.1643
GBPNZD,2024-01-29,vente,False,True,False,3,-0.1643
GBPNZD,2024-01-31,achat,False,True,False,1,0.9664
GBPNZD,2024-01-31,achat,False,True,False,2,-0.3327
GBPNZD,2024-01-31,achat,False,True,False,3,-0.3327
GBPNZD,2024-02-05,vente,False,False,False,1,0.3744
GBPNZD,2024-02-05,vente,False,False,False,2,0.3744
GBPNZD,2024-02-05,vente,False,False,False,3,0.3744
GBPNZD,2024-02-08,vente,True,False,False,1,0.953
GBPNZD,2024-02-08,vente,True,False,False,2,1.953
GBPNZD,2024-02-08,vente,True,False,False,3,-1.047
GBPNZD,2024-02-23,achat,False,False,False,1,0.9304
GBPNZD,2024-02-23,achat,False,False,False,2,1.9304
GBPNZD,2024-02-23,achat,False,False,False,3,2.9304
GBPNZD,2024-02-28,achat,False,False,False,1,0.185
GBPNZD,2024-02-28,achat,False,False,False,2,0.185
GBPNZD,2024-02-28,achat,False,False,False,3,0.185
GBPNZD,2024-03-04,achat,False,False,False,1,-1.0339
GBPNZD,2024-03-04,achat,False,False,False,2,-1.0339
GBPNZD,2024-03-04,achat,False,False,False,3,-1.0339
GBPNZD,2024-03-06,vente,False,False,False,1,0.0095
GBPNZD,2024-03-06,vente,False,False,False,2,0.0095
GBPNZD,2024-03-06,vente,False,False,False,3,0.0095
GBPNZD,2024-03-08,achat,False,False,False,1,-1.0326
GBPNZD,2024-03-08,achat,False,False,False,2,-1.0326
GBPNZD,2024-03-08,achat,False,False,False,3,-1.0326
GBPNZD,2024-03-12,achat,False,False,False,1,0.9684
GBPNZD,2024-03-12,achat,False,False,False,2,1.2096
GBPNZD,2024-03-12,achat,False,False,False,3,1.2096
GBPNZD,2024-03-13,vente,False,False,False,1,-1.0639
GBPNZD,2024-03-13,vente,False,False,False,2,-1.0639
GBPNZD,2024-03-13,vente,False,False,False,3,-1.0639
GBPNZD,2024-03-14,achat,True,False,False,1,0.9599
GBPNZD,2024-03-14,achat,True,False,False,2,1.9599
GBPNZD,2024-03-14,achat,True,False,False,3,2.4267
GBPNZD,2024-03-22,achat,False,False,False,1,0.271
GBPNZD,2024-03-22,achat,False,False,False,2,0.271
GBPNZD,2024-03-22,achat,False,False,False,3,0.271
GBPNZD,2024-03-26,vente,False,False,False,1,-1.0669
GBPNZD,2024-03-26,vente,False,False,False,2,-1.0669
GBPNZD,2024-03-26,vente,False,False,False,3,-1.0669
GBPNZD,2024-04-08,vente,False,False,False,1,0.9434
GBPNZD,2024-04-08,vente,False,False,False,2,0.8592
GBPNZD,2024-04-08,vente,False,False,False,3,0.8592
GBPNZD,2024-04-10,achat,False,True,False,1,0.7938
GBPNZD,2024-04-10,achat,False,True,False,2,0.7938
GBPNZD,2024-04-10,achat,False,True,False,3,0.7938
GBPNZD,2024-04-17,vente,False,True,False,1,-1.0559
GBPNZD,2024-04-17,vente,False,True,False,2,-1.0559
GBPNZD,2024-04-17,vente,False,True,False,3,-1.0559
GBPNZD,2024-04-19,vente,False,False,False,1,0.0542
GBPNZD,2024-04-19,vente,False,False,False,2,0.0542
GBPNZD,2024-04-19,vente,False,False,False,3,0.0542
GBPNZD,2024-04-23,achat,False,False,False,1,0.3121
GBPNZD,2024-04-23,achat,False,False,False,2,0.3121
GBPNZD,2024-04-23,achat,False,False,False,3,0.3121
GBPNZD,2024-05-07,vente,False,False,False,1,0.941
GBPNZD,2024-05-07,vente,False,False,False,2,0.7386
GBPNZD,2024-05-07,vente,False,False,False,3,0.7386
GBPNZD,2024-05-30,achat,True,False,False,1,-1.0748
GBPNZD,2024-05-30,achat,True,False,False,2,-1.0748
GBPNZD,2024-05-30,achat,True,False,False,3,-1.0748
GBPNZD,2024-05-31,vente,False,False,False,1,0.958
GBPNZD,2024-05-31,vente,False,False,False,2,1.0516
GBPNZD,2024-05-31,vente,False,False,False,3,1.0516
GBPNZD,2024-06-07,achat,False,True,False,1,-0.7076
GBPNZD,2024-06-07,achat,False,True,False,2,-0.7076
GBPNZD,2024-06-07,achat,False,True,False,3,-0.7076
GBPNZD,2024-06-14,vente,True,False,False,1,-1.0315
GBPNZD,2024-06-14,vente,True,False,False,2,-1.0315
GBPNZD,2024-06-14,vente,True,False,False,3,-1.0315
GBPNZD,2024-06-19,achat,False,False,False,1,-1.0884
GBPNZD,2024-06-19,achat,False,False,False,2,-1.0884
GBPNZD,2024-06-19,achat,False,False,False,3,-1.0884
GBPNZD,2024-06-20,vente,True,False,False,1,-1.0463
GBPNZD,2024-06-20,vente,True,False,False,2,-1.0463
GBPNZD,2024-06-20,vente,True,False,False,3,-1.0463
GBPNZD,2024-06-24,achat,False,True,False,1,0.7446
GBPNZD,2024-06-24,achat,False,True,False,2,0.7446
GBPNZD,2024-06-24,achat,False,True,False,3,0.7446
GBPNZD,2024-06-28,vente,False,True,False,1,-1.0328
GBPNZD,2024-06-28,vente,False,True,False,2,-1.0328
GBPNZD,2024-06-28,vente,False,True,False,3,-1.0328
GBPNZD,2024-07-01,achat,True,False,False,1,0.0821
GBPNZD,2024-07-01,achat,True,False,False,2,0.0821
GBPNZD,2024-07-01,achat,True,False,False,3,0.0821
GBPNZD,2024-07-08,achat,False,False,False,1,0.954
GBPNZD,2024-07-08,achat,False,False,False,2,1.954
GBPNZD,2024-07-08,achat,False,False,False,3,2.954
GBPNZD,2024-07-10,achat,False,True,False,1,0.8711
GBPNZD,2024-07-10,achat,False,True,False,2,0.8711
GBPNZD,2024-07-10,achat,False,True,False,3,0.8711
GBPNZD,2024-07-30,vente,False,True,False,1,0.9763
GBPNZD,2024-07-30,vente,False,True,False,2,1.9763
GBPNZD,2024-07-30,vente,False,True,False,3,1.7259
GBPNZD,2024-08-12,vente,True,False,False,1,0.9513
GBPNZD,2024-08-12,vente,True,False,False,2,-1.0487
GBPNZD,2024-08-12,vente,True,False,False,3,-1.0487
GBPNZD,2024-08-14,achat,False,True,False,1,-0.6355
GBPNZD,2024-08-14,achat,False,True,False,2,-0.6355
GBPNZD,2024-08-14,achat,False,True,False,3,-0.6355
GBPNZD,2024-08-16,vente,True,False,False,1,0.9725
GBPNZD,2024-08-16,vente,True,False,False,2,0.9984
GBPNZD,2024-08-16,vente,True,False,False,3,0.9984
GBPNZD,2024-08-21,achat,False,True,False,1,0.9669
GBPNZD,2024-08-21,achat,False,True,False,2,0.0927
GBPNZD,2024-08-21,achat,False,True,False,3,0.0927
GBPNZD,2024-08-23,vente,False,False,False,1,0.5225
GBPNZD,2024-08-23,vente,False,False,False,2,0.5225
GBPNZD,2024-08-23,vente,False,False,False,3,0.5225
GBPNZD,2024-09-02,achat,True,False,False,1,0.9593
GBPNZD,2024-09-02,achat,True,False,False,2,1.9593
GBPNZD,2024-09-02,achat,True,False,False,3,0.8581
GBPNZD,2024-09-05,vente,True,False,False,1,-1.034
GBPNZD,2024-09-05,vente,True,False,False,2,-1.034
GBPNZD,2024-09-05,vente,True,False,False,3,-1.034
GBPNZD,2024-09-06,achat,False,True,False,1,-0.039
GBPNZD,2024-09-06,achat,False,True,False,2,-0.039
GBPNZD,2024-09-06,achat,False,True,False,3,-0.039
GBPNZD,2024-09-13,achat,False,False,False,1,-1.0368
GBPNZD,2024-09-13,achat,False,False,False,2,-1.0368
GBPNZD,2024-09-13,achat,False,False,False,3,-1.0368
GBPNZD,2024-09-17,vente,False,True,False,1,0.9649
GBPNZD,2024-09-17,vente,False,True,False,2,-1.0351
GBPNZD,2024-09-17,vente,False,True,False,3,-1.0351
GBPNZD,2024-09-19,achat,False,True,False,1,-1.0231
GBPNZD,2024-09-19,achat,False,True,False,2,-1.0231
GBPNZD,2024-09-19,achat,False,True,False,3,-1.0231
GBPNZD,2024-10-03,vente,True,False,False,1,-1.0257
GBPNZD,2024-10-03,vente,True,False,False,2,-1.0257
GBPNZD,2024-10-03,vente,True,False,False,3,-1.0257
GBPNZD,2024-10-04,achat,False,True,False,1,0.9816
GBPNZD,2024-10-04,achat,False,True,False,2,1.2048
GBPNZD,2024-10-04,achat,False,True,False,3,1.2048
GBPNZD,2024-10-16,vente,False,True,False,1,-0.6213
GBPNZD,2024-10-16,vente,False,True,False,2,-0.6213
GBPNZD,2024-10-16,vente,False,True,False,3,-0.6213
GBPNZD,2024-10-22,vente,False,False,False,1,-1.0403
GBPNZD,2024-10-22,vente,False,False,False,2,-1.0403
GBPNZD,2024-10-22,vente,False,False,False,3,-1.0403
GBPNZD,2024-10-29,achat,False,False,False,1,-1.0263
GBPNZD,2024-10-29,achat,False,False,False,2,-1.0263
GBPNZD,2024-10-29,achat,False,False,False,3,-1.0263
GBPNZD,2024-11-07,vente,False,False,False,1,0.3035
GBPNZD,2024-11-07,vente,False,False,False,2,0.3035
GBPNZD,2024-11-07,vente,False,False,False,3,0.3035
GBPNZD,2024-11-11,vente,False,False,False,1,0.9641
GBPNZD,2024-11-11,vente,False,False,False,2,-1.0359
GBPNZD,2024-11-11,vente,False,False,False,3,-1.0359
GBPNZD,2024-11-13,achat,False,False,False,1,-0.5252
GBPNZD,2024-11-13,achat,False,False,False,2,-0.5252
GBPNZD,2024-11-13,achat,False,False,False,3,-0.5252
GBPNZD,2024-11-15,vente,False,False,False,1,-0.0582
GBPNZD,2024-11-15,vente,False,False,False,2,-0.0582
GBPNZD,2024-11-15,vente,False,False,False,3,-0.0582
GBPNZD,2024-11-19,vente,False,False,False,1,-1.0331
GBPNZD,2024-11-19,vente,False,False,False,2,-1.0331
GBPNZD,2024-11-19,vente,False,False,False,3,-1.0331
GBPNZD,2024-11-25,achat,False,False,False,1,-1.0343
GBPNZD,2024-11-25,achat,False,False,False,2,-1.0343
GBPNZD,2024-11-25,achat,False,False,False,3,-1.0343
GBPNZD,2024-11-29,vente,False,False,False,1,-1.0625
GBPNZD,2024-11-29,vente,False,False,False,2,-1.0625
GBPNZD,2024-11-29,vente,False,False,False,3,-1.0625
GBPNZD,2024-12-10,achat,True,False,False,1,-0.4834
GBPNZD,2024-12-10,achat,True,False,False,2,-0.4834
GBPNZD,2024-12-10,achat,True,False,False,3,-0.4834
GBPNZD,2024-12-12,vente,False,False,False,1,0.9618
GBPNZD,2024-12-12,vente,False,False,False,2,-1.0382
GBPNZD,2024-12-12,vente,False,False,False,3,-1.0382
GBPNZD,2024-12-23,vente,False,False,False,1,-0.8711
GBPNZD,2024-12-23,vente,False,False,False,2,-0.8711
GBPNZD,2024-12-23,vente,False,False,False,3,-0.8711
GBPNZD,2024-12-30,vente,False,False,False,1,-1.0513
GBPNZD,2024-12-30,vente,False,False,False,2,-1.0513
GBPNZD,2024-12-30,vente,False,False,False,3,-1.0513
GBPNZD,2024-12-31,achat,True,False,False,1,-1.0262
GBPNZD,2024-12-31,achat,True,False,False,2,-1.0262
GBPNZD,2024-12-31,achat,True,False,False,3,-1.0262
GBPNZD,2025-01-06,achat,False,False,False,1,-1.0257
GBPNZD,2025-01-06,achat,False,False,False,2,-1.0257
GBPNZD,2025-01-06,achat,False,False,False,3,-1.0257
GBPNZD,2025-01-16,achat,True,False,False,1,-1.0396
GBPNZD,2025-01-16,achat,True,False,False,2,-1.0396
GBPNZD,2025-01-16,achat,True,False,False,3,-1.0396
GBPNZD,2025-01-21,achat,False,False,False,1,-1.0334
GBPNZD,2025-01-21,achat,False,False,False,2,-1.0334
GBPNZD,2025-01-21,achat,False,False,False,3,-1.0334
GBPNZD,2025-01-29,achat,False,False,False,1,0.9091
GBPNZD,2025-01-29,achat,False,False,False,2,1.9091
GBPNZD,2025-01-29,achat,False,False,False,3,-1.0909
GBPNZD,2025-01-31,vente,False,False,False,1,-1.0397
GBPNZD,2025-01-31,vente,False,False,False,2,-1.0397
GBPNZD,2025-01-31,vente,False,False,False,3,-1.0397
GBPNZD,2025-02-05,vente,False,False,False,1,0.9694
GBPNZD,2025-02-05,vente,False,False,False,2,0.3502
GBPNZD,2025-02-05,vente,False,False,False,3,0.3502
GBPNZD,2025-02-11,achat,False,False,False,1,0.9798
GBPNZD,2025-02-11,achat,False,False,False,2,-0.2434
GBPNZD,2025-02-11,achat,False,False,False,3,-0.2434
GBPNZD,2025-02-14,vente,False,True,False,1,-1.0211
GBPNZD,2025-02-14,vente,False,True,False,2,-1.0211
GBPNZD,2025-02-14,vente,False,True,False,3,-1.0211
GBPNZD,2025-03-07,achat,False,False,False,1,-0.2087
GBPNZD,2025-03-07,achat,False,False,False,2,-0.2087
GBPNZD,2025-03-07,achat,False,False,False,3,-0.2087
GBPNZD,2025-03-11,achat,False,False,False,1,-1.0483
GBPNZD,2025-03-11,achat,False,False,False,2,-1.0483
GBPNZD,2025-03-11,achat,False,False,False,3,-1.0483
GBPNZD,2025-03-12,vente,False,False,False,1,-1.0273
GBPNZD,2025-03-12,vente,False,False,False,2,-1.0273
GBPNZD,2025-03-12,vente,False,False,False,3,-1.0273
GBPNZD,2025-03-13,achat,False,False,False,1,-1.024
GBPNZD,2025-03-13,achat,False,False,False,2,-1.024
GBPNZD,2025-03-13,achat,False,False,False,3,-1.024
GBPNZD,2025-03-14,vente,True,False,False,1,0.9848
GBPNZD,2025-03-14,vente,True,False,False,2,0.6377
GBPNZD,2025-03-14,vente,True,False,False,3,0.6377
GBPNZD,2025-03-26,vente,False,True,False,1,-1.0331
GBPNZD,2025-03-26,vente,False,True,False,2,-1.0331
GBPNZD,2025-03-26,vente,False,True,False,3,-1.0331
GBPNZD,2025-04-01,vente,False,False,False,1,-1.0176
GBPNZD,2025-04-01,vente,False,False,False,2,-1.0176
GBPNZD,2025-04-01,vente,False,False,False,3,-1.0176
GBPNZD,2025-04-03,vente,False,False,False,1,-1.0183
GBPNZD,2025-04-03,vente,False,False,False,2,-1.0183
GBPNZD,2025-04-03,vente,False,False,False,3,-1.0183
GBPNZD,2025-04-04,achat,False,False,False,1,-0.6625
GBPNZD,2025-04-04,achat,False,False,False,2,-0.6625
GBPNZD,2025-04-04,achat,False,False,False,3,-0.6625
GBPNZD,2025-04-09,vente,False,False,False,1,0.5341
GBPNZD,2025-04-09,vente,False,False,False,2,0.5341
GBPNZD,2025-04-09,vente,False,False,False,3,0.5341
GBPNZD,2025-04-18,achat,False,False,False,1,-1.0206
GBPNZD,2025-04-18,achat,False,False,False,2,-1.0206
GBPNZD,2025-04-18,achat,False,False,False,3,-1.0206
GBPNZD,2025-04-24,vente,False,False,False,1,-1.0391
GBPNZD,2025-04-24,vente,False,False,False,2,-1.0391
GBPNZD,2025-04-24,vente,False,False,False,3,-1.0391
GBPNZD,2025-04-25,achat,False,False,False,1,0.976
GBPNZD,2025-04-25,achat,False,False,False,2,0.7014
GBPNZD,2025-04-25,achat,False,False,False,3,0.7014
GBPNZD,2025-04-30,vente,False,True,False,1,0.981
GBPNZD,2025-04-30,vente,False,True,False,2,0.7485
GBPNZD,2025-04-30,vente,False,True,False,3,0.7485
GBPNZD,2025-05-02,vente,True,False,False,1,-0.4106
GBPNZD,2025-05-02,vente,True,False,False,2,-0.4106
GBPNZD,2025-05-02,vente,True,False,False,3,-0.4106
GBPNZD,2025-05-07,achat,False,False,False,1,0.5047
GBPNZD,2025-05-07,achat,False,False,False,2,0.5047
GBPNZD,2025-05-07,achat,False,False,False,3,0.5047
GBPNZD,2025-05-13,vente,False,False,False,1,-1.0274
GBPNZD,2025-05-13,vente,False,False,False,2,-1.0274
GBPNZD,2025-05-13,vente,False,False,False,3,-1.0274
GBPNZD,2025-05-14,achat,False,True,False,1,0.9741
GBPNZD,2025-05-14,achat,False,True,False,2,0.2641
GBPNZD,2025-05-14,achat,False,True,False,3,0.2641
GBPNZD,2025-05-23,vente,True,False,False,1,-1.0232
GBPNZD,2025-05-23,vente,True,False,False,2,-1.0232
GBPNZD,2025-05-23,vente,True,False,False,3,-1.0232
GBPNZD,2025-05-28,vente,True,False,False,1,0.5513
GBPNZD,2025-05-28,vente,True,False,False,2,0.5513
GBPNZD,2025-05-28,vente,True,False,False,3,0.5513
GBPNZD,2025-06-09,vente,True,False,False,1,0.9622
GBPNZD,2025-06-09,vente,True,False,False,2,-1.0378
GBPNZD,2025-06-09,vente,True,False,False,3,-1.0378
GBPNZD,2025-06-11,achat,False,False,False,1,-0.3421
GBPNZD,2025-06-11,achat,False,False,False,2,-0.3421
GBPNZD,2025-06-11,achat,False,False,False,3,-0.3421
GBPNZD,2025-06-13,achat,False,False,False,1,-1.0293
GBPNZD,2025-06-13,achat,False,False,False,2,-1.0293
GBPNZD,2025-06-13,achat,False,False,False,3,-1.0293
GBPNZD,2025-06-16,vente,False,False,False,1,0.9739
GBPNZD,2025-06-16,vente,False,False,False,2,-0.345
GBPNZD,2025-06-16,vente,False,False,False,3,-0.345
GBPNZD,2025-06-19,achat,True,False,False,1,0.9838
GBPNZD,2025-06-19,achat,True,False,False,2,0.8639
GBPNZD,2025-06-19,achat,True,False,False,3,0.8639
GBPNZD,2025-06-26,achat,False,True,False,1,-1.0681
GBPNZD,2025-06-26,achat,False,True,False,2,-1.0681
GBPNZD,2025-06-26,achat,False,True,False,3,-1.0681
GBPNZD,2025-07-18,vente,False,False,False,1,-1.0295
GBPNZD,2025-07-18,vente,False,False,False,2,-1.0295
GBPNZD,2025-07-18,vente,False,False,False,3,-1.0295
GBPNZD,2025-08-01,achat,False,True,False,1,0.9178
GBPNZD,2025-08-01,achat,False,True,False,2,1.9178
GBPNZD,2025-08-01,achat,False,True,False,3,2.1197
GBPNZD,2025-08-18,vente,False,True,False,1,-1.0532
GBPNZD,2025-08-18,vente,False,True,False,2,-1.0532
GBPNZD,2025-08-18,vente,False,True,False,3,-1.0532
GBPNZD,2025-08-19,achat,True,False,False,1,0.9661
GBPNZD,2025-08-19,achat,True,False,False,2,1.9661
GBPNZD,2025-08-19,achat,True,False,False,3,2.9661
GBPNZD,2025-08-25,vente,False,False,False,1,-1.0607
GBPNZD,2025-08-25,vente,False,False,False,2,-1.0607
GBPNZD,2025-08-25,vente,False,False,False,3,-1.0607
GBPNZD,2025-08-28,vente,False,False,False,1,0.9684
GBPNZD,2025-08-28,vente,False,False,False,2,1.1509
GBPNZD,2025-08-28,vente,False,False,False,3,1.1509
GBPNZD,2025-09-02,vente,True,False,False,1,-1.0206
GBPNZD,2025-09-02,vente,True,False,False,2,-1.0206
GBPNZD,2025-09-02,vente,True,False,False,3,-1.0206
GBPNZD,2025-09-10,vente,False,False,False,1,0.9397
GBPNZD,2025-09-10,vente,False,False,False,2,-1.0603
GBPNZD,2025-09-10,vente,False,False,False,3,-1.0603
GBPNZD,2025-09-17,achat,False,False,False,1,0.9801
GBPNZD,2025-09-17,achat,False,False,False,2,0.3082
GBPNZD,2025-09-17,achat,False,False,False,3,0.3082
GBPNZD,2025-09-30,vente,True,False,False,1,0.9405
GBPNZD,2025-09-30,vente,True,False,False,2,1.9405
GBPNZD,2025-09-30,vente,True,False,False,3,1.3588
GBPNZD,2025-10-09,vente,False,False,False,1,-1.0511
GBPNZD,2025-10-09,vente,False,False,False,2,-1.0511
GBPNZD,2025-10-09,vente,False,False,False,3,-1.0511
GBPNZD,2025-10-10,achat,False,False,False,1,0.3267
GBPNZD,2025-10-10,achat,False,False,False,2,0.3267
GBPNZD,2025-10-10,achat,False,False,False,3,0.3267
GBPNZD,2025-10-17,vente,True,False,False,1,0.959
GBPNZD,2025-10-17,vente,True,False,False,2,1.959
GBPNZD,2025-10-17,vente,True,False,False,3,2.959
GBPNZD,2025-10-23,vente,False,False,False,1,0.9748
GBPNZD,2025-10-23,vente,False,False,False,2,1.3602
GBPNZD,2025-10-23,vente,False,False,False,3,1.3602
GBPNZD,2025-11-06,achat,False,False,False,1,-0.2155
GBPNZD,2025-11-06,achat,False,False,False,2,-0.2155
GBPNZD,2025-11-06,achat,False,False,False,3,-0.2155
GBPNZD,2025-11-13,achat,False,True,False,1,-1.0222
GBPNZD,2025-11-13,achat,False,True,False,2,-1.0222
GBPNZD,2025-11-13,achat,False,True,False,3,-1.0222
GBPNZD,2025-11-14,vente,False,False,False,1,-1.0293
GBPNZD,2025-11-14,vente,False,False,False,2,-1.0293
GBPNZD,2025-11-14,vente,False,False,False,3,-1.0293
GBPNZD,2025-11-26,vente,False,False,False,1,0.6987
GBPNZD,2025-11-26,vente,False,False,False,2,0.6987
GBPNZD,2025-11-26,vente,False,False,False,3,0.6987
GBPNZD,2025-12-03,achat,True,False,False,1,-0.3896
GBPNZD,2025-12-03,achat,True,False,False,2,-0.3896
GBPNZD,2025-12-03,achat,True,False,False,3,-0.3896
GBPNZD,2025-12-05,vente,False,True,False,1,0.9439
GBPNZD,2025-12-05,vente,False,True,False,2,0.9167
GBPNZD,2025-12-05,vente,False,True,False,3,0.9167
GBPNZD,2025-12-11,achat,True,False,False,1,-1.0613
GBPNZD,2025-12-11,achat,True,False,False,2,-1.0613
GBPNZD,2025-12-11,achat,True,False,False,3,-1.0613
GBPNZD,2025-12-15,achat,True,False,False,1,0.9704
GBPNZD,2025-12-15,achat,True,False,False,2,0.4047
GBPNZD,2025-12-15,achat,True,False,False,3,0.4047
GBPNZD,2025-12-19,achat,False,True,False,1,-1.0364
GBPNZD,2025-12-19,achat,False,True,False,2,-1.0364
GBPNZD,2025-12-19,achat,False,True,False,3,-1.0364
GBPNZD,2025-12-25,achat,False,True,False,1,0.9247
GBPNZD,2025-12-25,achat,False,True,False,2,1.9247
GBPNZD,2025-12-25,achat,False,True,False,3,2.9247
GBPNZD,2026-01-08,achat,False,False,False,1,0.9448
GBPNZD,2026-01-08,achat,False,False,False,2,-1.0552
GBPNZD,2026-01-08,achat,False,False,False,3,-1.0552
GBPNZD,2026-01-12,vente,False,False,False,1,-1.045
GBPNZD,2026-01-12,vente,False,False,False,2,-1.045
GBPNZD,2026-01-12,vente,False,False,False,3,-1.045
GBPNZD,2026-01-13,achat,False,False,False,1,-1.041
GBPNZD,2026-01-13,achat,False,False,False,2,-1.041
GBPNZD,2026-01-13,achat,False,False,False,3,-1.041
GBPNZD,2026-01-15,vente,False,False,False,1,0.9741
GBPNZD,2026-01-15,vente,False,False,False,2,1.9741
GBPNZD,2026-01-15,vente,False,False,False,3,1.6698
GBPNZD,2026-01-27,achat,False,True,False,1,-1.0509
GBPNZD,2026-01-27,achat,False,True,False,2,-1.0509
GBPNZD,2026-01-27,achat,False,True,False,3,-1.0509
GBPNZD,2026-01-28,vente,False,False,False,1,0.9788
GBPNZD,2026-01-28,vente,False,False,False,2,0.313
GBPNZD,2026-01-28,vente,False,False,False,3,0.313
GBPNZD,2026-02-04,achat,False,False,False,1,-1.0381
GBPNZD,2026-02-04,achat,False,False,False,2,-1.0381
GBPNZD,2026-02-04,achat,False,False,False,3,-1.0381
GBPNZD,2026-02-06,vente,False,False,False,1,0.5564
GBPNZD,2026-02-06,vente,False,False,False,2,0.5564
GBPNZD,2026-02-06,vente,False,False,False,3,0.5564
GBPNZD,2026-02-12,achat,False,False,False,1,-1.0282
GBPNZD,2026-02-12,achat,False,False,False,2,-1.0282
GBPNZD,2026-02-12,achat,False,False,False,3,-1.0282
GBPNZD,2026-02-18,achat,False,False,False,1,0.1282
GBPNZD,2026-02-18,achat,False,False,False,2,0.1282
GBPNZD,2026-02-18,achat,False,False,False,3,0.1282
GBPNZD,2026-03-04,vente,False,False,False,1,-1.0179
GBPNZD,2026-03-04,vente,False,False,False,2,-1.0179
GBPNZD,2026-03-04,vente,False,False,False,3,-1.0179
GBPNZD,2026-03-09,vente,True,False,False,1,-1.0376
GBPNZD,2026-03-09,vente,True,False,False,2,-1.0376
GBPNZD,2026-03-09,vente,True,False,False,3,-1.0376
GBPNZD,2026-03-16,vente,False,True,False,1,-1.0295
GBPNZD,2026-03-16,vente,False,True,False,2,-1.0295
GBPNZD,2026-03-16,vente,False,True,False,3,-1.0295
GBPNZD,2026-03-23,achat,False,False,False,1,0.9649
GBPNZD,2026-03-23,achat,False,False,False,2,1.9649
GBPNZD,2026-03-23,achat,False,False,False,3,2.1393
GBPNZD,2026-04-01,achat,True,False,False,1,0.1485
GBPNZD,2026-04-01,achat,True,False,False,2,0.1485
GBPNZD,2026-04-01,achat,True,False,False,3,0.1485
GBPNZD,2026-04-10,achat,False,False,False,1,-1.0264
GBPNZD,2026-04-10,achat,False,False,False,2,-1.0264
GBPNZD,2026-04-10,achat,False,False,False,3,-1.0264
GBPNZD,2026-04-23,achat,False,True,False,1,-0.2613
GBPNZD,2026-04-23,achat,False,True,False,2,-0.2613
GBPNZD,2026-04-23,achat,False,True,False,3,-0.2613
GBPNZD,2026-04-27,vente,True,False,False,1,-1.0279
GBPNZD,2026-04-27,vente,True,False,False,2,-1.0279
GBPNZD,2026-04-27,vente,True,False,False,3,-1.0279
GBPNZD,2026-05-04,achat,False,False,False,1,-1.0361
GBPNZD,2026-05-04,achat,False,False,False,2,-1.0361
GBPNZD,2026-05-04,achat,False,False,False,3,-1.0361
GBPNZD,2026-05-08,achat,False,False,False,1,0.9161
GBPNZD,2026-05-08,achat,False,False,False,2,-1.0839
GBPNZD,2026-05-08,achat,False,False,False,3,-1.0839
GBPNZD,2026-05-11,vente,False,True,False,1,0.9562
GBPNZD,2026-05-11,vente,False,True,False,2,1.9562
GBPNZD,2026-05-11,vente,False,True,False,3,1.4856
GBPNZD,2026-05-13,achat,False,False,False,1,-1.0322
GBPNZD,2026-05-13,achat,False,False,False,2,-1.0322
GBPNZD,2026-05-13,achat,False,False,False,3,-1.0322
GBPNZD,2026-05-14,vente,False,False,False,1,-1.0251
GBPNZD,2026-05-14,vente,False,False,False,2,-1.0251
GBPNZD,2026-05-14,vente,False,False,False,3,-1.0251
GBPNZD,2026-05-15,achat,False,False,False,1,0.9758
GBPNZD,2026-05-15,achat,False,False,False,2,0.5107
GBPNZD,2026-05-15,achat,False,False,False,3,0.5107
GBPNZD,2026-05-22,achat,False,False,False,1,-1.0288
GBPNZD,2026-05-22,achat,False,False,False,2,-1.0288
GBPNZD,2026-05-22,achat,False,False,False,3,-1.0288
GBPNZD,2026-05-27,vente,False,False,False,1,0.9869
GBPNZD,2026-05-27,vente,False,False,False,2,0.339
GBPNZD,2026-05-27,vente,False,False,False,3,0.339
GBPNZD,2026-06-01,achat,True,False,False,1,0.982
GBPNZD,2026-06-01,achat,True,False,False,2,0.9491
GBPNZD,2026-06-01,achat,True,False,False,3,0.9491
GBPNZD,2026-06-05,achat,False,True,False,1,0.311
GBPNZD,2026-06-05,achat,False,True,False,2,0.311
GBPNZD,2026-06-05,achat,False,True,False,3,0.311
GBPNZD,2026-06-09,achat,False,True,False,1,-0.2784
GBPNZD,2026-06-09,achat,False,True,False,2,-0.2784
GBPNZD,2026-06-09,achat,False,True,False,3,-0.2784
GBPNZD,2026-06-11,vente,False,True,False,1,-0.233
GBPNZD,2026-06-11,vente,False,True,False,2,-0.233
GBPNZD,2026-06-11,vente,False,True,False,3,-0.233
GBPNZD,2026-06-15,achat,False,False,False,1,0.9528
GBPNZD,2026-06-15,achat,False,False,False,2,-1.0472
GBPNZD,2026-06-15,achat,False,False,False,3,-1.0472
GBPNZD,2026-06-18,vente,False,False,False,1,-1.0347
GBPNZD,2026-06-18,vente,False,False,False,2,-1.0347
GBPNZD,2026-06-18,vente,False,False,False,3,-1.0347
GBPNZD,2026-06-19,achat,False,False,False,1,0.9732
GBPNZD,2026-06-19,achat,False,False,False,2,1.9732
GBPNZD,2026-06-19,achat,False,False,False,3,2.0744
GBPNZD,2026-06-30,vente,False,False,False,1,-1.0285
GBPNZD,2026-06-30,vente,False,False,False,2,-1.0285
GBPNZD,2026-06-30,vente,False,False,False,3,-1.0285
GBPNZD,2026-07-03,vente,False,False,False,1,-1.0538
GBPNZD,2026-07-03,vente,False,False,False,2,-1.0538
GBPNZD,2026-07-03,vente,False,False,False,3,-1.0538
GBPNZD,2026-07-06,achat,False,False,False,1,-1.0414
GBPNZD,2026-07-06,achat,False,False,False,2,-1.0414
GBPNZD,2026-07-06,achat,False,False,False,3,-1.0414
GBPNZD,2026-07-08,vente,True,False,False,1,0.9622
GBPNZD,2026-07-08,vente,True,False,False,2,1.9622
GBPNZD,2026-07-08,vente,True,False,False,3,2.9622
GBPNZD,2026-07-28,vente,False,False,False,1,-1.0438
GBPNZD,2026-07-28,vente,False,False,False,2,-1.0438
GBPNZD,2026-07-28,vente,False,False,False,3,-1.0438
GBPNZD,2026-07-29,achat,False,False,False,1,-1.0325
GBPNZD,2026-07-29,achat,False,False,False,2,-1.0325
GBPNZD,2026-07-29,achat,False,False,False,3,-1.0325
GBPNZD,2026-07-30,vente,False,False,False,1,0.1178
GBPNZD,2026-07-30,vente,False,False,False,2,0.1178
GBPNZD,2026-07-30,vente,False,False,False,3,0.1178
GBPNZD,2026-08-05,vente,False,False,False,1,-1.0356
GBPNZD,2026-08-05,vente,False,False,False,2,-1.0356
GBPNZD,2026-08-05,vente,False,False,False,3,-1.0356
GBPNZD,2026-08-06,achat,False,False,False,1,0.5215
GBPNZD,2026-08-06,achat,False,False,False,2,0.5215
GBPNZD,2026-08-06,achat,False,False,False,3,0.5215
GBPNZD,2026-08-14,vente,False,False,False,1,0.9583
GBPNZD,2026-08-14,vente,False,False,False,2,-1.0417
GBPNZD,2026-08-14,vente,False,False,False,3,-1.0417
GBPNZD,2026-08-18,achat,False,False,False,1,-1.0306
GBPNZD,2026-08-18,achat,False,False,False,2,-1.0306
GBPNZD,2026-08-18,achat,False,False,False,3,-1.0306
GBPNZD,2026-08-19,vente,False,False,False,1,0.2729
GBPNZD,2026-08-19,vente,False,False,False,2,0.2729
GBPNZD,2026-08-19,vente,False,False,False,3,0.2729
GBPNZD,2026-08-21,vente,False,False,False,1,-1.0312
GBPNZD,2026-08-21,vente,False,False,False,2,-1.0312
GBPNZD,2026-08-21,vente,False,False,False,3,-1.0312
GBPNZD,2026-08-25,vente,False,False,False,1,-1.0392
GBPNZD,2026-08-25,vente,False,False,False,2,-1.0392
GBPNZD,2026-08-25,vente,False,False,False,3,-1.0392
GBPNZD,2026-08-27,vente,False,True,False,1,0.9188
GBPNZD,2026-08-27,vente,False,True,False,2,-1.0812
GBPNZD,2026-08-27,vente,False,True,False,3,-1.0812
GBPNZD,2026-08-28,achat,False,False,False,1,0.9683
GBPNZD,2026-08-28,achat,False,False,False,2,1.9683
GBPNZD,2026-08-28,achat,False,False,False,3,2.9683
GBPNZD,2026-09-14,achat,True,False,False,1,0.9623
GBPNZD,2026-09-14,achat,True,False,False,2,-1.0377
GBPNZD,2026-09-14,achat,True,False,False,3,-1.0377
GBPNZD,2026-09-18,achat,False,False,False,1,-1.0295
GBPNZD,2026-09-18,achat,False,False,False,2,-1.0295
GBPNZD,2026-09-18,achat,False,False,False,3,-1.0295
GBPNZD,2026-09-22,vente,True,False,False,1,-0.5778
GBPNZD,2026-09-22,vente,True,False,False,2,-0.5778
GBPNZD,2026-09-22,vente,True,False,False,3,-0.5778
