groupe,paire,date,tp_r,h_1r,retour_entree,apres_retour,issue,r_plan,r_sortie_1r,r_be_a_1r,r_moitie_1r_puis_be
Amirou,AUDJPY,2024-01-26 12:00:00,1.9463220675944313,59.0,False,,objectif,1.9463220675944313,1.0,1.9463220675944313,1.4731610337972156
témoin,AUDJPY,2025-04-07 13:00:00,1.9463220675944313,,False,,stop,-1.0,-1.0,-1.0,-1.0
témoin,AUDJPY,2025-05-15 07:00:00,1.9463220675944313,7.0,False,,objectif,1.9463220675944313,1.0,1.9463220675944313,1.4731610337972156
témoin,AUDJPY,2026-01-16 06:00:00,1.9463220675944313,8.0,True,stop,stop,-1.0,1.0,0.0,0.5
témoin,AUDJPY,2026-08-03 20:00:00,1.9463220675944313,,False,,stop,-1.0,-1.0,-1.0,-1.0
témoin,AUDJPY,2024-01-22 00:00:00,1.9463220675944313,22.0,True,de nouveau +1 R,rien,0.0,1.0,0.0,0.5
témoin,AUDJPY,2024-05-09 08:00:00,1.9463220675944313,,False,,stop,-1.0,-1.0,-1.0,-1.0
témoin,AUDJPY,2026-03-26 17:00:00,1.9463220675944313,7.0,True,de nouveau +1 R,rien,0.0,1.0,0.0,0.5
témoin,AUDJPY,2026-07-31 11:00:00,1.9463220675944313,2.0,False,,objectif,1.9463220675944313,1.0,1.9463220675944313,1.4731610337972156
témoin,AUDJPY,2024-08-22 23:00:00,1.9463220675944313,,False,,stop,-1.0,-1.0,-1.0,-1.0
témoin,AUDJPY,2024-10-25 01:00:00,1.9463220675944313,4.0,True,stop,stop,-1.0,1.0,0.0,0.5
témoin,AUDJPY,2026-05-13 04:00:00,1.9463220675944313,,False,,stop,-1.0,-1.0,-1.0,-1.0
témoin,AUDJPY,2025-02-14 21:00:00,1.9463220675944313,20.0,False,,objectif,1.9463220675944313,1.0,1.9463220675944313,1.4731610337972156
témoin,AUDJPY,2024-09-17 06:00:00,1.9463220675944313,,False,,stop,-1.0,-1.0,-1.0,-1.0
témoin,AUDJPY,2026-04-01 04:00:00,1.9463220675944313,,False,,stop,-1.0,-1.0,-1.0,-1.0
témoin,AUDJPY,2024-08-30 13:00:00,1.9463220675944313,,False,,stop,-1.0,-1.0,-1.0,-1.0
témoin,AUDJPY,2025-01-31 19:00:00,1.9463220675944313,4.0,False,,objectif,1.9463220675944313,1.0,1.9463220675944313,1.4731610337972156
témoin,AUDJPY,2025-09-25 09:00:00,1.9463220675944313,44.0,True,de nouveau +1 R,rien,0.0,1.0,0.0,0.5
témoin,AUDJPY,2025-06-23 13:00:00,1.9463220675944313,,False,,stop,-1.0,-1.0,-1.0,-1.0
témoin,AUDJPY,2024-03-12 07:00:00,1.9463220675944313,,False,,stop,-1.0,-1.0,-1.0,-1.0
témoin,AUDJPY,2024-01-12 18:00:00,1.9463220675944313,,False,,stop,-1.0,-1.0,-1.0,-1.0
Amirou,AUDJPY,2024-01-25 18:00:00,4.231920199501293,,False,,stop,-1.0,-1.0,-1.0,-1.0
témoin,AUDJPY,2026-05-08 16:00:00,4.231920199501293,,False,,stop,-1.0,-1.0,-1.0,-1.0
témoin,AUDJPY,2026-01-15 02:00:00,4.231920199501293,,False,,stop,-1.0,-1.0,-1.0,-1.0
témoin,AUDJPY,2026-04-10 11:00:00,4.231920199501293,11.0,True,stop,stop,-1.0,1.0,0.0,0.5
témoin,AUDJPY,2025-06-11 07:00:00,4.231920199501293,11.0,False,,objectif,4.231920199501293,1.0,4.231920199501293,2.6159600997506467
témoin,AUDJPY,2026-03-20 21:00:00,4.231920199501293,2.0,False,,objectif,4.231920199501293,1.0,4.231920199501293,2.6159600997506467
témoin,AUDJPY,2024-11-12 22:00:00,4.231920199501293,17.0,True,de nouveau +1 R,rien,0.0,1.0,0.0,0.5
témoin,AUDJPY,2025-03-17 21:00:00,4.231920199501293,,False,,stop,-1.0,-1.0,-1.0,-1.0
témoin,AUDJPY,2026-02-20 02:00:00,4.231920199501293,,False,,stop,-1.0,-1.0,-1.0,-1.0
témoin,AUDJPY,2024-04-18 18:00:00,4.231920199501293,7.0,True,stop,stop,-1.0,1.0,0.0,0.5
témoin,AUDJPY,2024-10-16 20:00:00,4.231920199501293,,False,,stop,-1.0,-1.0,-1.0,-1.0
témoin,AUDJPY,2024-04-19 02:00:00,4.231920199501293,,False,,stop,-1.0,-1.0,-1.0,-1.0
témoin,AUDJPY,2025-03-18 10:00:00,4.231920199501293,3.0,False,,objectif,4.231920199501293,1.0,4.231920199501293,2.6159600997506467
témoin,AUDJPY,2026-08-28 19:00:00,4.231920199501293,10.0,True,de nouveau +1 R,rien,0.0,1.0,0.0,0.5
témoin,AUDJPY,2024-04-30 02:00:00,4.231920199501293,3.0,True,de nouveau +1 R,objectif,4.231920199501293,1.0,0.0,0.5
témoin,AUDJPY,2025-01-07 08:00:00,4.231920199501293,9.0,False,,objectif,4.231920199501293,1.0,4.231920199501293,2.6159600997506467
témoin,AUDJPY,2025-01-27 11:00:00,4.231920199501293,,False,,stop,-1.0,-1.0,-1.0,-1.0
témoin,AUDJPY,2026-06-17 06:00:00,4.231920199501293,13.0,True,de nouveau +1 R,rien,0.0,1.0,0.0,0.5
témoin,AUDJPY,2024-07-09 01:00:00,4.231920199501293,,False,,stop,-1.0,-1.0,-1.0,-1.0
témoin,AUDJPY,2025-05-06 11:00:00,4.231920199501293,,False,,stop,-1.0,-1.0,-1.0,-1.0
témoin,AUDJPY,2024-09-05 09:00:00,4.231920199501293,3.0,True,stop,stop,-1.0,1.0,0.0,0.5
Amirou,EURNZD,2024-02-05 16:00:00,4.762548262548291,,False,,stop,-1.0,-1.0,-1.0,-1.0
témoin,EURNZD,2024-01-05 08:00:00,4.762548262548291,5.0,True,stop,stop,-1.0,1.0,0.0,0.5
témoin,EURNZD,2026-01-12 20:00:00,4.762548262548291,,False,,stop,-1.0,-1.0,-1.0,-1.0
témoin,EURNZD,2024-02-16 12:00:00,4.762548262548291,,False,,stop,-1.0,-1.0,-1.0,-1.0
témoin,EURNZD,2024-09-24 14:00:00,4.762548262548291,14.0,True,stop,stop,-1.0,1.0,0.0,0.5
témoin,EURNZD,2025-05-01 20:00:00,4.762548262548291,,False,,stop,-1.0,-1.0,-1.0,-1.0
témoin,EURNZD,2025-04-18 10:00:00,4.762548262548291,12.0,True,de nouveau +1 R,rien,0.0,1.0,0.0,0.5
témoin,EURNZD,2024-04-11 20:00:00,4.762548262548291,26.0,False,,objectif,4.762548262548291,1.0,4.762548262548291,2.8812741312741457
témoin,EURNZD,2026-09-02 14:00:00,4.762548262548291,,False,,stop,-1.0,-1.0,-1.0,-1.0
témoin,EURNZD,2026-01-09 22:00:00,4.762548262548291,,False,,stop,-1.0,-1.0,-1.0,-1.0
témoin,EURNZD,2026-08-13 21:00:00,4.762548262548291,,False,,stop,-1.0,-1.0,-1.0,-1.0
témoin,EURNZD,2024-03-19 01:00:00,4.762548262548291,4.0,True,de nouveau +1 R,rien,0.0,1.0,0.0,0.5
témoin,EURNZD,2025-12-16 19:00:00,4.762548262548291,29.0,True,de nouveau +1 R,rien,0.0,1.0,0.0,0.5
témoin,EURNZD,2024-10-07 19:00:00,4.762548262548291,,False,,stop,-1.0,-1.0,-1.0,-1.0
témoin,EURNZD,2025-06-13 19:00:00,4.762548262548291,,False,,stop,-1.0,-1.0,-1.0,-1.0
témoin,EURNZD,2026-07-08 11:00:00,4.762548262548291,,False,,stop,-1.0,-1.0,-1.0,-1.0
témoin,EURNZD,2024-09-20 00:00:00,4.762548262548291,13.0,True,stop,stop,-1.0,1.0,0.0,0.5
témoin,EURNZD,2025-12-17 14:00:00,4.762548262548291,9.0,True,de nouveau +1 R,rien,0.0,1.0,0.0,0.5
témoin,EURNZD,2024-05-27 09:00:00,4.762548262548291,,False,,stop,-1.0,-1.0,-1.0,-1.0
témoin,EURNZD,2024-11-05 22:00:00,4.762548262548291,,False,,stop,-1.0,-1.0,-1.0,-1.0
témoin,EURNZD,2026-08-21 19:00:00,4.762548262548291,18.0,True,de nouveau +1 R,rien,0.0,1.0,0.0,0.5
Amirou,EURUSD,2024-02-13 13:00:00,1.131233595800511,1.0,False,,objectif,1.131233595800511,1.0,1.131233595800511,1.0656167979002555
témoin,EURUSD,2025-02-13 05:00:00,1.131233595800511,,False,,stop,-1.0,-1.0,-1.0,-1.0
témoin,EURUSD,2025-05-20 09:00:00,1.131233595800511,,False,,stop,-1.0,-1.0,-1.0,-1.0
témoin,EURUSD,2024-10-07 09:00:00,1.131233595800511,128.0,False,,objectif,1.131233595800511,1.0,1.131233595800511,1.0656167979002555
témoin,EURUSD,2024-04-10 23:00:00,1.131233595800511,34.0,False,,objectif,1.131233595800511,1.0,1.131233595800511,1.0656167979002555
témoin,EURUSD,2025-02-17 17:00:00,1.131233595800511,48.0,True,de nouveau +1 R,rien,0.0,1.0,0.0,0.5
témoin,EURUSD,2025-09-04 14:00:00,1.131233595800511,,False,,stop,-1.0,-1.0,-1.0,-1.0
témoin,EURUSD,2025-03-19 20:00:00,1.131233595800511,17.0,False,,objectif,1.131233595800511,1.0,1.131233595800511,1.0656167979002555
témoin,EURUSD,2026-02-09 18:00:00,1.131233595800511,132.0,False,,objectif,1.131233595800511,1.0,1.131233595800511,1.0656167979002555
témoin,EURUSD,2024-12-16 09:00:00,1.131233595800511,58.0,False,,objectif,1.131233595800511,1.0,1.131233595800511,1.0656167979002555
témoin,EURUSD,2025-08-26 02:00:00,1.131233595800511,,False,,stop,-1.0,-1.0,-1.0,-1.0
témoin,EURUSD,2026-02-04 23:00:00,1.131233595800511,,False,,stop,-1.0,-1.0,-1.0,-1.0
témoin,EURUSD,2026-06-30 23:00:00,1.131233595800511,,False,,rien,0.0,0.0,0.0,0.0
témoin,EURUSD,2025-02-19 15:00:00,1.131233595800511,,False,,stop,-1.0,-1.0,-1.0,-1.0
témoin,EURUSD,2024-01-25 10:00:00,1.131233595800511,21.0,False,,objectif,1.131233595800511,1.0,1.131233595800511,1.0656167979002555
témoin,EURUSD,2025-12-09 22:00:00,1.131233595800511,,False,,stop,-1.0,-1.0,-1.0,-1.0
témoin,EURUSD,2025-06-02 09:00:00,1.131233595800511,,False,,stop,-1.0,-1.0,-1.0,-1.0
témoin,EURUSD,2026-05-15 10:00:00,1.131233595800511,,False,,rien,0.0,0.0,0.0,0.0
témoin,EURUSD,2025-03-24 14:00:00,1.131233595800511,,False,,stop,-1.0,-1.0,-1.0,-1.0
témoin,EURUSD,2024-12-20 01:00:00,1.131233595800511,,False,,stop,-1.0,-1.0,-1.0,-1.0
témoin,EURUSD,2024-02-16 15:00:00,1.131233595800511,,False,,stop,-1.0,-1.0,-1.0,-1.0
Amirou,NZDJPY,2024-03-22 06:00:00,5.678688524590346,,False,,stop,-1.0,-1.0,-1.0,-1.0
témoin,NZDJPY,2025-03-19 22:00:00,5.678688524590346,,False,,stop,-1.0,-1.0,-1.0,-1.0
témoin,NZDJPY,2025-09-19 21:00:00,5.678688524590346,,False,,stop,-1.0,-1.0,-1.0,-1.0
témoin,NZDJPY,2026-01-28 21:00:00,5.678688524590346,7.0,True,stop,stop,-1.0,1.0,0.0,0.5
témoin,NZDJPY,2026-04-22 22:00:00,5.678688524590346,,False,,stop,-1.0,-1.0,-1.0,-1.0
témoin,NZDJPY,2024-07-18 18:00:00,5.678688524590346,,False,,stop,-1.0,-1.0,-1.0,-1.0
témoin,NZDJPY,2025-08-04 05:00:00,5.678688524590346,,False,,stop,-1.0,-1.0,-1.0,-1.0
témoin,NZDJPY,2026-03-05 10:00:00,5.678688524590346,,False,,stop,-1.0,-1.0,-1.0,-1.0
témoin,NZDJPY,2024-09-03 05:00:00,5.678688524590346,,False,,stop,-1.0,-1.0,-1.0,-1.0
témoin,NZDJPY,2024-11-26 17:00:00,5.678688524590346,8.0,True,stop,stop,-1.0,1.0,0.0,0.5
témoin,NZDJPY,2026-04-09 16:00:00,5.678688524590346,,False,,stop,-1.0,-1.0,-1.0,-1.0
témoin,NZDJPY,2025-07-23 01:00:00,5.678688524590346,1.0,True,de nouveau +1 R,rien,0.0,1.0,0.0,0.5
témoin,NZDJPY,2025-05-12 09:00:00,5.678688524590346,,False,,stop,-1.0,-1.0,-1.0,-1.0
témoin,NZDJPY,2025-10-23 02:00:00,5.678688524590346,6.0,True,stop,stop,-1.0,1.0,0.0,0.5
témoin,NZDJPY,2025-05-13 09:00:00,5.678688524590346,3.0,True,stop,stop,-1.0,1.0,0.0,0.5
témoin,NZDJPY,2026-08-31 03:00:00,5.678688524590346,,False,,stop,-1.0,-1.0,-1.0,-1.0
témoin,NZDJPY,2026-01-12 19:00:00,5.678688524590346,6.0,True,stop,stop,-1.0,1.0,0.0,0.5
témoin,NZDJPY,2024-02-08 18:00:00,5.678688524590346,6.0,False,,objectif,5.678688524590346,1.0,5.678688524590346,3.339344262295173
témoin,NZDJPY,2024-05-13 19:00:00,5.678688524590346,12.0,True,de nouveau +1 R,rien,0.0,1.0,0.0,0.5
témoin,NZDJPY,2025-06-16 21:00:00,5.678688524590346,10.0,True,stop,stop,-1.0,1.0,0.0,0.5
témoin,NZDJPY,2026-03-20 05:00:00,5.678688524590346,,False,,stop,-1.0,-1.0,-1.0,-1.0
Amirou,GBPJPY,2024-04-02 13:00:00,7.1491442542788874,19.0,True,stop,stop,-1.0,1.0,0.0,0.5
témoin,GBPJPY,2024-02-23 08:00:00,7.1491442542788874,,False,,stop,-1.0,-1.0,-1.0,-1.0
témoin,GBPJPY,2025-11-04 19:00:00,7.1491442542788874,,False,,stop,-1.0,-1.0,-1.0,-1.0
témoin,GBPJPY,2026-01-21 09:00:00,7.1491442542788874,,False,,stop,-1.0,-1.0,-1.0,-1.0
témoin,GBPJPY,2026-02-19 04:00:00,7.1491442542788874,,False,,stop,-1.0,-1.0,-1.0,-1.0
témoin,GBPJPY,2026-05-18 07:00:00,7.1491442542788874,5.0,False,,rien,0.0,1.0,0.0,0.5
témoin,GBPJPY,2024-06-26 10:00:00,7.1491442542788874,4.0,True,de nouveau +1 R,rien,0.0,1.0,0.0,0.5
témoin,GBPJPY,2025-06-27 13:00:00,7.1491442542788874,,False,,stop,-1.0,-1.0,-1.0,-1.0
témoin,GBPJPY,2026-03-06 01:00:00,7.1491442542788874,4.0,True,de nouveau +1 R,rien,0.0,1.0,0.0,0.5
témoin,GBPJPY,2024-12-11 00:00:00,7.1491442542788874,,False,,stop,-1.0,-1.0,-1.0,-1.0
témoin,GBPJPY,2024-06-26 05:00:00,7.1491442542788874,9.0,True,de nouveau +1 R,rien,0.0,1.0,0.0,0.5
témoin,GBPJPY,2025-04-14 02:00:00,7.1491442542788874,1.0,False,,objectif,7.1491442542788874,1.0,7.1491442542788874,4.074572127139444
témoin,GBPJPY,2024-03-07 07:00:00,7.1491442542788874,,False,,stop,-1.0,-1.0,-1.0,-1.0
témoin,GBPJPY,2024-07-24 20:00:00,7.1491442542788874,,False,,stop,-1.0,-1.0,-1.0,-1.0
témoin,GBPJPY,2026-04-29 02:00:00,7.1491442542788874,12.0,True,stop,stop,-1.0,1.0,0.0,0.5
témoin,GBPJPY,2025-10-20 14:00:00,7.1491442542788874,14.0,True,de nouveau +1 R,rien,0.0,1.0,0.0,0.5
témoin,GBPJPY,2026-05-05 15:00:00,7.1491442542788874,,False,,stop,-1.0,-1.0,-1.0,-1.0
témoin,GBPJPY,2026-04-14 01:00:00,7.1491442542788874,10.0,True,stop,stop,-1.0,1.0,0.0,0.5
témoin,GBPJPY,2026-05-20 14:00:00,7.1491442542788874,1.0,False,,rien,0.0,1.0,0.0,0.5
témoin,GBPJPY,2024-10-24 01:00:00,7.1491442542788874,,False,,stop,-1.0,-1.0,-1.0,-1.0
témoin,GBPJPY,2025-04-04 13:00:00,7.1491442542788874,,False,,stop,-1.0,-1.0,-1.0,-1.0
Amirou,GBPAUD,2024-04-12 08:00:00,3.216535433070887,4.0,True,de nouveau +1 R,rien,0.0,1.0,0.0,0.5
témoin,GBPAUD,2025-08-27 10:00:00,3.216535433070887,,False,,stop,-1.0,-1.0,-1.0,-1.0
témoin,GBPAUD,2024-09-16 19:00:00,3.216535433070887,,False,,stop,-1.0,-1.0,-1.0,-1.0
témoin,GBPAUD,2026-06-29 18:00:00,3.216535433070887,,False,,stop,-1.0,-1.0,-1.0,-1.0
témoin,GBPAUD,2023-12-22 01:00:00,3.216535433070887,1.0,True,de nouveau +1 R,rien,0.0,1.0,0.0,0.5
témoin,GBPAUD,2026-04-08 00:00:00,3.216535433070887,1.0,False,,objectif,3.216535433070887,1.0,3.216535433070887,2.1082677165354435
témoin,GBPAUD,2025-09-24 20:00:00,3.216535433070887,,False,,stop,-1.0,-1.0,-1.0,-1.0
témoin,GBPAUD,2024-08-26 20:00:00,3.216535433070887,4.0,True,stop,stop,-1.0,1.0,0.0,0.5
témoin,GBPAUD,2025-12-09 01:00:00,3.216535433070887,,False,,stop,-1.0,-1.0,-1.0,-1.0
témoin,GBPAUD,2025-02-03 12:00:00,3.216535433070887,1.0,True,de nouveau +1 R,rien,0.0,1.0,0.0,0.5
témoin,GBPAUD,2026-04-06 02:00:00,3.216535433070887,,False,,stop,-1.0,-1.0,-1.0,-1.0
témoin,GBPAUD,2026-09-16 12:00:00,3.216535433070887,,False,,stop,-1.0,-1.0,-1.0,-1.0
témoin,GBPAUD,2024-09-24 10:00:00,3.216535433070887,,False,,stop,-1.0,-1.0,-1.0,-1.0
témoin,GBPAUD,2025-04-01 07:00:00,3.216535433070887,3.0,True,stop,stop,-1.0,1.0,0.0,0.5
témoin,GBPAUD,2024-07-18 08:00:00,3.216535433070887,,False,,stop,-1.0,-1.0,-1.0,-1.0
témoin,GBPAUD,2025-11-11 12:00:00,3.216535433070887,1.0,True,de nouveau +1 R,rien,0.0,1.0,0.0,0.5
témoin,GBPAUD,2025-09-18 05:00:00,3.216535433070887,2.0,True,stop,stop,-1.0,1.0,0.0,0.5
témoin,GBPAUD,2026-04-14 13:00:00,3.216535433070887,,False,,stop,-1.0,-1.0,-1.0,-1.0
témoin,GBPAUD,2026-03-05 06:00:00,3.216535433070887,1.0,True,de nouveau +1 R,rien,0.0,1.0,0.0,0.5
témoin,GBPAUD,2026-08-26 03:00:00,3.216535433070887,,False,,stop,-1.0,-1.0,-1.0,-1.0
témoin,GBPAUD,2026-08-12 14:00:00,3.216535433070887,7.0,True,de nouveau +1 R,rien,0.0,1.0,0.0,0.5
Amirou,AUDJPY,2024-04-16 00:00:00,3.3815789473683706,,False,,stop,-1.0,-1.0,-1.0,-1.0
témoin,AUDJPY,2026-06-08 20:00:00,3.3815789473683706,10.0,True,stop,stop,-1.0,1.0,0.0,0.5
témoin,AUDJPY,2024-05-15 22:00:00,3.3815789473683706,,False,,stop,-1.0,-1.0,-1.0,-1.0
témoin,AUDJPY,2024-01-29 06:00:00,3.3815789473683706,,False,,stop,-1.0,-1.0,-1.0,-1.0
témoin,AUDJPY,2025-04-16 00:00:00,3.3815789473683706,,False,,stop,-1.0,-1.0,-1.0,-1.0
témoin,AUDJPY,2024-11-27 19:00:00,3.3815789473683706,4.0,True,stop,stop,-1.0,1.0,0.0,0.5
témoin,AUDJPY,2026-06-08 17:00:00,3.3815789473683706,,False,,stop,-1.0,-1.0,-1.0,-1.0
témoin,AUDJPY,2026-03-02 04:00:00,3.3815789473683706,,False,,stop,-1.0,-1.0,-1.0,-1.0
témoin,AUDJPY,2025-02-14 10:00:00,3.3815789473683706,,False,,stop,-1.0,-1.0,-1.0,-1.0
témoin,AUDJPY,2025-07-18 04:00:00,3.3815789473683706,,False,,stop,-1.0,-1.0,-1.0,-1.0
témoin,AUDJPY,2025-08-01 05:00:00,3.3815789473683706,,False,,stop,-1.0,-1.0,-1.0,-1.0
témoin,AUDJPY,2026-06-03 22:00:00,3.3815789473683706,,False,,stop,-1.0,-1.0,-1.0,-1.0
témoin,AUDJPY,2024-01-10 14:00:00,3.3815789473683706,6.0,True,stop,stop,-1.0,1.0,0.0,0.5
témoin,AUDJPY,2025-04-23 10:00:00,3.3815789473683706,,False,,stop,-1.0,-1.0,-1.0,-1.0
témoin,AUDJPY,2025-10-24 17:00:00,3.3815789473683706,5.0,True,de nouveau +1 R,rien,0.0,1.0,0.0,0.5
témoin,AUDJPY,2025-03-18 03:00:00,3.3815789473683706,5.0,True,stop,stop,-1.0,1.0,0.0,0.5
témoin,AUDJPY,2026-07-02 05:00:00,3.3815789473683706,,False,,stop,-1.0,-1.0,-1.0,-1.0
témoin,AUDJPY,2026-08-03 21:00:00,3.3815789473683706,2.0,False,,objectif,3.3815789473683706,1.0,3.3815789473683706,2.1907894736841853
témoin,AUDJPY,2026-03-31 13:00:00,3.3815789473683706,,False,,stop,-1.0,-1.0,-1.0,-1.0
témoin,AUDJPY,2025-03-28 05:00:00,3.3815789473683706,8.0,True,stop,stop,-1.0,1.0,0.0,0.5
témoin,AUDJPY,2026-05-29 00:00:00,3.3815789473683706,13.0,True,de nouveau +1 R,rien,0.0,1.0,0.0,0.5
Amirou,AUDJPY,2024-04-16 09:00:00,2.90395480225987,,False,,stop,-1.0,-1.0,-1.0,-1.0
témoin,AUDJPY,2024-02-28 10:00:00,2.90395480225987,,False,,stop,-1.0,-1.0,-1.0,-1.0
témoin,AUDJPY,2025-10-13 08:00:00,2.90395480225987,,False,,stop,-1.0,-1.0,-1.0,-1.0
témoin,AUDJPY,2024-09-11 14:00:00,2.90395480225987,,False,,stop,-1.0,-1.0,-1.0,-1.0
témoin,AUDJPY,2024-08-20 08:00:00,2.90395480225987,,False,,stop,-1.0,-1.0,-1.0,-1.0
témoin,AUDJPY,2025-10-31 01:00:00,2.90395480225987,,False,,stop,-1.0,-1.0,-1.0,-1.0
témoin,AUDJPY,2026-01-29 19:00:00,2.90395480225987,2.0,True,de nouveau +1 R,rien,0.0,1.0,0.0,0.5
témoin,AUDJPY,2026-06-02 05:00:00,2.90395480225987,3.0,True,stop,stop,-1.0,1.0,0.0,0.5
témoin,AUDJPY,2024-07-16 23:00:00,2.90395480225987,,False,,stop,-1.0,-1.0,-1.0,-1.0
témoin,AUDJPY,2026-05-15 01:00:00,2.90395480225987,,False,,stop,-1.0,-1.0,-1.0,-1.0
témoin,AUDJPY,2026-04-03 17:00:00,2.90395480225987,7.0,False,,objectif,2.90395480225987,1.0,2.90395480225987,1.951977401129935
témoin,AUDJPY,2024-10-29 00:00:00,2.90395480225987,,False,,stop,-1.0,-1.0,-1.0,-1.0
témoin,AUDJPY,2024-02-16 20:00:00,2.90395480225987,36.0,True,de nouveau +1 R,rien,0.0,1.0,0.0,0.5
témoin,AUDJPY,2026-02-04 07:00:00,2.90395480225987,,False,,stop,-1.0,-1.0,-1.0,-1.0
témoin,AUDJPY,2026-03-30 15:00:00,2.90395480225987,10.0,True,de nouveau +1 R,rien,0.0,1.0,0.0,0.5
témoin,AUDJPY,2025-03-25 12:00:00,2.90395480225987,,False,,stop,-1.0,-1.0,-1.0,-1.0
témoin,AUDJPY,2024-05-29 23:00:00,2.90395480225987,,False,,stop,-1.0,-1.0,-1.0,-1.0
témoin,AUDJPY,2024-05-10 10:00:00,2.90395480225987,36.0,False,,objectif,2.90395480225987,1.0,2.90395480225987,1.951977401129935
témoin,AUDJPY,2024-12-27 16:00:00,2.90395480225987,7.0,True,stop,stop,-1.0,1.0,0.0,0.5
témoin,AUDJPY,2026-01-19 17:00:00,2.90395480225987,11.0,True,de nouveau +1 R,rien,0.0,1.0,0.0,0.5
témoin,AUDJPY,2024-10-30 14:00:00,2.90395480225987,,False,,stop,-1.0,-1.0,-1.0,-1.0
Amirou,EURNZD,2024-04-17 09:00:00,3.3886462882097454,,False,,stop,-1.0,-1.0,-1.0,-1.0
témoin,EURNZD,2024-01-17 17:00:00,3.3886462882097454,,False,,stop,-1.0,-1.0,-1.0,-1.0
témoin,EURNZD,2025-11-12 22:00:00,3.3886462882097454,,False,,stop,-1.0,-1.0,-1.0,-1.0
témoin,EURNZD,2026-01-06 11:00:00,3.3886462882097454,11.0,True,de nouveau +1 R,rien,0.0,1.0,0.0,0.5
témoin,EURNZD,2024-06-13 05:00:00,3.3886462882097454,7.0,True,stop,stop,-1.0,1.0,0.0,0.5
témoin,EURNZD,2025-07-03 15:00:00,3.3886462882097454,6.0,True,stop,stop,-1.0,1.0,0.0,0.5
témoin,EURNZD,2025-01-20 18:00:00,3.3886462882097454,,False,,stop,-1.0,-1.0,-1.0,-1.0
témoin,EURNZD,2025-05-06 01:00:00,3.3886462882097454,3.0,True,de nouveau +1 R,rien,0.0,1.0,0.0,0.5
témoin,EURNZD,2023-12-21 03:00:00,3.3886462882097454,10.0,True,de nouveau +1 R,rien,0.0,1.0,0.0,0.5
témoin,EURNZD,2025-09-17 03:00:00,3.3886462882097454,9.0,True,stop,stop,-1.0,1.0,0.0,0.5
témoin,EURNZD,2024-09-05 16:00:00,3.3886462882097454,20.0,True,stop,stop,-1.0,1.0,0.0,0.5
témoin,EURNZD,2025-06-27 06:00:00,3.3886462882097454,,False,,stop,-1.0,-1.0,-1.0,-1.0
témoin,EURNZD,2025-02-13 13:00:00,3.3886462882097454,12.0,False,,objectif,3.3886462882097454,1.0,3.3886462882097454,2.1943231441048727
témoin,EURNZD,2025-08-22 05:00:00,3.3886462882097454,,False,,stop,-1.0,-1.0,-1.0,-1.0
témoin,EURNZD,2024-04-01 23:00:00,3.3886462882097454,49.0,False,,objectif,3.3886462882097454,1.0,3.3886462882097454,2.1943231441048727
témoin,EURNZD,2024-12-17 14:00:00,3.3886462882097454,,False,,stop,-1.0,-1.0,-1.0,-1.0
témoin,EURNZD,2025-09-16 02:00:00,3.3886462882097454,,False,,stop,-1.0,-1.0,-1.0,-1.0
témoin,EURNZD,2026-01-28 22:00:00,3.3886462882097454,,False,,stop,-1.0,-1.0,-1.0,-1.0
témoin,EURNZD,2025-01-03 10:00:00,3.3886462882097454,13.0,True,de nouveau +1 R,rien,0.0,1.0,0.0,0.5
témoin,EURNZD,2024-01-10 17:00:00,3.3886462882097454,11.0,True,de nouveau +1 R,rien,0.0,1.0,0.0,0.5
témoin,EURNZD,2025-12-17 04:00:00,3.3886462882097454,,False,,stop,-1.0,-1.0,-1.0,-1.0
Amirou,EURUSD,2024-05-03 09:00:00,2.362282878411917,,False,,stop,-1.0,-1.0,-1.0,-1.0
témoin,EURUSD,2025-05-08 04:00:00,2.362282878411917,2.0,False,,objectif,2.362282878411917,1.0,2.362282878411917,1.6811414392059585
témoin,EURUSD,2025-10-06 15:00:00,2.362282878411917,16.0,False,,objectif,2.362282878411917,1.0,2.362282878411917,1.6811414392059585
témoin,EURUSD,2024-05-24 05:00:00,2.362282878411917,,False,,stop,-1.0,-1.0,-1.0,-1.0
témoin,EURUSD,2025-02-24 10:00:00,2.362282878411917,,False,,stop,-1.0,-1.0,-1.0,-1.0
témoin,EURUSD,2026-05-27 14:00:00,2.362282878411917,13.0,True,stop,stop,-1.0,1.0,0.0,0.5
témoin,EURUSD,2026-05-12 01:00:00,2.362282878411917,14.0,False,,objectif,2.362282878411917,1.0,2.362282878411917,1.6811414392059585
témoin,EURUSD,2024-10-30 04:00:00,2.362282878411917,,False,,stop,-1.0,-1.0,-1.0,-1.0
témoin,EURUSD,2025-09-12 19:00:00,2.362282878411917,,False,,stop,-1.0,-1.0,-1.0,-1.0
témoin,EURUSD,2024-03-11 05:00:00,2.362282878411917,81.0,False,,objectif,2.362282878411917,1.0,2.362282878411917,1.6811414392059585
témoin,EURUSD,2026-03-13 17:00:00,2.362282878411917,,False,,stop,-1.0,-1.0,-1.0,-1.0
témoin,EURUSD,2024-09-11 12:00:00,2.362282878411917,,False,,stop,-1.0,-1.0,-1.0,-1.0
témoin,EURUSD,2024-11-25 08:00:00,2.362282878411917,,False,,stop,-1.0,-1.0,-1.0,-1.0
témoin,EURUSD,2026-08-18 17:00:00,2.362282878411917,,False,,stop,-1.0,-1.0,-1.0,-1.0
témoin,EURUSD,2025-06-17 05:00:00,2.362282878411917,9.0,False,,objectif,2.362282878411917,1.0,2.362282878411917,1.6811414392059585
témoin,EURUSD,2026-05-19 05:00:00,2.362282878411917,9.0,True,de nouveau +1 R,rien,0.0,1.0,0.0,0.5
témoin,EURUSD,2024-07-01 20:00:00,2.362282878411917,,False,,stop,-1.0,-1.0,-1.0,-1.0
témoin,EURUSD,2026-01-20 08:00:00,2.362282878411917,,False,,stop,-1.0,-1.0,-1.0,-1.0
témoin,EURUSD,2026-09-17 16:00:00,2.362282878411917,62.0,False,,objectif,2.362282878411917,1.0,2.362282878411917,1.6811414392059585
témoin,EURUSD,2024-03-04 05:00:00,2.362282878411917,,False,,stop,-1.0,-1.0,-1.0,-1.0
témoin,EURUSD,2024-08-16 13:00:00,2.362282878411917,,False,,stop,-1.0,-1.0,-1.0,-1.0
Amirou,EURUSD,2024-05-03 09:00:00,2.4250000000000624,,False,,stop,-1.0,-1.0,-1.0,-1.0
témoin,EURUSD,2024-05-13 05:00:00,2.4250000000000624,,False,,stop,-1.0,-1.0,-1.0,-1.0
témoin,EURUSD,2024-08-30 08:00:00,2.4250000000000624,55.0,True,stop,stop,-1.0,1.0,0.0,0.5
témoin,EURUSD,2024-10-24 09:00:00,2.4250000000000624,,False,,stop,-1.0,-1.0,-1.0,-1.0
témoin,EURUSD,2024-02-28 09:00:00,2.4250000000000624,,False,,stop,-1.0,-1.0,-1.0,-1.0
témoin,EURUSD,2026-06-10 22:00:00,2.4250000000000624,,False,,stop,-1.0,-1.0,-1.0,-1.0
témoin,EURUSD,2024-09-02 02:00:00,2.4250000000000624,,False,,stop,-1.0,-1.0,-1.0,-1.0
témoin,EURUSD,2026-07-03 17:00:00,2.4250000000000624,124.0,True,de nouveau +1 R,rien,0.0,1.0,0.0,0.5
témoin,EURUSD,2026-01-26 00:00:00,2.4250000000000624,,False,,stop,-1.0,-1.0,-1.0,-1.0
témoin,EURUSD,2024-06-06 16:00:00,2.4250000000000624,20.0,False,,objectif,2.4250000000000624,1.0,2.4250000000000624,1.7125000000000312
témoin,EURUSD,2025-11-19 05:00:00,2.4250000000000624,11.0,True,stop,stop,-1.0,1.0,0.0,0.5
témoin,EURUSD,2026-02-05 11:00:00,2.4250000000000624,,False,,stop,-1.0,-1.0,-1.0,-1.0
témoin,EURUSD,2024-04-24 04:00:00,2.4250000000000624,116.0,True,stop,stop,-1.0,1.0,0.0,0.5
témoin,EURUSD,2024-04-24 22:00:00,2.4250000000000624,,False,,stop,-1.0,-1.0,-1.0,-1.0
témoin,EURUSD,2024-12-30 11:00:00,2.4250000000000624,3.0,False,,objectif,2.4250000000000624,1.0,2.4250000000000624,1.7125000000000312
témoin,EURUSD,2024-02-23 04:00:00,2.4250000000000624,,False,,stop,-1.0,-1.0,-1.0,-1.0
témoin,EURUSD,2025-02-13 01:00:00,2.4250000000000624,,False,,stop,-1.0,-1.0,-1.0,-1.0
témoin,EURUSD,2025-04-14 08:00:00,2.4250000000000624,4.0,False,,objectif,2.4250000000000624,1.0,2.4250000000000624,1.7125000000000312
témoin,EURUSD,2025-10-16 14:00:00,2.4250000000000624,,False,,stop,-1.0,-1.0,-1.0,-1.0
témoin,EURUSD,2025-07-15 16:00:00,2.4250000000000624,21.0,True,stop,stop,-1.0,1.0,0.0,0.5
témoin,EURUSD,2025-03-20 02:00:00,2.4250000000000624,7.0,False,,objectif,2.4250000000000624,1.0,2.4250000000000624,1.7125000000000312
Amirou,EURUSD,2024-05-03 12:00:00,2.893034825870717,,False,,stop,-1.0,-1.0,-1.0,-1.0
témoin,EURUSD,2024-07-25 01:00:00,2.893034825870717,125.0,True,stop,stop,-1.0,1.0,0.0,0.5
témoin,EURUSD,2025-07-30 01:00:00,2.893034825870717,10.0,False,,objectif,2.893034825870717,1.0,2.893034825870717,1.9465174129353584
témoin,EURUSD,2025-03-19 12:00:00,2.893034825870717,5.0,True,de nouveau +1 R,rien,0.0,1.0,0.0,0.5
témoin,EURUSD,2026-04-13 22:00:00,2.893034825870717,,False,,stop,-1.0,-1.0,-1.0,-1.0
témoin,EURUSD,2025-11-19 18:00:00,2.893034825870717,46.0,True,stop,stop,-1.0,1.0,0.0,0.5
témoin,EURUSD,2025-12-17 14:00:00,2.893034825870717,,False,,stop,-1.0,-1.0,-1.0,-1.0
témoin,EURUSD,2025-07-15 10:00:00,2.893034825870717,3.0,False,,objectif,2.893034825870717,1.0,2.893034825870717,1.9465174129353584
témoin,EURUSD,2024-12-17 21:00:00,2.893034825870717,22.0,False,,objectif,2.893034825870717,1.0,2.893034825870717,1.9465174129353584
témoin,EURUSD,2024-09-25 05:00:00,2.893034825870717,10.0,True,de nouveau +1 R,rien,0.0,1.0,0.0,0.5
témoin,EURUSD,2025-03-12 16:00:00,2.893034825870717,2.0,True,de nouveau +1 R,rien,0.0,1.0,0.0,0.5
témoin,EURUSD,2025-07-15 12:00:00,2.893034825870717,2.0,True,stop,stop,-1.0,1.0,0.0,0.5
témoin,EURUSD,2024-12-19 19:00:00,2.893034825870717,,False,,stop,-1.0,-1.0,-1.0,-1.0
témoin,EURUSD,2024-05-10 19:00:00,2.893034825870717,,False,,stop,-1.0,-1.0,-1.0,-1.0
témoin,EURUSD,2024-04-04 12:00:00,2.893034825870717,24.0,True,de nouveau +1 R,rien,0.0,1.0,0.0,0.5
témoin,EURUSD,2024-01-30 12:00:00,2.893034825870717,,False,,stop,-1.0,-1.0,-1.0,-1.0
témoin,EURUSD,2024-07-08 20:00:00,2.893034825870717,,False,,stop,-1.0,-1.0,-1.0,-1.0
témoin,EURUSD,2025-01-30 14:00:00,2.893034825870717,3.0,False,,objectif,2.893034825870717,1.0,2.893034825870717,1.9465174129353584
témoin,EURUSD,2024-09-26 18:00:00,2.893034825870717,13.0,True,de nouveau +1 R,rien,0.0,1.0,0.0,0.5
témoin,EURUSD,2024-06-11 22:00:00,2.893034825870717,,False,,stop,-1.0,-1.0,-1.0,-1.0
témoin,EURUSD,2024-10-28 15:00:00,2.893034825870717,21.0,True,stop,stop,-1.0,1.0,0.0,0.5
Amirou,GBPUSD,2024-05-10 06:00:00,3.1117764471058127,,False,,stop,-1.0,-1.0,-1.0,-1.0
témoin,GBPUSD,2025-12-05 00:00:00,3.1117764471058127,,False,,stop,-1.0,-1.0,-1.0,-1.0
témoin,GBPUSD,2024-10-25 19:00:00,3.1117764471058127,,False,,stop,-1.0,-1.0,-1.0,-1.0
témoin,GBPUSD,2026-07-02 03:00:00,3.1117764471058127,,False,,stop,-1.0,-1.0,-1.0,-1.0
témoin,GBPUSD,2025-07-21 01:00:00,3.1117764471058127,,False,,stop,-1.0,-1.0,-1.0,-1.0
témoin,GBPUSD,2024-05-02 19:00:00,3.1117764471058127,,False,,stop,-1.0,-1.0,-1.0,-1.0
témoin,GBPUSD,2026-08-25 03:00:00,3.1117764471058127,53.0,False,,objectif,3.1117764471058127,1.0,3.1117764471058127,2.0558882235529063
témoin,GBPUSD,2026-05-26 07:00:00,3.1117764471058127,31.0,True,de nouveau +1 R,rien,0.0,1.0,0.0,0.5
témoin,GBPUSD,2026-02-06 07:00:00,3.1117764471058127,,False,,stop,-1.0,-1.0,-1.0,-1.0
témoin,GBPUSD,2024-05-22 23:00:00,3.1117764471058127,,False,,stop,-1.0,-1.0,-1.0,-1.0
témoin,GBPUSD,2026-02-24 01:00:00,3.1117764471058127,,False,,stop,-1.0,-1.0,-1.0,-1.0
témoin,GBPUSD,2025-11-21 01:00:00,3.1117764471058127,,False,,stop,-1.0,-1.0,-1.0,-1.0
témoin,GBPUSD,2026-01-21 05:00:00,3.1117764471058127,,False,,stop,-1.0,-1.0,-1.0,-1.0
témoin,GBPUSD,2025-12-03 20:00:00,3.1117764471058127,90.0,True,stop,stop,-1.0,1.0,0.0,0.5
témoin,GBPUSD,2025-08-08 14:00:00,3.1117764471058127,,False,,stop,-1.0,-1.0,-1.0,-1.0
témoin,GBPUSD,2024-11-25 04:00:00,3.1117764471058127,12.0,True,de nouveau +1 R,rien,0.0,1.0,0.0,0.5
témoin,GBPUSD,2026-07-01 06:00:00,3.1117764471058127,,False,,stop,-1.0,-1.0,-1.0,-1.0
témoin,GBPUSD,2026-09-02 12:00:00,3.1117764471058127,,False,,stop,-1.0,-1.0,-1.0,-1.0
témoin,GBPUSD,2025-11-11 08:00:00,3.1117764471058127,,False,,stop,-1.0,-1.0,-1.0,-1.0
témoin,GBPUSD,2024-12-11 01:00:00,3.1117764471058127,9.0,True,de nouveau +1 R,rien,0.0,1.0,0.0,0.5
témoin,GBPUSD,2025-05-05 03:00:00,3.1117764471058127,,False,,stop,-1.0,-1.0,-1.0,-1.0
Amirou,GBPUSD,2024-05-24 09:00:00,1.693850267379639,,False,,stop,-1.0,-1.0,-1.0,-1.0
témoin,GBPUSD,2025-07-03 16:00:00,1.693850267379639,39.0,False,,objectif,1.693850267379639,1.0,1.693850267379639,1.3469251336898194
témoin,GBPUSD,2024-03-04 04:00:00,1.693850267379639,,False,,stop,-1.0,-1.0,-1.0,-1.0
témoin,GBPUSD,2024-03-14 12:00:00,1.693850267379639,3.0,False,,objectif,1.693850267379639,1.0,1.693850267379639,1.3469251336898194
témoin,GBPUSD,2025-04-22 13:00:00,1.693850267379639,8.0,False,,objectif,1.693850267379639,1.0,1.693850267379639,1.3469251336898194
témoin,GBPUSD,2025-07-04 07:00:00,1.693850267379639,22.0,False,,objectif,1.693850267379639,1.0,1.693850267379639,1.3469251336898194
témoin,GBPUSD,2024-07-17 17:00:00,1.693850267379639,37.0,False,,objectif,1.693850267379639,1.0,1.693850267379639,1.3469251336898194
témoin,GBPUSD,2024-09-06 07:00:00,1.693850267379639,9.0,False,,objectif,1.693850267379639,1.0,1.693850267379639,1.3469251336898194
témoin,GBPUSD,2024-04-29 03:00:00,1.693850267379639,,False,,stop,-1.0,-1.0,-1.0,-1.0
témoin,GBPUSD,2026-06-30 09:00:00,1.693850267379639,,False,,stop,-1.0,-1.0,-1.0,-1.0
témoin,GBPUSD,2025-05-09 04:00:00,1.693850267379639,,False,,stop,-1.0,-1.0,-1.0,-1.0
témoin,GBPUSD,2024-09-18 03:00:00,1.693850267379639,,False,,stop,-1.0,-1.0,-1.0,-1.0
témoin,GBPUSD,2026-02-17 17:00:00,1.693850267379639,43.0,True,de nouveau +1 R,rien,0.0,1.0,0.0,0.5
témoin,GBPUSD,2026-08-11 23:00:00,1.693850267379639,,False,,stop,-1.0,-1.0,-1.0,-1.0
témoin,GBPUSD,2024-10-08 20:00:00,1.693850267379639,45.0,True,de nouveau +1 R,rien,0.0,1.0,0.0,0.5
témoin,GBPUSD,2026-06-11 06:00:00,1.693850267379639,,False,,stop,-1.0,-1.0,-1.0,-1.0
témoin,GBPUSD,2026-01-29 23:00:00,1.693850267379639,3.0,False,,objectif,1.693850267379639,1.0,1.693850267379639,1.3469251336898194
témoin,GBPUSD,2026-02-26 01:00:00,1.693850267379639,16.0,False,,objectif,1.693850267379639,1.0,1.693850267379639,1.3469251336898194
témoin,GBPUSD,2025-05-29 06:00:00,1.693850267379639,,False,,stop,-1.0,-1.0,-1.0,-1.0
témoin,GBPUSD,2026-06-24 04:00:00,1.693850267379639,,False,,stop,-1.0,-1.0,-1.0,-1.0
témoin,GBPUSD,2024-05-14 20:00:00,1.693850267379639,,False,,stop,-1.0,-1.0,-1.0,-1.0
Amirou,EURAUD,2024-05-28 17:00:00,2.8587731811697816,89.0,True,stop,stop,-1.0,1.0,0.0,0.5
témoin,EURAUD,2024-03-13 12:00:00,2.8587731811697816,,False,,stop,-1.0,-1.0,-1.0,-1.0
témoin,EURAUD,2026-08-13 14:00:00,2.8587731811697816,41.0,True,stop,stop,-1.0,1.0,0.0,0.5
témoin,EURAUD,2025-04-22 12:00:00,2.8587731811697816,4.0,True,de nouveau +1 R,rien,0.0,1.0,0.0,0.5
témoin,EURAUD,2025-01-23 07:00:00,2.8587731811697816,20.0,True,stop,stop,-1.0,1.0,0.0,0.5
témoin,EURAUD,2025-12-18 14:00:00,2.8587731811697816,39.0,False,,objectif,2.8587731811697816,1.0,2.8587731811697816,1.9293865905848908
témoin,EURAUD,2024-10-08 07:00:00,2.8587731811697816,14.0,True,de nouveau +1 R,rien,0.0,1.0,0.0,0.5
témoin,EURAUD,2025-09-17 03:00:00,2.8587731811697816,,False,,stop,-1.0,-1.0,-1.0,-1.0
témoin,EURAUD,2026-04-16 17:00:00,2.8587731811697816,89.0,False,,rien,0.0,1.0,0.0,0.5
témoin,EURAUD,2026-03-04 11:00:00,2.8587731811697816,7.0,True,stop,stop,-1.0,1.0,0.0,0.5
témoin,EURAUD,2024-04-18 17:00:00,2.8587731811697816,,False,,stop,-1.0,-1.0,-1.0,-1.0
témoin,EURAUD,2026-08-18 15:00:00,2.8587731811697816,,False,,stop,-1.0,-1.0,-1.0,-1.0
témoin,EURAUD,2025-12-23 01:00:00,2.8587731811697816,12.0,False,,objectif,2.8587731811697816,1.0,2.8587731811697816,1.9293865905848908
témoin,EURAUD,2025-11-17 23:00:00,2.8587731811697816,,False,,stop,-1.0,-1.0,-1.0,-1.0
témoin,EURAUD,2024-06-21 04:00:00,2.8587731811697816,,False,,stop,-1.0,-1.0,-1.0,-1.0
témoin,EURAUD,2026-07-02 12:00:00,2.8587731811697816,14.0,False,,objectif,2.8587731811697816,1.0,2.8587731811697816,1.9293865905848908
témoin,EURAUD,2025-01-14 19:00:00,2.8587731811697816,18.0,True,de nouveau +1 R,rien,0.0,1.0,0.0,0.5
témoin,EURAUD,2026-07-21 15:00:00,2.8587731811697816,,False,,stop,-1.0,-1.0,-1.0,-1.0
témoin,EURAUD,2024-08-05 20:00:00,2.8587731811697816,3.0,False,,objectif,2.8587731811697816,1.0,2.8587731811697816,1.9293865905848908
témoin,EURAUD,2024-03-19 14:00:00,2.8587731811697816,29.0,False,,rien,0.0,1.0,0.0,0.5
témoin,EURAUD,2026-04-10 13:00:00,2.8587731811697816,,False,,stop,-1.0,-1.0,-1.0,-1.0
Amirou,EURAUD,2024-06-04 06:00:00,4.124271844660189,43.0,True,stop,stop,-1.0,1.0,0.0,0.5
témoin,EURAUD,2025-07-24 12:00:00,4.124271844660189,,False,,stop,-1.0,-1.0,-1.0,-1.0
témoin,EURAUD,2025-01-13 02:00:00,4.124271844660189,9.0,True,de nouveau +1 R,rien,0.0,1.0,0.0,0.5
témoin,EURAUD,2026-08-25 08:00:00,4.124271844660189,17.0,False,,objectif,4.124271844660189,1.0,4.124271844660189,2.5621359223300946
témoin,EURAUD,2026-08-24 15:00:00,4.124271844660189,34.0,False,,objectif,4.124271844660189,1.0,4.124271844660189,2.5621359223300946
témoin,EURAUD,2023-12-27 08:00:00,4.124271844660189,,False,,stop,-1.0,-1.0,-1.0,-1.0
témoin,EURAUD,2025-09-04 11:00:00,4.124271844660189,26.0,True,de nouveau +1 R,rien,0.0,1.0,0.0,0.5
témoin,EURAUD,2026-03-09 17:00:00,4.124271844660189,14.0,False,,objectif,4.124271844660189,1.0,4.124271844660189,2.5621359223300946
témoin,EURAUD,2025-11-12 14:00:00,4.124271844660189,10.0,True,stop,stop,-1.0,1.0,0.0,0.5
témoin,EURAUD,2025-08-12 04:00:00,4.124271844660189,,False,,stop,-1.0,-1.0,-1.0,-1.0
témoin,EURAUD,2025-05-23 00:00:00,4.124271844660189,10.0,True,de nouveau +1 R,rien,0.0,1.0,0.0,0.5
témoin,EURAUD,2025-06-04 18:00:00,4.124271844660189,53.0,True,stop,stop,-1.0,1.0,0.0,0.5
témoin,EURAUD,2024-10-22 04:00:00,4.124271844660189,,False,,stop,-1.0,-1.0,-1.0,-1.0
témoin,EURAUD,2024-05-08 01:00:00,4.124271844660189,,False,,stop,-1.0,-1.0,-1.0,-1.0
témoin,EURAUD,2025-01-16 23:00:00,4.124271844660189,,False,,stop,-1.0,-1.0,-1.0,-1.0
témoin,EURAUD,2025-11-14 10:00:00,4.124271844660189,5.0,True,stop,stop,-1.0,1.0,0.0,0.5
témoin,EURAUD,2026-07-21 09:00:00,4.124271844660189,,False,,stop,-1.0,-1.0,-1.0,-1.0
témoin,EURAUD,2026-08-12 04:00:00,4.124271844660189,71.0,True,stop,stop,-1.0,1.0,0.0,0.5
témoin,EURAUD,2024-07-04 19:00:00,4.124271844660189,111.0,True,stop,stop,-1.0,1.0,0.0,0.5
témoin,EURAUD,2024-01-16 06:00:00,4.124271844660189,,False,,stop,-1.0,-1.0,-1.0,-1.0
témoin,EURAUD,2026-09-07 08:00:00,4.124271844660189,,False,,stop,-1.0,-1.0,-1.0,-1.0
Amirou,AUDUSD,2024-07-15 17:00:00,8.619377162629577,,False,,stop,-1.0,-1.0,-1.0,-1.0
témoin,AUDUSD,2025-10-23 04:00:00,8.619377162629577,4.0,True,de nouveau +1 R,rien,0.0,1.0,0.0,0.5
témoin,AUDUSD,2026-01-19 17:00:00,8.619377162629577,14.0,False,,objectif,8.619377162629577,1.0,8.619377162629577,4.809688581314789
témoin,AUDUSD,2026-03-17 20:00:00,8.619377162629577,,False,,stop,-1.0,-1.0,-1.0,-1.0
témoin,AUDUSD,2024-12-12 08:00:00,8.619377162629577,,False,,stop,-1.0,-1.0,-1.0,-1.0
témoin,AUDUSD,2026-05-08 14:00:00,8.619377162629577,,False,,stop,-1.0,-1.0,-1.0,-1.0
témoin,AUDUSD,2025-09-23 12:00:00,8.619377162629577,,False,,stop,-1.0,-1.0,-1.0,-1.0
témoin,AUDUSD,2025-09-24 23:00:00,8.619377162629577,,False,,stop,-1.0,-1.0,-1.0,-1.0
témoin,AUDUSD,2025-01-02 13:00:00,8.619377162629577,35.0,True,stop,stop,-1.0,1.0,0.0,0.5
témoin,AUDUSD,2024-11-26 17:00:00,8.619377162629577,14.0,True,de nouveau +1 R,rien,0.0,1.0,0.0,0.5
témoin,AUDUSD,2025-01-02 21:00:00,8.619377162629577,26.0,True,stop,stop,-1.0,1.0,0.0,0.5
témoin,AUDUSD,2025-12-04 14:00:00,8.619377162629577,23.0,True,,rien,0.0,1.0,0.0,0.5
témoin,AUDUSD,2025-05-06 20:00:00,8.619377162629577,,False,,stop,-1.0,-1.0,-1.0,-1.0
témoin,AUDUSD,2024-01-04 21:00:00,8.619377162629577,,False,,stop,-1.0,-1.0,-1.0,-1.0
témoin,AUDUSD,2024-01-02 00:00:00,8.619377162629577,5.0,True,stop,stop,-1.0,1.0,0.0,0.5
témoin,AUDUSD,2024-06-26 15:00:00,8.619377162629577,,False,,stop,-1.0,-1.0,-1.0,-1.0
témoin,AUDUSD,2025-04-25 10:00:00,8.619377162629577,17.0,True,de nouveau +1 R,rien,0.0,1.0,0.0,0.5
témoin,AUDUSD,2025-08-12 08:00:00,8.619377162629577,7.0,True,stop,stop,-1.0,1.0,0.0,0.5
témoin,AUDUSD,2026-08-24 23:00:00,8.619377162629577,26.0,True,de nouveau +1 R,rien,0.0,1.0,0.0,0.5
témoin,AUDUSD,2026-02-10 19:00:00,8.619377162629577,7.0,True,stop,stop,-1.0,1.0,0.0,0.5
témoin,AUDUSD,2024-09-27 19:00:00,8.619377162629577,8.0,True,stop,stop,-1.0,1.0,0.0,0.5
Amirou,EURJPY,2024-07-31 02:00:00,3.1433267587113285,,False,,stop,-1.0,-1.0,-1.0,-1.0
témoin,EURJPY,2025-05-16 21:00:00,3.1433267587113285,,False,,stop,-1.0,-1.0,-1.0,-1.0
témoin,EURJPY,2026-01-09 07:00:00,3.1433267587113285,42.0,True,de nouveau +1 R,rien,0.0,1.0,0.0,0.5
témoin,EURJPY,2026-05-28 15:00:00,3.1433267587113285,,False,,rien,0.0,0.0,0.0,0.0
témoin,EURJPY,2025-03-06 18:00:00,3.1433267587113285,65.0,False,,rien,0.0,1.0,0.0,0.5
témoin,EURJPY,2025-12-08 09:00:00,3.1433267587113285,31.0,False,,rien,0.0,1.0,0.0,0.5
témoin,EURJPY,2024-07-15 07:00:00,3.1433267587113285,,False,,stop,-1.0,-1.0,-1.0,-1.0
témoin,EURJPY,2025-03-25 00:00:00,3.1433267587113285,,False,,stop,-1.0,-1.0,-1.0,-1.0
témoin,EURJPY,2026-06-18 02:00:00,3.1433267587113285,,False,,stop,-1.0,-1.0,-1.0,-1.0
témoin,EURJPY,2025-01-06 09:00:00,3.1433267587113285,,False,,stop,-1.0,-1.0,-1.0,-1.0
témoin,EURJPY,2024-01-03 03:00:00,3.1433267587113285,26.0,False,,objectif,3.1433267587113285,1.0,3.1433267587113285,2.0716633793556642
témoin,EURJPY,2026-02-20 12:00:00,3.1433267587113285,43.0,True,,rien,0.0,1.0,0.0,0.5
témoin,EURJPY,2024-10-17 01:00:00,3.1433267587113285,95.0,False,,rien,0.0,1.0,0.0,0.5
témoin,EURJPY,2025-03-03 23:00:00,3.1433267587113285,21.0,False,,objectif,3.1433267587113285,1.0,3.1433267587113285,2.0716633793556642
témoin,EURJPY,2026-09-21 19:00:00,3.1433267587113285,,False,,stop,-1.0,-1.0,-1.0,-1.0
témoin,EURJPY,2025-01-10 02:00:00,3.1433267587113285,,False,,stop,-1.0,-1.0,-1.0,-1.0
témoin,EURJPY,2024-09-05 07:00:00,3.1433267587113285,,False,,stop,-1.0,-1.0,-1.0,-1.0
témoin,EURJPY,2024-08-07 16:00:00,3.1433267587113285,,False,,stop,-1.0,-1.0,-1.0,-1.0
témoin,EURJPY,2026-04-22 15:00:00,3.1433267587113285,,False,,stop,-1.0,-1.0,-1.0,-1.0
témoin,EURJPY,2024-07-19 00:00:00,3.1433267587113285,,False,,stop,-1.0,-1.0,-1.0,-1.0
témoin,EURJPY,2025-08-19 00:00:00,3.1433267587113285,,False,,rien,0.0,0.0,0.0,0.0
Amirou,GBPAUD,2024-08-28 12:00:00,3.2629107981221246,1.0,False,,objectif,3.2629107981221246,1.0,3.2629107981221246,2.1314553990610623
témoin,GBPAUD,2024-08-09 04:00:00,3.2629107981221246,,False,,stop,-1.0,-1.0,-1.0,-1.0
témoin,GBPAUD,2026-03-05 22:00:00,3.2629107981221246,1.0,True,de nouveau +1 R,rien,0.0,1.0,0.0,0.5
témoin,GBPAUD,2025-12-05 13:00:00,3.2629107981221246,1.0,True,stop,stop,-1.0,1.0,0.0,0.5
témoin,GBPAUD,2025-09-09 17:00:00,3.2629107981221246,4.0,True,de nouveau +1 R,rien,0.0,1.0,0.0,0.5
témoin,GBPAUD,2025-02-14 09:00:00,3.2629107981221246,1.0,False,,objectif,3.2629107981221246,1.0,3.2629107981221246,2.1314553990610623
témoin,GBPAUD,2024-12-13 08:00:00,3.2629107981221246,,False,,stop,-1.0,-1.0,-1.0,-1.0
témoin,GBPAUD,2026-07-29 12:00:00,3.2629107981221246,,False,,stop,-1.0,-1.0,-1.0,-1.0
témoin,GBPAUD,2026-01-19 13:00:00,3.2629107981221246,8.0,True,de nouveau +1 R,rien,0.0,1.0,0.0,0.5
témoin,GBPAUD,2025-01-13 10:00:00,3.2629107981221246,,False,,stop,-1.0,-1.0,-1.0,-1.0
témoin,GBPAUD,2024-01-10 22:00:00,3.2629107981221246,2.0,True,stop,stop,-1.0,1.0,0.0,0.5
témoin,GBPAUD,2024-04-23 01:00:00,3.2629107981221246,,False,,stop,-1.0,-1.0,-1.0,-1.0
témoin,GBPAUD,2025-03-07 15:00:00,3.2629107981221246,,False,,stop,-1.0,-1.0,-1.0,-1.0
témoin,GBPAUD,2025-03-21 05:00:00,3.2629107981221246,1.0,True,stop,stop,-1.0,1.0,0.0,0.5
témoin,GBPAUD,2024-12-23 22:00:00,3.2629107981221246,,False,,stop,-1.0,-1.0,-1.0,-1.0
témoin,GBPAUD,2026-09-02 08:00:00,3.2629107981221246,,False,,stop,-1.0,-1.0,-1.0,-1.0
témoin,GBPAUD,2025-04-08 08:00:00,3.2629107981221246,,False,,stop,-1.0,-1.0,-1.0,-1.0
témoin,GBPAUD,2026-02-23 03:00:00,3.2629107981221246,5.0,True,de nouveau +1 R,rien,0.0,1.0,0.0,0.5
témoin,GBPAUD,2024-04-22 07:00:00,3.2629107981221246,1.0,False,,objectif,3.2629107981221246,1.0,3.2629107981221246,2.1314553990610623
témoin,GBPAUD,2024-12-26 01:00:00,3.2629107981221246,1.0,True,stop,stop,-1.0,1.0,0.0,0.5
témoin,GBPAUD,2024-07-25 14:00:00,3.2629107981221246,1.0,False,,objectif,3.2629107981221246,1.0,3.2629107981221246,2.1314553990610623
Amirou,AUDJPY,2024-08-30 02:00:00,1.3943427620632198,10.0,False,,objectif,1.3943427620632198,1.0,1.3943427620632198,1.1971713810316098
témoin,AUDJPY,2025-06-11 15:00:00,1.3943427620632198,,False,,stop,-1.0,-1.0,-1.0,-1.0
témoin,AUDJPY,2024-02-29 18:00:00,1.3943427620632198,21.0,True,de nouveau +1 R,rien,0.0,1.0,0.0,0.5
témoin,AUDJPY,2026-06-03 15:00:00,1.3943427620632198,,False,,stop,-1.0,-1.0,-1.0,-1.0
témoin,AUDJPY,2026-08-14 17:00:00,1.3943427620632198,39.0,True,stop,stop,-1.0,1.0,0.0,0.5
témoin,AUDJPY,2024-12-16 14:00:00,1.3943427620632198,,False,,stop,-1.0,-1.0,-1.0,-1.0
témoin,AUDJPY,2025-06-12 14:00:00,1.3943427620632198,,False,,stop,-1.0,-1.0,-1.0,-1.0
témoin,AUDJPY,2025-06-10 17:00:00,1.3943427620632198,,False,,stop,-1.0,-1.0,-1.0,-1.0
témoin,AUDJPY,2026-02-05 17:00:00,1.3943427620632198,,False,,stop,-1.0,-1.0,-1.0,-1.0
témoin,AUDJPY,2024-02-23 20:00:00,1.3943427620632198,,False,,stop,-1.0,-1.0,-1.0,-1.0
témoin,AUDJPY,2025-06-02 21:00:00,1.3943427620632198,36.0,False,,objectif,1.3943427620632198,1.0,1.3943427620632198,1.1971713810316098
témoin,AUDJPY,2026-04-16 12:00:00,1.3943427620632198,167.0,True,stop,stop,-1.0,1.0,0.0,0.5
témoin,AUDJPY,2025-08-25 04:00:00,1.3943427620632198,99.0,False,,objectif,1.3943427620632198,1.0,1.3943427620632198,1.1971713810316098
témoin,AUDJPY,2025-06-30 08:00:00,1.3943427620632198,8.0,True,de nouveau +1 R,rien,0.0,1.0,0.0,0.5
témoin,AUDJPY,2024-01-19 06:00:00,1.3943427620632198,,False,,stop,-1.0,-1.0,-1.0,-1.0
témoin,AUDJPY,2026-07-07 20:00:00,1.3943427620632198,111.0,False,,objectif,1.3943427620632198,1.0,1.3943427620632198,1.1971713810316098
témoin,AUDJPY,2024-06-21 00:00:00,1.3943427620632198,71.0,False,,objectif,1.3943427620632198,1.0,1.3943427620632198,1.1971713810316098
témoin,AUDJPY,2024-12-03 15:00:00,1.3943427620632198,8.0,True,de nouveau +1 R,rien,0.0,1.0,0.0,0.5
témoin,AUDJPY,2025-10-27 15:00:00,1.3943427620632198,,False,,stop,-1.0,-1.0,-1.0,-1.0
témoin,AUDJPY,2025-03-26 01:00:00,1.3943427620632198,4.0,True,de nouveau +1 R,rien,0.0,1.0,0.0,0.5
témoin,AUDJPY,2025-07-14 15:00:00,1.3943427620632198,22.0,True,stop,stop,-1.0,1.0,0.0,0.5
Amirou,AUDJPY,2024-09-03 13:00:00,1.4622496147919826,,False,,stop,-1.0,-1.0,-1.0,-1.0
témoin,AUDJPY,2025-07-31 22:00:00,1.4622496147919826,,False,,stop,-1.0,-1.0,-1.0,-1.0
témoin,AUDJPY,2024-05-23 16:00:00,1.4622496147919826,79.0,True,stop,stop,-1.0,1.0,0.0,0.5
témoin,AUDJPY,2023-12-29 03:00:00,1.4622496147919826,,False,,stop,-1.0,-1.0,-1.0,-1.0
témoin,AUDJPY,2026-08-04 22:00:00,1.4622496147919826,73.0,False,,objectif,1.4622496147919826,1.0,1.4622496147919826,1.2311248073959913
témoin,AUDJPY,2026-03-13 10:00:00,1.4622496147919826,,False,,stop,-1.0,-1.0,-1.0,-1.0
témoin,AUDJPY,2024-05-20 17:00:00,1.4622496147919826,,False,,stop,-1.0,-1.0,-1.0,-1.0
témoin,AUDJPY,2025-10-22 09:00:00,1.4622496147919826,21.0,False,,objectif,1.4622496147919826,1.0,1.4622496147919826,1.2311248073959913
témoin,AUDJPY,2025-05-14 06:00:00,1.4622496147919826,,False,,stop,-1.0,-1.0,-1.0,-1.0
témoin,AUDJPY,2025-12-30 02:00:00,1.4622496147919826,115.0,False,,objectif,1.4622496147919826,1.0,1.4622496147919826,1.2311248073959913
témoin,AUDJPY,2024-05-09 05:00:00,1.4622496147919826,26.0,False,,objectif,1.4622496147919826,1.0,1.4622496147919826,1.2311248073959913
témoin,AUDJPY,2025-11-21 15:00:00,1.4622496147919826,31.0,True,de nouveau +1 R,rien,0.0,1.0,0.0,0.5
témoin,AUDJPY,2025-12-09 03:00:00,1.4622496147919826,11.0,False,,objectif,1.4622496147919826,1.0,1.4622496147919826,1.2311248073959913
témoin,AUDJPY,2026-09-18 21:00:00,1.4622496147919826,13.0,True,stop,stop,-1.0,1.0,0.0,0.5
témoin,AUDJPY,2024-09-19 11:00:00,1.4622496147919826,,False,,stop,-1.0,-1.0,-1.0,-1.0
témoin,AUDJPY,2025-02-24 01:00:00,1.4622496147919826,,False,,stop,-1.0,-1.0,-1.0,-1.0
témoin,AUDJPY,2024-04-30 03:00:00,1.4622496147919826,,False,,stop,-1.0,-1.0,-1.0,-1.0
témoin,AUDJPY,2024-01-01 21:00:00,1.4622496147919826,8.0,True,de nouveau +1 R,rien,0.0,1.0,0.0,0.5
témoin,AUDJPY,2024-01-31 22:00:00,1.4622496147919826,,False,,stop,-1.0,-1.0,-1.0,-1.0
témoin,AUDJPY,2025-03-13 03:00:00,1.4622496147919826,,False,,stop,-1.0,-1.0,-1.0,-1.0
témoin,AUDJPY,2024-06-10 11:00:00,1.4622496147919826,39.0,False,,objectif,1.4622496147919826,1.0,1.4622496147919826,1.2311248073959913
Amirou,AUDNZD,2024-09-09 10:00:00,3.0243902439022365,4.0,True,stop,stop,-1.0,1.0,0.0,0.5
témoin,AUDNZD,2025-12-31 06:00:00,3.0243902439022365,,False,,stop,-1.0,-1.0,-1.0,-1.0
témoin,AUDNZD,2024-06-25 13:00:00,3.0243902439022365,8.0,True,stop,stop,-1.0,1.0,0.0,0.5
témoin,AUDNZD,2025-09-04 12:00:00,3.0243902439022365,,False,,stop,-1.0,-1.0,-1.0,-1.0
témoin,AUDNZD,2025-06-06 08:00:00,3.0243902439022365,,False,,stop,-1.0,-1.0,-1.0,-1.0
témoin,AUDNZD,2024-11-12 08:00:00,3.0243902439022365,,False,,stop,-1.0,-1.0,-1.0,-1.0
témoin,AUDNZD,2025-03-12 14:00:00,3.0243902439022365,49.0,False,,objectif,3.0243902439022365,1.0,3.0243902439022365,2.0121951219511183
témoin,AUDNZD,2026-09-17 00:00:00,3.0243902439022365,,False,,stop,-1.0,-1.0,-1.0,-1.0
témoin,AUDNZD,2026-08-05 23:00:00,3.0243902439022365,11.0,True,de nouveau +1 R,rien,0.0,1.0,0.0,0.5
témoin,AUDNZD,2024-09-18 21:00:00,3.0243902439022365,,False,,stop,-1.0,-1.0,-1.0,-1.0
témoin,AUDNZD,2026-08-03 18:00:00,3.0243902439022365,3.0,True,stop,stop,-1.0,1.0,0.0,0.5
témoin,AUDNZD,2024-07-22 09:00:00,3.0243902439022365,36.0,True,stop,stop,-1.0,1.0,0.0,0.5
témoin,AUDNZD,2026-02-25 03:00:00,3.0243902439022365,,False,,stop,-1.0,-1.0,-1.0,-1.0
témoin,AUDNZD,2024-11-26 21:00:00,3.0243902439022365,4.0,False,,objectif,3.0243902439022365,1.0,3.0243902439022365,2.0121951219511183
témoin,AUDNZD,2025-10-21 11:00:00,3.0243902439022365,2.0,True,stop,stop,-1.0,1.0,0.0,0.5
témoin,AUDNZD,2025-09-30 12:00:00,3.0243902439022365,9.0,True,de nouveau +1 R,rien,0.0,1.0,0.0,0.5
témoin,AUDNZD,2026-04-14 20:00:00,3.0243902439022365,1.0,True,stop,stop,-1.0,1.0,0.0,0.5
témoin,AUDNZD,2025-01-01 18:00:00,3.0243902439022365,1.0,True,de nouveau +1 R,rien,0.0,1.0,0.0,0.5
témoin,AUDNZD,2026-07-17 14:00:00,3.0243902439022365,,False,,stop,-1.0,-1.0,-1.0,-1.0
témoin,AUDNZD,2026-05-19 22:00:00,3.0243902439022365,,False,,stop,-1.0,-1.0,-1.0,-1.0
témoin,AUDNZD,2024-01-08 04:00:00,3.0243902439022365,18.0,True,de nouveau +1 R,rien,0.0,1.0,0.0,0.5
Amirou,AUDNZD,2024-09-10 11:00:00,2.5749999999999917,,False,,stop,-1.0,-1.0,-1.0,-1.0
témoin,AUDNZD,2024-03-25 04:00:00,2.5749999999999917,,False,,stop,-1.0,-1.0,-1.0,-1.0
témoin,AUDNZD,2024-04-11 10:00:00,2.5749999999999917,4.0,True,de nouveau +1 R,rien,0.0,1.0,0.0,0.5
témoin,AUDNZD,2025-09-25 02:00:00,2.5749999999999917,,False,,stop,-1.0,-1.0,-1.0,-1.0
témoin,AUDNZD,2024-12-11 16:00:00,2.5749999999999917,7.0,True,de nouveau +1 R,objectif,2.5749999999999917,1.0,0.0,0.5
témoin,AUDNZD,2024-05-16 22:00:00,2.5749999999999917,24.0,True,de nouveau +1 R,rien,0.0,1.0,0.0,0.5
témoin,AUDNZD,2024-03-18 21:00:00,2.5749999999999917,27.0,False,,objectif,2.5749999999999917,1.0,2.5749999999999917,1.7874999999999959
témoin,AUDNZD,2026-06-24 20:00:00,2.5749999999999917,,False,,stop,-1.0,-1.0,-1.0,-1.0
témoin,AUDNZD,2025-08-08 10:00:00,2.5749999999999917,21.0,True,de nouveau +1 R,rien,0.0,1.0,0.0,0.5
témoin,AUDNZD,2024-01-18 00:00:00,2.5749999999999917,,False,,stop,-1.0,-1.0,-1.0,-1.0
témoin,AUDNZD,2024-09-02 23:00:00,2.5749999999999917,,False,,stop,-1.0,-1.0,-1.0,-1.0
témoin,AUDNZD,2025-10-06 20:00:00,2.5749999999999917,,False,,stop,-1.0,-1.0,-1.0,-1.0
témoin,AUDNZD,2024-09-05 19:00:00,2.5749999999999917,,False,,stop,-1.0,-1.0,-1.0,-1.0
témoin,AUDNZD,2026-01-21 19:00:00,2.5749999999999917,5.0,False,,objectif,2.5749999999999917,1.0,2.5749999999999917,1.7874999999999959
témoin,AUDNZD,2024-10-01 03:00:00,2.5749999999999917,,False,,stop,-1.0,-1.0,-1.0,-1.0
témoin,AUDNZD,2025-09-10 22:00:00,2.5749999999999917,9.0,True,de nouveau +1 R,rien,0.0,1.0,0.0,0.5
témoin,AUDNZD,2024-03-21 19:00:00,2.5749999999999917,,False,,stop,-1.0,-1.0,-1.0,-1.0
témoin,AUDNZD,2026-03-11 02:00:00,2.5749999999999917,1.0,False,,objectif,2.5749999999999917,1.0,2.5749999999999917,1.7874999999999959
témoin,AUDNZD,2025-12-30 04:00:00,2.5749999999999917,19.0,False,,objectif,2.5749999999999917,1.0,2.5749999999999917,1.7874999999999959
témoin,AUDNZD,2025-06-10 03:00:00,2.5749999999999917,,False,,stop,-1.0,-1.0,-1.0,-1.0
témoin,AUDNZD,2025-09-30 09:00:00,2.5749999999999917,4.0,True,stop,stop,-1.0,1.0,0.0,0.5
Amirou,EURNZD,2024-09-11 10:00:00,2.9803536345775616,17.0,True,de nouveau +1 R,rien,0.0,1.0,0.0,0.5
témoin,EURNZD,2024-02-19 16:00:00,2.9803536345775616,35.0,True,de nouveau +1 R,rien,0.0,1.0,0.0,0.5
témoin,EURNZD,2025-08-19 20:00:00,2.9803536345775616,,False,,stop,-1.0,-1.0,-1.0,-1.0
témoin,EURNZD,2025-03-20 16:00:00,2.9803536345775616,14.0,True,stop,stop,-1.0,1.0,0.0,0.5
témoin,EURNZD,2024-01-19 12:00:00,2.9803536345775616,,False,,stop,-1.0,-1.0,-1.0,-1.0
témoin,EURNZD,2024-01-15 15:00:00,2.9803536345775616,,False,,stop,-1.0,-1.0,-1.0,-1.0
témoin,EURNZD,2025-02-21 10:00:00,2.9803536345775616,,False,,stop,-1.0,-1.0,-1.0,-1.0
témoin,EURNZD,2025-12-12 12:00:00,2.9803536345775616,,False,,stop,-1.0,-1.0,-1.0,-1.0
témoin,EURNZD,2025-11-06 13:00:00,2.9803536345775616,,False,,stop,-1.0,-1.0,-1.0,-1.0
témoin,EURNZD,2024-06-10 18:00:00,2.9803536345775616,17.0,False,,objectif,2.9803536345775616,1.0,2.9803536345775616,1.9901768172887808
témoin,EURNZD,2024-05-22 06:00:00,2.9803536345775616,,False,,stop,-1.0,-1.0,-1.0,-1.0
témoin,EURNZD,2024-08-23 16:00:00,2.9803536345775616,35.0,False,,objectif,2.9803536345775616,1.0,2.9803536345775616,1.9901768172887808
témoin,EURNZD,2025-01-09 04:00:00,2.9803536345775616,,False,,stop,-1.0,-1.0,-1.0,-1.0
témoin,EURNZD,2024-05-02 15:00:00,2.9803536345775616,3.0,False,,objectif,2.9803536345775616,1.0,2.9803536345775616,1.9901768172887808
témoin,EURNZD,2024-01-05 09:00:00,2.9803536345775616,,False,,stop,-1.0,-1.0,-1.0,-1.0
témoin,EURNZD,2024-12-16 16:00:00,2.9803536345775616,,False,,stop,-1.0,-1.0,-1.0,-1.0
témoin,EURNZD,2024-03-07 16:00:00,2.9803536345775616,17.0,True,de nouveau +1 R,rien,0.0,1.0,0.0,0.5
témoin,EURNZD,2024-07-03 06:00:00,2.9803536345775616,,False,,stop,-1.0,-1.0,-1.0,-1.0
témoin,EURNZD,2024-07-22 13:00:00,2.9803536345775616,,False,,stop,-1.0,-1.0,-1.0,-1.0
témoin,EURNZD,2025-01-07 03:00:00,2.9803536345775616,5.0,True,stop,stop,-1.0,1.0,0.0,0.5
témoin,EURNZD,2025-02-06 20:00:00,2.9803536345775616,5.0,True,de nouveau +1 R,rien,0.0,1.0,0.0,0.5
Amirou,EURNZD,2024-09-11 20:00:00,7.041019955654075,116.0,True,de nouveau +1 R,rien,0.0,1.0,0.0,0.5
témoin,EURNZD,2024-02-07 11:00:00,7.041019955654075,45.0,True,de nouveau +1 R,rien,0.0,1.0,0.0,0.5
témoin,EURNZD,2025-03-27 15:00:00,7.041019955654075,,False,,stop,-1.0,-1.0,-1.0,-1.0
témoin,EURNZD,2026-06-22 01:00:00,7.041019955654075,,False,,stop,-1.0,-1.0,-1.0,-1.0
témoin,EURNZD,2026-05-28 08:00:00,7.041019955654075,12.0,True,stop,stop,-1.0,1.0,0.0,0.5
témoin,EURNZD,2024-05-06 07:00:00,7.041019955654075,171.0,False,,rien,0.0,1.0,0.0,0.5
témoin,EURNZD,2024-10-30 16:00:00,7.041019955654075,,False,,stop,-1.0,-1.0,-1.0,-1.0
témoin,EURNZD,2025-10-08 11:00:00,7.041019955654075,15.0,True,stop,stop,-1.0,1.0,0.0,0.5
témoin,EURNZD,2024-01-08 13:00:00,7.041019955654075,9.0,True,de nouveau +1 R,rien,0.0,1.0,0.0,0.5
témoin,EURNZD,2025-07-17 07:00:00,7.041019955654075,27.0,True,stop,stop,-1.0,1.0,0.0,0.5
témoin,EURNZD,2026-03-31 03:00:00,7.041019955654075,,False,,stop,-1.0,-1.0,-1.0,-1.0
témoin,EURNZD,2026-02-19 07:00:00,7.041019955654075,217.0,False,,rien,0.0,1.0,0.0,0.5
témoin,EURNZD,2024-02-16 09:00:00,7.041019955654075,19.0,True,stop,stop,-1.0,1.0,0.0,0.5
témoin,EURNZD,2024-09-18 02:00:00,7.041019955654075,24.0,True,de nouveau +1 R,rien,0.0,1.0,0.0,0.5
témoin,EURNZD,2024-03-19 16:00:00,7.041019955654075,,False,,stop,-1.0,-1.0,-1.0,-1.0
témoin,EURNZD,2025-05-06 19:00:00,7.041019955654075,3.0,True,stop,stop,-1.0,1.0,0.0,0.5
témoin,EURNZD,2026-08-17 01:00:00,7.041019955654075,,False,,stop,-1.0,-1.0,-1.0,-1.0
témoin,EURNZD,2026-03-03 10:00:00,7.041019955654075,30.0,True,de nouveau +1 R,rien,0.0,1.0,0.0,0.5
témoin,EURNZD,2026-01-14 23:00:00,7.041019955654075,28.0,False,,rien,0.0,1.0,0.0,0.5
témoin,EURNZD,2026-01-14 18:00:00,7.041019955654075,29.0,False,,rien,0.0,1.0,0.0,0.5
témoin,EURNZD,2024-11-20 19:00:00,7.041019955654075,38.0,True,stop,stop,-1.0,1.0,0.0,0.5
Amirou,GBPUSD,2024-09-12 14:00:00,3.0317460317458864,,False,,stop,-1.0,-1.0,-1.0,-1.0
témoin,GBPUSD,2026-08-31 09:00:00,3.0317460317458864,31.0,True,de nouveau +1 R,rien,0.0,1.0,0.0,0.5
témoin,GBPUSD,2024-04-26 17:00:00,3.0317460317458864,,False,,stop,-1.0,-1.0,-1.0,-1.0
témoin,GBPUSD,2024-05-01 19:00:00,3.0317460317458864,1.0,True,stop,stop,-1.0,1.0,0.0,0.5
témoin,GBPUSD,2025-01-09 17:00:00,3.0317460317458864,12.0,True,de nouveau +1 R,objectif,3.0317460317458864,1.0,0.0,0.5
témoin,GBPUSD,2025-03-25 20:00:00,3.0317460317458864,11.0,False,,objectif,3.0317460317458864,1.0,3.0317460317458864,2.015873015872943
témoin,GBPUSD,2024-11-21 12:00:00,3.0317460317458864,4.0,False,,objectif,3.0317460317458864,1.0,3.0317460317458864,2.015873015872943
témoin,GBPUSD,2025-04-03 12:00:00,3.0317460317458864,1.0,False,,objectif,3.0317460317458864,1.0,3.0317460317458864,2.015873015872943
témoin,GBPUSD,2026-05-19 04:00:00,3.0317460317458864,5.0,True,de nouveau +1 R,rien,0.0,1.0,0.0,0.5
témoin,GBPUSD,2025-03-28 17:00:00,3.0317460317458864,,False,,stop,-1.0,-1.0,-1.0,-1.0
témoin,GBPUSD,2025-02-11 14:00:00,3.0317460317458864,,False,,stop,-1.0,-1.0,-1.0,-1.0
témoin,GBPUSD,2025-09-18 15:00:00,3.0317460317458864,15.0,False,,objectif,3.0317460317458864,1.0,3.0317460317458864,2.015873015872943
témoin,GBPUSD,2024-03-07 17:00:00,3.0317460317458864,,False,,stop,-1.0,-1.0,-1.0,-1.0
témoin,GBPUSD,2026-06-05 07:00:00,3.0317460317458864,,False,,stop,-1.0,-1.0,-1.0,-1.0
témoin,GBPUSD,2026-07-09 19:00:00,3.0317460317458864,,False,,stop,-1.0,-1.0,-1.0,-1.0
témoin,GBPUSD,2024-01-08 01:00:00,3.0317460317458864,7.0,True,stop,stop,-1.0,1.0,0.0,0.5
témoin,GBPUSD,2025-09-03 20:00:00,3.0317460317458864,,False,,stop,-1.0,-1.0,-1.0,-1.0
témoin,GBPUSD,2026-09-17 01:00:00,3.0317460317458864,,False,,stop,-1.0,-1.0,-1.0,-1.0
témoin,GBPUSD,2024-04-11 14:00:00,3.0317460317458864,1.0,True,de nouveau +1 R,rien,0.0,1.0,0.0,0.5
témoin,GBPUSD,2024-05-16 16:00:00,3.0317460317458864,10.0,True,stop,stop,-1.0,1.0,0.0,0.5
témoin,GBPUSD,2024-04-09 02:00:00,3.0317460317458864,,False,,stop,-1.0,-1.0,-1.0,-1.0
Amirou,GBPAUD,2024-09-18 17:00:00,4.089320388349539,,False,,stop,-1.0,-1.0,-1.0,-1.0
témoin,GBPAUD,2026-06-30 00:00:00,4.089320388349539,,False,,stop,-1.0,-1.0,-1.0,-1.0
témoin,GBPAUD,2025-03-27 08:00:00,4.089320388349539,4.0,False,,objectif,4.089320388349539,1.0,4.089320388349539,2.5446601941747695
témoin,GBPAUD,2026-08-05 22:00:00,4.089320388349539,13.0,True,de nouveau +1 R,rien,0.0,1.0,0.0,0.5
témoin,GBPAUD,2024-03-15 18:00:00,4.089320388349539,32.0,True,stop,stop,-1.0,1.0,0.0,0.5
témoin,GBPAUD,2025-11-05 15:00:00,4.089320388349539,20.0,False,,objectif,4.089320388349539,1.0,4.089320388349539,2.5446601941747695
témoin,GBPAUD,2025-09-10 18:00:00,4.089320388349539,,False,,stop,-1.0,-1.0,-1.0,-1.0
témoin,GBPAUD,2025-06-06 13:00:00,4.089320388349539,,False,,stop,-1.0,-1.0,-1.0,-1.0
témoin,GBPAUD,2025-08-26 16:00:00,4.089320388349539,,False,,stop,-1.0,-1.0,-1.0,-1.0
témoin,GBPAUD,2024-04-19 11:00:00,4.089320388349539,,False,,stop,-1.0,-1.0,-1.0,-1.0
témoin,GBPAUD,2024-01-16 22:00:00,4.089320388349539,9.0,False,,objectif,4.089320388349539,1.0,4.089320388349539,2.5446601941747695
témoin,GBPAUD,2025-08-27 15:00:00,4.089320388349539,,False,,stop,-1.0,-1.0,-1.0,-1.0
témoin,GBPAUD,2026-03-06 22:00:00,4.089320388349539,,False,,stop,-1.0,-1.0,-1.0,-1.0
témoin,GBPAUD,2026-06-09 05:00:00,4.089320388349539,4.0,True,stop,stop,-1.0,1.0,0.0,0.5
témoin,GBPAUD,2026-02-16 05:00:00,4.089320388349539,21.0,True,stop,stop,-1.0,1.0,0.0,0.5
témoin,GBPAUD,2025-03-21 20:00:00,4.089320388349539,,False,,stop,-1.0,-1.0,-1.0,-1.0
témoin,GBPAUD,2026-06-24 18:00:00,4.089320388349539,,False,,stop,-1.0,-1.0,-1.0,-1.0
témoin,GBPAUD,2024-01-17 17:00:00,4.089320388349539,,False,,stop,-1.0,-1.0,-1.0,-1.0
témoin,GBPAUD,2025-10-20 14:00:00,4.089320388349539,,False,,stop,-1.0,-1.0,-1.0,-1.0
témoin,GBPAUD,2025-05-14 11:00:00,4.089320388349539,18.0,False,,objectif,4.089320388349539,1.0,4.089320388349539,2.5446601941747695
témoin,GBPAUD,2025-11-11 17:00:00,4.089320388349539,,False,,stop,-1.0,-1.0,-1.0,-1.0
Amirou,GBPJPY,2024-10-07 13:00:00,1.0807071483474397,47.0,False,,objectif,1.0807071483474397,1.0,1.0807071483474397,1.0403535741737198
témoin,GBPJPY,2026-05-13 09:00:00,1.0807071483474397,,False,,stop,-1.0,-1.0,-1.0,-1.0
témoin,GBPJPY,2024-05-29 08:00:00,1.0807071483474397,,False,,stop,-1.0,-1.0,-1.0,-1.0
témoin,GBPJPY,2026-02-11 13:00:00,1.0807071483474397,,False,,stop,-1.0,-1.0,-1.0,-1.0
témoin,GBPJPY,2024-01-10 03:00:00,1.0807071483474397,12.0,False,,objectif,1.0807071483474397,1.0,1.0807071483474397,1.0403535741737198
témoin,GBPJPY,2025-03-24 22:00:00,1.0807071483474397,,False,,stop,-1.0,-1.0,-1.0,-1.0
témoin,GBPJPY,2024-02-20 21:00:00,1.0807071483474397,35.0,False,,objectif,1.0807071483474397,1.0,1.0807071483474397,1.0403535741737198
témoin,GBPJPY,2024-08-19 22:00:00,1.0807071483474397,,False,,stop,-1.0,-1.0,-1.0,-1.0
témoin,GBPJPY,2026-08-17 21:00:00,1.0807071483474397,123.0,False,,objectif,1.0807071483474397,1.0,1.0807071483474397,1.0403535741737198
témoin,GBPJPY,2025-01-30 06:00:00,1.0807071483474397,,False,,stop,-1.0,-1.0,-1.0,-1.0
témoin,GBPJPY,2025-09-26 18:00:00,1.0807071483474397,,False,,stop,-1.0,-1.0,-1.0,-1.0
témoin,GBPJPY,2026-08-06 00:00:00,1.0807071483474397,51.0,False,,objectif,1.0807071483474397,1.0,1.0807071483474397,1.0403535741737198
témoin,GBPJPY,2026-07-30 05:00:00,1.0807071483474397,,False,,stop,-1.0,-1.0,-1.0,-1.0
témoin,GBPJPY,2024-03-15 00:00:00,1.0807071483474397,49.0,False,,objectif,1.0807071483474397,1.0,1.0807071483474397,1.0403535741737198
témoin,GBPJPY,2024-12-02 20:00:00,1.0807071483474397,33.0,False,,objectif,1.0807071483474397,1.0,1.0807071483474397,1.0403535741737198
témoin,GBPJPY,2026-09-16 09:00:00,1.0807071483474397,44.0,False,,objectif,1.0807071483474397,1.0,1.0807071483474397,1.0403535741737198
témoin,GBPJPY,2026-01-16 07:00:00,1.0807071483474397,47.0,False,,objectif,1.0807071483474397,1.0,1.0807071483474397,1.0403535741737198
témoin,GBPJPY,2025-02-12 22:00:00,1.0807071483474397,,False,,stop,-1.0,-1.0,-1.0,-1.0
témoin,GBPJPY,2024-02-20 18:00:00,1.0807071483474397,38.0,False,,objectif,1.0807071483474397,1.0,1.0807071483474397,1.0403535741737198
témoin,GBPJPY,2025-09-30 12:00:00,1.0807071483474397,,False,,stop,-1.0,-1.0,-1.0,-1.0
témoin,GBPJPY,2024-05-31 02:00:00,1.0807071483474397,24.0,True,stop,stop,-1.0,1.0,0.0,0.5
Amirou,GBPJPY,2024-10-07 16:00:00,3.088457389428288,,False,,stop,-1.0,-1.0,-1.0,-1.0
témoin,GBPJPY,2026-06-19 04:00:00,3.088457389428288,19.0,True,de nouveau +1 R,rien,0.0,1.0,0.0,0.5
témoin,GBPJPY,2024-09-19 23:00:00,3.088457389428288,7.0,False,,objectif,3.088457389428288,1.0,3.088457389428288,2.044228694714144
témoin,GBPJPY,2025-03-11 11:00:00,3.088457389428288,7.0,True,de nouveau +1 R,rien,0.0,1.0,0.0,0.5
témoin,GBPJPY,2025-06-24 01:00:00,3.088457389428288,31.0,True,stop,stop,-1.0,1.0,0.0,0.5
témoin,GBPJPY,2025-04-23 22:00:00,3.088457389428288,29.0,False,,objectif,3.088457389428288,1.0,3.088457389428288,2.044228694714144
témoin,GBPJPY,2025-07-01 04:00:00,3.088457389428288,,False,,stop,-1.0,-1.0,-1.0,-1.0
témoin,GBPJPY,2026-03-10 10:00:00,3.088457389428288,31.0,True,stop,stop,-1.0,1.0,0.0,0.5
témoin,GBPJPY,2025-05-02 01:00:00,3.088457389428288,,False,,stop,-1.0,-1.0,-1.0,-1.0
témoin,GBPJPY,2024-11-20 12:00:00,3.088457389428288,,False,,stop,-1.0,-1.0,-1.0,-1.0
témoin,GBPJPY,2025-02-17 17:00:00,3.088457389428288,15.0,True,de nouveau +1 R,rien,0.0,1.0,0.0,0.5
témoin,GBPJPY,2026-02-26 16:00:00,3.088457389428288,,False,,stop,-1.0,-1.0,-1.0,-1.0
témoin,GBPJPY,2025-07-18 06:00:00,3.088457389428288,,False,,stop,-1.0,-1.0,-1.0,-1.0
témoin,GBPJPY,2025-03-27 18:00:00,3.088457389428288,,False,,stop,-1.0,-1.0,-1.0,-1.0
témoin,GBPJPY,2026-08-19 10:00:00,3.088457389428288,28.0,True,stop,stop,-1.0,1.0,0.0,0.5
témoin,GBPJPY,2024-08-28 06:00:00,3.088457389428288,60.0,True,stop,stop,-1.0,1.0,0.0,0.5
témoin,GBPJPY,2025-03-21 16:00:00,3.088457389428288,1.0,False,,objectif,3.088457389428288,1.0,3.088457389428288,2.044228694714144
témoin,GBPJPY,2026-08-11 18:00:00,3.088457389428288,89.0,True,de nouveau +1 R,rien,0.0,1.0,0.0,0.5
témoin,GBPJPY,2026-04-10 04:00:00,3.088457389428288,15.0,False,,rien,0.0,1.0,0.0,0.5
témoin,GBPJPY,2025-07-17 21:00:00,3.088457389428288,,False,,stop,-1.0,-1.0,-1.0,-1.0
témoin,GBPJPY,2024-02-09 22:00:00,3.088457389428288,35.0,True,de nouveau +1 R,rien,0.0,1.0,0.0,0.5
Amirou,AUDJPY,2024-10-25 05:00:00,4.594117647058912,4.0,True,de nouveau +1 R,rien,0.0,1.0,0.0,0.5
témoin,AUDJPY,2025-07-01 04:00:00,4.594117647058912,,False,,stop,-1.0,-1.0,-1.0,-1.0
témoin,AUDJPY,2025-01-08 23:00:00,4.594117647058912,,False,,stop,-1.0,-1.0,-1.0,-1.0
témoin,AUDJPY,2026-08-20 17:00:00,4.594117647058912,15.0,True,stop,stop,-1.0,1.0,0.0,0.5
témoin,AUDJPY,2025-07-03 08:00:00,4.594117647058912,5.0,True,de nouveau +1 R,rien,0.0,1.0,0.0,0.5
témoin,AUDJPY,2025-07-17 10:00:00,4.594117647058912,15.0,True,stop,stop,-1.0,1.0,0.0,0.5
témoin,AUDJPY,2025-09-02 11:00:00,4.594117647058912,25.0,True,de nouveau +1 R,rien,0.0,1.0,0.0,0.5
témoin,AUDJPY,2025-01-31 02:00:00,4.594117647058912,3.0,True,stop,stop,-1.0,1.0,0.0,0.5
témoin,AUDJPY,2024-08-23 12:00:00,4.594117647058912,,False,,stop,-1.0,-1.0,-1.0,-1.0
témoin,AUDJPY,2025-05-15 04:00:00,4.594117647058912,,False,,stop,-1.0,-1.0,-1.0,-1.0
témoin,AUDJPY,2025-01-22 17:00:00,4.594117647058912,,False,,stop,-1.0,-1.0,-1.0,-1.0
témoin,AUDJPY,2026-04-02 20:00:00,4.594117647058912,58.0,False,,objectif,4.594117647058912,1.0,4.594117647058912,2.797058823529456
témoin,AUDJPY,2026-07-30 07:00:00,4.594117647058912,,False,,stop,-1.0,-1.0,-1.0,-1.0
témoin,AUDJPY,2025-03-31 13:00:00,4.594117647058912,5.0,True,de nouveau +1 R,rien,0.0,1.0,0.0,0.5
témoin,AUDJPY,2025-10-01 00:00:00,4.594117647058912,,False,,stop,-1.0,-1.0,-1.0,-1.0
témoin,AUDJPY,2024-06-28 15:00:00,4.594117647058912,58.0,True,stop,stop,-1.0,1.0,0.0,0.5
témoin,AUDJPY,2025-07-29 00:00:00,4.594117647058912,,False,,stop,-1.0,-1.0,-1.0,-1.0
témoin,AUDJPY,2024-05-20 06:00:00,4.594117647058912,,False,,stop,-1.0,-1.0,-1.0,-1.0
témoin,AUDJPY,2024-02-20 17:00:00,4.594117647058912,38.0,True,stop,stop,-1.0,1.0,0.0,0.5
témoin,AUDJPY,2024-07-10 03:00:00,4.594117647058912,,False,,stop,-1.0,-1.0,-1.0,-1.0
témoin,AUDJPY,2024-02-07 08:00:00,4.594117647058912,23.0,False,,rien,0.0,1.0,0.0,0.5
Amirou,GBPJPY,2024-11-15 07:00:00,3.251953125000037,,False,,stop,-1.0,-1.0,-1.0,-1.0
témoin,GBPJPY,2026-05-07 11:00:00,3.251953125000037,,False,,stop,-1.0,-1.0,-1.0,-1.0
témoin,GBPJPY,2024-07-16 16:00:00,3.251953125000037,,False,,stop,-1.0,-1.0,-1.0,-1.0
témoin,GBPJPY,2026-06-26 09:00:00,3.251953125000037,23.0,False,,objectif,3.251953125000037,1.0,3.251953125000037,2.1259765625000187
témoin,GBPJPY,2024-05-02 16:00:00,3.251953125000037,4.0,True,stop,stop,-1.0,1.0,0.0,0.5
témoin,GBPJPY,2025-10-23 01:00:00,3.251953125000037,5.0,True,stop,stop,-1.0,1.0,0.0,0.5
témoin,GBPJPY,2026-09-04 18:00:00,3.251953125000037,,False,,stop,-1.0,-1.0,-1.0,-1.0
témoin,GBPJPY,2024-04-05 04:00:00,3.251953125000037,11.0,False,,objectif,3.251953125000037,1.0,3.251953125000037,2.1259765625000187
témoin,GBPJPY,2023-12-18 23:00:00,3.251953125000037,,False,,stop,-1.0,-1.0,-1.0,-1.0
témoin,GBPJPY,2024-09-26 14:00:00,3.251953125000037,1.0,False,,objectif,3.251953125000037,1.0,3.251953125000037,2.1259765625000187
témoin,GBPJPY,2024-12-18 14:00:00,3.251953125000037,,False,,stop,-1.0,-1.0,-1.0,-1.0
témoin,GBPJPY,2025-04-21 02:00:00,3.251953125000037,8.0,True,de nouveau +1 R,rien,0.0,1.0,0.0,0.5
témoin,GBPJPY,2024-02-13 19:00:00,3.251953125000037,,False,,stop,-1.0,-1.0,-1.0,-1.0
témoin,GBPJPY,2024-02-23 09:00:00,3.251953125000037,26.0,True,stop,stop,-1.0,1.0,0.0,0.5
témoin,GBPJPY,2025-09-22 17:00:00,3.251953125000037,46.0,True,stop,stop,-1.0,1.0,0.0,0.5
témoin,GBPJPY,2024-03-15 02:00:00,3.251953125000037,,False,,stop,-1.0,-1.0,-1.0,-1.0
témoin,GBPJPY,2024-02-01 07:00:00,3.251953125000037,,False,,stop,-1.0,-1.0,-1.0,-1.0
témoin,GBPJPY,2025-01-07 02:00:00,3.251953125000037,,False,,stop,-1.0,-1.0,-1.0,-1.0
témoin,GBPJPY,2024-02-22 21:00:00,3.251953125000037,14.0,True,de nouveau +1 R,rien,0.0,1.0,0.0,0.5
témoin,GBPJPY,2024-05-13 11:00:00,3.251953125000037,3.0,False,,objectif,3.251953125000037,1.0,3.251953125000037,2.1259765625000187
témoin,GBPJPY,2024-03-06 03:00:00,3.251953125000037,,False,,stop,-1.0,-1.0,-1.0,-1.0
Amirou,EURNZD,2024-11-25 23:00:00,3.1471321695760244,1.0,True,de nouveau +1 R,rien,0.0,1.0,0.0,0.5
témoin,EURNZD,2025-04-18 06:00:00,3.1471321695760244,1.0,True,stop,stop,-1.0,1.0,0.0,0.5
témoin,EURNZD,2024-09-16 09:00:00,3.1471321695760244,22.0,True,de nouveau +1 R,rien,0.0,1.0,0.0,0.5
témoin,EURNZD,2026-04-03 18:00:00,3.1471321695760244,2.0,False,,objectif,3.1471321695760244,1.0,3.1471321695760244,2.073566084788012
témoin,EURNZD,2025-07-21 04:00:00,3.1471321695760244,,False,,stop,-1.0,-1.0,-1.0,-1.0
témoin,EURNZD,2024-11-15 07:00:00,3.1471321695760244,14.0,True,stop,stop,-1.0,1.0,0.0,0.5
témoin,EURNZD,2026-03-10 06:00:00,3.1471321695760244,1.0,True,de nouveau +1 R,rien,0.0,1.0,0.0,0.5
témoin,EURNZD,2024-07-04 04:00:00,3.1471321695760244,,False,,stop,-1.0,-1.0,-1.0,-1.0
témoin,EURNZD,2024-09-11 01:00:00,3.1471321695760244,,False,,stop,-1.0,-1.0,-1.0,-1.0
témoin,EURNZD,2024-05-06 05:00:00,3.1471321695760244,1.0,True,de nouveau +1 R,rien,0.0,1.0,0.0,0.5
témoin,EURNZD,2024-09-26 13:00:00,3.1471321695760244,,False,,stop,-1.0,-1.0,-1.0,-1.0
témoin,EURNZD,2025-02-03 06:00:00,3.1471321695760244,1.0,False,,objectif,3.1471321695760244,1.0,3.1471321695760244,2.073566084788012
témoin,EURNZD,2026-03-27 20:00:00,3.1471321695760244,,False,,stop,-1.0,-1.0,-1.0,-1.0
témoin,EURNZD,2024-12-13 16:00:00,3.1471321695760244,15.0,True,stop,stop,-1.0,1.0,0.0,0.5
témoin,EURNZD,2026-01-07 16:00:00,3.1471321695760244,,False,,stop,-1.0,-1.0,-1.0,-1.0
témoin,EURNZD,2026-04-17 18:00:00,3.1471321695760244,,False,,stop,-1.0,-1.0,-1.0,-1.0
témoin,EURNZD,2024-04-23 00:00:00,3.1471321695760244,,False,,stop,-1.0,-1.0,-1.0,-1.0
témoin,EURNZD,2025-12-19 06:00:00,3.1471321695760244,,False,,stop,-1.0,-1.0,-1.0,-1.0
témoin,EURNZD,2026-03-10 21:00:00,3.1471321695760244,17.0,True,de nouveau +1 R,rien,0.0,1.0,0.0,0.5
témoin,EURNZD,2024-12-05 02:00:00,3.1471321695760244,,False,,stop,-1.0,-1.0,-1.0,-1.0
témoin,EURNZD,2026-04-03 17:00:00,3.1471321695760244,3.0,False,,objectif,3.1471321695760244,1.0,3.1471321695760244,2.073566084788012
Amirou,EURAUD,2024-11-29 06:00:00,4.025999999999903,22.0,True,de nouveau +1 R,rien,0.0,1.0,0.0,0.5
témoin,EURAUD,2026-06-18 00:00:00,4.025999999999903,12.0,True,stop,stop,-1.0,1.0,0.0,0.5
témoin,EURAUD,2024-09-19 19:00:00,4.025999999999903,,False,,stop,-1.0,-1.0,-1.0,-1.0
témoin,EURAUD,2026-07-29 08:00:00,4.025999999999903,,False,,stop,-1.0,-1.0,-1.0,-1.0
témoin,EURAUD,2026-06-23 03:00:00,4.025999999999903,,False,,stop,-1.0,-1.0,-1.0,-1.0
témoin,EURAUD,2024-09-20 01:00:00,4.025999999999903,24.0,False,,objectif,4.025999999999903,1.0,4.025999999999903,2.5129999999999515
témoin,EURAUD,2025-05-16 10:00:00,4.025999999999903,,False,,stop,-1.0,-1.0,-1.0,-1.0
témoin,EURAUD,2025-12-02 22:00:00,4.025999999999903,26.0,False,,objectif,4.025999999999903,1.0,4.025999999999903,2.5129999999999515
témoin,EURAUD,2024-10-16 08:00:00,4.025999999999903,,False,,stop,-1.0,-1.0,-1.0,-1.0
témoin,EURAUD,2024-07-25 17:00:00,4.025999999999903,49.0,True,stop,stop,-1.0,1.0,0.0,0.5
témoin,EURAUD,2024-06-07 13:00:00,4.025999999999903,11.0,False,,objectif,4.025999999999903,1.0,4.025999999999903,2.5129999999999515
témoin,EURAUD,2025-03-28 12:00:00,4.025999999999903,,False,,stop,-1.0,-1.0,-1.0,-1.0
témoin,EURAUD,2025-04-16 23:00:00,4.025999999999903,,False,,stop,-1.0,-1.0,-1.0,-1.0
témoin,EURAUD,2025-12-11 14:00:00,4.025999999999903,,False,,stop,-1.0,-1.0,-1.0,-1.0
témoin,EURAUD,2024-12-27 11:00:00,4.025999999999903,14.0,True,de nouveau +1 R,rien,0.0,1.0,0.0,0.5
témoin,EURAUD,2025-04-23 09:00:00,4.025999999999903,4.0,True,stop,stop,-1.0,1.0,0.0,0.5
témoin,EURAUD,2025-09-02 22:00:00,4.025999999999903,26.0,True,stop,stop,-1.0,1.0,0.0,0.5
témoin,EURAUD,2026-01-01 05:00:00,4.025999999999903,9.0,False,,objectif,4.025999999999903,1.0,4.025999999999903,2.5129999999999515
témoin,EURAUD,2025-04-30 11:00:00,4.025999999999903,,False,,stop,-1.0,-1.0,-1.0,-1.0
témoin,EURAUD,2024-06-17 19:00:00,4.025999999999903,10.0,False,,objectif,4.025999999999903,1.0,4.025999999999903,2.5129999999999515
témoin,EURAUD,2024-01-23 07:00:00,4.025999999999903,,False,,stop,-1.0,-1.0,-1.0,-1.0
Amirou,EURUSD,2024-12-06 15:00:00,2.674342105263208,18.0,True,stop,stop,-1.0,1.0,0.0,0.5
témoin,EURUSD,2025-05-05 19:00:00,2.674342105263208,,False,,stop,-1.0,-1.0,-1.0,-1.0
témoin,EURUSD,2026-04-07 04:00:00,2.674342105263208,4.0,False,,objectif,2.674342105263208,1.0,2.674342105263208,1.837171052631604
témoin,EURUSD,2025-07-16 12:00:00,2.674342105263208,,False,,stop,-1.0,-1.0,-1.0,-1.0
témoin,EURUSD,2024-02-07 01:00:00,2.674342105263208,60.0,True,stop,stop,-1.0,1.0,0.0,0.5
témoin,EURUSD,2024-03-28 17:00:00,2.674342105263208,,False,,stop,-1.0,-1.0,-1.0,-1.0
témoin,EURUSD,2026-04-01 05:00:00,2.674342105263208,2.0,True,stop,stop,-1.0,1.0,0.0,0.5
témoin,EURUSD,2024-10-24 03:00:00,2.674342105263208,14.0,True,de nouveau +1 R,rien,0.0,1.0,0.0,0.5
témoin,EURUSD,2026-03-17 13:00:00,2.674342105263208,,False,,stop,-1.0,-1.0,-1.0,-1.0
témoin,EURUSD,2024-05-30 23:00:00,2.674342105263208,13.0,True,de nouveau +1 R,rien,0.0,1.0,0.0,0.5
témoin,EURUSD,2026-07-07 19:00:00,2.674342105263208,54.0,True,stop,stop,-1.0,1.0,0.0,0.5
témoin,EURUSD,2024-06-07 21:00:00,2.674342105263208,,False,,stop,-1.0,-1.0,-1.0,-1.0
témoin,EURUSD,2025-10-16 04:00:00,2.674342105263208,13.0,True,stop,stop,-1.0,1.0,0.0,0.5
témoin,EURUSD,2025-03-11 19:00:00,2.674342105263208,,False,,stop,-1.0,-1.0,-1.0,-1.0
témoin,EURUSD,2024-05-27 04:00:00,2.674342105263208,24.0,True,stop,stop,-1.0,1.0,0.0,0.5
témoin,EURUSD,2024-11-18 22:00:00,2.674342105263208,,False,,stop,-1.0,-1.0,-1.0,-1.0
témoin,EURUSD,2025-03-06 01:00:00,2.674342105263208,12.0,True,de nouveau +1 R,rien,0.0,1.0,0.0,0.5
témoin,EURUSD,2024-07-31 12:00:00,2.674342105263208,,False,,stop,-1.0,-1.0,-1.0,-1.0
témoin,EURUSD,2025-03-04 07:00:00,2.674342105263208,1.0,False,,objectif,2.674342105263208,1.0,2.674342105263208,1.837171052631604
témoin,EURUSD,2024-04-17 06:00:00,2.674342105263208,2.0,True,de nouveau +1 R,rien,0.0,1.0,0.0,0.5
témoin,EURUSD,2025-09-15 01:00:00,2.674342105263208,9.0,False,,objectif,2.674342105263208,1.0,2.674342105263208,1.837171052631604
Amirou,AUDNZD,2024-12-09 23:00:00,2.1421319796954026,49.0,True,de nouveau +1 R,rien,0.0,1.0,0.0,0.5
témoin,AUDNZD,2026-08-03 07:00:00,2.1421319796954026,,False,,stop,-1.0,-1.0,-1.0,-1.0
témoin,AUDNZD,2025-01-01 15:00:00,2.1421319796954026,43.0,True,stop,stop,-1.0,1.0,0.0,0.5
témoin,AUDNZD,2025-03-12 16:00:00,2.1421319796954026,,False,,stop,-1.0,-1.0,-1.0,-1.0
témoin,AUDNZD,2025-10-24 08:00:00,2.1421319796954026,14.0,False,,objectif,2.1421319796954026,1.0,2.1421319796954026,1.5710659898477013
témoin,AUDNZD,2026-07-13 16:00:00,2.1421319796954026,,False,,stop,-1.0,-1.0,-1.0,-1.0
témoin,AUDNZD,2024-07-08 07:00:00,2.1421319796954026,43.0,False,,objectif,2.1421319796954026,1.0,2.1421319796954026,1.5710659898477013
témoin,AUDNZD,2024-05-20 12:00:00,2.1421319796954026,,False,,stop,-1.0,-1.0,-1.0,-1.0
témoin,AUDNZD,2024-12-04 18:00:00,2.1421319796954026,,False,,stop,-1.0,-1.0,-1.0,-1.0
témoin,AUDNZD,2026-08-06 01:00:00,2.1421319796954026,,False,,stop,-1.0,-1.0,-1.0,-1.0
témoin,AUDNZD,2025-06-12 22:00:00,2.1421319796954026,97.0,False,,rien,0.0,1.0,0.0,0.5
témoin,AUDNZD,2024-02-20 05:00:00,2.1421319796954026,,False,,stop,-1.0,-1.0,-1.0,-1.0
témoin,AUDNZD,2025-02-17 21:00:00,2.1421319796954026,6.0,False,,objectif,2.1421319796954026,1.0,2.1421319796954026,1.5710659898477013
témoin,AUDNZD,2026-08-24 01:00:00,2.1421319796954026,,False,,stop,-1.0,-1.0,-1.0,-1.0
témoin,AUDNZD,2024-04-16 15:00:00,2.1421319796954026,120.0,False,,objectif,2.1421319796954026,1.0,2.1421319796954026,1.5710659898477013
témoin,AUDNZD,2024-08-05 15:00:00,2.1421319796954026,2.0,False,,objectif,2.1421319796954026,1.0,2.1421319796954026,1.5710659898477013
témoin,AUDNZD,2026-08-14 02:00:00,2.1421319796954026,,False,,stop,-1.0,-1.0,-1.0,-1.0
témoin,AUDNZD,2024-02-05 16:00:00,2.1421319796954026,,False,,stop,-1.0,-1.0,-1.0,-1.0
témoin,AUDNZD,2025-11-10 14:00:00,2.1421319796954026,,False,,stop,-1.0,-1.0,-1.0,-1.0
témoin,AUDNZD,2025-06-03 17:00:00,2.1421319796954026,,False,,rien,0.0,0.0,0.0,0.0
témoin,AUDNZD,2026-04-02 04:00:00,2.1421319796954026,16.0,False,,objectif,2.1421319796954026,1.0,2.1421319796954026,1.5710659898477013
Amirou,EURAUD,2024-12-10 03:00:00,2.010322580645114,,False,,stop,-1.0,-1.0,-1.0,-1.0
témoin,EURAUD,2026-06-25 05:00:00,2.010322580645114,,False,,stop,-1.0,-1.0,-1.0,-1.0
témoin,EURAUD,2024-12-09 17:00:00,2.010322580645114,,False,,stop,-1.0,-1.0,-1.0,-1.0
témoin,EURAUD,2024-10-14 00:00:00,2.010322580645114,,False,,stop,-1.0,-1.0,-1.0,-1.0
témoin,EURAUD,2026-07-24 04:00:00,2.010322580645114,,False,,stop,-1.0,-1.0,-1.0,-1.0
témoin,EURAUD,2025-08-14 13:00:00,2.010322580645114,,False,,stop,-1.0,-1.0,-1.0,-1.0
témoin,EURAUD,2026-03-12 23:00:00,2.010322580645114,,False,,stop,-1.0,-1.0,-1.0,-1.0
témoin,EURAUD,2024-01-12 17:00:00,2.010322580645114,,False,,stop,-1.0,-1.0,-1.0,-1.0
témoin,EURAUD,2026-08-28 00:00:00,2.010322580645114,119.0,True,,rien,0.0,1.0,0.0,0.5
témoin,EURAUD,2025-02-24 08:00:00,2.010322580645114,,False,,stop,-1.0,-1.0,-1.0,-1.0
témoin,EURAUD,2024-07-02 02:00:00,2.010322580645114,36.0,True,,rien,0.0,1.0,0.0,0.5
témoin,EURAUD,2025-09-30 02:00:00,2.010322580645114,11.0,True,de nouveau +1 R,rien,0.0,1.0,0.0,0.5
témoin,EURAUD,2025-04-09 05:00:00,2.010322580645114,1.0,False,,objectif,2.010322580645114,1.0,2.010322580645114,1.505161290322557
témoin,EURAUD,2025-12-24 06:00:00,2.010322580645114,65.0,True,de nouveau +1 R,rien,0.0,1.0,0.0,0.5
témoin,EURAUD,2025-01-08 01:00:00,2.010322580645114,92.0,True,de nouveau +1 R,rien,0.0,1.0,0.0,0.5
témoin,EURAUD,2024-10-04 17:00:00,2.010322580645114,,False,,stop,-1.0,-1.0,-1.0,-1.0
témoin,EURAUD,2025-08-25 08:00:00,2.010322580645114,7.0,False,,objectif,2.010322580645114,1.0,2.010322580645114,1.505161290322557
témoin,EURAUD,2026-06-26 16:00:00,2.010322580645114,,False,,stop,-1.0,-1.0,-1.0,-1.0
témoin,EURAUD,2024-08-22 23:00:00,2.010322580645114,15.0,False,,objectif,2.010322580645114,1.0,2.010322580645114,1.505161290322557
témoin,EURAUD,2025-09-12 07:00:00,2.010322580645114,,False,,stop,-1.0,-1.0,-1.0,-1.0
témoin,EURAUD,2024-03-26 13:00:00,2.010322580645114,113.0,False,,objectif,2.010322580645114,1.0,2.010322580645114,1.505161290322557
Amirou,AUDNZD,2024-12-10 22:00:00,3.1535947712417447,4.0,False,,objectif,3.1535947712417447,1.0,3.1535947712417447,2.076797385620872
témoin,AUDNZD,2024-05-24 13:00:00,3.1535947712417447,,False,,stop,-1.0,-1.0,-1.0,-1.0
témoin,AUDNZD,2025-04-07 22:00:00,3.1535947712417447,1.0,True,de nouveau +1 R,rien,0.0,1.0,0.0,0.5
témoin,AUDNZD,2024-02-15 00:00:00,3.1535947712417447,31.0,True,de nouveau +1 R,rien,0.0,1.0,0.0,0.5
témoin,AUDNZD,2025-09-18 06:00:00,3.1535947712417447,2.0,True,de nouveau +1 R,rien,0.0,1.0,0.0,0.5
témoin,AUDNZD,2025-07-21 09:00:00,3.1535947712417447,,False,,stop,-1.0,-1.0,-1.0,-1.0
témoin,AUDNZD,2025-01-03 16:00:00,3.1535947712417447,,False,,stop,-1.0,-1.0,-1.0,-1.0
témoin,AUDNZD,2026-01-07 21:00:00,3.1535947712417447,,False,,stop,-1.0,-1.0,-1.0,-1.0
témoin,AUDNZD,2026-09-04 16:00:00,3.1535947712417447,7.0,True,de nouveau +1 R,rien,0.0,1.0,0.0,0.5
témoin,AUDNZD,2026-07-02 01:00:00,3.1535947712417447,,False,,stop,-1.0,-1.0,-1.0,-1.0
témoin,AUDNZD,2025-01-27 10:00:00,3.1535947712417447,,False,,stop,-1.0,-1.0,-1.0,-1.0
témoin,AUDNZD,2025-08-12 22:00:00,3.1535947712417447,,False,,stop,-1.0,-1.0,-1.0,-1.0
témoin,AUDNZD,2024-10-11 08:00:00,3.1535947712417447,,False,,stop,-1.0,-1.0,-1.0,-1.0
témoin,AUDNZD,2024-03-12 20:00:00,3.1535947712417447,57.0,False,,objectif,3.1535947712417447,1.0,3.1535947712417447,2.076797385620872
témoin,AUDNZD,2026-03-13 12:00:00,3.1535947712417447,,False,,stop,-1.0,-1.0,-1.0,-1.0
témoin,AUDNZD,2025-01-22 22:00:00,3.1535947712417447,,False,,stop,-1.0,-1.0,-1.0,-1.0
témoin,AUDNZD,2025-03-27 18:00:00,3.1535947712417447,14.0,True,de nouveau +1 R,rien,0.0,1.0,0.0,0.5
témoin,AUDNZD,2025-01-31 06:00:00,3.1535947712417447,31.0,False,,objectif,3.1535947712417447,1.0,3.1535947712417447,2.076797385620872
témoin,AUDNZD,2024-09-16 06:00:00,3.1535947712417447,32.0,True,stop,stop,-1.0,1.0,0.0,0.5
témoin,AUDNZD,2025-11-20 23:00:00,3.1535947712417447,1.0,True,stop,stop,-1.0,1.0,0.0,0.5
témoin,AUDNZD,2024-09-27 18:00:00,3.1535947712417447,29.0,False,,objectif,3.1535947712417447,1.0,3.1535947712417447,2.076797385620872
Amirou,GBPUSD,2025-01-10 13:00:00,3.3685258964143223,3.0,True,de nouveau +1 R,rien,0.0,1.0,0.0,0.5
témoin,GBPUSD,2024-01-08 05:00:00,3.3685258964143223,,False,,stop,-1.0,-1.0,-1.0,-1.0
témoin,GBPUSD,2026-07-30 10:00:00,3.3685258964143223,,False,,stop,-1.0,-1.0,-1.0,-1.0
témoin,GBPUSD,2025-11-28 14:00:00,3.3685258964143223,,False,,stop,-1.0,-1.0,-1.0,-1.0
témoin,GBPUSD,2026-08-13 22:00:00,3.3685258964143223,,False,,stop,-1.0,-1.0,-1.0,-1.0
témoin,GBPUSD,2026-04-06 12:00:00,3.3685258964143223,,False,,stop,-1.0,-1.0,-1.0,-1.0
témoin,GBPUSD,2025-09-29 04:00:00,3.3685258964143223,,False,,stop,-1.0,-1.0,-1.0,-1.0
témoin,GBPUSD,2026-09-11 09:00:00,3.3685258964143223,72.0,False,,objectif,3.3685258964143223,1.0,3.3685258964143223,2.184262948207161
témoin,GBPUSD,2024-09-23 05:00:00,3.3685258964143223,2.0,True,stop,stop,-1.0,1.0,0.0,0.5
témoin,GBPUSD,2024-05-24 13:00:00,3.3685258964143223,,False,,stop,-1.0,-1.0,-1.0,-1.0
témoin,GBPUSD,2025-12-02 20:00:00,3.3685258964143223,,False,,stop,-1.0,-1.0,-1.0,-1.0
témoin,GBPUSD,2025-11-07 01:00:00,3.3685258964143223,,False,,stop,-1.0,-1.0,-1.0,-1.0
témoin,GBPUSD,2024-07-22 14:00:00,3.3685258964143223,70.0,False,,objectif,3.3685258964143223,1.0,3.3685258964143223,2.184262948207161
témoin,GBPUSD,2026-09-07 21:00:00,3.3685258964143223,63.0,False,,objectif,3.3685258964143223,1.0,3.3685258964143223,2.184262948207161
témoin,GBPUSD,2024-11-05 07:00:00,3.3685258964143223,,False,,stop,-1.0,-1.0,-1.0,-1.0
témoin,GBPUSD,2026-08-31 07:00:00,3.3685258964143223,47.0,True,de nouveau +1 R,rien,0.0,1.0,0.0,0.5
témoin,GBPUSD,2025-06-13 20:00:00,3.3685258964143223,40.0,False,,objectif,3.3685258964143223,1.0,3.3685258964143223,2.184262948207161
témoin,GBPUSD,2024-06-18 08:00:00,3.3685258964143223,,False,,stop,-1.0,-1.0,-1.0,-1.0
témoin,GBPUSD,2025-01-24 00:00:00,3.3685258964143223,,False,,stop,-1.0,-1.0,-1.0,-1.0
témoin,GBPUSD,2024-04-25 23:00:00,3.3685258964143223,15.0,True,stop,stop,-1.0,1.0,0.0,0.5
témoin,GBPUSD,2024-12-03 23:00:00,3.3685258964143223,,False,,stop,-1.0,-1.0,-1.0,-1.0
Amirou,GBPUSD,2025-01-10 13:00:00,3.488145048814443,13.0,True,de nouveau +1 R,rien,0.0,1.0,0.0,0.5
témoin,GBPUSD,2025-06-25 07:00:00,3.488145048814443,,False,,stop,-1.0,-1.0,-1.0,-1.0
témoin,GBPUSD,2026-08-26 20:00:00,3.488145048814443,90.0,False,,rien,0.0,1.0,0.0,0.5
témoin,GBPUSD,2026-08-20 07:00:00,3.488145048814443,149.0,False,,rien,0.0,1.0,0.0,0.5
témoin,GBPUSD,2024-06-05 01:00:00,3.488145048814443,78.0,True,stop,stop,-1.0,1.0,0.0,0.5
témoin,GBPUSD,2025-10-24 21:00:00,3.488145048814443,54.0,False,,objectif,3.488145048814443,1.0,3.488145048814443,2.2440725244072217
témoin,GBPUSD,2025-08-26 17:00:00,3.488145048814443,,False,,stop,-1.0,-1.0,-1.0,-1.0
témoin,GBPUSD,2024-12-27 22:00:00,3.488145048814443,16.0,False,,objectif,3.488145048814443,1.0,3.488145048814443,2.2440725244072217
témoin,GBPUSD,2024-01-24 16:00:00,3.488145048814443,39.0,True,de nouveau +1 R,rien,0.0,1.0,0.0,0.5
témoin,GBPUSD,2025-06-24 19:00:00,3.488145048814443,,False,,stop,-1.0,-1.0,-1.0,-1.0
témoin,GBPUSD,2024-03-18 16:00:00,3.488145048814443,71.0,False,,rien,0.0,1.0,0.0,0.5
témoin,GBPUSD,2026-03-19 20:00:00,3.488145048814443,17.0,True,de nouveau +1 R,rien,0.0,1.0,0.0,0.5
témoin,GBPUSD,2024-07-15 17:00:00,3.488145048814443,89.0,False,,rien,0.0,1.0,0.0,0.5
témoin,GBPUSD,2026-02-09 19:00:00,3.488145048814443,42.0,False,,objectif,3.488145048814443,1.0,3.488145048814443,2.2440725244072217
témoin,GBPUSD,2026-09-14 12:00:00,3.488145048814443,54.0,False,,objectif,3.488145048814443,1.0,3.488145048814443,2.2440725244072217
témoin,GBPUSD,2025-04-25 01:00:00,3.488145048814443,,False,,stop,-1.0,-1.0,-1.0,-1.0
témoin,GBPUSD,2025-12-17 13:00:00,3.488145048814443,,False,,stop,-1.0,-1.0,-1.0,-1.0
témoin,GBPUSD,2025-02-03 00:00:00,3.488145048814443,,False,,stop,-1.0,-1.0,-1.0,-1.0
témoin,GBPUSD,2026-05-12 13:00:00,3.488145048814443,51.0,False,,rien,0.0,1.0,0.0,0.5
témoin,GBPUSD,2025-11-18 14:00:00,3.488145048814443,25.0,True,stop,stop,-1.0,1.0,0.0,0.5
témoin,GBPUSD,2024-02-05 12:00:00,3.488145048814443,,False,,stop,-1.0,-1.0,-1.0,-1.0
Amirou,AUDJPY,2025-01-14 01:00:00,3.0320754716981053,48.0,True,de nouveau +1 R,rien,0.0,1.0,0.0,0.5
témoin,AUDJPY,2025-01-03 00:00:00,3.0320754716981053,,False,,stop,-1.0,-1.0,-1.0,-1.0
témoin,AUDJPY,2025-11-03 11:00:00,3.0320754716981053,18.0,False,,objectif,3.0320754716981053,1.0,3.0320754716981053,2.0160377358490527
témoin,AUDJPY,2025-04-29 06:00:00,3.0320754716981053,8.0,True,de nouveau +1 R,rien,0.0,1.0,0.0,0.5
témoin,AUDJPY,2025-03-04 18:00:00,3.0320754716981053,,False,,stop,-1.0,-1.0,-1.0,-1.0
témoin,AUDJPY,2025-03-11 23:00:00,3.0320754716981053,,False,,stop,-1.0,-1.0,-1.0,-1.0
témoin,AUDJPY,2025-02-07 22:00:00,3.0320754716981053,,False,,stop,-1.0,-1.0,-1.0,-1.0
témoin,AUDJPY,2025-06-03 14:00:00,3.0320754716981053,,False,,stop,-1.0,-1.0,-1.0,-1.0
témoin,AUDJPY,2025-11-28 14:00:00,3.0320754716981053,,False,,stop,-1.0,-1.0,-1.0,-1.0
témoin,AUDJPY,2024-10-01 11:00:00,3.0320754716981053,2.0,True,stop,stop,-1.0,1.0,0.0,0.5
témoin,AUDJPY,2024-10-22 13:00:00,3.0320754716981053,,False,,stop,-1.0,-1.0,-1.0,-1.0
témoin,AUDJPY,2025-04-30 22:00:00,3.0320754716981053,,False,,stop,-1.0,-1.0,-1.0,-1.0
témoin,AUDJPY,2025-05-16 11:00:00,3.0320754716981053,11.0,True,de nouveau +1 R,rien,0.0,1.0,0.0,0.5
témoin,AUDJPY,2025-04-24 17:00:00,3.0320754716981053,,False,,stop,-1.0,-1.0,-1.0,-1.0
témoin,AUDJPY,2024-09-04 06:00:00,3.0320754716981053,11.0,False,,objectif,3.0320754716981053,1.0,3.0320754716981053,2.0160377358490527
témoin,AUDJPY,2025-12-05 21:00:00,3.0320754716981053,,False,,stop,-1.0,-1.0,-1.0,-1.0
témoin,AUDJPY,2025-01-15 02:00:00,3.0320754716981053,23.0,False,,objectif,3.0320754716981053,1.0,3.0320754716981053,2.0160377358490527
témoin,AUDJPY,2025-08-18 13:00:00,3.0320754716981053,25.0,False,,objectif,3.0320754716981053,1.0,3.0320754716981053,2.0160377358490527
témoin,AUDJPY,2025-06-05 19:00:00,3.0320754716981053,,False,,stop,-1.0,-1.0,-1.0,-1.0
témoin,AUDJPY,2026-03-03 07:00:00,3.0320754716981053,3.0,False,,objectif,3.0320754716981053,1.0,3.0320754716981053,2.0160377358490527
témoin,AUDJPY,2024-05-23 05:00:00,3.0320754716981053,,False,,stop,-1.0,-1.0,-1.0,-1.0
Amirou,CHFJPY,2025-01-24 03:00:00,4.000000000000056,1.0,True,de nouveau +1 R,rien,0.0,1.0,0.0,0.5
témoin,CHFJPY,2024-05-23 19:00:00,4.000000000000056,,False,,stop,-1.0,-1.0,-1.0,-1.0
témoin,CHFJPY,2024-09-18 16:00:00,4.000000000000056,2.0,True,stop,stop,-1.0,1.0,0.0,0.5
témoin,CHFJPY,2026-08-20 11:00:00,4.000000000000056,20.0,False,,objectif,4.000000000000056,1.0,4.000000000000056,2.500000000000028
témoin,CHFJPY,2025-02-11 15:00:00,4.000000000000056,,False,,stop,-1.0,-1.0,-1.0,-1.0
témoin,CHFJPY,2024-01-15 13:00:00,4.000000000000056,4.0,True,stop,stop,-1.0,1.0,0.0,0.5
témoin,CHFJPY,2025-04-03 22:00:00,4.000000000000056,,False,,stop,-1.0,-1.0,-1.0,-1.0
témoin,CHFJPY,2024-09-19 15:00:00,4.000000000000056,10.0,True,de nouveau +1 R,rien,0.0,1.0,0.0,0.5
témoin,CHFJPY,2026-03-02 06:00:00,4.000000000000056,1.0,False,,objectif,4.000000000000056,1.0,4.000000000000056,2.500000000000028
témoin,CHFJPY,2024-01-08 02:00:00,4.000000000000056,31.0,True,stop,stop,-1.0,1.0,0.0,0.5
témoin,CHFJPY,2025-09-23 00:00:00,4.000000000000056,,False,,stop,-1.0,-1.0,-1.0,-1.0
témoin,CHFJPY,2024-01-23 19:00:00,4.000000000000056,,False,,stop,-1.0,-1.0,-1.0,-1.0
témoin,CHFJPY,2025-07-03 06:00:00,4.000000000000056,,False,,stop,-1.0,-1.0,-1.0,-1.0
témoin,CHFJPY,2026-03-02 05:00:00,4.000000000000056,2.0,False,,objectif,4.000000000000056,1.0,4.000000000000056,2.500000000000028
témoin,CHFJPY,2026-05-11 12:00:00,4.000000000000056,17.0,True,de nouveau +1 R,rien,0.0,1.0,0.0,0.5
témoin,CHFJPY,2024-04-15 00:00:00,4.000000000000056,,False,,stop,-1.0,-1.0,-1.0,-1.0
témoin,CHFJPY,2024-07-02 04:00:00,4.000000000000056,,False,,stop,-1.0,-1.0,-1.0,-1.0
témoin,CHFJPY,2024-05-23 00:00:00,4.000000000000056,,False,,stop,-1.0,-1.0,-1.0,-1.0
témoin,CHFJPY,2024-03-29 07:00:00,4.000000000000056,45.0,True,de nouveau +1 R,rien,0.0,1.0,0.0,0.5
témoin,CHFJPY,2024-01-11 01:00:00,4.000000000000056,14.0,True,de nouveau +1 R,rien,0.0,1.0,0.0,0.5
témoin,CHFJPY,2025-01-15 16:00:00,4.000000000000056,9.0,True,de nouveau +1 R,rien,0.0,1.0,0.0,0.5
Amirou,EURUSD,2025-02-12 15:00:00,4.365131578947112,,False,,stop,-1.0,-1.0,-1.0,-1.0
témoin,EURUSD,2024-08-15 19:00:00,4.365131578947112,,False,,stop,-1.0,-1.0,-1.0,-1.0
témoin,EURUSD,2024-05-31 10:00:00,4.365131578947112,,False,,stop,-1.0,-1.0,-1.0,-1.0
témoin,EURUSD,2024-04-05 13:00:00,4.365131578947112,,False,,stop,-1.0,-1.0,-1.0,-1.0
témoin,EURUSD,2026-06-29 18:00:00,4.365131578947112,10.0,True,de nouveau +1 R,rien,0.0,1.0,0.0,0.5
témoin,EURUSD,2025-01-23 18:00:00,4.365131578947112,,False,,stop,-1.0,-1.0,-1.0,-1.0
témoin,EURUSD,2024-05-22 17:00:00,4.365131578947112,14.0,True,de nouveau +1 R,rien,0.0,1.0,0.0,0.5
témoin,EURUSD,2024-10-04 20:00:00,4.365131578947112,64.0,False,,objectif,4.365131578947112,1.0,4.365131578947112,2.682565789473556
témoin,EURUSD,2026-01-19 19:00:00,4.365131578947112,,False,,stop,-1.0,-1.0,-1.0,-1.0
témoin,EURUSD,2024-12-09 21:00:00,4.365131578947112,16.0,False,,objectif,4.365131578947112,1.0,4.365131578947112,2.682565789473556
témoin,EURUSD,2024-10-25 09:00:00,4.365131578947112,10.0,True,de nouveau +1 R,rien,0.0,1.0,0.0,0.5
témoin,EURUSD,2025-07-24 02:00:00,4.365131578947112,10.0,True,de nouveau +1 R,rien,0.0,1.0,0.0,0.5
témoin,EURUSD,2024-12-13 03:00:00,4.365131578947112,,False,,stop,-1.0,-1.0,-1.0,-1.0
témoin,EURUSD,2025-02-12 23:00:00,4.365131578947112,,False,,stop,-1.0,-1.0,-1.0,-1.0
témoin,EURUSD,2025-06-26 10:00:00,4.365131578947112,2.0,True,de nouveau +1 R,rien,0.0,1.0,0.0,0.5
témoin,EURUSD,2024-12-03 23:00:00,4.365131578947112,15.0,True,stop,stop,-1.0,1.0,0.0,0.5
témoin,EURUSD,2026-07-09 05:00:00,4.365131578947112,,False,,stop,-1.0,-1.0,-1.0,-1.0
témoin,EURUSD,2025-11-17 13:00:00,4.365131578947112,44.0,True,de nouveau +1 R,rien,0.0,1.0,0.0,0.5
témoin,EURUSD,2023-12-18 11:00:00,4.365131578947112,,False,,stop,-1.0,-1.0,-1.0,-1.0
témoin,EURUSD,2026-03-17 16:00:00,4.365131578947112,,False,,stop,-1.0,-1.0,-1.0,-1.0
témoin,EURUSD,2024-05-28 09:00:00,4.365131578947112,23.0,True,de nouveau +1 R,rien,0.0,1.0,0.0,0.5
Amirou,CHFJPY,2025-03-06 16:00:00,1.7371225577265172,,False,,stop,-1.0,-1.0,-1.0,-1.0
témoin,CHFJPY,2025-06-10 02:00:00,1.7371225577265172,,False,,stop,-1.0,-1.0,-1.0,-1.0
témoin,CHFJPY,2025-12-09 03:00:00,1.7371225577265172,,False,,stop,-1.0,-1.0,-1.0,-1.0
témoin,CHFJPY,2024-08-19 05:00:00,1.7371225577265172,1.0,True,stop,stop,-1.0,1.0,0.0,0.5
témoin,CHFJPY,2025-01-16 04:00:00,1.7371225577265172,,False,,stop,-1.0,-1.0,-1.0,-1.0
témoin,CHFJPY,2026-06-15 12:00:00,1.7371225577265172,15.0,True,stop,stop,-1.0,1.0,0.0,0.5
témoin,CHFJPY,2024-10-01 00:00:00,1.7371225577265172,,False,,stop,-1.0,-1.0,-1.0,-1.0
témoin,CHFJPY,2024-04-12 09:00:00,1.7371225577265172,,False,,stop,-1.0,-1.0,-1.0,-1.0
témoin,CHFJPY,2026-08-12 03:00:00,1.7371225577265172,6.0,True,stop,stop,-1.0,1.0,0.0,0.5
témoin,CHFJPY,2025-01-14 14:00:00,1.7371225577265172,,False,,stop,-1.0,-1.0,-1.0,-1.0
témoin,CHFJPY,2024-09-05 22:00:00,1.7371225577265172,7.0,True,de nouveau +1 R,rien,0.0,1.0,0.0,0.5
témoin,CHFJPY,2026-07-08 12:00:00,1.7371225577265172,,False,,stop,-1.0,-1.0,-1.0,-1.0
témoin,CHFJPY,2025-12-02 20:00:00,1.7371225577265172,36.0,False,,objectif,1.7371225577265172,1.0,1.7371225577265172,1.3685612788632586
témoin,CHFJPY,2025-12-04 07:00:00,1.7371225577265172,3.0,False,,objectif,1.7371225577265172,1.0,1.7371225577265172,1.3685612788632586
témoin,CHFJPY,2026-08-13 01:00:00,1.7371225577265172,,False,,stop,-1.0,-1.0,-1.0,-1.0
témoin,CHFJPY,2024-03-04 06:00:00,1.7371225577265172,31.0,False,,objectif,1.7371225577265172,1.0,1.7371225577265172,1.3685612788632586
témoin,CHFJPY,2026-01-21 16:00:00,1.7371225577265172,,False,,stop,-1.0,-1.0,-1.0,-1.0
témoin,CHFJPY,2025-08-12 14:00:00,1.7371225577265172,34.0,False,,objectif,1.7371225577265172,1.0,1.7371225577265172,1.3685612788632586
témoin,CHFJPY,2025-11-27 11:00:00,1.7371225577265172,,False,,stop,-1.0,-1.0,-1.0,-1.0
témoin,CHFJPY,2025-07-25 07:00:00,1.7371225577265172,,False,,stop,-1.0,-1.0,-1.0,-1.0
témoin,CHFJPY,2025-12-11 06:00:00,1.7371225577265172,,False,,stop,-1.0,-1.0,-1.0,-1.0
Amirou,GBPUSD,2025-03-27 12:00:00,3.5198412698411348,2.0,True,stop,stop,-1.0,1.0,0.0,0.5
témoin,GBPUSD,2025-12-16 02:00:00,3.5198412698411348,,False,,stop,-1.0,-1.0,-1.0,-1.0
témoin,GBPUSD,2026-03-10 02:00:00,3.5198412698411348,,False,,stop,-1.0,-1.0,-1.0,-1.0
témoin,GBPUSD,2024-11-22 00:00:00,3.5198412698411348,7.0,False,,objectif,3.5198412698411348,1.0,3.5198412698411348,2.2599206349205674
témoin,GBPUSD,2024-09-13 16:00:00,3.5198412698411348,,False,,stop,-1.0,-1.0,-1.0,-1.0
témoin,GBPUSD,2025-04-11 11:00:00,3.5198412698411348,,False,,stop,-1.0,-1.0,-1.0,-1.0
témoin,GBPUSD,2025-09-09 00:00:00,3.5198412698411348,,False,,stop,-1.0,-1.0,-1.0,-1.0
témoin,GBPUSD,2024-11-19 20:00:00,3.5198412698411348,,False,,stop,-1.0,-1.0,-1.0,-1.0
témoin,GBPUSD,2026-03-06 10:00:00,3.5198412698411348,,False,,stop,-1.0,-1.0,-1.0,-1.0
témoin,GBPUSD,2025-11-28 05:00:00,3.5198412698411348,2.0,True,de nouveau +1 R,rien,0.0,1.0,0.0,0.5
témoin,GBPUSD,2026-06-02 02:00:00,3.5198412698411348,,False,,stop,-1.0,-1.0,-1.0,-1.0
témoin,GBPUSD,2025-09-10 06:00:00,3.5198412698411348,25.0,True,stop,stop,-1.0,1.0,0.0,0.5
témoin,GBPUSD,2026-06-18 17:00:00,3.5198412698411348,2.0,True,de nouveau +1 R,rien,0.0,1.0,0.0,0.5
témoin,GBPUSD,2025-02-24 01:00:00,3.5198412698411348,6.0,True,de nouveau +1 R,rien,0.0,1.0,0.0,0.5
témoin,GBPUSD,2026-06-17 08:00:00,3.5198412698411348,6.0,False,,objectif,3.5198412698411348,1.0,3.5198412698411348,2.2599206349205674
témoin,GBPUSD,2025-11-06 15:00:00,3.5198412698411348,,False,,stop,-1.0,-1.0,-1.0,-1.0
témoin,GBPUSD,2024-03-22 20:00:00,3.5198412698411348,,False,,stop,-1.0,-1.0,-1.0,-1.0
témoin,GBPUSD,2024-10-16 20:00:00,3.5198412698411348,,False,,stop,-1.0,-1.0,-1.0,-1.0
témoin,GBPUSD,2024-12-30 13:00:00,3.5198412698411348,1.0,False,,objectif,3.5198412698411348,1.0,3.5198412698411348,2.2599206349205674
témoin,GBPUSD,2026-01-06 19:00:00,3.5198412698411348,21.0,False,,objectif,3.5198412698411348,1.0,3.5198412698411348,2.2599206349205674
témoin,GBPUSD,2025-03-20 11:00:00,3.5198412698411348,18.0,True,de nouveau +1 R,rien,0.0,1.0,0.0,0.5
Amirou,AUDUSD,2025-03-26 12:00:00,4.702380952381025,5.0,True,de nouveau +1 R,rien,0.0,1.0,0.0,0.5
témoin,AUDUSD,2024-12-11 09:00:00,4.702380952381025,,False,,stop,-1.0,-1.0,-1.0,-1.0
témoin,AUDUSD,2026-06-04 02:00:00,4.702380952381025,35.0,False,,objectif,4.702380952381025,1.0,4.702380952381025,2.8511904761905127
témoin,AUDUSD,2026-08-19 00:00:00,4.702380952381025,,False,,stop,-1.0,-1.0,-1.0,-1.0
témoin,AUDUSD,2025-02-11 00:00:00,4.702380952381025,,False,,stop,-1.0,-1.0,-1.0,-1.0
témoin,AUDUSD,2024-08-15 10:00:00,4.702380952381025,3.0,True,stop,stop,-1.0,1.0,0.0,0.5
témoin,AUDUSD,2024-09-09 00:00:00,4.702380952381025,38.0,True,de nouveau +1 R,rien,0.0,1.0,0.0,0.5
témoin,AUDUSD,2024-08-30 17:00:00,4.702380952381025,,False,,stop,-1.0,-1.0,-1.0,-1.0
témoin,AUDUSD,2024-01-04 06:00:00,4.702380952381025,7.0,True,de nouveau +1 R,rien,0.0,1.0,0.0,0.5
témoin,AUDUSD,2025-07-10 17:00:00,4.702380952381025,45.0,True,de nouveau +1 R,rien,0.0,1.0,0.0,0.5
témoin,AUDUSD,2024-10-02 05:00:00,4.702380952381025,20.0,False,,objectif,4.702380952381025,1.0,4.702380952381025,2.8511904761905127
témoin,AUDUSD,2025-09-08 12:00:00,4.702380952381025,,False,,stop,-1.0,-1.0,-1.0,-1.0
témoin,AUDUSD,2026-02-11 21:00:00,4.702380952381025,19.0,True,,rien,0.0,1.0,0.0,0.5
témoin,AUDUSD,2024-10-09 23:00:00,4.702380952381025,,False,,stop,-1.0,-1.0,-1.0,-1.0
témoin,AUDUSD,2024-01-04 11:00:00,4.702380952381025,3.0,True,de nouveau +1 R,rien,0.0,1.0,0.0,0.5
témoin,AUDUSD,2025-07-21 02:00:00,4.702380952381025,,False,,stop,-1.0,-1.0,-1.0,-1.0
témoin,AUDUSD,2024-05-29 16:00:00,4.702380952381025,13.0,True,stop,stop,-1.0,1.0,0.0,0.5
témoin,AUDUSD,2025-09-05 07:00:00,4.702380952381025,,False,,stop,-1.0,-1.0,-1.0,-1.0
témoin,AUDUSD,2024-10-24 06:00:00,4.702380952381025,22.0,True,de nouveau +1 R,rien,0.0,1.0,0.0,0.5
témoin,AUDUSD,2026-04-27 16:00:00,4.702380952381025,14.0,True,stop,stop,-1.0,1.0,0.0,0.5
témoin,AUDUSD,2025-06-04 06:00:00,4.702380952381025,,False,,stop,-1.0,-1.0,-1.0,-1.0
Amirou,CADJPY,2025-04-02 20:00:00,3.0898203592814553,2.0,False,,objectif,3.0898203592814553,1.0,3.0898203592814553,2.044910179640728
témoin,CADJPY,2025-10-28 07:00:00,3.0898203592814553,,False,,stop,-1.0,-1.0,-1.0,-1.0
témoin,CADJPY,2024-12-13 15:00:00,3.0898203592814553,79.0,True,stop,stop,-1.0,1.0,0.0,0.5
témoin,CADJPY,2025-02-05 10:00:00,3.0898203592814553,27.0,True,stop,stop,-1.0,1.0,0.0,0.5
témoin,CADJPY,2026-05-22 13:00:00,3.0898203592814553,,False,,rien,0.0,0.0,0.0,0.0
témoin,CADJPY,2025-07-10 21:00:00,3.0898203592814553,,False,,stop,-1.0,-1.0,-1.0,-1.0
témoin,CADJPY,2024-07-11 07:00:00,3.0898203592814553,5.0,False,,objectif,3.0898203592814553,1.0,3.0898203592814553,2.044910179640728
témoin,CADJPY,2024-04-03 04:00:00,3.0898203592814553,,False,,rien,0.0,0.0,0.0,0.0
témoin,CADJPY,2025-07-02 15:00:00,3.0898203592814553,,False,,stop,-1.0,-1.0,-1.0,-1.0
témoin,CADJPY,2026-03-24 09:00:00,3.0898203592814553,98.0,False,,rien,0.0,1.0,0.0,0.5
témoin,CADJPY,2026-02-06 10:00:00,3.0898203592814553,59.0,False,,rien,0.0,1.0,0.0,0.5
témoin,CADJPY,2024-02-06 11:00:00,3.0898203592814553,,False,,stop,-1.0,-1.0,-1.0,-1.0
témoin,CADJPY,2026-07-09 06:00:00,3.0898203592814553,,False,,stop,-1.0,-1.0,-1.0,-1.0
témoin,CADJPY,2025-11-20 13:00:00,3.0898203592814553,18.0,False,,rien,0.0,1.0,0.0,0.5
témoin,CADJPY,2026-05-14 00:00:00,3.0898203592814553,,False,,rien,0.0,0.0,0.0,0.0
témoin,CADJPY,2026-09-04 15:00:00,3.0898203592814553,15.0,True,,rien,0.0,1.0,0.0,0.5
témoin,CADJPY,2024-04-30 17:00:00,3.0898203592814553,27.0,True,,rien,0.0,1.0,0.0,0.5
témoin,CADJPY,2024-02-02 05:00:00,3.0898203592814553,,False,,stop,-1.0,-1.0,-1.0,-1.0
témoin,CADJPY,2026-02-20 09:00:00,3.0898203592814553,,False,,stop,-1.0,-1.0,-1.0,-1.0
témoin,CADJPY,2026-08-18 22:00:00,3.0898203592814553,,False,,rien,0.0,0.0,0.0,0.0
témoin,CADJPY,2025-10-24 07:00:00,3.0898203592814553,,False,,stop,-1.0,-1.0,-1.0,-1.0
Amirou,CADJPY,2025-04-02 20:00:00,3.075848303393178,1.0,False,,objectif,3.075848303393178,1.0,3.075848303393178,2.037924151696589
témoin,CADJPY,2026-04-24 04:00:00,3.075848303393178,,False,,stop,-1.0,-1.0,-1.0,-1.0
témoin,CADJPY,2025-02-12 12:00:00,3.075848303393178,,False,,stop,-1.0,-1.0,-1.0,-1.0
témoin,CADJPY,2026-06-08 04:00:00,3.075848303393178,82.0,False,,rien,0.0,1.0,0.0,0.5
témoin,CADJPY,2024-01-11 06:00:00,3.075848303393178,17.0,True,stop,stop,-1.0,1.0,0.0,0.5
témoin,CADJPY,2024-03-25 06:00:00,3.075848303393178,,False,,stop,-1.0,-1.0,-1.0,-1.0
témoin,CADJPY,2024-06-03 01:00:00,3.075848303393178,8.0,False,,objectif,3.075848303393178,1.0,3.075848303393178,2.037924151696589
témoin,CADJPY,2024-10-11 12:00:00,3.075848303393178,,False,,stop,-1.0,-1.0,-1.0,-1.0
témoin,CADJPY,2026-01-08 04:00:00,3.075848303393178,,False,,stop,-1.0,-1.0,-1.0,-1.0
témoin,CADJPY,2024-10-22 09:00:00,3.075848303393178,,False,,stop,-1.0,-1.0,-1.0,-1.0
témoin,CADJPY,2024-03-08 19:00:00,3.075848303393178,,False,,stop,-1.0,-1.0,-1.0,-1.0
témoin,CADJPY,2026-06-30 19:00:00,3.075848303393178,35.0,True,de nouveau +1 R,rien,0.0,1.0,0.0,0.5
témoin,CADJPY,2024-10-24 17:00:00,3.075848303393178,,False,,stop,-1.0,-1.0,-1.0,-1.0
témoin,CADJPY,2026-07-09 20:00:00,3.075848303393178,6.0,True,stop,stop,-1.0,1.0,0.0,0.5
témoin,CADJPY,2024-08-28 13:00:00,3.075848303393178,,False,,stop,-1.0,-1.0,-1.0,-1.0
témoin,CADJPY,2025-11-14 00:00:00,3.075848303393178,13.0,True,stop,stop,-1.0,1.0,0.0,0.5
témoin,CADJPY,2026-01-05 19:00:00,3.075848303393178,57.0,True,stop,stop,-1.0,1.0,0.0,0.5
témoin,CADJPY,2025-08-29 04:00:00,3.075848303393178,,False,,stop,-1.0,-1.0,-1.0,-1.0
témoin,CADJPY,2024-12-10 20:00:00,3.075848303393178,11.0,True,stop,stop,-1.0,1.0,0.0,0.5
témoin,CADJPY,2025-09-22 19:00:00,3.075848303393178,,False,,stop,-1.0,-1.0,-1.0,-1.0
témoin,CADJPY,2024-03-13 02:00:00,3.075848303393178,,False,,stop,-1.0,-1.0,-1.0,-1.0
Amirou,EURUSD,2025-04-09 00:00:00,2.6358208955223486,,False,,stop,-1.0,-1.0,-1.0,-1.0
témoin,EURUSD,2024-12-13 12:00:00,2.6358208955223486,78.0,False,,rien,0.0,1.0,0.0,0.5
témoin,EURUSD,2024-12-23 18:00:00,2.6358208955223486,157.0,True,,rien,0.0,1.0,0.0,0.5
témoin,EURUSD,2026-05-06 12:00:00,2.6358208955223486,150.0,False,,rien,0.0,1.0,0.0,0.5
témoin,EURUSD,2024-11-08 15:00:00,2.6358208955223486,21.0,False,,objectif,2.6358208955223486,1.0,2.6358208955223486,1.8179104477611743
témoin,EURUSD,2024-06-04 22:00:00,2.6358208955223486,72.0,False,,rien,0.0,1.0,0.0,0.5
témoin,EURUSD,2025-12-08 20:00:00,2.6358208955223486,,False,,stop,-1.0,-1.0,-1.0,-1.0
témoin,EURUSD,2025-04-09 17:00:00,2.6358208955223486,,False,,stop,-1.0,-1.0,-1.0,-1.0
témoin,EURUSD,2024-11-01 20:00:00,2.6358208955223486,,False,,stop,-1.0,-1.0,-1.0,-1.0
témoin,EURUSD,2026-04-17 01:00:00,2.6358208955223486,108.0,False,,rien,0.0,1.0,0.0,0.5
témoin,EURUSD,2025-11-14 03:00:00,2.6358208955223486,84.0,False,,rien,0.0,1.0,0.0,0.5
témoin,EURUSD,2024-10-17 23:00:00,2.6358208955223486,,False,,rien,0.0,0.0,0.0,0.0
témoin,EURUSD,2025-06-11 13:00:00,2.6358208955223486,,False,,stop,-1.0,-1.0,-1.0,-1.0
témoin,EURUSD,2026-08-10 16:00:00,2.6358208955223486,,False,,stop,-1.0,-1.0,-1.0,-1.0
témoin,EURUSD,2026-06-01 18:00:00,2.6358208955223486,93.0,False,,rien,0.0,1.0,0.0,0.5
témoin,EURUSD,2026-03-23 09:00:00,2.6358208955223486,,False,,stop,-1.0,-1.0,-1.0,-1.0
témoin,EURUSD,2025-12-24 12:00:00,2.6358208955223486,150.0,False,,rien,0.0,1.0,0.0,0.5
témoin,EURUSD,2025-09-01 14:00:00,2.6358208955223486,,False,,rien,0.0,0.0,0.0,0.0
témoin,EURUSD,2025-01-30 19:00:00,2.6358208955223486,28.0,True,de nouveau +1 R,rien,0.0,1.0,0.0,0.5
témoin,EURUSD,2024-06-17 04:00:00,2.6358208955223486,,False,,rien,0.0,0.0,0.0,0.0
témoin,EURUSD,2025-04-17 22:00:00,2.6358208955223486,,False,,stop,-1.0,-1.0,-1.0,-1.0
Amirou,NZDJPY,2025-04-09 18:00:00,2.204545454545452,,False,,stop,-1.0,-1.0,-1.0,-1.0
témoin,NZDJPY,2025-02-12 17:00:00,2.204545454545452,128.0,False,,rien,0.0,1.0,0.0,0.5
témoin,NZDJPY,2025-04-03 00:00:00,2.204545454545452,28.0,False,,objectif,2.204545454545452,1.0,2.204545454545452,1.602272727272726
témoin,NZDJPY,2024-06-20 16:00:00,2.204545454545452,,False,,stop,-1.0,-1.0,-1.0,-1.0
témoin,NZDJPY,2026-05-12 19:00:00,2.204545454545452,,False,,rien,0.0,0.0,0.0,0.0
témoin,NZDJPY,2024-06-04 22:00:00,2.204545454545452,,False,,stop,-1.0,-1.0,-1.0,-1.0
témoin,NZDJPY,2024-05-02 16:00:00,2.204545454545452,,False,,stop,-1.0,-1.0,-1.0,-1.0
témoin,NZDJPY,2024-12-13 03:00:00,2.204545454545452,,False,,rien,0.0,0.0,0.0,0.0
témoin,NZDJPY,2025-02-14 11:00:00,2.204545454545452,127.0,False,,objectif,2.204545454545452,1.0,2.204545454545452,1.602272727272726
témoin,NZDJPY,2024-04-12 11:00:00,2.204545454545452,,False,,stop,-1.0,-1.0,-1.0,-1.0
témoin,NZDJPY,2025-06-05 13:00:00,2.204545454545452,,False,,rien,0.0,0.0,0.0,0.0
témoin,NZDJPY,2024-08-07 07:00:00,2.204545454545452,,False,,stop,-1.0,-1.0,-1.0,-1.0
témoin,NZDJPY,2025-02-27 00:00:00,2.204545454545452,76.0,True,de nouveau +1 R,rien,0.0,1.0,0.0,0.5
témoin,NZDJPY,2024-04-26 04:00:00,2.204545454545452,,False,,stop,-1.0,-1.0,-1.0,-1.0
témoin,NZDJPY,2025-08-07 19:00:00,2.204545454545452,195.0,False,,rien,0.0,1.0,0.0,0.5
témoin,NZDJPY,2025-10-13 23:00:00,2.204545454545452,76.0,True,,rien,0.0,1.0,0.0,0.5
témoin,NZDJPY,2025-04-30 17:00:00,2.204545454545452,,False,,stop,-1.0,-1.0,-1.0,-1.0
témoin,NZDJPY,2024-07-31 21:00:00,2.204545454545452,39.0,False,,objectif,2.204545454545452,1.0,2.204545454545452,1.602272727272726
témoin,NZDJPY,2025-02-05 00:00:00,2.204545454545452,63.0,True,,rien,0.0,1.0,0.0,0.5
témoin,NZDJPY,2026-04-24 01:00:00,2.204545454545452,103.0,True,,rien,0.0,1.0,0.0,0.5
témoin,NZDJPY,2025-11-05 11:00:00,2.204545454545452,,False,,stop,-1.0,-1.0,-1.0,-1.0
Amirou,GBPJPY,2025-04-16 18:00:00,2.0417910447761214,13.0,True,de nouveau +1 R,rien,0.0,1.0,0.0,0.5
témoin,GBPJPY,2024-02-12 01:00:00,2.0417910447761214,36.0,True,de nouveau +1 R,rien,0.0,1.0,0.0,0.5
témoin,GBPJPY,2024-11-12 13:00:00,2.0417910447761214,,False,,stop,-1.0,-1.0,-1.0,-1.0
témoin,GBPJPY,2025-08-29 12:00:00,2.0417910447761214,18.0,False,,objectif,2.0417910447761214,1.0,2.0417910447761214,1.5208955223880607
témoin,GBPJPY,2025-08-19 18:00:00,2.0417910447761214,,False,,stop,-1.0,-1.0,-1.0,-1.0
témoin,GBPJPY,2024-01-12 05:00:00,2.0417910447761214,66.0,False,,objectif,2.0417910447761214,1.0,2.0417910447761214,1.5208955223880607
témoin,GBPJPY,2025-12-19 02:00:00,2.0417910447761214,5.0,False,,objectif,2.0417910447761214,1.0,2.0417910447761214,1.5208955223880607
témoin,GBPJPY,2024-02-22 00:00:00,2.0417910447761214,34.0,True,de nouveau +1 R,rien,0.0,1.0,0.0,0.5
témoin,GBPJPY,2024-04-25 12:00:00,2.0417910447761214,,False,,stop,-1.0,-1.0,-1.0,-1.0
témoin,GBPJPY,2025-10-27 07:00:00,2.0417910447761214,,False,,stop,-1.0,-1.0,-1.0,-1.0
témoin,GBPJPY,2024-11-08 11:00:00,2.0417910447761214,16.0,True,de nouveau +1 R,rien,0.0,1.0,0.0,0.5
témoin,GBPJPY,2025-10-30 04:00:00,2.0417910447761214,4.0,True,stop,stop,-1.0,1.0,0.0,0.5
témoin,GBPJPY,2026-07-28 15:00:00,2.0417910447761214,,False,,stop,-1.0,-1.0,-1.0,-1.0
témoin,GBPJPY,2024-11-04 19:00:00,2.0417910447761214,29.0,False,,objectif,2.0417910447761214,1.0,2.0417910447761214,1.5208955223880607
témoin,GBPJPY,2026-08-18 23:00:00,2.0417910447761214,,False,,stop,-1.0,-1.0,-1.0,-1.0
témoin,GBPJPY,2025-07-29 10:00:00,2.0417910447761214,,False,,stop,-1.0,-1.0,-1.0,-1.0
témoin,GBPJPY,2026-09-15 00:00:00,2.0417910447761214,74.0,False,,objectif,2.0417910447761214,1.0,2.0417910447761214,1.5208955223880607
témoin,GBPJPY,2026-02-17 20:00:00,2.0417910447761214,14.0,False,,objectif,2.0417910447761214,1.0,2.0417910447761214,1.5208955223880607
témoin,GBPJPY,2024-01-29 11:00:00,2.0417910447761214,,False,,stop,-1.0,-1.0,-1.0,-1.0
témoin,GBPJPY,2024-11-15 14:00:00,2.0417910447761214,,False,,stop,-1.0,-1.0,-1.0,-1.0
témoin,GBPJPY,2026-03-31 08:00:00,2.0417910447761214,,False,,stop,-1.0,-1.0,-1.0,-1.0
Amirou,GBPNZD,2025-04-22 13:00:00,3.0433006535948377,,False,,stop,-1.0,-1.0,-1.0,-1.0
témoin,GBPNZD,2026-02-09 12:00:00,3.0433006535948377,,False,,stop,-1.0,-1.0,-1.0,-1.0
témoin,GBPNZD,2026-07-15 04:00:00,3.0433006535948377,12.0,True,stop,stop,-1.0,1.0,0.0,0.5
témoin,GBPNZD,2026-04-15 20:00:00,3.0433006535948377,,False,,stop,-1.0,-1.0,-1.0,-1.0
témoin,GBPNZD,2026-06-11 03:00:00,3.0433006535948377,,False,,stop,-1.0,-1.0,-1.0,-1.0
témoin,GBPNZD,2023-12-25 13:00:00,3.0433006535948377,166.0,False,,rien,0.0,1.0,0.0,0.5
témoin,GBPNZD,2025-12-03 12:00:00,3.0433006535948377,,False,,stop,-1.0,-1.0,-1.0,-1.0
témoin,GBPNZD,2024-08-21 11:00:00,3.0433006535948377,26.0,True,stop,stop,-1.0,1.0,0.0,0.5
témoin,GBPNZD,2025-10-24 09:00:00,3.0433006535948377,,False,,stop,-1.0,-1.0,-1.0,-1.0
témoin,GBPNZD,2026-03-03 17:00:00,3.0433006535948377,,False,,stop,-1.0,-1.0,-1.0,-1.0
témoin,GBPNZD,2025-12-08 21:00:00,3.0433006535948377,123.0,True,de nouveau +1 R,rien,0.0,1.0,0.0,0.5
témoin,GBPNZD,2026-05-15 04:00:00,3.0433006535948377,7.0,True,stop,stop,-1.0,1.0,0.0,0.5
témoin,GBPNZD,2025-07-15 20:00:00,3.0433006535948377,35.0,True,de nouveau +1 R,rien,0.0,1.0,0.0,0.5
témoin,GBPNZD,2025-02-26 12:00:00,3.0433006535948377,25.0,False,,objectif,3.0433006535948377,1.0,3.0433006535948377,2.0216503267974186
témoin,GBPNZD,2026-02-17 10:00:00,3.0433006535948377,21.0,True,de nouveau +1 R,rien,0.0,1.0,0.0,0.5
témoin,GBPNZD,2024-07-22 13:00:00,3.0433006535948377,35.0,True,stop,stop,-1.0,1.0,0.0,0.5
témoin,GBPNZD,2025-05-02 06:00:00,3.0433006535948377,,False,,stop,-1.0,-1.0,-1.0,-1.0
témoin,GBPNZD,2026-08-21 04:00:00,3.0433006535948377,169.0,False,,objectif,3.0433006535948377,1.0,3.0433006535948377,2.0216503267974186
témoin,GBPNZD,2024-07-30 06:00:00,3.0433006535948377,,False,,stop,-1.0,-1.0,-1.0,-1.0
témoin,GBPNZD,2025-11-10 06:00:00,3.0433006535948377,,False,,stop,-1.0,-1.0,-1.0,-1.0
témoin,GBPNZD,2024-03-19 14:00:00,3.0433006535948377,161.0,False,,rien,0.0,1.0,0.0,0.5
Amirou,NZDJPY,2025-04-29 02:00:00,2.5108481262327094,11.0,True,stop,stop,-1.0,1.0,0.0,0.5
témoin,NZDJPY,2024-09-18 23:00:00,2.5108481262327094,,False,,stop,-1.0,-1.0,-1.0,-1.0
témoin,NZDJPY,2024-02-29 05:00:00,2.5108481262327094,147.0,False,,rien,0.0,1.0,0.0,0.5
témoin,NZDJPY,2025-07-10 20:00:00,2.5108481262327094,,False,,stop,-1.0,-1.0,-1.0,-1.0
témoin,NZDJPY,2024-02-23 10:00:00,2.5108481262327094,13.0,False,,objectif,2.5108481262327094,1.0,2.5108481262327094,1.7554240631163547
témoin,NZDJPY,2023-12-19 23:00:00,2.5108481262327094,22.0,True,de nouveau +1 R,rien,0.0,1.0,0.0,0.5
témoin,NZDJPY,2024-03-15 05:00:00,2.5108481262327094,,False,,stop,-1.0,-1.0,-1.0,-1.0
témoin,NZDJPY,2024-05-27 11:00:00,2.5108481262327094,65.0,True,de nouveau +1 R,rien,0.0,1.0,0.0,0.5
témoin,NZDJPY,2026-04-03 11:00:00,2.5108481262327094,,False,,stop,-1.0,-1.0,-1.0,-1.0
témoin,NZDJPY,2025-11-07 04:00:00,2.5108481262327094,,False,,stop,-1.0,-1.0,-1.0,-1.0
témoin,NZDJPY,2025-05-20 08:00:00,2.5108481262327094,41.0,True,de nouveau +1 R,rien,0.0,1.0,0.0,0.5
témoin,NZDJPY,2024-12-04 00:00:00,2.5108481262327094,3.0,True,de nouveau +1 R,rien,0.0,1.0,0.0,0.5
témoin,NZDJPY,2024-04-23 22:00:00,2.5108481262327094,,False,,stop,-1.0,-1.0,-1.0,-1.0
témoin,NZDJPY,2025-05-28 16:00:00,2.5108481262327094,,False,,stop,-1.0,-1.0,-1.0,-1.0
témoin,NZDJPY,2025-05-27 11:00:00,2.5108481262327094,,False,,stop,-1.0,-1.0,-1.0,-1.0
témoin,NZDJPY,2025-05-12 14:00:00,2.5108481262327094,10.0,True,stop,stop,-1.0,1.0,0.0,0.5
témoin,NZDJPY,2025-06-13 02:00:00,2.5108481262327094,,False,,stop,-1.0,-1.0,-1.0,-1.0
témoin,NZDJPY,2025-06-10 18:00:00,2.5108481262327094,27.0,False,,objectif,2.5108481262327094,1.0,2.5108481262327094,1.7554240631163547
témoin,NZDJPY,2025-04-29 03:00:00,2.5108481262327094,11.0,True,stop,stop,-1.0,1.0,0.0,0.5
témoin,NZDJPY,2024-03-26 06:00:00,2.5108481262327094,50.0,True,stop,stop,-1.0,1.0,0.0,0.5
témoin,NZDJPY,2024-07-10 18:00:00,2.5108481262327094,18.0,False,,objectif,2.5108481262327094,1.0,2.5108481262327094,1.7554240631163547
Amirou,USDCHF,2025-04-29 08:00:00,2.4012048192771163,,False,,stop,-1.0,-1.0,-1.0,-1.0
témoin,USDCHF,2024-03-06 13:00:00,2.4012048192771163,33.0,True,,rien,0.0,1.0,0.0,0.5
témoin,USDCHF,2025-02-25 01:00:00,2.4012048192771163,130.0,False,,objectif,2.4012048192771163,1.0,2.4012048192771163,1.7006024096385581
témoin,USDCHF,2025-07-31 08:00:00,2.4012048192771163,29.0,True,de nouveau +1 R,rien,0.0,1.0,0.0,0.5
témoin,USDCHF,2026-05-12 00:00:00,2.4012048192771163,,False,,stop,-1.0,-1.0,-1.0,-1.0
témoin,USDCHF,2025-01-22 21:00:00,2.4012048192771163,60.0,True,stop,stop,-1.0,1.0,0.0,0.5
témoin,USDCHF,2025-01-06 02:00:00,2.4012048192771163,9.0,True,stop,stop,-1.0,1.0,0.0,0.5
témoin,USDCHF,2026-08-24 07:00:00,2.4012048192771163,,False,,stop,-1.0,-1.0,-1.0,-1.0
témoin,USDCHF,2025-05-05 22:00:00,2.4012048192771163,,False,,stop,-1.0,-1.0,-1.0,-1.0
témoin,USDCHF,2024-12-31 10:00:00,2.4012048192771163,,False,,stop,-1.0,-1.0,-1.0,-1.0
témoin,USDCHF,2026-07-09 14:00:00,2.4012048192771163,,False,,stop,-1.0,-1.0,-1.0,-1.0
témoin,USDCHF,2025-09-12 10:00:00,2.4012048192771163,46.0,True,,rien,0.0,1.0,0.0,0.5
témoin,USDCHF,2024-08-06 03:00:00,2.4012048192771163,,False,,stop,-1.0,-1.0,-1.0,-1.0
témoin,USDCHF,2026-03-30 23:00:00,2.4012048192771163,37.0,True,de nouveau +1 R,rien,0.0,1.0,0.0,0.5
témoin,USDCHF,2025-12-12 16:00:00,2.4012048192771163,158.0,False,,rien,0.0,1.0,0.0,0.5
témoin,USDCHF,2024-05-13 00:00:00,2.4012048192771163,,False,,stop,-1.0,-1.0,-1.0,-1.0
témoin,USDCHF,2025-04-15 11:00:00,2.4012048192771163,,False,,stop,-1.0,-1.0,-1.0,-1.0
témoin,USDCHF,2025-06-11 22:00:00,2.4012048192771163,13.0,True,de nouveau +1 R,rien,0.0,1.0,0.0,0.5
témoin,USDCHF,2026-02-16 22:00:00,2.4012048192771163,,False,,stop,-1.0,-1.0,-1.0,-1.0
témoin,USDCHF,2025-02-04 14:00:00,2.4012048192771163,25.0,True,de nouveau +1 R,rien,0.0,1.0,0.0,0.5
témoin,USDCHF,2024-12-10 15:00:00,2.4012048192771163,,False,,stop,-1.0,-1.0,-1.0,-1.0
Amirou,EURUSD,2025-04-30 15:00:00,19.217391304345362,1.0,True,stop,stop,-1.0,1.0,0.0,0.5
témoin,EURUSD,2025-07-30 16:00:00,19.217391304345362,1.0,True,stop,stop,-1.0,1.0,0.0,0.5
témoin,EURUSD,2025-06-16 07:00:00,19.217391304345362,1.0,True,de nouveau +1 R,rien,0.0,1.0,0.0,0.5
témoin,EURUSD,2025-07-02 17:00:00,19.217391304345362,1.0,True,de nouveau +1 R,rien,0.0,1.0,0.0,0.5
témoin,EURUSD,2024-12-20 05:00:00,19.217391304345362,,False,,stop,-1.0,-1.0,-1.0,-1.0
témoin,EURUSD,2024-07-04 23:00:00,19.217391304345362,2.0,True,de nouveau +1 R,rien,0.0,1.0,0.0,0.5
témoin,EURUSD,2026-05-11 05:00:00,19.217391304345362,1.0,True,stop,stop,-1.0,1.0,0.0,0.5
témoin,EURUSD,2026-05-22 16:00:00,19.217391304345362,1.0,True,de nouveau +1 R,rien,0.0,1.0,0.0,0.5
témoin,EURUSD,2026-06-29 05:00:00,19.217391304345362,1.0,True,stop,stop,-1.0,1.0,0.0,0.5
témoin,EURUSD,2024-02-26 04:00:00,19.217391304345362,2.0,True,stop,stop,-1.0,1.0,0.0,0.5
témoin,EURUSD,2025-09-12 14:00:00,19.217391304345362,1.0,True,de nouveau +1 R,rien,0.0,1.0,0.0,0.5
témoin,EURUSD,2024-11-05 05:00:00,19.217391304345362,2.0,True,stop,stop,-1.0,1.0,0.0,0.5
témoin,EURUSD,2026-09-02 19:00:00,19.217391304345362,6.0,True,de nouveau +1 R,rien,0.0,1.0,0.0,0.5
témoin,EURUSD,2025-09-26 08:00:00,19.217391304345362,1.0,True,stop,stop,-1.0,1.0,0.0,0.5
témoin,EURUSD,2025-12-23 14:00:00,19.217391304345362,,False,,stop,-1.0,-1.0,-1.0,-1.0
témoin,EURUSD,2025-09-01 15:00:00,19.217391304345362,,False,,stop,-1.0,-1.0,-1.0,-1.0
témoin,EURUSD,2026-04-03 05:00:00,19.217391304345362,2.0,True,stop,stop,-1.0,1.0,0.0,0.5
témoin,EURUSD,2024-07-17 17:00:00,19.217391304345362,1.0,True,de nouveau +1 R,rien,0.0,1.0,0.0,0.5
témoin,EURUSD,2026-06-08 18:00:00,19.217391304345362,,False,,stop,-1.0,-1.0,-1.0,-1.0
témoin,EURUSD,2025-01-02 11:00:00,19.217391304345362,1.0,True,stop,stop,-1.0,1.0,0.0,0.5
témoin,EURUSD,2024-09-16 06:00:00,19.217391304345362,1.0,True,de nouveau +1 R,rien,0.0,1.0,0.0,0.5
Amirou,XAUUSD,2025-04-29 12:00:00,2.137137766598566,,False,,stop,-1.0,-1.0,-1.0,-1.0
témoin,XAUUSD,2025-04-16 11:00:00,2.137137766598566,8.0,True,de nouveau +1 R,rien,0.0,1.0,0.0,0.5
témoin,XAUUSD,2026-09-04 06:00:00,2.137137766598566,,False,,stop,-1.0,-1.0,-1.0,-1.0
témoin,XAUUSD,2024-09-23 12:00:00,2.137137766598566,30.0,True,de nouveau +1 R,rien,0.0,1.0,0.0,0.5
témoin,XAUUSD,2025-04-10 14:00:00,2.137137766598566,1.0,False,,objectif,2.137137766598566,1.0,2.137137766598566,1.568568883299283
témoin,XAUUSD,2026-05-12 09:00:00,2.137137766598566,,False,,stop,-1.0,-1.0,-1.0,-1.0
témoin,XAUUSD,2025-07-10 13:00:00,2.137137766598566,23.0,True,de nouveau +1 R,rien,0.0,1.0,0.0,0.5
témoin,XAUUSD,2024-10-16 00:00:00,2.137137766598566,47.0,False,,objectif,2.137137766598566,1.0,2.137137766598566,1.568568883299283
témoin,XAUUSD,2024-10-11 02:00:00,2.137137766598566,71.0,False,,objectif,2.137137766598566,1.0,2.137137766598566,1.568568883299283
témoin,XAUUSD,2026-08-04 02:00:00,2.137137766598566,15.0,False,,objectif,2.137137766598566,1.0,2.137137766598566,1.568568883299283
témoin,XAUUSD,2026-04-17 06:00:00,2.137137766598566,6.0,False,,objectif,2.137137766598566,1.0,2.137137766598566,1.568568883299283
témoin,XAUUSD,2026-02-05 18:00:00,2.137137766598566,,False,,stop,-1.0,-1.0,-1.0,-1.0
témoin,XAUUSD,2025-02-26 06:00:00,2.137137766598566,,False,,stop,-1.0,-1.0,-1.0,-1.0
témoin,XAUUSD,2024-06-10 17:00:00,2.137137766598566,156.0,True,,rien,0.0,1.0,0.0,0.5
témoin,XAUUSD,2025-12-19 15:00:00,2.137137766598566,8.0,False,,objectif,2.137137766598566,1.0,2.137137766598566,1.568568883299283
témoin,XAUUSD,2026-05-19 02:00:00,2.137137766598566,,False,,stop,-1.0,-1.0,-1.0,-1.0
témoin,XAUUSD,2024-11-12 10:00:00,2.137137766598566,,False,,stop,-1.0,-1.0,-1.0,-1.0
témoin,XAUUSD,2024-08-09 18:00:00,2.137137766598566,20.0,True,de nouveau +1 R,rien,0.0,1.0,0.0,0.5
témoin,XAUUSD,2025-03-10 16:00:00,2.137137766598566,54.0,False,,objectif,2.137137766598566,1.0,2.137137766598566,1.568568883299283
témoin,XAUUSD,2024-12-12 10:00:00,2.137137766598566,,False,,stop,-1.0,-1.0,-1.0,-1.0
témoin,XAUUSD,2025-04-07 01:00:00,2.137137766598566,1.0,False,,objectif,2.137137766598566,1.0,2.137137766598566,1.568568883299283
Amirou,GBPUSD,2025-05-07 18:00:00,2.082340195016237,23.0,False,,objectif,2.082340195016237,1.0,2.082340195016237,1.5411700975081184
témoin,GBPUSD,2025-01-27 04:00:00,2.082340195016237,115.0,False,,objectif,2.082340195016237,1.0,2.082340195016237,1.5411700975081184
témoin,GBPUSD,2024-08-09 19:00:00,2.082340195016237,,False,,stop,-1.0,-1.0,-1.0,-1.0
témoin,GBPUSD,2026-08-25 14:00:00,2.082340195016237,72.0,False,,rien,0.0,1.0,0.0,0.5
témoin,GBPUSD,2024-01-22 05:00:00,2.082340195016237,226.0,False,,rien,0.0,1.0,0.0,0.5
témoin,GBPUSD,2025-12-16 17:00:00,2.082340195016237,14.0,True,stop,stop,-1.0,1.0,0.0,0.5
témoin,GBPUSD,2026-02-03 03:00:00,2.082340195016237,54.0,True,,rien,0.0,1.0,0.0,0.5
témoin,GBPUSD,2025-02-21 06:00:00,2.082340195016237,131.0,True,stop,stop,-1.0,1.0,0.0,0.5
témoin,GBPUSD,2026-08-03 19:00:00,2.082340195016237,,False,,stop,-1.0,-1.0,-1.0,-1.0
témoin,GBPUSD,2026-09-16 08:00:00,2.082340195016237,11.0,False,,objectif,2.082340195016237,1.0,2.082340195016237,1.5411700975081184
témoin,GBPUSD,2024-07-31 09:00:00,2.082340195016237,33.0,True,de nouveau +1 R,rien,0.0,1.0,0.0,0.5
témoin,GBPUSD,2024-07-03 17:00:00,2.082340195016237,,False,,stop,-1.0,-1.0,-1.0,-1.0
témoin,GBPUSD,2024-05-28 15:00:00,2.082340195016237,39.0,True,,rien,0.0,1.0,0.0,0.5
témoin,GBPUSD,2024-04-01 10:00:00,2.082340195016237,172.0,False,,rien,0.0,1.0,0.0,0.5
témoin,GBPUSD,2024-11-29 11:00:00,2.082340195016237,,False,,stop,-1.0,-1.0,-1.0,-1.0
témoin,GBPUSD,2024-07-25 02:00:00,2.082340195016237,123.0,False,,objectif,2.082340195016237,1.0,2.082340195016237,1.5411700975081184
témoin,GBPUSD,2024-03-08 05:00:00,2.082340195016237,161.0,False,,objectif,2.082340195016237,1.0,2.082340195016237,1.5411700975081184
témoin,GBPUSD,2025-06-12 00:00:00,2.082340195016237,86.0,False,,objectif,2.082340195016237,1.0,2.082340195016237,1.5411700975081184
témoin,GBPUSD,2025-10-01 15:00:00,2.082340195016237,24.0,False,,objectif,2.082340195016237,1.0,2.082340195016237,1.5411700975081184
témoin,GBPUSD,2026-03-25 06:00:00,2.082340195016237,53.0,False,,objectif,2.082340195016237,1.0,2.082340195016237,1.5411700975081184
témoin,GBPUSD,2024-12-20 10:00:00,2.082340195016237,,False,,stop,-1.0,-1.0,-1.0,-1.0
Amirou,EURUSD,2025-05-07 18:00:00,1.9975062344138934,2.0,False,,objectif,1.9975062344138934,1.0,1.9975062344138934,1.4987531172069466
témoin,EURUSD,2024-09-20 02:00:00,1.9975062344138934,27.0,True,stop,stop,-1.0,1.0,0.0,0.5
témoin,EURUSD,2025-07-04 17:00:00,1.9975062344138934,13.0,False,,objectif,1.9975062344138934,1.0,1.9975062344138934,1.4987531172069466
témoin,EURUSD,2025-05-22 20:00:00,1.9975062344138934,,False,,stop,-1.0,-1.0,-1.0,-1.0
témoin,EURUSD,2026-06-18 17:00:00,1.9975062344138934,12.0,True,de nouveau +1 R,rien,0.0,1.0,0.0,0.5
témoin,EURUSD,2025-05-13 09:00:00,1.9975062344138934,,False,,stop,-1.0,-1.0,-1.0,-1.0
témoin,EURUSD,2026-05-05 22:00:00,1.9975062344138934,,False,,stop,-1.0,-1.0,-1.0,-1.0
témoin,EURUSD,2024-03-13 02:00:00,1.9975062344138934,37.0,False,,objectif,1.9975062344138934,1.0,1.9975062344138934,1.4987531172069466
témoin,EURUSD,2026-07-06 04:00:00,1.9975062344138934,59.0,True,de nouveau +1 R,rien,0.0,1.0,0.0,0.5
témoin,EURUSD,2025-01-29 03:00:00,1.9975062344138934,9.0,True,de nouveau +1 R,rien,0.0,1.0,0.0,0.5
témoin,EURUSD,2026-07-17 17:00:00,1.9975062344138934,49.0,False,,objectif,1.9975062344138934,1.0,1.9975062344138934,1.4987531172069466
témoin,EURUSD,2024-04-15 08:00:00,1.9975062344138934,17.0,True,de nouveau +1 R,rien,0.0,1.0,0.0,0.5
témoin,EURUSD,2025-08-01 09:00:00,1.9975062344138934,,False,,stop,-1.0,-1.0,-1.0,-1.0
témoin,EURUSD,2025-06-25 19:00:00,1.9975062344138934,,False,,stop,-1.0,-1.0,-1.0,-1.0
témoin,EURUSD,2025-05-06 11:00:00,1.9975062344138934,,False,,stop,-1.0,-1.0,-1.0,-1.0
témoin,EURUSD,2024-08-19 18:00:00,1.9975062344138934,,False,,stop,-1.0,-1.0,-1.0,-1.0
témoin,EURUSD,2024-01-24 00:00:00,1.9975062344138934,,False,,stop,-1.0,-1.0,-1.0,-1.0
témoin,EURUSD,2024-05-02 00:00:00,1.9975062344138934,14.0,True,stop,stop,-1.0,1.0,0.0,0.5
témoin,EURUSD,2024-03-28 07:00:00,1.9975062344138934,2.0,True,de nouveau +1 R,rien,0.0,1.0,0.0,0.5
témoin,EURUSD,2025-08-07 14:00:00,1.9975062344138934,46.0,True,stop,stop,-1.0,1.0,0.0,0.5
témoin,EURUSD,2025-05-28 00:00:00,1.9975062344138934,5.0,True,de nouveau +1 R,rien,0.0,1.0,0.0,0.5
Amirou,GBPJPY,2025-06-13 15:00:00,2.086785009861898,3.0,True,stop,stop,-1.0,1.0,0.0,0.5
témoin,GBPJPY,2025-01-31 21:00:00,2.086785009861898,2.0,False,,objectif,2.086785009861898,1.0,2.086785009861898,1.543392504930949
témoin,GBPJPY,2026-04-29 15:00:00,2.086785009861898,16.0,False,,objectif,2.086785009861898,1.0,2.086785009861898,1.543392504930949
témoin,GBPJPY,2024-12-30 11:00:00,2.086785009861898,2.0,False,,objectif,2.086785009861898,1.0,2.086785009861898,1.543392504930949
témoin,GBPJPY,2025-02-25 12:00:00,2.086785009861898,2.0,False,,objectif,2.086785009861898,1.0,2.086785009861898,1.543392504930949
témoin,GBPJPY,2024-02-09 07:00:00,2.086785009861898,28.0,True,stop,stop,-1.0,1.0,0.0,0.5
témoin,GBPJPY,2023-12-19 16:00:00,2.086785009861898,12.0,False,,objectif,2.086785009861898,1.0,2.086785009861898,1.543392504930949
témoin,GBPJPY,2026-07-30 14:00:00,2.086785009861898,1.0,False,,objectif,2.086785009861898,1.0,2.086785009861898,1.543392504930949
témoin,GBPJPY,2024-07-17 07:00:00,2.086785009861898,1.0,False,,objectif,2.086785009861898,1.0,2.086785009861898,1.543392504930949
témoin,GBPJPY,2024-06-17 02:00:00,2.086785009861898,4.0,True,stop,stop,-1.0,1.0,0.0,0.5
témoin,GBPJPY,2026-01-21 17:00:00,2.086785009861898,,False,,stop,-1.0,-1.0,-1.0,-1.0
témoin,GBPJPY,2026-04-07 09:00:00,2.086785009861898,,False,,stop,-1.0,-1.0,-1.0,-1.0
témoin,GBPJPY,2024-05-23 12:00:00,2.086785009861898,,False,,stop,-1.0,-1.0,-1.0,-1.0
témoin,GBPJPY,2025-06-20 08:00:00,2.086785009861898,,False,,stop,-1.0,-1.0,-1.0,-1.0
témoin,GBPJPY,2024-07-04 03:00:00,2.086785009861898,24.0,True,stop,stop,-1.0,1.0,0.0,0.5
témoin,GBPJPY,2025-07-25 01:00:00,2.086785009861898,4.0,True,de nouveau +1 R,rien,0.0,1.0,0.0,0.5
témoin,GBPJPY,2024-09-30 02:00:00,2.086785009861898,3.0,False,,objectif,2.086785009861898,1.0,2.086785009861898,1.543392504930949
témoin,GBPJPY,2024-11-11 14:00:00,2.086785009861898,13.0,False,,objectif,2.086785009861898,1.0,2.086785009861898,1.543392504930949
témoin,GBPJPY,2025-08-21 11:00:00,2.086785009861898,1.0,True,de nouveau +1 R,rien,0.0,1.0,0.0,0.5
témoin,GBPJPY,2026-07-16 06:00:00,2.086785009861898,5.0,True,de nouveau +1 R,rien,0.0,1.0,0.0,0.5
témoin,GBPJPY,2026-04-09 10:00:00,2.086785009861898,,False,,stop,-1.0,-1.0,-1.0,-1.0
Amirou,NZDUSD,2025-06-13 00:00:00,2.000000000000044,,False,,stop,-1.0,-1.0,-1.0,-1.0
témoin,NZDUSD,2024-01-01 19:00:00,2.000000000000044,,False,,stop,-1.0,-1.0,-1.0,-1.0
témoin,NZDUSD,2024-07-23 20:00:00,2.000000000000044,,False,,stop,-1.0,-1.0,-1.0,-1.0
témoin,NZDUSD,2026-06-05 20:00:00,2.000000000000044,13.0,True,stop,stop,-1.0,1.0,0.0,0.5
témoin,NZDUSD,2025-08-12 04:00:00,2.000000000000044,11.0,False,,objectif,2.000000000000044,1.0,2.000000000000044,1.500000000000022
témoin,NZDUSD,2024-10-01 06:00:00,2.000000000000044,,False,,stop,-1.0,-1.0,-1.0,-1.0
témoin,NZDUSD,2025-06-02 22:00:00,2.000000000000044,,False,,stop,-1.0,-1.0,-1.0,-1.0
témoin,NZDUSD,2026-08-28 03:00:00,2.000000000000044,,False,,stop,-1.0,-1.0,-1.0,-1.0
témoin,NZDUSD,2025-03-07 11:00:00,2.000000000000044,,False,,stop,-1.0,-1.0,-1.0,-1.0
témoin,NZDUSD,2024-01-12 20:00:00,2.000000000000044,,False,,stop,-1.0,-1.0,-1.0,-1.0
témoin,NZDUSD,2025-07-23 09:00:00,2.000000000000044,16.0,True,stop,stop,-1.0,1.0,0.0,0.5
témoin,NZDUSD,2026-03-16 03:00:00,2.000000000000044,7.0,False,,objectif,2.000000000000044,1.0,2.000000000000044,1.500000000000022
témoin,NZDUSD,2026-03-17 22:00:00,2.000000000000044,,False,,stop,-1.0,-1.0,-1.0,-1.0
témoin,NZDUSD,2025-11-26 01:00:00,2.000000000000044,1.0,False,,objectif,2.000000000000044,1.0,2.000000000000044,1.500000000000022
témoin,NZDUSD,2024-07-22 20:00:00,2.000000000000044,,False,,stop,-1.0,-1.0,-1.0,-1.0
témoin,NZDUSD,2025-04-14 20:00:00,2.000000000000044,6.0,False,,objectif,2.000000000000044,1.0,2.000000000000044,1.500000000000022
témoin,NZDUSD,2025-04-30 05:00:00,2.000000000000044,,False,,stop,-1.0,-1.0,-1.0,-1.0
témoin,NZDUSD,2025-12-19 06:00:00,2.000000000000044,25.0,False,,objectif,2.000000000000044,1.0,2.000000000000044,1.500000000000022
témoin,NZDUSD,2024-03-22 10:00:00,2.000000000000044,,False,,stop,-1.0,-1.0,-1.0,-1.0
témoin,NZDUSD,2024-03-25 07:00:00,2.000000000000044,26.0,True,stop,stop,-1.0,1.0,0.0,0.5
témoin,NZDUSD,2025-05-15 18:00:00,2.000000000000044,9.0,True,de nouveau +1 R,rien,0.0,1.0,0.0,0.5
Amirou,EURUSD,2025-07-08 21:00:00,2.8134110787171465,14.0,True,de nouveau +1 R,rien,0.0,1.0,0.0,0.5
témoin,EURUSD,2024-02-23 19:00:00,2.8134110787171465,,False,,stop,-1.0,-1.0,-1.0,-1.0
témoin,EURUSD,2026-02-23 23:00:00,2.8134110787171465,,False,,stop,-1.0,-1.0,-1.0,-1.0
témoin,EURUSD,2025-04-11 17:00:00,2.8134110787171465,,False,,stop,-1.0,-1.0,-1.0,-1.0
témoin,EURUSD,2026-09-21 11:00:00,2.8134110787171465,21.0,False,,objectif,2.8134110787171465,1.0,2.8134110787171465,1.9067055393585732
témoin,EURUSD,2024-08-07 02:00:00,2.8134110787171465,35.0,True,stop,stop,-1.0,1.0,0.0,0.5
témoin,EURUSD,2025-04-09 07:00:00,2.8134110787171465,1.0,True,de nouveau +1 R,rien,0.0,1.0,0.0,0.5
témoin,EURUSD,2026-06-01 19:00:00,2.8134110787171465,43.0,True,de nouveau +1 R,rien,0.0,1.0,0.0,0.5
témoin,EURUSD,2024-10-09 23:00:00,2.8134110787171465,17.0,True,de nouveau +1 R,rien,0.0,1.0,0.0,0.5
témoin,EURUSD,2024-08-22 20:00:00,2.8134110787171465,,False,,stop,-1.0,-1.0,-1.0,-1.0
témoin,EURUSD,2025-07-23 00:00:00,2.8134110787171465,,False,,stop,-1.0,-1.0,-1.0,-1.0
témoin,EURUSD,2025-09-15 04:00:00,2.8134110787171465,,False,,stop,-1.0,-1.0,-1.0,-1.0
témoin,EURUSD,2024-12-24 17:00:00,2.8134110787171465,,False,,stop,-1.0,-1.0,-1.0,-1.0
témoin,EURUSD,2026-03-26 10:00:00,2.8134110787171465,1.0,False,,objectif,2.8134110787171465,1.0,2.8134110787171465,1.9067055393585732
témoin,EURUSD,2024-04-11 18:00:00,2.8134110787171465,12.0,False,,objectif,2.8134110787171465,1.0,2.8134110787171465,1.9067055393585732
témoin,EURUSD,2025-10-22 00:00:00,2.8134110787171465,,False,,stop,-1.0,-1.0,-1.0,-1.0
témoin,EURUSD,2025-05-28 10:00:00,2.8134110787171465,3.0,False,,objectif,2.8134110787171465,1.0,2.8134110787171465,1.9067055393585732
témoin,EURUSD,2026-07-20 21:00:00,2.8134110787171465,63.0,True,de nouveau +1 R,rien,0.0,1.0,0.0,0.5
témoin,EURUSD,2026-03-03 18:00:00,2.8134110787171465,,False,,stop,-1.0,-1.0,-1.0,-1.0
témoin,EURUSD,2026-04-14 16:00:00,2.8134110787171465,,False,,stop,-1.0,-1.0,-1.0,-1.0
témoin,EURUSD,2026-06-04 03:00:00,2.8134110787171465,,False,,stop,-1.0,-1.0,-1.0,-1.0
Amirou,AUDUSD,2025-07-08 13:00:00,2.079999999999969,,False,,stop,-1.0,-1.0,-1.0,-1.0
témoin,AUDUSD,2024-01-09 22:00:00,2.079999999999969,,False,,stop,-1.0,-1.0,-1.0,-1.0
témoin,AUDUSD,2026-08-31 16:00:00,2.079999999999969,36.0,True,stop,stop,-1.0,1.0,0.0,0.5
témoin,AUDUSD,2024-04-04 22:00:00,2.079999999999969,14.0,True,stop,stop,-1.0,1.0,0.0,0.5
témoin,AUDUSD,2024-12-20 00:00:00,2.079999999999969,,False,,stop,-1.0,-1.0,-1.0,-1.0
témoin,AUDUSD,2024-08-28 13:00:00,2.079999999999969,,False,,stop,-1.0,-1.0,-1.0,-1.0
témoin,AUDUSD,2024-08-26 10:00:00,2.079999999999969,,False,,stop,-1.0,-1.0,-1.0,-1.0
témoin,AUDUSD,2024-03-22 21:00:00,2.079999999999969,,False,,stop,-1.0,-1.0,-1.0,-1.0
témoin,AUDUSD,2024-04-04 11:00:00,2.079999999999969,8.0,True,stop,stop,-1.0,1.0,0.0,0.5
témoin,AUDUSD,2024-09-16 09:00:00,2.079999999999969,,False,,stop,-1.0,-1.0,-1.0,-1.0
témoin,AUDUSD,2025-02-27 04:00:00,2.079999999999969,10.0,False,,objectif,2.079999999999969,1.0,2.079999999999969,1.5399999999999845
témoin,AUDUSD,2024-08-19 12:00:00,2.079999999999969,,False,,stop,-1.0,-1.0,-1.0,-1.0
témoin,AUDUSD,2026-03-10 18:00:00,2.079999999999969,1.0,True,de nouveau +1 R,rien,0.0,1.0,0.0,0.5
témoin,AUDUSD,2024-01-09 08:00:00,2.079999999999969,53.0,True,de nouveau +1 R,rien,0.0,1.0,0.0,0.5
témoin,AUDUSD,2024-08-08 01:00:00,2.079999999999969,,False,,stop,-1.0,-1.0,-1.0,-1.0
témoin,AUDUSD,2026-08-25 03:00:00,2.079999999999969,,False,,stop,-1.0,-1.0,-1.0,-1.0
témoin,AUDUSD,2026-04-22 11:00:00,2.079999999999969,30.0,True,stop,stop,-1.0,1.0,0.0,0.5
témoin,AUDUSD,2026-05-27 10:00:00,2.079999999999969,17.0,True,stop,stop,-1.0,1.0,0.0,0.5
témoin,AUDUSD,2025-12-03 02:00:00,2.079999999999969,,False,,stop,-1.0,-1.0,-1.0,-1.0
témoin,AUDUSD,2025-05-28 10:00:00,2.079999999999969,3.0,True,de nouveau +1 R,rien,0.0,1.0,0.0,0.5
témoin,AUDUSD,2024-07-04 16:00:00,2.079999999999969,,False,,stop,-1.0,-1.0,-1.0,-1.0
Amirou,NZDUSD,2025-07-15 12:00:00,2.0562913907284774,2.0,False,,objectif,2.0562913907284774,1.0,2.0562913907284774,1.5281456953642387
témoin,NZDUSD,2026-03-04 12:00:00,2.0562913907284774,,False,,stop,-1.0,-1.0,-1.0,-1.0
témoin,NZDUSD,2025-09-12 11:00:00,2.0562913907284774,,False,,stop,-1.0,-1.0,-1.0,-1.0
témoin,NZDUSD,2026-05-28 07:00:00,2.0562913907284774,,False,,stop,-1.0,-1.0,-1.0,-1.0
témoin,NZDUSD,2026-03-23 22:00:00,2.0562913907284774,6.0,False,,objectif,2.0562913907284774,1.0,2.0562913907284774,1.5281456953642387
témoin,NZDUSD,2026-06-10 03:00:00,2.0562913907284774,19.0,True,stop,stop,-1.0,1.0,0.0,0.5
témoin,NZDUSD,2026-07-15 23:00:00,2.0562913907284774,101.0,False,,objectif,2.0562913907284774,1.0,2.0562913907284774,1.5281456953642387
témoin,NZDUSD,2023-12-20 17:00:00,2.0562913907284774,4.0,True,stop,stop,-1.0,1.0,0.0,0.5
témoin,NZDUSD,2024-05-27 21:00:00,2.0562913907284774,42.0,True,stop,stop,-1.0,1.0,0.0,0.5
témoin,NZDUSD,2025-07-09 14:00:00,2.0562913907284774,,False,,stop,-1.0,-1.0,-1.0,-1.0
témoin,NZDUSD,2026-03-25 14:00:00,2.0562913907284774,21.0,False,,objectif,2.0562913907284774,1.0,2.0562913907284774,1.5281456953642387
témoin,NZDUSD,2026-05-12 13:00:00,2.0562913907284774,20.0,False,,objectif,2.0562913907284774,1.0,2.0562913907284774,1.5281456953642387
témoin,NZDUSD,2026-02-06 12:00:00,2.0562913907284774,,False,,stop,-1.0,-1.0,-1.0,-1.0
témoin,NZDUSD,2026-05-26 23:00:00,2.0562913907284774,,False,,stop,-1.0,-1.0,-1.0,-1.0
témoin,NZDUSD,2024-08-16 17:00:00,2.0562913907284774,,False,,stop,-1.0,-1.0,-1.0,-1.0
témoin,NZDUSD,2026-04-01 18:00:00,2.0562913907284774,7.0,False,,objectif,2.0562913907284774,1.0,2.0562913907284774,1.5281456953642387
témoin,NZDUSD,2024-10-08 14:00:00,2.0562913907284774,13.0,False,,objectif,2.0562913907284774,1.0,2.0562913907284774,1.5281456953642387
témoin,NZDUSD,2024-02-01 02:00:00,2.0562913907284774,6.0,True,stop,stop,-1.0,1.0,0.0,0.5
témoin,NZDUSD,2026-08-10 12:00:00,2.0562913907284774,45.0,False,,objectif,2.0562913907284774,1.0,2.0562913907284774,1.5281456953642387
témoin,NZDUSD,2025-07-09 09:00:00,2.0562913907284774,,False,,stop,-1.0,-1.0,-1.0,-1.0
témoin,NZDUSD,2024-12-16 02:00:00,2.0562913907284774,49.0,False,,objectif,2.0562913907284774,1.0,2.0562913907284774,1.5281456953642387
Amirou,EURNZD,2025-07-16 13:00:00,2.348571428571359,,False,,stop,-1.0,-1.0,-1.0,-1.0
témoin,EURNZD,2024-12-30 13:00:00,2.348571428571359,1.0,True,stop,stop,-1.0,1.0,0.0,0.5
témoin,EURNZD,2024-10-02 18:00:00,2.348571428571359,,False,,stop,-1.0,-1.0,-1.0,-1.0
témoin,EURNZD,2026-01-01 18:00:00,2.348571428571359,1.0,False,,objectif,2.348571428571359,1.0,2.348571428571359,1.6742857142856795
témoin,EURNZD,2025-12-11 09:00:00,2.348571428571359,,False,,stop,-1.0,-1.0,-1.0,-1.0
témoin,EURNZD,2024-12-19 20:00:00,2.348571428571359,,False,,stop,-1.0,-1.0,-1.0,-1.0
témoin,EURNZD,2024-04-29 09:00:00,2.348571428571359,,False,,stop,-1.0,-1.0,-1.0,-1.0
témoin,EURNZD,2024-11-05 07:00:00,2.348571428571359,,False,,stop,-1.0,-1.0,-1.0,-1.0
témoin,EURNZD,2025-04-17 00:00:00,2.348571428571359,,False,,stop,-1.0,-1.0,-1.0,-1.0
témoin,EURNZD,2026-03-09 19:00:00,2.348571428571359,,False,,stop,-1.0,-1.0,-1.0,-1.0
témoin,EURNZD,2024-12-11 07:00:00,2.348571428571359,,False,,stop,-1.0,-1.0,-1.0,-1.0
témoin,EURNZD,2025-04-28 19:00:00,2.348571428571359,2.0,True,de nouveau +1 R,rien,0.0,1.0,0.0,0.5
témoin,EURNZD,2025-06-17 20:00:00,2.348571428571359,1.0,True,de nouveau +1 R,rien,0.0,1.0,0.0,0.5
témoin,EURNZD,2024-05-10 04:00:00,2.348571428571359,,False,,stop,-1.0,-1.0,-1.0,-1.0
témoin,EURNZD,2025-08-15 11:00:00,2.348571428571359,,False,,stop,-1.0,-1.0,-1.0,-1.0
témoin,EURNZD,2025-02-20 16:00:00,2.348571428571359,,False,,stop,-1.0,-1.0,-1.0,-1.0
témoin,EURNZD,2025-09-23 02:00:00,2.348571428571359,7.0,True,de nouveau +1 R,rien,0.0,1.0,0.0,0.5
témoin,EURNZD,2026-01-02 22:00:00,2.348571428571359,,False,,stop,-1.0,-1.0,-1.0,-1.0
témoin,EURNZD,2025-02-25 13:00:00,2.348571428571359,,False,,stop,-1.0,-1.0,-1.0,-1.0
témoin,EURNZD,2024-12-13 08:00:00,2.348571428571359,,False,,stop,-1.0,-1.0,-1.0,-1.0
témoin,EURNZD,2026-06-01 03:00:00,2.348571428571359,,False,,stop,-1.0,-1.0,-1.0,-1.0
Amirou,GBPJPY,2025-08-07 11:00:00,3.108000000000023,,False,,stop,-1.0,-1.0,-1.0,-1.0
témoin,GBPJPY,2026-01-14 05:00:00,3.108000000000023,7.0,False,,objectif,3.108000000000023,1.0,3.108000000000023,2.054000000000012
témoin,GBPJPY,2026-04-08 22:00:00,3.108000000000023,,False,,stop,-1.0,-1.0,-1.0,-1.0
témoin,GBPJPY,2025-12-17 03:00:00,3.108000000000023,4.0,True,stop,stop,-1.0,1.0,0.0,0.5
témoin,GBPJPY,2026-07-16 11:00:00,3.108000000000023,23.0,False,,objectif,3.108000000000023,1.0,3.108000000000023,2.054000000000012
témoin,GBPJPY,2026-05-18 14:00:00,3.108000000000023,,False,,stop,-1.0,-1.0,-1.0,-1.0
témoin,GBPJPY,2025-03-11 00:00:00,3.108000000000023,,False,,stop,-1.0,-1.0,-1.0,-1.0
témoin,GBPJPY,2026-07-21 09:00:00,3.108000000000023,4.0,True,de nouveau +1 R,rien,0.0,1.0,0.0,0.5
témoin,GBPJPY,2025-12-22 05:00:00,3.108000000000023,,False,,stop,-1.0,-1.0,-1.0,-1.0
témoin,GBPJPY,2026-02-04 10:00:00,3.108000000000023,5.0,False,,objectif,3.108000000000023,1.0,3.108000000000023,2.054000000000012
témoin,GBPJPY,2025-02-24 03:00:00,3.108000000000023,5.0,True,de nouveau +1 R,rien,0.0,1.0,0.0,0.5
témoin,GBPJPY,2025-01-21 18:00:00,3.108000000000023,,False,,stop,-1.0,-1.0,-1.0,-1.0
témoin,GBPJPY,2024-09-23 05:00:00,3.108000000000023,2.0,True,de nouveau +1 R,rien,0.0,1.0,0.0,0.5
témoin,GBPJPY,2024-02-29 01:00:00,3.108000000000023,1.0,True,de nouveau +1 R,rien,0.0,1.0,0.0,0.5
témoin,GBPJPY,2025-10-03 05:00:00,3.108000000000023,,False,,stop,-1.0,-1.0,-1.0,-1.0
témoin,GBPJPY,2026-07-28 06:00:00,3.108000000000023,,False,,stop,-1.0,-1.0,-1.0,-1.0
témoin,GBPJPY,2026-07-29 13:00:00,3.108000000000023,,False,,stop,-1.0,-1.0,-1.0,-1.0
témoin,GBPJPY,2025-01-27 07:00:00,3.108000000000023,1.0,False,,objectif,3.108000000000023,1.0,3.108000000000023,2.054000000000012
témoin,GBPJPY,2026-03-09 11:00:00,3.108000000000023,,False,,stop,-1.0,-1.0,-1.0,-1.0
témoin,GBPJPY,2025-11-10 21:00:00,3.108000000000023,,False,,stop,-1.0,-1.0,-1.0,-1.0
témoin,GBPJPY,2024-09-27 18:00:00,3.108000000000023,9.0,True,stop,stop,-1.0,1.0,0.0,0.5
Amirou,EURAUD,2025-08-12 03:00:00,2.0135802469135595,5.0,False,,objectif,2.0135802469135595,1.0,2.0135802469135595,1.5067901234567798
témoin,EURAUD,2025-08-12 21:00:00,2.0135802469135595,53.0,False,,objectif,2.0135802469135595,1.0,2.0135802469135595,1.5067901234567798
témoin,EURAUD,2024-08-01 02:00:00,2.0135802469135595,,False,,stop,-1.0,-1.0,-1.0,-1.0
témoin,EURAUD,2026-06-19 11:00:00,2.0135802469135595,41.0,False,,objectif,2.0135802469135595,1.0,2.0135802469135595,1.5067901234567798
témoin,EURAUD,2026-01-29 21:00:00,2.0135802469135595,5.0,True,stop,stop,-1.0,1.0,0.0,0.5
témoin,EURAUD,2025-10-08 23:00:00,2.0135802469135595,,False,,stop,-1.0,-1.0,-1.0,-1.0
témoin,EURAUD,2025-11-24 19:00:00,2.0135802469135595,19.0,True,stop,stop,-1.0,1.0,0.0,0.5
témoin,EURAUD,2026-07-13 15:00:00,2.0135802469135595,,False,,stop,-1.0,-1.0,-1.0,-1.0
témoin,EURAUD,2026-05-04 22:00:00,2.0135802469135595,,False,,stop,-1.0,-1.0,-1.0,-1.0
témoin,EURAUD,2025-03-20 16:00:00,2.0135802469135595,,False,,stop,-1.0,-1.0,-1.0,-1.0
témoin,EURAUD,2024-05-10 10:00:00,2.0135802469135595,,False,,stop,-1.0,-1.0,-1.0,-1.0
témoin,EURAUD,2026-06-29 16:00:00,2.0135802469135595,,False,,stop,-1.0,-1.0,-1.0,-1.0
témoin,EURAUD,2026-05-01 07:00:00,2.0135802469135595,,False,,stop,-1.0,-1.0,-1.0,-1.0
témoin,EURAUD,2025-07-28 17:00:00,2.0135802469135595,,False,,stop,-1.0,-1.0,-1.0,-1.0
témoin,EURAUD,2025-02-24 09:00:00,2.0135802469135595,24.0,False,,objectif,2.0135802469135595,1.0,2.0135802469135595,1.5067901234567798
témoin,EURAUD,2024-07-09 21:00:00,2.0135802469135595,90.0,False,,objectif,2.0135802469135595,1.0,2.0135802469135595,1.5067901234567798
témoin,EURAUD,2024-09-16 14:00:00,2.0135802469135595,,False,,stop,-1.0,-1.0,-1.0,-1.0
témoin,EURAUD,2026-07-13 07:00:00,2.0135802469135595,,False,,stop,-1.0,-1.0,-1.0,-1.0
témoin,EURAUD,2024-11-25 14:00:00,2.0135802469135595,24.0,False,,objectif,2.0135802469135595,1.0,2.0135802469135595,1.5067901234567798
témoin,EURAUD,2024-06-17 19:00:00,2.0135802469135595,,False,,stop,-1.0,-1.0,-1.0,-1.0
témoin,EURAUD,2026-09-11 01:00:00,2.0135802469135595,,False,,stop,-1.0,-1.0,-1.0,-1.0
Amirou,GBPUSD,2025-08-12 07:00:00,2.012944983818711,,False,,stop,-1.0,-1.0,-1.0,-1.0
témoin,GBPUSD,2026-05-28 14:00:00,2.012944983818711,,False,,stop,-1.0,-1.0,-1.0,-1.0
témoin,GBPUSD,2026-08-07 19:00:00,2.012944983818711,,False,,stop,-1.0,-1.0,-1.0,-1.0
témoin,GBPUSD,2025-06-30 17:00:00,2.012944983818711,,False,,stop,-1.0,-1.0,-1.0,-1.0
témoin,GBPUSD,2024-03-08 21:00:00,2.012944983818711,16.0,False,,objectif,2.012944983818711,1.0,2.012944983818711,1.5064724919093555
témoin,GBPUSD,2026-07-03 18:00:00,2.012944983818711,,False,,stop,-1.0,-1.0,-1.0,-1.0
témoin,GBPUSD,2024-10-29 09:00:00,2.012944983818711,,False,,stop,-1.0,-1.0,-1.0,-1.0
témoin,GBPUSD,2026-02-19 04:00:00,2.012944983818711,8.0,True,stop,stop,-1.0,1.0,0.0,0.5
témoin,GBPUSD,2025-12-10 16:00:00,2.012944983818711,,False,,stop,-1.0,-1.0,-1.0,-1.0
témoin,GBPUSD,2026-09-07 08:00:00,2.012944983818711,,False,,stop,-1.0,-1.0,-1.0,-1.0
témoin,GBPUSD,2024-01-22 09:00:00,2.012944983818711,,False,,stop,-1.0,-1.0,-1.0,-1.0
témoin,GBPUSD,2026-08-12 23:00:00,2.012944983818711,,False,,stop,-1.0,-1.0,-1.0,-1.0
témoin,GBPUSD,2024-01-22 19:00:00,2.012944983818711,,False,,stop,-1.0,-1.0,-1.0,-1.0
témoin,GBPUSD,2024-05-20 21:00:00,2.012944983818711,,False,,stop,-1.0,-1.0,-1.0,-1.0
témoin,GBPUSD,2024-01-31 05:00:00,2.012944983818711,,False,,stop,-1.0,-1.0,-1.0,-1.0
témoin,GBPUSD,2024-07-26 18:00:00,2.012944983818711,11.0,False,,objectif,2.012944983818711,1.0,2.012944983818711,1.5064724919093555
témoin,GBPUSD,2026-05-12 20:00:00,2.012944983818711,13.0,False,,objectif,2.012944983818711,1.0,2.012944983818711,1.5064724919093555
témoin,GBPUSD,2026-08-11 10:00:00,2.012944983818711,,False,,stop,-1.0,-1.0,-1.0,-1.0
témoin,GBPUSD,2024-11-15 14:00:00,2.012944983818711,1.0,True,stop,stop,-1.0,1.0,0.0,0.5
témoin,GBPUSD,2025-11-06 20:00:00,2.012944983818711,12.0,True,stop,stop,-1.0,1.0,0.0,0.5
témoin,GBPUSD,2024-10-31 21:00:00,2.012944983818711,,False,,stop,-1.0,-1.0,-1.0,-1.0
Amirou,CADJPY,2025-08-12 11:00:00,2.0761421319796973,1.0,True,de nouveau +1 R,rien,0.0,1.0,0.0,0.5
témoin,CADJPY,2026-06-03 19:00:00,2.0761421319796973,9.0,True,de nouveau +1 R,rien,0.0,1.0,0.0,0.5
témoin,CADJPY,2026-02-23 12:00:00,2.0761421319796973,1.0,True,de nouveau +1 R,objectif,2.0761421319796973,1.0,0.0,0.5
témoin,CADJPY,2025-05-01 10:00:00,2.0761421319796973,,False,,stop,-1.0,-1.0,-1.0,-1.0
témoin,CADJPY,2024-10-31 00:00:00,2.0761421319796973,,False,,stop,-1.0,-1.0,-1.0,-1.0
témoin,CADJPY,2024-05-03 01:00:00,2.0761421319796973,1.0,True,de nouveau +1 R,objectif,2.0761421319796973,1.0,0.0,0.5
témoin,CADJPY,2025-12-26 13:00:00,2.0761421319796973,,False,,stop,-1.0,-1.0,-1.0,-1.0
témoin,CADJPY,2025-07-14 13:00:00,2.0761421319796973,,False,,stop,-1.0,-1.0,-1.0,-1.0
témoin,CADJPY,2024-12-20 03:00:00,2.0761421319796973,,False,,stop,-1.0,-1.0,-1.0,-1.0
témoin,CADJPY,2026-06-02 06:00:00,2.0761421319796973,,False,,stop,-1.0,-1.0,-1.0,-1.0
témoin,CADJPY,2024-10-09 21:00:00,2.0761421319796973,3.0,True,stop,stop,-1.0,1.0,0.0,0.5
témoin,CADJPY,2024-01-29 09:00:00,2.0761421319796973,6.0,True,stop,stop,-1.0,1.0,0.0,0.5
témoin,CADJPY,2025-01-09 01:00:00,2.0761421319796973,2.0,True,de nouveau +1 R,rien,0.0,1.0,0.0,0.5
témoin,CADJPY,2025-05-07 21:00:00,2.0761421319796973,,False,,stop,-1.0,-1.0,-1.0,-1.0
témoin,CADJPY,2024-06-03 02:00:00,2.0761421319796973,5.0,False,,objectif,2.0761421319796973,1.0,2.0761421319796973,1.5380710659898487
témoin,CADJPY,2024-07-30 09:00:00,2.0761421319796973,4.0,False,,objectif,2.0761421319796973,1.0,2.0761421319796973,1.5380710659898487
témoin,CADJPY,2024-02-29 10:00:00,2.0761421319796973,,False,,stop,-1.0,-1.0,-1.0,-1.0
témoin,CADJPY,2026-08-11 04:00:00,2.0761421319796973,,False,,stop,-1.0,-1.0,-1.0,-1.0
témoin,CADJPY,2026-05-12 09:00:00,2.0761421319796973,,False,,stop,-1.0,-1.0,-1.0,-1.0
témoin,CADJPY,2025-04-16 20:00:00,2.0761421319796973,1.0,True,stop,stop,-1.0,1.0,0.0,0.5
témoin,CADJPY,2026-05-08 08:00:00,2.0761421319796973,4.0,False,,objectif,2.0761421319796973,1.0,2.0761421319796973,1.5380710659898487
Amirou,USDJPY,2025-08-13 01:00:00,2.3928571428572214,6.0,False,,objectif,2.3928571428572214,1.0,2.3928571428572214,1.6964285714286107
témoin,USDJPY,2026-06-10 20:00:00,2.3928571428572214,21.0,True,stop,stop,-1.0,1.0,0.0,0.5
témoin,USDJPY,2025-03-25 13:00:00,2.3928571428572214,,False,,stop,-1.0,-1.0,-1.0,-1.0
témoin,USDJPY,2026-04-03 07:00:00,2.3928571428572214,60.0,False,,objectif,2.3928571428572214,1.0,2.3928571428572214,1.6964285714286107
témoin,USDJPY,2025-11-10 13:00:00,2.3928571428572214,,False,,stop,-1.0,-1.0,-1.0,-1.0
témoin,USDJPY,2026-01-15 09:00:00,2.3928571428572214,17.0,False,,objectif,2.3928571428572214,1.0,2.3928571428572214,1.6964285714286107
témoin,USDJPY,2026-05-06 17:00:00,2.3928571428572214,,False,,stop,-1.0,-1.0,-1.0,-1.0
témoin,USDJPY,2024-09-05 20:00:00,2.3928571428572214,8.0,False,,objectif,2.3928571428572214,1.0,2.3928571428572214,1.6964285714286107
témoin,USDJPY,2025-01-14 12:00:00,2.3928571428572214,1.0,True,de nouveau +1 R,rien,0.0,1.0,0.0,0.5
témoin,USDJPY,2025-06-17 03:00:00,2.3928571428572214,1.0,True,de nouveau +1 R,rien,0.0,1.0,0.0,0.5
témoin,USDJPY,2025-12-03 07:00:00,2.3928571428572214,9.0,False,,objectif,2.3928571428572214,1.0,2.3928571428572214,1.6964285714286107
témoin,USDJPY,2025-10-16 20:00:00,2.3928571428572214,7.0,True,stop,stop,-1.0,1.0,0.0,0.5
témoin,USDJPY,2026-01-16 01:00:00,2.3928571428572214,1.0,False,,objectif,2.3928571428572214,1.0,2.3928571428572214,1.6964285714286107
témoin,USDJPY,2025-12-19 17:00:00,2.3928571428572214,19.0,False,,objectif,2.3928571428572214,1.0,2.3928571428572214,1.6964285714286107
témoin,USDJPY,2024-03-04 21:00:00,2.3928571428572214,17.0,False,,objectif,2.3928571428572214,1.0,2.3928571428572214,1.6964285714286107
témoin,USDJPY,2024-11-22 16:00:00,2.3928571428572214,6.0,False,,objectif,2.3928571428572214,1.0,2.3928571428572214,1.6964285714286107
témoin,USDJPY,2024-05-02 23:00:00,2.3928571428572214,2.0,True,de nouveau +1 R,objectif,2.3928571428572214,1.0,0.0,0.5
témoin,USDJPY,2026-09-07 02:00:00,2.3928571428572214,5.0,False,,objectif,2.3928571428572214,1.0,2.3928571428572214,1.6964285714286107
témoin,USDJPY,2026-01-12 22:00:00,2.3928571428572214,,False,,stop,-1.0,-1.0,-1.0,-1.0
témoin,USDJPY,2025-05-12 20:00:00,2.3928571428572214,4.0,False,,objectif,2.3928571428572214,1.0,2.3928571428572214,1.6964285714286107
témoin,USDJPY,2025-11-26 21:00:00,2.3928571428572214,3.0,True,de nouveau +1 R,rien,0.0,1.0,0.0,0.5
Amirou,EURAUD,2025-08-14 01:00:00,2.4097938144329163,8.0,False,,objectif,2.4097938144329163,1.0,2.4097938144329163,1.7048969072164581
témoin,EURAUD,2024-04-11 12:00:00,2.4097938144329163,,False,,stop,-1.0,-1.0,-1.0,-1.0
témoin,EURAUD,2024-06-19 09:00:00,2.4097938144329163,,False,,stop,-1.0,-1.0,-1.0,-1.0
témoin,EURAUD,2025-10-03 01:00:00,2.4097938144329163,,False,,stop,-1.0,-1.0,-1.0,-1.0
témoin,EURAUD,2026-03-27 03:00:00,2.4097938144329163,,False,,stop,-1.0,-1.0,-1.0,-1.0
témoin,EURAUD,2025-11-17 09:00:00,2.4097938144329163,7.0,False,,objectif,2.4097938144329163,1.0,2.4097938144329163,1.7048969072164581
témoin,EURAUD,2026-03-02 19:00:00,2.4097938144329163,,False,,stop,-1.0,-1.0,-1.0,-1.0
témoin,EURAUD,2025-01-22 15:00:00,2.4097938144329163,,False,,stop,-1.0,-1.0,-1.0,-1.0
témoin,EURAUD,2024-11-14 02:00:00,2.4097938144329163,3.0,True,de nouveau +1 R,rien,0.0,1.0,0.0,0.5
témoin,EURAUD,2025-05-13 01:00:00,2.4097938144329163,,False,,stop,-1.0,-1.0,-1.0,-1.0
témoin,EURAUD,2024-11-21 11:00:00,2.4097938144329163,,False,,stop,-1.0,-1.0,-1.0,-1.0
témoin,EURAUD,2024-07-29 07:00:00,2.4097938144329163,,False,,stop,-1.0,-1.0,-1.0,-1.0
témoin,EURAUD,2024-04-04 18:00:00,2.4097938144329163,1.0,True,stop,stop,-1.0,1.0,0.0,0.5
témoin,EURAUD,2026-03-27 04:00:00,2.4097938144329163,9.0,False,,objectif,2.4097938144329163,1.0,2.4097938144329163,1.7048969072164581
témoin,EURAUD,2025-03-07 11:00:00,2.4097938144329163,1.0,True,de nouveau +1 R,rien,0.0,1.0,0.0,0.5
témoin,EURAUD,2025-01-28 00:00:00,2.4097938144329163,13.0,True,de nouveau +1 R,rien,0.0,1.0,0.0,0.5
témoin,EURAUD,2024-04-04 04:00:00,2.4097938144329163,,False,,stop,-1.0,-1.0,-1.0,-1.0
témoin,EURAUD,2026-08-17 01:00:00,2.4097938144329163,,False,,stop,-1.0,-1.0,-1.0,-1.0
témoin,EURAUD,2025-06-13 17:00:00,2.4097938144329163,1.0,True,stop,stop,-1.0,1.0,0.0,0.5
témoin,EURAUD,2025-07-30 02:00:00,2.4097938144329163,13.0,True,stop,stop,-1.0,1.0,0.0,0.5
témoin,EURAUD,2025-09-03 23:00:00,2.4097938144329163,6.0,True,de nouveau +1 R,rien,0.0,1.0,0.0,0.5
Amirou,EURAUD,2025-08-19 02:00:00,1.97999999999998,,False,,stop,-1.0,-1.0,-1.0,-1.0
témoin,EURAUD,2024-04-25 05:00:00,1.97999999999998,,False,,stop,-1.0,-1.0,-1.0,-1.0
témoin,EURAUD,2025-07-23 09:00:00,1.97999999999998,,False,,stop,-1.0,-1.0,-1.0,-1.0
témoin,EURAUD,2025-09-29 13:00:00,1.97999999999998,,False,,stop,-1.0,-1.0,-1.0,-1.0
témoin,EURAUD,2024-02-27 00:00:00,1.97999999999998,2.0,True,stop,stop,-1.0,1.0,0.0,0.5
témoin,EURAUD,2026-01-06 22:00:00,1.97999999999998,2.0,False,,objectif,1.97999999999998,1.0,1.97999999999998,1.48999999999999
témoin,EURAUD,2025-09-01 22:00:00,1.97999999999998,3.0,False,,objectif,1.97999999999998,1.0,1.97999999999998,1.48999999999999
témoin,EURAUD,2026-05-14 23:00:00,1.97999999999998,1.0,False,,objectif,1.97999999999998,1.0,1.97999999999998,1.48999999999999
témoin,EURAUD,2026-01-12 02:00:00,1.97999999999998,3.0,True,stop,stop,-1.0,1.0,0.0,0.5
témoin,EURAUD,2024-11-29 06:00:00,1.97999999999998,2.0,True,de nouveau +1 R,rien,0.0,1.0,0.0,0.5
témoin,EURAUD,2024-05-07 06:00:00,1.97999999999998,1.0,True,stop,stop,-1.0,1.0,0.0,0.5
témoin,EURAUD,2026-04-24 09:00:00,1.97999999999998,3.0,True,stop,stop,-1.0,1.0,0.0,0.5
témoin,EURAUD,2025-08-05 20:00:00,1.97999999999998,,False,,stop,-1.0,-1.0,-1.0,-1.0
témoin,EURAUD,2026-01-19 14:00:00,1.97999999999998,,False,,stop,-1.0,-1.0,-1.0,-1.0
témoin,EURAUD,2026-03-19 16:00:00,1.97999999999998,1.0,True,stop,stop,-1.0,1.0,0.0,0.5
témoin,EURAUD,2025-08-06 05:00:00,1.97999999999998,5.0,True,de nouveau +1 R,objectif,1.97999999999998,1.0,0.0,0.5
témoin,EURAUD,2024-06-27 08:00:00,1.97999999999998,2.0,False,,objectif,1.97999999999998,1.0,1.97999999999998,1.48999999999999
témoin,EURAUD,2025-05-01 08:00:00,1.97999999999998,1.0,False,,objectif,1.97999999999998,1.0,1.97999999999998,1.48999999999999
témoin,EURAUD,2026-06-23 15:00:00,1.97999999999998,1.0,False,,objectif,1.97999999999998,1.0,1.97999999999998,1.48999999999999
témoin,EURAUD,2024-06-28 09:00:00,1.97999999999998,,False,,stop,-1.0,-1.0,-1.0,-1.0
témoin,EURAUD,2026-08-20 14:00:00,1.97999999999998,,False,,stop,-1.0,-1.0,-1.0,-1.0
Amirou,CADJPY,2025-08-19 13:00:00,2.034912718204514,4.0,False,,objectif,2.034912718204514,1.0,2.034912718204514,1.517456359102257
témoin,CADJPY,2024-05-06 07:00:00,2.034912718204514,,False,,stop,-1.0,-1.0,-1.0,-1.0
témoin,CADJPY,2025-12-01 05:00:00,2.034912718204514,8.0,True,stop,stop,-1.0,1.0,0.0,0.5
témoin,CADJPY,2025-08-19 00:00:00,2.034912718204514,12.0,False,,objectif,2.034912718204514,1.0,2.034912718204514,1.517456359102257
témoin,CADJPY,2026-05-13 00:00:00,2.034912718204514,37.0,True,stop,stop,-1.0,1.0,0.0,0.5
témoin,CADJPY,2024-08-28 19:00:00,2.034912718204514,,False,,stop,-1.0,-1.0,-1.0,-1.0
témoin,CADJPY,2024-09-13 10:00:00,2.034912718204514,16.0,True,stop,stop,-1.0,1.0,0.0,0.5
témoin,CADJPY,2024-06-28 10:00:00,2.034912718204514,,False,,stop,-1.0,-1.0,-1.0,-1.0
témoin,CADJPY,2025-10-14 22:00:00,2.034912718204514,5.0,True,de nouveau +1 R,rien,0.0,1.0,0.0,0.5
témoin,CADJPY,2024-09-17 19:00:00,2.034912718204514,,False,,stop,-1.0,-1.0,-1.0,-1.0
témoin,CADJPY,2026-07-06 19:00:00,2.034912718204514,,False,,stop,-1.0,-1.0,-1.0,-1.0
témoin,CADJPY,2024-09-27 07:00:00,2.034912718204514,,False,,stop,-1.0,-1.0,-1.0,-1.0
témoin,CADJPY,2024-01-30 22:00:00,2.034912718204514,16.0,False,,objectif,2.034912718204514,1.0,2.034912718204514,1.517456359102257
témoin,CADJPY,2024-09-02 10:00:00,2.034912718204514,17.0,False,,objectif,2.034912718204514,1.0,2.034912718204514,1.517456359102257
témoin,CADJPY,2026-03-23 01:00:00,2.034912718204514,10.0,False,,objectif,2.034912718204514,1.0,2.034912718204514,1.517456359102257
témoin,CADJPY,2024-06-14 14:00:00,2.034912718204514,,False,,stop,-1.0,-1.0,-1.0,-1.0
témoin,CADJPY,2024-08-09 10:00:00,2.034912718204514,2.0,True,stop,stop,-1.0,1.0,0.0,0.5
témoin,CADJPY,2024-04-30 05:00:00,2.034912718204514,39.0,False,,objectif,2.034912718204514,1.0,2.034912718204514,1.517456359102257
témoin,CADJPY,2026-03-03 00:00:00,2.034912718204514,,False,,stop,-1.0,-1.0,-1.0,-1.0
témoin,CADJPY,2025-10-16 23:00:00,2.034912718204514,7.0,True,stop,stop,-1.0,1.0,0.0,0.5
témoin,CADJPY,2025-09-22 18:00:00,2.034912718204514,,False,,stop,-1.0,-1.0,-1.0,-1.0
Amirou,NZDCHF,2025-08-19 21:00:00,5.984771573604158,,False,,stop,-1.0,-1.0,-1.0,-1.0
témoin,NZDCHF,2024-11-28 17:00:00,5.984771573604158,,False,,stop,-1.0,-1.0,-1.0,-1.0
témoin,NZDCHF,2026-03-05 08:00:00,5.984771573604158,,False,,stop,-1.0,-1.0,-1.0,-1.0
témoin,NZDCHF,2024-07-01 12:00:00,5.984771573604158,,False,,stop,-1.0,-1.0,-1.0,-1.0
témoin,NZDCHF,2025-01-27 01:00:00,5.984771573604158,,False,,stop,-1.0,-1.0,-1.0,-1.0
témoin,NZDCHF,2024-07-09 14:00:00,5.984771573604158,,False,,stop,-1.0,-1.0,-1.0,-1.0
témoin,NZDCHF,2025-03-17 05:00:00,5.984771573604158,8.0,True,de nouveau +1 R,rien,0.0,1.0,0.0,0.5
témoin,NZDCHF,2025-01-23 13:00:00,5.984771573604158,9.0,True,stop,stop,-1.0,1.0,0.0,0.5
témoin,NZDCHF,2026-07-07 19:00:00,5.984771573604158,,False,,stop,-1.0,-1.0,-1.0,-1.0
témoin,NZDCHF,2025-05-08 18:00:00,5.984771573604158,,False,,stop,-1.0,-1.0,-1.0,-1.0
témoin,NZDCHF,2024-02-29 11:00:00,5.984771573604158,5.0,True,de nouveau +1 R,rien,0.0,1.0,0.0,0.5
témoin,NZDCHF,2024-08-06 12:00:00,5.984771573604158,2.0,True,de nouveau +1 R,rien,0.0,1.0,0.0,0.5
témoin,NZDCHF,2024-05-24 10:00:00,5.984771573604158,18.0,True,de nouveau +1 R,rien,0.0,1.0,0.0,0.5
témoin,NZDCHF,2025-09-17 21:00:00,5.984771573604158,,False,,stop,-1.0,-1.0,-1.0,-1.0
témoin,NZDCHF,2026-08-25 17:00:00,5.984771573604158,,False,,stop,-1.0,-1.0,-1.0,-1.0
témoin,NZDCHF,2024-07-17 14:00:00,5.984771573604158,,False,,stop,-1.0,-1.0,-1.0,-1.0
témoin,NZDCHF,2026-06-25 20:00:00,5.984771573604158,,False,,stop,-1.0,-1.0,-1.0,-1.0
témoin,NZDCHF,2026-07-09 10:00:00,5.984771573604158,,False,,stop,-1.0,-1.0,-1.0,-1.0
témoin,NZDCHF,2024-05-15 17:00:00,5.984771573604158,,False,,stop,-1.0,-1.0,-1.0,-1.0
témoin,NZDCHF,2024-02-14 12:00:00,5.984771573604158,,False,,stop,-1.0,-1.0,-1.0,-1.0
témoin,NZDCHF,2026-08-26 04:00:00,5.984771573604158,,False,,stop,-1.0,-1.0,-1.0,-1.0
Amirou,EURAUD,2025-08-26 08:00:00,2.8431372549021416,,False,,stop,-1.0,-1.0,-1.0,-1.0
témoin,EURAUD,2026-06-29 11:00:00,2.8431372549021416,2.0,False,,objectif,2.8431372549021416,1.0,2.8431372549021416,1.9215686274510708
témoin,EURAUD,2024-09-06 21:00:00,2.8431372549021416,,False,,stop,-1.0,-1.0,-1.0,-1.0
témoin,EURAUD,2024-05-28 22:00:00,2.8431372549021416,,False,,stop,-1.0,-1.0,-1.0,-1.0
témoin,EURAUD,2026-06-02 08:00:00,2.8431372549021416,,False,,stop,-1.0,-1.0,-1.0,-1.0
témoin,EURAUD,2025-11-06 17:00:00,2.8431372549021416,,False,,stop,-1.0,-1.0,-1.0,-1.0
témoin,EURAUD,2026-06-15 11:00:00,2.8431372549021416,,False,,stop,-1.0,-1.0,-1.0,-1.0
témoin,EURAUD,2024-04-16 14:00:00,2.8431372549021416,,False,,stop,-1.0,-1.0,-1.0,-1.0
témoin,EURAUD,2024-01-09 22:00:00,2.8431372549021416,,False,,stop,-1.0,-1.0,-1.0,-1.0
témoin,EURAUD,2025-07-21 05:00:00,2.8431372549021416,6.0,False,,objectif,2.8431372549021416,1.0,2.8431372549021416,1.9215686274510708
témoin,EURAUD,2023-12-26 05:00:00,2.8431372549021416,3.0,True,de nouveau +1 R,rien,0.0,1.0,0.0,0.5
témoin,EURAUD,2024-08-28 22:00:00,2.8431372549021416,,False,,stop,-1.0,-1.0,-1.0,-1.0
témoin,EURAUD,2024-11-08 00:00:00,2.8431372549021416,2.0,False,,objectif,2.8431372549021416,1.0,2.8431372549021416,1.9215686274510708
témoin,EURAUD,2026-08-31 05:00:00,2.8431372549021416,2.0,False,,objectif,2.8431372549021416,1.0,2.8431372549021416,1.9215686274510708
témoin,EURAUD,2026-07-10 08:00:00,2.8431372549021416,,False,,stop,-1.0,-1.0,-1.0,-1.0
témoin,EURAUD,2024-12-10 06:00:00,2.8431372549021416,,False,,stop,-1.0,-1.0,-1.0,-1.0
témoin,EURAUD,2026-02-19 23:00:00,2.8431372549021416,2.0,False,,objectif,2.8431372549021416,1.0,2.8431372549021416,1.9215686274510708
témoin,EURAUD,2026-06-22 13:00:00,2.8431372549021416,,False,,stop,-1.0,-1.0,-1.0,-1.0
témoin,EURAUD,2025-01-08 18:00:00,2.8431372549021416,6.0,True,de nouveau +1 R,rien,0.0,1.0,0.0,0.5
témoin,EURAUD,2026-08-25 20:00:00,2.8431372549021416,,False,,stop,-1.0,-1.0,-1.0,-1.0
témoin,EURAUD,2026-04-28 17:00:00,2.8431372549021416,8.0,False,,objectif,2.8431372549021416,1.0,2.8431372549021416,1.9215686274510708
Amirou,EURAUD,2025-08-26 13:00:00,2.0628571428572404,,False,,stop,-1.0,-1.0,-1.0,-1.0
témoin,EURAUD,2025-08-12 20:00:00,2.0628571428572404,5.0,True,stop,stop,-1.0,1.0,0.0,0.5
témoin,EURAUD,2024-10-21 04:00:00,2.0628571428572404,1.0,False,,objectif,2.0628571428572404,1.0,2.0628571428572404,1.5314285714286202
témoin,EURAUD,2024-08-19 22:00:00,2.0628571428572404,4.0,True,de nouveau +1 R,rien,0.0,1.0,0.0,0.5
témoin,EURAUD,2024-11-28 13:00:00,2.0628571428572404,,False,,stop,-1.0,-1.0,-1.0,-1.0
témoin,EURAUD,2026-06-03 23:00:00,2.0628571428572404,11.0,True,de nouveau +1 R,rien,0.0,1.0,0.0,0.5
témoin,EURAUD,2024-06-25 03:00:00,2.0628571428572404,,False,,stop,-1.0,-1.0,-1.0,-1.0
témoin,EURAUD,2024-12-05 09:00:00,2.0628571428572404,3.0,False,,objectif,2.0628571428572404,1.0,2.0628571428572404,1.5314285714286202
témoin,EURAUD,2026-08-07 17:00:00,2.0628571428572404,33.0,True,stop,stop,-1.0,1.0,0.0,0.5
témoin,EURAUD,2025-10-22 17:00:00,2.0628571428572404,1.0,True,stop,stop,-1.0,1.0,0.0,0.5
témoin,EURAUD,2026-03-04 17:00:00,2.0628571428572404,,False,,stop,-1.0,-1.0,-1.0,-1.0
témoin,EURAUD,2024-03-25 01:00:00,2.0628571428572404,,False,,stop,-1.0,-1.0,-1.0,-1.0
témoin,EURAUD,2025-03-25 15:00:00,2.0628571428572404,10.0,True,stop,stop,-1.0,1.0,0.0,0.5
témoin,EURAUD,2026-02-05 03:00:00,2.0628571428572404,,False,,stop,-1.0,-1.0,-1.0,-1.0
témoin,EURAUD,2024-09-06 01:00:00,2.0628571428572404,3.0,True,stop,stop,-1.0,1.0,0.0,0.5
témoin,EURAUD,2026-05-14 07:00:00,2.0628571428572404,6.0,False,,objectif,2.0628571428572404,1.0,2.0628571428572404,1.5314285714286202
témoin,EURAUD,2026-08-14 07:00:00,2.0628571428572404,,False,,stop,-1.0,-1.0,-1.0,-1.0
témoin,EURAUD,2025-04-10 21:00:00,2.0628571428572404,1.0,False,,objectif,2.0628571428572404,1.0,2.0628571428572404,1.5314285714286202
témoin,EURAUD,2025-01-17 20:00:00,2.0628571428572404,12.0,True,de nouveau +1 R,rien,0.0,1.0,0.0,0.5
témoin,EURAUD,2025-04-02 07:00:00,2.0628571428572404,,False,,stop,-1.0,-1.0,-1.0,-1.0
témoin,EURAUD,2024-07-15 16:00:00,2.0628571428572404,9.0,False,,objectif,2.0628571428572404,1.0,2.0628571428572404,1.5314285714286202
Amirou,EURUSD,2025-09-12 10:00:00,3.1285909712722533,42.0,True,de nouveau +1 R,rien,0.0,1.0,0.0,0.5
témoin,EURUSD,2024-03-06 17:00:00,3.1285909712722533,,False,,stop,-1.0,-1.0,-1.0,-1.0
témoin,EURUSD,2025-02-17 18:00:00,3.1285909712722533,,False,,stop,-1.0,-1.0,-1.0,-1.0
témoin,EURUSD,2024-12-24 23:00:00,3.1285909712722533,,False,,stop,-1.0,-1.0,-1.0,-1.0
témoin,EURUSD,2025-12-10 08:00:00,3.1285909712722533,29.0,False,,rien,0.0,1.0,0.0,0.5
témoin,EURUSD,2024-05-22 07:00:00,3.1285909712722533,,False,,rien,0.0,0.0,0.0,0.0
témoin,EURUSD,2026-02-03 11:00:00,3.1285909712722533,92.0,False,,rien,0.0,1.0,0.0,0.5
témoin,EURUSD,2024-05-28 16:00:00,3.1285909712722533,,False,,stop,-1.0,-1.0,-1.0,-1.0
témoin,EURUSD,2024-04-04 00:00:00,3.1285909712722533,,False,,stop,-1.0,-1.0,-1.0,-1.0
témoin,EURUSD,2026-07-07 12:00:00,3.1285909712722533,,False,,rien,0.0,0.0,0.0,0.0
témoin,EURUSD,2026-07-29 14:00:00,3.1285909712722533,5.0,False,,rien,0.0,1.0,0.0,0.5
témoin,EURUSD,2024-11-08 00:00:00,3.1285909712722533,,False,,stop,-1.0,-1.0,-1.0,-1.0
témoin,EURUSD,2025-10-27 13:00:00,3.1285909712722533,,False,,stop,-1.0,-1.0,-1.0,-1.0
témoin,EURUSD,2024-07-15 20:00:00,3.1285909712722533,,False,,stop,-1.0,-1.0,-1.0,-1.0
témoin,EURUSD,2024-02-16 17:00:00,3.1285909712722533,85.0,False,,rien,0.0,1.0,0.0,0.5
témoin,EURUSD,2024-07-29 22:00:00,3.1285909712722533,86.0,False,,rien,0.0,1.0,0.0,0.5
témoin,EURUSD,2026-04-10 06:00:00,3.1285909712722533,35.0,True,,rien,0.0,1.0,0.0,0.5
témoin,EURUSD,2026-03-25 09:00:00,3.1285909712722533,,False,,stop,-1.0,-1.0,-1.0,-1.0
témoin,EURUSD,2026-08-25 07:00:00,3.1285909712722533,,False,,stop,-1.0,-1.0,-1.0,-1.0
témoin,EURUSD,2026-04-27 10:00:00,3.1285909712722533,,False,,stop,-1.0,-1.0,-1.0,-1.0
témoin,EURUSD,2026-04-10 11:00:00,3.1285909712722533,42.0,True,,rien,0.0,1.0,0.0,0.5
Amirou,CADJPY,2025-09-17 00:00:00,2.10731707317076,18.0,True,stop,stop,-1.0,1.0,0.0,0.5
témoin,CADJPY,2025-07-07 02:00:00,2.10731707317076,,False,,stop,-1.0,-1.0,-1.0,-1.0
témoin,CADJPY,2023-12-26 07:00:00,2.10731707317076,,False,,stop,-1.0,-1.0,-1.0,-1.0
témoin,CADJPY,2025-12-17 19:00:00,2.10731707317076,,False,,stop,-1.0,-1.0,-1.0,-1.0
témoin,CADJPY,2025-04-04 02:00:00,2.10731707317076,1.0,False,,objectif,2.10731707317076,1.0,2.10731707317076,1.55365853658538
témoin,CADJPY,2026-03-18 00:00:00,2.10731707317076,,False,,stop,-1.0,-1.0,-1.0,-1.0
témoin,CADJPY,2025-07-30 09:00:00,2.10731707317076,,False,,stop,-1.0,-1.0,-1.0,-1.0
témoin,CADJPY,2024-11-25 19:00:00,2.10731707317076,4.0,False,,objectif,2.10731707317076,1.0,2.10731707317076,1.55365853658538
témoin,CADJPY,2026-05-28 10:00:00,2.10731707317076,,False,,stop,-1.0,-1.0,-1.0,-1.0
témoin,CADJPY,2025-07-18 03:00:00,2.10731707317076,27.0,False,,objectif,2.10731707317076,1.0,2.10731707317076,1.55365853658538
témoin,CADJPY,2025-05-05 10:00:00,2.10731707317076,3.0,True,de nouveau +1 R,rien,0.0,1.0,0.0,0.5
témoin,CADJPY,2024-09-11 17:00:00,2.10731707317076,,False,,stop,-1.0,-1.0,-1.0,-1.0
témoin,CADJPY,2024-03-04 02:00:00,2.10731707317076,41.0,False,,objectif,2.10731707317076,1.0,2.10731707317076,1.55365853658538
témoin,CADJPY,2024-04-05 13:00:00,2.10731707317076,,False,,stop,-1.0,-1.0,-1.0,-1.0
témoin,CADJPY,2026-07-14 02:00:00,2.10731707317076,,False,,stop,-1.0,-1.0,-1.0,-1.0
témoin,CADJPY,2024-02-08 07:00:00,2.10731707317076,,False,,stop,-1.0,-1.0,-1.0,-1.0
témoin,CADJPY,2026-07-31 03:00:00,2.10731707317076,5.0,False,,objectif,2.10731707317076,1.0,2.10731707317076,1.55365853658538
témoin,CADJPY,2024-01-22 16:00:00,2.10731707317076,14.0,True,de nouveau +1 R,rien,0.0,1.0,0.0,0.5
témoin,CADJPY,2025-04-17 11:00:00,2.10731707317076,,False,,stop,-1.0,-1.0,-1.0,-1.0
témoin,CADJPY,2025-01-27 11:00:00,2.10731707317076,,False,,stop,-1.0,-1.0,-1.0,-1.0
témoin,CADJPY,2024-02-08 02:00:00,2.10731707317076,,False,,stop,-1.0,-1.0,-1.0,-1.0
Amirou,GBPCAD,2025-09-17 00:00:00,1.9999999999999367,13.0,False,,objectif,1.9999999999999367,1.0,1.9999999999999367,1.4999999999999685
témoin,GBPCAD,2026-07-10 09:00:00,1.9999999999999367,2.0,True,stop,stop,-1.0,1.0,0.0,0.5
témoin,GBPCAD,2026-04-08 10:00:00,1.9999999999999367,1.0,True,stop,stop,-1.0,1.0,0.0,0.5
témoin,GBPCAD,2025-09-30 18:00:00,1.9999999999999367,14.0,False,,objectif,1.9999999999999367,1.0,1.9999999999999367,1.4999999999999685
témoin,GBPCAD,2025-12-30 17:00:00,1.9999999999999367,,False,,stop,-1.0,-1.0,-1.0,-1.0
témoin,GBPCAD,2025-05-06 21:00:00,1.9999999999999367,,False,,stop,-1.0,-1.0,-1.0,-1.0
témoin,GBPCAD,2026-08-20 00:00:00,1.9999999999999367,,False,,stop,-1.0,-1.0,-1.0,-1.0
témoin,GBPCAD,2026-04-21 07:00:00,1.9999999999999367,55.0,True,de nouveau +1 R,rien,0.0,1.0,0.0,0.5
témoin,GBPCAD,2023-12-22 05:00:00,1.9999999999999367,6.0,True,stop,stop,-1.0,1.0,0.0,0.5
témoin,GBPCAD,2024-09-19 21:00:00,1.9999999999999367,9.0,False,,objectif,1.9999999999999367,1.0,1.9999999999999367,1.4999999999999685
témoin,GBPCAD,2025-02-25 13:00:00,1.9999999999999367,2.0,False,,objectif,1.9999999999999367,1.0,1.9999999999999367,1.4999999999999685
témoin,GBPCAD,2025-10-01 18:00:00,1.9999999999999367,14.0,True,stop,stop,-1.0,1.0,0.0,0.5
témoin,GBPCAD,2024-09-25 19:00:00,1.9999999999999367,12.0,False,,objectif,1.9999999999999367,1.0,1.9999999999999367,1.4999999999999685
témoin,GBPCAD,2025-07-14 02:00:00,1.9999999999999367,,False,,stop,-1.0,-1.0,-1.0,-1.0
témoin,GBPCAD,2024-04-01 23:00:00,1.9999999999999367,16.0,False,,objectif,1.9999999999999367,1.0,1.9999999999999367,1.4999999999999685
témoin,GBPCAD,2025-09-18 01:00:00,1.9999999999999367,7.0,True,stop,stop,-1.0,1.0,0.0,0.5
témoin,GBPCAD,2025-12-24 01:00:00,1.9999999999999367,,False,,stop,-1.0,-1.0,-1.0,-1.0
témoin,GBPCAD,2026-01-05 14:00:00,1.9999999999999367,2.0,False,,objectif,1.9999999999999367,1.0,1.9999999999999367,1.4999999999999685
témoin,GBPCAD,2024-11-22 00:00:00,1.9999999999999367,,False,,stop,-1.0,-1.0,-1.0,-1.0
témoin,GBPCAD,2024-03-04 05:00:00,1.9999999999999367,8.0,False,,objectif,1.9999999999999367,1.0,1.9999999999999367,1.4999999999999685
témoin,GBPCAD,2024-01-23 20:00:00,1.9999999999999367,13.0,False,,objectif,1.9999999999999367,1.0,1.9999999999999367,1.4999999999999685
Amirou,AUDUSD,2025-09-25 09:00:00,2.0054945054944193,,False,,stop,-1.0,-1.0,-1.0,-1.0
témoin,AUDUSD,2025-12-22 21:00:00,2.0054945054944193,10.0,False,,objectif,2.0054945054944193,1.0,2.0054945054944193,1.5027472527472097
témoin,AUDUSD,2025-12-17 13:00:00,2.0054945054944193,,False,,stop,-1.0,-1.0,-1.0,-1.0
témoin,AUDUSD,2025-08-06 02:00:00,2.0054945054944193,8.0,False,,objectif,2.0054945054944193,1.0,2.0054945054944193,1.5027472527472097
témoin,AUDUSD,2026-01-19 21:00:00,2.0054945054944193,7.0,False,,objectif,2.0054945054944193,1.0,2.0054945054944193,1.5027472527472097
témoin,AUDUSD,2025-04-28 08:00:00,2.0054945054944193,1.0,False,,objectif,2.0054945054944193,1.0,2.0054945054944193,1.5027472527472097
témoin,AUDUSD,2025-11-26 18:00:00,2.0054945054944193,8.0,False,,objectif,2.0054945054944193,1.0,2.0054945054944193,1.5027472527472097
témoin,AUDUSD,2024-01-29 11:00:00,2.0054945054944193,,False,,stop,-1.0,-1.0,-1.0,-1.0
témoin,AUDUSD,2026-05-28 07:00:00,2.0054945054944193,7.0,False,,objectif,2.0054945054944193,1.0,2.0054945054944193,1.5027472527472097
témoin,AUDUSD,2026-03-11 00:00:00,2.0054945054944193,1.0,False,,objectif,2.0054945054944193,1.0,2.0054945054944193,1.5027472527472097
témoin,AUDUSD,2026-01-16 04:00:00,2.0054945054944193,,False,,stop,-1.0,-1.0,-1.0,-1.0
témoin,AUDUSD,2026-05-04 11:00:00,2.0054945054944193,,False,,stop,-1.0,-1.0,-1.0,-1.0
témoin,AUDUSD,2026-07-06 02:00:00,2.0054945054944193,15.0,True,stop,stop,-1.0,1.0,0.0,0.5
témoin,AUDUSD,2025-06-09 20:00:00,2.0054945054944193,,False,,stop,-1.0,-1.0,-1.0,-1.0
témoin,AUDUSD,2025-02-05 19:00:00,2.0054945054944193,,False,,stop,-1.0,-1.0,-1.0,-1.0
témoin,AUDUSD,2025-05-28 20:00:00,2.0054945054944193,11.0,True,de nouveau +1 R,rien,0.0,1.0,0.0,0.5
témoin,AUDUSD,2024-01-18 12:00:00,2.0054945054944193,,False,,stop,-1.0,-1.0,-1.0,-1.0
témoin,AUDUSD,2026-07-02 19:00:00,2.0054945054944193,7.0,False,,objectif,2.0054945054944193,1.0,2.0054945054944193,1.5027472527472097
témoin,AUDUSD,2024-06-14 06:00:00,2.0054945054944193,,False,,stop,-1.0,-1.0,-1.0,-1.0
témoin,AUDUSD,2026-07-03 14:00:00,2.0054945054944193,26.0,True,stop,stop,-1.0,1.0,0.0,0.5
témoin,AUDUSD,2024-10-01 13:00:00,2.0054945054944193,,False,,stop,-1.0,-1.0,-1.0,-1.0
Amirou,EURGBP,2025-09-30 06:00:00,2.0349999999999517,28.0,False,,objectif,2.0349999999999517,1.0,2.0349999999999517,1.5174999999999759
témoin,EURGBP,2025-06-04 00:00:00,2.0349999999999517,,False,,stop,-1.0,-1.0,-1.0,-1.0
témoin,EURGBP,2024-01-26 17:00:00,2.0349999999999517,15.0,True,stop,stop,-1.0,1.0,0.0,0.5
témoin,EURGBP,2024-01-08 17:00:00,2.0349999999999517,,False,,stop,-1.0,-1.0,-1.0,-1.0
témoin,EURGBP,2024-04-03 02:00:00,2.0349999999999517,128.0,True,de nouveau +1 R,rien,0.0,1.0,0.0,0.5
témoin,EURGBP,2024-04-08 21:00:00,2.0349999999999517,24.0,False,,objectif,2.0349999999999517,1.0,2.0349999999999517,1.5174999999999759
témoin,EURGBP,2025-05-21 06:00:00,2.0349999999999517,,False,,stop,-1.0,-1.0,-1.0,-1.0
témoin,EURGBP,2024-05-02 23:00:00,2.0349999999999517,,False,,stop,-1.0,-1.0,-1.0,-1.0
témoin,EURGBP,2024-08-26 16:00:00,2.0349999999999517,17.0,False,,objectif,2.0349999999999517,1.0,2.0349999999999517,1.5174999999999759
témoin,EURGBP,2024-08-09 02:00:00,2.0349999999999517,50.0,True,stop,stop,-1.0,1.0,0.0,0.5
témoin,EURGBP,2024-09-27 09:00:00,2.0349999999999517,,False,,stop,-1.0,-1.0,-1.0,-1.0
témoin,EURGBP,2026-04-21 11:00:00,2.0349999999999517,22.0,False,,objectif,2.0349999999999517,1.0,2.0349999999999517,1.5174999999999759
témoin,EURGBP,2025-12-30 19:00:00,2.0349999999999517,,False,,stop,-1.0,-1.0,-1.0,-1.0
témoin,EURGBP,2026-07-14 13:00:00,2.0349999999999517,22.0,False,,objectif,2.0349999999999517,1.0,2.0349999999999517,1.5174999999999759
témoin,EURGBP,2026-04-24 08:00:00,2.0349999999999517,36.0,True,de nouveau +1 R,rien,0.0,1.0,0.0,0.5
témoin,EURGBP,2024-07-18 22:00:00,2.0349999999999517,62.0,True,de nouveau +1 R,rien,0.0,1.0,0.0,0.5
témoin,EURGBP,2026-05-01 14:00:00,2.0349999999999517,,False,,stop,-1.0,-1.0,-1.0,-1.0
témoin,EURGBP,2024-01-22 03:00:00,2.0349999999999517,10.0,False,,objectif,2.0349999999999517,1.0,2.0349999999999517,1.5174999999999759
témoin,EURGBP,2024-12-23 04:00:00,2.0349999999999517,5.0,True,de nouveau +1 R,rien,0.0,1.0,0.0,0.5
témoin,EURGBP,2024-04-05 21:00:00,2.0349999999999517,59.0,False,,objectif,2.0349999999999517,1.0,2.0349999999999517,1.5174999999999759
témoin,EURGBP,2025-11-28 03:00:00,2.0349999999999517,,False,,stop,-1.0,-1.0,-1.0,-1.0
Amirou,USDJPY,2025-10-01 01:00:00,2.0193370165746782,3.0,False,,objectif,2.0193370165746782,1.0,2.0193370165746782,1.5096685082873391
témoin,USDJPY,2025-08-01 10:00:00,2.0193370165746782,2.0,False,,objectif,2.0193370165746782,1.0,2.0193370165746782,1.5096685082873391
témoin,USDJPY,2026-04-27 03:00:00,2.0193370165746782,,False,,stop,-1.0,-1.0,-1.0,-1.0
témoin,USDJPY,2025-09-29 22:00:00,2.0193370165746782,8.0,False,,objectif,2.0193370165746782,1.0,2.0193370165746782,1.5096685082873391
témoin,USDJPY,2024-05-16 03:00:00,2.0193370165746782,,False,,stop,-1.0,-1.0,-1.0,-1.0
témoin,USDJPY,2026-05-29 06:00:00,2.0193370165746782,,False,,stop,-1.0,-1.0,-1.0,-1.0
témoin,USDJPY,2024-07-04 19:00:00,2.0193370165746782,5.0,False,,objectif,2.0193370165746782,1.0,2.0193370165746782,1.5096685082873391
témoin,USDJPY,2026-08-03 12:00:00,2.0193370165746782,2.0,True,stop,stop,-1.0,1.0,0.0,0.5
témoin,USDJPY,2025-09-30 11:00:00,2.0193370165746782,3.0,True,de nouveau +1 R,rien,0.0,1.0,0.0,0.5
témoin,USDJPY,2024-10-11 21:00:00,2.0193370165746782,,False,,stop,-1.0,-1.0,-1.0,-1.0
témoin,USDJPY,2024-09-09 17:00:00,2.0193370165746782,,False,,stop,-1.0,-1.0,-1.0,-1.0
témoin,USDJPY,2024-09-23 12:00:00,2.0193370165746782,,False,,stop,-1.0,-1.0,-1.0,-1.0
témoin,USDJPY,2024-06-27 04:00:00,2.0193370165746782,,False,,stop,-1.0,-1.0,-1.0,-1.0
témoin,USDJPY,2026-08-21 02:00:00,2.0193370165746782,6.0,True,stop,stop,-1.0,1.0,0.0,0.5
témoin,USDJPY,2024-12-19 17:00:00,2.0193370165746782,2.0,True,de nouveau +1 R,rien,0.0,1.0,0.0,0.5
témoin,USDJPY,2026-06-02 10:00:00,2.0193370165746782,22.0,True,stop,stop,-1.0,1.0,0.0,0.5
témoin,USDJPY,2024-01-02 14:00:00,2.0193370165746782,1.0,True,stop,stop,-1.0,1.0,0.0,0.5
témoin,USDJPY,2025-08-18 16:00:00,2.0193370165746782,38.0,False,,objectif,2.0193370165746782,1.0,2.0193370165746782,1.5096685082873391
témoin,USDJPY,2025-03-03 11:00:00,2.0193370165746782,,False,,stop,-1.0,-1.0,-1.0,-1.0
témoin,USDJPY,2026-05-21 05:00:00,2.0193370165746782,,False,,stop,-1.0,-1.0,-1.0,-1.0
témoin,USDJPY,2024-02-01 21:00:00,2.0193370165746782,,False,,stop,-1.0,-1.0,-1.0,-1.0
Amirou,USDCHF,2025-10-01 14:00:00,1.8389830508473795,,False,,stop,-1.0,-1.0,-1.0,-1.0
témoin,USDCHF,2026-05-12 18:00:00,1.8389830508473795,,False,,stop,-1.0,-1.0,-1.0,-1.0
témoin,USDCHF,2024-08-16 14:00:00,1.8389830508473795,12.0,False,,objectif,1.8389830508473795,1.0,1.8389830508473795,1.4194915254236897
témoin,USDCHF,2024-07-03 05:00:00,1.8389830508473795,9.0,False,,objectif,1.8389830508473795,1.0,1.8389830508473795,1.4194915254236897
témoin,USDCHF,2024-07-22 06:00:00,1.8389830508473795,,False,,stop,-1.0,-1.0,-1.0,-1.0
témoin,USDCHF,2024-11-12 08:00:00,1.8389830508473795,,False,,stop,-1.0,-1.0,-1.0,-1.0
témoin,USDCHF,2024-11-11 05:00:00,1.8389830508473795,,False,,stop,-1.0,-1.0,-1.0,-1.0
témoin,USDCHF,2024-11-20 20:00:00,1.8389830508473795,,False,,stop,-1.0,-1.0,-1.0,-1.0
témoin,USDCHF,2024-04-19 07:00:00,1.8389830508473795,,False,,stop,-1.0,-1.0,-1.0,-1.0
témoin,USDCHF,2025-06-05 10:00:00,1.8389830508473795,,False,,stop,-1.0,-1.0,-1.0,-1.0
témoin,USDCHF,2025-04-02 08:00:00,1.8389830508473795,12.0,False,,objectif,1.8389830508473795,1.0,1.8389830508473795,1.4194915254236897
témoin,USDCHF,2025-02-05 18:00:00,1.8389830508473795,,False,,stop,-1.0,-1.0,-1.0,-1.0
témoin,USDCHF,2025-11-05 22:00:00,1.8389830508473795,21.0,False,,objectif,1.8389830508473795,1.0,1.8389830508473795,1.4194915254236897
témoin,USDCHF,2024-04-12 18:00:00,1.8389830508473795,60.0,True,de nouveau +1 R,rien,0.0,1.0,0.0,0.5
témoin,USDCHF,2024-11-19 23:00:00,1.8389830508473795,,False,,stop,-1.0,-1.0,-1.0,-1.0
témoin,USDCHF,2026-01-15 19:00:00,1.8389830508473795,28.0,False,,objectif,1.8389830508473795,1.0,1.8389830508473795,1.4194915254236897
témoin,USDCHF,2026-07-07 11:00:00,1.8389830508473795,,False,,stop,-1.0,-1.0,-1.0,-1.0
témoin,USDCHF,2023-12-26 04:00:00,1.8389830508473795,33.0,False,,objectif,1.8389830508473795,1.0,1.8389830508473795,1.4194915254236897
témoin,USDCHF,2026-04-29 19:00:00,1.8389830508473795,14.0,False,,objectif,1.8389830508473795,1.0,1.8389830508473795,1.4194915254236897
témoin,USDCHF,2026-01-23 06:00:00,1.8389830508473795,11.0,False,,objectif,1.8389830508473795,1.0,1.8389830508473795,1.4194915254236897
témoin,USDCHF,2024-10-17 11:00:00,1.8389830508473795,,False,,stop,-1.0,-1.0,-1.0,-1.0
Amirou,USDJPY,2025-10-01 14:00:00,2.061971830985973,,False,,stop,-1.0,-1.0,-1.0,-1.0
témoin,USDJPY,2026-07-13 08:00:00,2.061971830985973,,False,,stop,-1.0,-1.0,-1.0,-1.0
témoin,USDJPY,2024-01-24 23:00:00,2.061971830985973,,False,,stop,-1.0,-1.0,-1.0,-1.0
témoin,USDJPY,2026-05-06 13:00:00,2.061971830985973,,False,,stop,-1.0,-1.0,-1.0,-1.0
témoin,USDJPY,2026-01-29 14:00:00,2.061971830985973,1.0,True,stop,stop,-1.0,1.0,0.0,0.5
témoin,USDJPY,2025-07-08 06:00:00,2.061971830985973,,False,,stop,-1.0,-1.0,-1.0,-1.0
témoin,USDJPY,2024-08-14 07:00:00,2.061971830985973,4.0,True,stop,stop,-1.0,1.0,0.0,0.5
témoin,USDJPY,2024-10-04 00:00:00,2.061971830985973,2.0,False,,objectif,2.061971830985973,1.0,2.061971830985973,1.5309859154929866
témoin,USDJPY,2024-11-14 12:00:00,2.061971830985973,2.0,True,stop,stop,-1.0,1.0,0.0,0.5
témoin,USDJPY,2025-07-23 13:00:00,2.061971830985973,12.0,True,stop,stop,-1.0,1.0,0.0,0.5
témoin,USDJPY,2025-07-22 19:00:00,2.061971830985973,,False,,stop,-1.0,-1.0,-1.0,-1.0
témoin,USDJPY,2026-05-13 14:00:00,2.061971830985973,,False,,stop,-1.0,-1.0,-1.0,-1.0
témoin,USDJPY,2026-09-21 17:00:00,2.061971830985973,,False,,stop,-1.0,-1.0,-1.0,-1.0
témoin,USDJPY,2026-07-27 19:00:00,2.061971830985973,33.0,True,de nouveau +1 R,rien,0.0,1.0,0.0,0.5
témoin,USDJPY,2024-10-14 06:00:00,2.061971830985973,,False,,stop,-1.0,-1.0,-1.0,-1.0
témoin,USDJPY,2026-09-03 16:00:00,2.061971830985973,,False,,stop,-1.0,-1.0,-1.0,-1.0
témoin,USDJPY,2025-04-02 00:00:00,2.061971830985973,10.0,True,stop,stop,-1.0,1.0,0.0,0.5
témoin,USDJPY,2026-01-05 21:00:00,2.061971830985973,,False,,stop,-1.0,-1.0,-1.0,-1.0
témoin,USDJPY,2025-09-09 11:00:00,2.061971830985973,,False,,stop,-1.0,-1.0,-1.0,-1.0
témoin,USDJPY,2025-04-01 23:00:00,2.061971830985973,10.0,True,stop,stop,-1.0,1.0,0.0,0.5
témoin,USDJPY,2025-11-04 23:00:00,2.061971830985973,1.0,True,stop,stop,-1.0,1.0,0.0,0.5
Amirou,EURUSD,2025-10-01 23:00:00,2.00389105058351,10.0,True,stop,stop,-1.0,1.0,0.0,0.5
témoin,EURUSD,2024-08-07 23:00:00,2.00389105058351,,False,,stop,-1.0,-1.0,-1.0,-1.0
témoin,EURUSD,2024-07-17 05:00:00,2.00389105058351,3.0,True,stop,stop,-1.0,1.0,0.0,0.5
témoin,EURUSD,2024-04-15 19:00:00,2.00389105058351,17.0,True,de nouveau +1 R,rien,0.0,1.0,0.0,0.5
témoin,EURUSD,2025-08-07 08:00:00,2.00389105058351,,False,,stop,-1.0,-1.0,-1.0,-1.0
témoin,EURUSD,2026-03-31 06:00:00,2.00389105058351,5.0,False,,objectif,2.00389105058351,1.0,2.00389105058351,1.501945525291755
témoin,EURUSD,2025-06-17 13:00:00,2.00389105058351,,False,,stop,-1.0,-1.0,-1.0,-1.0
témoin,EURUSD,2025-07-07 01:00:00,2.00389105058351,,False,,stop,-1.0,-1.0,-1.0,-1.0
témoin,EURUSD,2025-10-09 23:00:00,2.00389105058351,16.0,False,,objectif,2.00389105058351,1.0,2.00389105058351,1.501945525291755
témoin,EURUSD,2026-06-19 08:00:00,2.00389105058351,9.0,True,stop,stop,-1.0,1.0,0.0,0.5
témoin,EURUSD,2024-04-10 08:00:00,2.00389105058351,,False,,stop,-1.0,-1.0,-1.0,-1.0
témoin,EURUSD,2025-08-26 03:00:00,2.00389105058351,,False,,stop,-1.0,-1.0,-1.0,-1.0
témoin,EURUSD,2024-04-22 12:00:00,2.00389105058351,6.0,False,,objectif,2.00389105058351,1.0,2.00389105058351,1.501945525291755
témoin,EURUSD,2025-11-06 08:00:00,2.00389105058351,5.0,False,,objectif,2.00389105058351,1.0,2.00389105058351,1.501945525291755
témoin,EURUSD,2026-08-27 20:00:00,2.00389105058351,,False,,stop,-1.0,-1.0,-1.0,-1.0
témoin,EURUSD,2026-05-20 07:00:00,2.00389105058351,7.0,True,de nouveau +1 R,rien,0.0,1.0,0.0,0.5
témoin,EURUSD,2026-03-25 16:00:00,2.00389105058351,,False,,stop,-1.0,-1.0,-1.0,-1.0
témoin,EURUSD,2026-06-15 02:00:00,2.00389105058351,,False,,stop,-1.0,-1.0,-1.0,-1.0
témoin,EURUSD,2026-04-01 04:00:00,2.00389105058351,2.0,False,,objectif,2.00389105058351,1.0,2.00389105058351,1.501945525291755
témoin,EURUSD,2026-04-16 03:00:00,2.00389105058351,,False,,stop,-1.0,-1.0,-1.0,-1.0
témoin,EURUSD,2026-07-17 01:00:00,2.00389105058351,,False,,stop,-1.0,-1.0,-1.0,-1.0
Amirou,GBPNZD,2025-10-08 21:00:00,1.997536945812901,2.0,True,de nouveau +1 R,rien,0.0,1.0,0.0,0.5
témoin,GBPNZD,2024-08-26 11:00:00,1.997536945812901,,False,,stop,-1.0,-1.0,-1.0,-1.0
témoin,GBPNZD,2026-08-10 11:00:00,1.997536945812901,2.0,False,,objectif,1.997536945812901,1.0,1.997536945812901,1.4987684729064505
témoin,GBPNZD,2026-01-12 01:00:00,1.997536945812901,,False,,stop,-1.0,-1.0,-1.0,-1.0
témoin,GBPNZD,2025-01-14 15:00:00,1.997536945812901,1.0,False,,objectif,1.997536945812901,1.0,1.997536945812901,1.4987684729064505
témoin,GBPNZD,2026-07-03 06:00:00,1.997536945812901,,False,,stop,-1.0,-1.0,-1.0,-1.0
témoin,GBPNZD,2026-01-12 19:00:00,1.997536945812901,,False,,stop,-1.0,-1.0,-1.0,-1.0
témoin,GBPNZD,2026-09-01 03:00:00,1.997536945812901,5.0,True,de nouveau +1 R,objectif,1.997536945812901,1.0,0.0,0.5
témoin,GBPNZD,2025-09-22 00:00:00,1.997536945812901,,False,,stop,-1.0,-1.0,-1.0,-1.0
témoin,GBPNZD,2026-09-10 23:00:00,1.997536945812901,,False,,stop,-1.0,-1.0,-1.0,-1.0
témoin,GBPNZD,2025-07-01 00:00:00,1.997536945812901,1.0,True,stop,stop,-1.0,1.0,0.0,0.5
témoin,GBPNZD,2026-08-05 10:00:00,1.997536945812901,,False,,stop,-1.0,-1.0,-1.0,-1.0
témoin,GBPNZD,2025-10-29 03:00:00,1.997536945812901,,False,,stop,-1.0,-1.0,-1.0,-1.0
témoin,GBPNZD,2026-03-27 20:00:00,1.997536945812901,5.0,True,de nouveau +1 R,rien,0.0,1.0,0.0,0.5
témoin,GBPNZD,2024-10-31 13:00:00,1.997536945812901,,False,,stop,-1.0,-1.0,-1.0,-1.0
témoin,GBPNZD,2026-04-09 01:00:00,1.997536945812901,,False,,stop,-1.0,-1.0,-1.0,-1.0
témoin,GBPNZD,2026-05-01 08:00:00,1.997536945812901,,False,,stop,-1.0,-1.0,-1.0,-1.0
témoin,GBPNZD,2025-01-14 12:00:00,1.997536945812901,,False,,stop,-1.0,-1.0,-1.0,-1.0
témoin,GBPNZD,2025-01-28 07:00:00,1.997536945812901,,False,,stop,-1.0,-1.0,-1.0,-1.0
témoin,GBPNZD,2025-10-30 00:00:00,1.997536945812901,,False,,stop,-1.0,-1.0,-1.0,-1.0
témoin,GBPNZD,2024-05-13 07:00:00,1.997536945812901,19.0,True,stop,stop,-1.0,1.0,0.0,0.5
Amirou,CHFJPY,2025-10-09 23:00:00,2.0221327967806175,7.0,True,de nouveau +1 R,rien,0.0,1.0,0.0,0.5
témoin,CHFJPY,2026-09-04 06:00:00,2.0221327967806175,6.0,False,,objectif,2.0221327967806175,1.0,2.0221327967806175,1.5110663983903088
témoin,CHFJPY,2023-12-27 05:00:00,2.0221327967806175,,False,,stop,-1.0,-1.0,-1.0,-1.0
témoin,CHFJPY,2024-06-10 05:00:00,2.0221327967806175,,False,,stop,-1.0,-1.0,-1.0,-1.0
témoin,CHFJPY,2025-09-18 06:00:00,2.0221327967806175,,False,,stop,-1.0,-1.0,-1.0,-1.0
témoin,CHFJPY,2026-03-23 15:00:00,2.0221327967806175,3.0,True,de nouveau +1 R,rien,0.0,1.0,0.0,0.5
témoin,CHFJPY,2024-08-05 18:00:00,2.0221327967806175,,False,,stop,-1.0,-1.0,-1.0,-1.0
témoin,CHFJPY,2025-09-17 04:00:00,2.0221327967806175,14.0,True,stop,stop,-1.0,1.0,0.0,0.5
témoin,CHFJPY,2026-08-05 05:00:00,2.0221327967806175,,False,,stop,-1.0,-1.0,-1.0,-1.0
témoin,CHFJPY,2024-05-23 20:00:00,2.0221327967806175,,False,,stop,-1.0,-1.0,-1.0,-1.0
témoin,CHFJPY,2024-06-28 11:00:00,2.0221327967806175,,False,,stop,-1.0,-1.0,-1.0,-1.0
témoin,CHFJPY,2024-08-23 06:00:00,2.0221327967806175,,False,,stop,-1.0,-1.0,-1.0,-1.0
témoin,CHFJPY,2024-10-29 08:00:00,2.0221327967806175,26.0,True,de nouveau +1 R,rien,0.0,1.0,0.0,0.5
témoin,CHFJPY,2025-08-01 17:00:00,2.0221327967806175,11.0,False,,objectif,2.0221327967806175,1.0,2.0221327967806175,1.5110663983903088
témoin,CHFJPY,2026-09-02 09:00:00,2.0221327967806175,4.0,False,,objectif,2.0221327967806175,1.0,2.0221327967806175,1.5110663983903088
témoin,CHFJPY,2026-03-23 20:00:00,2.0221327967806175,17.0,True,de nouveau +1 R,rien,0.0,1.0,0.0,0.5
témoin,CHFJPY,2025-05-21 17:00:00,2.0221327967806175,,False,,stop,-1.0,-1.0,-1.0,-1.0
témoin,CHFJPY,2025-09-03 00:00:00,2.0221327967806175,24.0,True,stop,stop,-1.0,1.0,0.0,0.5
témoin,CHFJPY,2026-07-01 20:00:00,2.0221327967806175,10.0,False,,objectif,2.0221327967806175,1.0,2.0221327967806175,1.5110663983903088
témoin,CHFJPY,2026-08-05 12:00:00,2.0221327967806175,,False,,stop,-1.0,-1.0,-1.0,-1.0
témoin,CHFJPY,2026-02-11 01:00:00,2.0221327967806175,3.0,False,,objectif,2.0221327967806175,1.0,2.0221327967806175,1.5110663983903088
Amirou,CHFJPY,2025-10-16 06:00:00,2.057361376672931,1.0,True,stop,stop,-1.0,1.0,0.0,0.5
témoin,CHFJPY,2026-02-26 07:00:00,2.057361376672931,2.0,True,stop,stop,-1.0,1.0,0.0,0.5
témoin,CHFJPY,2024-04-15 01:00:00,2.057361376672931,,False,,stop,-1.0,-1.0,-1.0,-1.0
témoin,CHFJPY,2024-10-21 22:00:00,2.057361376672931,,False,,stop,-1.0,-1.0,-1.0,-1.0
témoin,CHFJPY,2024-07-19 11:00:00,2.057361376672931,17.0,False,,objectif,2.057361376672931,1.0,2.057361376672931,1.5286806883364654
témoin,CHFJPY,2026-03-10 17:00:00,2.057361376672931,,False,,stop,-1.0,-1.0,-1.0,-1.0
témoin,CHFJPY,2025-01-09 00:00:00,2.057361376672931,4.0,True,de nouveau +1 R,rien,0.0,1.0,0.0,0.5
témoin,CHFJPY,2024-02-15 15:00:00,2.057361376672931,,False,,stop,-1.0,-1.0,-1.0,-1.0
témoin,CHFJPY,2026-05-21 09:00:00,2.057361376672931,,False,,stop,-1.0,-1.0,-1.0,-1.0
témoin,CHFJPY,2026-06-30 09:00:00,2.057361376672931,,False,,stop,-1.0,-1.0,-1.0,-1.0
témoin,CHFJPY,2024-11-15 00:00:00,2.057361376672931,8.0,False,,objectif,2.057361376672931,1.0,2.057361376672931,1.5286806883364654
témoin,CHFJPY,2026-08-05 02:00:00,2.057361376672931,,False,,stop,-1.0,-1.0,-1.0,-1.0
témoin,CHFJPY,2025-03-26 01:00:00,2.057361376672931,,False,,stop,-1.0,-1.0,-1.0,-1.0
témoin,CHFJPY,2024-10-31 02:00:00,2.057361376672931,2.0,False,,objectif,2.057361376672931,1.0,2.057361376672931,1.5286806883364654
témoin,CHFJPY,2025-04-11 16:00:00,2.057361376672931,6.0,False,,objectif,2.057361376672931,1.0,2.057361376672931,1.5286806883364654
témoin,CHFJPY,2025-05-12 11:00:00,2.057361376672931,,False,,stop,-1.0,-1.0,-1.0,-1.0
témoin,CHFJPY,2024-11-06 11:00:00,2.057361376672931,,False,,stop,-1.0,-1.0,-1.0,-1.0
témoin,CHFJPY,2025-09-19 07:00:00,2.057361376672931,,False,,stop,-1.0,-1.0,-1.0,-1.0
témoin,CHFJPY,2026-02-16 15:00:00,2.057361376672931,14.0,True,stop,stop,-1.0,1.0,0.0,0.5
témoin,CHFJPY,2026-04-14 07:00:00,2.057361376672931,44.0,True,de nouveau +1 R,rien,0.0,1.0,0.0,0.5
témoin,CHFJPY,2024-02-09 05:00:00,2.057361376672931,27.0,False,,objectif,2.057361376672931,1.0,2.057361376672931,1.5286806883364654
Amirou,CADJPY,2025-10-10 12:00:00,2.0355029585799396,3.0,False,,objectif,2.0355029585799396,1.0,2.0355029585799396,1.5177514792899698
témoin,CADJPY,2025-01-13 07:00:00,2.0355029585799396,,False,,stop,-1.0,-1.0,-1.0,-1.0
témoin,CADJPY,2024-07-30 13:00:00,2.0355029585799396,2.0,False,,objectif,2.0355029585799396,1.0,2.0355029585799396,1.5177514792899698
témoin,CADJPY,2026-05-15 20:00:00,2.0355029585799396,202.0,True,,rien,0.0,1.0,0.0,0.5
témoin,CADJPY,2026-03-26 01:00:00,2.0355029585799396,51.0,False,,objectif,2.0355029585799396,1.0,2.0355029585799396,1.5177514792899698
témoin,CADJPY,2024-09-24 18:00:00,2.0355029585799396,,False,,stop,-1.0,-1.0,-1.0,-1.0
témoin,CADJPY,2025-08-26 21:00:00,2.0355029585799396,,False,,stop,-1.0,-1.0,-1.0,-1.0
témoin,CADJPY,2024-07-05 14:00:00,2.0355029585799396,9.0,True,stop,stop,-1.0,1.0,0.0,0.5
témoin,CADJPY,2025-05-13 22:00:00,2.0355029585799396,10.0,False,,objectif,2.0355029585799396,1.0,2.0355029585799396,1.5177514792899698
témoin,CADJPY,2026-08-21 10:00:00,2.0355029585799396,24.0,True,de nouveau +1 R,rien,0.0,1.0,0.0,0.5
témoin,CADJPY,2024-12-20 06:00:00,2.0355029585799396,,False,,stop,-1.0,-1.0,-1.0,-1.0
témoin,CADJPY,2024-08-14 02:00:00,2.0355029585799396,,False,,stop,-1.0,-1.0,-1.0,-1.0
témoin,CADJPY,2024-04-24 20:00:00,2.0355029585799396,,False,,stop,-1.0,-1.0,-1.0,-1.0
témoin,CADJPY,2024-12-05 12:00:00,2.0355029585799396,,False,,stop,-1.0,-1.0,-1.0,-1.0
témoin,CADJPY,2025-03-19 12:00:00,2.0355029585799396,6.0,False,,objectif,2.0355029585799396,1.0,2.0355029585799396,1.5177514792899698
témoin,CADJPY,2025-10-27 03:00:00,2.0355029585799396,22.0,True,stop,stop,-1.0,1.0,0.0,0.5
témoin,CADJPY,2026-09-04 11:00:00,2.0355029585799396,1.0,False,,objectif,2.0355029585799396,1.0,2.0355029585799396,1.5177514792899698
témoin,CADJPY,2024-11-12 13:00:00,2.0355029585799396,,False,,stop,-1.0,-1.0,-1.0,-1.0
témoin,CADJPY,2025-08-05 15:00:00,2.0355029585799396,,False,,stop,-1.0,-1.0,-1.0,-1.0
témoin,CADJPY,2026-09-02 08:00:00,2.0355029585799396,5.0,True,de nouveau +1 R,rien,0.0,1.0,0.0,0.5
témoin,CADJPY,2025-07-17 08:00:00,2.0355029585799396,44.0,False,,objectif,2.0355029585799396,1.0,2.0355029585799396,1.5177514792899698
Amirou,AUDJPY,2025-10-29 00:00:00,2.508143322475586,2.0,False,,objectif,2.508143322475586,1.0,2.508143322475586,1.754071661237793
témoin,AUDJPY,2025-06-23 09:00:00,2.508143322475586,,False,,stop,-1.0,-1.0,-1.0,-1.0
témoin,AUDJPY,2026-09-11 08:00:00,2.508143322475586,,False,,stop,-1.0,-1.0,-1.0,-1.0
témoin,AUDJPY,2026-08-18 03:00:00,2.508143322475586,,False,,stop,-1.0,-1.0,-1.0,-1.0
témoin,AUDJPY,2026-05-28 23:00:00,2.508143322475586,14.0,True,de nouveau +1 R,rien,0.0,1.0,0.0,0.5
témoin,AUDJPY,2024-06-26 10:00:00,2.508143322475586,21.0,True,de nouveau +1 R,rien,0.0,1.0,0.0,0.5
témoin,AUDJPY,2026-09-21 22:00:00,2.508143322475586,,False,,stop,-1.0,-1.0,-1.0,-1.0
témoin,AUDJPY,2026-02-24 23:00:00,2.508143322475586,1.0,False,,objectif,2.508143322475586,1.0,2.508143322475586,1.754071661237793
témoin,AUDJPY,2026-08-06 02:00:00,2.508143322475586,,False,,stop,-1.0,-1.0,-1.0,-1.0
témoin,AUDJPY,2025-01-23 10:00:00,2.508143322475586,16.0,True,de nouveau +1 R,rien,0.0,1.0,0.0,0.5
témoin,AUDJPY,2025-10-20 11:00:00,2.508143322475586,4.0,False,,objectif,2.508143322475586,1.0,2.508143322475586,1.754071661237793
témoin,AUDJPY,2026-04-15 06:00:00,2.508143322475586,8.0,False,,objectif,2.508143322475586,1.0,2.508143322475586,1.754071661237793
témoin,AUDJPY,2024-10-18 08:00:00,2.508143322475586,,False,,stop,-1.0,-1.0,-1.0,-1.0
témoin,AUDJPY,2026-04-06 10:00:00,2.508143322475586,22.0,False,,objectif,2.508143322475586,1.0,2.508143322475586,1.754071661237793
témoin,AUDJPY,2025-09-10 02:00:00,2.508143322475586,3.0,False,,objectif,2.508143322475586,1.0,2.508143322475586,1.754071661237793
témoin,AUDJPY,2026-08-18 19:00:00,2.508143322475586,,False,,stop,-1.0,-1.0,-1.0,-1.0
témoin,AUDJPY,2024-12-02 03:00:00,2.508143322475586,,False,,stop,-1.0,-1.0,-1.0,-1.0
témoin,AUDJPY,2024-11-27 11:00:00,2.508143322475586,,False,,stop,-1.0,-1.0,-1.0,-1.0
témoin,AUDJPY,2026-03-16 01:00:00,2.508143322475586,9.0,False,,objectif,2.508143322475586,1.0,2.508143322475586,1.754071661237793
témoin,AUDJPY,2024-02-01 00:00:00,2.508143322475586,,False,,stop,-1.0,-1.0,-1.0,-1.0
témoin,AUDJPY,2024-05-02 09:00:00,2.508143322475586,,False,,stop,-1.0,-1.0,-1.0,-1.0
Amirou,GBPAUD,2025-11-11 23:00:00,2.0,9.0,False,,objectif,2.0,1.0,2.0,1.5
témoin,GBPAUD,2024-06-07 08:00:00,2.0,,False,,stop,-1.0,-1.0,-1.0,-1.0
témoin,GBPAUD,2025-03-24 22:00:00,2.0,13.0,True,de nouveau +1 R,rien,0.0,1.0,0.0,0.5
témoin,GBPAUD,2025-01-02 06:00:00,2.0,3.0,False,,objectif,2.0,1.0,2.0,1.5
témoin,GBPAUD,2026-04-09 19:00:00,2.0,,False,,stop,-1.0,-1.0,-1.0,-1.0
témoin,GBPAUD,2026-08-11 07:00:00,2.0,29.0,False,,objectif,2.0,1.0,2.0,1.5
témoin,GBPAUD,2025-03-17 04:00:00,2.0,11.0,True,stop,stop,-1.0,1.0,0.0,0.5
témoin,GBPAUD,2025-07-10 17:00:00,2.0,13.0,False,,objectif,2.0,1.0,2.0,1.5
témoin,GBPAUD,2025-08-11 15:00:00,2.0,,False,,stop,-1.0,-1.0,-1.0,-1.0
témoin,GBPAUD,2025-01-20 12:00:00,2.0,1.0,True,de nouveau +1 R,rien,0.0,1.0,0.0,0.5
témoin,GBPAUD,2024-03-22 04:00:00,2.0,6.0,True,stop,stop,-1.0,1.0,0.0,0.5
témoin,GBPAUD,2026-05-12 15:00:00,2.0,19.0,False,,objectif,2.0,1.0,2.0,1.5
témoin,GBPAUD,2024-09-26 17:00:00,2.0,14.0,False,,objectif,2.0,1.0,2.0,1.5
témoin,GBPAUD,2025-12-17 10:00:00,2.0,,False,,stop,-1.0,-1.0,-1.0,-1.0
témoin,GBPAUD,2026-08-04 00:00:00,2.0,3.0,False,,objectif,2.0,1.0,2.0,1.5
témoin,GBPAUD,2025-10-01 12:00:00,2.0,,False,,stop,-1.0,-1.0,-1.0,-1.0
témoin,GBPAUD,2025-10-06 23:00:00,2.0,,False,,stop,-1.0,-1.0,-1.0,-1.0
témoin,GBPAUD,2025-11-21 00:00:00,2.0,,False,,stop,-1.0,-1.0,-1.0,-1.0
témoin,GBPAUD,2024-12-16 23:00:00,2.0,,False,,stop,-1.0,-1.0,-1.0,-1.0
témoin,GBPAUD,2025-11-10 14:00:00,2.0,18.0,True,de nouveau +1 R,rien,0.0,1.0,0.0,0.5
témoin,GBPAUD,2025-05-19 01:00:00,2.0,14.0,True,stop,stop,-1.0,1.0,0.0,0.5
Amirou,USDCAD,2025-12-02 08:00:00,1.805405405405561,7.0,False,,objectif,1.805405405405561,1.0,1.805405405405561,1.4027027027027805
témoin,USDCAD,2026-02-12 06:00:00,1.805405405405561,3.0,True,de nouveau +1 R,rien,0.0,1.0,0.0,0.5
témoin,USDCAD,2026-02-05 14:00:00,1.805405405405561,1.0,True,stop,stop,-1.0,1.0,0.0,0.5
témoin,USDCAD,2025-08-04 10:00:00,1.805405405405561,2.0,True,de nouveau +1 R,rien,0.0,1.0,0.0,0.5
témoin,USDCAD,2026-02-18 16:00:00,1.805405405405561,,False,,stop,-1.0,-1.0,-1.0,-1.0
témoin,USDCAD,2024-02-06 01:00:00,1.805405405405561,1.0,True,de nouveau +1 R,rien,0.0,1.0,0.0,0.5
témoin,USDCAD,2026-03-31 20:00:00,1.805405405405561,4.0,False,,objectif,1.805405405405561,1.0,1.805405405405561,1.4027027027027805
témoin,USDCAD,2026-08-13 12:00:00,1.805405405405561,1.0,True,de nouveau +1 R,rien,0.0,1.0,0.0,0.5
témoin,USDCAD,2024-10-02 18:00:00,1.805405405405561,,False,,stop,-1.0,-1.0,-1.0,-1.0
témoin,USDCAD,2025-07-23 09:00:00,1.805405405405561,,False,,stop,-1.0,-1.0,-1.0,-1.0
témoin,USDCAD,2024-08-12 20:00:00,1.805405405405561,11.0,False,,objectif,1.805405405405561,1.0,1.805405405405561,1.4027027027027805
témoin,USDCAD,2025-06-25 12:00:00,1.805405405405561,,False,,stop,-1.0,-1.0,-1.0,-1.0
témoin,USDCAD,2025-09-19 11:00:00,1.805405405405561,3.0,False,,objectif,1.805405405405561,1.0,1.805405405405561,1.4027027027027805
témoin,USDCAD,2026-06-22 00:00:00,1.805405405405561,,False,,stop,-1.0,-1.0,-1.0,-1.0
témoin,USDCAD,2025-05-29 21:00:00,1.805405405405561,,False,,stop,-1.0,-1.0,-1.0,-1.0
témoin,USDCAD,2025-09-09 17:00:00,1.805405405405561,,False,,stop,-1.0,-1.0,-1.0,-1.0
témoin,USDCAD,2025-07-08 06:00:00,1.805405405405561,1.0,True,stop,stop,-1.0,1.0,0.0,0.5
témoin,USDCAD,2026-07-02 17:00:00,1.805405405405561,,False,,stop,-1.0,-1.0,-1.0,-1.0
témoin,USDCAD,2024-07-18 16:00:00,1.805405405405561,,False,,stop,-1.0,-1.0,-1.0,-1.0
témoin,USDCAD,2024-06-20 14:00:00,1.805405405405561,5.0,True,stop,stop,-1.0,1.0,0.0,0.5
témoin,USDCAD,2024-10-31 17:00:00,1.805405405405561,1.0,True,de nouveau +1 R,rien,0.0,1.0,0.0,0.5
Amirou,GBPAUD,2025-12-12 04:00:00,1.4913957934990303,,False,,stop,-1.0,-1.0,-1.0,-1.0
témoin,GBPAUD,2025-01-06 12:00:00,1.4913957934990303,,False,,stop,-1.0,-1.0,-1.0,-1.0
témoin,GBPAUD,2026-01-09 07:00:00,1.4913957934990303,,False,,stop,-1.0,-1.0,-1.0,-1.0
témoin,GBPAUD,2024-03-19 03:00:00,1.4913957934990303,1.0,False,,objectif,1.4913957934990303,1.0,1.4913957934990303,1.2456978967495151
témoin,GBPAUD,2024-12-10 06:00:00,1.4913957934990303,9.0,False,,objectif,1.4913957934990303,1.0,1.4913957934990303,1.2456978967495151
témoin,GBPAUD,2024-03-14 09:00:00,1.4913957934990303,16.0,False,,objectif,1.4913957934990303,1.0,1.4913957934990303,1.2456978967495151
témoin,GBPAUD,2026-01-15 04:00:00,1.4913957934990303,,False,,stop,-1.0,-1.0,-1.0,-1.0
témoin,GBPAUD,2024-12-23 17:00:00,1.4913957934990303,10.0,True,de nouveau +1 R,objectif,1.4913957934990303,1.0,0.0,0.5
témoin,GBPAUD,2024-01-31 07:00:00,1.4913957934990303,,False,,stop,-1.0,-1.0,-1.0,-1.0
témoin,GBPAUD,2025-11-21 09:00:00,1.4913957934990303,6.0,True,de nouveau +1 R,rien,0.0,1.0,0.0,0.5
témoin,GBPAUD,2026-07-30 08:00:00,1.4913957934990303,,False,,stop,-1.0,-1.0,-1.0,-1.0
témoin,GBPAUD,2024-11-28 22:00:00,1.4913957934990303,35.0,False,,objectif,1.4913957934990303,1.0,1.4913957934990303,1.2456978967495151
témoin,GBPAUD,2024-07-11 05:00:00,1.4913957934990303,9.0,False,,objectif,1.4913957934990303,1.0,1.4913957934990303,1.2456978967495151
témoin,GBPAUD,2025-09-30 16:00:00,1.4913957934990303,11.0,False,,objectif,1.4913957934990303,1.0,1.4913957934990303,1.2456978967495151
témoin,GBPAUD,2025-04-09 04:00:00,1.4913957934990303,1.0,True,stop,stop,-1.0,1.0,0.0,0.5
témoin,GBPAUD,2023-12-15 17:00:00,1.4913957934990303,,False,,stop,-1.0,-1.0,-1.0,-1.0
témoin,GBPAUD,2026-06-30 19:00:00,1.4913957934990303,6.0,False,,objectif,1.4913957934990303,1.0,1.4913957934990303,1.2456978967495151
témoin,GBPAUD,2024-04-26 03:00:00,1.4913957934990303,,False,,stop,-1.0,-1.0,-1.0,-1.0
témoin,GBPAUD,2024-08-26 22:00:00,1.4913957934990303,15.0,True,stop,stop,-1.0,1.0,0.0,0.5
témoin,GBPAUD,2024-12-18 13:00:00,1.4913957934990303,4.0,False,,objectif,1.4913957934990303,1.0,1.4913957934990303,1.2456978967495151
témoin,GBPAUD,2024-07-31 03:00:00,1.4913957934990303,,False,,stop,-1.0,-1.0,-1.0,-1.0
Amirou,GBPUSD,2026-01-29 07:00:00,2.006550218340606,,False,,stop,-1.0,-1.0,-1.0,-1.0
témoin,GBPUSD,2025-07-29 14:00:00,2.006550218340606,19.0,True,stop,stop,-1.0,1.0,0.0,0.5
témoin,GBPUSD,2026-09-08 04:00:00,2.006550218340606,,False,,stop,-1.0,-1.0,-1.0,-1.0
témoin,GBPUSD,2025-12-19 03:00:00,2.006550218340606,29.0,False,,objectif,2.006550218340606,1.0,2.006550218340606,1.503275109170303
témoin,GBPUSD,2026-06-17 17:00:00,2.006550218340606,,False,,stop,-1.0,-1.0,-1.0,-1.0
témoin,GBPUSD,2025-04-09 22:00:00,2.006550218340606,7.0,False,,objectif,2.006550218340606,1.0,2.006550218340606,1.503275109170303
témoin,GBPUSD,2025-06-05 01:00:00,2.006550218340606,12.0,True,stop,stop,-1.0,1.0,0.0,0.5
témoin,GBPUSD,2024-12-19 01:00:00,2.006550218340606,7.0,True,stop,stop,-1.0,1.0,0.0,0.5
témoin,GBPUSD,2024-02-15 17:00:00,2.006550218340606,31.0,False,,objectif,2.006550218340606,1.0,2.006550218340606,1.503275109170303
témoin,GBPUSD,2025-10-23 08:00:00,2.006550218340606,,False,,stop,-1.0,-1.0,-1.0,-1.0
témoin,GBPUSD,2025-08-18 04:00:00,2.006550218340606,,False,,stop,-1.0,-1.0,-1.0,-1.0
témoin,GBPUSD,2024-01-15 19:00:00,2.006550218340606,,False,,stop,-1.0,-1.0,-1.0,-1.0
témoin,GBPUSD,2024-08-26 15:00:00,2.006550218340606,26.0,True,stop,stop,-1.0,1.0,0.0,0.5
témoin,GBPUSD,2023-12-28 21:00:00,2.006550218340606,,False,,stop,-1.0,-1.0,-1.0,-1.0
témoin,GBPUSD,2024-07-18 13:00:00,2.006550218340606,,False,,stop,-1.0,-1.0,-1.0,-1.0
témoin,GBPUSD,2025-11-25 01:00:00,2.006550218340606,12.0,False,,objectif,2.006550218340606,1.0,2.006550218340606,1.503275109170303
témoin,GBPUSD,2026-07-15 15:00:00,2.006550218340606,1.0,True,stop,stop,-1.0,1.0,0.0,0.5
témoin,GBPUSD,2025-11-26 17:00:00,2.006550218340606,67.0,True,stop,stop,-1.0,1.0,0.0,0.5
témoin,GBPUSD,2025-09-01 19:00:00,2.006550218340606,,False,,stop,-1.0,-1.0,-1.0,-1.0
témoin,GBPUSD,2026-06-19 17:00:00,2.006550218340606,,False,,stop,-1.0,-1.0,-1.0,-1.0
témoin,GBPUSD,2025-03-07 14:00:00,2.006550218340606,45.0,False,,objectif,2.006550218340606,1.0,2.006550218340606,1.503275109170303
Amirou,EURUSD,2026-01-29 07:00:00,1.9925000000000064,,False,,stop,-1.0,-1.0,-1.0,-1.0
témoin,EURUSD,2025-02-21 15:00:00,1.9925000000000064,10.0,True,de nouveau +1 R,rien,0.0,1.0,0.0,0.5
témoin,EURUSD,2024-02-16 20:00:00,1.9925000000000064,40.0,False,,objectif,1.9925000000000064,1.0,1.9925000000000064,1.4962500000000032
témoin,EURUSD,2025-04-28 07:00:00,1.9925000000000064,7.0,False,,objectif,1.9925000000000064,1.0,1.9925000000000064,1.4962500000000032
témoin,EURUSD,2024-12-24 15:00:00,1.9925000000000064,78.0,True,stop,stop,-1.0,1.0,0.0,0.5
témoin,EURUSD,2025-05-22 16:00:00,1.9925000000000064,9.0,False,,objectif,1.9925000000000064,1.0,1.9925000000000064,1.4962500000000032
témoin,EURUSD,2026-05-07 14:00:00,1.9925000000000064,,False,,stop,-1.0,-1.0,-1.0,-1.0
témoin,EURUSD,2024-05-14 01:00:00,1.9925000000000064,29.0,False,,objectif,1.9925000000000064,1.0,1.9925000000000064,1.4962500000000032
témoin,EURUSD,2024-10-16 08:00:00,1.9925000000000064,,False,,stop,-1.0,-1.0,-1.0,-1.0
témoin,EURUSD,2024-05-31 13:00:00,1.9925000000000064,,False,,stop,-1.0,-1.0,-1.0,-1.0
témoin,EURUSD,2024-11-05 19:00:00,1.9925000000000064,,False,,stop,-1.0,-1.0,-1.0,-1.0
témoin,EURUSD,2024-11-15 21:00:00,1.9925000000000064,11.0,False,,objectif,1.9925000000000064,1.0,1.9925000000000064,1.4962500000000032
témoin,EURUSD,2025-08-19 16:00:00,1.9925000000000064,,False,,stop,-1.0,-1.0,-1.0,-1.0
témoin,EURUSD,2025-10-17 14:00:00,1.9925000000000064,,False,,stop,-1.0,-1.0,-1.0,-1.0
témoin,EURUSD,2024-08-27 00:00:00,1.9925000000000064,,False,,stop,-1.0,-1.0,-1.0,-1.0
témoin,EURUSD,2024-09-16 19:00:00,1.9925000000000064,47.0,True,stop,stop,-1.0,1.0,0.0,0.5
témoin,EURUSD,2025-06-30 19:00:00,1.9925000000000064,13.0,True,stop,stop,-1.0,1.0,0.0,0.5
témoin,EURUSD,2026-02-04 21:00:00,1.9925000000000064,56.0,False,,objectif,1.9925000000000064,1.0,1.9925000000000064,1.4962500000000032
témoin,EURUSD,2026-01-29 22:00:00,1.9925000000000064,,False,,stop,-1.0,-1.0,-1.0,-1.0
témoin,EURUSD,2024-12-04 07:00:00,1.9925000000000064,,False,,stop,-1.0,-1.0,-1.0,-1.0
témoin,EURUSD,2024-09-30 20:00:00,1.9925000000000064,,False,,stop,-1.0,-1.0,-1.0,-1.0
Amirou,EURUSD,2026-02-20 15:00:00,2.9192913385827164,8.0,True,stop,stop,-1.0,1.0,0.0,0.5
témoin,EURUSD,2024-07-24 06:00:00,2.9192913385827164,,False,,stop,-1.0,-1.0,-1.0,-1.0
témoin,EURUSD,2025-04-07 05:00:00,2.9192913385827164,2.0,True,stop,stop,-1.0,1.0,0.0,0.5
témoin,EURUSD,2025-08-08 18:00:00,2.9192913385827164,,False,,stop,-1.0,-1.0,-1.0,-1.0
témoin,EURUSD,2025-07-18 15:00:00,2.9192913385827164,22.0,True,stop,stop,-1.0,1.0,0.0,0.5
témoin,EURUSD,2026-05-12 06:00:00,2.9192913385827164,,False,,stop,-1.0,-1.0,-1.0,-1.0
témoin,EURUSD,2024-12-16 17:00:00,2.9192913385827164,,False,,stop,-1.0,-1.0,-1.0,-1.0
témoin,EURUSD,2025-04-30 10:00:00,2.9192913385827164,,False,,stop,-1.0,-1.0,-1.0,-1.0
témoin,EURUSD,2024-07-29 12:00:00,2.9192913385827164,96.0,False,,objectif,2.9192913385827164,1.0,2.9192913385827164,1.9596456692913582
témoin,EURUSD,2025-03-05 18:00:00,2.9192913385827164,19.0,True,de nouveau +1 R,rien,0.0,1.0,0.0,0.5
témoin,EURUSD,2024-04-09 22:00:00,2.9192913385827164,,False,,stop,-1.0,-1.0,-1.0,-1.0
témoin,EURUSD,2025-03-17 08:00:00,2.9192913385827164,23.0,True,stop,stop,-1.0,1.0,0.0,0.5
témoin,EURUSD,2025-07-08 22:00:00,2.9192913385827164,,False,,stop,-1.0,-1.0,-1.0,-1.0
témoin,EURUSD,2024-02-26 07:00:00,2.9192913385827164,151.0,False,,objectif,2.9192913385827164,1.0,2.9192913385827164,1.9596456692913582
témoin,EURUSD,2026-07-21 11:00:00,2.9192913385827164,,False,,stop,-1.0,-1.0,-1.0,-1.0
témoin,EURUSD,2024-01-25 10:00:00,2.9192913385827164,,False,,stop,-1.0,-1.0,-1.0,-1.0
témoin,EURUSD,2024-01-04 13:00:00,2.9192913385827164,,False,,stop,-1.0,-1.0,-1.0,-1.0
témoin,EURUSD,2024-02-29 06:00:00,2.9192913385827164,103.0,False,,rien,0.0,1.0,0.0,0.5
témoin,EURUSD,2026-05-08 19:00:00,2.9192913385827164,,False,,stop,-1.0,-1.0,-1.0,-1.0
témoin,EURUSD,2026-02-05 07:00:00,2.9192913385827164,46.0,True,,rien,0.0,1.0,0.0,0.5
témoin,EURUSD,2026-08-14 10:00:00,2.9192913385827164,19.0,False,,objectif,2.9192913385827164,1.0,2.9192913385827164,1.9596456692913582
Amirou,EURNZD,2026-02-26 14:00:00,2.0057636887609087,,False,,stop,-1.0,-1.0,-1.0,-1.0
témoin,EURNZD,2025-09-10 16:00:00,2.0057636887609087,,False,,stop,-1.0,-1.0,-1.0,-1.0
témoin,EURNZD,2025-06-16 15:00:00,2.0057636887609087,1.0,True,de nouveau +1 R,rien,0.0,1.0,0.0,0.5
témoin,EURNZD,2024-12-26 08:00:00,2.0057636887609087,,False,,stop,-1.0,-1.0,-1.0,-1.0
témoin,EURNZD,2026-08-20 09:00:00,2.0057636887609087,4.0,True,de nouveau +1 R,rien,0.0,1.0,0.0,0.5
témoin,EURNZD,2025-09-19 10:00:00,2.0057636887609087,,False,,stop,-1.0,-1.0,-1.0,-1.0
témoin,EURNZD,2025-11-26 12:00:00,2.0057636887609087,1.0,True,de nouveau +1 R,rien,0.0,1.0,0.0,0.5
témoin,EURNZD,2025-03-05 14:00:00,2.0057636887609087,,False,,stop,-1.0,-1.0,-1.0,-1.0
témoin,EURNZD,2025-06-18 17:00:00,2.0057636887609087,1.0,True,de nouveau +1 R,rien,0.0,1.0,0.0,0.5
témoin,EURNZD,2026-04-03 16:00:00,2.0057636887609087,4.0,False,,objectif,2.0057636887609087,1.0,2.0057636887609087,1.5028818443804544
témoin,EURNZD,2025-03-27 23:00:00,2.0057636887609087,,False,,stop,-1.0,-1.0,-1.0,-1.0
témoin,EURNZD,2025-10-20 12:00:00,2.0057636887609087,1.0,False,,objectif,2.0057636887609087,1.0,2.0057636887609087,1.5028818443804544
témoin,EURNZD,2025-03-31 23:00:00,2.0057636887609087,,False,,stop,-1.0,-1.0,-1.0,-1.0
témoin,EURNZD,2026-01-23 10:00:00,2.0057636887609087,2.0,True,de nouveau +1 R,rien,0.0,1.0,0.0,0.5
témoin,EURNZD,2025-11-04 06:00:00,2.0057636887609087,,False,,stop,-1.0,-1.0,-1.0,-1.0
témoin,EURNZD,2025-09-11 03:00:00,2.0057636887609087,,False,,stop,-1.0,-1.0,-1.0,-1.0
témoin,EURNZD,2024-08-08 12:00:00,2.0057636887609087,1.0,False,,objectif,2.0057636887609087,1.0,2.0057636887609087,1.5028818443804544
témoin,EURNZD,2024-09-09 05:00:00,2.0057636887609087,,False,,stop,-1.0,-1.0,-1.0,-1.0
témoin,EURNZD,2025-12-08 03:00:00,2.0057636887609087,,False,,stop,-1.0,-1.0,-1.0,-1.0
témoin,EURNZD,2024-07-10 00:00:00,2.0057636887609087,,False,,stop,-1.0,-1.0,-1.0,-1.0
témoin,EURNZD,2025-04-24 15:00:00,2.0057636887609087,9.0,False,,objectif,2.0057636887609087,1.0,2.0057636887609087,1.5028818443804544
Amirou,EURUSD,2026-02-25 13:00:00,1.9960317460316321,3.0,True,de nouveau +1 R,rien,0.0,1.0,0.0,0.5
témoin,EURUSD,2025-04-02 00:00:00,1.9960317460316321,13.0,False,,objectif,1.9960317460316321,1.0,1.9960317460316321,1.4980158730158162
témoin,EURUSD,2025-10-27 14:00:00,1.9960317460316321,11.0,True,de nouveau +1 R,rien,0.0,1.0,0.0,0.5
témoin,EURUSD,2024-03-04 18:00:00,1.9960317460316321,43.0,False,,objectif,1.9960317460316321,1.0,1.9960317460316321,1.4980158730158162
témoin,EURUSD,2026-07-23 22:00:00,1.9960317460316321,24.0,True,de nouveau +1 R,rien,0.0,1.0,0.0,0.5
témoin,EURUSD,2025-02-19 19:00:00,1.9960317460316321,16.0,False,,objectif,1.9960317460316321,1.0,1.9960317460316321,1.4980158730158162
témoin,EURUSD,2024-08-07 13:00:00,1.9960317460316321,,False,,stop,-1.0,-1.0,-1.0,-1.0
témoin,EURUSD,2025-11-24 16:00:00,1.9960317460316321,21.0,False,,objectif,1.9960317460316321,1.0,1.9960317460316321,1.4980158730158162
témoin,EURUSD,2025-01-27 11:00:00,1.9960317460316321,2.0,True,stop,stop,-1.0,1.0,0.0,0.5
témoin,EURUSD,2024-04-08 00:00:00,1.9960317460316321,14.0,False,,objectif,1.9960317460316321,1.0,1.9960317460316321,1.4980158730158162
témoin,EURUSD,2024-09-18 13:00:00,1.9960317460316321,5.0,False,,objectif,1.9960317460316321,1.0,1.9960317460316321,1.4980158730158162
témoin,EURUSD,2025-04-14 21:00:00,1.9960317460316321,,False,,stop,-1.0,-1.0,-1.0,-1.0
témoin,EURUSD,2024-02-07 18:00:00,1.9960317460316321,43.0,True,stop,stop,-1.0,1.0,0.0,0.5
témoin,EURUSD,2025-06-02 08:00:00,1.9960317460316321,6.0,True,de nouveau +1 R,rien,0.0,1.0,0.0,0.5
témoin,EURUSD,2025-09-03 15:00:00,1.9960317460316321,,False,,stop,-1.0,-1.0,-1.0,-1.0
témoin,EURUSD,2024-11-21 03:00:00,1.9960317460316321,,False,,stop,-1.0,-1.0,-1.0,-1.0
témoin,EURUSD,2025-09-10 06:00:00,1.9960317460316321,,False,,stop,-1.0,-1.0,-1.0,-1.0
témoin,EURUSD,2025-09-05 00:00:00,1.9960317460316321,8.0,False,,objectif,1.9960317460316321,1.0,1.9960317460316321,1.4980158730158162
témoin,EURUSD,2026-09-22 01:00:00,1.9960317460316321,,False,,stop,-1.0,-1.0,-1.0,-1.0
témoin,EURUSD,2025-07-15 06:00:00,1.9960317460316321,,False,,stop,-1.0,-1.0,-1.0,-1.0
témoin,EURUSD,2025-08-13 11:00:00,1.9960317460316321,,False,,stop,-1.0,-1.0,-1.0,-1.0
Amirou,AUDCAD,2026-03-02 12:00:00,4.062841530054662,,False,,stop,-1.0,-1.0,-1.0,-1.0
témoin,AUDCAD,2025-03-28 08:00:00,4.062841530054662,15.0,True,de nouveau +1 R,rien,0.0,1.0,0.0,0.5
témoin,AUDCAD,2026-05-29 21:00:00,4.062841530054662,,False,,stop,-1.0,-1.0,-1.0,-1.0
témoin,AUDCAD,2026-03-03 04:00:00,4.062841530054662,2.0,False,,objectif,4.062841530054662,1.0,4.062841530054662,2.531420765027331
témoin,AUDCAD,2024-03-01 07:00:00,4.062841530054662,,False,,stop,-1.0,-1.0,-1.0,-1.0
témoin,AUDCAD,2024-01-05 14:00:00,4.062841530054662,,False,,stop,-1.0,-1.0,-1.0,-1.0
témoin,AUDCAD,2026-04-27 08:00:00,4.062841530054662,,False,,stop,-1.0,-1.0,-1.0,-1.0
témoin,AUDCAD,2025-01-03 09:00:00,4.062841530054662,,False,,stop,-1.0,-1.0,-1.0,-1.0
témoin,AUDCAD,2024-10-28 15:00:00,4.062841530054662,2.0,True,de nouveau +1 R,rien,0.0,1.0,0.0,0.5
témoin,AUDCAD,2026-02-16 15:00:00,4.062841530054662,12.0,True,stop,stop,-1.0,1.0,0.0,0.5
témoin,AUDCAD,2024-07-11 01:00:00,4.062841530054662,,False,,stop,-1.0,-1.0,-1.0,-1.0
témoin,AUDCAD,2026-01-13 03:00:00,4.062841530054662,12.0,True,stop,stop,-1.0,1.0,0.0,0.5
témoin,AUDCAD,2025-04-17 23:00:00,4.062841530054662,,False,,stop,-1.0,-1.0,-1.0,-1.0
témoin,AUDCAD,2024-05-20 23:00:00,4.062841530054662,43.0,True,de nouveau +1 R,rien,0.0,1.0,0.0,0.5
témoin,AUDCAD,2025-04-14 19:00:00,4.062841530054662,,False,,stop,-1.0,-1.0,-1.0,-1.0
témoin,AUDCAD,2026-03-18 09:00:00,4.062841530054662,3.0,True,de nouveau +1 R,rien,0.0,1.0,0.0,0.5
témoin,AUDCAD,2026-08-13 07:00:00,4.062841530054662,,False,,stop,-1.0,-1.0,-1.0,-1.0
témoin,AUDCAD,2025-08-20 18:00:00,4.062841530054662,,False,,stop,-1.0,-1.0,-1.0,-1.0
témoin,AUDCAD,2026-01-09 12:00:00,4.062841530054662,,False,,stop,-1.0,-1.0,-1.0,-1.0
témoin,AUDCAD,2024-08-23 09:00:00,4.062841530054662,,False,,stop,-1.0,-1.0,-1.0,-1.0
témoin,AUDCAD,2025-03-21 01:00:00,4.062841530054662,14.0,True,de nouveau +1 R,rien,0.0,1.0,0.0,0.5
Amirou,USDJPY,2026-03-04 05:00:00,2.0633333333332544,4.0,False,,objectif,2.0633333333332544,1.0,2.0633333333332544,1.5316666666666272
témoin,USDJPY,2024-08-08 01:00:00,2.0633333333332544,,False,,stop,-1.0,-1.0,-1.0,-1.0
témoin,USDJPY,2025-07-02 11:00:00,2.0633333333332544,1.0,True,de nouveau +1 R,rien,0.0,1.0,0.0,0.5
témoin,USDJPY,2025-02-03 11:00:00,2.0633333333332544,1.0,False,,objectif,2.0633333333332544,1.0,2.0633333333332544,1.5316666666666272
témoin,USDJPY,2024-10-31 15:00:00,2.0633333333332544,1.0,False,,objectif,2.0633333333332544,1.0,2.0633333333332544,1.5316666666666272
témoin,USDJPY,2024-05-14 23:00:00,2.0633333333332544,8.0,False,,objectif,2.0633333333332544,1.0,2.0633333333332544,1.5316666666666272
témoin,USDJPY,2026-09-04 00:00:00,2.0633333333332544,,False,,stop,-1.0,-1.0,-1.0,-1.0
témoin,USDJPY,2025-10-01 01:00:00,2.0633333333332544,3.0,False,,objectif,2.0633333333332544,1.0,2.0633333333332544,1.5316666666666272
témoin,USDJPY,2025-01-09 03:00:00,2.0633333333332544,1.0,True,de nouveau +1 R,rien,0.0,1.0,0.0,0.5
témoin,USDJPY,2024-10-03 19:00:00,2.0633333333332544,6.0,False,,objectif,2.0633333333332544,1.0,2.0633333333332544,1.5316666666666272
témoin,USDJPY,2026-05-29 07:00:00,2.0633333333332544,,False,,stop,-1.0,-1.0,-1.0,-1.0
témoin,USDJPY,2024-06-11 03:00:00,2.0633333333332544,9.0,True,de nouveau +1 R,rien,0.0,1.0,0.0,0.5
témoin,USDJPY,2025-10-08 07:00:00,2.0633333333332544,,False,,stop,-1.0,-1.0,-1.0,-1.0
témoin,USDJPY,2025-06-12 00:00:00,2.0633333333332544,1.0,False,,objectif,2.0633333333332544,1.0,2.0633333333332544,1.5316666666666272
témoin,USDJPY,2026-06-30 04:00:00,2.0633333333332544,,False,,stop,-1.0,-1.0,-1.0,-1.0
témoin,USDJPY,2026-04-15 10:00:00,2.0633333333332544,16.0,False,,objectif,2.0633333333332544,1.0,2.0633333333332544,1.5316666666666272
témoin,USDJPY,2024-12-06 11:00:00,2.0633333333332544,2.0,False,,objectif,2.0633333333332544,1.0,2.0633333333332544,1.5316666666666272
témoin,USDJPY,2025-09-09 00:00:00,2.0633333333332544,5.0,False,,objectif,2.0633333333332544,1.0,2.0633333333332544,1.5316666666666272
témoin,USDJPY,2025-02-10 00:00:00,2.0633333333332544,,False,,stop,-1.0,-1.0,-1.0,-1.0
témoin,USDJPY,2024-01-12 15:00:00,2.0633333333332544,,False,,stop,-1.0,-1.0,-1.0,-1.0
témoin,USDJPY,2024-12-23 01:00:00,2.0633333333332544,,False,,stop,-1.0,-1.0,-1.0,-1.0
Amirou,EURJPY,2026-03-04 10:00:00,3.3016393442625454,7.0,True,de nouveau +1 R,rien,0.0,1.0,0.0,0.5
témoin,EURJPY,2025-07-09 21:00:00,3.3016393442625454,,False,,stop,-1.0,-1.0,-1.0,-1.0
témoin,EURJPY,2026-03-31 17:00:00,3.3016393442625454,,False,,stop,-1.0,-1.0,-1.0,-1.0
témoin,EURJPY,2026-09-21 22:00:00,3.3016393442625454,,False,,stop,-1.0,-1.0,-1.0,-1.0
témoin,EURJPY,2026-08-05 17:00:00,3.3016393442625454,,False,,stop,-1.0,-1.0,-1.0,-1.0
témoin,EURJPY,2024-03-26 01:00:00,3.3016393442625454,,False,,stop,-1.0,-1.0,-1.0,-1.0
témoin,EURJPY,2026-03-27 21:00:00,3.3016393442625454,1.0,False,,objectif,3.3016393442625454,1.0,3.3016393442625454,2.1508196721312727
témoin,EURJPY,2024-07-18 19:00:00,3.3016393442625454,,False,,stop,-1.0,-1.0,-1.0,-1.0
témoin,EURJPY,2025-03-17 00:00:00,3.3016393442625454,,False,,stop,-1.0,-1.0,-1.0,-1.0
témoin,EURJPY,2025-05-28 07:00:00,3.3016393442625454,1.0,True,stop,stop,-1.0,1.0,0.0,0.5
témoin,EURJPY,2026-04-02 04:00:00,3.3016393442625454,2.0,True,stop,stop,-1.0,1.0,0.0,0.5
témoin,EURJPY,2025-12-15 15:00:00,3.3016393442625454,,False,,stop,-1.0,-1.0,-1.0,-1.0
témoin,EURJPY,2025-12-22 09:00:00,3.3016393442625454,4.0,False,,objectif,3.3016393442625454,1.0,3.3016393442625454,2.1508196721312727
témoin,EURJPY,2026-08-26 20:00:00,3.3016393442625454,48.0,True,de nouveau +1 R,rien,0.0,1.0,0.0,0.5
témoin,EURJPY,2025-05-22 16:00:00,3.3016393442625454,,False,,stop,-1.0,-1.0,-1.0,-1.0
témoin,EURJPY,2024-07-03 04:00:00,3.3016393442625454,,False,,stop,-1.0,-1.0,-1.0,-1.0
témoin,EURJPY,2024-06-18 17:00:00,3.3016393442625454,,False,,stop,-1.0,-1.0,-1.0,-1.0
témoin,EURJPY,2026-03-25 19:00:00,3.3016393442625454,16.0,True,de nouveau +1 R,rien,0.0,1.0,0.0,0.5
témoin,EURJPY,2024-08-12 20:00:00,3.3016393442625454,,False,,stop,-1.0,-1.0,-1.0,-1.0
témoin,EURJPY,2024-12-10 18:00:00,3.3016393442625454,9.0,True,stop,stop,-1.0,1.0,0.0,0.5
témoin,EURJPY,2025-11-25 12:00:00,3.3016393442625454,,False,,stop,-1.0,-1.0,-1.0,-1.0
Amirou,GBPJPY,2026-03-09 00:00:00,2.0245700245699316,7.0,False,,objectif,2.0245700245699316,1.0,2.0245700245699316,1.5122850122849658
témoin,GBPJPY,2025-01-02 00:00:00,2.0245700245699316,,False,,stop,-1.0,-1.0,-1.0,-1.0
témoin,GBPJPY,2026-04-28 19:00:00,2.0245700245699316,19.0,True,stop,objectif,2.0245700245699316,1.0,0.0,0.5
témoin,GBPJPY,2024-04-17 20:00:00,2.0245700245699316,12.0,True,stop,stop,-1.0,1.0,0.0,0.5
témoin,GBPJPY,2026-05-28 14:00:00,2.0245700245699316,24.0,False,,objectif,2.0245700245699316,1.0,2.0245700245699316,1.5122850122849658
témoin,GBPJPY,2025-04-09 17:00:00,2.0245700245699316,1.0,False,,objectif,2.0245700245699316,1.0,2.0245700245699316,1.5122850122849658
témoin,GBPJPY,2025-06-27 03:00:00,2.0245700245699316,,False,,stop,-1.0,-1.0,-1.0,-1.0
témoin,GBPJPY,2026-08-26 19:00:00,2.0245700245699316,,False,,stop,-1.0,-1.0,-1.0,-1.0
témoin,GBPJPY,2025-12-29 02:00:00,2.0245700245699316,,False,,stop,-1.0,-1.0,-1.0,-1.0
témoin,GBPJPY,2024-11-04 21:00:00,2.0245700245699316,7.0,False,,objectif,2.0245700245699316,1.0,2.0245700245699316,1.5122850122849658
témoin,GBPJPY,2025-11-07 07:00:00,2.0245700245699316,,False,,stop,-1.0,-1.0,-1.0,-1.0
témoin,GBPJPY,2025-10-28 14:00:00,2.0245700245699316,2.0,True,stop,stop,-1.0,1.0,0.0,0.5
témoin,GBPJPY,2026-03-20 09:00:00,2.0245700245699316,,False,,stop,-1.0,-1.0,-1.0,-1.0
témoin,GBPJPY,2025-05-07 07:00:00,2.0245700245699316,1.0,True,de nouveau +1 R,rien,0.0,1.0,0.0,0.5
témoin,GBPJPY,2024-09-23 06:00:00,2.0245700245699316,,False,,stop,-1.0,-1.0,-1.0,-1.0
témoin,GBPJPY,2025-07-09 06:00:00,2.0245700245699316,,False,,stop,-1.0,-1.0,-1.0,-1.0
témoin,GBPJPY,2024-08-02 12:00:00,2.0245700245699316,,False,,stop,-1.0,-1.0,-1.0,-1.0
témoin,GBPJPY,2025-07-14 15:00:00,2.0245700245699316,16.0,False,,objectif,2.0245700245699316,1.0,2.0245700245699316,1.5122850122849658
témoin,GBPJPY,2026-01-07 23:00:00,2.0245700245699316,,False,,stop,-1.0,-1.0,-1.0,-1.0
témoin,GBPJPY,2026-01-20 03:00:00,2.0245700245699316,2.0,False,,objectif,2.0245700245699316,1.0,2.0245700245699316,1.5122850122849658
témoin,GBPJPY,2026-08-12 00:00:00,2.0245700245699316,,False,,stop,-1.0,-1.0,-1.0,-1.0
Amirou,EURUSD,2026-03-11 01:00:00,2.93300248138958,14.0,False,,objectif,2.93300248138958,1.0,2.93300248138958,1.96650124069479
témoin,EURUSD,2024-04-19 01:00:00,2.93300248138958,,False,,stop,-1.0,-1.0,-1.0,-1.0
témoin,EURUSD,2024-08-02 21:00:00,2.93300248138958,,False,,stop,-1.0,-1.0,-1.0,-1.0
témoin,EURUSD,2026-03-27 05:00:00,2.93300248138958,17.0,True,stop,stop,-1.0,1.0,0.0,0.5
témoin,EURUSD,2025-07-10 13:00:00,2.93300248138958,38.0,False,,objectif,2.93300248138958,1.0,2.93300248138958,1.96650124069479
témoin,EURUSD,2024-06-04 12:00:00,2.93300248138958,73.0,False,,objectif,2.93300248138958,1.0,2.93300248138958,1.96650124069479
témoin,EURUSD,2025-06-17 15:00:00,2.93300248138958,2.0,True,de nouveau +1 R,rien,0.0,1.0,0.0,0.5
témoin,EURUSD,2025-09-16 05:00:00,2.93300248138958,,False,,stop,-1.0,-1.0,-1.0,-1.0
témoin,EURUSD,2024-12-26 12:00:00,2.93300248138958,,False,,stop,-1.0,-1.0,-1.0,-1.0
témoin,EURUSD,2024-08-26 22:00:00,2.93300248138958,37.0,False,,objectif,2.93300248138958,1.0,2.93300248138958,1.96650124069479
témoin,EURUSD,2026-01-12 19:00:00,2.93300248138958,60.0,True,stop,stop,-1.0,1.0,0.0,0.5
témoin,EURUSD,2026-09-02 20:00:00,2.93300248138958,,False,,stop,-1.0,-1.0,-1.0,-1.0
témoin,EURUSD,2024-04-26 08:00:00,2.93300248138958,6.0,True,de nouveau +1 R,rien,0.0,1.0,0.0,0.5
témoin,EURUSD,2025-04-28 16:00:00,2.93300248138958,47.0,False,,objectif,2.93300248138958,1.0,2.93300248138958,1.96650124069479
témoin,EURUSD,2024-12-24 17:00:00,2.93300248138958,,False,,stop,-1.0,-1.0,-1.0,-1.0
témoin,EURUSD,2024-06-17 09:00:00,2.93300248138958,,False,,stop,-1.0,-1.0,-1.0,-1.0
témoin,EURUSD,2025-02-24 08:00:00,2.93300248138958,77.0,False,,objectif,2.93300248138958,1.0,2.93300248138958,1.96650124069479
témoin,EURUSD,2024-08-12 11:00:00,2.93300248138958,,False,,stop,-1.0,-1.0,-1.0,-1.0
témoin,EURUSD,2026-08-05 16:00:00,2.93300248138958,,False,,stop,-1.0,-1.0,-1.0,-1.0
témoin,EURUSD,2024-07-16 01:00:00,2.93300248138958,,False,,stop,-1.0,-1.0,-1.0,-1.0
témoin,EURUSD,2025-11-05 12:00:00,2.93300248138958,,False,,stop,-1.0,-1.0,-1.0,-1.0
Amirou,EURUSD,2026-03-11 07:00:00,1.67868852459017,5.0,False,,objectif,1.67868852459017,1.0,1.67868852459017,1.3393442622950849
témoin,EURUSD,2025-04-22 06:00:00,1.67868852459017,1.0,False,,objectif,1.67868852459017,1.0,1.67868852459017,1.3393442622950849
témoin,EURUSD,2025-12-02 12:00:00,1.67868852459017,,False,,stop,-1.0,-1.0,-1.0,-1.0
témoin,EURUSD,2025-08-18 21:00:00,1.67868852459017,,False,,stop,-1.0,-1.0,-1.0,-1.0
témoin,EURUSD,2026-09-22 08:00:00,1.67868852459017,24.0,False,,objectif,1.67868852459017,1.0,1.67868852459017,1.3393442622950849
témoin,EURUSD,2025-06-04 10:00:00,1.67868852459017,,False,,stop,-1.0,-1.0,-1.0,-1.0
témoin,EURUSD,2024-07-31 18:00:00,1.67868852459017,,False,,stop,-1.0,-1.0,-1.0,-1.0
témoin,EURUSD,2025-03-05 10:00:00,1.67868852459017,1.0,True,stop,stop,-1.0,1.0,0.0,0.5
témoin,EURUSD,2025-08-15 06:00:00,1.67868852459017,,False,,stop,-1.0,-1.0,-1.0,-1.0
témoin,EURUSD,2024-11-13 21:00:00,1.67868852459017,12.0,False,,objectif,1.67868852459017,1.0,1.67868852459017,1.3393442622950849
témoin,EURUSD,2024-04-03 01:00:00,1.67868852459017,,False,,stop,-1.0,-1.0,-1.0,-1.0
témoin,EURUSD,2024-07-24 21:00:00,1.67868852459017,,False,,stop,-1.0,-1.0,-1.0,-1.0
témoin,EURUSD,2024-05-28 12:00:00,1.67868852459017,11.0,False,,objectif,1.67868852459017,1.0,1.67868852459017,1.3393442622950849
témoin,EURUSD,2026-03-23 02:00:00,1.67868852459017,4.0,False,,objectif,1.67868852459017,1.0,1.67868852459017,1.3393442622950849
témoin,EURUSD,2025-11-17 23:00:00,1.67868852459017,39.0,False,,objectif,1.67868852459017,1.0,1.67868852459017,1.3393442622950849
témoin,EURUSD,2026-06-24 07:00:00,1.67868852459017,5.0,True,stop,stop,-1.0,1.0,0.0,0.5
témoin,EURUSD,2026-03-31 01:00:00,1.67868852459017,,False,,stop,-1.0,-1.0,-1.0,-1.0
témoin,EURUSD,2024-06-27 20:00:00,1.67868852459017,,False,,stop,-1.0,-1.0,-1.0,-1.0
témoin,EURUSD,2025-09-17 14:00:00,1.67868852459017,,False,,stop,-1.0,-1.0,-1.0,-1.0
témoin,EURUSD,2026-07-07 13:00:00,1.67868852459017,8.0,True,de nouveau +1 R,rien,0.0,1.0,0.0,0.5
témoin,EURUSD,2025-07-23 04:00:00,1.67868852459017,,False,,stop,-1.0,-1.0,-1.0,-1.0
Amirou,EURUSD,2026-03-19 17:00:00,14.221153846151633,,False,,stop,-1.0,-1.0,-1.0,-1.0
témoin,EURUSD,2025-10-06 07:00:00,14.221153846151633,1.0,True,stop,stop,-1.0,1.0,0.0,0.5
témoin,EURUSD,2026-02-23 17:00:00,14.221153846151633,2.0,True,de nouveau +1 R,rien,0.0,1.0,0.0,0.5
témoin,EURUSD,2024-02-13 14:00:00,14.221153846151633,,False,,stop,-1.0,-1.0,-1.0,-1.0
témoin,EURUSD,2026-08-10 01:00:00,14.221153846151633,3.0,True,de nouveau +1 R,rien,0.0,1.0,0.0,0.5
témoin,EURUSD,2026-04-14 20:00:00,14.221153846151633,6.0,True,de nouveau +1 R,rien,0.0,1.0,0.0,0.5
témoin,EURUSD,2026-07-08 21:00:00,14.221153846151633,,False,,stop,-1.0,-1.0,-1.0,-1.0
témoin,EURUSD,2024-03-14 10:00:00,14.221153846151633,2.0,True,de nouveau +1 R,rien,0.0,1.0,0.0,0.5
témoin,EURUSD,2026-03-12 15:00:00,14.221153846151633,,False,,stop,-1.0,-1.0,-1.0,-1.0
témoin,EURUSD,2026-04-06 00:00:00,14.221153846151633,,False,,stop,-1.0,-1.0,-1.0,-1.0
témoin,EURUSD,2025-02-25 02:00:00,14.221153846151633,,False,,stop,-1.0,-1.0,-1.0,-1.0
témoin,EURUSD,2024-06-19 21:00:00,14.221153846151633,9.0,True,de nouveau +1 R,rien,0.0,1.0,0.0,0.5
témoin,EURUSD,2026-01-28 07:00:00,14.221153846151633,1.0,False,,objectif,14.221153846151633,1.0,14.221153846151633,7.610576923075817
témoin,EURUSD,2024-05-22 13:00:00,14.221153846151633,,False,,stop,-1.0,-1.0,-1.0,-1.0
témoin,EURUSD,2024-08-07 19:00:00,14.221153846151633,,False,,stop,-1.0,-1.0,-1.0,-1.0
témoin,EURUSD,2025-10-28 06:00:00,14.221153846151633,1.0,True,de nouveau +1 R,rien,0.0,1.0,0.0,0.5
témoin,EURUSD,2026-06-17 11:00:00,14.221153846151633,3.0,True,de nouveau +1 R,rien,0.0,1.0,0.0,0.5
témoin,EURUSD,2026-07-17 10:00:00,14.221153846151633,1.0,True,de nouveau +1 R,rien,0.0,1.0,0.0,0.5
témoin,EURUSD,2024-09-23 21:00:00,14.221153846151633,,False,,stop,-1.0,-1.0,-1.0,-1.0
témoin,EURUSD,2024-01-26 02:00:00,14.221153846151633,4.0,True,stop,stop,-1.0,1.0,0.0,0.5
témoin,EURUSD,2026-09-02 08:00:00,14.221153846151633,2.0,True,stop,stop,-1.0,1.0,0.0,0.5
Amirou,EURCAD,2026-03-19 02:00:00,2.448412698412626,,False,,stop,-1.0,-1.0,-1.0,-1.0
témoin,EURCAD,2026-03-16 12:00:00,2.448412698412626,,False,,stop,-1.0,-1.0,-1.0,-1.0
témoin,EURCAD,2024-10-14 22:00:00,2.448412698412626,,False,,stop,-1.0,-1.0,-1.0,-1.0
témoin,EURCAD,2024-03-01 19:00:00,2.448412698412626,,False,,stop,-1.0,-1.0,-1.0,-1.0
témoin,EURCAD,2024-09-05 21:00:00,2.448412698412626,15.0,True,stop,stop,-1.0,1.0,0.0,0.5
témoin,EURCAD,2024-10-15 06:00:00,2.448412698412626,,False,,stop,-1.0,-1.0,-1.0,-1.0
témoin,EURCAD,2024-11-18 16:00:00,2.448412698412626,17.0,False,,objectif,2.448412698412626,1.0,2.448412698412626,1.724206349206313
témoin,EURCAD,2025-06-12 00:00:00,2.448412698412626,,False,,stop,-1.0,-1.0,-1.0,-1.0
témoin,EURCAD,2025-04-16 22:00:00,2.448412698412626,14.0,True,stop,stop,-1.0,1.0,0.0,0.5
témoin,EURCAD,2024-11-26 09:00:00,2.448412698412626,6.0,True,de nouveau +1 R,rien,0.0,1.0,0.0,0.5
témoin,EURCAD,2024-07-04 02:00:00,2.448412698412626,,False,,stop,-1.0,-1.0,-1.0,-1.0
témoin,EURCAD,2026-08-20 00:00:00,2.448412698412626,35.0,True,stop,stop,-1.0,1.0,0.0,0.5
témoin,EURCAD,2024-09-05 15:00:00,2.448412698412626,,False,,stop,-1.0,-1.0,-1.0,-1.0
témoin,EURCAD,2024-05-01 16:00:00,2.448412698412626,22.0,True,stop,stop,-1.0,1.0,0.0,0.5
témoin,EURCAD,2026-05-25 18:00:00,2.448412698412626,,False,,stop,-1.0,-1.0,-1.0,-1.0
témoin,EURCAD,2025-09-04 22:00:00,2.448412698412626,,False,,stop,-1.0,-1.0,-1.0,-1.0
témoin,EURCAD,2026-07-10 11:00:00,2.448412698412626,5.0,False,,objectif,2.448412698412626,1.0,2.448412698412626,1.724206349206313
témoin,EURCAD,2024-09-19 00:00:00,2.448412698412626,53.0,False,,objectif,2.448412698412626,1.0,2.448412698412626,1.724206349206313
témoin,EURCAD,2024-05-20 23:00:00,2.448412698412626,,False,,stop,-1.0,-1.0,-1.0,-1.0
témoin,EURCAD,2025-06-19 22:00:00,2.448412698412626,,False,,stop,-1.0,-1.0,-1.0,-1.0
témoin,EURCAD,2025-03-04 14:00:00,2.448412698412626,,False,,stop,-1.0,-1.0,-1.0,-1.0
Amirou,GBPUSD,2026-04-06 07:00:00,2.5533333333332364,10.0,True,stop,stop,-1.0,1.0,0.0,0.5
témoin,GBPUSD,2024-01-16 16:00:00,2.5533333333332364,2.0,True,stop,stop,-1.0,1.0,0.0,0.5
témoin,GBPUSD,2025-02-12 08:00:00,2.5533333333332364,5.0,True,stop,stop,-1.0,1.0,0.0,0.5
témoin,GBPUSD,2025-10-03 15:00:00,2.5533333333332364,7.0,True,de nouveau +1 R,rien,0.0,1.0,0.0,0.5
témoin,GBPUSD,2026-04-01 16:00:00,2.5533333333332364,2.0,False,,objectif,2.5533333333332364,1.0,2.5533333333332364,1.7766666666666182
témoin,GBPUSD,2026-04-15 17:00:00,2.5533333333332364,16.0,True,de nouveau +1 R,rien,0.0,1.0,0.0,0.5
témoin,GBPUSD,2025-10-13 09:00:00,2.5533333333332364,21.0,False,,objectif,2.5533333333332364,1.0,2.5533333333332364,1.7766666666666182
témoin,GBPUSD,2024-09-20 11:00:00,2.5533333333332364,,False,,stop,-1.0,-1.0,-1.0,-1.0
témoin,GBPUSD,2025-01-30 22:00:00,2.5533333333332364,,False,,stop,-1.0,-1.0,-1.0,-1.0
témoin,GBPUSD,2024-10-16 14:00:00,2.5533333333332364,2.0,True,stop,stop,-1.0,1.0,0.0,0.5
témoin,GBPUSD,2026-02-20 07:00:00,2.5533333333332364,,False,,stop,-1.0,-1.0,-1.0,-1.0
témoin,GBPUSD,2024-06-17 15:00:00,2.5533333333332364,,False,,stop,-1.0,-1.0,-1.0,-1.0
témoin,GBPUSD,2025-08-18 12:00:00,2.5533333333332364,5.0,False,,objectif,2.5533333333332364,1.0,2.5533333333332364,1.7766666666666182
témoin,GBPUSD,2025-02-25 13:00:00,2.5533333333332364,,False,,stop,-1.0,-1.0,-1.0,-1.0
témoin,GBPUSD,2024-07-15 06:00:00,2.5533333333332364,30.0,True,stop,stop,-1.0,1.0,0.0,0.5
témoin,GBPUSD,2024-05-02 15:00:00,2.5533333333332364,,False,,stop,-1.0,-1.0,-1.0,-1.0
témoin,GBPUSD,2026-02-25 03:00:00,2.5533333333332364,,False,,stop,-1.0,-1.0,-1.0,-1.0
témoin,GBPUSD,2024-03-07 17:00:00,2.5533333333332364,,False,,stop,-1.0,-1.0,-1.0,-1.0
témoin,GBPUSD,2025-03-31 04:00:00,2.5533333333332364,5.0,True,de nouveau +1 R,rien,0.0,1.0,0.0,0.5
témoin,GBPUSD,2025-09-23 15:00:00,2.5533333333332364,15.0,False,,objectif,2.5533333333332364,1.0,2.5533333333332364,1.7766666666666182
témoin,GBPUSD,2026-06-01 04:00:00,2.5533333333332364,9.0,True,stop,stop,-1.0,1.0,0.0,0.5
Amirou,NZDUSD,2026-04-06 07:00:00,2.1067961165048343,,False,,stop,-1.0,-1.0,-1.0,-1.0
témoin,NZDUSD,2024-04-30 06:00:00,2.1067961165048343,10.0,True,stop,stop,-1.0,1.0,0.0,0.5
témoin,NZDUSD,2025-10-16 18:00:00,2.1067961165048343,,False,,stop,-1.0,-1.0,-1.0,-1.0
témoin,NZDUSD,2026-09-11 12:00:00,2.1067961165048343,12.0,False,,objectif,2.1067961165048343,1.0,2.1067961165048343,1.5533980582524172
témoin,NZDUSD,2024-05-15 20:00:00,2.1067961165048343,76.0,True,de nouveau +1 R,rien,0.0,1.0,0.0,0.5
témoin,NZDUSD,2024-11-06 07:00:00,2.1067961165048343,,False,,stop,-1.0,-1.0,-1.0,-1.0
témoin,NZDUSD,2026-01-16 15:00:00,2.1067961165048343,,False,,stop,-1.0,-1.0,-1.0,-1.0
témoin,NZDUSD,2026-01-22 10:00:00,2.1067961165048343,,False,,stop,-1.0,-1.0,-1.0,-1.0
témoin,NZDUSD,2025-07-23 23:00:00,2.1067961165048343,29.0,False,,objectif,2.1067961165048343,1.0,2.1067961165048343,1.5533980582524172
témoin,NZDUSD,2026-06-11 03:00:00,2.1067961165048343,,False,,stop,-1.0,-1.0,-1.0,-1.0
témoin,NZDUSD,2025-06-13 06:00:00,2.1067961165048343,,False,,stop,-1.0,-1.0,-1.0,-1.0
témoin,NZDUSD,2025-08-05 21:00:00,2.1067961165048343,,False,,stop,-1.0,-1.0,-1.0,-1.0
témoin,NZDUSD,2025-02-11 12:00:00,2.1067961165048343,25.0,True,stop,stop,-1.0,1.0,0.0,0.5
témoin,NZDUSD,2024-03-15 22:00:00,2.1067961165048343,30.0,True,de nouveau +1 R,rien,0.0,1.0,0.0,0.5
témoin,NZDUSD,2025-10-15 02:00:00,2.1067961165048343,,False,,stop,-1.0,-1.0,-1.0,-1.0
témoin,NZDUSD,2025-08-11 09:00:00,2.1067961165048343,26.0,True,stop,stop,-1.0,1.0,0.0,0.5
témoin,NZDUSD,2024-02-16 14:00:00,2.1067961165048343,,False,,stop,-1.0,-1.0,-1.0,-1.0
témoin,NZDUSD,2025-03-28 19:00:00,2.1067961165048343,14.0,True,stop,stop,-1.0,1.0,0.0,0.5
témoin,NZDUSD,2025-05-07 00:00:00,2.1067961165048343,9.0,False,,objectif,2.1067961165048343,1.0,2.1067961165048343,1.5533980582524172
témoin,NZDUSD,2025-05-01 23:00:00,2.1067961165048343,,False,,stop,-1.0,-1.0,-1.0,-1.0
témoin,NZDUSD,2026-07-17 20:00:00,2.1067961165048343,71.0,False,,objectif,2.1067961165048343,1.0,2.1067961165048343,1.5533980582524172
Amirou,GBPAUD,2026-05-06 00:00:00,3.0149999999999872,,False,,stop,-1.0,-1.0,-1.0,-1.0
témoin,GBPAUD,2026-07-14 20:00:00,3.0149999999999872,,False,,stop,-1.0,-1.0,-1.0,-1.0
témoin,GBPAUD,2025-08-28 17:00:00,3.0149999999999872,,False,,stop,-1.0,-1.0,-1.0,-1.0
témoin,GBPAUD,2025-10-29 00:00:00,3.0149999999999872,,False,,stop,-1.0,-1.0,-1.0,-1.0
témoin,GBPAUD,2024-01-04 22:00:00,3.0149999999999872,11.0,True,de nouveau +1 R,rien,0.0,1.0,0.0,0.5
témoin,GBPAUD,2024-01-10 08:00:00,3.0149999999999872,5.0,False,,objectif,3.0149999999999872,1.0,3.0149999999999872,2.0074999999999936
témoin,GBPAUD,2026-07-29 04:00:00,3.0149999999999872,10.0,True,de nouveau +1 R,rien,0.0,1.0,0.0,0.5
témoin,GBPAUD,2024-12-05 23:00:00,3.0149999999999872,2.0,False,,objectif,3.0149999999999872,1.0,3.0149999999999872,2.0074999999999936
témoin,GBPAUD,2025-09-19 07:00:00,3.0149999999999872,,False,,stop,-1.0,-1.0,-1.0,-1.0
témoin,GBPAUD,2026-03-20 14:00:00,3.0149999999999872,,False,,stop,-1.0,-1.0,-1.0,-1.0
témoin,GBPAUD,2025-04-16 01:00:00,3.0149999999999872,,False,,stop,-1.0,-1.0,-1.0,-1.0
témoin,GBPAUD,2026-09-03 17:00:00,3.0149999999999872,,False,,stop,-1.0,-1.0,-1.0,-1.0
témoin,GBPAUD,2025-03-10 17:00:00,3.0149999999999872,1.0,False,,objectif,3.0149999999999872,1.0,3.0149999999999872,2.0074999999999936
témoin,GBPAUD,2024-01-01 17:00:00,3.0149999999999872,,False,,stop,-1.0,-1.0,-1.0,-1.0
témoin,GBPAUD,2024-05-10 09:00:00,3.0149999999999872,,False,,stop,-1.0,-1.0,-1.0,-1.0
témoin,GBPAUD,2025-03-10 09:00:00,3.0149999999999872,1.0,False,,objectif,3.0149999999999872,1.0,3.0149999999999872,2.0074999999999936
témoin,GBPAUD,2024-02-20 08:00:00,3.0149999999999872,,False,,stop,-1.0,-1.0,-1.0,-1.0
témoin,GBPAUD,2026-05-11 22:00:00,3.0149999999999872,3.0,True,stop,stop,-1.0,1.0,0.0,0.5
témoin,GBPAUD,2025-10-30 05:00:00,3.0149999999999872,3.0,True,de nouveau +1 R,rien,0.0,1.0,0.0,0.5
témoin,GBPAUD,2024-02-15 18:00:00,3.0149999999999872,,False,,stop,-1.0,-1.0,-1.0,-1.0
témoin,GBPAUD,2026-07-02 23:00:00,3.0149999999999872,,False,,stop,-1.0,-1.0,-1.0,-1.0
Amirou,EURNZD,2026-05-05 23:00:00,2.003289473684086,1.0,False,,objectif,2.003289473684086,1.0,2.003289473684086,1.501644736842043
témoin,EURNZD,2026-07-29 23:00:00,2.003289473684086,2.0,False,,objectif,2.003289473684086,1.0,2.003289473684086,1.501644736842043
témoin,EURNZD,2026-02-24 22:00:00,2.003289473684086,17.0,False,,objectif,2.003289473684086,1.0,2.003289473684086,1.501644736842043
témoin,EURNZD,2026-04-20 01:00:00,2.003289473684086,,False,,stop,-1.0,-1.0,-1.0,-1.0
témoin,EURNZD,2024-01-08 13:00:00,2.003289473684086,,False,,stop,-1.0,-1.0,-1.0,-1.0
témoin,EURNZD,2025-05-28 20:00:00,2.003289473684086,1.0,False,,objectif,2.003289473684086,1.0,2.003289473684086,1.501644736842043
témoin,EURNZD,2024-01-25 01:00:00,2.003289473684086,9.0,True,de nouveau +1 R,objectif,2.003289473684086,1.0,0.0,0.5
témoin,EURNZD,2024-10-30 17:00:00,2.003289473684086,,False,,stop,-1.0,-1.0,-1.0,-1.0
témoin,EURNZD,2025-05-16 05:00:00,2.003289473684086,3.0,True,stop,stop,-1.0,1.0,0.0,0.5
témoin,EURNZD,2025-04-21 02:00:00,2.003289473684086,1.0,False,,objectif,2.003289473684086,1.0,2.003289473684086,1.501644736842043
témoin,EURNZD,2025-07-16 21:00:00,2.003289473684086,,False,,stop,-1.0,-1.0,-1.0,-1.0
témoin,EURNZD,2025-10-16 04:00:00,2.003289473684086,1.0,True,stop,stop,-1.0,1.0,0.0,0.5
témoin,EURNZD,2025-08-19 17:00:00,2.003289473684086,4.0,True,stop,stop,-1.0,1.0,0.0,0.5
témoin,EURNZD,2026-01-28 00:00:00,2.003289473684086,5.0,False,,objectif,2.003289473684086,1.0,2.003289473684086,1.501644736842043
témoin,EURNZD,2026-05-20 06:00:00,2.003289473684086,2.0,False,,objectif,2.003289473684086,1.0,2.003289473684086,1.501644736842043
témoin,EURNZD,2024-07-10 19:00:00,2.003289473684086,7.0,True,stop,stop,-1.0,1.0,0.0,0.5
témoin,EURNZD,2026-06-10 23:00:00,2.003289473684086,,False,,stop,-1.0,-1.0,-1.0,-1.0
témoin,EURNZD,2026-03-04 01:00:00,2.003289473684086,1.0,False,,objectif,2.003289473684086,1.0,2.003289473684086,1.501644736842043
témoin,EURNZD,2026-09-10 18:00:00,2.003289473684086,3.0,True,de nouveau +1 R,rien,0.0,1.0,0.0,0.5
témoin,EURNZD,2025-12-23 09:00:00,2.003289473684086,4.0,True,de nouveau +1 R,rien,0.0,1.0,0.0,0.5
témoin,EURNZD,2024-11-15 19:00:00,2.003289473684086,2.0,True,stop,stop,-1.0,1.0,0.0,0.5
Amirou,EURAUD,2026-05-06 12:00:00,2.0097799511001453,16.0,True,stop,stop,-1.0,1.0,0.0,0.5
témoin,EURAUD,2024-10-24 18:00:00,2.0097799511001453,,False,,stop,-1.0,-1.0,-1.0,-1.0
témoin,EURAUD,2025-04-01 01:00:00,2.0097799511001453,1.0,False,,objectif,2.0097799511001453,1.0,2.0097799511001453,1.5048899755500726
témoin,EURAUD,2025-02-07 09:00:00,2.0097799511001453,8.0,False,,objectif,2.0097799511001453,1.0,2.0097799511001453,1.5048899755500726
témoin,EURAUD,2026-09-11 04:00:00,2.0097799511001453,3.0,True,de nouveau +1 R,rien,0.0,1.0,0.0,0.5
témoin,EURAUD,2025-06-26 21:00:00,2.0097799511001453,,False,,stop,-1.0,-1.0,-1.0,-1.0
témoin,EURAUD,2025-11-19 09:00:00,2.0097799511001453,5.0,True,de nouveau +1 R,rien,0.0,1.0,0.0,0.5
témoin,EURAUD,2025-10-21 09:00:00,2.0097799511001453,3.0,True,de nouveau +1 R,rien,0.0,1.0,0.0,0.5
témoin,EURAUD,2024-02-12 21:00:00,2.0097799511001453,,False,,stop,-1.0,-1.0,-1.0,-1.0
témoin,EURAUD,2026-04-06 21:00:00,2.0097799511001453,22.0,False,,objectif,2.0097799511001453,1.0,2.0097799511001453,1.5048899755500726
témoin,EURAUD,2026-06-18 20:00:00,2.0097799511001453,,False,,stop,-1.0,-1.0,-1.0,-1.0
témoin,EURAUD,2025-02-07 00:00:00,2.0097799511001453,14.0,False,,objectif,2.0097799511001453,1.0,2.0097799511001453,1.5048899755500726
témoin,EURAUD,2025-08-27 07:00:00,2.0097799511001453,8.0,False,,objectif,2.0097799511001453,1.0,2.0097799511001453,1.5048899755500726
témoin,EURAUD,2024-06-10 19:00:00,2.0097799511001453,,False,,stop,-1.0,-1.0,-1.0,-1.0
témoin,EURAUD,2024-06-27 10:00:00,2.0097799511001453,,False,,stop,-1.0,-1.0,-1.0,-1.0
témoin,EURAUD,2026-06-19 17:00:00,2.0097799511001453,18.0,True,stop,stop,-1.0,1.0,0.0,0.5
témoin,EURAUD,2024-11-28 18:00:00,2.0097799511001453,23.0,True,de nouveau +1 R,rien,0.0,1.0,0.0,0.5
témoin,EURAUD,2026-04-07 13:00:00,2.0097799511001453,7.0,False,,objectif,2.0097799511001453,1.0,2.0097799511001453,1.5048899755500726
témoin,EURAUD,2025-07-18 07:00:00,2.0097799511001453,,False,,stop,-1.0,-1.0,-1.0,-1.0
témoin,EURAUD,2025-01-22 19:00:00,2.0097799511001453,31.0,True,stop,stop,-1.0,1.0,0.0,0.5
témoin,EURAUD,2025-10-02 07:00:00,2.0097799511001453,,False,,stop,-1.0,-1.0,-1.0,-1.0
Amirou,EURCAD,2026-05-07 17:00:00,2.05336426914152,16.0,False,,objectif,2.05336426914152,1.0,2.05336426914152,1.52668213457076
témoin,EURCAD,2024-10-10 22:00:00,2.05336426914152,10.0,True,de nouveau +1 R,rien,0.0,1.0,0.0,0.5
témoin,EURCAD,2025-01-31 18:00:00,2.05336426914152,1.0,True,de nouveau +1 R,objectif,2.05336426914152,1.0,0.0,0.5
témoin,EURCAD,2025-07-10 03:00:00,2.05336426914152,,False,,stop,-1.0,-1.0,-1.0,-1.0
témoin,EURCAD,2026-01-02 11:00:00,2.05336426914152,4.0,True,de nouveau +1 R,rien,0.0,1.0,0.0,0.5
témoin,EURCAD,2025-02-20 07:00:00,2.05336426914152,9.0,False,,objectif,2.05336426914152,1.0,2.05336426914152,1.52668213457076
témoin,EURCAD,2025-06-04 04:00:00,2.05336426914152,10.0,True,de nouveau +1 R,rien,0.0,1.0,0.0,0.5
témoin,EURCAD,2024-03-28 14:00:00,2.05336426914152,,False,,stop,-1.0,-1.0,-1.0,-1.0
témoin,EURCAD,2026-08-24 17:00:00,2.05336426914152,,False,,stop,-1.0,-1.0,-1.0,-1.0
témoin,EURCAD,2024-02-16 00:00:00,2.05336426914152,54.0,False,,objectif,2.05336426914152,1.0,2.05336426914152,1.52668213457076
témoin,EURCAD,2026-04-23 11:00:00,2.05336426914152,3.0,True,de nouveau +1 R,rien,0.0,1.0,0.0,0.5
témoin,EURCAD,2025-11-13 20:00:00,2.05336426914152,,False,,stop,-1.0,-1.0,-1.0,-1.0
témoin,EURCAD,2024-05-15 04:00:00,2.05336426914152,10.0,False,,objectif,2.05336426914152,1.0,2.05336426914152,1.52668213457076
témoin,EURCAD,2024-08-08 06:00:00,2.05336426914152,,False,,stop,-1.0,-1.0,-1.0,-1.0
témoin,EURCAD,2024-03-28 09:00:00,2.05336426914152,,False,,stop,-1.0,-1.0,-1.0,-1.0
témoin,EURCAD,2024-08-16 03:00:00,2.05336426914152,34.0,False,,objectif,2.05336426914152,1.0,2.05336426914152,1.52668213457076
témoin,EURCAD,2026-04-23 12:00:00,2.05336426914152,2.0,True,de nouveau +1 R,rien,0.0,1.0,0.0,0.5
témoin,EURCAD,2026-08-31 21:00:00,2.05336426914152,35.0,True,stop,stop,-1.0,1.0,0.0,0.5
témoin,EURCAD,2025-08-18 23:00:00,2.05336426914152,11.0,False,,objectif,2.05336426914152,1.0,2.05336426914152,1.52668213457076
témoin,EURCAD,2025-06-03 14:00:00,2.05336426914152,47.0,True,stop,stop,-1.0,1.0,0.0,0.5
témoin,EURCAD,2026-08-25 18:00:00,2.05336426914152,,False,,stop,-1.0,-1.0,-1.0,-1.0
Amirou,EURUSD,2026-05-07 17:00:00,2.27722772277242,,False,,stop,-1.0,-1.0,-1.0,-1.0
témoin,EURUSD,2024-08-26 10:00:00,2.27722772277242,43.0,False,,objectif,2.27722772277242,1.0,2.27722772277242,1.63861386138621
témoin,EURUSD,2025-02-27 17:00:00,2.27722772277242,9.0,True,de nouveau +1 R,rien,0.0,1.0,0.0,0.5
témoin,EURUSD,2025-10-15 22:00:00,2.27722772277242,,False,,stop,-1.0,-1.0,-1.0,-1.0
témoin,EURUSD,2024-06-13 13:00:00,2.27722772277242,2.0,False,,objectif,2.27722772277242,1.0,2.27722772277242,1.63861386138621
témoin,EURUSD,2024-01-01 20:00:00,2.27722772277242,6.0,False,,objectif,2.27722772277242,1.0,2.27722772277242,1.63861386138621
témoin,EURUSD,2024-01-23 13:00:00,2.27722772277242,2.0,True,stop,stop,-1.0,1.0,0.0,0.5
témoin,EURUSD,2026-08-04 06:00:00,2.27722772277242,,False,,stop,-1.0,-1.0,-1.0,-1.0
témoin,EURUSD,2026-01-29 21:00:00,2.27722772277242,3.0,False,,objectif,2.27722772277242,1.0,2.27722772277242,1.63861386138621
témoin,EURUSD,2024-09-04 02:00:00,2.27722772277242,,False,,stop,-1.0,-1.0,-1.0,-1.0
témoin,EURUSD,2024-03-08 17:00:00,2.27722772277242,42.0,True,de nouveau +1 R,rien,0.0,1.0,0.0,0.5
témoin,EURUSD,2025-07-08 08:00:00,2.27722772277242,2.0,False,,objectif,2.27722772277242,1.0,2.27722772277242,1.63861386138621
témoin,EURUSD,2025-09-25 10:00:00,2.27722772277242,2.0,False,,objectif,2.27722772277242,1.0,2.27722772277242,1.63861386138621
témoin,EURUSD,2025-03-03 02:00:00,2.27722772277242,,False,,stop,-1.0,-1.0,-1.0,-1.0
témoin,EURUSD,2025-07-07 13:00:00,2.27722772277242,3.0,True,stop,stop,-1.0,1.0,0.0,0.5
témoin,EURUSD,2024-09-26 20:00:00,2.27722772277242,10.0,True,de nouveau +1 R,rien,0.0,1.0,0.0,0.5
témoin,EURUSD,2025-12-31 11:00:00,2.27722772277242,43.0,False,,objectif,2.27722772277242,1.0,2.27722772277242,1.63861386138621
témoin,EURUSD,2025-07-16 20:00:00,2.27722772277242,10.0,True,stop,stop,-1.0,1.0,0.0,0.5
témoin,EURUSD,2026-07-28 03:00:00,2.27722772277242,,False,,stop,-1.0,-1.0,-1.0,-1.0
témoin,EURUSD,2023-12-15 19:00:00,2.27722772277242,,False,,stop,-1.0,-1.0,-1.0,-1.0
témoin,EURUSD,2024-08-09 17:00:00,2.27722772277242,,False,,stop,-1.0,-1.0,-1.0,-1.0
Amirou,EURUSD,2026-05-07 20:00:00,2.495821727019533,,False,,stop,-1.0,-1.0,-1.0,-1.0
témoin,EURUSD,2024-01-31 04:00:00,2.495821727019533,,False,,stop,-1.0,-1.0,-1.0,-1.0
témoin,EURUSD,2025-04-16 07:00:00,2.495821727019533,,False,,stop,-1.0,-1.0,-1.0,-1.0
témoin,EURUSD,2024-04-02 16:00:00,2.495821727019533,,False,,stop,-1.0,-1.0,-1.0,-1.0
témoin,EURUSD,2026-01-13 18:00:00,2.495821727019533,43.0,True,stop,stop,-1.0,1.0,0.0,0.5
témoin,EURUSD,2024-06-14 04:00:00,2.495821727019533,4.0,True,de nouveau +1 R,rien,0.0,1.0,0.0,0.5
témoin,EURUSD,2024-07-08 05:00:00,2.495821727019533,,False,,stop,-1.0,-1.0,-1.0,-1.0
témoin,EURUSD,2026-01-15 03:00:00,2.495821727019533,10.0,True,stop,stop,-1.0,1.0,0.0,0.5
témoin,EURUSD,2024-03-18 20:00:00,2.495821727019533,,False,,stop,-1.0,-1.0,-1.0,-1.0
témoin,EURUSD,2025-07-16 03:00:00,2.495821727019533,10.0,True,stop,stop,-1.0,1.0,0.0,0.5
témoin,EURUSD,2024-05-02 21:00:00,2.495821727019533,,False,,stop,-1.0,-1.0,-1.0,-1.0
témoin,EURUSD,2026-09-15 13:00:00,2.495821727019533,29.0,False,,objectif,2.495821727019533,1.0,2.495821727019533,1.7479108635097664
témoin,EURUSD,2026-07-15 08:00:00,2.495821727019533,,False,,stop,-1.0,-1.0,-1.0,-1.0
témoin,EURUSD,2025-07-31 10:00:00,2.495821727019533,23.0,True,stop,stop,-1.0,1.0,0.0,0.5
témoin,EURUSD,2026-02-20 20:00:00,2.495821727019533,,False,,stop,-1.0,-1.0,-1.0,-1.0
témoin,EURUSD,2025-12-19 22:00:00,2.495821727019533,,False,,stop,-1.0,-1.0,-1.0,-1.0
témoin,EURUSD,2024-07-04 18:00:00,2.495821727019533,,False,,stop,-1.0,-1.0,-1.0,-1.0
témoin,EURUSD,2026-09-09 17:00:00,2.495821727019533,19.0,False,,objectif,2.495821727019533,1.0,2.495821727019533,1.7479108635097664
témoin,EURUSD,2024-01-02 12:00:00,2.495821727019533,22.0,True,de nouveau +1 R,rien,0.0,1.0,0.0,0.5
témoin,EURUSD,2026-06-16 08:00:00,2.495821727019533,34.0,False,,objectif,2.495821727019533,1.0,2.495821727019533,1.7479108635097664
témoin,EURUSD,2025-09-19 01:00:00,2.495821727019533,10.0,True,de nouveau +1 R,rien,0.0,1.0,0.0,0.5
Amirou,EURUSD,2026-05-12 07:00:00,2.0862745098038755,,False,,stop,-1.0,-1.0,-1.0,-1.0
témoin,EURUSD,2024-11-29 05:00:00,2.0862745098038755,,False,,stop,-1.0,-1.0,-1.0,-1.0
témoin,EURUSD,2024-11-05 04:00:00,2.0862745098038755,7.0,False,,objectif,2.0862745098038755,1.0,2.0862745098038755,1.5431372549019378
témoin,EURUSD,2026-08-06 02:00:00,2.0862745098038755,,False,,stop,-1.0,-1.0,-1.0,-1.0
témoin,EURUSD,2024-08-01 13:00:00,2.0862745098038755,20.0,False,,objectif,2.0862745098038755,1.0,2.0862745098038755,1.5431372549019378
témoin,EURUSD,2026-06-23 06:00:00,2.0862745098038755,,False,,stop,-1.0,-1.0,-1.0,-1.0
témoin,EURUSD,2024-07-04 03:00:00,2.0862745098038755,12.0,False,,objectif,2.0862745098038755,1.0,2.0862745098038755,1.5431372549019378
témoin,EURUSD,2026-07-02 14:00:00,2.0862745098038755,,False,,stop,-1.0,-1.0,-1.0,-1.0
témoin,EURUSD,2025-04-04 18:00:00,2.0862745098038755,4.0,True,de nouveau +1 R,rien,0.0,1.0,0.0,0.5
témoin,EURUSD,2026-06-10 11:00:00,2.0862745098038755,,False,,stop,-1.0,-1.0,-1.0,-1.0
témoin,EURUSD,2024-11-25 16:00:00,2.0862745098038755,,False,,stop,-1.0,-1.0,-1.0,-1.0
témoin,EURUSD,2026-03-03 15:00:00,2.0862745098038755,1.0,False,,objectif,2.0862745098038755,1.0,2.0862745098038755,1.5431372549019378
témoin,EURUSD,2026-07-23 11:00:00,2.0862745098038755,,False,,stop,-1.0,-1.0,-1.0,-1.0
témoin,EURUSD,2025-09-09 07:00:00,2.0862745098038755,,False,,stop,-1.0,-1.0,-1.0,-1.0
témoin,EURUSD,2025-07-09 05:00:00,2.0862745098038755,18.0,True,stop,stop,-1.0,1.0,0.0,0.5
témoin,EURUSD,2026-01-14 01:00:00,2.0862745098038755,,False,,stop,-1.0,-1.0,-1.0,-1.0
témoin,EURUSD,2026-06-12 14:00:00,2.0862745098038755,8.0,True,stop,stop,-1.0,1.0,0.0,0.5
témoin,EURUSD,2026-07-13 00:00:00,2.0862745098038755,8.0,True,stop,stop,-1.0,1.0,0.0,0.5
témoin,EURUSD,2026-07-08 06:00:00,2.0862745098038755,,False,,stop,-1.0,-1.0,-1.0,-1.0
témoin,EURUSD,2026-04-27 08:00:00,2.0862745098038755,,False,,stop,-1.0,-1.0,-1.0,-1.0
témoin,EURUSD,2026-06-12 14:00:00,2.0862745098038755,8.0,True,stop,stop,-1.0,1.0,0.0,0.5
Amirou,EURJPY,2026-06-05 15:00:00,2.665338645418264,,False,,stop,-1.0,-1.0,-1.0,-1.0
témoin,EURJPY,2026-08-05 03:00:00,2.665338645418264,5.0,True,de nouveau +1 R,rien,0.0,1.0,0.0,0.5
témoin,EURJPY,2025-09-22 03:00:00,2.665338645418264,18.0,True,de nouveau +1 R,rien,0.0,1.0,0.0,0.5
témoin,EURJPY,2024-09-09 07:00:00,2.665338645418264,3.0,True,stop,stop,-1.0,1.0,0.0,0.5
témoin,EURJPY,2026-03-31 19:00:00,2.665338645418264,13.0,False,,objectif,2.665338645418264,1.0,2.665338645418264,1.832669322709132
témoin,EURJPY,2026-01-22 05:00:00,2.665338645418264,9.0,True,stop,stop,-1.0,1.0,0.0,0.5
témoin,EURJPY,2025-09-25 06:00:00,2.665338645418264,,False,,stop,-1.0,-1.0,-1.0,-1.0
témoin,EURJPY,2024-11-26 11:00:00,2.665338645418264,,False,,stop,-1.0,-1.0,-1.0,-1.0
témoin,EURJPY,2025-10-20 02:00:00,2.665338645418264,,False,,stop,-1.0,-1.0,-1.0,-1.0
témoin,EURJPY,2026-03-23 10:00:00,2.665338645418264,1.0,True,stop,stop,-1.0,1.0,0.0,0.5
témoin,EURJPY,2026-04-28 06:00:00,2.665338645418264,2.0,True,stop,stop,-1.0,1.0,0.0,0.5
témoin,EURJPY,2025-06-19 18:00:00,2.665338645418264,10.0,False,,objectif,2.665338645418264,1.0,2.665338645418264,1.832669322709132
témoin,EURJPY,2024-02-28 13:00:00,2.665338645418264,,False,,stop,-1.0,-1.0,-1.0,-1.0
témoin,EURJPY,2025-05-16 04:00:00,2.665338645418264,,False,,stop,-1.0,-1.0,-1.0,-1.0
témoin,EURJPY,2025-05-22 06:00:00,2.665338645418264,,False,,stop,-1.0,-1.0,-1.0,-1.0
témoin,EURJPY,2025-11-18 19:00:00,2.665338645418264,15.0,False,,objectif,2.665338645418264,1.0,2.665338645418264,1.832669322709132
témoin,EURJPY,2024-01-12 02:00:00,2.665338645418264,,False,,stop,-1.0,-1.0,-1.0,-1.0
témoin,EURJPY,2026-09-07 23:00:00,2.665338645418264,,False,,stop,-1.0,-1.0,-1.0,-1.0
témoin,EURJPY,2024-05-16 13:00:00,2.665338645418264,12.0,False,,objectif,2.665338645418264,1.0,2.665338645418264,1.832669322709132
témoin,EURJPY,2026-02-19 20:00:00,2.665338645418264,12.0,True,de nouveau +1 R,objectif,2.665338645418264,1.0,0.0,0.5
témoin,EURJPY,2024-01-15 12:00:00,2.665338645418264,28.0,False,,objectif,2.665338645418264,1.0,2.665338645418264,1.832669322709132
Amirou,NZDJPY,2026-06-16 08:00:00,3.0895953757225185,7.0,True,stop,stop,-1.0,1.0,0.0,0.5
témoin,NZDJPY,2026-09-01 04:00:00,3.0895953757225185,,False,,stop,-1.0,-1.0,-1.0,-1.0
témoin,NZDJPY,2026-05-06 20:00:00,3.0895953757225185,13.0,True,de nouveau +1 R,rien,0.0,1.0,0.0,0.5
témoin,NZDJPY,2025-07-03 18:00:00,3.0895953757225185,,False,,stop,-1.0,-1.0,-1.0,-1.0
témoin,NZDJPY,2024-11-12 03:00:00,3.0895953757225185,,False,,stop,-1.0,-1.0,-1.0,-1.0
témoin,NZDJPY,2025-04-09 09:00:00,3.0895953757225185,,False,,stop,-1.0,-1.0,-1.0,-1.0
témoin,NZDJPY,2025-05-22 16:00:00,3.0895953757225185,17.0,True,de nouveau +1 R,rien,0.0,1.0,0.0,0.5
témoin,NZDJPY,2024-06-13 10:00:00,3.0895953757225185,,False,,stop,-1.0,-1.0,-1.0,-1.0
témoin,NZDJPY,2026-02-17 05:00:00,3.0895953757225185,13.0,True,stop,stop,-1.0,1.0,0.0,0.5
témoin,NZDJPY,2025-08-28 13:00:00,3.0895953757225185,24.0,False,,objectif,3.0895953757225185,1.0,3.0895953757225185,2.0447976878612595
témoin,NZDJPY,2025-11-06 23:00:00,3.0895953757225185,,False,,stop,-1.0,-1.0,-1.0,-1.0
témoin,NZDJPY,2024-05-02 03:00:00,3.0895953757225185,,False,,stop,-1.0,-1.0,-1.0,-1.0
témoin,NZDJPY,2026-07-06 23:00:00,3.0895953757225185,,False,,stop,-1.0,-1.0,-1.0,-1.0
témoin,NZDJPY,2025-05-27 18:00:00,3.0895953757225185,,False,,stop,-1.0,-1.0,-1.0,-1.0
témoin,NZDJPY,2025-04-22 06:00:00,3.0895953757225185,10.0,False,,objectif,3.0895953757225185,1.0,3.0895953757225185,2.0447976878612595
témoin,NZDJPY,2024-02-01 07:00:00,3.0895953757225185,,False,,stop,-1.0,-1.0,-1.0,-1.0
témoin,NZDJPY,2025-11-20 14:00:00,3.0895953757225185,,False,,stop,-1.0,-1.0,-1.0,-1.0
témoin,NZDJPY,2026-04-08 11:00:00,3.0895953757225185,14.0,False,,objectif,3.0895953757225185,1.0,3.0895953757225185,2.0447976878612595
témoin,NZDJPY,2026-05-07 22:00:00,3.0895953757225185,11.0,True,stop,stop,-1.0,1.0,0.0,0.5
témoin,NZDJPY,2024-06-13 03:00:00,3.0895953757225185,,False,,stop,-1.0,-1.0,-1.0,-1.0
témoin,NZDJPY,2024-04-02 14:00:00,3.0895953757225185,23.0,False,,objectif,3.0895953757225185,1.0,3.0895953757225185,2.0447976878612595
Amirou,GBPUSD,2026-06-29 13:00:00,1.9451371571072056,,False,,stop,-1.0,-1.0,-1.0,-1.0
témoin,GBPUSD,2024-07-29 16:00:00,1.9451371571072056,62.0,False,,objectif,1.9451371571072056,1.0,1.9451371571072056,1.4725685785536027
témoin,GBPUSD,2025-04-03 03:00:00,1.9451371571072056,,False,,stop,-1.0,-1.0,-1.0,-1.0
témoin,GBPUSD,2024-03-08 10:00:00,1.9451371571072056,,False,,stop,-1.0,-1.0,-1.0,-1.0
témoin,GBPUSD,2024-03-13 23:00:00,1.9451371571072056,15.0,False,,objectif,1.9451371571072056,1.0,1.9451371571072056,1.4725685785536027
témoin,GBPUSD,2025-01-28 03:00:00,1.9451371571072056,34.0,True,de nouveau +1 R,rien,0.0,1.0,0.0,0.5
témoin,GBPUSD,2025-06-30 20:00:00,1.9451371571072056,,False,,stop,-1.0,-1.0,-1.0,-1.0
témoin,GBPUSD,2024-01-10 18:00:00,1.9451371571072056,,False,,stop,-1.0,-1.0,-1.0,-1.0
témoin,GBPUSD,2024-10-28 02:00:00,1.9451371571072056,,False,,stop,-1.0,-1.0,-1.0,-1.0
témoin,GBPUSD,2025-06-05 00:00:00,1.9451371571072056,,False,,stop,-1.0,-1.0,-1.0,-1.0
témoin,GBPUSD,2026-04-14 11:00:00,1.9451371571072056,51.0,True,de nouveau +1 R,rien,0.0,1.0,0.0,0.5
témoin,GBPUSD,2025-07-30 06:00:00,1.9451371571072056,6.0,False,,objectif,1.9451371571072056,1.0,1.9451371571072056,1.4725685785536027
témoin,GBPUSD,2025-04-02 02:00:00,1.9451371571072056,,False,,stop,-1.0,-1.0,-1.0,-1.0
témoin,GBPUSD,2024-04-22 07:00:00,1.9451371571072056,3.0,False,,objectif,1.9451371571072056,1.0,1.9451371571072056,1.4725685785536027
témoin,GBPUSD,2024-05-28 19:00:00,1.9451371571072056,19.0,True,de nouveau +1 R,rien,0.0,1.0,0.0,0.5
témoin,GBPUSD,2025-03-28 19:00:00,1.9451371571072056,18.0,True,de nouveau +1 R,rien,0.0,1.0,0.0,0.5
témoin,GBPUSD,2026-05-18 10:00:00,1.9451371571072056,,False,,stop,-1.0,-1.0,-1.0,-1.0
témoin,GBPUSD,2026-02-04 12:00:00,1.9451371571072056,3.0,False,,objectif,1.9451371571072056,1.0,1.9451371571072056,1.4725685785536027
témoin,GBPUSD,2025-02-18 15:00:00,1.9451371571072056,26.0,True,stop,stop,-1.0,1.0,0.0,0.5
témoin,GBPUSD,2025-07-02 00:00:00,1.9451371571072056,7.0,False,,objectif,1.9451371571072056,1.0,1.9451371571072056,1.4725685785536027
témoin,GBPUSD,2024-01-05 05:00:00,1.9451371571072056,8.0,True,stop,stop,-1.0,1.0,0.0,0.5
Amirou,EURJPY,2026-07-01 01:00:00,2.139303482587169,,False,,stop,-1.0,-1.0,-1.0,-1.0
témoin,EURJPY,2025-02-24 05:00:00,2.139303482587169,,False,,stop,-1.0,-1.0,-1.0,-1.0
témoin,EURJPY,2024-09-12 00:00:00,2.139303482587169,,False,,stop,-1.0,-1.0,-1.0,-1.0
témoin,EURJPY,2026-02-23 14:00:00,2.139303482587169,15.0,False,,objectif,2.139303482587169,1.0,2.139303482587169,1.5696517412935844
témoin,EURJPY,2025-01-07 04:00:00,2.139303482587169,,False,,stop,-1.0,-1.0,-1.0,-1.0
témoin,EURJPY,2024-09-05 01:00:00,2.139303482587169,,False,,stop,-1.0,-1.0,-1.0,-1.0
témoin,EURJPY,2024-01-11 20:00:00,2.139303482587169,,False,,stop,-1.0,-1.0,-1.0,-1.0
témoin,EURJPY,2025-03-04 19:00:00,2.139303482587169,1.0,False,,objectif,2.139303482587169,1.0,2.139303482587169,1.5696517412935844
témoin,EURJPY,2024-05-06 12:00:00,2.139303482587169,11.0,False,,objectif,2.139303482587169,1.0,2.139303482587169,1.5696517412935844
témoin,EURJPY,2025-02-07 11:00:00,2.139303482587169,,False,,stop,-1.0,-1.0,-1.0,-1.0
témoin,EURJPY,2024-10-10 00:00:00,2.139303482587169,,False,,stop,-1.0,-1.0,-1.0,-1.0
témoin,EURJPY,2025-01-03 21:00:00,2.139303482587169,3.0,False,,objectif,2.139303482587169,1.0,2.139303482587169,1.5696517412935844
témoin,EURJPY,2024-11-20 12:00:00,2.139303482587169,,False,,stop,-1.0,-1.0,-1.0,-1.0
témoin,EURJPY,2024-03-18 23:00:00,2.139303482587169,4.0,False,,objectif,2.139303482587169,1.0,2.139303482587169,1.5696517412935844
témoin,EURJPY,2025-03-03 02:00:00,2.139303482587169,,False,,stop,-1.0,-1.0,-1.0,-1.0
témoin,EURJPY,2025-07-28 19:00:00,2.139303482587169,,False,,stop,-1.0,-1.0,-1.0,-1.0
témoin,EURJPY,2024-10-10 19:00:00,2.139303482587169,12.0,False,,objectif,2.139303482587169,1.0,2.139303482587169,1.5696517412935844
témoin,EURJPY,2024-04-12 11:00:00,2.139303482587169,,False,,stop,-1.0,-1.0,-1.0,-1.0
témoin,EURJPY,2024-11-04 11:00:00,2.139303482587169,18.0,True,de nouveau +1 R,rien,0.0,1.0,0.0,0.5
témoin,EURJPY,2024-02-02 03:00:00,2.139303482587169,5.0,False,,objectif,2.139303482587169,1.0,2.139303482587169,1.5696517412935844
témoin,EURJPY,2025-03-26 15:00:00,2.139303482587169,,False,,stop,-1.0,-1.0,-1.0,-1.0
Amirou,AUDUSD,2026-07-01 11:00:00,2.2252252252252003,25.0,False,,objectif,2.2252252252252003,1.0,2.2252252252252003,1.6126126126126001
témoin,AUDUSD,2026-02-25 12:00:00,2.2252252252252003,3.0,False,,objectif,2.2252252252252003,1.0,2.2252252252252003,1.6126126126126001
témoin,AUDUSD,2024-12-04 17:00:00,2.2252252252252003,29.0,True,stop,stop,-1.0,1.0,0.0,0.5
témoin,AUDUSD,2025-10-09 11:00:00,2.2252252252252003,,False,,stop,-1.0,-1.0,-1.0,-1.0
témoin,AUDUSD,2026-01-09 14:00:00,2.2252252252252003,,False,,stop,-1.0,-1.0,-1.0,-1.0
témoin,AUDUSD,2026-07-07 02:00:00,2.2252252252252003,,False,,stop,-1.0,-1.0,-1.0,-1.0
témoin,AUDUSD,2026-02-12 03:00:00,2.2252252252252003,,False,,stop,-1.0,-1.0,-1.0,-1.0
témoin,AUDUSD,2026-08-27 16:00:00,2.2252252252252003,,False,,stop,-1.0,-1.0,-1.0,-1.0
témoin,AUDUSD,2024-01-02 16:00:00,2.2252252252252003,,False,,stop,-1.0,-1.0,-1.0,-1.0
témoin,AUDUSD,2024-03-27 02:00:00,2.2252252252252003,,False,,stop,-1.0,-1.0,-1.0,-1.0
témoin,AUDUSD,2024-05-27 15:00:00,2.2252252252252003,22.0,True,stop,stop,-1.0,1.0,0.0,0.5
témoin,AUDUSD,2024-04-19 21:00:00,2.2252252252252003,1.0,False,,objectif,2.2252252252252003,1.0,2.2252252252252003,1.6126126126126001
témoin,AUDUSD,2024-03-27 01:00:00,2.2252252252252003,,False,,stop,-1.0,-1.0,-1.0,-1.0
témoin,AUDUSD,2024-04-04 08:00:00,2.2252252252252003,4.0,True,stop,stop,-1.0,1.0,0.0,0.5
témoin,AUDUSD,2024-12-05 09:00:00,2.2252252252252003,,False,,stop,-1.0,-1.0,-1.0,-1.0
témoin,AUDUSD,2025-07-11 13:00:00,2.2252252252252003,,False,,stop,-1.0,-1.0,-1.0,-1.0
témoin,AUDUSD,2024-12-09 20:00:00,2.2252252252252003,,False,,stop,-1.0,-1.0,-1.0,-1.0
témoin,AUDUSD,2024-02-13 11:00:00,2.2252252252252003,,False,,stop,-1.0,-1.0,-1.0,-1.0
témoin,AUDUSD,2026-01-09 05:00:00,2.2252252252252003,,False,,stop,-1.0,-1.0,-1.0,-1.0
témoin,AUDUSD,2025-06-17 17:00:00,2.2252252252252003,,False,,stop,-1.0,-1.0,-1.0,-1.0
témoin,AUDUSD,2025-12-19 20:00:00,2.2252252252252003,13.0,False,,objectif,2.2252252252252003,1.0,2.2252252252252003,1.6126126126126001
Amirou,EURAUD,2026-07-01 13:00:00,2.0443349753694937,76.0,True,de nouveau +1 R,rien,0.0,1.0,0.0,0.5
témoin,EURAUD,2026-04-29 23:00:00,2.0443349753694937,14.0,False,,objectif,2.0443349753694937,1.0,2.0443349753694937,1.5221674876847469
témoin,EURAUD,2026-05-22 08:00:00,2.0443349753694937,51.0,True,stop,stop,-1.0,1.0,0.0,0.5
témoin,EURAUD,2025-03-21 16:00:00,2.0443349753694937,19.0,False,,objectif,2.0443349753694937,1.0,2.0443349753694937,1.5221674876847469
témoin,EURAUD,2025-11-03 01:00:00,2.0443349753694937,,False,,stop,-1.0,-1.0,-1.0,-1.0
témoin,EURAUD,2024-08-16 08:00:00,2.0443349753694937,14.0,True,de nouveau +1 R,rien,0.0,1.0,0.0,0.5
témoin,EURAUD,2025-08-06 03:00:00,2.0443349753694937,,False,,stop,-1.0,-1.0,-1.0,-1.0
témoin,EURAUD,2025-12-16 07:00:00,2.0443349753694937,,False,,stop,-1.0,-1.0,-1.0,-1.0
témoin,EURAUD,2026-09-11 16:00:00,2.0443349753694937,83.0,True,stop,stop,-1.0,1.0,0.0,0.5
témoin,EURAUD,2024-11-21 17:00:00,2.0443349753694937,16.0,False,,objectif,2.0443349753694937,1.0,2.0443349753694937,1.5221674876847469
témoin,EURAUD,2025-09-22 15:00:00,2.0443349753694937,,False,,stop,-1.0,-1.0,-1.0,-1.0
témoin,EURAUD,2024-07-17 10:00:00,2.0443349753694937,,False,,stop,-1.0,-1.0,-1.0,-1.0
témoin,EURAUD,2025-01-10 15:00:00,2.0443349753694937,30.0,True,de nouveau +1 R,rien,0.0,1.0,0.0,0.5
témoin,EURAUD,2026-06-16 12:00:00,2.0443349753694937,48.0,True,stop,stop,-1.0,1.0,0.0,0.5
témoin,EURAUD,2024-10-17 02:00:00,2.0443349753694937,,False,,stop,-1.0,-1.0,-1.0,-1.0
témoin,EURAUD,2025-03-04 00:00:00,2.0443349753694937,,False,,stop,-1.0,-1.0,-1.0,-1.0
témoin,EURAUD,2024-01-22 11:00:00,2.0443349753694937,74.0,False,,objectif,2.0443349753694937,1.0,2.0443349753694937,1.5221674876847469
témoin,EURAUD,2024-01-11 15:00:00,2.0443349753694937,17.0,True,stop,stop,-1.0,1.0,0.0,0.5
témoin,EURAUD,2026-07-23 16:00:00,2.0443349753694937,,False,,stop,-1.0,-1.0,-1.0,-1.0
témoin,EURAUD,2024-07-18 14:00:00,2.0443349753694937,,False,,stop,-1.0,-1.0,-1.0,-1.0
témoin,EURAUD,2026-01-12 09:00:00,2.0443349753694937,7.0,True,de nouveau +1 R,rien,0.0,1.0,0.0,0.5
Amirou,EURAUD,2026-07-01 13:00:00,3.1047381546134307,,False,,stop,-1.0,-1.0,-1.0,-1.0
témoin,EURAUD,2024-05-16 08:00:00,3.1047381546134307,,False,,stop,-1.0,-1.0,-1.0,-1.0
témoin,EURAUD,2024-12-30 01:00:00,3.1047381546134307,2.0,True,de nouveau +1 R,rien,0.0,1.0,0.0,0.5
témoin,EURAUD,2024-03-25 09:00:00,3.1047381546134307,,False,,stop,-1.0,-1.0,-1.0,-1.0
témoin,EURAUD,2026-05-15 01:00:00,3.1047381546134307,,False,,stop,-1.0,-1.0,-1.0,-1.0
témoin,EURAUD,2026-03-06 16:00:00,3.1047381546134307,9.0,False,,objectif,3.1047381546134307,1.0,3.1047381546134307,2.0523690773067154
témoin,EURAUD,2026-01-21 16:00:00,3.1047381546134307,,False,,stop,-1.0,-1.0,-1.0,-1.0
témoin,EURAUD,2026-06-29 14:00:00,3.1047381546134307,,False,,stop,-1.0,-1.0,-1.0,-1.0
témoin,EURAUD,2025-03-27 14:00:00,3.1047381546134307,,False,,stop,-1.0,-1.0,-1.0,-1.0
témoin,EURAUD,2024-01-19 10:00:00,3.1047381546134307,,False,,stop,-1.0,-1.0,-1.0,-1.0
témoin,EURAUD,2026-08-05 01:00:00,3.1047381546134307,104.0,True,,rien,0.0,1.0,0.0,0.5
témoin,EURAUD,2024-08-27 10:00:00,3.1047381546134307,15.0,False,,objectif,3.1047381546134307,1.0,3.1047381546134307,2.0523690773067154
témoin,EURAUD,2026-06-02 13:00:00,3.1047381546134307,3.0,True,de nouveau +1 R,rien,0.0,1.0,0.0,0.5
témoin,EURAUD,2026-02-05 13:00:00,3.1047381546134307,,False,,stop,-1.0,-1.0,-1.0,-1.0
témoin,EURAUD,2025-03-07 21:00:00,3.1047381546134307,,False,,stop,-1.0,-1.0,-1.0,-1.0
témoin,EURAUD,2024-04-11 05:00:00,3.1047381546134307,5.0,True,stop,stop,-1.0,1.0,0.0,0.5
témoin,EURAUD,2025-02-18 08:00:00,3.1047381546134307,18.0,True,de nouveau +1 R,rien,0.0,1.0,0.0,0.5
témoin,EURAUD,2026-03-13 03:00:00,3.1047381546134307,,False,,stop,-1.0,-1.0,-1.0,-1.0
témoin,EURAUD,2024-05-16 06:00:00,3.1047381546134307,35.0,True,stop,stop,-1.0,1.0,0.0,0.5
témoin,EURAUD,2025-07-14 09:00:00,3.1047381546134307,,False,,stop,-1.0,-1.0,-1.0,-1.0
témoin,EURAUD,2024-03-27 22:00:00,3.1047381546134307,,False,,stop,-1.0,-1.0,-1.0,-1.0
Amirou,AUDUSD,2026-07-02 08:00:00,2.103999999999924,4.0,False,,objectif,2.103999999999924,1.0,2.103999999999924,1.551999999999962
témoin,AUDUSD,2026-07-20 06:00:00,2.103999999999924,24.0,True,de nouveau +1 R,rien,0.0,1.0,0.0,0.5
témoin,AUDUSD,2024-12-10 12:00:00,2.103999999999924,,False,,stop,-1.0,-1.0,-1.0,-1.0
témoin,AUDUSD,2026-08-25 03:00:00,2.103999999999924,22.0,True,stop,stop,-1.0,1.0,0.0,0.5
témoin,AUDUSD,2024-07-18 13:00:00,2.103999999999924,,False,,stop,-1.0,-1.0,-1.0,-1.0
témoin,AUDUSD,2023-12-29 02:00:00,2.103999999999924,,False,,stop,-1.0,-1.0,-1.0,-1.0
témoin,AUDUSD,2024-02-22 05:00:00,2.103999999999924,2.0,True,stop,stop,-1.0,1.0,0.0,0.5
témoin,AUDUSD,2024-10-09 15:00:00,2.103999999999924,13.0,True,de nouveau +1 R,rien,0.0,1.0,0.0,0.5
témoin,AUDUSD,2025-12-26 06:00:00,2.103999999999924,,False,,stop,-1.0,-1.0,-1.0,-1.0
témoin,AUDUSD,2025-04-21 09:00:00,2.103999999999924,,False,,stop,-1.0,-1.0,-1.0,-1.0
témoin,AUDUSD,2026-08-13 09:00:00,2.103999999999924,23.0,False,,objectif,2.103999999999924,1.0,2.103999999999924,1.551999999999962
témoin,AUDUSD,2025-10-07 15:00:00,2.103999999999924,,False,,stop,-1.0,-1.0,-1.0,-1.0
témoin,AUDUSD,2025-11-07 15:00:00,2.103999999999924,8.0,False,,objectif,2.103999999999924,1.0,2.103999999999924,1.551999999999962
témoin,AUDUSD,2025-10-01 12:00:00,2.103999999999924,,False,,stop,-1.0,-1.0,-1.0,-1.0
témoin,AUDUSD,2026-06-19 11:00:00,2.103999999999924,,False,,stop,-1.0,-1.0,-1.0,-1.0
témoin,AUDUSD,2025-01-01 23:00:00,2.103999999999924,3.0,False,,objectif,2.103999999999924,1.0,2.103999999999924,1.551999999999962
témoin,AUDUSD,2026-05-13 16:00:00,2.103999999999924,,False,,stop,-1.0,-1.0,-1.0,-1.0
témoin,AUDUSD,2024-01-08 15:00:00,2.103999999999924,9.0,True,stop,stop,-1.0,1.0,0.0,0.5
témoin,AUDUSD,2025-09-26 18:00:00,2.103999999999924,18.0,False,,objectif,2.103999999999924,1.0,2.103999999999924,1.551999999999962
témoin,AUDUSD,2025-03-28 11:00:00,2.103999999999924,,False,,stop,-1.0,-1.0,-1.0,-1.0
témoin,AUDUSD,2025-05-26 12:00:00,2.103999999999924,,False,,stop,-1.0,-1.0,-1.0,-1.0
Amirou,EURJPY,2026-07-02 12:00:00,1.3243243243244205,34.0,False,,objectif,1.3243243243244205,1.0,1.3243243243244205,1.1621621621622102
témoin,EURJPY,2026-04-15 14:00:00,1.3243243243244205,38.0,True,stop,stop,-1.0,1.0,0.0,0.5
témoin,EURJPY,2024-12-11 00:00:00,1.3243243243244205,,False,,stop,-1.0,-1.0,-1.0,-1.0
témoin,EURJPY,2025-01-06 12:00:00,1.3243243243244205,,False,,stop,-1.0,-1.0,-1.0,-1.0
témoin,EURJPY,2025-04-29 08:00:00,1.3243243243244205,,False,,stop,-1.0,-1.0,-1.0,-1.0
témoin,EURJPY,2025-04-09 00:00:00,1.3243243243244205,1.0,False,,objectif,1.3243243243244205,1.0,1.3243243243244205,1.1621621621622102
témoin,EURJPY,2024-11-04 21:00:00,1.3243243243244205,7.0,False,,objectif,1.3243243243244205,1.0,1.3243243243244205,1.1621621621622102
témoin,EURJPY,2026-03-17 03:00:00,1.3243243243244205,32.0,False,,objectif,1.3243243243244205,1.0,1.3243243243244205,1.1621621621622102
témoin,EURJPY,2024-06-06 10:00:00,1.3243243243244205,2.0,False,,objectif,1.3243243243244205,1.0,1.3243243243244205,1.1621621621622102
témoin,EURJPY,2026-06-08 15:00:00,1.3243243243244205,18.0,False,,objectif,1.3243243243244205,1.0,1.3243243243244205,1.1621621621622102
témoin,EURJPY,2025-04-29 14:00:00,1.3243243243244205,16.0,False,,objectif,1.3243243243244205,1.0,1.3243243243244205,1.1621621621622102
témoin,EURJPY,2025-09-11 19:00:00,1.3243243243244205,12.0,False,,objectif,1.3243243243244205,1.0,1.3243243243244205,1.1621621621622102
témoin,EURJPY,2025-10-14 00:00:00,1.3243243243244205,,False,,stop,-1.0,-1.0,-1.0,-1.0
témoin,EURJPY,2025-04-18 18:00:00,1.3243243243244205,11.0,False,,objectif,1.3243243243244205,1.0,1.3243243243244205,1.1621621621622102
témoin,EURJPY,2025-07-29 08:00:00,1.3243243243244205,,False,,stop,-1.0,-1.0,-1.0,-1.0
témoin,EURJPY,2024-11-26 08:00:00,1.3243243243244205,1.0,False,,objectif,1.3243243243244205,1.0,1.3243243243244205,1.1621621621622102
témoin,EURJPY,2025-12-30 04:00:00,1.3243243243244205,,False,,stop,-1.0,-1.0,-1.0,-1.0
témoin,EURJPY,2025-05-15 15:00:00,1.3243243243244205,,False,,stop,-1.0,-1.0,-1.0,-1.0
témoin,EURJPY,2024-11-19 09:00:00,1.3243243243244205,,False,,stop,-1.0,-1.0,-1.0,-1.0
témoin,EURJPY,2024-02-20 00:00:00,1.3243243243244205,13.0,False,,objectif,1.3243243243244205,1.0,1.3243243243244205,1.1621621621622102
témoin,EURJPY,2023-12-15 01:00:00,1.3243243243244205,,False,,stop,-1.0,-1.0,-1.0,-1.0
Amirou,EURAUD,2026-07-08 08:00:00,2.0840000000000636,42.0,False,,objectif,2.0840000000000636,1.0,2.0840000000000636,1.5420000000000318
témoin,EURAUD,2025-05-16 18:00:00,2.0840000000000636,,False,,stop,-1.0,-1.0,-1.0,-1.0
témoin,EURAUD,2024-07-17 01:00:00,2.0840000000000636,,False,,stop,-1.0,-1.0,-1.0,-1.0
témoin,EURAUD,2025-03-06 19:00:00,2.0840000000000636,,False,,stop,-1.0,-1.0,-1.0,-1.0
témoin,EURAUD,2024-10-02 07:00:00,2.0840000000000636,,False,,stop,-1.0,-1.0,-1.0,-1.0
témoin,EURAUD,2024-02-22 10:00:00,2.0840000000000636,,False,,stop,-1.0,-1.0,-1.0,-1.0
témoin,EURAUD,2025-06-24 17:00:00,2.0840000000000636,,False,,stop,-1.0,-1.0,-1.0,-1.0
témoin,EURAUD,2026-02-24 23:00:00,2.0840000000000636,3.0,False,,objectif,2.0840000000000636,1.0,2.0840000000000636,1.5420000000000318
témoin,EURAUD,2025-01-10 14:00:00,2.0840000000000636,17.0,False,,objectif,2.0840000000000636,1.0,2.0840000000000636,1.5420000000000318
témoin,EURAUD,2024-05-06 23:00:00,2.0840000000000636,,False,,stop,-1.0,-1.0,-1.0,-1.0
témoin,EURAUD,2025-10-07 21:00:00,2.0840000000000636,18.0,False,,objectif,2.0840000000000636,1.0,2.0840000000000636,1.5420000000000318
témoin,EURAUD,2025-04-11 18:00:00,2.0840000000000636,,False,,stop,-1.0,-1.0,-1.0,-1.0
témoin,EURAUD,2024-07-29 04:00:00,2.0840000000000636,26.0,True,stop,stop,-1.0,1.0,0.0,0.5
témoin,EURAUD,2025-03-06 22:00:00,2.0840000000000636,,False,,stop,-1.0,-1.0,-1.0,-1.0
témoin,EURAUD,2025-03-31 16:00:00,2.0840000000000636,,False,,stop,-1.0,-1.0,-1.0,-1.0
témoin,EURAUD,2024-11-21 20:00:00,2.0840000000000636,13.0,False,,objectif,2.0840000000000636,1.0,2.0840000000000636,1.5420000000000318
témoin,EURAUD,2023-12-18 15:00:00,2.0840000000000636,,False,,stop,-1.0,-1.0,-1.0,-1.0
témoin,EURAUD,2026-05-22 00:00:00,2.0840000000000636,67.0,True,stop,stop,-1.0,1.0,0.0,0.5
témoin,EURAUD,2025-11-05 09:00:00,2.0840000000000636,7.0,True,stop,stop,-1.0,1.0,0.0,0.5
témoin,EURAUD,2024-12-25 03:00:00,2.0840000000000636,,False,,stop,-1.0,-1.0,-1.0,-1.0
témoin,EURAUD,2026-05-06 03:00:00,2.0840000000000636,,False,,stop,-1.0,-1.0,-1.0,-1.0
Amirou,EURNOK,2026-07-13 22:00:00,2.4709836432891725,9.0,False,,objectif,2.4709836432891725,1.0,2.4709836432891725,1.7354918216445863
témoin,EURNOK,2025-08-20 17:00:00,2.4709836432891725,13.0,False,,objectif,2.4709836432891725,1.0,2.4709836432891725,1.7354918216445863
témoin,EURNOK,2026-02-19 12:00:00,2.4709836432891725,27.0,True,stop,stop,-1.0,1.0,0.0,0.5
témoin,EURNOK,2025-01-21 13:00:00,2.4709836432891725,8.0,True,de nouveau +1 R,rien,0.0,1.0,0.0,0.5
témoin,EURNOK,2025-10-13 19:00:00,2.4709836432891725,,False,,stop,-1.0,-1.0,-1.0,-1.0
témoin,EURNOK,2026-07-06 14:00:00,2.4709836432891725,17.0,False,,objectif,2.4709836432891725,1.0,2.4709836432891725,1.7354918216445863
témoin,EURNOK,2025-05-26 23:00:00,2.4709836432891725,48.0,True,stop,stop,-1.0,1.0,0.0,0.5
témoin,EURNOK,2026-03-19 08:00:00,2.4709836432891725,,False,,stop,-1.0,-1.0,-1.0,-1.0
témoin,EURNOK,2024-05-31 16:00:00,2.4709836432891725,,False,,stop,-1.0,-1.0,-1.0,-1.0
témoin,EURNOK,2026-04-02 09:00:00,2.4709836432891725,,False,,stop,-1.0,-1.0,-1.0,-1.0
témoin,EURNOK,2025-12-29 05:00:00,2.4709836432891725,,False,,stop,-1.0,-1.0,-1.0,-1.0
témoin,EURNOK,2026-01-16 03:00:00,2.4709836432891725,58.0,False,,objectif,2.4709836432891725,1.0,2.4709836432891725,1.7354918216445863
témoin,EURNOK,2023-12-22 20:00:00,2.4709836432891725,,False,,stop,-1.0,-1.0,-1.0,-1.0
témoin,EURNOK,2025-04-15 16:00:00,2.4709836432891725,,False,,stop,-1.0,-1.0,-1.0,-1.0
témoin,EURNOK,2025-10-15 00:00:00,2.4709836432891725,8.0,True,stop,stop,-1.0,1.0,0.0,0.5
témoin,EURNOK,2024-07-17 14:00:00,2.4709836432891725,,False,,stop,-1.0,-1.0,-1.0,-1.0
témoin,EURNOK,2024-06-04 12:00:00,2.4709836432891725,,False,,stop,-1.0,-1.0,-1.0,-1.0
témoin,EURNOK,2026-03-23 20:00:00,2.4709836432891725,13.0,False,,objectif,2.4709836432891725,1.0,2.4709836432891725,1.7354918216445863
témoin,EURNOK,2024-05-28 20:00:00,2.4709836432891725,,False,,stop,-1.0,-1.0,-1.0,-1.0
témoin,EURNOK,2024-08-19 15:00:00,2.4709836432891725,21.0,True,stop,stop,-1.0,1.0,0.0,0.5
témoin,EURNOK,2026-06-19 00:00:00,2.4709836432891725,9.0,True,stop,stop,-1.0,1.0,0.0,0.5
Amirou,GBPUSD,2026-07-14 12:00:00,2.043999999999841,3.0,True,de nouveau +1 R,rien,0.0,1.0,0.0,0.5
témoin,GBPUSD,2024-05-14 19:00:00,2.043999999999841,,False,,stop,-1.0,-1.0,-1.0,-1.0
témoin,GBPUSD,2026-07-10 03:00:00,2.043999999999841,2.0,False,,objectif,2.043999999999841,1.0,2.043999999999841,1.5219999999999205
témoin,GBPUSD,2025-06-05 09:00:00,2.043999999999841,,False,,stop,-1.0,-1.0,-1.0,-1.0
témoin,GBPUSD,2025-12-11 04:00:00,2.043999999999841,,False,,stop,-1.0,-1.0,-1.0,-1.0
témoin,GBPUSD,2024-12-02 19:00:00,2.043999999999841,,False,,stop,-1.0,-1.0,-1.0,-1.0
témoin,GBPUSD,2024-08-02 01:00:00,2.043999999999841,,False,,stop,-1.0,-1.0,-1.0,-1.0
témoin,GBPUSD,2024-02-07 17:00:00,2.043999999999841,18.0,False,,objectif,2.043999999999841,1.0,2.043999999999841,1.5219999999999205
témoin,GBPUSD,2025-04-02 19:00:00,2.043999999999841,,False,,stop,-1.0,-1.0,-1.0,-1.0
témoin,GBPUSD,2024-08-19 19:00:00,2.043999999999841,,False,,stop,-1.0,-1.0,-1.0,-1.0
témoin,GBPUSD,2024-11-28 12:00:00,2.043999999999841,,False,,stop,-1.0,-1.0,-1.0,-1.0
témoin,GBPUSD,2026-06-18 12:00:00,2.043999999999841,,False,,stop,-1.0,-1.0,-1.0,-1.0
témoin,GBPUSD,2024-04-12 05:00:00,2.043999999999841,2.0,False,,objectif,2.043999999999841,1.0,2.043999999999841,1.5219999999999205
témoin,GBPUSD,2024-06-19 09:00:00,2.043999999999841,21.0,False,,objectif,2.043999999999841,1.0,2.043999999999841,1.5219999999999205
témoin,GBPUSD,2024-08-12 00:00:00,2.043999999999841,,False,,stop,-1.0,-1.0,-1.0,-1.0
témoin,GBPUSD,2024-06-04 19:00:00,2.043999999999841,,False,,stop,-1.0,-1.0,-1.0,-1.0
témoin,GBPUSD,2024-02-13 13:00:00,2.043999999999841,1.0,False,,objectif,2.043999999999841,1.0,2.043999999999841,1.5219999999999205
témoin,GBPUSD,2025-03-07 22:00:00,2.043999999999841,8.0,True,de nouveau +1 R,rien,0.0,1.0,0.0,0.5
témoin,GBPUSD,2026-08-25 13:00:00,2.043999999999841,23.0,False,,objectif,2.043999999999841,1.0,2.043999999999841,1.5219999999999205
témoin,GBPUSD,2026-06-15 21:00:00,2.043999999999841,7.0,True,de nouveau +1 R,rien,0.0,1.0,0.0,0.5
témoin,GBPUSD,2024-08-09 14:00:00,2.043999999999841,,False,,stop,-1.0,-1.0,-1.0,-1.0
Amirou,GBPUSD,2026-07-14 14:00:00,2.222591362126306,2.0,True,stop,stop,-1.0,1.0,0.0,0.5
témoin,GBPUSD,2024-03-19 16:00:00,2.222591362126306,,False,,stop,-1.0,-1.0,-1.0,-1.0
témoin,GBPUSD,2025-01-10 00:00:00,2.222591362126306,13.0,False,,objectif,2.222591362126306,1.0,2.222591362126306,1.611295681063153
témoin,GBPUSD,2024-01-23 08:00:00,2.222591362126306,2.0,False,,objectif,2.222591362126306,1.0,2.222591362126306,1.611295681063153
témoin,GBPUSD,2024-08-21 01:00:00,2.222591362126306,,False,,stop,-1.0,-1.0,-1.0,-1.0
témoin,GBPUSD,2024-07-08 10:00:00,2.222591362126306,29.0,True,stop,stop,-1.0,1.0,0.0,0.5
témoin,GBPUSD,2025-10-02 17:00:00,2.222591362126306,,False,,stop,-1.0,-1.0,-1.0,-1.0
témoin,GBPUSD,2024-04-17 02:00:00,2.222591362126306,,False,,stop,-1.0,-1.0,-1.0,-1.0
témoin,GBPUSD,2025-07-04 19:00:00,2.222591362126306,7.0,False,,objectif,2.222591362126306,1.0,2.222591362126306,1.611295681063153
témoin,GBPUSD,2025-08-27 02:00:00,2.222591362126306,6.0,True,stop,stop,-1.0,1.0,0.0,0.5
témoin,GBPUSD,2026-01-27 19:00:00,2.222591362126306,,False,,stop,-1.0,-1.0,-1.0,-1.0
témoin,GBPUSD,2025-01-22 11:00:00,2.222591362126306,2.0,False,,objectif,2.222591362126306,1.0,2.222591362126306,1.611295681063153
témoin,GBPUSD,2023-12-27 13:00:00,2.222591362126306,,False,,stop,-1.0,-1.0,-1.0,-1.0
témoin,GBPUSD,2026-01-22 12:00:00,2.222591362126306,,False,,stop,-1.0,-1.0,-1.0,-1.0
témoin,GBPUSD,2024-07-09 21:00:00,2.222591362126306,,False,,stop,-1.0,-1.0,-1.0,-1.0
témoin,GBPUSD,2026-01-06 13:00:00,2.222591362126306,26.0,False,,objectif,2.222591362126306,1.0,2.222591362126306,1.611295681063153
témoin,GBPUSD,2025-08-11 21:00:00,2.222591362126306,,False,,stop,-1.0,-1.0,-1.0,-1.0
témoin,GBPUSD,2026-07-23 22:00:00,2.222591362126306,,False,,stop,-1.0,-1.0,-1.0,-1.0
témoin,GBPUSD,2025-07-18 21:00:00,2.222591362126306,,False,,stop,-1.0,-1.0,-1.0,-1.0
témoin,GBPUSD,2025-01-31 08:00:00,2.222591362126306,1.0,True,stop,stop,-1.0,1.0,0.0,0.5
témoin,GBPUSD,2026-03-27 21:00:00,2.222591362126306,10.0,False,,objectif,2.222591362126306,1.0,2.222591362126306,1.611295681063153
Amirou,GBPAUD,2026-08-20 15:00:00,1.887005649717467,1.0,True,stop,stop,-1.0,1.0,0.0,0.5
témoin,GBPAUD,2024-05-09 20:00:00,1.887005649717467,6.0,False,,objectif,1.887005649717467,1.0,1.887005649717467,1.4435028248587334
témoin,GBPAUD,2024-03-05 13:00:00,1.887005649717467,,False,,stop,-1.0,-1.0,-1.0,-1.0
témoin,GBPAUD,2025-11-07 07:00:00,1.887005649717467,7.0,False,,objectif,1.887005649717467,1.0,1.887005649717467,1.4435028248587334
témoin,GBPAUD,2024-12-23 10:00:00,1.887005649717467,4.0,True,stop,stop,-1.0,1.0,0.0,0.5
témoin,GBPAUD,2024-10-02 20:00:00,1.887005649717467,5.0,True,stop,stop,-1.0,1.0,0.0,0.5
témoin,GBPAUD,2025-01-23 21:00:00,1.887005649717467,,False,,stop,-1.0,-1.0,-1.0,-1.0
témoin,GBPAUD,2023-12-21 11:00:00,1.887005649717467,,False,,stop,-1.0,-1.0,-1.0,-1.0
témoin,GBPAUD,2025-05-14 05:00:00,1.887005649717467,4.0,False,,objectif,1.887005649717467,1.0,1.887005649717467,1.4435028248587334
témoin,GBPAUD,2025-03-07 21:00:00,1.887005649717467,2.0,True,stop,stop,-1.0,1.0,0.0,0.5
témoin,GBPAUD,2024-12-03 07:00:00,1.887005649717467,,False,,stop,-1.0,-1.0,-1.0,-1.0
témoin,GBPAUD,2025-09-03 21:00:00,1.887005649717467,6.0,False,,objectif,1.887005649717467,1.0,1.887005649717467,1.4435028248587334
témoin,GBPAUD,2025-12-23 14:00:00,1.887005649717467,,False,,stop,-1.0,-1.0,-1.0,-1.0
témoin,GBPAUD,2026-03-17 21:00:00,1.887005649717467,15.0,False,,objectif,1.887005649717467,1.0,1.887005649717467,1.4435028248587334
témoin,GBPAUD,2024-03-28 12:00:00,1.887005649717467,,False,,stop,-1.0,-1.0,-1.0,-1.0
témoin,GBPAUD,2024-08-22 19:00:00,1.887005649717467,,False,,stop,-1.0,-1.0,-1.0,-1.0
témoin,GBPAUD,2024-02-14 07:00:00,1.887005649717467,,False,,stop,-1.0,-1.0,-1.0,-1.0
témoin,GBPAUD,2024-02-06 13:00:00,1.887005649717467,,False,,stop,-1.0,-1.0,-1.0,-1.0
témoin,GBPAUD,2024-10-25 04:00:00,1.887005649717467,12.0,False,,objectif,1.887005649717467,1.0,1.887005649717467,1.4435028248587334
témoin,GBPAUD,2025-02-26 03:00:00,1.887005649717467,8.0,False,,objectif,1.887005649717467,1.0,1.887005649717467,1.4435028248587334
témoin,GBPAUD,2024-03-13 20:00:00,1.887005649717467,,False,,stop,-1.0,-1.0,-1.0,-1.0
Amirou,EURUSD,2026-09-03 12:00:00,7.24193548387002,,False,,stop,-1.0,-1.0,-1.0,-1.0
témoin,EURUSD,2024-08-05 22:00:00,7.24193548387002,,False,,stop,-1.0,-1.0,-1.0,-1.0
témoin,EURUSD,2025-01-15 17:00:00,7.24193548387002,,False,,stop,-1.0,-1.0,-1.0,-1.0
témoin,EURUSD,2026-03-20 15:00:00,7.24193548387002,,False,,stop,-1.0,-1.0,-1.0,-1.0
témoin,EURUSD,2025-07-22 06:00:00,7.24193548387002,,False,,stop,-1.0,-1.0,-1.0,-1.0
témoin,EURUSD,2026-06-29 21:00:00,7.24193548387002,3.0,True,stop,stop,-1.0,1.0,0.0,0.5
témoin,EURUSD,2024-03-11 06:00:00,7.24193548387002,,False,,stop,-1.0,-1.0,-1.0,-1.0
témoin,EURUSD,2024-09-13 16:00:00,7.24193548387002,3.0,True,stop,stop,-1.0,1.0,0.0,0.5
témoin,EURUSD,2025-03-24 21:00:00,7.24193548387002,,False,,stop,-1.0,-1.0,-1.0,-1.0
témoin,EURUSD,2026-07-23 07:00:00,7.24193548387002,1.0,False,,objectif,7.24193548387002,1.0,7.24193548387002,4.12096774193501
témoin,EURUSD,2025-06-27 13:00:00,7.24193548387002,1.0,False,,objectif,7.24193548387002,1.0,7.24193548387002,4.12096774193501
témoin,EURUSD,2025-07-21 05:00:00,7.24193548387002,,False,,stop,-1.0,-1.0,-1.0,-1.0
témoin,EURUSD,2025-07-08 06:00:00,7.24193548387002,,False,,stop,-1.0,-1.0,-1.0,-1.0
témoin,EURUSD,2025-09-29 02:00:00,7.24193548387002,,False,,stop,-1.0,-1.0,-1.0,-1.0
témoin,EURUSD,2024-01-16 17:00:00,7.24193548387002,1.0,True,de nouveau +1 R,rien,0.0,1.0,0.0,0.5
témoin,EURUSD,2025-10-14 23:00:00,7.24193548387002,,False,,stop,-1.0,-1.0,-1.0,-1.0
témoin,EURUSD,2026-02-05 07:00:00,7.24193548387002,,False,,stop,-1.0,-1.0,-1.0,-1.0
témoin,EURUSD,2026-01-26 20:00:00,7.24193548387002,1.0,True,de nouveau +1 R,rien,0.0,1.0,0.0,0.5
témoin,EURUSD,2025-12-12 09:00:00,7.24193548387002,3.0,True,stop,stop,-1.0,1.0,0.0,0.5
témoin,EURUSD,2024-03-21 10:00:00,7.24193548387002,1.0,True,de nouveau +1 R,rien,0.0,1.0,0.0,0.5
témoin,EURUSD,2024-10-10 06:00:00,7.24193548387002,2.0,True,de nouveau +1 R,rien,0.0,1.0,0.0,0.5
Amirou,EURNZD,2026-09-03 15:00:00,2.091584158415836,6.0,True,stop,stop,-1.0,1.0,0.0,0.5
témoin,EURNZD,2026-07-01 01:00:00,2.091584158415836,,False,,stop,-1.0,-1.0,-1.0,-1.0
témoin,EURNZD,2025-04-04 11:00:00,2.091584158415836,1.0,False,,objectif,2.091584158415836,1.0,2.091584158415836,1.545792079207918
témoin,EURNZD,2024-01-15 08:00:00,2.091584158415836,1.0,True,de nouveau +1 R,rien,0.0,1.0,0.0,0.5
témoin,EURNZD,2025-12-31 05:00:00,2.091584158415836,1.0,False,,objectif,2.091584158415836,1.0,2.091584158415836,1.545792079207918
témoin,EURNZD,2024-07-03 01:00:00,2.091584158415836,8.0,True,stop,stop,-1.0,1.0,0.0,0.5
témoin,EURNZD,2026-04-07 19:00:00,2.091584158415836,,False,,stop,-1.0,-1.0,-1.0,-1.0
témoin,EURNZD,2026-01-29 21:00:00,2.091584158415836,5.0,True,de nouveau +1 R,rien,0.0,1.0,0.0,0.5
témoin,EURNZD,2024-08-22 00:00:00,2.091584158415836,,False,,stop,-1.0,-1.0,-1.0,-1.0
témoin,EURNZD,2025-09-10 15:00:00,2.091584158415836,17.0,True,de nouveau +1 R,rien,0.0,1.0,0.0,0.5
témoin,EURNZD,2026-02-03 13:00:00,2.091584158415836,2.0,True,de nouveau +1 R,rien,0.0,1.0,0.0,0.5
témoin,EURNZD,2024-11-04 14:00:00,2.091584158415836,,False,,stop,-1.0,-1.0,-1.0,-1.0
témoin,EURNZD,2025-02-17 17:00:00,2.091584158415836,7.0,False,,objectif,2.091584158415836,1.0,2.091584158415836,1.545792079207918
témoin,EURNZD,2026-08-11 15:00:00,2.091584158415836,11.0,False,,objectif,2.091584158415836,1.0,2.091584158415836,1.545792079207918
témoin,EURNZD,2026-08-05 18:00:00,2.091584158415836,12.0,True,stop,stop,-1.0,1.0,0.0,0.5
témoin,EURNZD,2024-01-16 21:00:00,2.091584158415836,10.0,False,,objectif,2.091584158415836,1.0,2.091584158415836,1.545792079207918
témoin,EURNZD,2026-05-21 21:00:00,2.091584158415836,13.0,False,,objectif,2.091584158415836,1.0,2.091584158415836,1.545792079207918
témoin,EURNZD,2026-09-16 10:00:00,2.091584158415836,8.0,True,stop,stop,-1.0,1.0,0.0,0.5
témoin,EURNZD,2024-12-11 05:00:00,2.091584158415836,4.0,True,stop,stop,-1.0,1.0,0.0,0.5
témoin,EURNZD,2025-09-04 16:00:00,2.091584158415836,,False,,stop,-1.0,-1.0,-1.0,-1.0
témoin,EURNZD,2024-12-12 12:00:00,2.091584158415836,,False,,stop,-1.0,-1.0,-1.0,-1.0
Amirou,USDJPY,2026-09-16 15:00:00,1.0113493064313281,3.0,False,,objectif,1.0113493064313281,1.0,1.0113493064313281,1.0056746532156642
témoin,USDJPY,2024-02-28 16:00:00,1.0113493064313281,,False,,stop,-1.0,-1.0,-1.0,-1.0
témoin,USDJPY,2026-08-24 07:00:00,1.0113493064313281,103.0,False,,objectif,1.0113493064313281,1.0,1.0113493064313281,1.0056746532156642
témoin,USDJPY,2025-11-06 23:00:00,1.0113493064313281,23.0,False,,objectif,1.0113493064313281,1.0,1.0113493064313281,1.0056746532156642
témoin,USDJPY,2024-04-01 22:00:00,1.0113493064313281,,False,,stop,-1.0,-1.0,-1.0,-1.0
témoin,USDJPY,2025-10-10 14:00:00,1.0113493064313281,,False,,stop,-1.0,-1.0,-1.0,-1.0
témoin,USDJPY,2025-12-01 02:00:00,1.0113493064313281,,False,,stop,-1.0,-1.0,-1.0,-1.0
témoin,USDJPY,2024-07-23 11:00:00,1.0113493064313281,,False,,stop,-1.0,-1.0,-1.0,-1.0
témoin,USDJPY,2024-07-09 14:00:00,1.0113493064313281,,False,,stop,-1.0,-1.0,-1.0,-1.0
témoin,USDJPY,2025-06-25 01:00:00,1.0113493064313281,8.0,False,,objectif,1.0113493064313281,1.0,1.0113493064313281,1.0056746532156642
témoin,USDJPY,2026-07-31 03:00:00,1.0113493064313281,,False,,stop,-1.0,-1.0,-1.0,-1.0
témoin,USDJPY,2024-01-03 19:00:00,1.0113493064313281,18.0,False,,objectif,1.0113493064313281,1.0,1.0113493064313281,1.0056746532156642
témoin,USDJPY,2025-05-02 20:00:00,1.0113493064313281,,False,,stop,-1.0,-1.0,-1.0,-1.0
témoin,USDJPY,2024-05-22 08:00:00,1.0113493064313281,30.0,False,,objectif,1.0113493064313281,1.0,1.0113493064313281,1.0056746532156642
témoin,USDJPY,2025-03-18 05:00:00,1.0113493064313281,,False,,stop,-1.0,-1.0,-1.0,-1.0
témoin,USDJPY,2025-10-03 08:00:00,1.0113493064313281,13.0,False,,objectif,1.0113493064313281,1.0,1.0113493064313281,1.0056746532156642
témoin,USDJPY,2024-08-22 09:00:00,1.0113493064313281,4.0,False,,objectif,1.0113493064313281,1.0,1.0113493064313281,1.0056746532156642
témoin,USDJPY,2024-12-13 05:00:00,1.0113493064313281,11.0,False,,objectif,1.0113493064313281,1.0,1.0113493064313281,1.0056746532156642
témoin,USDJPY,2025-06-05 22:00:00,1.0113493064313281,14.0,False,,objectif,1.0113493064313281,1.0,1.0113493064313281,1.0056746532156642
témoin,USDJPY,2024-06-17 11:00:00,1.0113493064313281,69.0,False,,objectif,1.0113493064313281,1.0,1.0113493064313281,1.0056746532156642
témoin,USDJPY,2026-05-07 21:00:00,1.0113493064313281,53.0,False,,objectif,1.0113493064313281,1.0,1.0113493064313281,1.0056746532156642
Amirou,GBPAUD,2026-09-18 00:00:00,2.1800947867301046,3.0,False,,objectif,2.1800947867301046,1.0,2.1800947867301046,1.5900473933650523
témoin,GBPAUD,2025-12-08 08:00:00,2.1800947867301046,,False,,stop,-1.0,-1.0,-1.0,-1.0
témoin,GBPAUD,2024-02-26 12:00:00,2.1800947867301046,,False,,stop,-1.0,-1.0,-1.0,-1.0
témoin,GBPAUD,2025-01-13 21:00:00,2.1800947867301046,1.0,False,,objectif,2.1800947867301046,1.0,2.1800947867301046,1.5900473933650523
témoin,GBPAUD,2025-10-07 21:00:00,2.1800947867301046,1.0,True,stop,stop,-1.0,1.0,0.0,0.5
témoin,GBPAUD,2024-03-07 17:00:00,2.1800947867301046,,False,,stop,-1.0,-1.0,-1.0,-1.0
témoin,GBPAUD,2024-05-09 21:00:00,2.1800947867301046,,False,,stop,-1.0,-1.0,-1.0,-1.0
témoin,GBPAUD,2024-03-01 05:00:00,2.1800947867301046,,False,,stop,-1.0,-1.0,-1.0,-1.0
témoin,GBPAUD,2024-07-29 11:00:00,2.1800947867301046,,False,,stop,-1.0,-1.0,-1.0,-1.0
témoin,GBPAUD,2026-07-22 13:00:00,2.1800947867301046,3.0,True,de nouveau +1 R,rien,0.0,1.0,0.0,0.5
témoin,GBPAUD,2026-04-23 07:00:00,2.1800947867301046,,False,,stop,-1.0,-1.0,-1.0,-1.0
témoin,GBPAUD,2025-09-23 20:00:00,2.1800947867301046,1.0,True,de nouveau +1 R,objectif,2.1800947867301046,1.0,0.0,0.5
témoin,GBPAUD,2024-02-26 15:00:00,2.1800947867301046,7.0,True,stop,stop,-1.0,1.0,0.0,0.5
témoin,GBPAUD,2026-02-16 11:00:00,2.1800947867301046,2.0,True,stop,stop,-1.0,1.0,0.0,0.5
témoin,GBPAUD,2025-12-19 10:00:00,2.1800947867301046,3.0,False,,objectif,2.1800947867301046,1.0,2.1800947867301046,1.5900473933650523
témoin,GBPAUD,2025-05-07 03:00:00,2.1800947867301046,,False,,stop,-1.0,-1.0,-1.0,-1.0
témoin,GBPAUD,2024-02-12 08:00:00,2.1800947867301046,2.0,False,,objectif,2.1800947867301046,1.0,2.1800947867301046,1.5900473933650523
témoin,GBPAUD,2025-01-27 09:00:00,2.1800947867301046,,False,,stop,-1.0,-1.0,-1.0,-1.0
témoin,GBPAUD,2025-05-09 16:00:00,2.1800947867301046,,False,,stop,-1.0,-1.0,-1.0,-1.0
témoin,GBPAUD,2024-04-05 01:00:00,2.1800947867301046,,False,,stop,-1.0,-1.0,-1.0,-1.0
témoin,GBPAUD,2025-09-02 20:00:00,2.1800947867301046,,False,,stop,-1.0,-1.0,-1.0,-1.0
Amirou,EURGBP,2026-09-22 10:00:00,2.019999999999908,,False,,stop,-1.0,-1.0,-1.0,-1.0
témoin,EURGBP,2024-09-27 13:00:00,2.019999999999908,,False,,stop,-1.0,-1.0,-1.0,-1.0
témoin,EURGBP,2024-01-18 22:00:00,2.019999999999908,,False,,stop,-1.0,-1.0,-1.0,-1.0
témoin,EURGBP,2025-01-28 20:00:00,2.019999999999908,11.0,True,de nouveau +1 R,rien,0.0,1.0,0.0,0.5
témoin,EURGBP,2024-10-28 07:00:00,2.019999999999908,28.0,False,,objectif,2.019999999999908,1.0,2.019999999999908,1.509999999999954
témoin,EURGBP,2026-08-04 11:00:00,2.019999999999908,,False,,stop,-1.0,-1.0,-1.0,-1.0
témoin,EURGBP,2025-09-26 07:00:00,2.019999999999908,7.0,True,de nouveau +1 R,rien,0.0,1.0,0.0,0.5
témoin,EURGBP,2024-07-04 18:00:00,2.019999999999908,18.0,False,,objectif,2.019999999999908,1.0,2.019999999999908,1.509999999999954
témoin,EURGBP,2024-11-13 18:00:00,2.019999999999908,,False,,stop,-1.0,-1.0,-1.0,-1.0
témoin,EURGBP,2023-12-20 11:00:00,2.019999999999908,,False,,stop,-1.0,-1.0,-1.0,-1.0
témoin,EURGBP,2025-08-07 13:00:00,2.019999999999908,1.0,True,de nouveau +1 R,rien,0.0,1.0,0.0,0.5
témoin,EURGBP,2024-10-14 06:00:00,2.019999999999908,15.0,False,,objectif,2.019999999999908,1.0,2.019999999999908,1.509999999999954
témoin,EURGBP,2024-12-16 21:00:00,2.019999999999908,10.0,False,,objectif,2.019999999999908,1.0,2.019999999999908,1.509999999999954
témoin,EURGBP,2026-01-16 18:00:00,2.019999999999908,,False,,stop,-1.0,-1.0,-1.0,-1.0
témoin,EURGBP,2026-05-20 15:00:00,2.019999999999908,46.0,False,,objectif,2.019999999999908,1.0,2.019999999999908,1.509999999999954
témoin,EURGBP,2025-12-08 23:00:00,2.019999999999908,10.0,True,stop,stop,-1.0,1.0,0.0,0.5
témoin,EURGBP,2024-05-23 12:00:00,2.019999999999908,,False,,stop,-1.0,-1.0,-1.0,-1.0
témoin,EURGBP,2026-04-06 03:00:00,2.019999999999908,,False,,stop,-1.0,-1.0,-1.0,-1.0
témoin,EURGBP,2024-01-04 02:00:00,2.019999999999908,,False,,stop,-1.0,-1.0,-1.0,-1.0
témoin,EURGBP,2024-05-15 13:00:00,2.019999999999908,8.0,False,,objectif,2.019999999999908,1.0,2.019999999999908,1.509999999999954
témoin,EURGBP,2024-03-26 00:00:00,2.019999999999908,55.0,False,,objectif,2.019999999999908,1.0,2.019999999999908,1.509999999999954
Amirou,AUDUSD,2026-09-29 04:00:00,2.0249999999999972,1.0,False,,objectif,2.0249999999999972,1.0,2.0249999999999972,1.5124999999999986
témoin,AUDUSD,2025-01-08 18:00:00,2.0249999999999972,13.0,False,,objectif,2.0249999999999972,1.0,2.0249999999999972,1.5124999999999986
témoin,AUDUSD,2025-05-27 11:00:00,2.0249999999999972,25.0,True,de nouveau +1 R,rien,0.0,1.0,0.0,0.5
témoin,AUDUSD,2024-10-24 13:00:00,2.0249999999999972,1.0,False,,objectif,2.0249999999999972,1.0,2.0249999999999972,1.5124999999999986
témoin,AUDUSD,2025-08-04 21:00:00,2.0249999999999972,,False,,stop,-1.0,-1.0,-1.0,-1.0
témoin,AUDUSD,2026-08-12 19:00:00,2.0249999999999972,,False,,stop,-1.0,-1.0,-1.0,-1.0
témoin,AUDUSD,2026-04-07 02:00:00,2.0249999999999972,,False,,stop,-1.0,-1.0,-1.0,-1.0
témoin,AUDUSD,2025-03-11 02:00:00,2.0249999999999972,,False,,stop,-1.0,-1.0,-1.0,-1.0
témoin,AUDUSD,2026-08-06 15:00:00,2.0249999999999972,,False,,stop,-1.0,-1.0,-1.0,-1.0
témoin,AUDUSD,2025-07-21 10:00:00,2.0249999999999972,,False,,stop,-1.0,-1.0,-1.0,-1.0
témoin,AUDUSD,2025-01-23 03:00:00,2.0249999999999972,,False,,stop,-1.0,-1.0,-1.0,-1.0
témoin,AUDUSD,2024-06-04 12:00:00,2.0249999999999972,,False,,stop,-1.0,-1.0,-1.0,-1.0
témoin,AUDUSD,2026-03-26 17:00:00,2.0249999999999972,2.0,True,de nouveau +1 R,rien,0.0,1.0,0.0,0.5
témoin,AUDUSD,2024-01-31 09:00:00,2.0249999999999972,,False,,stop,-1.0,-1.0,-1.0,-1.0
témoin,AUDUSD,2025-01-27 22:00:00,2.0249999999999972,1.0,False,,objectif,2.0249999999999972,1.0,2.0249999999999972,1.5124999999999986
témoin,AUDUSD,2026-05-28 00:00:00,2.0249999999999972,3.0,True,stop,stop,-1.0,1.0,0.0,0.5
témoin,AUDUSD,2024-12-24 03:00:00,2.0249999999999972,,False,,stop,-1.0,-1.0,-1.0,-1.0
témoin,AUDUSD,2025-07-23 05:00:00,2.0249999999999972,,False,,stop,-1.0,-1.0,-1.0,-1.0
témoin,AUDUSD,2024-04-26 07:00:00,2.0249999999999972,7.0,True,stop,stop,-1.0,1.0,0.0,0.5
témoin,AUDUSD,2026-01-08 23:00:00,2.0249999999999972,8.0,True,de nouveau +1 R,rien,0.0,1.0,0.0,0.5
témoin,AUDUSD,2026-05-12 11:00:00,2.0249999999999972,,False,,stop,-1.0,-1.0,-1.0,-1.0
Amirou,EURCHF,2026-10-01 11:00:00,3.0806666666665405,1.0,False,,objectif,3.0806666666665405,1.0,3.0806666666665405,2.0403333333332703
témoin,EURCHF,2024-01-19 18:00:00,3.0806666666665405,14.0,True,de nouveau +1 R,rien,0.0,1.0,0.0,0.5
témoin,EURCHF,2024-11-18 12:00:00,3.0806666666665405,20.0,False,,objectif,3.0806666666665405,1.0,3.0806666666665405,2.0403333333332703
témoin,EURCHF,2026-06-04 05:00:00,3.0806666666665405,6.0,True,stop,stop,-1.0,1.0,0.0,0.5
témoin,EURCHF,2025-09-25 18:00:00,3.0806666666665405,,False,,stop,-1.0,-1.0,-1.0,-1.0
témoin,EURCHF,2025-05-02 01:00:00,3.0806666666665405,4.0,True,de nouveau +1 R,rien,0.0,1.0,0.0,0.5
témoin,EURCHF,2025-05-19 21:00:00,3.0806666666665405,11.0,True,de nouveau +1 R,rien,0.0,1.0,0.0,0.5
témoin,EURCHF,2023-12-21 18:00:00,3.0806666666665405,14.0,True,de nouveau +1 R,rien,0.0,1.0,0.0,0.5
témoin,EURCHF,2026-09-15 12:00:00,3.0806666666665405,,False,,stop,-1.0,-1.0,-1.0,-1.0
témoin,EURCHF,2025-01-22 02:00:00,3.0806666666665405,,False,,stop,-1.0,-1.0,-1.0,-1.0
témoin,EURCHF,2024-08-28 21:00:00,3.0806666666665405,,False,,stop,-1.0,-1.0,-1.0,-1.0
témoin,EURCHF,2025-09-17 04:00:00,3.0806666666665405,5.0,True,de nouveau +1 R,rien,0.0,1.0,0.0,0.5
témoin,EURCHF,2025-06-23 12:00:00,3.0806666666665405,,False,,stop,-1.0,-1.0,-1.0,-1.0
témoin,EURCHF,2024-07-08 12:00:00,3.0806666666665405,,False,,stop,-1.0,-1.0,-1.0,-1.0
témoin,EURCHF,2026-02-18 20:00:00,3.0806666666665405,,False,,stop,-1.0,-1.0,-1.0,-1.0
témoin,EURCHF,2024-12-26 10:00:00,3.0806666666665405,,False,,stop,-1.0,-1.0,-1.0,-1.0
témoin,EURCHF,2024-06-25 15:00:00,3.0806666666665405,,False,,stop,-1.0,-1.0,-1.0,-1.0
témoin,EURCHF,2026-05-01 11:00:00,3.0806666666665405,7.0,True,de nouveau +1 R,rien,0.0,1.0,0.0,0.5
témoin,EURCHF,2026-03-24 17:00:00,3.0806666666665405,3.0,True,de nouveau +1 R,rien,0.0,1.0,0.0,0.5
témoin,EURCHF,2026-07-21 11:00:00,3.0806666666665405,,False,,stop,-1.0,-1.0,-1.0,-1.0
témoin,EURCHF,2025-06-30 07:00:00,3.0806666666665405,1.0,False,,objectif,3.0806666666665405,1.0,3.0806666666665405,2.0403333333332703
Amirou,EURCHF,2026-10-01 11:00:00,2.0000000000000444,3.0,False,,objectif,2.0000000000000444,1.0,2.0000000000000444,1.5000000000000222
témoin,EURCHF,2025-05-27 20:00:00,2.0000000000000444,11.0,True,de nouveau +1 R,rien,0.0,1.0,0.0,0.5
témoin,EURCHF,2024-03-28 19:00:00,2.0000000000000444,12.0,True,stop,stop,-1.0,1.0,0.0,0.5
témoin,EURCHF,2025-12-22 00:00:00,2.0000000000000444,32.0,False,,objectif,2.0000000000000444,1.0,2.0000000000000444,1.5000000000000222
témoin,EURCHF,2026-08-17 21:00:00,2.0000000000000444,40.0,False,,objectif,2.0000000000000444,1.0,2.0000000000000444,1.5000000000000222
témoin,EURCHF,2025-03-28 03:00:00,2.0000000000000444,,False,,stop,-1.0,-1.0,-1.0,-1.0
témoin,EURCHF,2025-02-03 14:00:00,2.0000000000000444,1.0,True,stop,stop,-1.0,1.0,0.0,0.5
témoin,EURCHF,2024-10-22 10:00:00,2.0000000000000444,8.0,True,de nouveau +1 R,rien,0.0,1.0,0.0,0.5
témoin,EURCHF,2025-04-07 22:00:00,2.0000000000000444,,False,,stop,-1.0,-1.0,-1.0,-1.0
témoin,EURCHF,2024-04-15 01:00:00,2.0000000000000444,13.0,False,,objectif,2.0000000000000444,1.0,2.0000000000000444,1.5000000000000222
témoin,EURCHF,2026-02-13 03:00:00,2.0000000000000444,18.0,True,de nouveau +1 R,rien,0.0,1.0,0.0,0.5
témoin,EURCHF,2025-07-16 00:00:00,2.0000000000000444,,False,,stop,-1.0,-1.0,-1.0,-1.0
témoin,EURCHF,2026-08-13 09:00:00,2.0000000000000444,,False,,stop,-1.0,-1.0,-1.0,-1.0
témoin,EURCHF,2024-06-12 19:00:00,2.0000000000000444,19.0,False,,objectif,2.0000000000000444,1.0,2.0000000000000444,1.5000000000000222
témoin,EURCHF,2024-08-19 17:00:00,2.0000000000000444,14.0,False,,objectif,2.0000000000000444,1.0,2.0000000000000444,1.5000000000000222
témoin,EURCHF,2024-06-21 13:00:00,2.0000000000000444,,False,,stop,-1.0,-1.0,-1.0,-1.0
témoin,EURCHF,2024-05-01 06:00:00,2.0000000000000444,24.0,False,,objectif,2.0000000000000444,1.0,2.0000000000000444,1.5000000000000222
témoin,EURCHF,2025-09-17 10:00:00,2.0000000000000444,,False,,stop,-1.0,-1.0,-1.0,-1.0
témoin,EURCHF,2026-01-02 19:00:00,2.0000000000000444,,False,,stop,-1.0,-1.0,-1.0,-1.0
témoin,EURCHF,2025-07-08 16:00:00,2.0000000000000444,21.0,True,de nouveau +1 R,rien,0.0,1.0,0.0,0.5
témoin,EURCHF,2025-10-27 13:00:00,2.0000000000000444,27.0,True,stop,stop,-1.0,1.0,0.0,0.5
Amirou,EURAUD,2026-10-01 16:00:00,2.319410319410464,1.0,False,,rien,0.0,1.0,0.0,0.5
témoin,EURAUD,2024-01-16 18:00:00,2.319410319410464,,False,,stop,-1.0,-1.0,-1.0,-1.0
témoin,EURAUD,2025-03-10 06:00:00,2.319410319410464,1.0,True,stop,stop,-1.0,1.0,0.0,0.5
témoin,EURAUD,2024-04-08 11:00:00,2.319410319410464,25.0,True,stop,stop,-1.0,1.0,0.0,0.5
témoin,EURAUD,2025-09-26 14:00:00,2.319410319410464,29.0,False,,objectif,2.319410319410464,1.0,2.319410319410464,1.659705159705232
témoin,EURAUD,2024-12-17 13:00:00,2.319410319410464,,False,,stop,-1.0,-1.0,-1.0,-1.0
témoin,EURAUD,2026-07-23 16:00:00,2.319410319410464,41.0,True,stop,stop,-1.0,1.0,0.0,0.5
témoin,EURAUD,2024-11-08 22:00:00,2.319410319410464,6.0,False,,objectif,2.319410319410464,1.0,2.319410319410464,1.659705159705232
témoin,EURAUD,2026-04-13 02:00:00,2.319410319410464,5.0,True,de nouveau +1 R,rien,0.0,1.0,0.0,0.5
témoin,EURAUD,2025-11-25 06:00:00,2.319410319410464,,False,,stop,-1.0,-1.0,-1.0,-1.0
témoin,EURAUD,2025-07-09 13:00:00,2.319410319410464,18.0,False,,objectif,2.319410319410464,1.0,2.319410319410464,1.659705159705232
témoin,EURAUD,2025-04-30 03:00:00,2.319410319410464,1.0,True,stop,stop,-1.0,1.0,0.0,0.5
témoin,EURAUD,2026-06-18 04:00:00,2.319410319410464,9.0,True,de nouveau +1 R,rien,0.0,1.0,0.0,0.5
témoin,EURAUD,2025-08-28 07:00:00,2.319410319410464,18.0,True,stop,stop,-1.0,1.0,0.0,0.5
témoin,EURAUD,2026-06-23 07:00:00,2.319410319410464,,False,,stop,-1.0,-1.0,-1.0,-1.0
témoin,EURAUD,2025-10-16 09:00:00,2.319410319410464,,False,,stop,-1.0,-1.0,-1.0,-1.0
témoin,EURAUD,2026-01-29 12:00:00,2.319410319410464,1.0,True,stop,stop,-1.0,1.0,0.0,0.5
témoin,EURAUD,2026-01-14 02:00:00,2.319410319410464,,False,,stop,-1.0,-1.0,-1.0,-1.0
témoin,EURAUD,2024-04-12 11:00:00,2.319410319410464,,False,,stop,-1.0,-1.0,-1.0,-1.0
témoin,EURAUD,2024-07-15 13:00:00,2.319410319410464,,False,,stop,-1.0,-1.0,-1.0,-1.0
témoin,EURAUD,2025-07-02 20:00:00,2.319410319410464,,False,,stop,-1.0,-1.0,-1.0,-1.0
