date,open,high,low,close
2020-06-01,112.07498931884766,112.29299926757812,111.85247802734375,112.11399841308594
2020-06-02,111.88500213623047,113.02899932861328,111.86599731445312,111.88899993896484
2020-06-03,113.1285400390625,113.30980682373047,112.48500061035156,113.13899993896484
2020-06-04,113.33999633789062,114.08699798583984,113.10199737548828,113.35900115966797
2020-06-05,114.20144653320312,114.58200073242188,113.61820220947266,114.20600128173828
2020-06-08,113.94000244140625,113.9739990234375,113.32140350341797,114.02999877929688
2020-06-09,113.14199829101562,113.6143798828125,112.61799621582031,113.2020034790039
2020-06-10,113.3489990234375,113.58458709716797,113.06627655029297,113.3219985961914
2020-06-11,113.37999725341797,113.72000122070312,113.15899658203125,113.3479995727539
2020-06-12,113.12999725341797,113.66400146484375,112.67289733886719,113.11299896240234
2020-06-15,112.77999877929688,113.25646209716797,112.36827087402344,112.77224731445312
2020-06-16,113.2249984741211,113.4280014038086,112.75153350830078,113.22431182861328
2020-06-17,112.87200164794922,113.19127655029297,112.535400390625,112.90499877929688
2020-06-18,112.61900329589844,112.875,112.14800262451172,112.65899658203125
2020-06-19,112.37381744384766,112.5770034790039,112.24297332763672,112.39949035644531
2020-06-22,112.14600372314453,112.8740005493164,112.13065338134766,112.15699768066406
2020-06-23,112.88842010498047,113.41999816894531,112.4739990234375,112.88887023925781
2020-06-24,112.66899871826172,112.98670959472656,112.52397918701172,112.67207336425781
2020-06-25,112.87699890136719,113.1272964477539,112.78433990478516,112.88600158691406
2020-06-26,112.98100280761719,113.07499694824219,112.64810943603516,112.98400115966797
2020-06-29,113.1050033569336,113.5989990234375,113.00489044189453,113.10299682617188
2020-06-30,113.1314697265625,113.89990997314453,112.94216918945312,113.11900329589844
2020-07-01,113.99199676513672,114.14399719238281,113.17659759521484,114.00599670410156
2020-07-02,113.51502227783203,113.98567962646484,113.47000122070312,113.51383209228516
2020-07-03,113.68900299072266,113.80400085449219,113.50338745117188,113.6760025024414
2020-07-06,113.84803771972656,114.53498840332031,113.84803771972656,113.83300018310547
2020-07-07,113.9540023803711,114.34300231933594,113.83999633789062,113.97799682617188
2020-07-08,114.11450958251953,114.614501953125,114.0479965209961,114.14099884033203
2020-07-09,114.2993392944336,114.58599853515625,114.05516815185547,114.31719970703125
2020-07-10,114.01950073242188,114.01950073242188,113.29000091552734,114.02899932861328
2020-07-13,113.65599822998047,113.99099731445312,113.55999755859375,113.6500015258789
2020-07-14,113.91899871826172,114.31596374511719,113.69759368896484,113.8777084350586
2020-07-15,114.15644836425781,114.18000030517578,113.15057373046875,114.1515884399414
2020-07-16,113.21927642822266,113.56500244140625,113.00390625,113.18000030517578
2020-07-17,113.47119903564453,114.07376098632812,113.30477142333984,113.46800231933594
2020-07-20,114.07005310058594,114.35299682617188,113.90715026855469,114.11399841308594
2020-07-21,114.18199920654297,114.48600006103516,113.99691009521484,114.16210174560547
2020-07-22,114.572998046875,115.38229370117188,114.46942138671875,114.56400299072266
2020-07-23,115.24418640136719,115.65699768066406,115.2300033569336,115.26300048828125
2020-07-24,115.44873809814453,115.4522705078125,114.50393676757812,115.44000244140625
2020-07-27,115.04720306396484,115.26699829101562,114.0912094116211,115.06300354003906
2020-07-28,114.48500061035156,114.7962875366211,114.33999633789062,114.47783660888672
2020-07-29,114.4800033569336,114.9530029296875,114.30609130859375,114.4800033569336
2020-07-30,115.0979995727539,115.29570007324219,114.82514953613281,115.10453033447266
2020-07-31,115.19300079345703,116.26899719238281,114.8989028930664,115.18681335449219
2020-08-03,115.73967742919922,116.09819030761719,115.01499938964844,115.87487030029297
2020-08-04,115.54151916503906,116.0014877319336,115.33799743652344,115.5469970703125
2020-08-05,115.70999908447266,116.50279235839844,115.5743637084961,115.72899627685547
2020-08-06,116.23200225830078,116.3499984741211,115.59684753417969,116.24199676513672
2020-08-07,115.99600219726562,116.04522705078125,115.45651245117188,116.01799774169922
2020-08-10,115.95893859863281,116.00318145751953,115.53398895263672,115.96199798583984
2020-08-11,115.7738265991211,116.4209976196289,115.74616241455078,115.75173950195312
2020-08-12,116.052001953125,117.40799713134766,115.98999786376953,116.10800170898438
2020-08-13,117.15699768066406,117.59300231933594,117.06877136230469,117.15299987792969
2020-08-14,117.5790023803711,117.60948944091797,116.97000122070312,117.60299682617188
2020-08-17,117.24240112304688,117.42500305175781,116.93000030517578,117.24199676513672
2020-08-18,116.9020004272461,116.90962219238281,116.47264862060547,116.92395782470703
2020-08-19,116.53700256347656,116.90299987792969,115.96700286865234,116.55000305175781
2020-08-20,115.92646026611328,116.53711700439453,115.83431243896484,115.9540023803711
2020-08-21,116.48928833007812,116.59200286865234,115.80171203613281,116.46810150146484
2020-08-24,116.11199951171875,116.60169982910156,115.85199737548828,116.07830047607422
2020-08-25,116.19000244140625,117.26399993896484,116.16034698486328,116.22953033447266
2020-08-26,117.177001953125,117.37799835205078,116.62999725341797,117.16911315917969
2020-08-27,116.63899993896484,117.28299713134766,116.37899780273438,116.63626861572266
2020-08-28,117.29499816894531,117.85800170898438,116.33300018310547,117.27066040039062
2020-08-31,116.76107025146484,117.78900146484375,116.52684020996094,116.76000213623047
2020-09-01,117.24186706542969,117.47821044921875,116.58538818359375,117.25032043457031
2020-09-02,116.40599822998047,116.66790008544922,116.13500213623047,116.43643188476562
2020-09-03,116.50213623046875,117.0,116.25816345214844,116.53299713134766
2020-09-04,116.58270263671875,116.78324890136719,116.07499694824219,116.55999755859375
2020-09-07,116.34300231933594,116.45800018310547,115.9471664428711,116.34961700439453
2020-09-08,115.97093963623047,115.9800033569336,115.29000091552734,115.99600219726562
2020-09-09,115.41500091552734,116.43599700927734,115.14929962158203,115.42500305175781
2020-09-10,116.46499633789062,117.28983306884766,116.29000091552734,116.45500183105469
2020-09-11,116.61399841308594,116.97599792480469,116.58899688720703,116.5989990234375
2020-09-14,116.763427734375,116.90592956542969,116.41336822509766,116.7501220703125
2020-09-15,116.3697509765625,116.76599884033203,115.98484802246094,116.37999725341797
2020-09-16,115.95600128173828,116.16004943847656,115.34587097167969,115.97786712646484
2020-09-17,115.3459701538086,115.34700012207031,114.73921203613281,115.36399841308594
2020-09-18,115.2853775024414,115.46499633789062,114.53148651123047,115.27490234375
2020-09-21,114.69000244140625,114.77400207519531,113.71778106689453,114.71700286865234
2020-09-22,114.3755874633789,114.45012664794922,114.03069305419922,114.37899780273438
2020-09-23,114.19599914550781,114.25800323486328,113.91554260253906,114.16600036621094
2020-09-24,113.99967193603516,114.36100006103516,113.65614318847656,113.94999694824219
2020-09-25,113.7300033569336,113.9000015258789,113.53299713134766,113.76300048828125
2020-09-28,113.70979309082031,114.07637023925781,113.2665023803711,113.7249526977539
2020-09-29,114.09423828125,114.8555908203125,114.02300262451172,114.12699890136719
2020-09-30,114.88999938964844,115.03399658203125,114.36499786376953,114.87999725341797
2020-10-01,114.4678726196289,115.16200256347656,114.45478057861328,114.49199676513672
2020-10-02,114.85738372802734,114.87200164794922,114.04296112060547,114.82599639892578
2020-10-05,114.93499755859375,115.50433349609375,114.77912139892578,114.9229965209961
2020-10-06,115.50499725341797,115.70082092285156,115.31694793701172,115.48600769042969
2020-10-07,115.12999725341797,115.73999786376953,115.0,115.0999984741211
2020-10-08,115.54503631591797,115.72817993164062,115.210693359375,115.5469970703125
2020-10-09,115.62799835205078,116.14600372314453,115.48899841308594,115.58999633789062
2020-10-12,115.98418426513672,116.06199645996094,115.68447875976562,116.01085662841797
2020-10-13,115.87699890136719,115.95999908447266,115.33999633789062,115.86126708984375
2020-10-14,115.23999786376953,115.39600372314453,115.04000091552734,115.22000122070312
2020-10-15,115.08618927001953,115.31867218017578,115.0009994506836,115.09935760498047
2020-10-16,115.16600036621094,115.42841339111328,114.86599731445312,115.18499755859375
2020-10-19,115.2030029296875,115.98300170898438,115.03961944580078,115.19281768798828
2020-10-20,115.79399871826172,116.5719985961914,115.79399871826172,115.80906677246094
2020-10-21,116.29973602294922,116.36507415771484,115.49400329589844,116.30000305175781
2020-10-22,115.5036392211914,115.63746643066406,115.27951049804688,115.53600311279297
2020-10-23,115.57373809814453,115.90043640136719,115.2300033569336,115.58383178710938
2020-10-26,115.73484802246094,115.94795989990234,115.51338195800781,115.71800231933594
2020-10-27,115.41309356689453,115.5719985961914,115.00325775146484,115.44246673583984
2020-10-28,115.00199890136719,115.00199890136719,114.19026184082031,115.0
2020-10-29,114.53083801269531,114.87899780273438,114.08085632324219,114.52999877929688
2020-10-30,114.20099639892578,114.42872619628906,113.78085327148438,114.22100067138672
2020-11-02,114.04206085205078,114.33999633789062,113.78887176513672,114.00486755371094
2020-11-03,113.96250915527344,114.63500213623047,113.80440521240234,113.96900177001953
2020-11-04,114.76570129394531,114.89781951904297,114.21800231933594,114.78572082519531
2020-11-05,114.53700256347656,114.9229965209961,114.28018188476562,114.55400085449219
2020-11-06,114.5071792602539,115.03851318359375,114.37786865234375,114.54553985595703
2020-11-09,114.813720703125,116.07499694824219,114.75747680664062,114.80329895019531
2020-11-10,115.20087432861328,115.34370422363281,114.83899688720703,115.18499755859375
2020-11-11,115.03399658203125,115.2040023803711,114.74333953857422,115.02228546142578
2020-11-12,114.98796081542969,115.3280029296875,114.6996078491211,114.98500061035156
2020-11-13,114.85648345947266,114.96099853515625,114.48944854736328,114.85002899169922
2020-11-16,114.72799682617188,114.99555969238281,114.47000122070312,114.7502212524414
2020-11-17,114.53153991699219,114.64566802978516,114.29100036621094,114.56904602050781
2020-11-18,114.28900146484375,114.29766845703125,113.83245086669922,114.2699966430664
2020-11-19,113.9229965209961,114.10140228271484,113.75,113.90662384033203
2020-11-20,113.93436431884766,114.19328308105469,113.79761505126953,113.95999908447266
2020-11-23,113.99481964111328,114.41403198242188,113.90809631347656,113.99800109863281
2020-11-24,114.58300018310547,114.84403228759766,114.15345764160156,114.55293273925781
2020-11-25,114.71700286865234,114.83599853515625,114.22899627685547,114.72653198242188
2020-11-26,114.927001953125,115.09748840332031,114.63843536376953,114.94100189208984
2020-11-27,114.98600006103516,115.0344467163086,114.56937408447266,114.99199676513672
2020-11-30,115.10044860839844,115.61508178710938,114.9000015258789,115.08765411376953
2020-12-01,114.83499908447266,115.9762954711914,114.80683898925781,114.83200073242188
2020-12-02,115.91100311279297,116.79762268066406,115.83999633789062,115.9530029296875
2020-12-03,116.74500274658203,116.9157485961914,116.46199798583984,116.73999786376953
2020-12-04,116.54399871826172,117.0232162475586,116.45999908447266,116.54399871826172
2020-12-07,116.81141662597656,117.16200256347656,116.56967163085938,116.83732604980469
2020-12-08,116.73100280761719,117.20095825195312,116.67130279541016,116.76699829101562
2020-12-09,117.17900085449219,117.42500305175781,117.04000091552734,117.16659545898438
2020-12-10,117.24400329589844,117.73970031738281,117.1778793334961,117.21600341796875
2020-12-11,117.5718002319336,117.5718002319336,116.6386947631836,117.58599853515625
2020-12-14,116.98648071289062,117.3239974975586,116.84721374511719,116.95709991455078
2020-12-15,117.2699966430664,117.59424591064453,116.87535095214844,117.26000213623047
2020-12-16,116.98999786376953,117.09500122070312,116.75022888183594,117.01000213623047
2020-12-17,116.87000274658203,116.9219970703125,116.37588500976562,116.86599731445312
2020-12-18,116.55999755859375,117.16737365722656,116.54000091552734,116.52999877929688
2020-12-21,116.79208374023438,117.0479965209961,116.43000030517578,116.81500244140625
2020-12-22,116.65897369384766,116.89800262451172,116.38999938964844,116.65851593017578
2020-12-23,116.57056427001953,116.60900115966797,116.16483306884766,116.58300018310547
2020-12-24,116.58999633789062,116.76100158691406,116.24600219726562,116.61900329589844
2020-12-25,116.36000061035156,116.66600036621094,114.64099884033203,116.02300262451172
2020-12-28,116.38561248779297,117.46076965332031,116.14884185791016,116.38300323486328
2020-12-29,116.70999908447266,117.25,116.70999908447266,116.74199676513672
2020-12-30,117.11260986328125,118.18016815185547,116.46965789794922,117.08699798583984
2020-12-31,116.96800231933594,118.02560424804688,116.61661529541016,118.03740692138672
2021-01-01,107.52400207519531,117.3550033569336,107.52400207519531,117.18399810791016
2021-01-04,116.8871078491211,117.29024505615234,116.4372787475586,116.88999938964844
2021-01-05,117.02130889892578,117.12300109863281,116.73706817626953,117.0199966430664
2021-01-06,116.93599700927734,117.47200012207031,116.79753112792969,116.89915466308594
2021-01-07,117.31300354003906,117.51343536376953,117.21800231933594,117.32605743408203
2021-01-08,117.22599792480469,117.56253814697266,117.05400085449219,117.25129699707031
2021-01-11,117.25615692138672,117.37432098388672,116.89276123046875,117.24885559082031
2021-01-12,117.01995849609375,117.22701263427734,116.91996765136719,117.04900360107422
2021-01-13,117.0833969116211,117.18941497802734,116.86900329589844,117.0790023803711
2021-01-14,117.0459976196289,117.28099822998047,116.74057006835938,117.03629302978516
2021-01-15,116.88899993896484,116.89199829101562,116.58627319335938,116.875
2021-01-18,116.4280014038086,116.56707000732422,116.26427459716797,116.43399810791016
2021-01-19,116.37999725341797,117.25900268554688,116.36000061035156,116.39700317382812
2021-01-20,116.97798919677734,117.02999877929688,116.24250793457031,116.98081970214844
2021-01-21,116.4489974975586,116.96632385253906,116.29000091552734,116.43399810791016
2021-01-22,116.9219970703125,117.28399658203125,116.90499877929688,116.87471008300781
2021-01-25,117.18599700927734,117.26100158691406,116.72627258300781,117.20443725585938
2021-01-26,116.80789947509766,116.85175323486328,116.62109375,116.8431396484375
2021-01-27,116.836181640625,117.1050033569336,116.74786376953125,116.84500122070312
2021-01-28,117.11100006103516,117.56600189208984,117.03218078613281,117.11799621582031
2021-01-29,117.37999725341797,117.99500274658203,117.37281799316406,117.3489990234375
2021-02-01,117.44842529296875,117.50299835205078,117.05026245117188,117.4239501953125
2021-02-02,116.96299743652344,117.21556854248047,116.87300109863281,116.9729995727539
2021-02-03,116.96700286865234,117.00599670410156,116.7158432006836,116.97699737548828
2021-02-04,116.86431121826172,116.875,116.59393310546875,116.83918762207031
2021-02-05,116.75700378417969,117.23300170898438,116.66712951660156,116.76000213623047
2021-02-08,117.21507263183594,117.32599639892578,116.9642105102539,117.21430969238281
2021-02-09,117.0770034790039,117.16617584228516,116.88609313964844,117.06600189208984
2021-02-10,117.16100311279297,117.72200775146484,117.10270690917969,117.13999938964844
2021-02-11,117.49199676513672,117.69690704345703,117.4000015258789,117.49500274658203
2021-02-12,117.66799926757812,117.8707046508789,117.53544616699219,117.65799713134766
2021-02-15,117.77799987792969,118.38639831542969,117.70999908447266,117.78900146484375
2021-02-16,118.40899658203125,118.81800079345703,118.40899658203125,118.41899871826172
2021-02-17,118.76139831542969,118.80455780029297,117.71746063232422,118.75526428222656
2021-02-18,117.79199981689453,117.98827362060547,117.68499755859375,117.8010025024414
2021-02-19,117.91096496582031,118.07207489013672,117.68309783935547,117.90799713134766
2021-02-22,117.66600036621094,117.79100036621094,117.1259994506836,117.65599822998047
2021-02-23,117.21700286865234,117.40399932861328,116.53399658203125,117.19999694824219
2021-02-24,116.29187774658203,116.85307312011719,116.23699951171875,116.3030014038086
2021-02-25,116.8290023803711,117.6448745727539,116.79000091552734,116.80000305175781
2021-02-26,117.47298431396484,117.75939178466797,117.03800201416016,117.45800018310547
2021-03-01,117.33505249023438,117.43800354003906,116.35599517822266,117.34992980957031
2021-03-02,116.75811767578125,116.79199981689453,116.27300262451172,116.76399993896484
2021-03-03,116.64918518066406,116.8550033569336,116.34933471679688,116.63700103759766
2021-03-04,116.35455322265625,116.57025909423828,116.01399993896484,116.35552215576172
2021-03-05,116.16200256347656,116.92623138427734,116.02999877929688,116.15599822998047
2021-03-08,116.51899719238281,116.55799865722656,116.06504821777344,116.53702545166016
2021-03-09,116.35299682617188,116.97154235839844,116.19541931152344,116.36000061035156
2021-03-10,116.9502182006836,117.13166809082031,116.4803695678711,116.96700286865234
2021-03-11,116.61100006103516,117.39600372314453,116.54000091552734,116.61199951171875
2021-03-12,117.38999938964844,117.52300262451172,116.95433044433594,117.39552307128906
2021-03-15,117.38800048828125,117.59700012207031,117.20999908447266,117.38461303710938
2021-03-16,117.62799835205078,118.0739974975586,117.44808197021484,117.62000274658203
2021-03-17,117.85801696777344,117.93800354003906,117.478759765625,117.84099578857422
2021-03-18,118.05703735351562,118.1510009765625,117.29432678222656,118.06700134277344
2021-03-19,117.43710327148438,117.57413482666016,116.88792419433594,117.45072174072266
2021-03-22,117.07847595214844,117.83512115478516,116.77999877929688,117.04299926757812
2021-03-23,117.79199981689453,117.7979965209961,116.35165405273438,117.8030014038086
2021-03-24,116.12699890136719,116.36699676513672,115.91000366210938,116.10221862792969
2021-03-25,116.19157409667969,116.65534973144531,116.1520004272461,116.1966552734375
2021-03-26,116.19200134277344,116.75760650634766,116.06205749511719,116.1989974975586
2021-03-29,116.83715057373047,117.01100158691406,116.4280014038086,116.83623504638672
2021-03-30,116.9540023803711,117.2020034790039,116.84925079345703,116.95800018310547
2021-03-31,117.09500122070312,117.66600036621094,117.06900024414062,117.11491394042969
2021-04-01,117.31800079345703,117.5459976196289,116.93061828613281,117.32061767578125
2021-04-02,117.41300201416016,117.56076049804688,117.27200317382812,117.39900207519531
2021-04-05,117.4520034790039,117.65807342529297,117.18000030517578,117.45999908447266
2021-04-06,117.73100280761719,117.84300231933594,117.38200378417969,117.71099853515625
2021-04-07,117.88859558105469,118.34600067138672,117.75499725341797,117.93477630615234
2021-04-08,118.18900299072266,118.20500183105469,117.62460327148438,118.18199920654297
2021-04-09,118.2641830444336,118.56400299072266,118.11000061035156,118.28800201416016
2021-04-12,118.51426696777344,118.70233917236328,118.14385986328125,118.5343246459961
2021-04-13,118.56999969482422,118.73100280761719,118.05899810791016,118.57521057128906
2021-04-14,118.3489990234375,118.57848358154297,117.95510864257812,118.34712219238281
2021-04-15,117.97575378417969,118.0739974975586,117.65961456298828,118.0009994506836
2021-04-16,117.85882568359375,118.58799743652344,117.78099822998047,117.88082885742188
2021-04-19,118.08694458007812,118.44300079345703,117.81999969482422,118.08599853515625
2021-04-20,118.15277862548828,118.61344909667969,118.01899719238281,118.12176513671875
2021-04-21,118.02899932861328,118.02899932861328,117.56999969482422,118.03299713134766
2021-04-22,117.85173797607422,118.13700103759766,117.59587860107422,117.84688568115234
2021-04-23,117.70745086669922,118.0011215209961,117.48470306396484,117.73382568359375
2021-04-26,118.0291748046875,118.29399871826172,117.72626495361328,118.01093292236328
2021-04-27,118.25,118.86699676513672,118.09799194335938,118.27999877929688
2021-04-28,118.96800231933594,119.31121826171875,118.73509979248047,118.98199462890625
2021-04-29,119.33847045898438,120.10562133789062,119.28189849853516,119.37665557861328
2021-04-30,119.81584167480469,119.97576141357422,119.58280181884766,119.81199645996094
2021-05-03,119.69102478027344,120.15547943115234,119.39600372314453,119.69000244140625
2021-05-04,119.66200256347656,119.81230163574219,119.45555877685547,119.66000366210938
2021-05-05,119.64022064208984,119.75,119.26458740234375,119.6520004272461
2021-05-06,119.57099914550781,120.35399627685547,119.54000091552734,119.60320281982422
2021-05-07,120.10391235351562,120.45066833496094,120.04000091552734,120.13532257080078
2021-05-10,120.5530014038086,121.05594635009766,120.53600311279297,120.5567855834961
2021-05-11,120.83300018310547,120.95500183105469,120.15799713134766,120.83988952636719
2021-05-12,120.29100036621094,120.65015411376953,120.12023162841797,120.26497650146484
2021-05-13,120.69499969482422,121.047607421875,120.5,120.6520004272461
2021-05-14,120.88500213623047,121.3245849609375,120.82998657226562,120.8759994506836
2021-05-17,121.3529281616211,121.38227081298828,121.01261901855469,121.36399841308594
2021-05-18,120.9520034790039,121.50896453857422,120.84676361083984,120.91600036621094
2021-05-19,121.27025604248047,121.50814056396484,120.52970886230469,121.28700256347656
2021-05-20,120.84700012207031,121.09654998779297,120.6500015258789,120.85299682617188
2021-05-21,121.2300033569336,121.4489974975586,120.9534683227539,121.27400207519531
2021-05-24,121.33757019042969,121.41500091552734,121.03700256347656,121.3499984741211
2021-05-25,121.32099914550781,121.81548309326172,121.21221923828125,121.33999633789062
2021-05-26,121.49199676513672,121.75963592529297,121.3484878540039,121.46099853515625
2021-05-27,121.59600067138672,122.3219985961914,121.39203643798828,121.59700012207031
2021-05-28,122.42755126953125,122.50399780273438,121.88862609863281,122.4010009765625
2021-05-31,122.09700012207031,122.09700012207031,121.60600280761719,122.08799743652344
2021-06-01,121.86245727539062,122.25299072265625,121.67485046386719,121.86799621582031
2021-06-02,122.03900146484375,122.30509185791016,121.73067474365234,122.04299926757812
2021-06-03,122.0009994506836,122.13652038574219,121.73999786376953,122.0
2021-06-04,122.0486831665039,122.06879425048828,121.65648651123047,122.01651000976562
2021-06-07,121.88099670410156,121.88099670410156,121.44000244140625,121.89727783203125
2021-06-08,121.7131118774414,122.16670227050781,121.67184448242188,121.68828582763672
2021-06-09,122.0530014038086,122.44999694824219,121.95077514648438,122.01923370361328
2021-06-10,122.35932922363281,122.53299713134766,122.06729125976562,122.31999969482422
2021-06-11,122.26996612548828,122.47200012207031,121.96710205078125,122.27945709228516
2021-06-14,122.2048568725586,122.34400177001953,121.86499786376953,122.16807556152344
2021-06-15,122.3504867553711,122.75186157226562,122.23999786376953,122.34500122070312
2021-06-16,122.49700164794922,122.57719421386719,122.08999633789062,122.50299835205078
2021-06-17,121.88099670410156,121.92024993896484,120.14319610595703,121.88800048828125
2021-06-18,120.2030029296875,120.2030029296875,119.40799713134766,120.21199798583984
2021-06-21,119.428466796875,120.0530014038086,118.87476348876953,119.41999816894531
2021-06-22,120.1510009765625,120.41500091552734,119.87553405761719,120.1231689453125
2021-06-23,120.4739990234375,120.98400115966797,120.4000015258789,120.43850708007812
2021-06-24,120.85173797607422,120.97000122070312,120.48999786376953,120.8499984741211
2021-06-25,120.78984832763672,120.93900299072266,120.6200942993164,120.7699966430664
2021-06-28,120.84794616699219,120.85099792480469,120.21085357666016,120.87531280517578
2021-06-29,120.26499938964844,120.33599853515625,119.8051986694336,120.26300048828125
2021-06-30,119.98731994628906,120.09349822998047,119.62186431884766,120.01899719238281
2021-07-01,120.09600067138672,120.65333557128906,119.91024017333984,120.11000061035156
2021-07-02,120.50399780273438,120.63972473144531,120.25299835205078,120.49099731445312
2021-07-05,120.53689575195312,120.60184478759766,120.2300033569336,120.53791809082031
2021-07-06,120.24954223632812,120.47899627685547,119.59160614013672,120.22888946533203
2021-07-07,119.552001953125,120.03299713134766,119.38426971435547,119.5989990234375
2021-07-08,119.51200103759766,120.03644561767578,119.00800323486328,119.50700378417969
2021-07-09,120.00700378417969,120.42406463623047,119.90083312988281,120.02113342285156
2021-07-12,120.55999755859375,120.62300109863281,120.17034912109375,120.56062316894531
2021-07-13,120.56087493896484,120.72147369384766,120.05894470214844,120.56069946289062
2021-07-14,120.34295654296875,120.4547348022461,120.04218292236328,120.34400177001953
2021-07-15,120.23699951171875,120.40799713134766,119.76036834716797,120.23002624511719
2021-07-16,119.58499908447266,120.0260009765625,119.57499694824219,119.58839416503906
2021-07-19,119.59784698486328,119.64299774169922,118.92527770996094,119.60399627685547
2021-07-20,119.21700286865234,119.44499969482422,118.64299774169922,119.21499633789062
2021-07-21,119.32499694824219,120.13200378417969,119.09223175048828,119.31815338134766
2021-07-22,120.12100219726562,120.26200103759766,119.66999816894531,120.1280517578125
2021-07-23,119.81600189208984,120.14299774169922,119.77999877929688,119.82599639892578
2021-07-26,120.19599914550781,120.44635009765625,119.86299896240234,120.19999694824219
2021-07-27,120.44999694824219,120.54100036621094,119.86785888671875,120.45999908447266
2021-07-28,120.08499908447266,120.53600311279297,119.91000366210938,120.0719985961914
2021-07-29,120.76811981201172,121.03600311279297,120.54000091552734,120.78099822998047
2021-07-30,120.76599884033203,121.15670776367188,120.67453002929688,120.76000213623047
2021-08-02,121.05999755859375,121.1949691772461,120.62616729736328,121.09400177001953
2021-08-03,120.66999816894531,121.00967407226562,120.41349029541016,120.69499969482422
2021-08-04,120.56846618652344,120.93099975585938,120.40351104736328,120.5805892944336
2021-08-05,120.81182861328125,121.09940338134766,120.7090072631836,120.78955078125
2021-08-06,121.03800201416016,121.12091064453125,120.5374755859375,121.04399871826172
2021-08-09,120.41035461425781,120.47200012207031,119.8759994506836,120.4010009765625
2021-08-10,119.76280975341797,120.01899719238281,119.63607025146484,119.75
2021-08-11,119.8290023803711,119.99593353271484,119.74099731445312,119.81124877929688
2021-08-12,119.73899841308594,119.8280029296875,119.44999694824219,119.7509994506836
2021-08-13,119.599609375,119.9223403930664,119.37999725341797,119.57655334472656
2021-08-16,119.72100067138672,119.80899810791016,119.32725524902344,119.7300033569336
2021-08-17,119.73999786376953,120.11479949951172,119.58200073242188,119.75930786132812
2021-08-18,119.71499633789062,120.07660675048828,119.56262969970703,119.71199798583984
2021-08-19,119.71199798583984,119.84400177001953,119.43921661376953,119.70099639892578
2021-08-20,119.45899963378906,119.80769348144531,119.39099884033203,119.44499969482422
2021-08-23,119.78370666503906,120.3030014038086,119.71294403076172,119.72000122070312
2021-08-24,120.2024917602539,120.33818817138672,120.05390167236328,120.19200134277344
2021-08-25,120.1760025024414,120.44193267822266,119.89906311035156,120.1471939086914
2021-08-26,120.36599731445312,120.41999816894531,119.79332733154297,120.3550033569336
2021-08-27,119.86199951171875,120.48600006103516,119.75,119.86469268798828
2021-08-30,120.5199966430664,120.5999984741211,119.69200134277344,120.5270004272461
2021-08-31,119.86455535888672,120.40899658203125,119.79532623291016,119.86199951171875
2021-09-01,120.22699737548828,120.39399719238281,119.92925262451172,120.20669555664062
2021-09-02,120.26300048828125,120.29926300048828,119.97560119628906,120.23699951171875
2021-09-03,120.21499633789062,120.40608978271484,119.94300079345703,120.20735931396484
2021-09-06,120.11599731445312,120.12799835205078,119.78864288330078,120.0979995727539
2021-09-07,120.02595520019531,120.33938598632812,119.94944763183594,120.03056335449219
2021-09-08,119.94100189208984,120.00900268554688,119.5110855102539,119.94599914550781
2021-09-09,119.5199966430664,119.82575988769531,119.44380187988281,119.55799865722656
2021-09-10,119.73247528076172,120.08409881591797,119.65360260009766,119.76100158691406
2021-09-13,119.69000244140625,119.72599792480469,119.11000061035156,119.71051788330078
2021-09-14,119.25700378417969,119.64099884033203,119.17707824707031,119.2431640625
2021-09-15,119.23200225830078,119.23999786376953,118.822998046875,119.23899841308594
2021-09-16,118.92009735107422,118.95999908447266,118.1257553100586,118.92400360107422
2021-09-17,118.21683502197266,118.68161010742188,117.98673248291016,118.27066802978516
2021-09-20,117.98200225830078,118.07060241699219,117.5384750366211,117.9693603515625
2021-09-21,117.94200134277344,118.48300170898438,117.92884063720703,117.95099639892578
2021-09-22,118.16999816894531,118.84622955322266,118.16500091552734,118.16141510009766
2021-09-23,118.53500366210938,119.427001953125,118.44999694824219,118.53050231933594
2021-09-24,119.31999969482422,119.72899627685547,119.3030014038086,119.30339050292969
2021-09-27,119.77102661132812,119.92028045654297,119.24199676513672,119.78570556640625
2021-09-28,119.84700012207031,120.20341491699219,119.76449584960938,119.85900115966797
2021-09-29,120.00598907470703,120.15699768066406,119.67508697509766,120.01335144042969
2021-09-30,119.77999877929688,119.94200134277344,119.35238647460938,119.7979965209961
2021-10-01,119.51000213623047,119.62200164794922,119.00377655029297,119.51799774169922
2021-10-04,119.33999633789062,120.25599670410156,119.25,119.33499908447266
2021-10-05,119.96659088134766,120.25499725341797,119.82099914550781,119.95542907714844
2021-10-06,120.08627319335938,120.23899841308594,119.72421264648438,120.0649185180664
2021-10-07,120.06900024414062,120.37054443359375,119.9800033569336,120.0780029296875
2021-10-08,120.25299835205078,120.96900177001953,120.1904296875,120.23287963867188
2021-10-11,120.99199676513672,122.31999969482422,120.99199676513672,120.98434448242188
2021-10-12,122.23564910888672,122.32318115234375,122.0199966430664,122.22799682617188
2021-10-13,121.99099731445312,122.58100128173828,121.93000030517578,121.99199676513672
2021-10-14,122.60099792480469,123.29199981689453,122.60099792480469,122.58949279785156
2021-10-15,123.14092254638672,123.87200164794922,123.13200378417969,123.12635040283203
2021-10-18,123.74041748046875,123.8052978515625,123.36815643310547,123.77999877929688
2021-10-19,123.7543716430664,124.26334381103516,123.6240005493164,123.73403930664062
2021-10-20,124.0732650756836,124.2886734008789,123.60987091064453,124.08392333984375
2021-10-21,124.46931457519531,124.46931457519531,123.9020004272461,124.44449615478516
2021-10-22,123.9650650024414,124.375,123.82914733886719,123.99299621582031
2021-10-25,123.98400115966797,124.197998046875,123.52649688720703,123.99099731445312
2021-10-26,123.63999938964844,124.20181274414062,123.55584716796875,123.66300201416016
2021-10-27,124.13800048828125,124.19300079345703,123.55723571777344,124.13500213623047
2021-10-28,123.90399932861328,124.27113342285156,123.51699829101562,123.90799713134766
2021-10-29,124.63300323486328,125.02025604248047,124.2699966430664,124.5999984741211
2021-11-01,124.68099975585938,125.46099853515625,124.47000122070312,124.67900085449219
2021-11-02,125.45999908447266,125.45999908447266,124.33332824707031,125.4576187133789
2021-11-03,124.56900024414062,125.12200164794922,124.45999908447266,124.54039001464844
2021-11-04,125.16500091552734,125.21499633789062,124.29220581054688,125.15699768066406
2021-11-05,124.70894622802734,124.70894622802734,123.94084167480469,124.7229995727539
2021-11-08,124.39700317382812,124.50499725341797,123.60287475585938,124.41500091552734
2021-11-09,123.97799682617188,123.98699951171875,123.40786743164062,123.98500061035156
2021-11-10,123.92900085449219,124.48100280761719,123.60507202148438,123.9209976196289
2021-11-11,124.05000305175781,124.21700286865234,123.39892578125,124.06800079345703
2021-11-12,123.7770004272461,123.91999816894531,123.37931823730469,123.77979278564453
2021-11-15,123.73899841308594,123.94100189208984,123.51142883300781,123.72599792480469
2021-11-16,123.33348846435547,123.63899993896484,123.01499938964844,123.32398223876953
2021-11-17,123.49240112304688,123.50499725341797,123.02385711669922,123.49400329589844
2021-11-18,122.97852325439453,123.45684814453125,122.81999969482422,122.96600341796875
2021-11-19,123.47455596923828,123.49724578857422,122.46399688720703,123.43872833251953
2021-11-22,122.80400085449219,123.41939544677734,122.69103240966797,122.80400085449219
2021-11-23,123.08257293701172,123.49600219726562,123.00981903076172,123.0739974975586
2021-11-24,123.35700225830078,123.38500213623047,122.79220581054688,123.34200286865234
2021-11-25,123.55000305175781,123.69781494140625,123.22200775146484,123.53877258300781
2021-11-26,122.98999786376953,123.33200073242188,122.55374145507812,122.9800033569336
2021-11-29,122.97435760498047,123.1050033569336,122.17342376708984,123.00743865966797
2021-11-30,123.31300354003906,123.35199737548828,122.59100341796875,123.28904724121094
2021-12-01,123.1729965209961,123.51332092285156,122.6500015258789,123.2003173828125
2021-12-02,122.59100341796875,123.05000305175781,122.56199645996094,122.6017074584961
2021-12-03,122.85600280761719,123.50110626220703,122.7969970703125,122.86000061035156
2021-12-06,123.01000213623047,123.01000213623047,122.40019226074219,123.05400085449219
2021-12-07,122.5615005493164,123.10308074951172,122.5229721069336,122.57323455810547
2021-12-08,122.7770004272461,123.51834869384766,122.67993927001953,122.78700256347656
2021-12-09,123.55899810791016,123.64682006835938,122.4990463256836,123.5230712890625
2021-12-10,122.81199645996094,123.14215850830078,122.6812515258789,122.78848266601562
2021-12-13,123.1935043334961,123.22161865234375,122.78864288330078,123.1989974975586
2021-12-14,123.08952331542969,123.54776000976562,122.9513168334961,123.1240005493164
2021-12-15,123.06500244140625,123.1760025024414,122.83000183105469,123.06999969482422
2021-12-16,123.46700286865234,123.96126556396484,123.24176788330078,123.45800018310547
2021-12-17,123.68599700927734,123.7959976196289,122.98999786376953,123.6719970703125
2021-12-20,122.94400024414062,123.34500122070312,122.66730499267578,122.92659759521484
2021-12-21,123.28661346435547,123.55252838134766,123.19000244140625,123.302001953125
2021-12-22,123.49464416503906,124.18073272705078,123.37139129638672,123.48580169677734
2021-12-23,124.1059341430664,124.57499694824219,123.93708801269531,124.1227035522461
2021-12-24,124.48519897460938,124.75399780273438,124.22714233398438,124.4729995727539
2021-12-27,124.41400146484375,125.20700073242188,124.35199737548828,124.41999816894531
2021-12-28,125.13700103759766,125.38200378417969,124.93000030517578,125.13470458984375
2021-12-29,125.13009643554688,125.84700012207031,124.99518585205078,125.12999725341797
2021-12-30,125.75,126.02862548828125,125.40682220458984,125.7509994506836
2021-12-31,125.89842224121094,126.45590209960938,125.83000183105469,125.88800048828125
2022-01-03,126.22599792480469,126.31832885742188,125.34091186523438,126.23400115966797
2022-01-04,125.55899810791016,127.0558853149414,125.54100036621094,125.5712661743164
2022-01-05,126.77580261230469,126.81234741210938,126.3303451538086,126.78700256347656
2022-01-06,126.55799865722656,126.58899688720703,125.75442504882812,126.57099914550781
2022-01-07,125.74500274658203,125.88300323486328,125.4540023803711,125.73300170898438
2022-01-10,125.81300354003906,125.90299987792969,124.25975036621094,125.81175231933594
2022-01-11,124.33300018310547,124.9469985961914,124.2453384399414,124.31800079345703
2022-01-12,124.8752212524414,125.61799621582031,124.74666595458984,124.87799835205078
2022-01-13,125.4285888671875,125.63751220703125,125.17810821533203,125.43199920654297
2022-01-14,125.20999908447266,125.28299713134766,124.52234649658203,125.24400329589844
2022-01-17,124.98179626464844,125.43199920654297,124.91400146484375,124.9695816040039
2022-01-18,125.33793640136719,125.65525817871094,124.91699981689453,125.33796691894531
2022-01-19,124.90499877929688,125.13969421386719,124.70186614990234,124.89102172851562
2022-01-20,124.87300109863281,125.1544189453125,124.51023864746094,124.8499984741211
2022-01-21,124.28199768066406,124.98899841308594,124.02799987792969,124.29927825927734
2022-01-24,124.68399810791016,124.81500244140625,124.36100006103516,124.66300201416016
2022-01-25,124.71600341796875,124.71600341796875,123.79376983642578,124.71648406982422
2022-01-26,124.0537338256836,124.32099914550781,123.8740005493164,124.05999755859375
2022-01-27,124.1500015258789,124.18702697753906,123.59017944335938,124.13839721679688
2022-01-28,123.90599822998047,124.20464324951172,123.76034545898438,123.87238311767578
2022-01-31,123.7229995727539,124.08899688720703,123.5393295288086,123.76699829101562
2022-02-01,124.16669464111328,124.54199981689453,124.04000091552734,124.16500091552734
2022-02-02,124.51000213623047,124.59600067138672,124.19293975830078,124.55599975585938
2022-02-03,124.42400360107422,125.11775970458984,124.33999633789062,124.44400024414062
2022-02-04,124.89122772216797,125.0792007446289,124.37722778320312,124.88410186767578
2022-02-07,124.5342025756836,124.70893096923828,124.2264404296875,124.53399658203125
2022-02-08,124.62999725341797,125.06395721435547,124.62999725341797,124.6449966430664
2022-02-09,124.89399719238281,125.17667388916016,124.71846008300781,124.87650299072266
2022-02-10,125.039306640625,125.53404235839844,124.91000366210938,125.06915283203125
2022-02-11,125.3257827758789,125.36900329589844,124.86630249023438,125.35822296142578
2022-02-14,124.94400024414062,124.94400024414062,124.28524017333984,124.97335815429688
2022-02-15,124.95999908447266,125.3280029296875,124.69510650634766,124.95886993408203
2022-02-16,124.93800354003906,125.19400024414062,124.91000366210938,124.9310302734375
2022-02-17,125.1630859375,125.38600158691406,124.66248321533203,125.16200256347656
2022-02-18,124.85531616210938,125.1544418334961,124.72000122070312,124.86299896240234
2022-02-21,124.82394409179688,125.47100067138672,124.74433898925781,124.81410217285156
2022-02-22,125.08831787109375,125.31144714355469,124.80692291259766,125.11824035644531
2022-02-23,124.89900207519531,125.4920425415039,124.81120300292969,124.89225006103516
2022-02-24,125.22312927246094,125.31523895263672,124.00880432128906,125.2127914428711
2022-02-25,124.80238342285156,125.03739929199219,124.39973449707031,124.81012725830078
2022-02-28,124.6734390258789,125.62274932861328,124.49600219726562,124.69000244140625
2022-03-01,125.41200256347656,125.6500015258789,124.76713562011719,125.40799713134766
2022-03-02,124.98600006103516,125.64389038085938,124.92369842529297,125.00800323486328
2022-03-03,125.4483413696289,125.90209197998047,125.43499755859375,125.46939849853516
2022-03-04,125.7969970703125,125.90042114257812,124.82759094238281,125.79900360107422
2022-03-07,124.87784576416016,125.03816223144531,124.26699829101562,124.89800262451172
2022-03-08,124.66100311279297,124.9888687133789,124.2896957397461,124.6202392578125
2022-03-09,124.50700378417969,125.13284301757812,124.48799896240234,124.47599792480469
2022-03-10,125.08999633789062,125.2699966430664,124.69135284423828,125.08039855957031
2022-03-11,124.9739990234375,125.68499755859375,124.91999816894531,124.99400329589844
2022-03-14,125.69100189208984,126.42365264892578,125.55187225341797,125.71449279785156
2022-03-15,125.97351837158203,126.12999725341797,125.427001953125,125.94458770751953
2022-03-16,125.72599792480469,125.98532104492188,125.45899963378906,125.72200012207031
2022-03-17,126.24488067626953,126.7020034790039,126.03645324707031,126.23500061035156
2022-03-18,126.55955505371094,127.6729965209961,126.55955505371094,126.56199645996094
2022-03-21,127.8114242553711,128.19419860839844,127.52145385742188,127.82099914550781
2022-03-22,128.0237274169922,129.59300231933594,128.0237274169922,128.0363311767578
2022-03-23,129.91900634765625,129.96499633789062,129.04100036621094,129.9759979248047
2022-03-24,130.1278533935547,131.17300415039062,129.888916015625,130.11996459960938
2022-03-25,131.61599731445312,131.63609313964844,130.86300659179688,131.61099243164062
2022-03-28,131.31007385253906,133.5260009765625,131.13900756835938,131.31007385253906
2022-03-29,132.4320068359375,132.79330444335938,131.15408325195312,132.4320068359375
2022-03-30,132.21142578125,132.3313751220703,130.75416564941406,132.21142578125
2022-03-31,132.1580047607422,132.63999938964844,131.43800354003906,132.1580047607422
2022-04-01,131.87100219726562,132.86900329589844,131.841796875,131.87100219726562
2022-04-04,132.40699768066406,132.74208068847656,132.16107177734375,132.40699768066406
2022-04-05,132.58160400390625,132.9721221923828,132.13037109375,132.58160400390625
2022-04-06,133.00799560546875,133.27699279785156,132.5189971923828,133.00799560546875
2022-04-07,132.57965087890625,132.94570922851562,132.3388671875,132.57965087890625
2022-04-08,132.7823028564453,133.2050018310547,132.3687286376953,132.7823028564453
2022-04-11,133.1269989013672,134.88299560546875,133.01239013671875,133.1269989013672
2022-04-12,134.6880645751953,134.86399841308594,134.36680603027344,134.6880645751953
2022-04-13,134.45899963378906,135.40333557128906,134.4199981689453,134.45899963378906
2022-04-14,134.23500061035156,134.4340057373047,133.4278564453125,134.23500061035156
2022-04-15,133.5591278076172,134.33863830566406,133.63026428222656,133.5591278076172
2022-04-18,134.36013793945312,134.4290008544922,133.966552734375,134.36013793945312
2022-04-19,134.53399658203125,136.16200256347656,134.39700317382812,134.53399658203125
2022-04-20,135.82081604003906,135.79400634765625,134.65699768066406,135.82081604003906
2022-04-21,134.85699462890625,135.33399963378906,134.82373046875,134.85699462890625
2022-04-22,134.6269989013672,134.86480712890625,133.93057250976562,134.6269989013672
2022-04-25,134.56900024414062,134.66400146484375,133.0709991455078,134.55999755859375
2022-04-26,133.29200744628906,133.66299438476562,132.4409942626953,133.29200744628906
2022-04-27,132.2652130126953,132.8006591796875,132.03443908691406,132.2652130126953
2022-04-28,132.55078125,134.98800659179688,132.48500061035156,132.55078125
2022-04-29,134.60000610351562,134.6573486328125,133.34552001953125,134.60000610351562
2022-05-02,133.44000244140625,134.05599975585938,133.1697540283203,133.44000244140625
2022-05-03,133.09100341796875,133.60800170898438,132.77699279785156,133.09100341796875
2022-05-04,132.9425506591797,133.0279998779297,132.1840057373047,132.9425506591797
2022-05-05,132.76800537109375,132.95111083984375,132.01686096191406,132.76800537109375
2022-05-06,132.27099609375,132.67599487304688,131.84141540527344,132.27099609375
2022-05-09,132.12962341308594,132.34100341796875,130.85699462890625,132.12962341308594
2022-05-10,131.29600524902344,131.6060028076172,130.44381713867188,131.29600524902344
2022-05-11,130.89500427246094,131.79800415039062,130.8168182373047,130.89500427246094
2022-05-12,130.53900146484375,130.6719970703125,127.61699676513672,130.53900146484375
2022-05-13,128.15518188476562,129.2030029296875,127.99821472167969,128.15518188476562
2022-05-16,129.08999633789062,129.26199340820312,128.27699279785156,129.08999633789062
2022-05-17,128.65835571289062,130.58694458007812,128.656005859375,128.65835571289062
2022-05-18,130.22000122070312,130.36500549316406,129.04600524902344,130.22000122070312
2022-05-19,129.56199645996094,131.3711700439453,129.5500030517578,129.56199645996094
2022-05-20,131.4669952392578,132.01800537109375,131.0060272216797,131.4669952392578
2022-05-23,131.1637725830078,132.47900390625,130.86245727539062,131.1637725830078
2022-05-24,132.336181640625,132.4739990234375,131.6849822998047,132.336181640625
2022-05-25,131.9929962158203,132.334228515625,131.6632537841797,131.9929962158203
2022-05-26,132.2270050048828,132.6705322265625,131.9142608642578,132.2270050048828
2022-05-27,132.5195770263672,132.94998168945312,132.28770446777344,132.5195770263672
2022-05-30,132.8719940185547,133.28909301757812,132.5629425048828,132.8719940185547
2022-05-31,133.3300018310547,134.38870239257812,132.80816650390625,133.3300018310547
2022-06-01,134.13739013671875,134.95172119140625,134.1482391357422,134.13739013671875
2022-06-02,135.09300231933594,135.59080505371094,134.9065399169922,135.09300231933594
2022-06-03,135.6699981689453,135.94503784179688,135.39100646972656,135.6699981689453
2022-06-06,135.81700134277344,136.15199279785156,135.6378936767578,135.81700134277344
2022-06-07,136.06500244140625,136.79600524902344,135.77000427246094,136.06500244140625
2022-06-08,136.44500732421875,137.76499938964844,136.31524658203125,136.44500732421875
2022-06-09,137.3159942626953,137.60972595214844,136.22703552246094,137.3159942626953
2022-06-10,137.0780029296875,137.04788208007812,135.49000549316406,137.0780029296875
2022-06-13,136.2269744873047,136.58399963378906,134.1988525390625,136.2269744873047
2022-06-14,134.64854431152344,135.87635803222656,134.41822814941406,134.64854431152344
2022-06-15,135.34796142578125,135.38999938964844,134.15548706054688,135.34796142578125
2022-06-16,134.8000030517578,137.17799377441406,134.63999938964844,134.8000030517578
2022-06-17,136.9499969482422,139.939697265625,136.75091552734375,136.9499969482422
2022-06-20,139.50399780273438,140.15899658203125,139.21339416503906,139.50399780273438
2022-06-21,139.64100646972656,141.31300354003906,139.53379821777344,139.64100646972656
2022-06-22,141.0469970703125,141.68899536132812,140.6321258544922,141.0469970703125
2022-06-23,141.41099548339844,141.70545959472656,139.87887573242188,141.41099548339844
2022-06-24,140.2322235107422,141.66650390625,139.88204956054688,140.2322235107422
2022-06-27,141.06451416015625,141.64700317382812,140.52352905273438,141.06451416015625
2022-06-28,141.5989990234375,142.71484375,141.343994140625,141.5989990234375
2022-06-29,142.18600463867188,143.72799682617188,141.96205139160156,142.18600463867188
2022-06-30,143.12295532226562,143.24969482421875,141.83419799804688,143.12295532226562
2022-07-01,142.14215087890625,142.2957763671875,140.08700561523438,142.14215087890625
2022-07-04,140.85923767089844,141.36936950683594,140.63999938964844,140.85923767089844
2022-07-05,141.3483428955078,141.99000549316406,139.96273803710938,141.3483428955078
2022-07-06,139.8990020751953,140.15989685058594,138.8780059814453,139.8990020751953
2022-07-07,140.1234588623047,140.31500244140625,139.39768981933594,140.1234588623047
2022-07-08,139.5449981689453,139.8459930419922,138.70303344726562,139.5449981689453
2022-07-11,139.3816680908203,140.33599853515625,139.09332275390625,139.3816680908203
2022-07-12,139.7701416015625,139.8179931640625,138.78599548339844,139.7701416015625
2022-07-13,139.22999572753906,140.59213256835938,139.2294921875,139.22999572753906
2022-07-14,140.29400634765625,141.45437622070312,140.19680786132812,140.29400634765625
2022-07-15,141.3730010986328,141.88900756835938,141.0113983154297,141.3730010986328
2022-07-18,141.76100158691406,142.02099609375,141.32957458496094,141.76100158691406
2022-07-19,141.36900329589844,142.50193786621094,141.09100341796875,141.36900329589844
2022-07-20,142.6121063232422,142.80628967285156,141.96499633789062,142.6121063232422
2022-07-21,142.43905639648438,143.093994140625,142.07510375976562,142.43905639648438
2022-07-22,141.8730010986328,142.42599487304688,141.2238311767578,141.8730010986328
2022-07-25,141.50100708007812,141.7899932861328,141.1929931640625,141.50100708007812
2022-07-26,141.4669952392578,141.98727416992188,141.3159942626953,141.4669952392578
2022-07-27,142.30999755859375,142.5523223876953,142.02061462402344,142.30999755859375
2022-07-28,142.02099609375,142.1598358154297,140.4299774169922,142.02099609375
2022-07-29,140.7779998779297,141.02999877929688,139.33717346191406,140.7779998779297
2022-08-01,139.9600067138672,139.97999572753906,138.71261596679688,139.9600067138672
2022-08-02,138.4290008544922,138.681640625,137.16400146484375,138.4290008544922
2022-08-03,139.13153076171875,139.64599609375,138.66000366210938,139.13153076171875
2022-08-04,139.34693908691406,139.962158203125,138.8343963623047,139.34693908691406
2022-08-05,138.98500061035156,140.65187072753906,138.9771270751953,138.98500061035156
2022-08-08,140.33642578125,141.29600524902344,140.36399841308594,140.33642578125
2022-08-09,141.16134643554688,141.8730010986328,140.97042846679688,141.16134643554688
2022-08-10,141.68557739257812,142.36500549316406,140.47999572753906,141.68557739257812
2022-08-11,140.9120330810547,141.2570037841797,140.43629455566406,140.9120330810547
2022-08-12,141.23800659179688,142.1320037841797,141.23373413085938,141.23800659179688
2022-08-15,141.50799560546875,141.56068420410156,140.54800415039062,141.50799560546875
2022-08-16,140.72006225585938,141.80099487304688,140.49400329589844,140.72006225585938
2022-08-17,141.38900756835938,142.2876739501953,141.16099548339844,141.38900756835938
2022-08-18,141.82200622558594,141.99099731445312,141.4881134033203,141.82200622558594
2022-08-19,141.93899536132812,143.2899932861328,141.97000122070312,141.93899536132812
2022-08-22,142.91021728515625,143.2429962158203,142.38307189941406,142.91021728515625
2022-08-23,142.61500549316406,142.69400024414062,141.4409942626953,142.61500549316406
2022-08-24,141.75799560546875,141.95431518554688,141.32518005371094,141.75799560546875
2022-08-25,141.85177612304688,142.0157012939453,141.44911193847656,141.85177612304688
2022-08-26,141.70118713378906,142.62841796875,141.66900634765625,141.70118713378906
2022-08-29,142.61965942382812,143.4156036376953,142.59913635253906,142.61965942382812
2022-08-30,143.25999450683594,143.31700134277344,142.22079467773438,143.25999450683594
2022-08-31,142.4290008544922,142.44400024414062,141.4139404296875,142.4290008544922
2022-09-01,142.25100708007812,142.8542938232422,142.08238220214844,142.25100708007812
2022-09-02,142.7356719970703,143.25546264648438,142.48985290527344,142.7356719970703
2022-09-05,142.8509979248047,143.427001953125,142.63999938964844,142.8509979248047
2022-09-06,143.465087890625,145.32000732421875,143.41546630859375,143.465087890625
2022-09-07,145.37600708007812,147.33152770996094,145.17388916015625,145.37600708007812
2022-09-08,147.49826049804688,148.2533416748047,146.9545440673828,147.49826049804688
2022-09-09,148.47921752929688,148.7980499267578,147.52000427246094,148.47921752929688
2022-09-12,148.52572631835938,149.78680419921875,148.52999877929688,148.52572631835938
2022-09-13,149.59500122070312,150.4773712158203,149.15753173828125,149.59500122070312
2022-09-14,150.30999755859375,150.63900756835938,148.3544464111328,150.30999755859375
2022-09-15,148.53936767578125,150.11740112304688,148.51800537109375,148.53936767578125
2022-09-16,149.00634765625,149.17799377441406,148.10472106933594,149.00634765625
2022-09-19,148.19500732421875,148.6730499267578,147.93499755859375,148.19500732421875
2022-09-20,148.53271484375,149.18600463867188,148.21783447265625,148.53271484375
2022-09-21,148.9430694580078,149.67300415039062,148.44192504882812,148.9430694580078
2022-09-22,149.0800018310547,151.37342834472656,143.52000427246094,149.0800018310547
2022-09-23,145.81199645996094,146.5540008544922,145.0752716064453,145.81199645996094
2022-09-26,146.0316162109375,146.54087829589844,145.34603881835938,146.0316162109375
2022-09-27,145.58200073242188,146.56561279296875,145.44000244140625,145.58200073242188
2022-09-28,145.8780059814453,147.8111114501953,145.3075714111328,145.8780059814453
2022-09-29,147.67759704589844,147.82046508789062,146.77444458007812,147.67759704589844
2022-09-30,148.11477661132812,148.49099731445312,146.85140991210938,148.11477661132812
2022-10-03,146.8981170654297,147.3513946533203,145.34300231933594,146.8981170654297
2022-10-04,145.58799743652344,147.40699768066406,145.51699829101562,145.58799743652344
2022-10-05,146.89599609375,147.24400329589844,146.44630432128906,146.89599609375
2022-10-06,147.1529998779297,147.80099487304688,146.20791625976562,147.1529998779297
2022-10-07,146.4739990234375,146.6020050048828,145.853271484375,146.4739990234375
2022-10-10,146.25599670410156,146.4499969482422,145.54925537109375,146.25599670410156
2022-10-11,145.72006225585938,146.4199981689453,145.2807159423828,145.72006225585938
2022-10-12,146.1959991455078,147.48300170898438,146.2209930419922,146.1959991455078
2022-10-13,147.093994140625,147.3886260986328,146.0679931640625,147.093994140625
2022-10-14,147.06300354003906,148.02999877929688,147.03443908691406,147.06300354003906
2022-10-17,148.0597381591797,149.5109405517578,147.9177703857422,148.0597381591797
2022-10-18,149.60000610351562,150.07249450683594,149.36538696289062,149.60000610351562
2022-10-19,150.14700317382812,150.14129638671875,149.01304626464844,150.14700317382812
2022-10-20,149.03746032714844,149.85499572753906,148.88528442382812,149.03746032714844
2022-10-21,149.5540008544922,150.51600646972656,146.42999267578125,149.5540008544922
2022-10-24,148.10499572753906,149.54718017578125,148.08299255371094,148.10499572753906
2022-10-25,148.9340057373047,149.1731719970703,148.2179412841797,148.9340057373047
2022-10-26,148.73599243164062,149.0823974609375,148.11386108398438,148.73599243164062
2022-10-27,148.33900451660156,148.38600158691406,147.2059783935547,148.33900451660156
2022-10-28,147.66204833984375,148.51470947265625,147.49000549316406,147.66204833984375
2022-10-31,148.32168579101562,148.7932586669922,147.99061584472656,148.32168579101562
2022-11-01,148.47999572753906,148.64544677734375,147.92300415039062,148.47999572753906
2022-11-02,147.93289184570312,148.00599670410156,147.15467834472656,147.93289184570312
2022-11-03,147.38119506835938,147.39999389648438,145.8573455810547,147.38119506835938
2022-11-04,146.4000244140625,147.5709991455078,146.00018310546875,146.4000244140625
2022-11-07,147.2974395751953,148.26400756835938,147.33790588378906,147.2974395751953
2022-11-08,148.2480010986328,148.375,147.4947052001953,148.2480010986328
2022-11-09,147.54299926757812,148.8086395263672,147.447998046875,147.54299926757812
2022-11-10,148.60400390625,148.72300720214844,146.31881713867188,148.60400390625
2022-11-11,146.8419952392578,147.43899536132812,144.68841552734375,146.8419952392578
2022-11-14,147.02999877929688,148.9969940185547,146.96185302734375,147.32000732421875
2022-11-15,148.50399780273438,148.77499389648438,147.0531463623047,148.50399780273438
2022-11-16,147.35299682617188,148.4709930419922,147.24404907226562,147.35299682617188
2022-11-17,147.5054168701172,147.7075958251953,147.10801696777344,147.5054168701172
2022-11-18,147.3023223876953,147.44400024414062,146.5343780517578,147.3023223876953
2022-11-21,147.0998992919922,148.21499633789062,146.89154052734375,147.0998992919922
2022-11-22,148.22799682617188,148.62831115722656,147.70399475097656,148.22799682617188
2022-11-23,148.39773559570312,148.85403442382812,148.03126525878906,148.39773559570312
2022-11-24,147.99789428710938,148.0970001220703,146.3679962158203,147.99789428710938
2022-11-25,146.8773193359375,147.6929931640625,146.57699584960938,146.8773193359375
2022-11-28,147.08802795410156,147.11900329589844,145.7989959716797,147.08802795410156
2022-11-29,146.1201629638672,146.63937377929688,145.03497314453125,146.1201629638672
2022-11-30,145.33450317382812,146.8509979248047,145.17787170410156,145.33450317382812
2022-12-01,145.5074920654297,145.6490020751953,144.0,145.5074920654297
2022-12-02,144.3098907470703,144.46099853515625,142.9089813232422,144.3098907470703
2022-12-05,143.58164978027344,145.27099609375,143.28468322753906,143.58164978027344
2022-12-06,144.98899841308594,145.48040771484375,144.74586486816406,144.98899841308594
2022-12-07,145.2949981689453,146.23928833007812,145.21054077148438,145.2949981689453
2022-12-08,145.01600646972656,146.02239990234375,144.91470336914062,145.01600646972656
2022-12-09,145.9499969482422,146.52999877929688,145.2792510986328,145.9499969482422
2022-12-12,146.19200134277344,147.08299255371094,146.00563049316406,146.19200134277344
2022-12-13,146.93331909179688,147.28021240234375,145.48545837402344,146.92269897460938
2022-12-14,145.91799926757812,146.14199829101562,145.3344268798828,145.91799926757812
2022-12-15,146.4010009765625,148.47384643554688,146.2978973388672,146.4010009765625
2022-12-16,148.4938201904297,148.48899841308594,146.3460693359375,148.4938201904297
2022-12-19,146.10299682617188,147.18800354003906,145.67599487304688,146.10299682617188
2022-12-20,147.46600341796875,147.75399780273438,141.49400329589844,147.46600341796875
2022-12-21,142.35699462890625,143.1739959716797,141.88800048828125,142.35699462890625
2022-12-22,142.85699462890625,143.02859497070312,142.06204223632812,142.85699462890625
2022-12-23,142.1020050048828,142.84461975097656,141.98643493652344,142.1020050048828
2022-12-26,142.07000732421875,142.92205810546875,141.6699981689453,142.1699981689453
2022-12-27,142.42799377441406,143.781005859375,142.17909240722656,142.42799377441406
2022-12-28,143.60000610351562,144.81085205078125,143.5832061767578,143.60000610351562
2022-12-29,144.44090270996094,144.74356079101562,143.75900268554688,144.44090270996094
2022-12-30,143.99000549316406,144.00538635253906,142.4005889892578,143.99000549316406
2023-01-02,141.77000427246094,141.86700439453125,140.97999572753906,141.77000427246094
2023-01-03,141.48300170898438,141.64300537109375,138.96963500976562,141.48300170898438
2023-01-04,140.181884765625,142.4149169921875,139.90199279785156,140.181884765625
2023-01-05,142.22434997558594,143.5777130126953,141.91099548339844,142.22434997558594
2023-01-06,142.39999389648438,143.3729248046875,142.14700317382812,142.39999389648438
2023-01-09,142.2443389892578,143.89199829101562,141.88299560546875,142.2443389892578
2023-01-10,143.0004119873047,143.57037353515625,142.70700073242188,143.0004119873047
2023-01-11,143.1699981689453,143.84800720214844,142.29905700683594,143.1699981689453
2023-01-12,141.66299438476562,141.77000427246094,139.42059326171875,141.66299438476562
2023-01-13,139.27691650390625,139.37120056152344,137.43881225585938,139.27691650390625
2023-01-16,138.13499450683594,138.97300720214844,137.84176635742188,138.13499450683594
2023-01-17,138.61288452148438,140.00599670410156,138.61000061035156,138.61288452148438
2023-01-18,139.11700439453125,142.41600036621094,139.0570068359375,139.11700439453125
2023-01-19,140.32876586914062,140.3990020751953,139.4739990234375,140.32876586914062
2023-01-20,140.1490020751953,141.52304077148438,140.12152099609375,140.1490020751953
2023-01-23,140.62521362304688,141.8050994873047,140.55799865722656,140.7100067138672
2023-01-24,141.6790008544922,141.7530059814453,140.64500427246094,141.6790008544922
2023-01-25,141.17300415039062,141.47300720214844,140.52774047851562,141.17300415039062
2023-01-26,140.90699768066406,141.96299743652344,140.63999938964844,140.90699768066406
2023-01-27,141.02099609375,141.2023162841797,140.39700317382812,141.02099609375
2023-01-30,140.99766540527344,141.53985595703125,140.3000030517578,140.99766540527344
2023-01-31,140.9755859375,141.95022583007812,140.3560791015625,140.9755859375
2023-02-01,141.95700073242188,142.41600036621094,141.0972137451172,141.95700073242188
2023-02-02,141.7477264404297,142.0590057373047,140.77047729492188,141.7477264404297
2023-02-03,140.9459991455078,142.0330047607422,140.38925170898438,140.9459991455078
2023-02-06,142.4810028076172,143.2257843017578,142.17379760742188,142.4810028076172
2023-02-07,142.91058349609375,142.9409942626953,142.05999755859375,142.91058349609375
2023-02-08,142.16404724121094,142.8062744140625,141.8719940185547,142.16404724121094
2023-02-09,142.6580047607422,143.06399536132812,142.20716857910156,142.6580047607422
2023-02-10,142.61199951171875,142.80799865722656,141.1230010986328,142.61199951171875
2023-02-13,142.381103515625,144.21499633789062,142.26968383789062,142.381103515625
2023-02-14,144.0089874267578,144.50389099121094,143.58753967285156,144.0089874267578
2023-02-15,144.2996368408203,145.28900146484375,143.76010131835938,144.2996368408203
2023-02-16,144.99200439453125,145.25999450683594,144.76605224609375,144.99200439453125
2023-02-17,144.6699981689453,145.21786499023438,144.5399932861328,144.6699981689453
2023-02-20,145.12899780273438,145.46766662597656,144.92611694335938,145.1540069580078
2023-02-21,145.4945526123047,145.89199829101562,145.28921508789062,145.4945526123047
2023-02-22,145.53671264648438,145.68699645996094,144.71200561523438,145.53671264648438
2023-02-23,144.84800720214844,145.0449981689453,144.180908203125,144.84800720214844
2023-02-24,144.17092895507812,145.3040008544922,143.76600646972656,144.17092895507812
2023-02-27,145.0432586669922,145.55670166015625,144.4456787109375,145.0207061767578
2023-02-28,145.63999938964844,146.2696533203125,145.08999633789062,145.63999938964844
2023-03-01,144.71751403808594,145.0850067138672,144.50022888183594,144.71751403808594
2023-03-02,144.93670654296875,145.375,144.67001342773438,144.93670654296875
2023-03-03,145.11868286132812,145.56417846679688,144.80740356445312,145.11868286132812
2023-03-06,145.11399841308594,146.03700256347656,144.69944763183594,145.11399841308594
2023-03-07,146.09144592285156,146.3350067138672,145.40252685546875,146.09144592285156
2023-03-08,145.79100036621094,146.1475830078125,145.2401885986328,145.79100036621094
2023-03-09,145.83299255371094,145.8780059814453,145.0019989013672,145.83299255371094
2023-03-10,146.1840057373047,147.5901336669922,145.7530059814453,146.1840057373047
2023-03-13,146.88499450683594,146.97000122070312,145.32679748535156,146.88499450683594
2023-03-14,145.8699951171875,147.47999572753906,145.75900268554688,145.8699951171875
2023-03-15,146.9403839111328,147.5273895263672,143.404541015625,146.9403839111328
2023-03-16,142.7100067138672,144.03199768066406,141.89500427246094,142.7100067138672
2023-03-17,143.5050506591797,144.0800018310547,142.11654663085938,143.5050506591797
2023-03-20,142.6650390625,143.14500427246094,140.2378692626953,142.6650390625
2023-03-21,141.37933349609375,143.39700317382812,141.0572509765625,141.37933349609375
2023-03-22,143.5939178466797,144.18699645996094,143.30299377441406,143.5939178466797
2023-03-23,143.1020050048828,143.64599609375,142.57699584960938,143.1020050048828
2023-03-24,142.73500061035156,142.78465270996094,140.88714599609375,142.73500061035156
2023-03-27,142.34088134765625,143.67300415039062,142.02642822265625,142.35498046875
2023-03-28,143.39700317382812,143.39207458496094,142.08599853515625,143.39700317382812
2023-03-29,142.35263061523438,144.32559204101562,142.31100463867188,142.35263061523438
2023-03-30,144.36700439453125,145.53001403808594,144.11219787597656,144.36700439453125
2023-03-31,145.80799865722656,146.05299377441406,145.08799743652344,145.80799865722656
2023-04-03,145.25686645507812,145.63600158691406,144.71237182617188,145.25686645507812
2023-04-04,144.93858337402344,145.9456024169922,144.84097290039062,144.93858337402344
2023-04-05,145.07948303222656,145.56051635742188,144.54299926757812,145.07948303222656
2023-04-06,144.40931701660156,145.7406463623047,144.27099609375,144.410888671875
2023-04-07,145.524169921875,146.1044464111328,145.3070068359375,145.524169921875
2023-04-10,146.0,146.9029998779297,145.73199462890625,146.0
2023-04-11,146.83700561523438,147.8846435546875,146.66600036621094,146.83700561523438
2023-04-12,147.9239959716797,148.9454345703125,147.9037628173828,147.9239959716797
2023-04-13,148.54507446289062,149.7899932861328,148.44000244140625,148.54507446289062
2023-04-14,149.00274658203125,149.42599487304688,148.91021728515625,149.00274658203125
2023-04-17,149.68699645996094,150.17068481445312,149.4199981689453,149.68699645996094
2023-04-18,149.6009979248047,149.9159698486328,149.17733764648438,149.6009979248047
2023-04-19,149.58099365234375,150.2050018310547,149.49600219726562,149.58099365234375
2023-04-20,150.03700256347656,150.55718994140625,149.83200073242188,150.03700256347656
2023-04-21,150.13999938964844,150.47900390625,149.5325164794922,150.13999938964844
2023-04-24,150.16111755371094,151.47300720214844,150.03518676757812,150.16111755371094
2023-04-25,151.12741088867188,151.50599670410156,149.93467712402344,151.12741088867188
2023-04-26,149.90199279785156,150.5019989013672,149.6269989013672,149.90199279785156
2023-04-27,149.77593994140625,150.2264862060547,149.12399291992188,149.75999450683594
2023-04-28,149.56858825683594,153.11300659179688,149.46200561523438,149.56858825683594
2023-05-01,152.4669952392578,153.54100036621094,152.37796020507812,152.4669952392578
2023-05-02,153.529052734375,153.93899536132812,152.5553436279297,153.529052734375
2023-05-03,152.98899841308594,153.07000732421875,152.2145233154297,152.98899841308594
2023-05-04,152.2760772705078,152.5189971923828,150.91375732421875,152.2760772705078
2023-05-05,151.51600646972656,151.65145874023438,150.21180725097656,151.51600646972656
2023-05-08,151.6909942626953,152.22715759277344,151.43182373046875,151.6909942626953
2023-05-09,151.75799560546875,151.91299438476562,151.03738403320312,151.75799560546875
2023-05-10,151.9623260498047,152.33724975585938,150.9550018310547,151.9623260498047
2023-05-11,150.7820281982422,150.8670654296875,149.80215454101562,150.7820281982422
2023-05-12,150.37530517578125,151.4949951171875,150.34214782714844,150.37530517578125
2023-05-15,151.16189575195312,152.1840057373047,151.10342407226562,151.16189575195312
2023-05-16,151.89706420898438,152.40499877929688,151.6300048828125,151.89706420898438
2023-05-17,152.18600463867188,153.015625,152.0399932861328,152.18600463867188
2023-05-18,153.10000610351562,153.38555908203125,152.6820068359375,153.10000610351562
2023-05-19,153.1820068359375,153.74879455566406,152.8583526611328,153.1820068359375
2023-05-22,153.27200317382812,154.40499877929688,153.15049743652344,153.27200317382812
2023-05-23,154.34725952148438,154.46400451660156,153.4892578125,154.34725952148438
2023-05-24,153.72506713867188,153.8769989013672,153.23245239257812,153.72506713867188
2023-05-25,154.01300048828125,154.4480438232422,153.81399536132812,154.01300048828125
2023-05-26,154.63999938964844,155.16607666015625,154.281005859375,154.63999938964844
2023-05-29,155.5028839111328,155.47799682617188,155.04322814941406,155.25999450683594
2023-05-30,155.2469940185547,155.51559448242188,154.41000366210938,155.2469940185547
2023-05-31,154.26499938964844,154.3159942626953,152.8021240234375,154.26499938964844
2023-06-01,152.8699951171875,153.8519744873047,152.51425170898438,152.8699951171875
2023-06-02,153.1929931640625,154.01100158691406,153.08921813964844,153.1929931640625
2023-06-05,154.0966796875,154.27081298828125,153.5546112060547,154.0966796875
2023-06-06,153.8292694091797,154.26417541503906,153.38400268554688,153.8292694091797
2023-06-07,153.78794860839844,154.0590057373047,153.26495361328125,153.78794860839844
2023-06-08,153.79983520507812,154.5914306640625,153.51699829101562,153.79983520507812
2023-06-09,154.46099853515625,155.2124786376953,154.331787109375,154.46099853515625
2023-06-12,154.28335571289062,154.73582458496094,153.4010009765625,154.28335571289062
2023-06-13,153.48500061035156,154.70782470703125,153.4255828857422,153.48500061035156
2023-06-14,154.82000732421875,155.4591522216797,154.5968017578125,154.82000732421875
2023-06-15,155.46499633789062,157.3719940185547,155.447509765625,155.46499633789062
2023-06-16,157.2615966796875,158.58799743652344,156.85800170898438,157.2615966796875
2023-06-19,158.5500030517578,158.76100158691406,157.92572021484375,158.5500030517578
2023-06-20,158.375,158.6793212890625,157.1999969482422,158.375
2023-06-21,157.427001953125,158.83599853515625,157.4483184814453,157.427001953125
2023-06-22,158.74600219726562,159.4427032470703,158.3159942626953,158.74600219726562
2023-06-23,159.802001953125,160.20013427734375,158.5189971923828,159.802001953125
2023-06-26,160.22300720214844,160.6750030517578,159.72300720214844,160.22300720214844
2023-06-27,160.13351440429688,161.02499389648438,159.98500061035156,160.13351440429688
2023-06-28,160.97000122070312,161.14599609375,160.58700561523438,160.97000122070312
2023-06-29,161.00146484375,161.30369567871094,160.7050018310547,161.00146484375
2023-06-30,161.01199340820312,161.6149139404297,160.4173126220703,161.01199340820312
2023-07-03,161.2790069580078,161.58799743652344,160.56610107421875,161.2790069580078
2023-07-04,161.3560028076172,161.37193298339844,161.0540008544922,161.3560028076172
2023-07-05,160.99600219726562,161.3197479248047,160.45899963378906,160.99600219726562
2023-07-06,160.78799438476562,160.91600036621094,159.98410034179688,160.78799438476562
2023-07-07,160.76080322265625,160.80099487304688,159.53744506835938,160.76080322265625
2023-07-10,159.95399475097656,160.5176544189453,159.25100708007812,159.95399475097656
2023-07-11,159.61080932617188,159.79400634765625,158.9243927001953,159.61080932617188
2023-07-12,159.42800903320312,159.85699462890625,158.4980010986328,159.42800903320312
2023-07-13,159.5659942626953,161.0513916015625,159.39833068847656,159.5659942626953
2023-07-14,160.69650268554688,161.5815887451172,160.04100036621094,160.69650268554688
2023-07-17,160.8690643310547,161.77999877929688,160.57000732421875,160.8690643310547
2023-07-18,161.2220001220703,161.9264373779297,160.7053985595703,161.2220001220703
2023-07-19,162.076416015625,163.1151580810547,161.94451904296875,162.076416015625
2023-07-20,162.68800354003906,162.89199829101562,161.8208465576172,162.68800354003906
2023-07-21,161.4290008544922,163.9681396484375,161.29400634765625,161.4290008544922
2023-07-24,163.6199951171875,163.63600158691406,162.81434631347656,163.6199951171875
2023-07-25,162.6593475341797,163.07899475097656,162.47000122070312,162.6593475341797
2023-07-26,162.9731903076172,163.33299255371094,162.4573516845703,162.9731903076172
2023-07-27,162.89755249023438,163.77499389648438,162.3186798095703,162.89755249023438
2023-07-28,159.7570037841797,162.0709991455078,158.781005859375,159.7570037841797
2023-07-31,161.80599975585938,163.9906463623047,161.7368621826172,161.80599975585938
2023-08-01,163.26100158691406,163.80099487304688,162.91700744628906,163.26100158691406
2023-08-02,163.81399536132812,164.00460815429688,162.1020050048828,163.81399536132812
2023-08-03,163.36550903320312,163.75286865234375,162.47584533691406,163.36550903320312
2023-08-04,163.08900451660156,163.3459930419922,162.45249938964844,163.08900451660156
2023-08-07,162.2830047607422,162.94500732421875,161.9530029296875,162.2830047607422
2023-08-08,163.25,164.2552947998047,162.89190673828125,163.25
2023-08-09,163.60400390625,164.07699584960938,163.31199645996094,163.60400390625
2023-08-10,163.88299560546875,165.3780059814453,163.85299682617188,163.88299560546875
2023-08-11,165.17300415039062,165.41497802734375,164.7989959716797,165.17300415039062
2023-08-14,165.18258666992188,165.5946807861328,164.81927490234375,165.18258666992188
2023-08-15,165.6230010986328,166.3831787109375,165.5302734375,165.6230010986328
2023-08-16,165.69900512695312,165.9929962158203,165.4236297607422,165.69900512695312
2023-08-17,166.24652099609375,166.37405395507812,166.0399932861328,166.24652099609375
2023-08-18,165.88800048828125,165.8839569091797,164.5871124267578,165.88800048828125
2023-08-21,164.6719970703125,166.29400634765625,164.53163146972656,164.6719970703125
2023-08-22,166.4499969482422,166.55857849121094,165.61602783203125,166.4499969482422
2023-08-23,165.60182189941406,165.88734436035156,164.48495483398438,165.60182189941406
2023-08-24,164.8694305419922,165.65304565429688,164.91200256347656,164.8694305419922
2023-08-25,164.9810028076172,165.31106567382812,164.6514434814453,164.9810028076172
2023-08-28,165.60299682617188,165.98736572265625,165.5749969482422,165.60299682617188
2023-08-29,165.75900268554688,166.4012908935547,165.45785522460938,165.75900268554688
2023-08-30,166.07200622558594,166.5780029296875,166.02499389648438,166.07200622558594
2023-08-31,166.3581085205078,166.4219970703125,164.6479949951172,166.3581085205078
2023-09-01,164.69900512695312,165.1653594970703,164.1029052734375,164.69900512695312
2023-09-04,164.9271697998047,165.7209930419922,164.94500732421875,164.9271697998047
2023-09-05,165.60585021972656,166.185302734375,165.3855438232422,165.60585021972656
2023-09-06,165.78399658203125,166.09300231933594,164.99534606933594,165.78399658203125
2023-09-07,165.6909942626953,165.82899475097656,164.6842498779297,165.6909942626953
2023-09-08,165.02200317382812,165.64100646972656,164.57113647460938,165.02200317382812
2023-09-11,164.90692138671875,164.9136505126953,163.86038208007812,164.90692138671875
2023-09-12,164.56382751464844,165.0695037841797,164.30799865722656,164.56382751464844
2023-09-13,165.05499267578125,165.40576171875,164.8595733642578,165.05499267578125
2023-09-14,164.89218139648438,165.04800415039062,164.36767578125,164.89218139648438
2023-09-15,164.5465545654297,165.1529998779297,164.46334838867188,164.5465545654297
2023-09-18,164.8470001220703,164.90570068359375,164.3853302001953,164.8470001220703
2023-09-19,164.48599243164062,164.98699951171875,164.45181274414062,164.48599243164062
2023-09-20,164.61000061035156,165.18092346191406,164.52999877929688,164.61000061035156
2023-09-21,164.89199829101562,165.002197265625,163.01699829101562,164.89199829101562
2023-09-22,163.17327880859375,164.00399780273438,163.022705078125,163.17327880859375
2023-09-25,163.60800170898438,163.61900329589844,162.9934539794922,163.60800170898438
2023-09-26,163.1269989013672,163.2757110595703,162.7923583984375,163.1269989013672
2023-09-27,162.72506713867188,162.8154296875,162.281005859375,162.72506713867188
2023-09-28,162.33299255371094,163.12921142578125,161.9986572265625,162.33299255371094
2023-09-29,163.22940063476562,163.8871307373047,162.97500610351562,163.22940063476562
2023-10-02,163.2899932861328,164.26600646972656,162.96600341796875,163.2899932861328
2023-10-03,163.23300170898438,163.1820068359375,161.4156494140625,163.23300170898438
2023-10-04,161.94200134277344,162.82017517089844,161.64205932617188,161.94200134277344
2023-10-05,162.4709930419922,162.81199645996094,162.1750030517578,162.4709930419922
2023-10-06,162.64500427246094,164.24754333496094,162.5970001220703,162.64500427246094
2023-10-09,164.0917205810547,164.2172393798828,163.4897918701172,164.0917205810547
2023-10-10,163.87399291992188,164.7599334716797,163.7732391357422,163.87399291992188
2023-10-11,164.281005859375,165.46893310546875,164.17526245117188,164.281005859375
2023-10-12,165.39199829101562,165.83599853515625,165.093994140625,165.39199829101562
2023-10-13,164.97000122070312,165.90280151367188,164.66000366210938,164.97000122070312
2023-10-16,165.6690216064453,166.09185791015625,165.40255737304688,165.6690216064453
2023-10-17,166.1020050048828,166.49337768554688,165.6840057373047,166.1020050048828
2023-10-18,166.3560028076172,167.1580047607422,166.2078399658203,166.3560028076172
2023-10-19,166.57699584960938,167.41700744628906,166.41912841796875,166.57699584960938
2023-10-20,167.93600463867188,168.3949432373047,167.7550048828125,167.93600463867188
2023-10-23,167.7689971923828,168.18917846679688,167.356201171875,167.7689971923828
2023-10-24,168.1020050048828,168.13900756835938,167.46995544433594,168.1020050048828
2023-10-25,167.7740020751953,167.95834350585938,167.17315673828125,167.7740020751953
2023-10-26,167.33999633789062,167.71499633789062,167.09207153320312,167.33999633789062
2023-10-27,167.26600646972656,167.31561279296875,165.6300048828125,167.26600646972656
2023-10-30,165.90899658203125,166.05160522460938,164.98399353027344,165.90899658203125
2023-10-31,165.27200317382812,167.2050018310547,165.27200317382812,165.2740020751953
2023-11-01,166.3090057373047,166.6510009765625,165.83099365234375,166.3090057373047
2023-11-02,166.2740020751953,166.60743713378906,165.9465789794922,166.2740020751953
2023-11-03,166.0679931640625,166.37249755859375,165.71072387695312,166.0679931640625
2023-11-06,166.1909942626953,167.04600524902344,166.16900634765625,166.1909942626953
2023-11-07,166.7689971923828,167.33692932128906,166.76400756835938,166.7689971923828
2023-11-08,167.0850067138672,167.96600341796875,166.97840881347656,167.0850067138672
2023-11-09,167.77699279785156,167.92999267578125,167.51321411132812,167.77699279785156
2023-11-10,167.5375213623047,168.1717071533203,167.3800048828125,167.5375213623047
2023-11-13,167.91200256347656,168.38699340820312,167.56199645996094,167.91200256347656
2023-11-14,168.22682189941406,169.36248779296875,168.03231811523438,168.22682189941406
2023-11-15,169.2480010986328,170.28799438476562,169.16200256347656,169.2480010986328
2023-11-16,170.4469451904297,170.5189971923828,169.41273498535156,170.4469451904297
2023-11-17,169.59478759765625,169.66600036621094,168.17999267578125,169.59478759765625
2023-11-20,169.23300170898438,169.2591552734375,167.5435028076172,169.23300170898438
2023-11-21,167.73851013183594,167.82000732421875,166.56199645996094,167.73851013183594
2023-11-22,167.6959991455078,169.0850067138672,167.66700744628906,167.6959991455078
2023-11-23,169.04600524902344,169.43800354003906,168.68527221679688,169.04600524902344
2023-11-24,169.15899658203125,169.6356201171875,168.81028747558594,169.15899658203125
2023-11-27,169.52200317382812,169.55599975585938,168.7536163330078,169.52200317382812
2023-11-28,168.66099548339844,168.90499877929688,168.09286499023438,168.66099548339844
2023-11-29,167.62533569335938,168.6300048828125,167.42819213867188,167.62533569335938
2023-11-30,168.34803771972656,170.12100219726562,168.0481414794922,168.34803771972656
2023-12-01,169.1772003173828,169.56100463867188,168.68283081054688,169.1772003173828
2023-12-04,168.66799926757812,168.70899963378906,167.72000122070312,168.66799926757812
2023-12-05,168.83737182617188,168.88400268554688,167.74488830566406,168.83737182617188
2023-12-06,168.186767578125,168.61399841308594,167.86399841308594,168.186767578125
2023-12-07,168.25799560546875,168.25,164.22215270996094,168.25799560546875
2023-12-08,164.77789306640625,165.35299682617188,162.9702911376953,164.77789306640625
2023-12-11,164.8070068359375,166.67990112304688,164.75399780273438,164.8070068359375
2023-12-12,166.3070068359375,166.39700317382812,165.61000061035156,166.3070068359375
2023-12-13,165.9836883544922,166.63900756835938,165.55499267578125,165.9836883544922
2023-12-14,163.90084838867188,164.04783630371094,162.16299438476562,163.90084838867188
2023-12-15,164.0399932861328,164.18307495117188,162.66200256347656,164.0399932861328
2023-12-18,163.4484100341797,164.92593383789062,163.23233032226562,163.4484100341797
2023-12-19,164.56500244140625,167.30540466308594,164.07000732421875,164.56500244140625
2023-12-20,167.19700622558594,167.33200073242188,165.9248809814453,167.13031005859375
2023-12-21,166.31300354003906,166.39700317382812,165.63592529296875,166.31300354003906
2023-12-22,165.8470001220703,166.68699645996094,165.70571899414062,165.8470001220703
2023-12-25,165.7519989013672,166.8395538330078,159.46803283691406,165.7519989013672
2023-12-26,166.13241577148438,166.7322998046875,165.89300537109375,166.13241577148438
2023-12-27,166.83700561523438,168.78761291503906,166.75999450683594,166.83700561523438
2023-12-28,167.79600524902344,168.7656707763672,167.65899658203125,167.79600524902344
2023-12-29,167.6580047607422,169.29100036621094,167.30776977539062,167.6580047607422
2024-01-01,167.46299743652344,168.02999877929688,162.3000030517578,167.46299743652344
2024-01-02,167.62600708007812,167.8990020751953,166.80999755859375,167.62600708007812
2024-01-03,167.18600463867188,168.48548889160156,166.9600067138672,167.18600463867188
2024-01-04,168.3800048828125,170.4042205810547,168.2129669189453,168.3800048828125
2024-01-05,170.25799560546875,170.76699829101562,169.88800048828125,170.25799560546875
2024-01-08,170.08999633789062,170.16600036621094,169.30149841308594,170.08999633789062
2024-01-09,170.0570068359375,170.1020050048828,168.86085510253906,170.0570068359375
2024-01-10,169.4199981689453,171.15274047851562,169.46864318847656,169.4199981689453
2024-01-11,171.3350067138672,171.4580841064453,170.60682678222656,171.3350067138672
2024-01-12,170.42100524902344,170.6009979248047,169.78700256347656,170.42100524902344
2024-01-15,170.06369018554688,170.85218811035156,169.9443817138672,170.0780029296875
2024-01-16,170.2899932861328,170.88587951660156,169.88499450683594,170.2899932861328
2024-01-17,170.9029998779297,171.5369110107422,170.57786560058594,170.9029998779297
2024-01-18,171.3470001220703,171.4290008544922,170.356689453125,171.3470001220703
2024-01-19,170.61355590820312,171.16244506835938,170.14227294921875,170.61355590820312
2024-01-22,170.53199768066406,170.83599853515625,170.0070037841797,170.5450897216797
2024-01-23,170.427001953125,171.09617614746094,169.73350524902344,170.427001953125
2024-01-24,170.44007873535156,170.7388916015625,169.93128967285156,170.44007873535156
2024-01-25,170.98353576660156,171.15499877929688,169.94151306152344,170.98353576660156
2024-01-26,170.35699462890625,171.60400390625,170.10336303710938,170.35699462890625
2024-01-29,171.4040069580078,171.8023681640625,170.82156372070312,171.4040069580078
2024-01-30,171.1840057373047,171.31100463867188,170.53700256347656,171.1840057373047
2024-01-31,170.9499969482422,171.3979949951172,170.14100646972656,170.9499969482422
2024-02-01,170.41000366210938,170.48263549804688,169.67599487304688,170.41000366210938
2024-02-02,170.7429962158203,171.46499633789062,170.6009979248047,170.7429962158203
2024-02-05,171.262451171875,171.3780059814453,170.49400329589844,171.262451171875
2024-02-06,170.68299865722656,170.79800415039062,169.9375457763672,170.68299865722656
2024-02-07,169.9499969482422,170.23199462890625,169.4925994873047,169.9499969482422
2024-02-08,169.3820037841797,170.91200256347656,169.38999938964844,169.3820037841797
2024-02-09,170.86099243164062,171.0019989013672,170.46099853515625,170.86099243164062
2024-02-12,170.6230010986328,170.81446838378906,170.06564331054688,170.6230010986328
2024-02-13,170.56100463867188,170.8680419921875,169.5467987060547,170.54896545410156
2024-02-14,169.81900024414062,170.01600646972656,169.46246337890625,169.81900024414062
2024-02-15,170.04800415039062,170.5780029296875,169.5263214111328,170.04800415039062
2024-02-16,170.4029998779297,170.69400024414062,170.35853576660156,170.4029998779297
2024-02-19,170.4600067138672,170.4795379638672,170.04734802246094,170.41600036621094
2024-02-20,170.18800354003906,170.5071258544922,170.0540008544922,170.18800354003906
2024-02-21,170.03492736816406,170.89599609375,170.02496337890625,170.03492736816406
2024-02-22,170.98782348632812,171.66200256347656,170.62303161621094,170.98782348632812
2024-02-23,170.9739990234375,171.29527282714844,170.6092071533203,170.9739990234375
2024-02-26,170.75704956054688,171.375,170.44700622558594,170.75999450683594
2024-02-27,171.0760040283203,171.1481475830078,170.61639404296875,171.06295776367188
2024-02-28,171.18800354003906,171.49200439453125,170.9616241455078,171.18800354003906
2024-02-29,171.4326171875,171.4326171875,169.5706787109375,171.37548828125
2024-03-01,169.66900634765625,170.19203186035156,169.4275665283203,169.66900634765625
2024-03-04,169.91600036621094,170.6924285888672,169.7256317138672,169.91600036621094
2024-03-05,169.9600067138672,170.04153442382812,169.21800231933594,169.9600067138672
2024-03-06,169.78799438476562,169.7779998779297,168.92300415039062,169.78799438476562
2024-03-07,169.18600463867188,169.20872497558594,167.73399353027344,169.18600463867188
2024-03-08,168.5189971923828,168.7520751953125,167.625,168.5189971923828
2024-03-11,167.24456787109375,167.6320037841797,167.09100341796875,167.24456787109375
2024-03-12,167.22799682617188,168.41600036621094,167.1300048828125,167.20681762695312
2024-03-13,168.218994140625,168.64212036132812,167.82000732421875,168.218994140625
2024-03-14,168.0431671142578,168.2555694580078,167.64999389648438,168.0431671142578
2024-03-15,167.69400024414062,168.80799865722656,167.3556365966797,167.69400024414062
2024-03-18,168.5623016357422,168.99200439453125,168.2578582763672,168.5623016357422
2024-03-19,168.03900146484375,169.7814178466797,167.93099975585938,168.03900146484375
2024-03-20,169.9573211669922,170.4429931640625,169.9459991455078,169.9573211669922
2024-03-21,170.21600341796875,170.79100036621094,168.46099853515625,170.21600341796875
2024-03-22,168.88999938964844,168.91331481933594,167.97764587402344,168.88999938964844
2024-03-25,168.54800415039062,168.71200561523438,168.34878540039062,168.54800415039062
2024-03-26,168.27198791503906,168.3050079345703,167.26300048828125,168.27198791503906
2024-03-27,167.55999755859375,167.9499969482422,166.57533264160156,167.55999755859375
2024-03-28,166.99400329589844,167.9981689453125,166.90699768066406,166.99400329589844
2024-03-29,167.9600067138672,168.0023956298828,167.1090545654297,167.9600067138672
2024-04-01,167.8336639404297,168.0449981689453,167.5399932861328,167.8336639404297
2024-04-02,167.468994140625,167.59300231933594,166.7989959716797,167.468994140625
2024-04-03,166.9080047607422,167.8990020751953,166.75347900390625,166.9080047607422
2024-04-04,167.8489990234375,167.97073364257812,167.1739501953125,167.8489990234375
2024-04-05,167.8046112060547,168.42935180664062,167.2239990234375,167.8046112060547
2024-04-08,167.93600463867188,168.13699340820312,167.53469848632812,167.93600463867188
2024-04-09,167.7570037841797,168.33900451660156,167.65199279785156,167.7570037841797
2024-04-10,168.0500030517578,168.11900329589844,167.3119659423828,168.0500030517578
2024-04-11,167.5050048828125,168.44944763183594,167.31500244140625,167.5050048828125
2024-04-12,168.35499572753906,168.3997039794922,167.56088256835938,168.35499572753906
2024-04-15,167.72799682617188,168.91900634765625,167.6529998779297,167.72799682617188
2024-04-16,169.0956573486328,169.63616943359375,168.91299438476562,169.0956573486328
2024-04-17,169.48699951171875,169.8884735107422,169.23776245117188,169.48699951171875
2024-04-18,169.4669952392578,170.06051635742188,169.16700744628906,169.4669952392578
2024-04-19,169.43600463867188,170.4929962158203,169.36500549316406,169.43600463867188
2024-04-22,169.6840057373047,169.94900512695312,169.54727172851562,169.72799682617188
2024-04-23,169.7480010986328,170.169921875,169.47422790527344,169.7480010986328
2024-04-24,169.71798706054688,169.8551483154297,169.30393981933594,169.71798706054688
2024-04-25,169.76400756835938,170.6439971923828,169.7949981689453,169.76400756835938
2024-04-26,170.48699951171875,172.4530029296875,170.296630859375,170.48699951171875
2024-04-29,173.14700317382812,174.9290008544922,169.63999938964844,173.14700317382812
2024-04-30,171.46829223632812,172.27000427246094,171.36131286621094,171.46829223632812
2024-05-01,171.56300354003906,171.72300720214844,170.79800415039062,171.56300354003906
2024-05-02,169.95652770996094,170.64999389648438,168.37973022460938,169.95652770996094
2024-05-03,168.20899963378906,169.04441833496094,168.0254669189453,168.20899963378906
2024-05-06,169.44000244140625,170.1163330078125,169.30299377441406,169.44000244140625
2024-05-07,170.08099365234375,170.43658447265625,169.7530059814453,170.08099365234375
2024-05-08,170.3038330078125,171.37033081054688,170.2239990234375,170.3038330078125
2024-05-09,171.14442443847656,171.656005859375,170.9901123046875,171.14442443847656
2024-05-10,171.52099609375,171.96299743652344,171.50100708007812,171.52099609375
2024-05-13,171.88099670410156,172.1995849609375,171.64987182617188,171.88099670410156
2024-05-14,172.05799865722656,172.69424438476562,172.01300048828125,172.05799865722656
2024-05-15,172.57122802734375,172.67599487304688,171.31005859375,172.57122802734375
2024-05-16,171.281005859375,171.75521850585938,170.81497192382812,171.281005859375
2024-05-17,171.4459991455078,171.85089111328125,171.1831512451172,171.4459991455078
2024-05-20,171.35269165039062,171.9320068359375,171.05018615722656,171.35269165039062
2024-05-21,171.7989959716797,171.8719940185547,171.2900390625,171.7989959716797
2024-05-22,171.46214294433594,171.6320037841797,170.98643493652344,171.46214294433594
2024-05-23,171.21200561523438,171.89913940429688,171.07662963867188,171.21200561523438
2024-05-24,171.65499877929688,171.83729553222656,171.4949951171875,171.65499877929688
2024-05-27,171.5380859375,171.76409912109375,171.30477905273438,171.5380859375
2024-05-28,171.7259979248047,172.46507263183594,171.70700073242188,171.7259979248047
2024-05-29,172.34800720214844,172.61573791503906,171.95762634277344,172.34800720214844
2024-05-30,172.5749969482422,173.3861541748047,171.87094116210938,172.5749969482422
2024-05-31,173.7239990234375,174.20999145507812,173.2091827392578,173.7239990234375
2024-06-03,174.3690643310547,174.6761932373047,173.79037475585938,174.3690643310547
2024-06-04,174.35800170898438,174.69000244140625,173.22300720214844,174.35800170898438
2024-06-05,174.2693328857422,175.1219940185547,174.25900268554688,174.2693328857422
2024-06-06,174.6775665283203,175.35699462890625,174.5,174.6775665283203
2024-06-07,174.98013305664062,175.18299865722656,174.4746551513672,174.98013305664062
2024-06-10,174.9600067138672,175.1649932861328,174.76121520996094,174.9600067138672
2024-06-11,175.1199951171875,175.50399780273438,174.7949981689453,175.1199951171875
2024-06-12,174.97000122070312,175.8739471435547,174.64999389648438,174.97000122070312
2024-06-13,175.3213348388672,175.75025939941406,175.22500610351562,175.3213348388672
2024-06-14,175.75543212890625,176.86216735839844,175.52200317382812,175.75543212890625
2024-06-17,176.85400390625,177.05331420898438,176.5,176.85400390625
2024-06-18,177.4980010986328,178.718994140625,177.1513214111328,177.4980010986328
2024-06-19,178.5240020751953,178.68887329101562,178.1641082763672,178.4770050048828
2024-06-20,178.58799743652344,179.0420684814453,177.4669952392578,178.58799743652344
2024-06-21,178.26100158691406,178.60665893554688,177.86500549316406,178.26100158691406
2024-06-24,178.68333435058594,178.8443603515625,178.17599487304688,178.68333435058594
2024-06-25,178.75599670410156,178.85305786132812,178.3091583251953,178.75599670410156
2024-06-26,178.3470001220703,179.16799926757812,178.12948608398438,178.3470001220703
2024-06-27,179.04400634765625,179.11300659179688,178.67294311523438,179.04400634765625
2024-06-28,178.7755889892578,179.18772888183594,178.22984313964844,178.7755889892578
2024-07-01,178.72476196289062,179.13287353515625,178.64662170410156,178.72476196289062
2024-07-02,178.7963409423828,178.90963745117188,178.3803253173828,178.7963409423828
2024-07-03,178.69700622558594,179.32794189453125,178.64199829101562,178.69700622558594
2024-07-04,179.3800048828125,179.39700317382812,178.5470428466797,179.3800048828125
2024-07-05,179.22300720214844,179.51707458496094,178.6009979248047,179.22300720214844
2024-07-08,179.41534423828125,179.9010009765625,178.94000244140625,179.41534423828125
2024-07-09,179.15199279785156,179.82899475097656,178.9770050048828,179.15199279785156
2024-07-10,179.7301025390625,180.06150817871094,179.5874786376953,179.7301025390625
2024-07-11,179.71499633789062,179.94500732421875,176.54200744628906,179.71499633789062
2024-07-12,176.53195190429688,177.85499572753906,176.04600524902344,176.53195190429688
2024-07-15,176.4949951171875,176.8453369140625,176.2400360107422,176.4949951171875
2024-07-16,176.5749969482422,177.32357788085938,176.53799438476562,176.5749969482422
2024-07-17,177.22500610351562,177.31265258789062,175.89700317382812,177.22500610351562
2024-07-18,176.4146270751953,177.3000030517578,176.1142120361328,176.4146270751953
2024-07-19,177.07200622558594,177.4969940185547,176.8279571533203,177.07200622558594
2024-07-22,177.25990295410156,177.3289031982422,176.08299255371094,177.07000732421875
2024-07-23,176.3509979248047,176.3620147705078,174.8070068359375,176.3509979248047
2024-07-24,174.697998046875,174.85299682617188,173.2010040283203,174.697998046875
2024-07-25,173.85899353027344,174.9980010986328,172.3159942626953,173.85899353027344
2024-07-26,174.47999572753906,175.10000610351562,173.74864196777344,174.47999572753906
2024-07-29,174.26699829101562,174.48899841308594,173.40562438964844,174.26699829101562
2024-07-30,173.58700561523438,174.8665313720703,173.3470001220703,173.58700561523438
2024-07-31,172.9770050048828,174.0361785888672,170.09500122070312,172.9770050048828
2024-08-01,170.5030059814453,172.16600036621094,169.4669952392578,170.5030059814453
2024-08-02,170.91600036621094,171.58299255371094,169.9600067138672,170.91600036621094
2024-08-05,170.03599548339844,170.34800720214844,166.8560028076172,170.03599548339844
2024-08-06,170.45799255371094,171.05274963378906,168.98194885253906,170.45799255371094
2024-08-07,169.70542907714844,172.03854370117188,169.468994140625,169.70542907714844
2024-08-08,170.05462646484375,170.76148986816406,169.58700561523438,170.05462646484375
2024-08-09,170.30599975585938,170.40487670898438,169.3122100830078,170.30599975585938
2024-08-12,169.61000061035156,170.32106018066406,169.47900390625,169.35000610351562
2024-08-13,169.88999938964844,170.6179962158203,169.76499938964844,169.88999938964844
2024-08-14,169.81700134277344,170.70399475097656,169.11643981933594,169.81700134277344
2024-08-15,170.2270050048828,171.14793395996094,169.7830047607422,170.2270050048828
2024-08-16,171.0019989013672,171.34500122070312,170.32899475097656,171.0019989013672
2024-08-19,170.52560424804688,170.60499572753906,168.3450469970703,170.52560424804688
2024-08-20,170.05799865722656,170.92300415039062,169.48550415039062,170.05799865722656
2024-08-21,170.25100708007812,171.08099365234375,170.04800415039062,170.25100708007812
2024-08-22,170.49200439453125,171.72900390625,170.3419952392578,170.49200439453125
2024-08-23,171.63099670410156,171.75196838378906,170.58700561523438,171.63099670410156
2024-08-26,169.9290008544922,170.52200317382812,169.5760040283203,169.9290008544922
2024-08-27,170.5797119140625,171.30386352539062,170.572998046875,170.57400512695312
2024-08-28,171.05291748046875,171.66700744628906,170.98300170898438,171.05291748046875
2024-08-29,171.56982421875,172.25588989257812,170.88900756835938,171.56982421875
2024-08-30,171.056640625,171.82955932617188,170.75125122070312,171.056640625
2024-09-02,172.07228088378906,172.78500366210938,171.56100463867188,172.07228088378906
2024-09-03,172.31199645996094,172.63400268554688,170.77706909179688,172.31199645996094
2024-09-04,170.9980010986328,171.38792419433594,169.85960388183594,170.9980010986328
2024-09-05,169.3990020751953,169.8687744140625,169.05238342285156,169.3990020751953
2024-09-06,169.8939971923828,169.92599487304688,168.4949951171875,169.8939971923828
2024-09-09,168.82080078125,169.40499877929688,168.24842834472656,168.82080078125
2024-09-10,168.53500366210938,169.29200744628906,168.16700744628906,168.5279998779297
2024-09-11,167.9843292236328,168.13699340820312,166.5547332763672,167.9843292236328
2024-09-12,167.25100708007812,167.56900024414062,166.4040069580078,167.25100708007812
2024-09-13,166.48558044433594,166.5124969482422,165.5621795654297,166.48558044433594
2024-09-16,166.01976013183594,166.57908630371094,165.28802490234375,166.01976013183594
2024-09-17,166.68138122558594,167.53799438476562,166.25799560546875,166.67300415039062
2024-09-18,167.78900146484375,168.29400634765625,167.10400390625,167.78900146484375
2024-09-19,168.39999389648438,169.21534729003906,168.0545196533203,168.39999389648438
2024-09-20,168.48902893066406,169.94400024414062,167.68739318847656,168.48902893066406
2024-09-23,169.2355499267578,169.7569580078125,168.52000427246094,169.2355499267578
2024-09-24,169.5030059814453,170.52325439453125,169.35000610351562,169.5030059814453
2024-09-25,169.86700439453125,170.52999877929688,169.63796997070312,169.86700439453125
2024-09-26,170.07846069335938,171.07933044433594,169.96714782714844,170.07846069335938
2024-09-27,171.39700317382812,172.4878387451172,168.8209991455078,171.39700317382812
2024-09-30,169.71600341796875,169.7689971923828,168.32200622558594,169.71600341796875
2024-10-01,169.9939422607422,170.67999267578125,169.47000122070312,169.9939422607422
2024-10-02,169.81527709960938,172.06143188476562,169.78199768066406,169.81527709960938
2024-10-03,172.44752502441406,172.9709930419922,171.6020050048828,172.44752502441406
2024-10-04,172.37864685058594,173.1337890625,171.59500122070312,172.37864685058594
2024-10-07,173.2969970703125,173.4010009765625,172.656005859375,173.2969970703125
2024-10-08,173.33999633789062,173.45799255371094,172.58602905273438,173.33999633789062
2024-10-09,172.7779998779297,173.6945037841797,172.64768981933594,172.7779998779297
2024-10-10,173.3280029296875,173.6999969482422,173.07701110839844,173.3280029296875
2024-10-11,173.5928497314453,174.12637329101562,173.29400634765625,173.5821990966797
2024-10-14,173.97799682617188,173.98660278320312,173.40957641601562,173.97799682617188
2024-10-15,173.55599975585938,173.6750030517578,172.7312774658203,173.55599975585938
2024-10-16,172.85227966308594,173.3736114501953,172.77772521972656,172.85227966308594
2024-10-17,172.79168701171875,173.51255798339844,172.41200256347656,172.79168701171875
2024-10-18,173.28504943847656,173.30499267578125,172.67840576171875,173.28504943847656
2024-10-21,172.9409942626953,173.79400634765625,172.406005859375,172.9409942626953
2024-10-22,173.9239959716797,174.6417694091797,173.95899963378906,173.9239959716797
2024-10-23,174.60757446289062,176.51475524902344,174.59608459472656,174.60757446289062
2024-10-24,176.2397003173828,176.22999572753906,175.13616943359375,176.2397003173828
2024-10-25,175.26695251464844,175.63531494140625,175.01332092285156,175.26695251464844
2024-10-28,176.09571838378906,176.9783935546875,175.94667053222656,176.09571838378906
2024-10-29,177.0959930419922,177.1820068359375,176.5961151123047,177.0959930419922
2024-10-30,176.7280731201172,176.99200439453125,176.19424438476562,176.7280731201172
2024-10-31,176.82699584960938,177.24099731445312,175.6177978515625,176.82699584960938
2024-11-01,175.97450256347656,176.6079559326172,175.406005859375,175.97450256347656
2024-11-04,175.50950622558594,176.2729949951172,175.3134307861328,175.50950622558594
2024-11-05,176.1941680908203,176.67120361328125,175.76441955566406,176.1941680908203
2024-11-06,175.45899963378906,176.61000061035156,175.48800659179688,175.45899963378906
2024-11-07,176.2050018310547,176.41514587402344,175.35865783691406,176.2050018310547
2024-11-08,175.49600219726562,175.54544067382812,174.27099609375,175.49600219726562
2024-11-11,174.53500366210938,175.17100524902344,174.46786499023438,174.53500366210938
2024-11-12,174.3070068359375,175.31398010253906,174.08316040039062,174.3070068359375
2024-11-13,175.30099487304688,175.7147216796875,175.12606811523438,175.30099487304688
2024-11-14,175.46270751953125,175.90533447265625,175.12899780273438,175.46270751953125
2024-11-15,175.64300537109375,176.00999450683594,174.06900024414062,175.64300537109375
2024-11-18,174.02200317382812,175.0290069580078,173.4105224609375,174.02200317382812
2024-11-19,175.0500030517578,175.0189971923828,173.61000061035156,175.0500030517578
2024-11-20,175.36061096191406,176.08612060546875,175.2760009765625,175.36061096191406
2024-11-21,175.71800231933594,175.78700256347656,174.23573303222656,175.71800231933594
2024-11-22,173.86952209472656,174.8419952392578,172.581787109375,173.86952209472656
2024-11-25,173.08900451660156,174.02000427246094,172.6320037841797,173.08900451660156
2024-11-26,173.6739959716797,173.88299560546875,172.8619842529297,173.6739959716797
2024-11-27,172.6020050048828,172.7040557861328,171.0449981689453,172.6020050048828
2024-11-28,171.51678466796875,171.86300659179688,171.35899353027344,171.52200317382812
2024-11-29,171.3090057373047,171.33999633789062,170.00100708007812,171.3090057373047
2024-12-02,169.83724975585938,170.3358917236328,168.22650146484375,169.91798400878906
2024-12-03,168.67300415039062,169.54641723632812,168.06300354003906,168.67300415039062
2024-12-04,168.7969970703125,170.4600830078125,168.65309143066406,168.7969970703125
2024-12-05,170.35829162597656,170.99000549316406,169.39016723632812,170.35829162597656
2024-12-06,170.97900390625,171.76019287109375,170.36241149902344,170.97900390625
2024-12-09,170.61700439453125,172.42977905273438,170.22422790527344,170.61700439453125
2024-12-10,172.29409790039062,172.59500122070312,171.97900390625,172.29409790039062
2024-12-11,171.968994140625,172.86700439453125,171.00131225585938,171.968994140625
2024-12-12,172.3361358642578,172.9963836669922,170.8470001220703,172.3361358642578
2024-12-13,170.89300537109375,172.1959991455078,170.99899291992188,170.89300537109375
2024-12-16,172.05999755859375,172.87399291992188,171.9730224609375,172.05999755859375
2024-12-17,172.34500122070312,172.625,171.3209686279297,172.34500122070312
2024-12-18,172.05740356445312,172.53524780273438,171.74679565429688,172.05740356445312
2024-12-19,171.51329040527344,175.79299926757812,171.42999267578125,171.51329040527344
2024-12-20,175.34300231933594,175.70799255371094,174.6490020751953,175.34300231933594
2024-12-23,175.26100158691406,175.44400024414062,174.5429229736328,175.26100158691406
2024-12-24,174.79800415039062,174.9588165283203,174.2530059814453,174.79800415039062
2024-12-25,174.17999267578125,175.16299438476562,170.5709991455078,174.17999267578125
2024-12-26,174.6849365234375,175.55299377441406,174.54600524902344,174.6849365234375
2024-12-27,175.56900024414062,175.68699645996094,174.5957489013672,175.56900024414062
2024-12-30,175.07334899902344,175.39100646972656,173.03651428222656,175.07334899902344
2024-12-31,173.79600524902344,173.8351593017578,172.73199462890625,173.79600524902344
2025-01-02,173.72604370117188,173.8419952392578,172.38133239746094,173.72604370117188
2025-01-03,172.52699279785156,173.12063598632812,172.39833068847656,172.52699279785156
2025-01-06,173.1750946044922,174.4739990234375,173.1490020751953,173.1750946044922
2025-01-07,174.2729949951172,174.88299560546875,173.71800231933594,174.2729949951172
2025-01-08,173.97500610351562,174.07383728027344,173.3582763671875,173.97500610351562
2025-01-09,173.63900756835938,173.7989959716797,172.87721252441406,173.63900756835938
2025-01-10,173.28343200683594,173.6288299560547,171.72799682617188,173.28343200683594
2025-01-13,172.20399475097656,172.22967529296875,171.17628479003906,172.20399475097656
2025-01-14,171.81500244140625,172.8792724609375,171.51992797851562,171.81500244140625
2025-01-15,173.1929931640625,173.19837951660156,171.3654327392578,173.1929931640625
2025-01-16,171.28700256347656,171.4949951171875,170.33799743652344,171.28700256347656
2025-01-17,170.4888458251953,171.13255310058594,170.2570037841797,170.4888458251953
2025-01-20,170.88523864746094,171.59954833984375,170.51873779296875,170.88523864746094
2025-01-21,171.32200622558594,171.697998046875,170.74600219726562,171.32200622558594
2025-01-22,171.78207397460938,172.65052795410156,171.55653381347656,171.78207397460938
2025-01-23,172.58831787109375,172.90899658203125,171.6798858642578,172.58831787109375
2025-01-24,172.04600524902344,172.6739959716797,171.2325897216797,172.04600524902344
2025-01-27,171.72720336914062,172.24400329589844,171.08895874023438,171.72720336914062
2025-01-28,171.3260040283203,172.14967346191406,171.2236328125,171.3260040283203
2025-01-29,172.03199768066406,172.29200744628906,170.90634155273438,172.03199768066406
2025-01-30,171.185791015625,171.19500732421875,169.58082580566406,171.185791015625
2025-01-31,169.39480590820312,170.56500244140625,169.18370056152344,169.39480590820312
2025-02-03,169.73300170898438,170.18643188476562,168.5787811279297,169.73300170898438
2025-02-04,170.31500244140625,171.03500366210938,169.68418884277344,170.31500244140625
2025-02-05,170.22500610351562,170.4417266845703,168.83106994628906,170.22500610351562
2025-02-06,169.28799438476562,169.31100463867188,167.505859375,169.28799438476562
2025-02-07,167.02780151367188,167.8324432373047,165.86199951171875,167.02780151367188
2025-02-10,166.70399475097656,167.56399536132812,166.49319458007812,166.70399475097656
2025-02-11,166.51312255859375,167.02980041503906,166.44700622558594,166.51312255859375
2025-02-12,167.27099609375,169.36944580078125,167.27633666992188,167.27099609375
2025-02-13,168.8560028076172,169.73899841308594,168.7526397705078,168.8560028076172
2025-02-14,169.35400390625,169.61900329589844,168.62973022460938,169.35400390625
2025-02-17,168.9219970703125,168.9340057373047,167.91000366210938,168.9219970703125
2025-02-18,168.11399841308594,168.8494873046875,168.02316284179688,168.11399841308594
2025-02-19,168.12039184570312,168.4720001220703,167.4510040283203,168.12039184570312
2025-02-20,167.15725708007812,167.1725616455078,166.00509643554688,167.15725708007812
2025-02-21,166.33604431152344,167.7100067138672,166.07028198242188,166.33604431152344
2025-02-24,166.24899291992188,166.90611267089844,166.0050048828125,166.24899291992188
2025-02-25,166.9810028076172,167.54200744628906,166.34194946289062,166.9810028076172
2025-02-26,167.0386962890625,167.39300537109375,166.61972045898438,167.0386962890625
2025-02-27,166.40199279785156,167.08399963378906,166.0546112060547,166.40199279785156
2025-02-28,166.67100524902344,167.28054809570312,165.86700439453125,166.67100524902344
2025-03-03,167.0240020751953,167.98399353027344,166.39889526367188,167.0240020751953
2025-03-04,166.46800231933594,167.32200622558594,166.0800018310547,166.46800231933594
2025-03-05,168.36000061035156,168.70404052734375,167.02182006835938,168.36000061035156
2025-03-06,167.1490020751953,167.6571502685547,166.32139587402344,167.1490020751953
2025-03-07,167.64987182617188,168.21578979492188,167.10630798339844,167.64987182617188
2025-03-10,168.21600341796875,168.2010040283203,166.83514404296875,168.21600341796875
2025-03-11,167.10400390625,168.24046325683594,166.8560028076172,167.10400390625
2025-03-12,167.5486297607422,168.76499938964844,167.36000061035156,167.5486297607422
2025-03-13,168.13693237304688,168.23199462890625,166.85218811035156,168.13693237304688
2025-03-14,167.6041259765625,168.52467346191406,167.4770050048828,167.6041259765625
2025-03-17,168.05421447753906,168.90199279785156,167.9499969482422,168.05421447753906
2025-03-18,169.48500061035156,170.42100524902344,169.42706298828125,169.48500061035156
2025-03-19,170.44500732421875,170.98550415039062,169.93612670898438,170.44500732421875
2025-03-20,169.37777709960938,169.48802185058594,168.0843963623047,169.37777709960938
2025-03-21,168.56793212890625,169.33900451660156,168.4530029296875,168.56793212890625
2025-03-24,169.489501953125,170.4810028076172,169.25897216796875,169.489501953125
2025-03-25,170.7900390625,170.9280548095703,169.63523864746094,170.7900390625
2025-03-26,169.86399841308594,170.49400329589844,169.7370147705078,169.86399841308594
2025-03-27,170.1649932861328,171.21800231933594,169.86326599121094,170.1649932861328
2025-03-28,171.0989990234375,171.34095764160156,170.17515563964844,171.0989990234375
2025-03-31,169.83273315429688,170.03599548339844,168.9107208251953,169.83273315429688
2025-04-01,169.6009979248047,169.75599670410156,168.93394470214844,169.6009979248047
2025-04-02,169.47637939453125,170.08900451660156,168.7975311279297,169.47637939453125
2025-04-03,168.61399841308594,170.24745178222656,168.0653839111328,168.61399841308594
2025-04-04,170.20449829101562,171.40673828125,169.6820526123047,170.1683807373047
2025-04-07,170.73374938964844,172.08299255371094,170.39651489257812,170.73374938964844
2025-04-08,171.88299560546875,172.4736785888672,171.10916137695312,171.88299560546875
2025-04-09,172.43260192871094,172.81536865234375,171.71400451660156,172.43260192871094
2025-04-10,172.26400756835938,174.67100524902344,171.4692840576172,172.26400756835938
2025-04-11,175.09169006347656,176.34652709960938,174.0469970703125,175.09169006347656
2025-04-14,175.6071014404297,176.00205993652344,174.12100219726562,175.6071014404297
2025-04-15,175.49002075195312,175.7760009765625,174.2729949951172,175.49002075195312
2025-04-16,174.33999633789062,175.0579833984375,174.1300048828125,174.33999633789062
2025-04-17,174.3350067138672,174.75550842285156,173.24200439453125,174.3350067138672
2025-04-22,174.08900451660156,174.13612365722656,172.66537475585938,174.08900451660156
2025-04-23,172.67799377441406,172.91000366210938,172.1377410888672,172.67799377441406
2025-04-24,172.5749969482422,172.82545471191406,172.2100067138672,172.5749969482422
2025-04-25,172.37600708007812,173.61700439453125,172.0276641845703,172.37600708007812
2025-04-28,173.58599853515625,173.599365234375,172.60279846191406,173.58599853515625
2025-04-29,173.08599853515625,173.19973754882812,172.53399658203125,173.08599853515625
2025-04-30,172.78721618652344,173.6513671875,172.6699981689453,172.78721618652344
2025-05-01,173.1186981201172,174.8470001220703,172.96499633789062,173.1186981201172
2025-05-02,175.42520141601562,176.06216430664062,174.56082153320312,175.42520141601562
2025-05-05,175.45803833007812,175.537841796875,174.45835876464844,175.45803833007812
2025-05-06,174.73199462890625,174.8163299560547,172.87490844726562,174.73199462890625
2025-05-07,173.19400024414062,174.71237182617188,172.88099670410156,173.19400024414062
2025-05-08,174.55296325683594,175.58384704589844,174.3000030517578,174.55296325683594
2025-05-09,175.4980010986328,175.5921173095703,174.5637969970703,175.4980010986328
2025-05-12,174.86572265625,175.93299865722656,174.6787872314453,174.86572265625
2025-05-13,175.50599670410156,176.1248016357422,175.15379333496094,175.50599670410156
2025-05-14,175.70458984375,175.77001953125,174.09976196289062,175.70458984375
2025-05-15,174.281005859375,174.49327087402344,173.72006225585938,174.281005859375
2025-05-16,174.38999938964844,174.3769989013672,173.6479949951172,174.38999938964844
2025-05-19,173.8797607421875,174.1466827392578,173.40798950195312,173.8797607421875
2025-05-20,173.58599853515625,173.98428344726562,173.12179565429688,173.58599853515625
2025-05-21,174.54299926757812,174.92999267578125,173.9595489501953,174.54299926757812
2025-05-22,174.204833984375,174.1686248779297,173.23043823242188,174.204833984375
2025-05-23,173.6343231201172,173.7928009033203,173.1122283935547,173.6343231201172
2025-05-26,173.67031860351562,174.12939453125,173.4600067138672,173.67031860351562
2025-05-27,173.85699462890625,174.7880401611328,173.5121612548828,173.85699462890625
2025-05-28,174.25799560546875,175.3509979248047,174.0223846435547,174.25799560546875
2025-05-29,174.9553680419922,175.3509979248047,174.94500732421875,174.9553680419922
2025-05-30,174.88026428222656,175.71571350097656,174.4062957763672,174.88026428222656
2025-06-02,174.8666534423828,175.0758514404297,174.3309783935547,174.8666534423828
2025-06-03,174.5479736328125,175.00799560546875,174.16209411621094,174.5479736328125
2025-06-04,174.77427673339844,175.21372985839844,174.57489013671875,174.77427673339844
2025-06-05,174.45599365234375,175.25973510742188,174.33700561523438,174.45599365234375
2025-06-06,175.17446899414062,176.2740020751953,175.0850067138672,175.17446899414062
2025-06-09,176.1340789794922,176.20399475097656,175.57806396484375,176.1340789794922
2025-06-10,175.98199462890625,176.3092803955078,175.77584838867188,175.98199462890625
2025-06-11,176.16900634765625,176.8364715576172,176.098876953125,176.16900634765625
2025-06-12,176.13720703125,176.86500549316406,175.8722381591797,176.13720703125
2025-06-13,176.95199584960938,177.64700317382812,176.7050018310547,176.95199584960938
2025-06-16,177.5442657470703,178.05978393554688,177.4029541015625,177.5442657470703
2025-06-17,177.8206787109375,178.3402862548828,177.60000610351562,177.8206787109375
2025-06-18,177.94200134277344,177.99000549316406,176.83328247070312,177.94200134277344
2025-06-19,176.940673828125,178.21499633789062,176.75,176.940673828125
2025-06-20,177.85499572753906,178.53152465820312,177.7469940185547,177.85499572753906
2025-06-23,178.77499389648438,180.86744689941406,178.66957092285156,178.77499389648438
2025-06-24,179.5469970703125,180.05099487304688,178.64947509765625,179.5469970703125
2025-06-25,180.00096130371094,180.88063049316406,179.7239990234375,180.00096130371094
2025-06-26,180.27066040039062,180.66799926757812,179.64031982421875,180.27066040039062
2025-06-27,180.6301727294922,181.41400146484375,180.13211059570312,180.6301727294922
2025-06-30,180.9827423095703,181.64300537109375,180.1959991455078,180.9827423095703
2025-07-01,181.3544464111328,181.6479949951172,180.83297729492188,181.3544464111328
2025-07-02,181.33876037597656,181.91920471191406,181.2760009765625,181.33876037597656
2025-07-03,181.28819274902344,182.40225219726562,181.24940490722656,181.28819274902344
2025-07-04,182.18251037597656,182.22080993652344,181.77000427246094,182.18251037597656
2025-07-07,181.8890838623047,183.1031494140625,181.69589233398438,181.8890838623047
2025-07-08,182.98512268066406,184.25399780273438,182.95799255371094,182.98512268066406
2025-07-09,184.48599243164062,184.54611206054688,184.0071563720703,184.48599243164062
2025-07-10,184.24400329589844,184.3018341064453,183.62362670898438,184.24400329589844
2025-07-11,183.58447265625,185.12149047851562,183.38499450683594,183.58447265625
2025-07-14,184.8294677734375,185.18667602539062,184.48599243164062,184.8294677734375
2025-07-15,185.19602966308594,186.0252685546875,185.1307373046875,185.19602966308594
2025-07-16,185.5951385498047,186.0019989013672,184.49322509765625,185.5951385498047
2025-07-17,184.76112365722656,185.16110229492188,184.34820556640625,184.76112365722656
2025-07-18,184.85574340820312,185.73699951171875,184.78640747070312,184.85574340820312
2025-07-21,185.24415588378906,185.25650024414062,184.35626220703125,185.24415588378906
2025-07-22,184.67300415039062,185.3854217529297,183.89999389648438,184.67300415039062
2025-07-23,184.93008422851562,185.40951538085938,184.1739959716797,184.93008422851562
2025-07-24,184.7311248779297,184.7823944091797,184.19900512695312,184.7311248779297
2025-07-25,184.91262817382812,185.71400451660156,184.58200073242188,184.91262817382812
2025-07-28,185.82200622558594,185.9976806640625,184.5800018310547,185.82200622558594
2025-07-29,184.83615112304688,185.00477600097656,183.79603576660156,184.83615112304688
2025-07-30,184.2567901611328,184.3040008544922,183.36680603027344,184.2567901611328
2025-07-31,183.46099853515625,185.4259033203125,182.66400146484375,183.46099853515625
2025-08-01,185.2222900390625,185.53936767578125,183.42074584960938,185.2222900390625
2025-08-04,183.23245239257812,183.55555725097656,181.96499633789062,183.23245239257812
2025-08-05,181.85299682617188,182.79489135742188,181.59022521972656,181.85299682617188
2025-08-06,182.8350067138672,183.0184326171875,182.49600219726562,182.8350067138672
2025-08-07,182.57325744628906,183.212890625,182.0749969482422,182.57325744628906
2025-08-08,182.22799682617188,183.1820068359375,182.16574096679688,182.22799682617188
2025-08-11,182.83197021484375,182.98138427734375,181.99099731445312,182.83197021484375
2025-08-12,182.39901733398438,183.3721466064453,182.42391967773438,182.39901733398438
2025-08-13,183.26600646972656,183.61289978027344,182.90870666503906,183.26600646972656
2025-08-14,182.7988739013672,182.94625854492188,181.48199462890625,182.7988739013672
2025-08-15,182.86399841308594,182.86300659179688,182.14300537109375,182.86399841308594
2025-08-18,182.55345153808594,183.3112030029297,182.4452667236328,182.55345153808594
2025-08-19,183.17872619628906,183.53492736816406,182.79022216796875,183.17872619628906
2025-08-20,182.86000061035156,183.03359985351562,182.09100341796875,182.86000061035156
2025-08-21,183.1842803955078,183.52894592285156,182.87313842773438,183.1842803955078
2025-08-22,183.48452758789062,184.01284790039062,183.10723876953125,183.48452758789062
2025-08-25,183.46778869628906,183.85887145996094,183.23985290527344,183.46778869628906
2025-08-26,183.32479858398438,183.6104278564453,182.83975219726562,183.32479858398438
2025-08-27,183.45144653320312,184.06137084960938,183.1976776123047,183.45144653320312
2025-08-28,183.7749481201172,183.92807006835938,183.2449951171875,183.7749481201172
2025-08-29,183.09100341796875,183.81968688964844,182.87896728515625,183.09100341796875
2025-09-01,183.68670654296875,184.1126708984375,183.6118927001953,183.68670654296875
2025-09-02,183.808349609375,185.11666870117188,183.7575225830078,183.808349609375
2025-09-03,184.4552459716797,184.90225219726562,184.20086669921875,184.4552459716797
2025-09-04,184.07437133789062,184.45921325683594,183.95899963378906,184.07437133789062
2025-09-05,184.2729949951172,184.56503295898438,184.03280639648438,184.2729949951172
2025-09-08,185.59771728515625,186.20860290527344,185.2725067138672,185.59771728515625
2025-09-09,185.85658264160156,185.94200134277344,184.4935760498047,185.85658264160156
2025-09-10,184.81300354003906,185.0392608642578,184.602294921875,184.81300354003906
2025-09-11,184.4652862548828,185.16600036621094,184.4230499267578,184.4652862548828
2025-09-12,184.94305419921875,185.548583984375,184.8565216064453,184.94305419921875
2025-09-15,185.32676696777344,185.5387725830078,184.97352600097656,185.32676696777344
2025-09-16,185.47799682617188,186.14324951171875,185.122802734375,185.47799682617188
2025-09-17,186.2790069580078,186.27700805664062,185.80824279785156,186.2790069580078
2025-09-18,186.29977416992188,187.0261993408203,186.09849548339844,186.29977416992188
2025-09-19,186.6785125732422,186.7854461669922,185.7539825439453,186.6785125732422
2025-09-22,185.9807891845703,186.4407196044922,185.88906860351562,185.9807891845703
2025-09-23,186.41200256347656,186.62046813964844,185.98699951171875,186.41200256347656
2025-09-24,186.49600219726562,187.19944763183594,186.3345489501953,186.49600219726562
2025-09-25,187.15692138671875,187.180419921875,186.66416931152344,187.15692138671875
2025-09-26,187.28395080566406,187.57122802734375,187.0906524658203,187.28395080566406
2025-09-29,187.30999755859375,187.33824157714844,186.17623901367188,187.30999755859375
2025-09-30,186.33599853515625,186.47799682617188,185.38389587402344,186.33599853515625
2025-10-01,185.81736755371094,186.04873657226562,183.9576416015625,185.81736755371094
2025-10-02,184.5514678955078,184.8131866455078,184.14999389648438,184.5514678955078
2025-10-03,184.5945587158203,185.4224395751953,184.59719848632812,184.5945587158203
2025-10-06,187.65113830566406,188.92593383789062,187.55581665039062,187.65113830566406
2025-10-07,189.0969696044922,189.6603546142578,188.78843688964844,189.0969696044922
2025-10-08,190.36859130859375,191.15899658203125,190.0820770263672,190.36859130859375
2025-10-09,190.4585418701172,190.83702087402344,189.77928161621094,190.4585418701172
2025-10-10,189.72000122070312,189.88560485839844,189.23056030273438,189.72000122070312
2025-10-13,189.5066375732422,189.96981811523438,189.05162048339844,189.5066375732422
2025-10-14,189.5070037841797,189.60723876953125,188.79428100585938,189.5070037841797
2025-10-15,189.2807159423828,189.7899932861328,188.7121124267578,189.2807159423828
2025-10-16,189.49600219726562,190.09982299804688,189.19491577148438,189.49600219726562
2025-10-17,189.5663299560547,190.0391845703125,189.48915100097656,189.5663299560547
2025-10-20,190.11099243164062,190.52000427246094,189.6047821044922,190.11099243164062
2025-10-21,190.24066162109375,191.2974090576172,190.0787811279297,190.24066162109375
2025-10-22,190.61000061035156,190.9422607421875,190.36000061035156,190.61000061035156
2025-10-23,190.85800170898438,191.9676513671875,190.87973022460938,190.85800170898438
2025-10-24,191.91635131835938,192.34300231933594,191.81300354003906,191.91635131835938
2025-10-27,192.23500061035156,192.3780059814453,191.6350860595703,192.23500061035156
2025-10-28,192.11900329589844,192.14608764648438,191.11767578125,192.11900329589844
2025-10-29,191.34628295898438,191.92776489257812,190.5189971923828,191.34628295898438
2025-10-30,190.8800048828125,192.65695190429688,190.5008087158203,190.8800048828125
2025-10-31,191.9739990234375,192.375,191.4592742919922,191.9739990234375
2025-11-03,191.54122924804688,191.81146240234375,190.55929565429688,191.54122924804688
2025-11-04,190.77999877929688,190.8397674560547,189.4029998779297,190.77999877929688
2025-11-05,189.47271728515625,190.3486785888672,189.09500122070312,189.47271728515625
2025-11-06,190.2480010986328,190.2777862548828,189.5360870361328,190.2480010986328
2025-11-07,189.7067108154297,190.66900634765625,189.4585723876953,189.7067108154297
2025-11-10,190.38499450683594,191.45022583007812,190.38499450683594,190.5728759765625
2025-11-11,191.44500732421875,192.6678009033203,191.40333557128906,191.43885803222656
2025-11-12,192.4739990234375,194.20359802246094,192.4691619873047,192.48899841308594
2025-11-13,193.8782501220703,195.0468292236328,193.63900756835938,193.90284729003906
2025-11-14,194.9052734375,195.58209228515625,194.56900024414062,194.88999938964844
2025-11-17,194.59645080566406,195.14271545410156,194.39599609375,194.6085205078125
2025-11-18,194.96153259277344,195.36500549316406,194.29200744628906,194.97999572753906
2025-11-19,194.3427734375,194.8863525390625,194.0210723876953,194.36831665039062
2025-11-20,194.92124938964844,195.67599487304688,194.71812438964844,194.92999267578125
2025-11-21,195.3529510498047,195.5970001220703,193.37576293945312,195.3641357421875
2025-11-24,193.7030029296875,194.5510711669922,193.49745178222656,193.7320098876953
2025-11-25,194.01100158691406,194.1088409423828,192.906005859375,194.06980895996094
2025-11-26,193.2790069580078,194.3346405029297,193.0500030517578,193.33087158203125
2025-11-27,194.41000366210938,194.4669647216797,193.8193359375,194.4199981689453
2025-11-28,194.2100067138672,194.4411163330078,193.51400756835938,194.21971130371094
2025-12-01,194.03416442871094,194.07400512695312,193.1096954345703,194.0799102783203
2025-12-02,193.2765350341797,194.06370544433594,193.19000244140625,193.2784881591797
2025-12-03,194.0019073486328,194.37600708007812,193.65159606933594,193.97805786132812
2025-12-04,193.90199279785156,194.2150421142578,192.9600067138672,193.92507934570312
2025-12-05,192.9600067138672,193.22900390625,192.4149932861328,193.0019989013672
2025-12-08,192.94793701171875,193.39816284179688,192.73484802246094,192.98956298828125
2025-12-09,193.1804656982422,194.66000366210938,193.11000061035156,193.1704864501953
2025-12-10,194.50900268554688,194.98599243164062,194.16831970214844,194.56292724609375
2025-12-11,194.82000732421875,195.63531494140625,194.61300659179688,194.86399841308594
2025-12-12,195.6531524658203,196.20945739746094,195.59500122070312,195.70599365234375
2025-12-15,195.75210571289062,195.8095245361328,194.51199340820312,195.7830047607422
2025-12-16,194.68899536132812,194.95046997070312,193.91799926757812,194.718994140625
2025-12-17,194.59967041015625,195.7916717529297,194.35800170898438,194.62185668945312
2025-12-18,195.5104217529297,196.12538146972656,195.468994140625,195.50457763671875
2025-12-19,195.90292358398438,198.00221252441406,195.88400268554688,195.93186950683594
2025-12-22,198.123779296875,198.4600067138672,197.8040008544922,198.09422302246094
2025-12-23,198.16700744628906,198.21600341796875,197.2183380126953,198.13999938964844
2025-12-24,198.177001953125,198.38299560546875,197.3300018310547,198.24205017089844
2025-12-26,198.08839416503906,198.5513916015625,197.85400390625,198.0379180908203
2025-12-29,198.14100646972656,198.4530029296875,197.50399780273438,198.2841033935547
2025-12-30,197.68600463867188,198.1842041015625,197.39968872070312,197.75
2025-12-31,197.46304321289062,198.04393005371094,197.11026000976562,197.5189208984375
2026-01-02,197.8990020751953,198.13999938964844,197.51663208007812,197.8684844970703
2026-01-05,197.88131713867188,198.30874633789062,196.85145568847656,197.8419952392578
2026-01-06,197.67300415039062,197.8516845703125,196.8769989013672,197.70799255371094
2026-01-07,196.8419952392578,197.2362060546875,196.40170288085938,196.8908233642578
2026-01-08,196.43699645996094,196.81100463867188,196.18899536132812,196.4534912109375
2026-01-09,196.36099243164062,197.45799255371094,196.33399963378906,196.2640838623047
2026-01-12,197.23658752441406,198.56300354003906,197.23658752441406,197.26600646972656
2026-01-13,198.15280151367188,199.41688537597656,198.09300231933594,198.12600708007812
2026-01-14,198.69744873046875,198.89602661132812,197.68736267089844,198.6920623779297
2026-01-15,198.11900329589844,198.23960876464844,197.21676635742188,198.0589599609375
2026-01-16,197.3172607421875,197.44918823242188,196.78944396972656,197.37892150878906
2026-01-19,197.2404327392578,198.3800048828125,197.100830078125,197.21836853027344
2026-01-20,198.2220001220703,200.1149444580078,197.90493774414062,198.22300720214844
2026-01-21,200.2423858642578,200.27093505859375,199.1797332763672,200.26800537109375
2026-01-22,198.98500061035156,200.39552307128906,198.80299377441406,198.9545135498047
2026-01-23,200.83119201660156,201.2776336669922,199.39999389648438,200.85800170898438
2026-01-26,199.4219970703125,199.47598266601562,197.32064819335938,199.4347686767578
2026-01-27,198.5478515625,199.70330810546875,197.69577026367188,198.53878784179688
2026-01-28,199.90025329589844,199.95748901367188,198.5240020751953,199.71800231933594
2026-01-29,199.94500732421875,200.09585571289062,198.6051483154297,199.88299560546875
2026-01-30,200.33883666992188,201.14559936523438,199.84716796875,200.32899475097656
2026-02-02,200.5260009765625,200.89979553222656,199.1300048828125,200.59719848632812
2026-02-03,199.60076904296875,201.0841064453125,199.52000427246094,199.52000427246094
2026-02-04,200.82899475097656,202.0749969482422,200.77613830566406,200.8104705810547
2026-02-05,201.82400512695312,202.3257598876953,201.44700622558594,201.84962463378906
2026-02-06,201.55563354492188,202.593994140625,201.36599731445312,201.58099365234375
2026-02-09,202.6750030517578,203.43299865722656,201.60299682617188,202.6510009765625
2026-02-10,203.531005859375,203.6230010986328,201.05870056152344,203.4986572265625
2026-02-11,200.98095703125,200.98095703125,198.41099548339844,200.96231079101562
2026-02-12,198.6941680908203,199.97203063964844,197.66468811035156,198.73519897460938
2026-02-13,198.5050048828125,199.6768341064453,198.5050048828125,198.5590057373047
2026-02-16,198.800537109375,199.69696044921875,198.800537109375,198.78143310546875
2026-02-17,199.4600067138672,199.4669952392578,198.53399658203125,199.53086853027344
2026-02-18,198.7469940185547,200.12828063964844,198.72450256347656,198.78399658203125
2026-02-19,200.23399353027344,200.9340057373047,199.55441284179688,200.24156188964844
2026-02-20,200.1199951171875,200.69900512695312,199.7689971923828,200.0931396484375
2026-02-23,199.93759155273438,200.20799255371094,199.37399291992188,199.98138427734375
2026-02-24,199.7010040283203,201.6580047607422,199.69998168945312,199.68099975585938
2026-02-25,201.4704132080078,202.48765563964844,201.03240966796875,201.40199279785156
2026-02-26,202.14254760742188,202.26498413085938,201.2172393798828,202.24400329589844
2026-02-27,201.5290069580078,203.37600708007812,201.32574462890625,201.5189971923828
2026-03-02,203.49151611328125,203.96600341796875,201.6820068359375,203.52920532226562
2026-03-03,201.92066955566406,202.16465759277344,200.4239959716797,201.9080047607422
2026-03-04,201.7112274169922,201.92874145507812,200.60829162597656,201.75918579101562
2026-03-05,201.41099548339844,202.08335876464844,200.97947692871094,201.4558563232422
2026-03-06,201.6999969482422,202.68499755859375,201.63499450683594,201.74696350097656
2026-03-09,202.73699951171875,203.70074462890625,202.70263671875,202.7449951171875
2026-03-10,202.89096069335938,203.51028442382812,202.62960815429688,202.89044189453125
2026-03-11,203.01499938964844,203.92300415039062,202.96188354492188,203.05418395996094
2026-03-12,203.45310974121094,203.65367126464844,202.88059997558594,203.46099853515625
2026-03-13,202.68499755859375,202.75599670410156,201.97103881835938,202.66900634765625
2026-03-16,201.9239959716797,202.20399475097656,201.1023712158203,201.97132873535156
2026-03-17,201.8750762939453,202.46224975585938,201.7899932861328,201.86793518066406
2026-03-18,202.45599365234375,202.66600036621094,201.85748291015625,202.4320068359375
2026-03-19,201.58200073242188,201.77200317382812,199.57481384277344,201.59500122070312
2026-03-20,200.13465881347656,201.85800170898438,200.09255981445312,200.174072265625
2026-03-23,201.9949951171875,202.3553009033203,200.56199645996094,202.0880889892578
2026-03-24,201.45303344726562,201.74554443359375,200.59938049316406,201.4199981689453
2026-03-25,201.3560028076172,201.61859130859375,200.86099243164062,201.36599731445312
2026-03-26,201.3560028076172,201.49000549316406,200.95899963378906,201.31100463867188
2026-03-27,200.9499969482422,200.9499969482422,200.3000946044922,200.94509887695312
2026-03-30,200.2989959716797,200.31700134277344,199.12213134765625,200.32200622558594
2026-03-31,199.69000244140625,200.19578552246094,197.72055053710938,199.8090057373047
2026-04-01,198.65921020507812,200.27337646484375,198.6271514892578,198.7150115966797
2026-04-02,199.80799865722656,200.04837036132812,199.13099670410156,199.8256072998047
2026-04-03,199.65699768066406,200.02822875976562,199.38999938964844,199.649658203125
2026-04-06,199.36300659179688,200.2100067138672,199.1114044189453,199.397705078125
2026-04-07,200.0469970703125,200.1046905517578,199.63600158691406,200.065673828125
2026-04-08,200.7451934814453,200.95606994628906,200.33299255371094,200.7530059814453
2026-04-09,200.3939971923828,201.66258239746094,200.38999938964844,200.42300415039062
2026-04-10,201.13430786132812,202.5517120361328,201.10400390625,201.16400146484375
2026-04-13,201.3975067138672,202.83775329589844,201.3953094482422,201.43545532226562
2026-04-14,203.2519989013672,203.87899780273438,202.9720458984375,203.25799560546875
2026-04-15,203.23800659179688,203.56642150878906,203.00982666015625,203.33216857910156
2026-04-16,203.21908569335938,203.38510131835938,202.7728271484375,203.24520874023438
2026-04-17,203.23580932617188,203.6179962158203,202.5285186767578,203.24000549316406
2026-04-20,203.03799438476562,203.9219970703125,202.82525634765625,203.03433227539062
2026-04-21,204.0304718017578,204.41226196289062,203.79617309570312,204.0019989013672
2026-04-22,204.16099548339844,204.3070068359375,203.41400146484375,204.1439971923828
2026-04-23,203.196044921875,203.6436309814453,202.955322265625,203.1910858154297
2026-04-24,203.14599609375,203.2699737548828,202.65499877929688,203.14700317382812
2026-04-27,202.8939971923828,203.21400451660156,202.76214599609375,202.9010009765625
2026-04-28,202.87875366210938,202.99000549316406,201.72203063964844,202.8754119873047
2026-04-29,202.17300415039062,202.88250732421875,202.061279296875,202.14700317382812
2026-04-30,202.63999938964844,203.06500244140625,198.29733276367188,202.56520080566406
2026-05-01,200.8719940185547,201.30999755859375,199.4010009765625,200.86500549316406
2026-05-04,200.81900024414062,201.31199645996094,199.72535705566406,200.78399658203125
2026-05-05,200.51048278808594,201.7760009765625,200.39199829101562,200.47613525390625
2026-05-06,201.76129150390625,202.0070037841797,198.95399475097656,201.75799560546875
2026-05-07,200.9419708251953,201.24081420898438,200.44947814941406,200.91961669921875
2026-05-08,200.94302368164062,201.5540008544922,200.87855529785156,200.91799926757812
2026-05-11,201.6823272705078,202.12721252441406,201.53921508789062,201.6583709716797
2026-05-12,202.02894592285156,202.26800537109375,201.29969787597656,202.03799438476562
2026-05-13,201.96121215820312,202.13436889648438,201.55409240722656,201.94900512695312
2026-05-14,201.9340057373047,202.12399291992188,201.5010986328125,201.92153930664062
2026-05-15,201.905029296875,201.9749298095703,201.4674072265625,201.93788146972656
2026-05-18,201.75900268554688,202.3922119140625,201.7270050048828,201.74197387695312
2026-05-19,202.4945831298828,202.55531311035156,201.1840057373047,202.47500610351562
2026-05-20,201.57081604003906,201.79867553710938,201.08204650878906,201.58399963378906
2026-05-21,201.83799743652344,202.2689971923828,201.51300048828125,201.82000732421875
2026-05-22,202.1457061767578,202.63467407226562,202.0399932861328,202.11019897460938
2026-05-25,203.1646270751953,203.4684295654297,202.85000610351562,203.1668243408203
2026-05-26,202.8837890625,203.02099609375,202.62644958496094,202.8976593017578
2026-05-27,202.81204223632812,203.12637329101562,202.58399963378906,202.79299926757812
2026-05-28,202.47900390625,203.09678649902344,201.81605529785156,202.51528930664062
2026-05-29,203.20851135253906,204.0911102294922,202.9615478515625,203.18247985839844
2026-06-01,203.74600219726562,203.87744140625,202.5592498779297,203.7990264892578
2026-06-02,203.01138305664062,203.56500244140625,202.85812377929688,202.98699951171875
2026-06-03,202.88299560546875,203.0278778076172,202.10276794433594,202.91848754882812
2026-06-04,202.1660614013672,203.0590057373047,201.8498992919922,202.16000366210938
2026-06-05,202.7140350341797,203.119140625,201.3939971923828,202.67153930664062
2026-06-08,201.2452392578125,201.4802703857422,200.36688232421875,201.27908325195312
2026-06-09,200.63560485839844,201.43235778808594,200.58499145507812,200.65687561035156
2026-06-10,200.6577606201172,201.2830047607422,200.58277893066406,200.60067749023438
2026-06-11,200.70327758789062,201.0802764892578,200.43539428710938,200.6479949951172
2026-06-12,201.37100219726562,201.3849639892578,200.94309997558594,201.38897705078125
2026-06-15,201.46299743652344,202.07891845703125,201.4386444091797,201.45936584472656
2026-06-16,201.6720428466797,202.3179931640625,201.30999755859375,201.65028381347656
2026-06-17,202.22000122070312,202.5952606201172,201.9375,202.2307586669922
2026-06-18,200.94862365722656,201.2413787841797,199.933837890625,200.88400268554688
2026-06-19,200.35000610351562,200.4250030517578,199.50074768066406,200.37132263183594
2026-06-22,199.78085327148438,200.3685760498047,199.427001953125,199.76499938964844
2026-06-23,199.69708251953125,200.02760314941406,199.177001953125,199.76416015625
2026-06-24,199.5030059814453,199.5469970703125,198.7156524658203,199.55670166015625
2026-06-25,198.9759979248047,199.7525634765625,198.9152374267578,199.0330047607422
2026-06-26,199.54092407226562,200.3260040283203,199.45399475097656,199.5684814453125
2026-06-29,199.6563262939453,200.3872833251953,199.6490020751953,199.71377563476562
2026-06-30,200.4183807373047,201.52005004882812,200.21678161621094,200.43467712402344
2026-07-01,201.0800018310547,201.16200256347656,200.3820037841797,201.05999755859375
2026-07-02,200.84707641601562,201.00563049316406,199.92300415039062,200.84764099121094
2026-07-03,200.66000366210938,200.90843200683594,200.42300415039062,200.67799377441406
2026-07-06,200.86000061035156,201.57264709472656,200.83999633789062,200.85330200195312
2026-07-07,201.29640197753906,201.34588623046875,200.55055236816406,201.3123321533203
2026-07-08,200.6367645263672,201.21514892578125,200.6009979248047,200.66099548339844
2026-07-09,201.11871337890625,201.46726989746094,201.07000732421875,201.11366271972656
2026-07-10,201.20799255371094,201.3168182373047,199.99400329589844,201.27499389648438
2026-07-13,200.01199340820312,200.65785217285156,199.73606872558594,199.98916625976562
2026-07-14,199.36599731445312,200.78807067871094,199.23399353027344,199.33692932128906
2026-07-15,200.46136474609375,201.0150146484375,200.08802795410156,200.45272827148438
2026-07-16,201.36846923828125,201.4530029296875,200.79867553710938,201.3942413330078
2026-07-17,200.83692932128906,201.39768981933594,200.66506958007812,200.75799560546875
2026-07-20,201.00595092773438,201.3350067138672,200.52560424804688,201.00437927246094
2026-07-21,200.57400512695312,201.0055389404297,200.39999389648438,200.56716918945312
2026-07-22,200.7412872314453,200.90481567382812,200.4335174560547,200.7989959716797
2026-07-23,200.2760009765625,200.80299377441406,200.209716796875,200.26800537109375
2026-07-24,200.56533813476562,200.74449157714844,200.19700622558594,200.5399932861328
2026-07-27,200.46282958984375,200.9199981689453,199.89263916015625,200.41299438476562
2026-07-28,199.8406219482422,200.36289978027344,199.73548889160156,199.84500122070312
2026-07-29,199.8719940185547,200.1199951171875,199.5,199.93699645996094
2026-07-30,200.69837951660156,200.69837951660156,196.166015625,200.7310028076172
2026-07-31,198.7530059814453,199.28250122070312,195.747802734375,198.7519989013672
2026-08-03,195.322998046875,195.56430053710938,192.64328002929688,195.25265502929688
2026-08-04,194.40733337402344,194.97662353515625,194.14100646972656,194.36300659179688
2026-08-05,194.90899658203125,195.23658752441406,194.6529998779297,194.89059448242188
2026-08-06,195.396484375,195.5887451171875,194.75999450683594,195.3629913330078
2026-08-07,194.97805786132812,195.4810028076172,194.3769989013672,194.9739990234375
2026-08-10,195.3300018310547,196.59500122070312,195.28842163085938,195.3627166748047
2026-08-11,196.51657104492188,196.5824432373047,196.26194763183594,196.4980010986328
2026-08-12,196.34400939941406,196.41641235351562,195.74899291992188,196.3660888671875
2026-08-13,195.91342163085938,196.3031005859375,195.59500122070312,195.9040069580078
2026-08-14,195.8130645751953,196.18408203125,195.46629333496094,195.80099487304688
2026-08-17,195.9320068359375,196.96200561523438,195.83599853515625,195.90562438964844
2026-08-18,196.53399658203125,196.9929962158203,196.35586547851562,196.52999877929688
2026-08-19,196.3850860595703,198.22671508789062,195.9662322998047,196.4029998779297
2026-08-20,198.35299682617188,199.05531311035156,197.99325561523438,198.3730010986328
2026-08-21,198.689453125,198.9849853515625,198.2139434814453,198.69000244140625
2026-08-24,198.4374542236328,198.60556030273438,198.10499572753906,198.45518493652344
2026-08-25,198.3509979248047,198.53799438476562,198.0932159423828,198.340087890625
2026-08-26,198.54200744628906,198.60800170898438,197.69400024414062,198.5595703125
2026-08-27,197.78834533691406,198.45855712890625,197.60000610351562,197.79039001464844
2026-08-28,198.15191650390625,198.75,197.81399536132812,198.1909942626953
2026-08-31,197.94064331054688,197.94064331054688,197.28599548339844,197.94000244140625
2026-09-01,197.6215362548828,197.7447967529297,197.0881805419922,197.60000610351562
2026-09-02,197.28526306152344,197.3000030517578,194.94509887695312,197.31808471679688
2026-09-03,195.442138671875,195.52999877929688,192.13685607910156,195.4499969482422
2026-09-04,192.73574829101562,193.67381286621094,191.63900756835938,192.74000549316406
2026-09-07,192.84970092773438,192.8850860595703,190.46913146972656,192.8443145751953
2026-09-08,190.17300415039062,190.78688049316406,189.08438110351562,190.1510009765625
2026-09-09,189.64599609375,190.04063415527344,189.31199645996094,189.66700744628906
2026-09-10,189.5719451904297,190.06300354003906,189.4510040283203,189.57830810546875
2026-09-11,189.947998046875,190.11500549316406,188.1788787841797,189.9517059326172
2026-09-14,187.88800048828125,189.38900756835938,187.8419952392578,187.85000610351562
2026-09-15,188.94126892089844,189.94134521484375,188.92799377441406,188.8975372314453
2026-09-16,189.55999755859375,189.77699279785156,189.16600036621094,189.5399932861328
2026-09-17,189.07899475097656,189.28355407714844,188.44189453125,189.0515594482422
2026-09-18,189.3109893798828,191.64100646972656,189.3109893798828,189.3040008544922
2026-09-21,190.88800048828125,191.9040069580078,190.46994018554688,190.91200256347656
2026-09-22,191.66586303710938,192.24835205078125,191.24899291992188,191.6199951171875
2026-09-23,191.822998046875,192.0157012939453,191.68699645996094,191.8179931640625
2026-09-24,191.81300354003906,192.46539306640625,191.06431579589844,191.7899932861328
2026-09-25,191.7748565673828,191.7748565673828,189.41099548339844,191.7439727783203
2026-09-28,189.7404022216797,190.26300048828125,188.48500061035156,189.75799560546875
2026-09-29,189.1230010986328,189.2570037841797,188.4835662841797,189.15228271484375
2026-09-30,188.68260192871094,188.68260192871094,187.60000610351562,188.67527770996094
2026-10-01,188.13099670410156,190.41700744628906,188.06500244140625,189.7830047607422
