date,open,high,low,close
2020-06-01,1.531350016593933,1.5314600467681885,1.5128999948501587,1.5317100286483765
2020-06-02,1.5107100009918213,1.5135899782180786,1.5053000450134277,1.5111000537872314
2020-06-03,1.510699987411499,1.5198299884796143,1.5091999769210815,1.5112600326538086
2020-06-04,1.5158300399780273,1.533519983291626,1.511299967765808,1.5156899690628052
2020-06-05,1.5306600332260132,1.5343600511550903,1.5149999856948853,1.5305800437927246
2020-06-08,1.516569972038269,1.517009973526001,1.5102299451828003,1.5159200429916382
2020-06-09,1.5113799571990967,1.5259699821472168,1.51010000705719,1.5115100145339966
2020-06-10,1.5211700201034546,1.5268800258636475,1.5182000398635864,1.5205999612808228
2020-06-11,1.5262600183486938,1.5437899827957153,1.5260800123214722,1.5261800289154053
2020-06-12,1.5392600297927856,1.541759967803955,1.5288100242614746,1.5394200086593628
2020-06-15,1.5341299772262573,1.5390700101852417,1.5325299501419067,1.5343400239944458
2020-06-16,1.534000039100647,1.5392299890518188,1.5220099687576294,1.5343300104141235
2020-06-17,1.5249099731445312,1.5277800559997559,1.5194000005722046,1.5246000289916992
2020-06-18,1.5262399911880493,1.527940034866333,1.520900011062622,1.5262399911880493
2020-06-19,1.5234999656677246,1.5252699851989746,1.5157899856567383,1.5231000185012817
2020-06-22,1.522189974784851,1.52524995803833,1.5194000005722046,1.5220799446105957
2020-06-23,1.5227899551391602,1.5322799682617188,1.5219000577926636,1.5229500532150269
2020-06-24,1.5318599939346313,1.5346599817276,1.5283000469207764,1.5319099426269531
2020-06-25,1.5348299741744995,1.534999966621399,1.5268000364303589,1.534980058670044
2020-06-26,1.530079960823059,1.5370099544525146,1.5290000438690186,1.5293999910354614
2020-06-29,1.5350199937820435,1.54243004322052,1.533400058746338,1.5350600481033325
2020-06-30,1.536329984664917,1.5366300344467163,1.5286699533462524,1.5359400510787964
2020-07-01,1.5247600078582764,1.5295699834823608,1.5199300050735474,1.5248600244522095
2020-07-02,1.5292099714279175,1.5354199409484863,1.5269099473953247,1.5292799472808838
2020-07-03,1.5249099731445312,1.5267000198364258,1.5225000381469727,1.5249099731445312
2020-07-06,1.5239399671554565,1.5360699892044067,1.5235999822616577,1.5233999490737915
2020-07-07,1.5317599773406982,1.5354000329971313,1.528499960899353,1.5315699577331543
2020-07-08,1.5339699983596802,1.5367000102996826,1.5323899984359741,1.5335999727249146
2020-07-09,1.5324699878692627,1.5350600481033325,1.5283000469207764,1.5324900150299072
2020-07-10,1.5325000286102295,1.5385500192642212,1.5313999652862549,1.5329500436782837
2020-07-13,1.5374000072479248,1.542080044746399,1.5340700149536133,1.5378600358963013
2020-07-14,1.5441900491714478,1.5523500442504883,1.5437300205230713,1.544119954109192
2020-07-15,1.5516999959945679,1.554260015487671,1.5422300100326538,1.551650047302246
2020-07-16,1.5420700311660767,1.5478099584579468,1.5392999649047852,1.542080044746399
2020-07-17,1.5455199480056763,1.5529899597167969,1.5443999767303467,1.5453599691390991
2020-07-20,1.5528199672698975,1.5572500228881836,1.5467400550842285,1.5531200170516968
2020-07-21,1.5494999885559082,1.5495200157165527,1.537600040435791,1.5492000579833984
2020-07-22,1.5508999824523926,1.558609962463379,1.549399971961975,1.5510200262069702
2020-07-23,1.5518200397491455,1.5544899702072144,1.5477999448776245,1.551759958267212
2020-07-24,1.5542000532150269,1.5623300075531006,1.5535000562667847,1.554260015487671
2020-07-27,1.5633000135421753,1.577280044555664,1.5633000135421753,1.5628999471664429
2020-07-28,1.5695099830627441,1.571869969367981,1.5661699771881104,1.5698299407958984
2020-07-29,1.56781005859375,1.5738600492477417,1.5663599967956543,1.5678499937057495
2020-07-30,1.5720000267028809,1.5863300561904907,1.5700000524520874,1.5718799829483032
2020-07-31,1.5924999713897705,1.5977200269699097,1.5809199810028076,1.5920000076293945
2020-08-03,1.5781999826431274,1.5809500217437744,1.5714000463485718,1.5784000158309937
2020-08-04,1.5750999450683594,1.5784200429916382,1.5707000494003296,1.5753300189971924
2020-08-05,1.5707600116729736,1.5768200159072876,1.568429946899414,1.570889949798584
2020-08-06,1.5749399662017822,1.5776599645614624,1.5723199844360352,1.574869990348816
2020-08-07,1.581760048866272,1.5821800231933594,1.5733000040054321,1.581470012664795
2020-08-10,1.5772700309753418,1.5778100490570068,1.5688999891281128,1.5770000219345093
2020-08-11,1.5671099424362183,1.5687999725341797,1.5640000104904175,1.5674200057983398
2020-08-12,1.5622400045394897,1.5654300451278687,1.560610055923462,1.5621000528335571
2020-08-13,1.5618400573730469,1.5673199892044067,1.5613000392913818,1.5618900060653687
2020-08-14,1.562399983406067,1.5687700510025024,1.5604300498962402,1.562059998512268
2020-08-17,1.5705300569534302,1.572160005569458,1.565999984741211,1.5706900358200073
2020-08-18,1.5698000192642212,1.5752500295639038,1.565500020980835,1.569949984550476
2020-08-19,1.5720399618148804,1.572450041770935,1.5651299953460693,1.5719900131225586
2020-08-20,1.5646400451660156,1.5677499771118164,1.5622999668121338,1.56482994556427
2020-08-21,1.5636099576950073,1.5643500089645386,1.5539000034332275,1.563099980354309
2020-08-24,1.5549499988555908,1.5617200136184692,1.552299976348877,1.5548800230026245
2020-08-25,1.5589100122451782,1.5644999742507935,1.5579999685287476,1.558899998664856
2020-08-26,1.557960033416748,1.5591399669647217,1.5525000095367432,1.5580099821090698
2020-08-27,1.5556999444961548,1.5590300559997559,1.5473500490188599,1.5553799867630005
2020-08-28,1.551169991493225,1.5600500106811523,1.5504000186920166,1.5508500337600708
2020-08-31,1.558769941329956,1.5603100061416626,1.554029941558838,1.5588500499725342
2020-09-01,1.5563700199127197,1.5646799802780151,1.5554399490356445,1.555899977684021
2020-09-02,1.556570053100586,1.5565999746322632,1.545799970626831,1.5563700199127197
2020-09-03,1.5452799797058105,1.5550099611282349,1.542799949645996,1.545140027999878
2020-09-04,1.555590033531189,1.5560599565505981,1.5465199947357178,1.5556000471115112
2020-09-07,1.5476700067520142,1.5522199869155884,1.545300006866455,1.5473400354385376
2020-09-08,1.5477999448776245,1.5561599731445312,1.5463000535964966,1.5477900505065918
2020-09-09,1.557960033416748,1.5613399744033813,1.5543999671936035,1.557860016822815
2020-09-10,1.5527000427246094,1.5657299757003784,1.552299976348877,1.552489995956421
2020-09-11,1.559399962425232,1.563599944114685,1.5576399564743042,1.5595300197601318
2020-09-14,1.56072998046875,1.5654900074005127,1.55840003490448,1.560610055923462
2020-09-15,1.5637600421905518,1.5648499727249146,1.5595899820327759,1.563770055770874
2020-09-16,1.5624699592590332,1.5643500089645386,1.5575100183486938,1.5625100135803223
2020-09-17,1.5558300018310547,1.5617599487304688,1.5536600351333618,1.5557899475097656
2020-09-18,1.5579400062561035,1.5646100044250488,1.5578399896621704,1.5576000213623047
2020-09-21,1.5632400512695312,1.5652999877929688,1.5579400062561035,1.5632100105285645
2020-09-22,1.564650058746338,1.5661300420761108,1.5577000379562378,1.5648200511932373
2020-09-23,1.5565500259399414,1.5615700483322144,1.5539000034332275,1.5567500591278076
2020-09-24,1.5604900121688843,1.5636999607086182,1.558150053024292,1.5603400468826294
2020-09-25,1.5584299564361572,1.5599000453948975,1.5552500486373901,1.5584800243377686
2020-09-28,1.5563600063323975,1.5628299713134766,1.5555000305175781,1.5566600561141968
2020-09-29,1.559499979019165,1.5736099481582642,1.559499979019165,1.559790015220642
2020-09-30,1.5715099573135376,1.5736099481582642,1.5616300106048584,1.5713900327682495
2020-10-01,1.5599900484085083,1.5638600587844849,1.5587999820709229,1.559980034828186
2020-10-02,1.5603200197219849,1.562459945678711,1.5575000047683716,1.5603300333023071
2020-10-05,1.5576499700546265,1.5647200345993042,1.5556000471115112,1.5577199459075928
2020-10-06,1.5628900527954102,1.5655100345611572,1.5609999895095825,1.5629899501800537
2020-10-07,1.5634700059890747,1.5658999681472778,1.5608999729156494,1.5634900331497192
2020-10-08,1.559790015220642,1.5606800317764282,1.5528500080108643,1.5595999956130981
2020-10-09,1.552240014076233,1.5551199913024902,1.5502599477767944,1.5521999597549438
2020-10-12,1.5511000156402588,1.55239999294281,1.547379970550537,1.551200032234192
2020-10-13,1.5488899946212769,1.5503000020980835,1.5417900085449219,1.5489200353622437
2020-10-14,1.542889952659607,1.5467000007629395,1.539039969444275,1.542930006980896
2020-10-15,1.5443300008773804,1.5504599809646606,1.5432000160217285,1.544260025024414
2020-10-16,1.548200011253357,1.5508099794387817,1.5439800024032593,1.548259973526001
2020-10-19,1.5439800024032593,1.5528199672698975,1.5425000190734863,1.5439499616622925
2020-10-20,1.551900029182434,1.5583300590515137,1.5505000352859497,1.551800012588501
2020-10-21,1.5519599914550781,1.5590499639511108,1.5502899885177612,1.5520100593566895
2020-10-22,1.5591100454330444,1.5604100227355957,1.5523300170898438,1.5590200424194336
2020-10-23,1.5520800352096558,1.5572999715805054,1.5498000383377075,1.5520299673080444
2020-10-26,1.5576499700546265,1.5616600513458252,1.5556999444961548,1.557669997215271
2020-10-27,1.559380054473877,1.5599900484085083,1.5556999444961548,1.5594300031661987
2020-10-28,1.554260015487671,1.5653799772262573,1.551900029182434,1.5541900396347046
2020-10-29,1.5637099742889404,1.5667999982833862,1.555799961090088,1.5637099742889404
2020-10-30,1.5543400049209595,1.5586600303649902,1.552299976348877,1.5549299716949463
2020-11-02,1.555999994277954,1.5560699701309204,1.541100025177002,1.5562200546264648
2020-11-03,1.5389100313186646,1.5428999662399292,1.536370038986206,1.5389100313186646
2020-11-04,1.5411900281906128,1.5484299659729004,1.5364999771118164,1.5405999422073364
2020-11-05,1.5401400327682495,1.5505499839782715,1.5392999649047852,1.5399999618530273
2020-11-06,1.545490026473999,1.5526200532913208,1.5429999828338623,1.5459200143814087
2020-11-09,1.5485299825668335,1.5487099885940552,1.5316100120544434,1.5486400127410889
2020-11-10,1.5379400253295898,1.5413299798965454,1.5339200496673584,1.5380500555038452
2020-11-11,1.540060043334961,1.5414199829101562,1.5333499908447266,1.5400700569152832
2020-11-12,1.5380699634552002,1.5506999492645264,1.5379999876022339,1.5381499528884888
2020-11-13,1.5505800247192383,1.5571500062942505,1.5505000352859497,1.5506900548934937
2020-11-16,1.5545200109481812,1.5545200109481812,1.546470046043396,1.5544400215148926
2020-11-17,1.5505900382995605,1.5582499504089355,1.549299955368042,1.5505800247192383
2020-11-18,1.55485999584198,1.555340051651001,1.5476000308990479,1.5546799898147583
2020-11-19,1.5499399900436401,1.5516300201416016,1.5478899478912354,1.550089955329895
2020-11-20,1.552839994430542,1.5537099838256836,1.5474799871444702,1.5527000427246094
2020-11-23,1.552549958229065,1.554669976234436,1.5467300415039062,1.5522899627685547
2020-11-24,1.5482399463653564,1.5520800352096558,1.5452300310134888,1.5484100580215454
2020-11-25,1.546280026435852,1.5507700443267822,1.5455000400543213,1.5462299585342407
2020-11-26,1.549530029296875,1.5517200231552124,1.5463000535964966,1.5490000247955322
2020-11-27,1.5508899688720703,1.55308997631073,1.548140048980713,1.5508699417114258
2020-11-30,1.554029941558838,1.5553300380706787,1.5486700534820557,1.5541000366210938
2020-12-01,1.5507400035858154,1.5613700151443481,1.549399971961975,1.5508300065994263
2020-12-02,1.5611000061035156,1.5659799575805664,1.5576000213623047,1.5611599683761597
2020-12-03,1.5646300315856934,1.5707000494003296,1.5640000104904175,1.56482994556427
2020-12-04,1.562559962272644,1.5661699771881104,1.5530500411987305,1.5624300241470337
2020-12-07,1.549090027809143,1.5563900470733643,1.5488300323486328,1.5489799976348877
2020-12-08,1.5504000186920166,1.5522799491882324,1.5481200218200684,1.5507299900054932
2020-12-09,1.5518900156021118,1.5539599657058716,1.5443099737167358,1.5518399477005005
2020-12-10,1.5490000247955322,1.5496799945831299,1.5403800010681152,1.548799991607666
2020-12-11,1.5471400022506714,1.549530029296875,1.5445200204849243,1.5470399856567383
2020-12-14,1.5470600128173828,1.553189992904663,1.5462000370025635,1.5470099449157715
2020-12-15,1.5501400232315063,1.5518100261688232,1.5456000566482544,1.550089955329895
2020-12-16,1.5433299541473389,1.5564199686050415,1.5429999828338623,1.5434800386428833
2020-12-17,1.554569959640503,1.5592700242996216,1.5528000593185425,1.5543999671936035
2020-12-18,1.5611399412155151,1.5642900466918945,1.5598000288009644,1.5610899925231934
2020-12-21,1.5640100240707397,1.5736700296401978,1.5637099742889404,1.5648800134658813
2020-12-22,1.572100043296814,1.5783599615097046,1.571179986000061,1.5725300312042236
2020-12-23,1.5710300207138062,1.5718799829483032,1.5654699802398682,1.571079969406128
2020-12-24,1.5661100149154663,1.568560004234314,1.561959981918335,1.5659199953079224
2020-12-25,1.5663199424743652,1.5746999979019165,1.556920051574707,1.565559983253479
2020-12-28,1.5668799877166748,1.5730600357055664,1.565500020980835,1.566980004310608
2020-12-29,1.569000005722046,1.5715700387954712,1.5664499998092651,1.5692100524902344
2020-12-30,1.5711100101470947,1.5737700462341309,1.5662699937820435,1.5706900358200073
2020-12-31,1.5680999755859375,1.5686099529266357,1.556920051574707,1.568179965019226
2021-01-01,1.5260900259017944,1.5542999505996704,1.509119987487793,1.5260900259017944
2021-01-04,1.558419942855835,1.5667400360107422,1.5550999641418457,1.5584299564361572
2021-01-05,1.5658600330352783,1.566540002822876,1.5611799955368042,1.5657000541687012
2021-01-06,1.5589499473571777,1.565600037574768,1.5571999549865723,1.5589300394058228
2021-01-07,1.562690019607544,1.563689947128296,1.5577000379562378,1.5627299547195435
2021-01-08,1.5562200546264648,1.5579899549484253,1.5506399869918823,1.5562100410461426
2021-01-11,1.5509099960327148,1.5589499473571777,1.5500999689102173,1.5513399839401245
2021-01-12,1.5532000064849854,1.553689956665039,1.5485199689865112,1.5532499551773071
2021-01-13,1.5514899492263794,1.5535099506378174,1.5451600551605225,1.5513900518417358
2021-01-14,1.544260025024414,1.5444400310516357,1.5333000421524048,1.5442299842834473
2021-01-15,1.5367799997329712,1.5430500507354736,1.5357999801635742,1.5362999439239502
2021-01-18,1.5408300161361694,1.5447700023651123,1.5399999618530273,1.5403599739074707
2021-01-19,1.5398199558258057,1.547760009765625,1.5379999876022339,1.5397599935531616
2021-01-20,1.5443400144577026,1.5451099872589111,1.5268499851226807,1.5442899465560913
2021-01-21,1.5297600030899048,1.5351799726486206,1.528499960899353,1.529729962348938
2021-01-22,1.5387400388717651,1.5496200323104858,1.5383700132369995,1.538640022277832
2021-01-25,1.5481300354003906,1.5487300157546997,1.5431100130081177,1.5482100248336792
2021-01-26,1.5466599464416504,1.549589991569519,1.543529987335205,1.5467300415039062
2021-01-27,1.5436400175094604,1.5471999645233154,1.5418000221252441,1.5438200235366821
2021-01-28,1.5511900186538696,1.5592700242996216,1.549720048904419,1.5512399673461914
2021-01-29,1.5549800395965576,1.5579700469970703,1.5472999811172485,1.5544999837875366
2021-02-01,1.5516300201416016,1.5518699884414673,1.5456600189208984,1.5520199537277222
2021-02-02,1.550529956817627,1.5512900352478027,1.5402100086212158,1.5502599477767944
2021-02-03,1.5391099452972412,1.539989948272705,1.5347100496292114,1.539180040359497
2021-02-04,1.5395400524139404,1.5396499633789062,1.5319000482559204,1.5392600297927856
2021-02-05,1.5346599817276,1.5385199785232544,1.531290054321289,1.534440040588379
2021-02-08,1.537350058555603,1.5384199619293213,1.5353000164031982,1.5371500253677368
2021-02-09,1.5352400541305542,1.543619990348816,1.5348000526428223,1.5351200103759766
2021-02-10,1.5385099649429321,1.541200041770935,1.5374300479888916,1.538450002670288
2021-02-11,1.5383599996566772,1.5399500131607056,1.5367000102996826,1.5384600162506104
2021-02-12,1.5405100584030151,1.5441800355911255,1.538599967956543,1.5406500101089478
2021-02-15,1.5378799438476562,1.5382599830627441,1.5320700407028198,1.5374000072479248
2021-02-16,1.5330300331115723,1.5377099514007568,1.531149983406067,1.5329699516296387
2021-02-17,1.5364099740982056,1.5369399785995483,1.5293999910354614,1.5368399620056152
2021-02-18,1.5295900106430054,1.5364799499511719,1.5281000137329102,1.5298099517822266
2021-02-19,1.533270001411438,1.5373899936676025,1.5282100439071655,1.5333499908447266
2021-02-22,1.5275399684906006,1.5350199937820435,1.5262199640274048,1.527690052986145
2021-02-23,1.533959984779358,1.534749984741211,1.5298899412155151,1.5339900255203247
2021-02-24,1.5299999713897705,1.5304499864578247,1.5210000276565552,1.530210018157959
2021-02-25,1.5226999521255493,1.5319900512695312,1.5211999416351318,1.5225600004196167
2021-02-26,1.5335099697113037,1.537310004234314,1.5291399955749512,1.5333800315856934
2021-03-01,1.5350500345230103,1.5357600450515747,1.5226999521255493,1.5347599983215332
2021-03-02,1.5231000185012817,1.5255600214004517,1.52006995677948,1.5231000185012817
2021-03-03,1.5269700288772583,1.5273499488830566,1.5222500562667847,1.5270600318908691
2021-03-04,1.5268499851226807,1.5268499851226807,1.5151000022888184,1.5268800258636475
2021-03-05,1.5171300172805786,1.5176500082015991,1.5082000494003296,1.516700029373169
2021-03-08,1.5062600374221802,1.5076099634170532,1.5008000135421753,1.5063600540161133
2021-03-09,1.4997999668121338,1.5051100254058838,1.498610019683838,1.5000799894332886
2021-03-10,1.504390001296997,1.506250023841858,1.5024100542068481,1.5040299892425537
2021-03-11,1.5050499439239502,1.5065300464630127,1.5023200511932373,1.5048600435256958
2021-03-12,1.5017999410629272,1.5017999410629272,1.4901800155639648,1.5011999607086182
2021-03-15,1.49003005027771,1.4913599491119385,1.48403000831604,1.489959955215454
2021-03-16,1.4875999689102173,1.4901599884033203,1.4809000492095947,1.4874999523162842
2021-03-17,1.480929970741272,1.487030029296875,1.4807000160217285,1.4808399677276611
2021-03-18,1.4843699932098389,1.4847700595855713,1.480299949645996,1.4846500158309937
2021-03-19,1.4889800548553467,1.4904999732971191,1.4838999509811401,1.4886399507522583
2021-03-22,1.4881900548934937,1.4953900575637817,1.4847300052642822,1.488029956817627
2021-03-23,1.4939899444580078,1.497230052947998,1.4892899990081787,1.4941200017929077
2021-03-24,1.4904999732971191,1.492609977722168,1.4840699434280396,1.4906400442123413
2021-03-25,1.485859990119934,1.4896199703216553,1.4824800491333008,1.485759973526001
2021-03-26,1.4840699434280396,1.4845600128173828,1.4801900386810303,1.4840500354766846
2021-03-29,1.4833199977874756,1.4870200157165527,1.4808000326156616,1.4833300113677979
2021-03-30,1.4816999435424805,1.482990026473999,1.476889967918396,1.4812999963760376
2021-03-31,1.4794600009918213,1.47993004322052,1.4729399681091309,1.479200005531311
2021-04-01,1.4734100103378296,1.4796500205993652,1.4726999998092651,1.473039984703064
2021-04-02,1.4772000312805176,1.4802700281143188,1.4747999906539917,1.4773999452590942
2021-04-05,1.4786700010299683,1.4799599647521973,1.4738999605178833,1.4781999588012695
2021-04-06,1.4797199964523315,1.4869999885559082,1.478600025177002,1.479490041732788
2021-04-07,1.4927699565887451,1.503309965133667,1.4921000003814697,1.4927200078964233
2021-04-08,1.4975600242614746,1.499459981918335,1.4941999912261963,1.4974499940872192
2021-04-09,1.496880054473877,1.499559998512268,1.4898200035095215,1.4968600273132324
2021-04-12,1.4908699989318848,1.4968700408935547,1.4908000230789185,1.4910099506378174
2021-04-13,1.4964699745178223,1.502619981765747,1.4948999881744385,1.496440052986145
2021-04-14,1.4986300468444824,1.5044100284576416,1.4981000423431396,1.4986499547958374
2021-04-15,1.499400019645691,1.5016100406646729,1.4941999912261963,1.4999300241470337
2021-04-16,1.5016599893569946,1.5019400119781494,1.4962999820709229,1.5016100406646729
2021-04-19,1.4980299472808838,1.5078500509262085,1.4946999549865723,1.4981800317764282
2021-04-20,1.5081599950790405,1.5149500370025635,1.5054999589920044,1.5075000524520874
2021-04-21,1.5176700353622437,1.5186200141906738,1.4993900060653687,1.5175399780273438
2021-04-22,1.5054199695587158,1.5086899995803833,1.500190019607544,1.5051699876785278
2021-04-23,1.50177001953125,1.5089499950408936,1.4990999698638916,1.5021300315856934
2021-04-26,1.5096900463104248,1.5097399950027466,1.4958800077438354,1.5097399950027466
2021-04-27,1.4972699880599976,1.4997899532318115,1.4960999488830566,1.4973900318145752
2021-04-28,1.4999300241470337,1.4999300241470337,1.4938000440597534,1.4997999668121338
2021-04-29,1.492959976196289,1.4938100576400757,1.4882999658584595,1.4929399490356445
2021-04-30,1.488420009613037,1.4888700246810913,1.478700041770935,1.4883300065994263
2021-05-03,1.4767299890518188,1.4838800430297852,1.4759999513626099,1.4768099784851074
2021-05-04,1.4808800220489502,1.4837700128555298,1.4775999784469604,1.4807000160217285
2021-05-05,1.4779000282287598,1.4780299663543701,1.4702999591827393,1.477869987487793
2021-05-06,1.4729299545288086,1.4767099618911743,1.4688899517059326,1.4730700254440308
2021-05-07,1.4666999578475952,1.4783300161361694,1.465499997138977,1.4666199684143066
2021-05-10,1.474179983139038,1.4750299453735352,1.469499945640564,1.4745099544525146
2021-05-11,1.4681299924850464,1.4745500087738037,1.4677000045776367,1.4682300090789795
2021-05-12,1.4689300060272217,1.470020055770874,1.4580999612808228,1.468999981880188
2021-05-13,1.463670015335083,1.4686100482940674,1.4625999927520752,1.4638899564743042
2021-05-14,1.4697799682617188,1.4728599786758423,1.4668999910354614,1.4697799682617188
2021-05-17,1.4713000059127808,1.4740699529647827,1.4660600423812866,1.4715399742126465
2021-05-18,1.4656000137329102,1.4729199409484863,1.4639999866485596,1.4662400484085083
2021-05-19,1.4750800132751465,1.4815599918365479,1.4723999500274658,1.4751800298690796
2021-05-20,1.4759999513626099,1.4798699617385864,1.4727699756622314,1.4764900207519531
2021-05-21,1.4746400117874146,1.478410005569458,1.4671299457550049,1.47461998462677
2021-05-24,1.4700900316238403,1.4758599996566772,1.4693000316619873,1.4696999788284302
2021-05-25,1.471850037574768,1.478469967842102,1.4716999530792236,1.4717799425125122
2021-05-26,1.4776999950408936,1.481850028038025,1.475100040435791,1.477329969406128
2021-05-27,1.4786499738693237,1.4787499904632568,1.4705899953842163,1.4788399934768677
2021-05-28,1.4716999530792236,1.4749300479888916,1.46806001663208,1.4716700315475464
2021-05-31,1.472059965133667,1.4776699542999268,1.469599962234497,1.472190022468567
2021-06-01,1.4753400087356567,1.4753799438476562,1.4697799682617188,1.4752399921417236
2021-06-02,1.4746899604797363,1.47530996799469,1.4695099592208862,1.4746700525283813
2021-06-03,1.469920039176941,1.4719899892807007,1.467769980430603,1.4700499773025513
2021-06-04,1.4688999652862549,1.4722599983215332,1.4664000272750854,1.468690037727356
2021-06-07,1.4690500497817993,1.4727599620819092,1.4673999547958374,1.4692100286483765
2021-06-08,1.4733500480651855,1.474120020866394,1.4701000452041626,1.4733699560165405
2021-06-09,1.4741899967193604,1.4752099514007568,1.472100019454956,1.47406005859375
2021-06-10,1.4751299619674683,1.475950002670288,1.471019983291626,1.4753799438476562
2021-06-11,1.4724299907684326,1.473889946937561,1.4678000211715698,1.4722800254821777
2021-06-14,1.4721699953079224,1.474810004234314,1.469499945640564,1.4724199771881104
2021-06-15,1.4714000225067139,1.4792200326919556,1.4704999923706055,1.471500039100647
2021-06-16,1.4772900342941284,1.4782500267028809,1.473680019378662,1.4773600101470947
2021-06-17,1.4724500179290771,1.4734200239181519,1.4680299758911133,1.4727200269699097
2021-06-18,1.4707800149917603,1.4793399572372437,1.4696999788284302,1.4706799983978271
2021-06-21,1.477869987487793,1.4824299812316895,1.472890019416809,1.4778399467468262
2021-06-22,1.4734899997711182,1.4756799936294556,1.47160005569458,1.4734100103378296
2021-06-23,1.469539999961853,1.4701999425888062,1.4655300378799438,1.4688999652862549
2021-06-24,1.4679100513458252,1.471940040588379,1.4664000272750854,1.4675500392913818
2021-06-25,1.4698200225830078,1.4714200496673584,1.4670300483703613,1.4698100090026855
2021-06-28,1.4677200317382812,1.4717400074005127,1.4666999578475952,1.4677000045776367
2021-06-29,1.4712599515914917,1.475350022315979,1.4694199562072754,1.4709999561309814
2021-06-30,1.475250005722046,1.477120041847229,1.4664499759674072,1.4752999544143677
2021-07-01,1.469599962234497,1.4726500511169434,1.468019962310791,1.4693100452423096
2021-07-02,1.4736499786376953,1.4737000465393066,1.4618899822235107,1.473620057106018
2021-07-05,1.4620399475097656,1.467039942741394,1.4619899988174438,1.4617700576782227
2021-07-06,1.4637700319290161,1.47707998752594,1.4619100093841553,1.4638700485229492
2021-07-07,1.4729599952697754,1.476430058479309,1.4678900241851807,1.47284996509552
2021-07-08,1.4719500541687012,1.49127995967865,1.4714200496673584,1.4719300270080566
2021-07-09,1.484339952468872,1.4862500429153442,1.4781999588012695,1.4844399690628052
2021-07-12,1.4781800508499146,1.4829299449920654,1.4768099784851074,1.4774999618530273
2021-07-13,1.4775999784469604,1.4815499782562256,1.476099967956543,1.4772000312805176
2021-07-14,1.4745800495147705,1.4809900522232056,1.4714399576187134,1.474329948425293
2021-07-15,1.4809099435806274,1.4854400157928467,1.4788899421691895,1.4805999994277954
2021-07-16,1.487339973449707,1.4881199598312378,1.4839999675750732,1.4873000383377075
2021-07-19,1.4902100563049316,1.5096999406814575,1.4900000095367432,1.4900000095367432
2021-07-20,1.5034099817276,1.5060499906539917,1.4978300333023071,1.5031399726867676
2021-07-21,1.4933600425720215,1.4972800016403198,1.4776999950408936,1.493299961090088
2021-07-22,1.4819999933242798,1.488010048866272,1.4775899648666382,1.481950044631958
2021-07-23,1.479009985923767,1.4821799993515015,1.4774999618530273,1.4790899753570557
2021-07-26,1.4796199798583984,1.4833400249481201,1.479099988937378,1.4795199632644653
2021-07-27,1.4806699752807617,1.4888299703598022,1.4801000356674194,1.4805799722671509
2021-07-28,1.4884899854660034,1.488700032234192,1.4826600551605225,1.48826003074646
2021-07-29,1.482990026473999,1.4837599992752075,1.4778499603271484,1.482699990272522
2021-07-30,1.4802800416946411,1.4818099737167358,1.4758000373840332,1.4802600145339966
2021-08-02,1.479200005531311,1.4848500490188599,1.479200005531311,1.4788999557495117
2021-08-03,1.4841099977493286,1.492419958114624,1.4828699827194214,1.4842599630355835
2021-08-04,1.487529993057251,1.4923499822616577,1.4840999841690063,1.487529993057251
2021-08-05,1.4848300218582153,1.4848300218582153,1.476770043373108,1.4845999479293823
2021-08-06,1.4793299436569214,1.4796099662780762,1.475100040435791,1.478600025177002
2021-08-09,1.4769799709320068,1.478410005569458,1.473960041999817,1.4765000343322754
2021-08-10,1.475469946861267,1.4770400524139404,1.4671000242233276,1.4754999876022339
2021-08-11,1.4669400453567505,1.46943998336792,1.4665299654006958,1.4672199487686157
2021-08-12,1.4683400392532349,1.4697599411010742,1.4660799503326416,1.4685399532318115
2021-08-13,1.4691599607467651,1.4762599468231201,1.4680999517440796,1.4693100452423096
2021-08-16,1.4764699935913086,1.482890009880066,1.476099967956543,1.4763100147247314
2021-08-17,1.48062002658844,1.4866100549697876,1.4778800010681152,1.4806100130081177
2021-08-18,1.4783899784088135,1.4801000356674194,1.4767999649047852,1.4784400463104248
2021-08-19,1.4818099737167358,1.497920036315918,1.4805999994277954,1.4819400310516357
2021-08-20,1.497879981994629,1.5113500356674194,1.496500015258789,1.49822998046875
2021-08-23,1.4998600482940674,1.4999500513076782,1.4851000308990479,1.500059962272644
2021-08-24,1.4859800338745117,1.4861799478530884,1.4795299768447876,1.4855999946594238
2021-08-25,1.4802299737930298,1.4847099781036377,1.4790699481964111,1.4805400371551514
2021-08-26,1.4819300174713135,1.4883999824523926,1.4816999435424805,1.4818899631500244
2021-08-27,1.491629958152771,1.4924800395965576,1.486899971961975,1.4908900260925293
2021-08-30,1.487820029258728,1.4909199476242065,1.4829800128936768,1.4874999523162842
2021-08-31,1.4871900081634521,1.4934300184249878,1.486799955368042,1.487030029296875
2021-09-01,1.4897199869155884,1.4958399534225464,1.4852999448776245,1.4899100065231323
2021-09-02,1.4940099716186523,1.4965800046920776,1.4889999628067017,1.4943599700927734
2021-09-03,1.4905099868774414,1.4920300245285034,1.485700011253357,1.4904299974441528
2021-09-06,1.4892699718475342,1.4899300336837769,1.486050009727478,1.4892499446868896
2021-09-07,1.4879000186920166,1.4973000288009644,1.4869999885559082,1.4882299900054932
2021-09-08,1.4978300333023071,1.5061999559402466,1.4946000576019287,1.4976600408554077
2021-09-09,1.500380039215088,1.5046199560165405,1.493399977684021,1.5003000497817993
2021-09-10,1.4975099563598633,1.4979300498962402,1.4881999492645264,1.4973499774932861
2021-09-13,1.497439980506897,1.4983099699020386,1.4913599491119385,1.4972000122070312
2021-09-14,1.4936800003051758,1.4990299940109253,1.4916800260543823,1.493499994277954
2021-09-15,1.4977699518203735,1.5012199878692627,1.492799997329712,1.4978899955749512
2021-09-16,1.4918999671936035,1.493749976158142,1.485319972038269,1.4913400411605835
2021-09-17,1.491760015487671,1.4975500106811523,1.488420009613037,1.491979956626892
2021-09-20,1.496940016746521,1.5093300342559814,1.49590003490448,1.497230052947998
2021-09-21,1.5014899969100952,1.5058799982070923,1.4950000047683716,1.5013500452041626
2021-09-22,1.5023900270462036,1.5032099485397339,1.493649959564209,1.5029200315475464
2021-09-23,1.4944000244140625,1.495460033416748,1.482699990272522,1.494339942932129
2021-09-24,1.4864799976348877,1.4907000064849854,1.4844000339508057,1.4860999584197998
2021-09-27,1.4824999570846558,1.4824999570846558,1.4768500328063965,1.4827799797058105
2021-09-28,1.4767800569534302,1.4834799766540527,1.4732799530029297,1.476680040359497
2021-09-29,1.481510043144226,1.4829800128936768,1.4775400161743164,1.4813400506973267
2021-09-30,1.4797999858856201,1.4797999858856201,1.4646199941635132,1.479599952697754
2021-10-01,1.4680999517440796,1.4756100177764893,1.465999960899353,1.4680900573730469
2021-10-04,1.4655100107192993,1.4682600498199463,1.4607000350952148,1.4653600454330444
2021-10-05,1.462630033493042,1.464229941368103,1.455090045928955,1.4624799489974976
2021-10-06,1.4590799808502197,1.4623199701309204,1.455299973487854,1.4590100049972534
2021-10-07,1.454300045967102,1.4568500518798828,1.4501800537109375,1.4542900323867798
2021-10-08,1.4503099918365479,1.451259970664978,1.4414000511169434,1.4503200054168701
2021-10-11,1.4439799785614014,1.4439799785614014,1.4387999773025513,1.4437299966812134
2021-10-12,1.4418200254440308,1.4439400434494019,1.4355000257492065,1.4418599605560303
2021-10-13,1.4386999607086182,1.4414000511169434,1.436560034751892,1.4386199712753296
2021-10-14,1.442330002784729,1.442330002784729,1.4322500228881836,1.4424899816513062
2021-10-15,1.4344300031661987,1.4364399909973145,1.4315999746322632,1.4342299699783325
2021-10-18,1.4348100423812866,1.4385600090026855,1.4329999685287476,1.434499979019165
2021-10-19,1.4367300271987915,1.4408700466156006,1.434999942779541,1.4368000030517578
2021-10-20,1.437000036239624,1.4384900331497192,1.4341000318527222,1.4370100498199463
2021-10-21,1.4358999729156494,1.4378000497817993,1.4332799911499023,1.4358999729156494
2021-10-22,1.4380700588226318,1.440600037574768,1.4330400228500366,1.4379899501800537
2021-10-25,1.43982994556427,1.44035005569458,1.4337199926376343,1.4395999908447266
2021-10-26,1.4364999532699585,1.4375300407409668,1.4335999488830566,1.4370499849319458
2021-10-27,1.4367200136184692,1.4439799785614014,1.4296000003814697,1.4369399547576904
2021-10-28,1.43464994430542,1.4430700540542603,1.4310499429702759,1.434790015220642
2021-10-29,1.4422500133514404,1.444100022315979,1.4313100576400757,1.442330002784729
2021-11-01,1.4309600591659546,1.4341299533843994,1.4294999837875366,1.4309600591659546
2021-11-02,1.4354499578475952,1.4397900104522705,1.434499979019165,1.4353300333023071
2021-11-03,1.4365999698638916,1.440659999847412,1.4362000226974487,1.4369100332260132
2021-11-04,1.4378299713134766,1.4390499591827393,1.4325799942016602,1.4376800060272217
2021-11-05,1.4385299682617188,1.4413299560546875,1.433590054512024,1.438730001449585
2021-11-08,1.440209984779358,1.4436899423599243,1.4378199577331543,1.440269947052002
2021-11-09,1.441830039024353,1.4459400177001953,1.4392000436782837,1.4417400360107422
2021-11-10,1.4415899515151978,1.4423600435256958,1.4304200410842896,1.4417799711227417
2021-11-11,1.4341100454330444,1.4445099830627441,1.4330999851226807,1.4341599941253662
2021-11-12,1.441059947013855,1.4422199726104736,1.4369399547576904,1.4411100149154663
2021-11-15,1.4353899955749512,1.4377599954605103,1.4290000200271606,1.4353100061416626
2021-11-16,1.422469973564148,1.4254599809646606,1.4214999675750732,1.4223400354385376
2021-11-17,1.4219800233840942,1.4261300563812256,1.4178500175476074,1.4221400022506714
2021-11-18,1.427150011062622,1.435789942741394,1.426200032234192,1.4273099899291992
2021-11-19,1.4327900409698486,1.4327900409698486,1.42399001121521,1.4328099489212036
2021-11-22,1.426740050315857,1.4288300275802612,1.4234000444412231,1.4266400337219238
2021-11-23,1.4278500080108643,1.4351999759674072,1.4264999628067017,1.4278000593185425
2021-11-24,1.4251799583435059,1.4270199537277222,1.4164199829101562,1.425279974937439
2021-11-25,1.418470025062561,1.4228500127792358,1.4175000190734863,1.418370008468628
2021-11-26,1.4193799495697021,1.4485100507736206,1.4192500114440918,1.4194899797439575
2021-11-29,1.4363199472427368,1.441540002822876,1.4338099956512451,1.4368599653244019
2021-11-30,1.4383800029754639,1.4549700021743774,1.437600016593933,1.4384499788284302
2021-12-01,1.4470399618148804,1.4488099813461304,1.442080020904541,1.4472899436950684
2021-12-02,1.4499900341033936,1.4553099870681763,1.445199966430664,1.4500800371170044
2021-12-03,1.448799967765808,1.4531400203704834,1.43996000289917,1.4491900205612183
2021-12-06,1.4488699436187744,1.4509199857711792,1.4405900239944458,1.4488199949264526
2021-12-07,1.4397000074386597,1.4402899742126465,1.4211900234222412,1.4400399923324585
2021-12-08,1.4255000352859497,1.4355900287628174,1.4223400354385376,1.4254599809646606
2021-12-09,1.4350999593734741,1.4365999698638916,1.4321999549865723,1.4352999925613403
2021-12-10,1.4349199533462524,1.4391800165176392,1.4305399656295776,1.4350199699401855
2021-12-13,1.4387199878692627,1.447160005569458,1.4351999759674072,1.4384900331497192
2021-12-14,1.4448599815368652,1.451930046081543,1.4424999952316284,1.4451099634170532
2021-12-15,1.4484200477600098,1.4547300338745117,1.4464000463485718,1.4485299587249756
2021-12-16,1.4494099617004395,1.4515999555587769,1.4417999982833862,1.4493199586868286
2021-12-17,1.4484399557113647,1.4534000158309937,1.4444999694824219,1.4484399557113647
2021-12-20,1.4498100280761719,1.464419960975647,1.4486000537872314,1.4500999450683594
2021-12-21,1.4585000276565552,1.4627100229263306,1.4559400081634521,1.4587700366973877
2021-12-22,1.4586399793624878,1.4611799716949463,1.4539999961853027,1.4586199522018433
2021-12-23,1.4555699825286865,1.4573999643325806,1.4483100175857544,1.455590009689331
2021-12-24,1.4522000551223755,1.454949975013733,1.4477299451828003,1.4520100355148315
2021-12-27,1.4507700204849243,1.4535599946975708,1.446310043334961,1.4507800340652466
2021-12-28,1.4488699436187744,1.4503899812698364,1.4452999830245972,1.4487199783325195
2021-12-29,1.449720025062561,1.455489993095398,1.4455599784851074,1.4497400522232056
2021-12-30,1.451859951019287,1.451859951019287,1.4456000328063965,1.4519699811935425
2021-12-31,1.4431300163269043,1.4438300132751465,1.4353699684143066,1.4429999589920044
2022-01-03,1.4394500255584717,1.4437700510025024,1.436269998550415,1.4395999908447266
2022-01-04,1.4410200119018555,1.4419699907302856,1.4330099821090698,1.4411499500274658
2022-01-05,1.4332900047302246,1.441640019416809,1.4322999715805054,1.4333900213241577
2022-01-06,1.4429500102996826,1.4479199647903442,1.4383699893951416,1.4432599544525146
2022-01-07,1.4375499486923218,1.4399900436401367,1.4334800243377686,1.437880039215088
2022-01-10,1.4355900287628174,1.4366999864578247,1.4285199642181396,1.4358199834823608
2022-01-11,1.4350099563598633,1.436110019683838,1.430299997329712,1.4350500106811523
2022-01-12,1.42985999584198,1.4301700592041016,1.4234600067138672,1.4294899702072144
2022-01-13,1.4302400350570679,1.4327800273895264,1.4287999868392944,1.4302899837493896
2022-01-14,1.4330500364303589,1.4357199668884277,1.4292000532150269,1.4328700304031372
2022-01-17,1.4309799671173096,1.4328299760818481,1.425570011138916,1.4310100078582764
2022-01-18,1.4280600547790527,1.4280600547790527,1.4198999404907227,1.4280600547790527
2022-01-19,1.4157500267028809,1.4206199645996094,1.413100004196167,1.4158400297164917
2022-01-20,1.4190700054168701,1.4209500551223755,1.4125900268554688,1.4191399812698364
2022-01-21,1.4141099452972412,1.4243500232696533,1.4141099452972412,1.4141600131988525
2022-01-24,1.424720048904419,1.4366799592971802,1.4220999479293823,1.4245200157165527
2022-01-25,1.4298299551010132,1.431939959526062,1.4228700399398804,1.4296799898147583
2022-01-26,1.426010012626648,1.4274400472640991,1.4165300130844116,1.4260900020599365
2022-01-27,1.4226100444793701,1.4276000261306763,1.4118499755859375,1.4228899478912354
2022-01-28,1.4206000566482544,1.4263700246810913,1.417799949645996,1.4204800128936768
2022-01-31,1.4229199886322021,1.4282699823379517,1.4204000234603882,1.422860026359558
2022-02-01,1.4282499551773071,1.432800054550171,1.4244600534439087,1.42808997631073
2022-02-02,1.4306999444961548,1.4357099533081055,1.4285999536514282,1.4305299520492554
2022-02-03,1.4334100484848022,1.4497699737548828,1.4311000108718872,1.433519959449768
2022-02-04,1.4498599767684937,1.463189959526062,1.4486000537872314,1.4498599767684937
2022-02-07,1.459779977798462,1.4608800411224365,1.448580026626587,1.4598699808120728
2022-02-08,1.4490000009536743,1.4521000385284424,1.4451899528503418,1.4491100311279297
2022-02-09,1.451069951057434,1.4525500535964966,1.448490023612976,1.451069951057434
2022-02-10,1.4477900266647339,1.4537999629974365,1.4462100267410278,1.4477399587631226
2022-02-11,1.4530600309371948,1.4536999464035034,1.4443800449371338,1.453160047531128
2022-02-14,1.4457999467849731,1.44760000705719,1.4385199546813965,1.445889949798584
2022-02-15,1.4390100240707397,1.450119972229004,1.4386999607086182,1.4391000270843506
2022-02-16,1.4449100494384766,1.445770025253296,1.4397200345993042,1.4449100494384766
2022-02-17,1.443910002708435,1.446239948272705,1.440999984741211,1.443600058555603
2022-02-18,1.4441100358963013,1.4452999830245972,1.4405100345611572,1.44405996799469
2022-02-21,1.4434599876403809,1.4492499828338623,1.4428800344467163,1.443600058555603
2022-02-22,1.4426599740982056,1.4465800523757935,1.4402999877929688,1.4426599740982056
2022-02-23,1.446560025215149,1.4467400312423706,1.438599944114685,1.4463800191879272
2022-02-24,1.4395099878311157,1.440790057182312,1.4289900064468384,1.4396300315856934
2022-02-25,1.4331799745559692,1.437459945678711,1.430459976196289,1.43340003490448
2022-02-28,1.4264400005340576,1.4301700592041016,1.4208500385284424,1.4259599447250366
2022-03-01,1.42044997215271,1.4225599765777588,1.4101500511169434,1.4205399751663208
2022-03-02,1.41635000705719,1.4166699647903442,1.4036699533462524,1.4164299964904785
2022-03-03,1.4053800106048584,1.4053800106048584,1.3966399431228638,1.405310034751892
2022-03-04,1.4020700454711914,1.4031399488449097,1.3920799493789673,1.4021799564361572
2022-03-07,1.3821799755096436,1.392799973487854,1.3763699531555176,1.382390022277832
2022-03-08,1.390779972076416,1.4038699865341187,1.3898500204086304,1.3904999494552612
2022-03-09,1.4047900438308716,1.4207700490951538,1.4033700227737427,1.404710054397583
2022-03-10,1.4163700342178345,1.422700047492981,1.402750015258789,1.4172500371932983
2022-03-11,1.4046000242233276,1.4088300466537476,1.3902299404144287,1.4048800468444824
2022-03-14,1.3923499584197998,1.4028799533843994,1.3911499977111816,1.3921600580215454
2022-03-15,1.403249979019165,1.4160799980163574,1.4026800394058228,1.4029500484466553
2022-03-16,1.4005099534988403,1.4024800062179565,1.394320011138916,1.4005999565124512
2022-03-17,1.3983999490737915,1.404579997062683,1.3966000080108643,1.3982900381088257
2022-03-18,1.4020099639892578,1.4029899835586548,1.3894699811935425,1.4019900560379028
2022-03-21,1.391819953918457,1.3946000337600708,1.388800024986267,1.3919700384140015
2022-03-22,1.3868999481201172,1.3912800550460815,1.3812999725341797,1.3868000507354736
2022-03-23,1.3874599933624268,1.3886100053787231,1.3784099817276,1.3877999782562256
2022-03-24,1.3820199966430664,1.3833600282669067,1.375749945640564,1.3822400569915771
2022-03-25,1.3782999515533447,1.383180022239685,1.374079942703247,1.3783600330352783
2022-03-28,1.3711999654769897,1.3818999528884888,1.3669999837875366,1.3711999654769897
2022-03-29,1.3761500120162964,1.3932000398635864,1.3730700016021729,1.3761500120162964
2022-03-30,1.3861600160598755,1.395859956741333,1.3845399618148804,1.3861600160598755
2022-03-31,1.3932700157165527,1.3978999853134155,1.3845100402832031,1.3932700157165527
2022-04-01,1.383929967880249,1.3867900371551514,1.3784300088882446,1.383929967880249
2022-04-04,1.3833199739456177,1.3842099905014038,1.3704400062561035,1.3833199739456177
2022-04-05,1.3703700304031372,1.3707900047302246,1.3595999479293823,1.3703700304031372
2022-04-06,1.3615000247955322,1.3665399551391602,1.3598999977111816,1.3615000247955322
2022-04-07,1.3691099882125854,1.3749300241470337,1.3656200170516968,1.3691099882125854
2022-04-08,1.3674900531768799,1.371150016784668,1.3655999898910522,1.3674900531768799
2022-04-11,1.3688000440597534,1.3756300210952759,1.3694000244140625,1.3688000440597534
2022-04-12,1.3749300241470337,1.3762999773025513,1.3674999475479126,1.3749300241470337
2022-04-13,1.3677200078964233,1.3720500469207764,1.3664000034332275,1.3677200078964233
2022-04-14,1.3691999912261963,1.3712400197982788,1.3558100461959839,1.3691999912261963
2022-04-15,1.3642200231552124,1.3648300170898438,1.3609000444412231,1.3642200231552124
2022-04-18,1.364259958267212,1.3653500080108643,1.360159993171692,1.364259958267212
2022-04-19,1.3584400415420532,1.364300012588501,1.3543000221252441,1.3584400415420532
2022-04-20,1.3604199886322021,1.3630199432373047,1.3533600568771362,1.3604199886322021
2022-04-21,1.3547199964523315,1.3630199432373047,1.351699948310852,1.3547199964523315
2022-04-22,1.3639700412750244,1.3740400075912476,1.3631199598312378,1.3639700412750244
2022-04-25,1.3746999502182007,1.375920057296753,1.3656699657440186,1.3746999502182007
2022-04-26,1.3644200563430786,1.3686699867248535,1.3601399660110474,1.3644200563430786
2022-04-27,1.363010048866272,1.3637200593948364,1.3513100147247314,1.363010048866272
2022-04-28,1.3524199724197388,1.3531800508499146,1.346940040588379,1.3524199724197388
2022-04-29,1.3444000482559204,1.3502700328826904,1.3392399549484253,1.3444000482559204
2022-05-02,1.3542399406433105,1.359429955482483,1.3519999980926514,1.3542399406433105
2022-05-03,1.352869987487793,1.35903000831604,1.3497300148010254,1.352869987487793
2022-05-04,1.3508299589157104,1.3548500537872314,1.3472000360488892,1.3508299589157104
2022-05-05,1.3528200387954712,1.3537399768829346,1.3460899591445923,1.3528200387954712
2022-05-06,1.3518400192260742,1.364300012588501,1.3482600450515747,1.3518400192260742
2022-05-09,1.3604700565338135,1.3695800304412842,1.3584500551223755,1.3604700565338135
2022-05-10,1.3743799924850464,1.3768099546432495,1.3675099611282349,1.3743799924850464
2022-05-11,1.3721699714660645,1.372939944267273,1.3636000156402588,1.3721699714660645
2022-05-12,1.3659900426864624,1.3695399761199951,1.3545299768447876,1.3659900426864624
2022-05-13,1.351680040359497,1.3549599647521973,1.3420599699020386,1.351680040359497
2022-05-16,1.3423199653625488,1.3499900102615356,1.3417999744415283,1.3423199653625488
2022-05-17,1.3414000272750854,1.3543699979782104,1.3387000560760498,1.3414000272750854
2022-05-18,1.3509000539779663,1.352370023727417,1.346369981765747,1.3509000539779663
2022-05-19,1.3489899635314941,1.357450008392334,1.3452099561691284,1.3489899635314941
2022-05-20,1.3560999631881714,1.3562999963760376,1.3507299423217773,1.3560999631881714
2022-05-23,1.3544100522994995,1.3661400079727173,1.3544000387191772,1.3544100522994995
2022-05-24,1.3658900260925293,1.3808200359344482,1.3650000095367432,1.3658900260925293
2022-05-25,1.376230001449585,1.376670002937317,1.3671799898147583,1.376230001449585
2022-05-26,1.3699300289154053,1.3746299743652344,1.368399977684021,1.3699300289154053
2022-05-27,1.3708200454711914,1.3725800514221191,1.3634999990463257,1.3708200454711914
2022-05-30,1.3653500080108643,1.367609977722168,1.3626999855041504,1.3653500080108643
2022-05-31,1.3632899522781372,1.363510012626648,1.350559949874878,1.3632899522781372
2022-06-01,1.3566499948501587,1.358780026435852,1.3460299968719482,1.3566499948501587
2022-06-02,1.349020004272461,1.3538999557495117,1.3486000299453735,1.349020004272461
2022-06-03,1.3513799905776978,1.352970004081726,1.3467899560928345,1.3513799905776978
2022-06-06,1.3497300148010254,1.3504799604415894,1.342270016670227,1.3497300148010254
2022-06-07,1.3450000286102295,1.3475899696350098,1.3420000076293945,1.3450000286102295
2022-06-08,1.3409600257873535,1.346850037574768,1.3389999866485596,1.3409600257873535
2022-06-09,1.3454300165176392,1.354830026626587,1.3433599472045898,1.3454300165176392
2022-06-10,1.348870038986206,1.3516299724578857,1.343500018119812,1.348870038986206
2022-06-13,1.3423399925231934,1.3464399576187134,1.3403700590133667,1.3423399925231934
2022-06-14,1.342479944229126,1.3527499437332153,1.34089994430542,1.342479944229126
2022-06-15,1.3510899543762207,1.3604899644851685,1.345770001411438,1.3510899543762207
2022-06-16,1.3459800481796265,1.3619400262832642,1.342039942741394,1.3459800481796265
2022-06-17,1.3660900592803955,1.3674499988555908,1.3610999584197998,1.3660900592803955
2022-06-20,1.3638399839401245,1.3702199459075928,1.3636000156402588,1.3638399839401245
2022-06-21,1.3656100034713745,1.3681199550628662,1.361199975013733,1.3656100034713745
2022-06-22,1.3617000579833984,1.3712300062179565,1.3596999645233154,1.3617000579833984
2022-06-23,1.3692899942398071,1.3707000017166138,1.3593499660491943,1.3692899942398071
2022-06-24,1.3661500215530396,1.3687399625778198,1.3611899614334106,1.3661500215530396
2022-06-27,1.3626699447631836,1.36667001247406,1.3583400249481201,1.3626699447631836
2022-06-28,1.3617500066757202,1.361899971961975,1.3514000177383423,1.3617500066757202
2022-06-29,1.3545900583267212,1.3559900522232056,1.346750020980835,1.3545900583267212
2022-06-30,1.3458199501037598,1.3510600328445435,1.3408199548721313,1.3458199501037598
2022-07-01,1.3487800359725952,1.3526699542999268,1.3413599729537964,1.3487800359725952
2022-07-04,1.343999981880188,1.3458499908447266,1.3405400514602661,1.343999981880188
2022-07-05,1.341380000114441,1.3422600030899048,1.329609990119934,1.341380000114441
2022-07-06,1.3369799852371216,1.338919997215271,1.324779987335205,1.3369799852371216
2022-07-07,1.3274999856948853,1.3295899629592896,1.3180299997329712,1.3274999856948853
2022-07-08,1.3185299634933472,1.3221100568771362,1.312399983406067,1.3185299634933472
2022-07-11,1.3161499500274658,1.3173999786376953,1.3082200288772583,1.3161499500274658
2022-07-12,1.305609941482544,1.3111900091171265,1.3038300275802612,1.305609941482544
2022-07-13,1.3071000576019287,1.31086003780365,1.2980200052261353,1.3071000576019287
2022-07-14,1.3043500185012817,1.3189300298690796,1.3005000352859497,1.3043500185012817
2022-07-15,1.314210057258606,1.3163000345230103,1.3108899593353271,1.314210057258606
2022-07-18,1.3133599758148193,1.3186899423599243,1.3102799654006958,1.3133599758148193
2022-07-19,1.3169000148773193,1.3290400505065918,1.31358003616333,1.3169000148773193
2022-07-20,1.3167599439620972,1.321239948272705,1.311750054359436,1.3167599439620972
2022-07-21,1.3119200468063354,1.3245199918746948,1.3112000226974487,1.3119200468063354
2022-07-22,1.316349983215332,1.3165899515151978,1.3051899671554565,1.316349983215332
2022-07-25,1.3179999589920044,1.3217099905014038,1.3110899925231934,1.3179999589920044
2022-07-26,1.313730001449585,1.315250039100647,1.3030799627304077,1.313730001449585
2022-07-27,1.3039799928665161,1.307360053062439,1.3019499778747559,1.3039799928665161
2022-07-28,1.308019995689392,1.3105299472808838,1.2966300249099731,1.308019995689392
2022-07-29,1.3052599430084229,1.3139100074768066,1.3030600547790527,1.3052599430084229
2022-08-01,1.3079500198364258,1.318429946899414,1.3068000078201294,1.3079500198364258
2022-08-02,1.3177900314331055,1.3216999769210815,1.309790015220642,1.3177900314331055
2022-08-03,1.308769941329956,1.3112499713897705,1.3027499914169312,1.308769941329956
2022-08-04,1.3055299520492554,1.3151099681854248,1.3047000169754028,1.3055299520492554
2022-08-05,1.318809986114502,1.3195300102233887,1.3136500120162964,1.318809986114502
2022-08-08,1.316480040550232,1.317199945449829,1.309999942779541,1.316480040550232
2022-08-09,1.310960054397583,1.3185900449752808,1.3098000288009644,1.310960054397583
2022-08-10,1.3154000043869019,1.3270699977874756,1.3136999607086182,1.3154000043869019
2022-08-11,1.315619945526123,1.32122004032135,1.3135000467300415,1.315619945526123
2022-08-12,1.3173099756240845,1.3173099756240845,1.3106600046157837,1.3173099756240845
2022-08-15,1.310439944267273,1.3207000494003296,1.3098000288009644,1.310439944267273
2022-08-16,1.311269998550415,1.3119100332260132,1.3064299821853638,1.311269998550415
2022-08-17,1.3063900470733643,1.3164499998092651,1.3051999807357788,1.3063900470733643
2022-08-18,1.314650058746338,1.3164199590682983,1.30718994140625,1.314650058746338
2022-08-19,1.3063100576400757,1.3090499639511108,1.3040000200271606,1.3063100576400757
2022-08-22,1.3045099973678589,1.3046799898147583,1.2949899435043335,1.3045099973678589
2022-08-23,1.2968499660491943,1.2980200052261353,1.2907600402832031,1.2968499660491943
2022-08-24,1.291509985923767,1.2969800233840942,1.2888000011444092,1.291509985923767
2022-08-25,1.2928400039672852,1.29489004611969,1.2876900434494019,1.2928400039672852
2022-08-26,1.289989948272705,1.3041900396347046,1.2882200479507446,1.289989948272705
2022-08-29,1.2980300188064575,1.305359959602356,1.2950999736785889,1.2980300188064575
2022-08-30,1.301550030708313,1.311650037765503,1.2980999946594238,1.301550030708313
2022-08-31,1.3121299743652344,1.3179399967193604,1.3076599836349487,1.3121299743652344
2022-09-01,1.319219946861267,1.32423996925354,1.3079700469970703,1.319219946861267
2022-09-02,1.30840003490448,1.3164000511169434,1.3082000017166138,1.30840003490448
2022-09-05,1.3023200035095215,1.306920051574707,1.3000600337982178,1.3023200035095215
2022-09-06,1.3063700199127197,1.3090100288391113,1.2980999946594238,1.3063700199127197
2022-09-07,1.3019399642944336,1.3118900060653687,1.301419973373413,1.3019399642944336
2022-09-08,1.3124899864196777,1.3168100118637085,1.3049999475479126,1.3124899864196777
2022-09-09,1.309340000152588,1.3142900466918945,1.3060200214385986,1.309340000152588
2022-09-12,1.3115899562835693,1.3240400552749634,1.3105000257492065,1.3115899562835693
2022-09-13,1.3148000240325928,1.3202799558639526,1.309499979019165,1.3148000240325928
2022-09-14,1.3136800527572632,1.3195699453353882,1.3125200271606445,1.3136800527572632
2022-09-15,1.3137999773025513,1.3207600116729736,1.3118200302124023,1.3137999773025513
2022-09-16,1.3229000568389893,1.3320300579071045,1.321370005607605,1.3229000568389893
2022-09-19,1.3286999464035034,1.3316800594329834,1.325950026512146,1.3286999464035034
2022-09-20,1.3282099962234497,1.333340048789978,1.3248800039291382,1.3282099962234497
2022-09-21,1.332200050354004,1.3327300548553467,1.3226699829101562,1.332200050354004
2022-09-22,1.3250000476837158,1.3313599824905396,1.3240400552749634,1.3250000476837158
2022-09-23,1.3253799676895142,1.3269399404525757,1.3163199424743652,1.3253799676895142
2022-09-26,1.3154000043869019,1.3236000537872314,1.3015899658203125,1.3154000043869019
2022-09-27,1.319309949874878,1.3217899799346924,1.3163700103759766,1.319309949874878
2022-09-28,1.316849946975708,1.3227800130844116,1.3121299743652344,1.316849946975708
2022-09-29,1.3229399919509888,1.340649962425232,1.3213000297546387,1.3229399919509888
2022-09-30,1.3440699577331543,1.346750020980835,1.3372000455856323,1.3440699577331543
2022-10-03,1.3500699996948242,1.3524800539016724,1.3367600440979004,1.3500699996948242
2022-10-04,1.339859962463379,1.3564599752426147,1.3372999429702759,1.339859962463379
2022-10-05,1.3483699560165405,1.3502099514007568,1.3455100059509277,1.3483699560165405
2022-10-06,1.3476799726486206,1.3526099920272827,1.3446999788284302,1.3476799726486206
2022-10-07,1.3450900316238403,1.3473199605941772,1.335070013999939,1.3450900316238403
2022-10-10,1.3367199897766113,1.3384300470352173,1.3295600414276123,1.3367199897766113
2022-10-11,1.3374899625778198,1.3444900512695312,1.3375600576400757,1.3374899625778198
2022-10-12,1.337730050086975,1.3417999744415283,1.3332500457763672,1.337730050086975
2022-10-13,1.3410999774932861,1.3492000102996826,1.3387399911880493,1.3410999774932861
2022-10-14,1.3443299531936646,1.353309988975525,1.3411099910736084,1.3443299531936646
2022-10-17,1.3493000268936157,1.3506699800491333,1.3431700468063354,1.3493000268936157
2022-10-18,1.3497999906539917,1.3573299646377563,1.3469500541687012,1.3497999906539917
2022-10-19,1.3538299798965454,1.3540500402450562,1.3441799879074097,1.3538299798965454
2022-10-20,1.3450299501419067,1.3479499816894531,1.3406699895858765,1.3450299501419067
2022-10-21,1.3471299409866333,1.3514800071716309,1.3436800241470337,1.3471299409866333
2022-10-24,1.3453500270843506,1.3580399751663208,1.3440899848937988,1.3453500270843506
2022-10-25,1.3538800477981567,1.3592100143432617,1.3512400388717651,1.3538800477981567
2022-10-26,1.3566299676895142,1.369379997253418,1.3535799980163574,1.3566299676895142
2022-10-27,1.367650032043457,1.3683899641036987,1.3505899906158447,1.367650032043457
2022-10-28,1.3520300388336182,1.3590400218963623,1.3505699634552002,1.3520300388336182
2022-10-31,1.3545900583267212,1.3577200174331665,1.3476699590682983,1.3545900583267212
2022-11-01,1.3455499410629272,1.3508399724960327,1.3444900512695312,1.3455499410629272
2022-11-02,1.3451800346374512,1.3493599891662598,1.3431999683380127,1.3451800346374512
2022-11-03,1.3459399938583374,1.3468199968338013,1.3396199941635132,1.3459399938583374
2022-11-04,1.3397300243377686,1.3404099941253662,1.3279800415039062,1.3397300243377686
2022-11-07,1.3415299654006958,1.350659966468811,1.3419300317764282,1.3415299654006958
2022-11-08,1.3517800569534302,1.352620005607605,1.3478000164031982,1.3517800569534302
2022-11-09,1.3522100448608398,1.354140043258667,1.3475699424743652,1.3522100448608398
2022-11-10,1.3552000522613525,1.3602499961853027,1.3459999561309814,1.3552000522613525
2022-11-11,1.358680009841919,1.3720999956130981,1.357200026512146,1.358680009841919
2022-11-14,1.3699699640274048,1.374650001525879,1.3660600185394287,1.3699699640274048
2022-11-15,1.374899983406067,1.3855799436569214,1.3725800514221191,1.374899983406067
2022-11-16,1.3748400211334229,1.3871699571609497,1.37336003780365,1.3748400211334229
2022-11-17,1.3859699964523315,1.3859599828720093,1.3782999515533447,1.3859699964523315
2022-11-18,1.3802399635314941,1.3874499797821045,1.3795700073242188,1.3802399635314941
2022-11-21,1.381890058517456,1.3827099800109863,1.3734999895095825,1.381890058517456
2022-11-22,1.3775500059127808,1.378659963607788,1.3735899925231934,1.3775500059127808
2022-11-23,1.3777300119400024,1.3903700113296509,1.3773000240325928,1.3777300119400024
2022-11-24,1.3897900581359863,1.393030047416687,1.3861500024795532,1.3897900581359863
2022-11-25,1.388100028038025,1.3922300338745117,1.3854399919509888,1.388100028038025
2022-11-28,1.3884999752044678,1.4084199666976929,1.3890000581741333,1.3904999494552612
2022-11-29,1.3951599597930908,1.41211998462677,1.389389991760254,1.3951599597930908
2022-11-30,1.4023699760437012,1.4055399894714355,1.394670009613037,1.4023699760437012
2022-12-01,1.398169994354248,1.4136199951171875,1.3960800170898438,1.398169994354248
2022-12-02,1.4144400358200073,1.4165699481964111,1.4087400436401367,1.4144400358200073
2022-12-05,1.4177299737930298,1.4255399703979492,1.4134600162506104,1.4177299737930298
2022-12-06,1.4263099431991577,1.4349900484085083,1.4247299432754517,1.4263099431991577
2022-12-07,1.4287199974060059,1.4402400255203247,1.426669955253601,1.4287199974060059
2022-12-08,1.4351199865341187,1.4398399591445923,1.4278899431228638,1.4351199865341187
2022-12-09,1.434999942779541,1.4412200450897217,1.434999942779541,1.434999942779541
2022-12-12,1.4367200136184692,1.4459199905395508,1.4350999593734741,1.4367200136184692
2022-12-13,1.4369100332260132,1.4449100494384766,1.4335999488830566,1.436769962310791
2022-12-14,1.4404000043869019,1.4467500448226929,1.439020037651062,1.4404000043869019
2022-12-15,1.4465899467468262,1.4582799673080444,1.4390000104904175,1.4465899467468262
2022-12-16,1.4527699947357178,1.4560199975967407,1.4497100114822388,1.4527699947357178
2022-12-19,1.4473999738693237,1.4534200429916382,1.4456499814987183,1.4496999979019165
2022-12-20,1.4474999904632568,1.4516099691390991,1.4440799951553345,1.4474999904632568
2022-12-21,1.4449599981307983,1.4490900039672852,1.4430999755859375,1.4449599981307983
2022-12-22,1.4438199996948242,1.449280023574829,1.4433300495147705,1.4438199996948242
2022-12-23,1.445680022239685,1.4478299617767334,1.441580057144165,1.445680022239685
2022-12-26,1.4418400526046753,1.4460999965667725,1.4403599500656128,1.4418400526046753
2022-12-27,1.442430019378662,1.4444199800491333,1.4340300559997559,1.442430019378662
2022-12-28,1.437999963760376,1.444540023803711,1.4352999925613403,1.437999963760376
2022-12-29,1.4452999830245972,1.4482100009918213,1.4421800374984741,1.4452999830245972
2022-12-30,1.4448299407958984,1.4489200115203857,1.4414900541305542,1.4448299407958984
2023-01-02,1.447100043296814,1.451300024986267,1.442520022392273,1.447100043296814
2023-01-03,1.4476799964904785,1.451930046081543,1.4345500469207764,1.4476799964904785
2023-01-04,1.442080020904541,1.4454599618911743,1.4315099716186523,1.442080020904541
2023-01-05,1.4301899671554565,1.435789942741394,1.4271700382232666,1.4301899671554565
2023-01-06,1.4267699718475342,1.4341200590133667,1.42330002784729,1.4267699718475342
2023-01-09,1.4315999746322632,1.4385299682617188,1.4276599884033203,1.4315999746322632
2023-01-10,1.437459945678711,1.4422999620437622,1.4358999729156494,1.437459945678711
2023-01-11,1.4424599409103394,1.4477100372314453,1.4402999877929688,1.4424599409103394
2023-01-12,1.4457099437713623,1.449620008468628,1.4410099983215332,1.4457099437713623
2023-01-13,1.4527499675750732,1.4535399675369263,1.4455599784851074,1.4527499675750732
2023-01-16,1.4499900341033936,1.4522500038146973,1.44760000705719,1.4499900341033936
2023-01-17,1.4509799480438232,1.4557000398635864,1.4435700178146362,1.4509799480438232
2023-01-18,1.4447300434112549,1.4558900594711304,1.440500020980835,1.4447300434112549
2023-01-19,1.4571800231933594,1.4635000228881836,1.4542800188064575,1.4571800231933594
2023-01-20,1.4585599899291992,1.4612400531768799,1.4522000551223755,1.4585599899291992
2023-01-23,1.4525599479675293,1.4595400094985962,1.4518799781799316,1.4526599645614624
2023-01-24,1.453529953956604,1.4554100036621094,1.4503300189971924,1.453529953956604
2023-01-25,1.4561400413513184,1.4639899730682373,1.451889991760254,1.4561400413513184
2023-01-26,1.4613900184631348,1.4638500213623047,1.4498499631881714,1.4613900184631348
2023-01-27,1.4506200551986694,1.4518500566482544,1.444290041923523,1.4506200551986694
2023-01-30,1.4461599588394165,1.4540599584579468,1.4457000494003296,1.4461599588394165
2023-01-31,1.4521700143814087,1.4584800004959106,1.4473700523376465,1.4521700143814087
2023-02-01,1.4451600313186646,1.4557199478149414,1.444100022315979,1.4451600313186646
2023-02-02,1.4610999822616577,1.464110016822815,1.451640009880066,1.4610999822616577
2023-02-03,1.4521299600601196,1.4615600109100342,1.4497400522232056,1.4521299600601196
2023-02-06,1.4458500146865845,1.447759985923767,1.440659999847412,1.4458500146865845
2023-02-07,1.4421099424362183,1.4425499439239502,1.4359999895095825,1.4421099424362183
2023-02-08,1.4366899728775024,1.4420599937438965,1.435960054397583,1.4366899728775024
2023-02-09,1.4406700134277344,1.4459500312805176,1.4393999576568604,1.4406700134277344
2023-02-10,1.444290041923523,1.4444700479507446,1.425379991531372,1.444290041923523
2023-02-13,1.4261599779129028,1.4312200546264648,1.4238100051879883,1.4261599779129028
2023-02-14,1.4307399988174438,1.4363800287246704,1.4305000305175781,1.4307399988174438
2023-02-15,1.4320800304412842,1.4376300573349,1.4306000471115112,1.4320800304412842
2023-02-16,1.43163001537323,1.4371000528335571,1.4303499460220337,1.43163001537323
2023-02-17,1.4369299411773682,1.4404200315475464,1.434000015258789,1.4369299411773682
2023-02-20,1.4404200315475464,1.4411499500274658,1.4364800453186035,1.440600037574768
2023-02-21,1.437059998512268,1.4433000087738037,1.4326000213623047,1.437059998512268
2023-02-22,1.441640019416809,1.4441900253295898,1.4380899667739868,1.441640019416809
2023-02-23,1.4365099668502808,1.437190055847168,1.4330500364303589,1.4365099668502808
2023-02-24,1.4352200031280518,1.4406700134277344,1.4342000484466553,1.4352200031280518
2023-02-27,1.4346699714660645,1.4388699531555176,1.4327800273895264,1.4346699714660645
2023-02-28,1.4401500225067139,1.4481199979782104,1.437399983406067,1.4401500225067139
2023-03-01,1.443179965019226,1.4549599885940552,1.4419000148773193,1.443179965019226
2023-03-02,1.4498200416564941,1.4508600234985352,1.4417400360107422,1.4498200416564941
2023-03-03,1.4409300088882446,1.4479700326919556,1.438439965248108,1.4409300088882446
2023-03-06,1.4453699588775635,1.4552299976348877,1.4453400373458862,1.4453699588775635
2023-03-07,1.4548799991607666,1.4558299779891968,1.4515999555587769,1.4548799991607666
2023-03-08,1.4503200054168701,1.4568699598312378,1.4486500024795532,1.4503200054168701
2023-03-09,1.4556299448013306,1.4589300155639648,1.454319953918457,1.4556299448013306
2023-03-10,1.4639699459075928,1.4756699800491333,1.4630999565124512,1.4639699459075928
2023-03-13,1.47038996219635,1.4754799604415894,1.4666500091552734,1.47038996219635
2023-03-14,1.4727799892425537,1.4734200239181519,1.4617199897766113,1.4727799892425537
2023-03-15,1.4683899879455566,1.4708399772644043,1.4492000341415405,1.4683899879455566
2023-03-16,1.4566099643707275,1.461549997329712,1.4520800113677979,1.4566099643707275
2023-03-17,1.4559500217437744,1.4654699563980103,1.4558199644088745,1.4559500217437744
2023-03-20,1.4639300107955933,1.4678599834442139,1.4602999687194824,1.4639300107955933
2023-03-21,1.4651999473571777,1.4794399738311768,1.4648100137710571,1.4651999473571777
2023-03-22,1.4769200086593628,1.4808100461959839,1.4739999771118164,1.4769200086593628
2023-03-23,1.490880012512207,1.493749976158142,1.484279990196228,1.490880012512207
2023-03-24,1.4861199855804443,1.486739993095398,1.4767299890518188,1.4861199855804443
2023-03-27,1.4794399738311768,1.4794399738311768,1.4759299755096436,1.4793100357055664
2023-03-28,1.4755100011825562,1.481119990348816,1.4731999635696411,1.4755100011825562
2023-03-29,1.4732600450515747,1.4761199951171875,1.4695299863815308,1.4732600450515747
2023-03-30,1.4705699682235718,1.4785000085830688,1.467079997062683,1.4705699682235718
2023-03-31,1.4744399785995483,1.476889967918396,1.469499945640564,1.4744399785995483
2023-04-03,1.4585100412368774,1.4653899669647217,1.4581999778747559,1.4585100412368774
2023-04-04,1.4653300046920776,1.4750399589538574,1.4622100591659546,1.4653300046920776
2023-04-05,1.4723299741744995,1.4766299724578857,1.4680999517440796,1.4723299741744995
2023-04-06,1.4668400287628174,1.47298002243042,1.4666199684143066,1.46697998046875
2023-04-07,1.4735599756240845,1.475119948387146,1.471500039100647,1.4735599756240845
2023-04-10,1.4735300540924072,1.4737900495529175,1.4661999940872192,1.4735300540924072
2023-04-11,1.4675899744033813,1.4751700162887573,1.4674999713897705,1.4675899744033813
2023-04-12,1.4695199728012085,1.478950023651123,1.4690300226211548,1.4695199728012085
2023-04-13,1.477869987487793,1.4802900552749634,1.4731899499893188,1.477869987487793
2023-04-14,1.4742599725723267,1.4752700328826904,1.4684900045394897,1.4742599725723267
2023-04-17,1.4678000211715698,1.4683899879455566,1.4626799821853638,1.4678000211715698
2023-04-18,1.4631600379943848,1.468369960784912,1.4622999429702759,1.4631600379943848
2023-04-19,1.469580054283142,1.4748300313949585,1.4676899909973145,1.469580054283142
2023-04-20,1.4749200344085693,1.4797899723052979,1.4740999937057495,1.4749200344085693
2023-04-21,1.4785399436950684,1.4873900413513184,1.4778000116348267,1.4785399436950684
2023-04-24,1.4876999855041504,1.4936699867248535,1.4865700006484985,1.4876999855041504
2023-04-25,1.496340036392212,1.498900055885315,1.4940600395202637,1.496340036392212
2023-04-26,1.4949699640274048,1.5110299587249756,1.4941999912261963,1.4949699640274048
2023-04-27,1.5055099725723267,1.507290005683899,1.4976999759674072,1.5054600238800049
2023-04-28,1.5002000331878662,1.5028899908065796,1.4956899881362915,1.5002000331878662
2023-05-01,1.4928799867630005,1.496359944343567,1.4854700565338135,1.4928799867630005
2023-05-02,1.4864100217819214,1.499169945716858,1.486199975013733,1.4864100217819214
2023-05-03,1.4996099472045898,1.5071200132369995,1.499400019645691,1.4996099472045898
2023-05-04,1.5087800025939941,1.5097899436950684,1.4922800064086914,1.5087800025939941
2023-05-05,1.490470051765442,1.4922900199890137,1.4771599769592285,1.490470051765442
2023-05-08,1.4742100238800049,1.4765499830245972,1.469580054283142,1.4742100238800049
2023-05-09,1.4703099727630615,1.4716700315475464,1.4656000137329102,1.4703099727630615
2023-05-10,1.4665299654006958,1.4692800045013428,1.4640699625015259,1.4665299654006958
2023-05-11,1.4687000513076782,1.4725199937820435,1.4630999565124512,1.4687000513076782
2023-05-12,1.4724400043487549,1.474769949913025,1.4674999713897705,1.4724400043487549
2023-05-15,1.4707000255584717,1.4724600315093994,1.465749979019165,1.4707000255584717
2023-05-16,1.4641400575637817,1.4674700498580933,1.4586700201034546,1.4641400575637817
2023-05-17,1.4642900228500366,1.4659899473190308,1.4563100337982178,1.4642900228500366
2023-05-18,1.4589999914169312,1.460379958152771,1.45114004611969,1.4589999914169312
2023-05-19,1.4543999433517456,1.4628000259399414,1.451799988746643,1.4543999433517456
2023-05-22,1.4598400592803955,1.4624199867248535,1.4579999446868896,1.4598400592803955
2023-05-23,1.4596799612045288,1.4616999626159668,1.4525699615478516,1.4596799612045288
2023-05-24,1.4538400173187256,1.463610053062439,1.4534000158309937,1.4538400173187256
2023-05-25,1.4615000486373901,1.4628900289535522,1.4566999673843384,1.4615000486373901
2023-05-26,1.463070034980774,1.4649100303649902,1.4590799808502197,1.463070034980774
2023-05-29,1.4586000442504883,1.460319995880127,1.454699993133545,1.4586000442504883
2023-05-30,1.4564499855041504,1.46110999584198,1.4515000581741333,1.4564499855041504
2023-05-31,1.4594199657440186,1.4610400199890137,1.4468400478363037,1.4594199657440186
2023-06-01,1.4504400491714478,1.4537500143051147,1.444700002670288,1.4504400491714478
2023-06-02,1.4466999769210815,1.4474799633026123,1.440600037574768,1.4466999769210815
2023-06-05,1.4364299774169922,1.442370057106018,1.4341700077056885,1.4364299774169922
2023-06-06,1.4403799772262573,1.4406399726867676,1.4319299459457397,1.4403799772262573
2023-06-07,1.4333000183105469,1.4378600120544434,1.4289699792861938,1.4333000183105469
2023-06-08,1.4315600395202637,1.4426599740982056,1.4283299446105957,1.4315600395202637
2023-06-09,1.4407000541687012,1.441349983215332,1.4319000244140625,1.4407000541687012
2023-06-12,1.433750033378601,1.4392399787902832,1.432669997215271,1.433750033378601
2023-06-13,1.4381999969482422,1.4436999559402466,1.4349000453948975,1.4381999969482422
2023-06-14,1.436400055885315,1.442929983139038,1.4340100288391113,1.436400055885315
2023-06-15,1.4448599815368652,1.4498499631881714,1.4408999681472778,1.4448599815368652
2023-06-16,1.4472399950027466,1.4500600099563599,1.441230058670044,1.4472399950027466
2023-06-19,1.4434000253677368,1.4467099905014038,1.4394999742507935,1.4434000253677368
2023-06-20,1.4429800510406494,1.447700023651123,1.4418400526046753,1.4429800510406494
2023-06-21,1.444200038909912,1.4461300373077393,1.4419000148773193,1.444200038909912
2023-06-22,1.4465299844741821,1.4486199617385864,1.441100001335144,1.4465299844741821
2023-06-23,1.440209984779358,1.4423500299453735,1.432379961013794,1.440209984779358
2023-06-26,1.4357399940490723,1.4379500150680542,1.4321000576019287,1.4357399940490723
2023-06-27,1.4346799850463867,1.44582998752594,1.4326000213623047,1.4346799850463867
2023-06-28,1.445989966392517,1.4515600204467773,1.4443000555038452,1.445989966392517
2023-06-29,1.4464399814605713,1.4501299858093262,1.441100001335144,1.4464399814605713
2023-06-30,1.4399399757385254,1.4468200206756592,1.4368000030517578,1.4399399757385254
2023-07-03,1.4451600313186646,1.446869969367981,1.4417999982833862,1.4451600313186646
2023-07-04,1.4457099437713623,1.44622004032135,1.4389899969100952,1.4457099437713623
2023-07-05,1.4390300512313843,1.4474600553512573,1.4381999969482422,1.4390300512313843
2023-07-06,1.4421700239181519,1.4530400037765503,1.440600037574768,1.4421700239181519
2023-07-07,1.455430030822754,1.4566600322723389,1.451390027999878,1.455430030822754
2023-07-10,1.4557000398635864,1.4602700471878052,1.4541200399398804,1.4557000398635864
2023-07-11,1.4608399868011475,1.4620000123977661,1.4560199975967407,1.4608399868011475
2023-07-12,1.4564000368118286,1.4669500589370728,1.4555000066757202,1.4564000368118286
2023-07-13,1.468440055847168,1.4726500511169434,1.4654899835586548,1.468440055847168
2023-07-14,1.4715800285339355,1.4836399555206299,1.469920039176941,1.4715800285339355
2023-07-17,1.4848999977111816,1.4871900081634521,1.4779499769210815,1.4848999977111816
2023-07-18,1.4833799600601196,1.4878699779510498,1.478760004043579,1.4833799600601196
2023-07-19,1.4783300161361694,1.4804199934005737,1.4725799560546875,1.4783300161361694
2023-07-20,1.4748300313949585,1.475909948348999,1.467900037765503,1.4748300313949585
2023-07-21,1.4664000272750854,1.470870018005371,1.4635900259017944,1.4664000272750854
2023-07-24,1.471250057220459,1.4716800451278687,1.4577100276947021,1.471250057220459
2023-07-25,1.4574300050735474,1.4584699869155884,1.454200029373169,1.4574300050735474
2023-07-26,1.457170009613037,1.4650499820709229,1.455899953842163,1.457170009613037
2023-07-27,1.462649941444397,1.4701299667358398,1.4490300416946411,1.462649941444397
2023-07-28,1.4521900415420532,1.4617700576782227,1.4485499858856201,1.4521900415420532
2023-07-31,1.4607599973678589,1.4612499475479126,1.449180006980896,1.4607599973678589
2023-08-01,1.4508099555969238,1.459089994430542,1.4496899843215942,1.4508099555969238
2023-08-02,1.460610032081604,1.462839961051941,1.4552199840545654,1.460610032081604
2023-08-03,1.4602400064468384,1.4629199504852295,1.4577300548553467,1.4602400064468384
2023-08-04,1.462049961090088,1.4743200540542603,1.4609999656677246,1.462049961090088
2023-08-07,1.471500039100647,1.4724400043487549,1.4675400257110596,1.471500039100647
2023-08-08,1.4707000255584717,1.4768600463867188,1.4697999954223633,1.4707000255584717
2023-08-09,1.4713799953460693,1.4769099950790405,1.4706000089645386,1.4713799953460693
2023-08-10,1.4729700088500977,1.4792799949645996,1.4714000225067139,1.4729700088500977
2023-08-11,1.476349949836731,1.4800200462341309,1.4711999893188477,1.476349949836731
2023-08-14,1.4708600044250488,1.4737800359725952,1.465499997138977,1.4708600044250488
2023-08-15,1.468000054359436,1.4759000539779663,1.4665000438690186,1.468000054359436
2023-08-16,1.4709399938583374,1.4759700298309326,1.4706000089645386,1.4709399938583374
2023-08-17,1.4719899892807007,1.4741499423980713,1.4694000482559204,1.4719899892807007
2023-08-18,1.4729299545288086,1.4756499528884888,1.4711400270462036,1.4729299545288086
2023-08-21,1.472659945487976,1.477429986000061,1.4707000255584717,1.472659945487976
2023-08-22,1.475600004196167,1.4782899618148804,1.4688600301742554,1.475600004196167
2023-08-23,1.4697099924087524,1.4734899997711182,1.4655400514602661,1.4697099924087524
2023-08-24,1.4694000482559204,1.4717999696731567,1.4661099910736084,1.4694000482559204
2023-08-25,1.4671499729156494,1.471690058708191,1.4630600214004517,1.4671499729156494
2023-08-28,1.4677200317382812,1.4716700315475464,1.4665900468826294,1.4677200317382812
2023-08-29,1.472309947013855,1.4762400388717651,1.4692000150680542,1.472309947013855
2023-08-30,1.4736299514770508,1.4823299646377563,1.472100019454956,1.4736299514770508
2023-08-31,1.4788000583648682,1.479740023612976,1.4662400484085083,1.4788000583648682
2023-09-01,1.4649200439453125,1.4730499982833862,1.4630000591278076,1.4649200439453125
2023-09-04,1.4644999504089355,1.4693700075149536,1.4641000032424927,1.4644999504089355
2023-09-05,1.4674700498580933,1.470170021057129,1.4585800170898438,1.4674700498580933
2023-09-06,1.4625999927520752,1.4671000242233276,1.4613399505615234,1.4625999927520752
2023-09-07,1.4626100063323975,1.464669942855835,1.4597599506378174,1.4626100063323975
2023-09-08,1.4637500047683716,1.4660199880599976,1.4567400217056274,1.4637500047683716
2023-09-11,1.460479974746704,1.4614200592041016,1.4556000232696533,1.460479974746704
2023-09-12,1.459380030632019,1.4612799882888794,1.4513700008392334,1.459380030632019
2023-09-13,1.4572299718856812,1.458799958229065,1.4522700309753418,1.4572299718856812
2023-09-14,1.4544099569320679,1.454949975013733,1.440060019493103,1.4544099569320679
2023-09-15,1.4373300075531006,1.4456100463867188,1.4366999864578247,1.4373300075531006
2023-09-18,1.4425100088119507,1.442929983139038,1.4369299411773682,1.4425100088119507
2023-09-19,1.442039966583252,1.4419200420379639,1.4307299852371216,1.442039966583252
2023-09-20,1.4357800483703613,1.4388699531555176,1.4357000589370728,1.4357800483703613
2023-09-21,1.4353699684143066,1.4397300481796265,1.432919979095459,1.4353699684143066
2023-09-22,1.4367200136184692,1.4365899562835693,1.4284000396728516,1.4367200136184692
2023-09-25,1.4345999956130981,1.4362000226974487,1.4257400035858154,1.4345999956130981
2023-09-26,1.4245400428771973,1.4325400590896606,1.4239399433135986,1.4245400428771973
2023-09-27,1.428760051727295,1.4296499490737915,1.419909954071045,1.428760051727295
2023-09-28,1.4181300401687622,1.4262800216674805,1.4156999588012695,1.4181300401687622
2023-09-29,1.4249099493026733,1.4327399730682373,1.4221199750900269,1.4249099493026733
2023-10-02,1.4338699579238892,1.4372400045394897,1.4328999519348145,1.4338699579238892
2023-10-03,1.4332599639892578,1.4394700527191162,1.4321000576019287,1.4332599639892578
2023-10-04,1.4347000122070312,1.446679949760437,1.4335999488830566,1.4347000122070312
2023-10-05,1.4440300464630127,1.4489200115203857,1.4427000284194946,1.4440300464630127
2023-10-06,1.4455100297927856,1.4495099782943726,1.4380799531936646,1.4455100297927856
2023-10-09,1.4435499906539917,1.4437099695205688,1.435189962387085,1.4435499906539917
2023-10-10,1.436579942703247,1.4424599409103394,1.4337999820709229,1.436579942703247
2023-10-11,1.4403899908065796,1.445289969444275,1.4398000240325928,1.4403899908065796
2023-10-12,1.4441800117492676,1.4447799921035767,1.437849998474121,1.4441800117492676
2023-10-13,1.4416799545288086,1.4439200162887573,1.433169960975647,1.4416799545288086
2023-10-16,1.4354599714279175,1.438420057296753,1.4332000017166138,1.4354599714279175
2023-10-17,1.4368000030517578,1.4447599649429321,1.4351999759674072,1.4368000030517578
2023-10-18,1.443410038948059,1.4442600011825562,1.4387999773025513,1.443410038948059
2023-10-19,1.4451500177383423,1.4524099826812744,1.4444999694824219,1.4451500177383423
2023-10-20,1.4517500400543213,1.4518200159072876,1.4467400312423706,1.4517500400543213
2023-10-23,1.4512799978256226,1.4568400382995605,1.4498800039291382,1.4512799978256226
2023-10-24,1.4604500532150269,1.4611200094223022,1.4543700218200684,1.4604500532150269
2023-10-25,1.455880045890808,1.4600199460983276,1.4539999961853027,1.455880045890808
2023-10-26,1.4585000276565552,1.4584499597549438,1.4538500308990479,1.4585000276565552
2023-10-27,1.4594999551773071,1.4688299894332886,1.455880045890808,1.4594999551773071
2023-10-30,1.4642200469970703,1.4709099531173706,1.4615800380706787,1.4642200469970703
2023-10-31,1.4678399562835693,1.474679946899414,1.4665000438690186,1.4678000211715698
2023-11-01,1.467900037765503,1.4680299758911133,1.4601199626922607,1.467900037765503
2023-11-02,1.4645299911499023,1.4717999696731567,1.463919997215271,1.4645299911499023
2023-11-03,1.4593100547790527,1.4689899682998657,1.4586999416351318,1.4593100547790527
2023-11-06,1.465939998626709,1.469689965248108,1.4643199443817139,1.465939998626709
2023-11-07,1.4675999879837036,1.472040057182312,1.4671399593353271,1.4675999879837036
2023-11-08,1.4726099967956543,1.4788800477981567,1.469099998474121,1.4726099967956543
2023-11-09,1.4772100448608398,1.4773499965667725,1.4727100133895874,1.4772100448608398
2023-11-10,1.47298002243042,1.4781999588012695,1.4708600044250488,1.47298002243042
2023-11-13,1.4750200510025024,1.4768400192260742,1.4741499423980713,1.4750200510025024
2023-11-14,1.4768699407577515,1.4903700351715088,1.476199984550476,1.4768699407577515
2023-11-15,1.4901399612426758,1.4901800155639648,1.4814300537109375,1.4901399612426758
2023-11-16,1.4851399660110474,1.4977699518203735,1.4838999509811401,1.4851399660110474
2023-11-17,1.4924800395965576,1.4950300455093384,1.4893800020217896,1.4924800395965576
2023-11-20,1.4962600469589233,1.5036200284957886,1.4951900243759155,1.4962600469589233
2023-11-21,1.5019899606704712,1.5042400360107422,1.4954500198364258,1.5019899606704712
2023-11-22,1.4957200288772583,1.498420000076294,1.4925999641418457,1.4957200288772583
2023-11-23,1.4907499551773071,1.4949100017547607,1.4895199537277222,1.4907499551773071
2023-11-24,1.4933700561523438,1.4947799444198608,1.4868500232696533,1.4933700561523438
2023-11-27,1.4910000562667847,1.4955400228500366,1.4899300336837769,1.4910000562667847
2023-11-28,1.4908699989318848,1.4944700002670288,1.4866000413894653,1.4908699989318848
2023-11-29,1.492400050163269,1.4927699565887451,1.4890999794006348,1.492400050163269
2023-11-30,1.4912300109863281,1.49235999584198,1.4780000448226929,1.4912300109863281
2023-12-01,1.4764699935913086,1.4779599905014038,1.4642800092697144,1.4764699935913086
2023-12-04,1.4685800075531006,1.473449945449829,1.462839961051941,1.4685800075531006
2023-12-05,1.4667999744415283,1.4716500043869019,1.4639999866485596,1.4667999744415283
2023-12-06,1.4669300317764282,1.4669699668884277,1.4615000486373901,1.4669300317764282
2023-12-07,1.4632500410079956,1.468019962310791,1.4626599550247192,1.4632500410079956
2023-12-08,1.4672600030899048,1.467270016670227,1.4588199853897095,1.4672600030899048
2023-12-11,1.461959958076477,1.4652099609375,1.4567500352859497,1.461959958076477
2023-12-12,1.4616999626159668,1.468649983406067,1.458899974822998,1.4616999626159668
2023-12-13,1.4669100046157837,1.468459963798523,1.4630399942398071,1.4669100046157837
2023-12-14,1.4699599742889404,1.4761699438095093,1.4651399850845337,1.4699599742889404
2023-12-15,1.4738199710845947,1.4736100435256958,1.4571800231933594,1.4738199710845947
2023-12-18,1.4579099416732788,1.4642800092697144,1.4575999975204468,1.4579099416732788
2023-12-19,1.4634499549865723,1.467919945716858,1.4619300365447998,1.4634499549865723
2023-12-20,1.4644500017166138,1.4645299911499023,1.4585000276565552,1.4641599655151367
2023-12-21,1.461609959602356,1.4666600227355957,1.4592700004577637,1.461609959602356
2023-12-22,1.4619499444961548,1.4646600484848022,1.4592900276184082,1.4619499444961548
2023-12-25,1.4573500156402588,1.466599941253662,1.4537999629974365,1.4573500156402588
2023-12-26,1.4601600170135498,1.46219003200531,1.4550600051879883,1.4601600170135498
2023-12-27,1.4572099447250366,1.4681600332260132,1.4550000429153442,1.4572099447250366
2023-12-28,1.466539978981018,1.4717600345611572,1.4613900184631348,1.466539978981018
2023-12-29,1.4640899896621704,1.4688800573349,1.455680012702942,1.4640899896621704
2024-01-01,1.460710048675537,1.4622000455856323,1.460710048675537,1.460710048675537
2024-01-02,1.461609959602356,1.4622900485992432,1.4551299810409546,1.461609959602356
2024-01-03,1.4574600458145142,1.4610899686813354,1.455299973487854,1.4574600458145142
2024-01-04,1.458240032196045,1.4642800092697144,1.4558000564575195,1.458240032196045
2024-01-05,1.461840033531189,1.4642499685287476,1.4569599628448486,1.461840033531189
2024-01-08,1.4617199897766113,1.4687800407409668,1.4608999490737915,1.4617199897766113
2024-01-09,1.4618500471115112,1.4675099849700928,1.4601999521255493,1.4618500471115112
2024-01-10,1.4636499881744385,1.4679499864578247,1.4622000455856323,1.4636499881744385
2024-01-11,1.4681999683380127,1.471809983253479,1.465559959411621,1.4681999683380127
2024-01-12,1.4692399501800537,1.4693900346755981,1.4627599716186523,1.4692399501800537
2024-01-15,1.4673399925231934,1.4723800420761108,1.4672800302505493,1.467650055885315
2024-01-16,1.4704400300979614,1.4725199937820435,1.463819980621338,1.4704400300979614
2024-01-17,1.4674299955368042,1.4714900255203247,1.4661999940872192,1.4674299955368042
2024-01-18,1.469730019569397,1.470870018005371,1.4653899669647217,1.469730019569397
2024-01-19,1.4671200513839722,1.4686199426651,1.464419960975647,1.4671200513839722
2024-01-22,1.4628900289535522,1.465980052947998,1.4606000185012817,1.463189959526062
2024-01-23,1.4660099744796753,1.469249963760376,1.4593499898910522,1.4660099744796753
2024-01-24,1.4608999490737915,1.4703099727630615,1.4606000185012817,1.4608999490737915
2024-01-25,1.471709966659546,1.4733699560165405,1.4615000486373901,1.471709966659546
2024-01-26,1.4618300199508667,1.4624600410461426,1.4570900201797485,1.4618300199508667
2024-01-29,1.4587700366973877,1.459439992904663,1.4522500038146973,1.4587700366973877
2024-01-30,1.4527000188827515,1.4567300081253052,1.4493999481201172,1.4527000188827515
2024-01-31,1.4530999660491943,1.456969976425171,1.4501399993896484,1.4530999660491943
2024-02-01,1.451449990272522,1.4552500247955322,1.4503200054168701,1.451449990272522
2024-02-02,1.4553300142288208,1.4569200277328491,1.450850009918213,1.4553300142288208
2024-02-05,1.4520200490951538,1.453410029411316,1.4494600296020508,1.4520200490951538
2024-02-06,1.4543999433517456,1.4547499418258667,1.4509999752044678,1.4543999433517456
2024-02-07,1.450950026512146,1.4523999691009521,1.448199987411499,1.450950026512146
2024-02-08,1.4503999948501587,1.4519000053405762,1.4483599662780762,1.4503999948501587
2024-02-09,1.450469970703125,1.4534200429916382,1.447450041770935,1.450469970703125
2024-02-12,1.4531199932098389,1.4533599615097046,1.4471999406814575,1.4531199932098389
2024-02-13,1.4493600130081177,1.4541800022125244,1.4468499422073364,1.4492000341415405
2024-02-14,1.4525699615478516,1.4546400308609009,1.4479000568389893,1.4525699615478516
2024-02-15,1.4529000520706177,1.4558099508285522,1.4516899585723877,1.4529000520706177
2024-02-16,1.450659990310669,1.452929973602295,1.4492299556732178,1.450659990310669
2024-02-19,1.453410029411316,1.453570008277893,1.4509999752044678,1.453510046005249
2024-02-20,1.4545700550079346,1.4646300077438354,1.4529999494552612,1.4545700550079346
2024-02-21,1.4618099927902222,1.4622299671173096,1.4595999717712402,1.4618099927902222
2024-02-22,1.4603300094604492,1.463189959526062,1.4578800201416016,1.4603300094604492
2024-02-23,1.4593499898910522,1.4625300168991089,1.4578200578689575,1.4593499898910522
2024-02-26,1.4616800546646118,1.4677499532699585,1.4610999822616577,1.461400032043457
2024-02-27,1.4649100303649902,1.4684100151062012,1.4628000259399414,1.4651399850845337
2024-02-28,1.4670000076293945,1.4717999696731567,1.465999960899353,1.4670000076293945
2024-02-29,1.471519947052002,1.47475004196167,1.4659700393676758,1.4714800119400024
2024-03-01,1.4665100574493408,1.4703400135040283,1.4659899473190308,1.4665100574493408
2024-03-04,1.469349980354309,1.47461998462677,1.4687000513076782,1.469349980354309
2024-03-05,1.4733400344848633,1.4760500192642212,1.472000002861023,1.4733400344848633
2024-03-06,1.4752299785614014,1.4779000282287598,1.4723999500274658,1.4752299785614014
2024-03-07,1.4726300239562988,1.4739500284194946,1.4659700393676758,1.4726300239562988
2024-03-08,1.4731099605560303,1.475100040435791,1.4681199789047241,1.4731099605560303
2024-03-11,1.4755500555038452,1.4765000343322754,1.4729299545288086,1.4755500555038452
2024-03-12,1.4731099605560303,1.474769949913025,1.471500039100647,1.4731700420379639
2024-03-13,1.4743200540542603,1.4762300252914429,1.4726500511169434,1.4743200540542603
2024-03-14,1.4749300479888916,1.474810004234314,1.4714000225067139,1.4749300479888916
2024-03-15,1.473289966583252,1.4749200344085693,1.4708000421524048,1.473289966583252
2024-03-18,1.474120020866394,1.4767199754714966,1.4728699922561646,1.474120020866394
2024-03-19,1.4716999530792236,1.4778599739074707,1.4711699485778809,1.4716999530792236
2024-03-20,1.474429965019226,1.4763699769973755,1.4718999862670898,1.474429965019226
2024-03-21,1.4733099937438965,1.4744999408721924,1.469130039215088,1.4733099937438965
2024-03-22,1.4692800045013428,1.4719899892807007,1.4664000272750854,1.4692800045013428
2024-03-25,1.4710400104522705,1.4723700284957886,1.469499945640564,1.4710400104522705
2024-03-26,1.4722599983215332,1.4737800359725952,1.469059944152832,1.4722599983215332
2024-03-27,1.470960021018982,1.4734599590301514,1.468000054359436,1.470960021018982
2024-03-28,1.4689600467681885,1.469849944114685,1.4613399505615234,1.4689600467681885
2024-03-29,1.4606499671936035,1.4632099866867065,1.458299994468689,1.4606499671936035
2024-04-01,1.45933997631073,1.4625500440597534,1.4572499990463257,1.45933997631073
2024-04-02,1.4573899507522583,1.4624300003051758,1.4546300172805786,1.4573899507522583
2024-04-03,1.4606000185012817,1.4642599821090698,1.4605000019073486,1.4606000185012817
2024-04-04,1.465649962425232,1.4668999910354614,1.464419960975647,1.465649962425232
2024-04-05,1.4676799774169922,1.47406005859375,1.4675400257110596,1.4676799774169922
2024-04-08,1.4733400344848633,1.4749799966812134,1.4707000255584717,1.4733400344848633
2024-04-09,1.4739700555801392,1.4762699604034424,1.4730000495910645,1.4739700555801392
2024-04-10,1.473829984664917,1.473870038986206,1.4671599864959717,1.473829984664917
2024-04-11,1.4703400135040283,1.470710039138794,1.4667999744415283,1.4703400135040283
2024-04-12,1.4680999517440796,1.4685399532318115,1.4619499444961548,1.4680999517440796
2024-04-15,1.465000033378601,1.466380000114441,1.460800051689148,1.465000033378601
2024-04-16,1.4648100137710571,1.472749948501587,1.4637999534606934,1.4648100137710571
2024-04-17,1.4676599502563477,1.4698100090026855,1.4668999910354614,1.4676599502563477
2024-04-18,1.4693200588226318,1.469689965248108,1.4653799533843994,1.4693200588226318
2024-04-19,1.4655400514602661,1.468000054359436,1.4637000560760498,1.4655400514602661
2024-04-22,1.4638999700546265,1.4645299911499023,1.458590030670166,1.4643000364303589
2024-04-23,1.4595500230789185,1.4639999866485596,1.4580399990081787,1.4595500230789185
2024-04-24,1.4615999460220337,1.4670300483703613,1.4606000185012817,1.4615999460220337
2024-04-25,1.4662400484085083,1.468999981880188,1.4646999835968018,1.4662400484085083
2024-04-26,1.465190052986145,1.4664499759674072,1.4609800577163696,1.465190052986145
2024-04-29,1.4620800018310547,1.4644500017166138,1.4607700109481812,1.4620800018310547
2024-04-30,1.4643900394439697,1.4725199937820435,1.4631999731063843,1.4643900394439697
2024-05-01,1.469480037689209,1.4712599515914917,1.4673000574111938,1.469480037689209
2024-05-02,1.470710039138794,1.4709800481796265,1.4643499851226807,1.470710039138794
2024-05-03,1.4662799835205078,1.4744999408721924,1.4658000469207764,1.4662799835205078
2024-05-06,1.472890019416809,1.4740400314331055,1.4709999561309814,1.472890019416809
2024-05-07,1.4718999862670898,1.4773900508880615,1.4714000225067139,1.4718999862670898
2024-05-08,1.4758000373840332,1.4786700010299683,1.474560022354126,1.4758000373840332
2024-05-09,1.4751800298690796,1.4761099815368652,1.4719599485397339,1.4751800298690796
2024-05-10,1.4746500253677368,1.4757000207901,1.4694000482559204,1.4746500253677368
2024-05-13,1.4730199575424194,1.4772599935531616,1.472599983215332,1.4730199575424194
2024-05-14,1.4749499559402466,1.4772499799728394,1.4739999771118164,1.4749499559402466
2024-05-15,1.476449966430664,1.4813799858093262,1.4749000072479248,1.476449966430664
2024-05-16,1.480430006980896,1.482100009918213,1.479200005531311,1.480430006980896
2024-05-17,1.4795900583267212,1.480239987373352,1.4771300554275513,1.4795900583267212
2024-05-20,1.4795299768447876,1.4811300039291382,1.4773000478744507,1.4795299768447876
2024-05-21,1.4795000553131104,1.4833699464797974,1.4789799451828003,1.4795000553131104
2024-05-22,1.48062002658844,1.4829200506210327,1.4788000583648682,1.48062002658844
2024-05-23,1.4818799495697021,1.4839099645614624,1.4788199663162231,1.4818799495697021
2024-05-24,1.4847999811172485,1.4881999492645264,1.482200026512146,1.4847999811172485
2024-05-27,1.4826699495315552,1.4836499691009521,1.479099988937378,1.4826699495315552
2024-05-28,1.4802800416946411,1.4834400415420532,1.4797999858856201,1.4802800416946411
2024-05-29,1.4809199571609497,1.4845600128173828,1.4792499542236328,1.4809199571609497
2024-05-30,1.481660008430481,1.4840500354766846,1.4808000326156616,1.481660008430481
2024-05-31,1.4820899963378906,1.4838500022888184,1.4779000282287598,1.4820899963378906
2024-06-03,1.4780000448226929,1.4841200113296509,1.4767999649047852,1.4780000448226929
2024-06-04,1.48649001121521,1.4893499612808228,1.4852999448776245,1.48649001121521
2024-06-05,1.4881700277328491,1.4926899671554565,1.4853999614715576,1.4881700277328491
2024-06-06,1.4885499477386475,1.492110013961792,1.4875999689102173,1.4885499477386475
2024-06-07,1.4886399507522583,1.4906799793243408,1.484529972076416,1.4886399507522583
2024-06-10,1.4829800128936768,1.483680009841919,1.4780999422073364,1.4829800128936768
2024-06-11,1.4811400175094604,1.4825299978256226,1.4759999513626099,1.4811400175094604
2024-06-12,1.477220058441162,1.485859990119934,1.4759999513626099,1.477220058441162
2024-06-13,1.4831000566482544,1.4860899448394775,1.4783999919891357,1.4831000566482544
2024-06-14,1.4757299423217773,1.4764200448989868,1.4691100120544434,1.4757299423217773
2024-06-17,1.4698699712753296,1.4749300479888916,1.4694000482559204,1.4698699712753296
2024-06-18,1.47284996509552,1.4752099514007568,1.4718999862670898,1.47284996509552
2024-06-19,1.47298002243042,1.4742000102996826,1.471500039100647,1.4730099439620972
2024-06-20,1.472499966621399,1.4737800359725952,1.466879963874817,1.472499966621399
2024-06-21,1.4650499820709229,1.4663599729537964,1.4616400003433228,1.4650499820709229
2024-06-24,1.4643100500106812,1.469499945640564,1.4637999534606934,1.4643100500106812
2024-06-25,1.4657700061798096,1.4659299850463867,1.459939956665039,1.4657700061798096
2024-06-26,1.462980031967163,1.4639300107955933,1.4601999521255493,1.462980031967163
2024-06-27,1.4634499549865723,1.468019962310791,1.461840033531189,1.4634499549865723
2024-06-28,1.4669300317764282,1.46806001663208,1.463189959526062,1.4669300317764282
2024-07-01,1.4677499532699585,1.4745399951934814,1.4677000045776367,1.4677499532699585
2024-07-02,1.4749499559402466,1.4762500524520874,1.4694900512695312,1.4749499559402466
2024-07-03,1.4699900150299072,1.4733099937438965,1.4687999486923218,1.4699900150299072
2024-07-04,1.4711500406265259,1.4721399545669556,1.469099998474121,1.4711500406265259
2024-07-05,1.471809983253479,1.4768099784851074,1.4711999893188477,1.471809983253479
2024-07-08,1.476639986038208,1.4785000085830688,1.4755899906158447,1.476639986038208
2024-07-09,1.4761699438095093,1.4769400358200073,1.4742900133132935,1.4761699438095093
2024-07-10,1.4742100238800049,1.476099967956543,1.472790002822876,1.4742100238800049
2024-07-11,1.475100040435791,1.4823999404907227,1.475100040435791,1.475100040435791
2024-07-12,1.4812500476837158,1.4861500263214111,1.4799000024795532,1.4812500476837158
2024-07-15,1.485550045967102,1.4914799928665161,1.485200047492981,1.485550045967102
2024-07-16,1.4900000095367432,1.4922599792480469,1.4884999990463257,1.4900000095367432
2024-07-17,1.4902199506759644,1.496709942817688,1.48989999294281,1.4902199506759644
2024-07-18,1.4964599609375,1.496749997138977,1.4928799867630005,1.4964599609375
2024-07-19,1.493589997291565,1.4965499639511108,1.4917000532150269,1.493589997291565
2024-07-22,1.4939700365066528,1.498520016670227,1.4931000471115112,1.4939700365066528
2024-07-23,1.498460054397583,1.4994699954986572,1.4930000305175781,1.498460054397583
2024-07-24,1.4956400394439697,1.499709963798523,1.492900013923645,1.4956400394439697
2024-07-25,1.4967900514602661,1.5024399757385254,1.496399998664856,1.4967900514602661
2024-07-26,1.499500036239624,1.5033899545669556,1.4976400136947632,1.499500036239624
2024-07-29,1.5008900165557861,1.5020999908447266,1.4961999654769897,1.5008900165557861
2024-07-30,1.4990099668502808,1.5001800060272217,1.4953299760818481,1.4990099668502808
2024-07-31,1.4979699850082397,1.4995299577713013,1.4938499927520752,1.4979699850082397
2024-08-01,1.4942899942398071,1.4959700107574463,1.4896199703216553,1.4942899942398071
2024-08-02,1.4972699880599976,1.5137300491333008,1.4956400394439697,1.4972699880599976
2024-08-05,1.5146600008010864,1.5226500034332275,1.5130300521850586,1.5146600008010864
2024-08-06,1.5117199420928955,1.5141899585723877,1.5062899589538574,1.5117199420928955
2024-08-07,1.5062400102615356,1.5065300464630127,1.4996099472045898,1.5062400102615356
2024-08-08,1.5029499530792236,1.503119945526123,1.4971200227737427,1.5029499530792236
2024-08-09,1.4992400407791138,1.500849962234497,1.4983999729156494,1.4992400407791138
2024-08-12,1.4986000061035156,1.5028599500656128,1.4975999593734741,1.4986000061035156
2024-08-13,1.5027199983596802,1.504930019378662,1.4990999698638916,1.5027199983596802
2024-08-14,1.5074199438095093,1.5136200189590454,1.5066800117492676,1.5074199438095093
2024-08-15,1.5097999572753906,1.5106600522994995,1.5031100511550903,1.5097999572753906
2024-08-16,1.506890058517456,1.5098700523376465,1.5061999559402466,1.506890058517456
2024-08-19,1.5079699754714966,1.5118800401687622,1.506700038909912,1.5079699754714966
2024-08-20,1.5111600160598755,1.5148600339889526,1.5074000358581543,1.5111600160598755
2024-08-21,1.515220046043396,1.5154500007629395,1.5102800130844116,1.515220046043396
2024-08-22,1.5152299404144287,1.5153000354766846,1.510599970817566,1.5152299404144287
2024-08-23,1.512220025062561,1.512969970703125,1.5080100297927856,1.512220025062561
2024-08-26,1.5113199949264526,1.5122900009155273,1.503999948501587,1.5113199949264526
2024-08-27,1.505120038986206,1.5059000253677368,1.5017800331115723,1.505079984664917
2024-08-28,1.503000020980835,1.5031499862670898,1.4961999654769897,1.503000020980835
2024-08-29,1.4990700483322144,1.4994900226593018,1.490630030632019,1.4990700483322144
2024-08-30,1.4946099519729614,1.4946800470352173,1.4914499521255493,1.4946099519729614
2024-09-02,1.49003005027771,1.4946199655532837,1.4895000457763672,1.49003005027771
2024-09-03,1.4937900304794312,1.499169945716858,1.4917700290679932,1.4937900304794312
2024-09-04,1.4963699579238892,1.499210000038147,1.4947500228881836,1.4963699579238892
2024-09-05,1.496690034866333,1.5025899410247803,1.4957000017166138,1.496690034866333
2024-09-06,1.4999300241470337,1.5052299499511719,1.4956400394439697,1.4999300241470337
2024-09-09,1.503600001335144,1.5037000179290771,1.4966000318527222,1.503600001335144
2024-09-10,1.496749997138977,1.5004099607467651,1.4960999488830566,1.4967700242996216
2024-09-11,1.4998199939727783,1.502500057220459,1.4964799880981445,1.4998199939727783
2024-09-12,1.4950000047683716,1.5019400119781494,1.4937000274658203,1.4950000047683716
2024-09-13,1.5038700103759766,1.507140040397644,1.5033999681472778,1.5038700103759766
2024-09-16,1.5054700374603271,1.5129799842834473,1.5048999786376953,1.5054700374603271
2024-09-17,1.5120400190353394,1.515089988708496,1.510349988937378,1.5120400190353394
2024-09-18,1.5118000507354736,1.513260006904602,1.5103000402450562,1.5118000507354736
2024-09-19,1.5125000476837158,1.513759970664978,1.5095200538635254,1.5125000476837158
2024-09-20,1.51350998878479,1.516160011291504,1.5124900341033936,1.51350998878479
2024-09-23,1.5137699842453003,1.5138499736785889,1.5016499757766724,1.5137699842453003
2024-09-24,1.503290057182312,1.5057599544525146,1.5013999938964844,1.503290057182312
2024-09-25,1.5019299983978271,1.5066200494766235,1.5005199909210205,1.5019299983978271
2024-09-26,1.5006300210952759,1.5064899921417236,1.4990700483322144,1.5006300210952759
2024-09-27,1.506160020828247,1.5088000297546387,1.500749945640564,1.506160020828247
2024-09-30,1.5088200569152832,1.5149699449539185,1.505210041999817,1.5088200569152832
2024-10-01,1.5063600540161133,1.5070899724960327,1.4929800033569336,1.5063600540161133
2024-10-02,1.4929900169372559,1.4939500093460083,1.4869999885559082,1.4929900169372559
2024-10-03,1.491819977760315,1.495129942893982,1.4903000593185425,1.491819977760315
2024-10-04,1.494860053062439,1.4967700242996216,1.4874999523162842,1.494860053062439
2024-10-07,1.4898300170898438,1.4944900274276733,1.488700032234192,1.4898300170898438
2024-10-08,1.4947500228881836,1.4999200105667114,1.4941999912261963,1.4947500228881836
2024-10-09,1.4984699487686157,1.4996800422668457,1.4962999820709229,1.4984699487686157
2024-10-10,1.499940037727356,1.5059599876403809,1.498900055885315,1.499940037727356
2024-10-11,1.5028899908065796,1.508080005645752,1.5015100240707397,1.5028899908065796
2024-10-14,1.5053499937057495,1.507889986038208,1.5041999816894531,1.5053499937057495
2024-10-15,1.5057200193405151,1.5094200372695923,1.5032000541687012,1.5057200193405151
2024-10-16,1.499899983406067,1.5021699666976929,1.4967700242996216,1.499899983406067
2024-10-17,1.493690013885498,1.4975299835205078,1.4903299808502197,1.493690013885498
2024-10-18,1.4939500093460083,1.4994800090789795,1.493499994277954,1.4939500093460083
2024-10-21,1.499750018119812,1.5007400512695312,1.4981000423431396,1.499750018119812
2024-10-22,1.4955999851226807,1.4984899759292603,1.4930200576782227,1.4955999851226807
2024-10-23,1.4917399883270264,1.493530035018921,1.4891999959945679,1.4917399883270264
2024-10-24,1.4916000366210938,1.4974499940872192,1.4887700080871582,1.4916000366210938
2024-10-25,1.498900055885315,1.5023800134658813,1.497499942779541,1.498900055885315
2024-10-28,1.5001800060272217,1.5044200420379639,1.4981000423431396,1.5001800060272217
2024-10-29,1.50232994556427,1.5025500059127808,1.4973499774932861,1.50232994556427
2024-10-30,1.5053499937057495,1.5117599964141846,1.5047999620437622,1.5053499937057495
2024-10-31,1.510200023651123,1.5142199993133545,1.5087000131607056,1.510200023651123
2024-11-01,1.5166599750518799,1.5168100595474243,1.5098999738693237,1.5166599750518799
2024-11-04,1.5134899616241455,1.5170400142669678,1.5115000009536743,1.5134899616241455
2024-11-05,1.5115000009536743,1.513200044631958,1.5095000267028809,1.5115000009536743
2024-11-06,1.5125800371170044,1.5123399496078491,1.4865100383758545,1.5125800371170044
2024-11-07,1.4967999458312988,1.499959945678711,1.4914000034332275,1.4967999458312988
2024-11-08,1.496880054473877,1.4990299940109253,1.4910000562667847,1.496880054473877
2024-11-11,1.4901299476623535,1.4926600456237793,1.4816299676895142,1.4901299476623535
2024-11-12,1.4842699766159058,1.4844399690628052,1.4780700206756592,1.4842699766159058
2024-11-13,1.4804500341415405,1.4843499660491943,1.4768999814987183,1.4804500341415405
2024-11-14,1.4780999422073364,1.4834599494934082,1.4715399742126465,1.4780999422073364
2024-11-15,1.4805400371551514,1.4865200519561768,1.4801000356674194,1.4805400371551514
2024-11-18,1.483739972114563,1.4889700412750244,1.4830000400543213,1.483739972114563
2024-11-19,1.4855400323867798,1.4856699705123901,1.4769599437713623,1.4855400323867798
2024-11-20,1.4802099466323853,1.4802000522613525,1.471869945526123,1.4802099466323853
2024-11-21,1.472599983215332,1.4742300510406494,1.461859941482544,1.472599983215332
2024-11-22,1.4634499549865723,1.4655300378799438,1.4491900205612183,1.4634499549865723
2024-11-25,1.4600399732589722,1.470479965209961,1.4594999551773071,1.4600399732589722
2024-11-26,1.4722800254821777,1.4846400022506714,1.4719799757003784,1.4722800254821777
2024-11-27,1.4742399454116821,1.4857399463653564,1.4731999635696411,1.4742399454116821
2024-11-28,1.4813400506973267,1.4813400506973267,1.475059986114502,1.4814300537109375
2024-11-29,1.4792699813842773,1.4822800159454346,1.4768999814987183,1.4792699813842773
2024-12-02,1.4775700569152832,1.4783899784088135,1.4725899696350098,1.4774600267410278
2024-12-03,1.474769949913025,1.4798500537872314,1.472100019454956,1.474769949913025
2024-12-04,1.4782999753952026,1.4825199842453003,1.4737499952316284,1.4782999753952026
2024-12-05,1.479259967803955,1.483970046043396,1.4785000085830688,1.479259967803955
2024-12-06,1.484179973602295,1.4952600002288818,1.4829000234603882,1.484179973602295
2024-12-09,1.494729995727539,1.495959997177124,1.4899799823760986,1.494729995727539
2024-12-10,1.496019959449768,1.4974100589752197,1.4875199794769287,1.496019959449768
2024-12-11,1.492400050163269,1.4927400350570679,1.48239004611969,1.492400050163269
2024-12-12,1.4864699840545654,1.4910000562667847,1.4838000535964966,1.4864699840545654
2024-12-13,1.4889600276947021,1.4960999488830566,1.4876999855041504,1.4889600276947021
2024-12-16,1.4950400590896606,1.497230052947998,1.4925999641418457,1.4950400590896606
2024-12-17,1.4969799518585205,1.503980040550232,1.496399998664856,1.4969799518585205
2024-12-18,1.5017199516296387,1.505910038948059,1.4996600151062012,1.5017199516296387
2024-12-19,1.4966700077056885,1.501710057258606,1.4877699613571167,1.4966700077056885
2024-12-20,1.492709994316101,1.4983899593353271,1.4910999536514282,1.492709994316101
2024-12-23,1.4982399940490723,1.5012500286102295,1.4954999685287476,1.4982399940490723
2024-12-24,1.4953999519348145,1.4994699954986572,1.4931399822235107,1.4953999519348145
2024-12-25,1.4930000305175781,1.4959700107574463,1.4824899435043335,1.4930000305175781
2024-12-26,1.4923700094223022,1.5013400316238403,1.4918099641799927,1.4923700094223022
2024-12-27,1.5018099546432495,1.5049799680709839,1.4986399412155151,1.5018099546432495
2024-12-30,1.5020999908447266,1.503790020942688,1.492709994316101,1.5020999908447266
2024-12-31,1.4931399822235107,1.497849941253662,1.4882299900054932,1.4931399822235107
2025-01-02,1.4876999855041504,1.4936000108718872,1.4766299724578857,1.4876999855041504
2025-01-03,1.4788899421691895,1.4886800050735474,1.4766000509262085,1.4788899421691895
2025-01-06,1.4880000352859497,1.4939299821853638,1.483299970626831,1.4880000352859497
2025-01-07,1.4888299703598022,1.4924099445343018,1.4861299991607666,1.4888299703598022
2025-01-08,1.4857499599456787,1.485949993133545,1.4794700145721436,1.4857499599456787
2025-01-09,1.48294997215271,1.4847300052642822,1.4803999662399292,1.48294997215271
2025-01-10,1.4827699661254883,1.485610008239746,1.4747200012207031,1.4827699661254883
2025-01-13,1.4766299724578857,1.4780999422073364,1.4687600135803223,1.4766299724578857
2025-01-14,1.4742799997329712,1.4789999723434448,1.4726099967956543,1.4742799997329712
2025-01-15,1.4790600538253784,1.4809900522232056,1.4741699695587158,1.4790600538253784
2025-01-16,1.47475004196167,1.4831299781799316,1.4743000268936157,1.47475004196167
2025-01-17,1.4830199480056763,1.4867299795150757,1.480780005455017,1.4830199480056763
2025-01-20,1.4875500202178955,1.493280053138733,1.4865399599075317,1.4875500202178955
2025-01-21,1.490280032157898,1.5034799575805664,1.4901000261306763,1.490280032157898
2025-01-22,1.4924099445343018,1.4992300271987915,1.4913599491119385,1.4924099445343018
2025-01-23,1.4980800151824951,1.5003700256347656,1.4938299655914307,1.4980800151824951
2025-01-24,1.497499942779541,1.507599949836731,1.4962999820709229,1.497499942779541
2025-01-27,1.5056899785995483,1.512719988822937,1.503909945487976,1.5056899785995483
2025-01-28,1.5040600299835205,1.5039499998092651,1.499150037765503,1.5040600299835205
2025-01-29,1.5017399787902832,1.5060499906539917,1.499940037727356,1.5017399787902832
2025-01-30,1.5010199546813965,1.5074299573898315,1.4972399473190308,1.5010199546813965
2025-01-31,1.5067600011825562,1.5082499980926514,1.5005500316619873,1.5067600011825562
2025-02-03,1.5080100297927856,1.5119800567626953,1.499959945678711,1.5080100297927856
2025-02-04,1.488919973373413,1.4943100214004517,1.484879970550537,1.488919973373413
2025-02-05,1.486739993095398,1.4903600215911865,1.4852900505065918,1.486739993095398
2025-02-06,1.4888399839401245,1.4910999536514282,1.4835400581359863,1.4888399839401245
2025-02-07,1.4856699705123901,1.4882299900054932,1.4778800010681152,1.4856699705123901
2025-02-10,1.4777599573135376,1.4813599586486816,1.4757499694824219,1.4777599573135376
2025-02-11,1.4767600297927856,1.480929970741272,1.475600004196167,1.4767600297927856
2025-02-12,1.48048996925354,1.4848099946975708,1.4788600206375122,1.48048996925354
2025-02-13,1.4859600067138672,1.4899300336837769,1.4816099405288696,1.4859600067138672
2025-02-14,1.4845900535583496,1.4890999794006348,1.4817999601364136,1.4845900535583496
2025-02-17,1.4877300262451172,1.4884599447250366,1.4851200580596924,1.4877300262451172
2025-02-18,1.4872100353240967,1.487879991531372,1.4827699661254883,1.4872100353240967
2025-02-19,1.482300043106079,1.4831700325012207,1.4797999858856201,1.482300043106079
2025-02-20,1.4836699962615967,1.4870799779891968,1.4824299812316895,1.4836699962615967
2025-02-21,1.488319993019104,1.4895000457763672,1.4838999509811401,1.488319993019104
2025-02-24,1.488510012626648,1.493690013885498,1.4867000579833984,1.488510012626648
2025-02-25,1.493399977684021,1.5026500225067139,1.4917999505996704,1.493399977684021
2025-02-26,1.504480004310608,1.5085899829864502,1.5025299787521362,1.504480004310608
2025-02-27,1.5037100315093994,1.505769968032837,1.5003999471664429,1.5037100315093994
2025-02-28,1.5012799501419067,1.5042599439620972,1.4977200031280518,1.5012799501419067
2025-03-03,1.5037399530410767,1.5126099586486816,1.5004199743270874,1.5037399530410767
2025-03-04,1.5193400382995605,1.529129981994629,1.5155800580978394,1.5193400382995605
2025-03-05,1.5294899940490723,1.5536500215530396,1.5286999940872192,1.5294899940490723
2025-03-06,1.5477099418640137,1.5566400289535522,1.542580008506775,1.5477099418640137
2025-03-07,1.5415199995040894,1.5625499486923218,1.5417499542236328,1.5415199995040894
2025-03-10,1.560610055923462,1.5647900104522705,1.552649974822998,1.560610055923462
2025-03-11,1.5638400316238403,1.5854300260543823,1.5635000467300415,1.5638400316238403
2025-03-12,1.5750600099563599,1.5779800415039062,1.565790057182312,1.5750600099563599
2025-03-13,1.5633200407028198,1.567229986190796,1.5570000410079956,1.5633200407028198
2025-03-14,1.5658899545669556,1.573830008506775,1.5614999532699585,1.5658899545669556
2025-03-17,1.5634299516677856,1.5661200284957886,1.5594799518585205,1.5634299516677856
2025-03-18,1.5607600212097168,1.564650058746338,1.5571600198745728,1.5607600212097168
2025-03-19,1.564170002937317,1.5653400421142578,1.5582000017166138,1.564170002937317
2025-03-20,1.5623799562454224,1.5639300346374512,1.5534299612045288,1.5623799562454224
2025-03-21,1.554919958114624,1.556920051574707,1.550510048866272,1.554919958114624
2025-03-24,1.5529099702835083,1.555299997329712,1.541990041732788,1.5529099702835083
2025-03-25,1.5465699434280396,1.5477999448776245,1.5440700054168701,1.5465699434280396
2025-03-26,1.5392999649047852,1.5410799980163574,1.5344200134277344,1.5392999649047852
2025-03-27,1.5354599952697754,1.5473699569702148,1.5352799892425537,1.5354599952697754
2025-03-28,1.5452899932861328,1.551259994506836,1.5415500402450562,1.5452899932861328
2025-03-31,1.5487500429153442,1.5559099912643433,1.5491000413894653,1.5487500429153442
2025-04-01,1.5566999912261963,1.5585600137710571,1.5456700325012207,1.5566999912261963
2025-04-02,1.5428199768066406,1.555459976196289,1.5426000356674194,1.5428199768066406
2025-04-03,1.5501699447631836,1.571329951286316,1.5497499704360962,1.5501699447631836
2025-04-04,1.5554300546646118,1.5732500553131104,1.552489995956421,1.5551799535751343
2025-04-07,1.5641100406646729,1.572759985923767,1.5499199628829956,1.5641100406646729
2025-04-08,1.554010033607483,1.55663001537323,1.5433499813079834,1.554010033607483
2025-04-09,1.5649499893188477,1.5743199586868286,1.5595500469207764,1.5649499893188477
2025-04-10,1.5441499948501587,1.5712599754333496,1.5418599843978882,1.5441499948501587
2025-04-11,1.570520043373108,1.5929800271987915,1.5691699981689453,1.570520043373108
2025-04-14,1.5734800100326538,1.5813499689102173,1.5695199966430664,1.5734800100326538
2025-04-15,1.5760899782180786,1.577370047569275,1.5672999620437622,1.5760899782180786
2025-04-16,1.5760899782180786,1.5850900411605835,1.575600028038025,1.5760899782180786
2025-04-17,1.5794099569320679,1.5800399780273438,1.5733200311660767,1.5794099569320679
2025-04-22,1.5924899578094482,1.5944199562072754,1.5805599689483643,1.5924899578094482
2025-04-23,1.5717500448226929,1.5791699886322021,1.5695899724960327,1.5717500448226929
2025-04-24,1.5714000463485718,1.5790200233459473,1.5710699558258057,1.5714000463485718
2025-04-25,1.575719952583313,1.5775200128555298,1.5700600147247314,1.575719952583313
2025-04-28,1.5733100175857544,1.5781699419021606,1.57246994972229,1.5733100175857544
2025-04-29,1.5775400400161743,1.5806399583816528,1.5738799571990967,1.5775400400161743
2025-04-30,1.5746500492095947,1.5756800174713135,1.5648200511932373,1.5746500492095947
2025-05-01,1.5615099668502808,1.565940022468567,1.5578199625015259,1.5615099668502808
2025-05-02,1.5640900135040283,1.5687400102615356,1.5610100030899048,1.5640900135040283
2025-05-05,1.5650500059127808,1.569100022315979,1.5623199939727783,1.5650500059127808
2025-05-06,1.563599944114685,1.567039966583252,1.5610899925231934,1.563599944114685
2025-05-07,1.5617200136184692,1.568410038948059,1.5600999593734741,1.5617200136184692
2025-05-08,1.5640100240707397,1.57082998752594,1.5634100437164307,1.5640100240707397
2025-05-09,1.562749981880188,1.5723799467086792,1.5611200332641602,1.562749981880188
2025-05-12,1.5638099908828735,1.5663700103759766,1.5485299825668335,1.5638099908828735
2025-05-13,1.5504000186920166,1.5614800453186035,1.5503900051116943,1.5504000186920166
2025-05-14,1.5583800077438354,1.567370057106018,1.5571000576019287,1.5583800077438354
2025-05-15,1.5630700588226318,1.5692800283432007,1.5621000528335571,1.5630700588226318
2025-05-16,1.5617899894714355,1.5647200345993042,1.5579999685287476,1.5617899894714355
2025-05-19,1.560829997062683,1.573889970779419,1.5604000091552734,1.560829997062683
2025-05-20,1.5676599740982056,1.5714000463485718,1.5640000104904175,1.5676599740982056
2025-05-21,1.5699800252914429,1.5758800506591797,1.5673500299453735,1.5699800252914429
2025-05-22,1.5704900026321411,1.571239948272705,1.562940001487732,1.5704900026321411
2025-05-23,1.563330054283142,1.5699900388717651,1.5592000484466553,1.563330054283142
2025-05-26,1.5621600151062012,1.5643399953842163,1.5596599578857422,1.5621600151062012
2025-05-27,1.5641599893569946,1.565790057182312,1.5594899654388428,1.5641599893569946
2025-05-28,1.5655499696731567,1.5671099424362183,1.5594300031661987,1.5655499696731567
2025-05-29,1.5559200048446655,1.5698299407958984,1.5552899837493896,1.5559200048446655
2025-05-30,1.5707199573516846,1.5720200538635254,1.5592000484466553,1.5707199573516846
2025-06-02,1.5580699443817139,1.5684200525283813,1.5581899881362915,1.5580699443817139
2025-06-03,1.5701700448989868,1.5706900358200073,1.560379981994629,1.5701700448989868
2025-06-04,1.5611599683761597,1.5638799667358398,1.5590900182724,1.5611599683761597
2025-06-05,1.5623500347137451,1.5679399967193604,1.5589900016784668,1.5623500347137451
2025-06-06,1.5652300119400024,1.5653899908065796,1.5575000047683716,1.5652300119400024
2025-06-09,1.5616400241851807,1.5641299486160278,1.5587999820709229,1.5616400241851807
2025-06-10,1.565369963645935,1.5666999816894531,1.5609999895095825,1.565369963645935
2025-06-11,1.5633000135421753,1.5704699754714966,1.5600999593734741,1.5633000135421753
2025-06-12,1.572540044784546,1.5836800336837769,1.5712100267410278,1.572540044784546
2025-06-13,1.5771100521087646,1.5782899856567383,1.567139983177185,1.5771100521087646
2025-06-16,1.56850004196167,1.5731799602508545,1.5668699741363525,1.56850004196167
2025-06-17,1.567929983139038,1.570970058441162,1.5652300119400024,1.567929983139038
2025-06-18,1.5711599588394165,1.577340006828308,1.56905996799469,1.5711599588394165
2025-06-19,1.5717600584030151,1.5765000581741333,1.5699000358581543,1.5717600584030151
2025-06-20,1.5763299465179443,1.5836199522018433,1.5759299993515015,1.5763299465179443
2025-06-23,1.5799800157546997,1.5891499519348145,1.5792299509048462,1.5799800157546997
2025-06-24,1.5922000408172607,1.593500018119812,1.5877599716186523,1.5922000408172607
2025-06-25,1.5938199758529663,1.5988099575042725,1.591480016708374,1.5938199758529663
2025-06-26,1.6020300388336182,1.6063499450683594,1.5942200422286987,1.6020300388336182
2025-06-27,1.594980001449585,1.6029399633407593,1.5942800045013428,1.594980001449585
2025-06-30,1.6043599843978882,1.6056499481201172,1.5995999574661255,1.6043599843978882
2025-07-01,1.6035799980163574,1.6095999479293823,1.6015000343322754,1.6035799980163574
2025-07-02,1.6103399991989136,1.6106899976730347,1.6028300523757935,1.6103399991989136
2025-07-03,1.6033600568771362,1.6048699617385864,1.594059944152832,1.6033600568771362
2025-07-04,1.5975899696350098,1.6033799648284912,1.596269965171814,1.5975899696350098
2025-07-07,1.6024600267410278,1.6052000522613525,1.5994900465011597,1.6024600267410278
2025-07-08,1.6037100553512573,1.6048599481582642,1.5991599559783936,1.6037100553512573
2025-07-09,1.602429986000061,1.6045900583267212,1.6014000177383423,1.602429986000061
2025-07-10,1.6053099632263184,1.6071699857711792,1.5975099802017212,1.6053099632263184
2025-07-11,1.5978800058364868,1.6026999950408936,1.5966999530792236,1.5978800058364868
2025-07-14,1.598680019378662,1.600790023803711,1.5963200330734253,1.598680019378662
2025-07-15,1.5987499952316284,1.6011500358581543,1.5926300287246704,1.5987499952316284
2025-07-16,1.592039942741394,1.6028399467468262,1.5898000001907349,1.592039942741394
2025-07-17,1.5927400588989258,1.5953600406646729,1.5890300273895264,1.5927400588989258
2025-07-18,1.595420002937317,1.599370002746582,1.5951999425888062,1.595420002937317
2025-07-21,1.59607994556427,1.6028399467468262,1.5946600437164307,1.59607994556427
2025-07-22,1.5992599725723267,1.6012300252914429,1.597309947013855,1.5992599725723267
2025-07-23,1.596940040588379,1.5993000268936157,1.5920300483703613,1.596940040588379
2025-07-24,1.6013599634170532,1.6055500507354736,1.5976099967956543,1.6013599634170532
2025-07-25,1.6030000448226929,1.608680009841919,1.6016000509262085,1.6030000448226929
2025-07-28,1.6105999946594238,1.6116000413894653,1.5926100015640259,1.6105999946594238
2025-07-29,1.5926300287246704,1.593000054359436,1.585569977760315,1.5926300287246704
2025-07-30,1.590880036354065,1.5923500061035156,1.582319974899292,1.590880036354065
2025-07-31,1.579949975013733,1.5847699642181396,1.5775799751281738,1.579949975013733
2025-08-01,1.582859992980957,1.594939947128296,1.5802899599075317,1.582859992980957
2025-08-04,1.5962899923324585,1.5964000225067139,1.591920018196106,1.5962899923324585
2025-08-05,1.5944000482559204,1.5960899591445923,1.589859962463379,1.5944000482559204
2025-08-06,1.594480037689209,1.6002800464630127,1.5925999879837036,1.594480037689209
2025-08-07,1.602239966392517,1.605049967765808,1.5980900526046753,1.602239966392517
2025-08-08,1.603309988975525,1.6043800115585327,1.5968999862670898,1.603309988975525
2025-08-11,1.601830005645752,1.6051000356674194,1.598520040512085,1.601830005645752
2025-08-12,1.6000699996948242,1.6084500551223755,1.5994999408721924,1.6000699996948242
2025-08-13,1.6078300476074219,1.6134099960327148,1.6074999570846558,1.6078300476074219
2025-08-14,1.610700011253357,1.6111299991607666,1.6069600582122803,1.610700011253357
2025-08-15,1.6092599630355835,1.6172499656677246,1.6085000038146973,1.6092599630355835
2025-08-18,1.6171300411224365,1.6171000003814697,1.6088999509811401,1.6171300411224365
2025-08-19,1.6102800369262695,1.6172599792480469,1.6081199645996094,1.6102800369262695
2025-08-20,1.6141799688339233,1.6177899837493896,1.6123000383377075,1.6141799688339233
2025-08-21,1.6163100004196167,1.6183799505233765,1.6126899719238281,1.6163100004196167
2025-08-22,1.614169955253601,1.6222699880599976,1.6114000082015991,1.614169955253601
2025-08-25,1.6191799640655518,1.6202900409698486,1.6136000156402588,1.6191799640655518
2025-08-26,1.609470009803772,1.614240050315857,1.6086599826812744,1.609470009803772
2025-08-27,1.6098699569702148,1.610129952430725,1.6030999422073364,1.6098699569702148
2025-08-28,1.6048099994659424,1.6081899404525757,1.6027499437332153,1.6048099994659424
2025-08-29,1.6059999465942383,1.6074999570846558,1.602929949760437,1.6059999465942383
2025-09-01,1.6060099601745605,1.6123700141906738,1.6055999994277954,1.6060099601745605
2025-09-02,1.6104700565338135,1.610569953918457,1.6015299558639526,1.6104700565338135
2025-09-03,1.6034499406814575,1.6103099584579468,1.6025400161743164,1.6034499406814575
2025-09-04,1.6082600355148315,1.6113799810409546,1.6075299978256226,1.6082600355148315
2025-09-05,1.6103099584579468,1.6255899667739868,1.6098599433898926,1.6103099584579468
2025-09-08,1.6203800439834595,1.6243000030517578,1.617959976196289,1.6203800439834595
2025-09-09,1.6232999563217163,1.6256200075149536,1.6206400394439697,1.6232999563217163
2025-09-10,1.6202800273895264,1.6243599653244019,1.6192699670791626,1.6202800273895264
2025-09-11,1.6220699548721313,1.6266499757766724,1.61968994140625,1.6220699548721313
2025-09-12,1.6232099533081055,1.6251599788665771,1.6208000183105469,1.6232099533081055
2025-09-15,1.6226799488067627,1.6273399591445923,1.621269941329956,1.6226799488067627
2025-09-16,1.6202800273895264,1.6297199726104736,1.6194000244140625,1.6202800273895264
2025-09-17,1.6308799982070923,1.6317600011825562,1.6274299621582031,1.6308799982070923
2025-09-18,1.6280499696731567,1.631250023841858,1.6222699880599976,1.6280499696731567
2025-09-19,1.625830054283142,1.6262199878692627,1.6169999837875366,1.625830054283142
2025-09-22,1.617609977722168,1.6274100542068481,1.6169699430465698,1.617609977722168
2025-09-23,1.6313799619674683,1.6339099407196045,1.6292699575424194,1.6313799619674683
2025-09-24,1.6347899436950684,1.6348799467086792,1.6280900239944458,1.6347899436950684
2025-09-25,1.631909966468811,1.633080005645752,1.6245800256729126,1.631909966468811
2025-09-26,1.625830054283142,1.6312799453735352,1.6253000497817993,1.625830054283142
2025-09-29,1.6314500570297241,1.6368999481201172,1.6301100254058838,1.6314500570297241
2025-09-30,1.6324100494384766,1.6354299783706665,1.6303900480270386,1.6324100494384766
2025-10-01,1.6338399648666382,1.638569951057434,1.6327600479125977,1.6338399648666382
2025-10-02,1.6355400085449219,1.6390800476074219,1.6339000463485718,1.6355400085449219
2025-10-03,1.6363999843597412,1.6400799751281738,1.635599970817566,1.6363999843597412
2025-10-06,1.635390043258667,1.6363600492477417,1.6261999607086182,1.635390043258667
2025-10-07,1.632889986038208,1.6330599784851074,1.6253700256347656,1.632889986038208
2025-10-08,1.6259700059890747,1.6258800029754639,1.6193599700927734,1.6259700059890747
2025-10-09,1.6228200197219849,1.623610019683838,1.6180399656295776,1.6228200197219849
2025-10-10,1.621399998664856,1.6282999515533447,1.6169999837875366,1.621399998664856
2025-10-13,1.6239800453186035,1.6270300149917603,1.6199899911880493,1.6239800453186035
2025-10-14,1.623669981956482,1.6300699710845947,1.621899962425232,1.623669981956482
2025-10-15,1.6294200420379639,1.6350599527359009,1.6294699907302856,1.6294200420379639
2025-10-16,1.635509967803955,1.6395399570465088,1.6343300342559814,1.635509967803955
2025-10-17,1.6431599855422974,1.6465699672698975,1.636299967765808,1.6431599855422974
2025-10-20,1.6338000297546387,1.6374000310897827,1.6333999633789062,1.6338000297546387
2025-10-21,1.6339499950408936,1.6353299617767334,1.6261399984359741,1.6339499950408936
2025-10-22,1.6262400150299072,1.6266100406646729,1.621649980545044,1.6262400150299072
2025-10-23,1.6235300302505493,1.625380039215088,1.6213200092315674,1.6235300302505493
2025-10-24,1.6248600482940674,1.6327099800109863,1.6240999698638916,1.6248600482940674
2025-10-27,1.6274900436401367,1.6300300359725952,1.6238000392913818,1.6274900436401367
2025-10-28,1.6301100254058838,1.6325700283050537,1.6247800588607788,1.6301100254058838
2025-10-29,1.6247400045394897,1.6250499486923218,1.6181000471115112,1.6247400045394897
2025-10-30,1.6172699928283691,1.6217399835586548,1.6158699989318848,1.6172699928283691
2025-10-31,1.6174999475479126,1.6216399669647217,1.6141200065612793,1.6174999475479126
2025-11-03,1.6154500246047974,1.6213699579238892,1.614300012588501,1.6154500246047974
2025-11-04,1.6189099550247192,1.621500015258789,1.6160000562667847,1.6189099550247192
2025-11-05,1.619379997253418,1.6244499683380127,1.619070053100586,1.619379997253418
2025-11-06,1.620959997177124,1.631119966506958,1.6208399534225464,1.620959997177124
2025-11-07,1.629520058631897,1.6312799453735352,1.6257200241088867,1.629520058631897
2025-11-10,1.622480034828186,1.6225199699401855,1.6190999746322632,1.6210700273513794
2025-11-11,1.620919942855835,1.6255300045013428,1.6196999549865723,1.6207499504089355
2025-11-12,1.6234999895095825,1.6238800287246704,1.6205999851226807,1.6238399744033813
2025-11-13,1.6236599683761597,1.6320799589157104,1.6216800212860107,1.6236000061035156
2025-11-14,1.6324100494384766,1.6337599754333496,1.628000020980835,1.6321500539779663
2025-11-17,1.6284500360488892,1.628659963607788,1.625,1.628000020980835
2025-11-18,1.628559947013855,1.630769968032837,1.6199599504470825,1.628350019454956
2025-11-19,1.6194900274276733,1.6233999729156494,1.618299961090088,1.619379997253418
2025-11-20,1.620169997215271,1.625309944152832,1.617799997329712,1.6203399896621704
2025-11-21,1.624899983406067,1.627940058708191,1.6212600469589233,1.6252800226211548
2025-11-24,1.6218199729919434,1.6290899515151978,1.6217999458312988,1.6217700242996216
2025-11-25,1.6253399848937988,1.6334799528121948,1.625,1.625059962272644
2025-11-26,1.6307799816131592,1.6317100524902344,1.6280499696731567,1.6307899951934814
2025-11-27,1.6284199953079224,1.6296000480651855,1.625440001487732,1.6284600496292114
2025-11-28,1.6268099546432495,1.6271100044250488,1.616979956626892,1.6267900466918945
2025-12-01,1.620609998703003,1.6260700225830078,1.6204999685287476,1.6205600500106812
2025-12-02,1.6249200105667114,1.627120018005371,1.6215800046920776,1.6248699426651
2025-12-03,1.6244100332260132,1.6285799741744995,1.623900055885315,1.624169945716858
2025-12-04,1.6277899742126465,1.6316900253295898,1.6246000528335571,1.6275099515914917
2025-12-05,1.625309944152832,1.6271699666976929,1.611899971961975,1.6252100467681885
2025-12-08,1.6102999448776245,1.6122000217437744,1.606529951095581,1.6102800369262695
2025-12-09,1.612030029296875,1.6139600276947021,1.608180046081543,1.6119600534439087
2025-12-10,1.6098599433898926,1.6143300533294678,1.6093000173568726,1.6098400354385376
2025-12-11,1.6133099794387817,1.6188900470733643,1.6128699779510498,1.6129000186920166
2025-12-12,1.6172900199890137,1.6191999912261963,1.6124999523162842,1.616979956626892
2025-12-15,1.615779995918274,1.619439959526062,1.6138900518417358,1.6159100532531738
2025-12-16,1.6182199716567993,1.6214699745178223,1.616979956626892,1.61844003200531
2025-12-17,1.6160099506378174,1.620710015296936,1.6128000020980835,1.6161199808120728
2025-12-18,1.6181299686431885,1.6187900304794312,1.6133999824523926,1.618209958076477
2025-12-19,1.6152700185775757,1.616729974746704,1.6130399703979492,1.6153600215911865
2025-12-22,1.6146700382232666,1.6178799867630005,1.6145999431610107,1.614359974861145
2025-12-23,1.6166000366210938,1.6177500486373901,1.6122699975967407,1.6175199747085571
2025-12-24,1.6138999462127686,1.6148500442504883,1.6095999479293823,1.613919973373413
2025-12-26,1.6109999418258667,1.6128400564193726,1.6074999570846558,1.610990047454834
2025-12-29,1.6092100143432617,1.6135200262069702,1.6066999435424805,1.608839988708496
2025-12-30,1.6113200187683105,1.6124600172042847,1.6082600355148315,1.6109700202941895
2025-12-31,1.6082799434661865,1.61080002784729,1.6060999631881714,1.608389973640442
2026-01-02,1.6117000579833984,1.6131099462509155,1.607100009918213,1.6117199659347534
2026-01-05,1.6089999675750732,1.6116100549697876,1.6061999797821045,1.6089199781417847
2026-01-06,1.6136200428009033,1.6153500080108643,1.610550045967102,1.6133899688720703
2026-01-07,1.614549994468689,1.6166399717330933,1.611899971961975,1.6146800518035889
2026-01-08,1.6181000471115112,1.621000051498413,1.61489999294281,1.6178699731826782
2026-01-09,1.616189956665039,1.6173100471496582,1.614300012588501,1.6161099672317505
2026-01-12,1.6172399520874023,1.6225800514221191,1.6169500350952148,1.6171200275421143
2026-01-13,1.6188700199127197,1.61981999874115,1.6162699460983276,1.6187299489974976
2026-01-14,1.6166900396347046,1.6187000274658203,1.6158000230789185,1.6166000366210938
2026-01-15,1.616919994354248,1.618190050125122,1.61135995388031,1.6167000532150269
2026-01-16,1.6124099493026733,1.6155999898910522,1.6117000579833984,1.6121699810028076
2026-01-19,1.6155500411987305,1.6166800260543823,1.6131000518798828,1.6156799793243408
2026-01-20,1.6147700548171997,1.6238199472427368,1.613700032234192,1.614650011062622
2026-01-21,1.6219799518585205,1.6222800016403198,1.614490032196045,1.622189998626709
2026-01-22,1.6158499717712402,1.6207400560379028,1.6147500276565552,1.6156200170516968
2026-01-23,1.6198999881744385,1.6205500364303589,1.614400029182434,1.6201499700546265
2026-01-26,1.6245800256729126,1.6282099485397339,1.6205600500106812,1.6245700120925903
2026-01-27,1.6282999515533447,1.632580041885376,1.6260000467300415,1.6283199787139893
2026-01-28,1.6339499950408936,1.6344300508499146,1.617959976196289,1.6331199407577515
2026-01-29,1.621500015258789,1.6220699548721313,1.6143100261688232,1.6211999654769897
2026-01-30,1.6142200231552124,1.614490032196045,1.6075999736785889,1.614259958267212
2026-02-02,1.6157300472259521,1.6200400590896606,1.611430048942566,1.6156200170516968
2026-02-03,1.6130800247192383,1.6156699657440186,1.6107300519943237,1.61312997341156
2026-02-04,1.6117099523544312,1.6151399612426758,1.61080002784729,1.611430048942566
2026-02-05,1.6130000352859497,1.6156699657440186,1.6112200021743774,1.6131399869918823
2026-02-06,1.6146999597549438,1.6160099506378174,1.610260009765625,1.614400029182434
2026-02-09,1.61489999294281,1.6200400590896606,1.6139999628067017,1.6151299476623535
2026-02-10,1.6141999959945679,1.6164100170135498,1.6099400520324707,1.6143499612808228
2026-02-11,1.610990047454834,1.6146299839019775,1.6090999841690063,1.6110899448394775
2026-02-12,1.6120100021362305,1.6175899505615234,1.6101000308990479,1.6120699644088745
2026-02-13,1.6155699491500854,1.617169976234436,1.6131999492645264,1.6153000593185425
2026-02-16,1.615880012512207,1.6164799928665161,1.613700032234192,1.6159499883651733
2026-02-17,1.615880012512207,1.617169976234436,1.6136000156402588,1.615689992904663
2026-02-18,1.6163100004196167,1.6171400547027588,1.6138999462127686,1.6161999702453613
2026-02-19,1.6145299673080444,1.6157300472259521,1.6092699766159058,1.6145000457763672
2026-02-20,1.6107800006866455,1.6144299507141113,1.6080000400543213,1.6105799674987793
2026-02-23,1.614840030670166,1.6165599822998047,1.6123000383377075,1.6151399612426758
2026-02-24,1.6147899627685547,1.616070032119751,1.6126999855041504,1.6148300170898438
2026-02-25,1.613420009613037,1.6153199672698975,1.6122000217437744,1.613010048866272
2026-02-26,1.6157200336456299,1.6170099973678589,1.6128000020980835,1.6155400276184082
2026-02-27,1.614050030708313,1.6156699657440186,1.6098999977111816,1.613919973373413
2026-03-02,1.6072200536727905,1.6092000007629395,1.5989400148391724,1.6071799993515015
2026-03-03,1.5987499952316284,1.5992200374603271,1.5836399793624878,1.5987900495529175
2026-03-04,1.5876699686050415,1.592769980430603,1.5845600366592407,1.5876599550247192
2026-03-05,1.587149977684021,1.5877599716186523,1.5814499855041504,1.587380051612854
2026-03-06,1.586650013923645,1.587049961090088,1.576449990272522,1.5867199897766113
2026-03-09,1.567710041999817,1.5740200281143188,1.5608999729156494,1.567229986190796
2026-03-10,1.5784599781036377,1.5831600427627563,1.5751399993896484,1.5783400535583496
2026-03-11,1.5769599676132202,1.5791699886322021,1.5722999572753906,1.576949954032898
2026-03-12,1.5696899890899658,1.5716999769210815,1.566640019416809,1.5697300434112549
2026-03-13,1.57014000415802,1.5745699405670166,1.5621099472045898,1.5706000328063965
2026-03-16,1.5680899620056152,1.5723600387573242,1.5655399560928345,1.567829966545105
2026-03-17,1.5736199617385864,1.5814499855041504,1.570449948310852,1.57368004322052
2026-03-18,1.5794800519943237,1.5826400518417358,1.576200008392334,1.5796600580215454
2026-03-19,1.5736299753189087,1.5822900533676147,1.5719799995422363,1.573830008506775
2026-03-20,1.5899699926376343,1.5905200242996216,1.5820200443267822,1.5900499820709229
2026-03-23,1.5850000381469727,1.5928699970245361,1.5792200565338135,1.5848300457000732
2026-03-24,1.593690037727356,1.5952500104904175,1.5904799699783325,1.5937199592590332
2026-03-25,1.5976699590682983,1.6014200448989868,1.5943700075149536,1.5976999998092651
2026-03-26,1.5968799591064453,1.5994499921798706,1.5946600437164307,1.59660005569458
2026-03-27,1.597730040550232,1.6010600328445435,1.5937999486923218,1.597640037536621
2026-03-30,1.597059965133667,1.6004799604415894,1.593500018119812,1.5973299741744995
2026-03-31,1.5958399772644043,1.6095999479293823,1.5951999425888062,1.5956900119781494
2026-04-01,1.6085699796676636,1.6143900156021118,1.6066900491714478,1.608680009841919
2026-04-02,1.607800006866455,1.6089199781417847,1.6023000478744507,1.6081000566482544
2026-04-03,1.6061500310897827,1.6082099676132202,1.6051000356674194,1.605929970741272
2026-04-06,1.605049967765808,1.6101900339126587,1.6043000221252441,1.6048699617385864
2026-04-07,1.6055699586868286,1.6110600233078003,1.604699969291687,1.6053800582885742
2026-04-08,1.6180499792099,1.622979998588562,1.614799976348877,1.6174499988555908
2026-04-09,1.6142899990081787,1.6178200244903564,1.6135300397872925,1.6144499778747559
2026-04-10,1.615839958190918,1.622789978981018,1.6151000261306763,1.615820050239563
2026-04-13,1.6194599866867065,1.6204299926757812,1.6161799430847168,1.619439959526062
2026-04-14,1.6215900182724,1.6236799955368042,1.6204999685287476,1.6219899654388428
2026-04-15,1.6238399744033813,1.6244800090789795,1.6205999851226807,1.6240400075912476
2026-04-16,1.621269941329956,1.621269941329956,1.6137499809265137,1.6209299564361572
2026-04-17,1.6133999824523926,1.6181800365447998,1.61080002784729,1.613700032234192
2026-04-20,1.6087199449539185,1.6117700338363647,1.607509970664978,1.6087000370025635
2026-04-21,1.6074299812316895,1.6078100204467773,1.6029000282287598,1.6077500581741333
2026-04-22,1.603950023651123,1.6050200462341309,1.599869966506958,1.6038399934768677
2026-04-23,1.6001399755477905,1.602239966392517,1.5963000059127808,1.6001399755477905
2026-04-24,1.600160002708435,1.6038299798965454,1.5990999937057495,1.6002899408340454
2026-04-27,1.600909948348999,1.602720022201538,1.5967600345611572,1.6007000207901
2026-04-28,1.5968400239944458,1.60247004032135,1.5938600301742554,1.596709966659546
2026-04-29,1.6027799844741821,1.6027799844741821,1.5987099409103394,1.6027799844741821
2026-04-30,1.5971399545669556,1.6004999876022339,1.5946999788284302,1.5971200466156006
2026-05-01,1.592710018157959,1.5987600088119507,1.5916099548339844,1.5926200151443481
2026-05-04,1.592900037765503,1.595289945602417,1.5911999940872192,1.5928000211715698
2026-05-05,1.5923399925231934,1.5943100452423096,1.590399980545044,1.5923399925231934
2026-05-06,1.5935300588607788,1.6028200387954712,1.593000054359436,1.593709945678711
2026-05-07,1.6017999649047852,1.605679988861084,1.601199984550476,1.6019400358200073
2026-05-08,1.6023600101470947,1.614840030670166,1.6015000343322754,1.6023800373077393
2026-05-11,1.610159993171692,1.610550045967102,1.6075799465179443,1.6099900007247925
2026-05-12,1.6110700368881226,1.6111899614334106,1.607800006866455,1.6110299825668335
2026-05-13,1.6071100234985352,1.6075600385665894,1.6018999814987183,1.6072900295257568
2026-05-14,1.605389952659607,1.6066099405288696,1.602139949798584,1.6050000190734863
2026-05-15,1.6005699634552002,1.6018099784851074,1.598140001296997,1.600409984588623
2026-05-18,1.5980299711227417,1.601830005645752,1.597000002861023,1.5980900526046753
2026-05-19,1.6007800102233887,1.6013799905776978,1.59552001953125,1.6010799407958984
2026-05-20,1.5960099697113037,1.5988099575042725,1.594499945640564,1.5955599546432495
2026-05-21,1.59784996509552,1.6009999513626099,1.5959700345993042,1.5978399515151978
2026-05-22,1.600250005722046,1.6034300327301025,1.5994199514389038,1.6004199981689453
2026-05-25,1.6065700054168701,1.6085799932479858,1.6054999828338623,1.6067299842834473
2026-05-26,1.606410026550293,1.6078499555587769,1.603700041770935,1.6063300371170044
2026-05-27,1.6065399646759033,1.611799955368042,1.6063499450683594,1.6066099405288696
2026-05-28,1.6079699993133545,1.6121000051498413,1.6059999465942383,1.6080299615859985
2026-05-29,1.6058399677276611,1.6101399660110474,1.6039999723434448,1.6058100461959839
2026-06-01,1.6070499420166016,1.6120400428771973,1.606950044631958,1.6069899797439575
2026-06-02,1.610319972038269,1.613219976425171,1.6088299751281738,1.6104199886322021
2026-06-03,1.6088999509811401,1.6120599508285522,1.6080600023269653,1.6087599992752075
2026-06-04,1.612280011177063,1.6176700592041016,1.611899971961975,1.6126600503921509
2026-06-05,1.6148099899291992,1.616610050201416,1.6065599918365479,1.614400029182434
2026-06-08,1.606469988822937,1.6107399463653564,1.6039999723434448,1.6066999435424805
2026-06-09,1.608839988708496,1.613700032234192,1.6079000234603882,1.6088600158691406
2026-06-10,1.6093100309371948,1.6111199855804443,1.6069999933242798,1.6093800067901611
2026-06-11,1.6088299751281738,1.6149699687957764,1.608299970626831,1.6088099479675293
2026-06-12,1.6169999837875366,1.6199899911880493,1.6158000230789185,1.6172800064086914
2026-06-15,1.6202199459075928,1.6242799758911133,1.6197999715805054,1.6200300455093384
2026-06-16,1.621649980545044,1.625599980354309,1.6210999488830566,1.6219199895858765
2026-06-17,1.6245800256729126,1.6264599561691284,1.6233700513839722,1.6244900226593018
2026-06-18,1.6228200197219849,1.6259299516677856,1.6181999444961548,1.6225899457931519
2026-06-19,1.6205600500106812,1.6266200542449951,1.6160900592803955,1.62021005153656
2026-06-22,1.6247299909591675,1.6257699728012085,1.618190050125122,1.6245800256729126
2026-06-23,1.6176700592041016,1.620609998703003,1.6146999597549438,1.6177699565887451
2026-06-24,1.616729974746704,1.617300033569336,1.6126999855041504,1.6167900562286377
2026-06-25,1.6163599491119385,1.6180700063705444,1.6141599416732788,1.6160199642181396
2026-06-26,1.6133899688720703,1.6205899715423584,1.6121000051498413,1.613379955291748
2026-06-29,1.6154099702835083,1.623579978942871,1.61489999294281,1.6154500246047974
2026-06-30,1.6224000453948975,1.623329997062683,1.6201599836349487,1.622689962387085
2026-07-01,1.6211299896240234,1.6218899488449097,1.6165000200271606,1.6212199926376343
2026-07-02,1.617460012435913,1.6235599517822266,1.6171000003814697,1.6174099445343018
2026-07-03,1.6206599473953247,1.6260299682617188,1.6204999685287476,1.620710015296936
2026-07-06,1.6246399879455566,1.625100016593933,1.6223700046539307,1.6243699789047241
2026-07-07,1.6256799697875977,1.6265599727630615,1.621000051498413,1.6254600286483765
2026-07-08,1.619439959526062,1.6204099655151367,1.6145700216293335,1.6193699836730957
2026-07-09,1.6180000305175781,1.6220699548721313,1.617400050163269,1.6175999641418457
2026-07-10,1.6195299625396729,1.6207300424575806,1.6159100532531738,1.6195900440216064
2026-07-13,1.615190029144287,1.6174499988555908,1.6112500429153442,1.615149974822998
2026-07-14,1.610550045967102,1.611739993095398,1.6050399541854858,1.6104700565338135
2026-07-15,1.6055699586868286,1.6080900430679321,1.6043000221252441,1.605299949645996
2026-07-16,1.6095999479293823,1.6112600564956665,1.6041899919509888,1.6093000173568726
2026-07-17,1.606600046157837,1.6067899465560913,1.6011199951171875,1.6064599752426147
2026-07-20,1.6019699573516846,1.6047500371932983,1.6013000011444092,1.602020025253296
2026-07-21,1.6063100099563599,1.6082600355148315,1.605299949645996,1.6058000326156616
2026-07-22,1.6081000566482544,1.6091699600219727,1.6064000129699707,1.607699990272522
2026-07-23,1.6069999933242798,1.6080199480056763,1.6002800464630127,1.6070799827575684
2026-07-24,1.6022100448608398,1.6044399738311768,1.6009999513626099,1.6022900342941284
2026-07-27,1.604949951171875,1.6088800430297852,1.6036100387573242,1.6049000024795532
2026-07-28,1.6057599782943726,1.606510043144226,1.6022000312805176,1.6056100130081177
2026-07-29,1.6059199571609497,1.6068300008773804,1.6026999950408936,1.6060500144958496
2026-07-30,1.6093699932098389,1.615440011024475,1.6079000234603882,1.6092599630355835
2026-07-31,1.6144700050354004,1.6158900260925293,1.6075999736785889,1.6145000457763672
2026-08-03,1.6172900199890137,1.6193499565124512,1.6151000261306763,1.6174900531768799
2026-08-04,1.6162500381469727,1.6219099760055542,1.6146999597549438,1.6162300109863281
2026-08-05,1.622130036354065,1.624709963798523,1.6182700395584106,1.6219300031661987
2026-08-06,1.6187900304794312,1.6188600063323975,1.6149100065231323,1.6189299821853638
2026-08-07,1.6147899627685547,1.6163699626922607,1.6095999479293823,1.614840030670166
2026-08-10,1.6121599674224854,1.6127599477767944,1.6085699796676636,1.6120799779891968
2026-08-11,1.6087000370025635,1.609429955482483,1.6065000295639038,1.6087000370025635
2026-08-12,1.6067299842834473,1.6084200143814087,1.6060999631881714,1.6067999601364136
2026-08-13,1.6069999933242798,1.6094399690628052,1.6061999797821045,1.6067999601364136
2026-08-14,1.6062300205230713,1.6074899435043335,1.603600025177002,1.606220006942749
2026-08-17,1.6054099798202515,1.6087499856948853,1.6050000190734863,1.605389952659607
2026-08-18,1.6064499616622925,1.608680009841919,1.6043800115585327,1.6064300537109375
2026-08-19,1.6089199781417847,1.6134799718856812,1.606719970703125,1.608839988708496
2026-08-20,1.6120200157165527,1.6122000217437744,1.6081000566482544,1.6119400262832642
2026-08-21,1.6104199886322021,1.6104199886322021,1.6055099964141846,1.6102499961853027
2026-08-24,1.6112500429153442,1.615630030632019,1.610200047492981,1.6110899448394775
2026-08-25,1.6149200201034546,1.6172599792480469,1.6136900186538696,1.6148600578308105
2026-08-26,1.6152499914169312,1.6185699701309204,1.61489999294281,1.6152600049972534
2026-08-27,1.6170400381088257,1.6183799505233765,1.613800048828125,1.6168400049209595
2026-08-28,1.6139999628067017,1.6142899990081787,1.6110999584197998,1.6140799522399902
2026-08-31,1.6108499765396118,1.6121699810028076,1.6087299585342407,1.6106300354003906
2026-09-01,1.6091699600219727,1.6123900413513184,1.6073999404907227,1.609220027923584
2026-09-02,1.6105200052261353,1.613610029220581,1.6041899919509888,1.6101000308990479
2026-09-03,1.603659987449646,1.605239987373352,1.6009999513626099,1.6036100387573242
2026-09-04,1.6031999588012695,1.6095999479293823,1.6028000116348267,1.603410005569458
2026-09-07,1.606600046157837,1.608109951019287,1.6051000356674194,1.6065200567245483
2026-09-08,1.6049699783325195,1.6056300401687622,1.5997999906539917,1.605049967765808
2026-09-09,1.6018699407577515,1.6071200370788574,1.6015000343322754,1.6017999649047852
2026-09-10,1.6057699918746948,1.6072200536727905,1.6031500101089478,1.6057499647140503
2026-09-11,1.6063100099563599,1.6115800142288208,1.6051000356674194,1.6061400175094604
2026-09-14,1.607640027999878,1.607699990272522,1.6017199754714966,1.6076099872589111
2026-09-15,1.6051299571990967,1.6084200143814087,1.6029000282287598,1.6051000356674194
2026-09-16,1.6063499450683594,1.609969973564148,1.6060400009155273,1.6062599420547485
2026-09-17,1.6040300130844116,1.6071900129318237,1.6026999950408936,1.6041200160980225
2026-09-18,1.6053099632263184,1.6079800128936768,1.604699969291687,1.6050000190734863
2026-09-21,1.6062400341033936,1.6098300218582153,1.6059000492095947,1.6061700582504272
2026-09-22,1.6085200309753418,1.6101499795913696,1.6061400175094604,1.6086100339889526
2026-09-23,1.6100800037384033,1.6103399991989136,1.6052000522613525,1.6101000308990479
2026-09-24,1.6050900220870972,1.6086599826812744,1.6032899618148804,1.6050599813461304
2026-09-25,1.6088199615478516,1.613420009613037,1.6080000400543213,1.6089199781417847
2026-09-28,1.6104199886322021,1.6118899583816528,1.6081899404525757,1.6102999448776245
2026-09-29,1.611989974975586,1.6121699810028076,1.6080000400543213,1.6119999885559082
2026-09-30,1.6093100309371948,1.6126600503921509,1.608299970626831,1.6092699766159058
2026-10-01,1.6121400594711304,1.61381995677948,1.597599983215332,1.5983599424362183
