date,open,high,low,close
2010-01-04,1.9778000116348267,1.9833999872207642,1.9602999687194824,1.9635000228881836
2010-01-05,1.9630999565124512,1.968999981880188,1.9541000127792358,1.9571000337600708
2010-01-06,1.957200050354004,1.9622000455856323,1.9500000476837158,1.950600028038025
2010-01-07,1.9503999948501587,1.957900047302246,1.9436999559402466,1.9532999992370605
2010-01-08,1.9536999464035034,1.9601999521255493,1.9515000581741333,1.9562000036239624
2010-01-11,1.9529000520706177,1.9629000425338745,1.9507999420166016,1.9550000429153442
2010-01-12,1.9556000232696533,1.965499997138977,1.9502999782562256,1.9601000547409058
2010-01-13,1.9601000547409058,1.9668999910354614,1.9519000053405762,1.9615000486373901
2010-01-14,1.9621000289916992,1.962499976158142,1.9463000297546387,1.9526000022888184
2010-01-15,1.9529000520706177,1.9563000202178955,1.9436999559402466,1.9486000537872314
2010-01-18,1.9527000188827515,1.9550000429153442,1.9420000314712524,1.944100022315979
2010-01-19,1.944100022315979,1.9501999616622925,1.929800033569336,1.9460999965667725
2010-01-20,1.9457999467849731,1.9670000076293945,1.9421000480651855,1.9539999961853027
2010-01-21,1.9536999464035034,1.9838000535964966,1.951200008392334,1.9746999740600586
2010-01-22,1.9752999544143677,1.9916000366210938,1.9710999727249146,1.9903000593185425
2010-01-25,1.9836000204086304,1.9860999584197998,1.975000023841858,1.9804999828338623
2010-01-26,1.9811999797821045,2.000200033187866,1.976199984550476,1.989300012588501
2010-01-27,1.9884999990463257,1.9957000017166138,1.980299949645996,1.985700011253357
2010-01-28,1.9864000082015991,1.9869999885559082,1.9639999866485596,1.9809999465942383
2010-01-29,1.980299949645996,1.983199954032898,1.96589994430542,1.9767999649047852
2010-02-01,1.9722000360488892,1.985200047492981,1.9616999626159668,1.9634000062942505
2010-02-02,1.9631999731063843,1.9731999635696411,1.9564000368118286,1.957800030708313
2010-02-03,1.958899974822998,1.9911999702453613,1.9575999975204468,1.9883999824523926
2010-02-04,1.9882999658584595,2.005000114440918,1.9831000566482544,1.9946000576019287
2010-02-05,1.9951000213623047,1.9966000318527222,1.9808000326156616,1.982200026512146
2010-02-08,1.9853999614715576,2.0000998973846436,1.979599952697754,1.998900055885315
2010-02-09,1.9991999864578247,1.9996000528335571,1.9781999588012695,1.9816999435424805
2010-02-10,1.9816999435424805,1.986299991607666,1.976099967956543,1.9787499904632568
2010-02-11,1.9788000583648682,1.9788000583648682,1.9457999467849731,1.96002995967865
2010-02-12,1.961400032043457,1.9657000303268433,1.9459500312805176,1.9523999691009521
2010-02-15,1.9550000429153442,1.9562000036239624,1.9464999437332153,1.9499000310897827
2010-02-16,1.9501999616622925,1.950600028038025,1.9362000226974487,1.9472999572753906
2010-02-17,1.9473999738693237,1.9536499977111816,1.9312000274658203,1.9357000589370728
2010-02-18,1.9352999925613403,1.9397499561309814,1.9263999462127686,1.9351999759674072
2010-02-19,1.9355499744415283,1.9498000144958496,1.9322500228881836,1.9449000358581543
2010-02-22,1.9450000524520874,1.9451500177383423,1.9355000257492065,1.938420057296753
2010-02-23,1.938099980354309,1.9569499492645264,1.934399962425232,1.9458999633789062
2010-02-24,1.9459999799728394,1.9661999940872192,1.9458999633789062,1.9500999450683594
2010-02-25,1.9498000144958496,1.9667500257492065,1.9473999738693237,1.9592000246047974
2010-02-26,1.9592000246047974,1.9598000049591064,1.9434000253677368,1.9507999420166016
2010-03-01,1.9484000205993652,1.9528000354766846,1.9289000034332275,1.937600016593933
2010-03-02,1.937399983406067,1.9563599824905396,1.9362000226974487,1.9530999660491943
2010-03-03,1.9536000490188599,1.9787499904632568,1.951799988746643,1.9738999605178833
2010-03-04,1.9744999408721924,1.9859000444412231,1.9723999500274658,1.9790500402450562
2010-03-05,1.9788000583648682,1.979449987411499,1.951200008392334,1.9545999765396118
2010-03-08,1.948699951171875,1.9568500518798828,1.94350004196167,1.9458999633789062
2010-03-09,1.9453999996185303,1.9514800310134888,1.9315999746322632,1.9333000183105469
2010-03-10,1.9336999654769897,1.9473999738693237,1.9194999933242798,1.9472999572753906
2010-03-11,1.9470100402832031,1.9590500593185425,1.9437999725341797,1.955199956893921
2010-03-12,1.9558500051498413,1.9645500183105469,1.9515000581741333,1.9610999822616577
2010-03-15,1.9569499492645264,1.9599800109863281,1.9443000555038452,1.9443999528884888
2010-03-16,1.944700002670288,1.9493999481201172,1.9293999671936035,1.9321000576019287
2010-03-17,1.9321000576019287,1.938099980354309,1.9157999753952026,1.9234000444412231
2010-03-18,1.9234999418258667,1.9244500398635864,1.9012999534606934,1.9035999774932861
2010-03-19,1.902400016784668,1.9118000268936157,1.9014999866485596,1.9086999893188477
2010-03-22,1.9124499559402466,1.9276000261306763,1.9104000329971313,1.9164999723434448
2010-03-23,1.916599988937378,1.919600009918213,1.9057999849319458,1.9092999696731567
2010-03-24,1.90910005569458,1.9121500253677368,1.8938000202178955,1.8941999673843384
2010-03-25,1.8942999839782715,1.8970500230789185,1.879699945449829,1.8869999647140503
2010-03-26,1.8870999813079834,1.9071999788284302,1.881100058555603,1.9063999652862549
2010-03-29,1.910099983215332,1.9102400541305542,1.8952000141143799,1.900149941444397
2010-03-30,1.900149941444397,1.901550054550171,1.8871999979019165,1.8901000022888184
2010-03-31,1.8905999660491943,1.9113999605178833,1.8859000205993652,1.9098000526428223
2010-04-01,1.9101999998092651,1.9204000234603882,1.9068000316619873,1.9187999963760376
2010-04-02,1.9192500114440918,1.920799970626831,1.9089000225067139,1.9112999439239502
2010-04-05,1.9091999530792236,1.923449993133545,1.9082000255584717,1.9154000282287598
2010-04-06,1.9147000312805176,1.9191999435424805,1.8940000534057617,1.8973000049591064
2010-04-07,1.8982000350952148,1.9020500183105469,1.8831000328063965,1.8866000175476074
2010-04-08,1.8869500160217285,1.8958499431610107,1.884600043296814,1.8875000476837158
2010-04-09,1.8874000310897827,1.8899400234222412,1.875499963760376,1.8839999437332153
2010-04-12,1.8960000276565552,1.9101500511169434,1.8960000276565552,1.9053000211715698
2010-04-13,1.9053000211715698,1.919450044631958,1.9004000425338745,1.919450044631958
2010-04-14,1.9191399812698364,1.9198999404907227,1.9061000347137451,1.9076000452041626
2010-04-15,1.9076000452041626,1.9110499620437622,1.8955999612808228,1.9061000347137451
2010-04-16,1.9069499969482422,1.9079999923706055,1.8910000324249268,1.9031000137329102
2010-04-19,1.9062999486923218,1.906849980354309,1.8876999616622925,1.9005000591278076
2010-04-20,1.9002000093460083,1.9042999744415283,1.8860000371932983,1.8869500160217285
2010-04-21,1.8863999843597412,1.8907999992370605,1.8779000043869019,1.8854999542236328
2010-04-22,1.8853000402450562,1.885949969291687,1.8664000034332275,1.8688000440597534
2010-04-23,1.8687000274658203,1.8740500211715698,1.8569999933242798,1.864400029182434
2010-04-26,1.862149953842163,1.864300012588501,1.8387999534606934,1.8529000282287598
2010-04-27,1.8532999753952026,1.8601499795913696,1.843000054359436,1.8479000329971313
2010-04-28,1.8481999635696411,1.8531999588012695,1.82669997215271,1.8386000394821167
2010-04-29,1.8388999700546265,1.8452500104904175,1.8269000053405762,1.8293999433517456
2010-04-30,1.8301000595092773,1.8313499689102173,1.813099980354309,1.8270000219345093
2010-05-03,1.8280999660491943,1.8284499645233154,1.8015999794006348,1.805299997329712
2010-05-04,1.8042000532150269,1.8141000270843506,1.7997000217437744,1.8003000020980835
2010-05-05,1.799399971961975,1.8056999444961548,1.764799952507019,1.7654000520706177
2010-05-06,1.766700029373169,1.788599967956543,1.7523000240325928,1.7700999975204468
2010-05-07,1.7699999809265137,1.798200011253357,1.7690000534057617,1.7836999893188477
2010-05-10,1.794700026512146,1.7984000444412231,1.767199993133545,1.7716000080108643
2010-05-11,1.7721999883651733,1.7753499746322632,1.7590999603271484,1.7611000537872314
2010-05-12,1.7616000175476074,1.7758500576019287,1.7589000463485718,1.7656999826431274
2010-05-13,1.7654999494552612,1.7682000398635864,1.7482000589370728,1.7589999437332153
2010-05-14,1.7587000131607056,1.7624000310897827,1.7372000217437744,1.7472000122070312
2010-05-17,1.7502000331878662,1.7799500226974487,1.7451000213623047,1.7729500532150269
2010-05-18,1.7719000577926636,1.776900053024292,1.75409996509552,1.76705002784729
2010-05-19,1.7662999629974365,1.844599962234497,1.7652000188827515,1.8167999982833862
2010-05-20,1.816349983215332,1.878499984741211,1.795799970626831,1.868899941444397
2010-05-21,1.8681000471115112,1.8864500522613525,1.840250015258789,1.8499000072479248
2010-05-24,1.854200005531311,1.8660900592803955,1.8314000368118286,1.840749979019165
2010-05-25,1.8408499956130981,1.8561300039291382,1.8348000049591064,1.842900037765503
2010-05-26,1.8431999683380127,1.8495999574661255,1.8179999589920044,1.822700023651123
2010-05-27,1.8221999406814575,1.8380000591278076,1.795699954032898,1.8134000301361084
2010-05-28,1.8133900165557861,1.8225500583648682,1.7950999736785889,1.8065999746322632
2010-05-31,1.8149000406265259,1.8235499858856201,1.7978999614715576,1.8033000230789185
2010-06-01,1.802549958229065,1.8148499727249146,1.795699954032898,1.805999994277954
2010-06-02,1.8073999881744385,1.818019986152649,1.7940000295639038,1.7980999946594238
2010-06-03,1.7978999614715576,1.7994999885559082,1.7735999822616577,1.7788000106811523
2010-06-04,1.7790000438690186,1.7930500507354736,1.7697999477386475,1.7833000421524048
2010-06-07,1.7905499935150146,1.8107500076293945,1.7853000164031982,1.8091000318527222
2010-06-08,1.8092000484466553,1.8114700317382812,1.7870999574661255,1.7937999963760376
2010-06-09,1.7943999767303467,1.8042000532150269,1.7750500440597534,1.7770999670028687
2010-06-10,1.7781000137329102,1.788100004196167,1.761299967765808,1.7694000005722046
2010-06-11,1.7690000534057617,1.7786999940872192,1.748900055885315,1.7539000511169434
2010-06-14,1.7553000450134277,1.7617000341415405,1.748900055885315,1.7568999528884888
2010-06-15,1.7561999559402466,1.7725000381469727,1.7549999952316284,1.7627999782562256
2010-06-16,1.7633999586105347,1.7754499912261963,1.7611000537872314,1.7633999586105347
2010-06-17,1.764050006866455,1.7671500444412231,1.7537000179290771,1.7583500146865845
2010-06-18,1.7584999799728394,1.7622499465942383,1.750100016593933,1.7532000541687012
2010-06-21,1.7444000244140625,1.7494499683380127,1.7309999465942383,1.736799955368042
2010-06-22,1.7374999523162842,1.7432500123977661,1.7308000326156616,1.739300012588501
2010-06-23,1.7387499809265137,1.7439500093460083,1.7180999517440796,1.7275999784469604
2010-06-24,1.7282500267028809,1.7470999956130981,1.7233999967575073,1.7404999732971191
2010-06-25,1.73989999294281,1.7518500089645386,1.7065000534057617,1.7307000160217285
2010-06-28,1.7372000217437744,1.748900055885315,1.7295000553131104,1.7381999492645264
2010-06-29,1.7401000261306763,1.7621500492095947,1.7367000579833984,1.760200023651123
2010-06-30,1.7592999935150146,1.7870500087738037,1.7574000358581543,1.7839000225067139
2010-07-01,1.7834999561309814,1.788599967956543,1.7882499694824219,1.8082799911499023
2010-07-02,1.8075000047683716,1.825700044631958,1.7970000505447388,1.8219000101089478
2010-07-05,1.8243999481201172,1.8296500444412231,1.807800054550171,1.8240000009536743
2010-07-06,1.8233000040054321,1.8285900354385376,1.8063000440597534,1.8216999769210815
2010-07-07,1.8214999437332153,1.8239500522613525,1.7930999994277954,1.7950999736785889
2010-07-08,1.7948999404907227,1.7981499433517456,1.784600019454956,1.7894999980926514
2010-07-09,1.7893999814987183,1.795300006866455,1.7755000591278076,1.7755000591278076
2010-07-12,1.7793999910354614,1.782099962234497,1.7634999752044678,1.7680000066757202
2010-07-13,1.7682000398635864,1.7727299928665161,1.7621999979019165,1.7714999914169312
2010-07-14,1.7711000442504883,1.773650050163269,1.7578999996185303,1.7640999555587769
2010-07-15,1.7639000415802002,1.7927500009536743,1.7603800296783447,1.7826999425888062
2010-07-16,1.7821999788284302,1.8212000131607056,1.7821999788284302,1.8180999755859375
2010-07-19,1.8213000297546387,1.842650055885315,1.815000057220459,1.8327000141143799
2010-07-20,1.8350000381469727,1.8352999687194824,1.7944999933242798,1.7984000444412231
2010-07-21,1.7985999584197998,1.8016999959945679,1.781000018119812,1.7937999963760376
2010-07-22,1.7943999767303467,1.797700047492981,1.7733999490737915,1.7763999700546265
2010-07-23,1.7767000198364258,1.785599946975708,1.7610000371932983,1.7747000455856323
2010-07-26,1.7731000185012817,1.781000018119812,1.7653000354766846,1.770900011062622
2010-07-27,1.7716000080108643,1.774999976158142,1.7611000537872314,1.7742999792099
2010-07-28,1.7716000080108643,1.8026000261306763,1.7711999416351318,1.7977999448776245
2010-07-29,1.7970999479293823,1.8107500076293945,1.7927000522613525,1.8044500350952148
2010-07-30,1.8047000169754028,1.815000057220459,1.7932000160217285,1.7969000339508057
2010-08-02,1.7949999570846558,1.8010499477386475,1.7804499864578247,1.7965999841690063
2010-08-03,1.7968000173568726,1.806149959564209,1.792099952697754,1.8016999959945679
2010-08-04,1.8020999431610107,1.8077900409698486,1.7871999740600586,1.8016999959945679
2010-08-05,1.8025000095367432,1.8174500465393066,1.801200032234192,1.802649974822998
2010-08-06,1.8050999641418457,1.8225500583648682,1.7996000051498413,1.8049999475479126
2010-08-09,1.8107000589370728,1.8202799558639526,1.8107000589370728,1.8122999668121338
2010-08-10,1.8142999410629272,1.8291000127792358,1.8109999895095825,1.8142999410629272
2010-08-11,1.8229999542236328,1.8250000476837158,1.7970000505447388,1.8229000568389893
2010-08-12,1.8032000064849854,1.8144500255584717,1.7997000217437744,1.8040499687194824
2010-08-13,1.797700047492981,1.8071500062942505,1.7948999404907227,1.7968000173568726
2010-08-16,1.8077000379562378,1.8264000415802002,1.8056999444961548,1.8082000017166138
2010-08-17,1.818850040435791,1.819350004196167,1.8029999732971191,1.8181999921798706
2010-08-18,1.8080999851226807,1.8094500303268433,1.792099952697754,1.8077000379562378
2010-08-19,1.801300048828125,1.8180500268936157,1.7907999753952026,1.8013499975204468
2010-08-20,1.812399983406067,1.819000005722046,1.8029999732971191,1.8121000528335571
2010-08-23,1.8000500202178955,1.8025000095367432,1.7829999923706055,1.7994999885559082
2010-08-24,1.7896000146865845,1.7998000383377075,1.7870999574661255,1.7892999649047852
2010-08-25,1.7958999872207642,1.819350004196167,1.795199990272522,1.795799970626831
2010-08-26,1.8041000366210938,1.8118499517440796,1.7940000295639038,1.8042999505996704
2010-08-27,1.8083000183105469,1.8094500303268433,1.7944999933242798,1.8087999820709229
2010-08-30,1.7871999740600586,1.7936999797821045,1.7841999530792236,1.7870999574661255
2010-08-31,1.7989000082015991,1.8233000040054321,1.7941999435424805,1.7996000051498413
2010-09-01,1.8116999864578247,1.8171000480651855,1.7961000204086304,1.8114999532699585
2010-09-02,1.7970999479293823,1.801900029182434,1.784000039100647,1.7970999479293823
2010-09-03,1.795199990272522,1.7959500551223755,1.7796000242233276,1.7954000234603882
2010-09-06,1.7919000387191772,1.7929500341415405,1.7733999490737915,1.7918000221252441
2010-09-07,1.7789499759674072,1.7790499925613403,1.7609000205993652,1.7785999774932861
2010-09-08,1.7649999856948853,1.7724000215530396,1.7580000162124634,1.7654000520706177
2010-09-09,1.7617000341415405,1.7661399841308594,1.746999979019165,1.761299967765808
2010-09-10,1.7496000528335571,1.7552299499511719,1.7410999536514282,1.7501499652862549
2010-09-13,1.743499994277954,1.7568000555038452,1.742799997329712,1.7436000108718872
2010-09-14,1.7621500492095947,1.7724499702453613,1.7578999996185303,1.7623499631881714
2010-09-15,1.7714999914169312,1.7762000560760498,1.7682000398635864,1.7718000411987305
2010-09-16,1.7884999513626099,1.8102999925613403,1.7848999500274658,1.7879999876022339
2010-09-17,1.8042999505996704,1.8046499490737915,1.7890000343322754,1.8042999505996704
2010-09-20,1.7950999736785889,1.797700047492981,1.7869999408721924,1.795199990272522
2010-09-21,1.791200041770935,1.8060499429702759,1.7898000478744507,1.7917499542236328
2010-09-22,1.8079999685287476,1.8205000162124634,1.8014999628067017,1.8087999820709229
2010-09-23,1.8291000127792358,1.8350499868392944,1.820199966430664,1.829300045967102
2010-09-24,1.8259999752044678,1.8382999897003174,1.8243000507354736,1.826200008392334
2010-09-27,1.830899953842163,1.8363800048828125,1.8289999961853027,1.8307000398635864
2010-09-28,1.830199956893921,1.8387000560760498,1.8279999494552612,1.8300000429153442
2010-09-29,1.8353999853134155,1.8470499515533447,1.8353999853134155,1.8355000019073486
2010-09-30,1.850000023841858,1.8579000234603882,1.8406000137329102,1.8502999544143677
2010-10-01,1.8557000160217285,1.8594900369644165,1.8463000059127808,1.8561999797821045
2010-10-04,1.851199984550476,1.854449987411499,1.843000054359436,1.8520499467849731
2010-10-05,1.8495999574661255,1.858299970626831,1.844599962234497,1.8496999740600586
2010-10-06,1.8478000164031982,1.8532500267028809,1.8380000591278076,1.8479000329971313
2010-10-07,1.8515000343322754,1.8573999404907227,1.840000033378601,1.8509000539779663
2010-10-08,1.854599952697754,1.8680000305175781,1.843000054359436,1.854599952697754
2010-10-11,1.8476999998092651,1.854200005531311,1.8431999683380127,1.8478000164031982
2010-10-12,1.8460999727249146,1.851349949836731,1.8320000171661377,1.845900058746338
2010-10-13,1.8381999731063843,1.8466999530792236,1.8265999555587769,1.8379000425338745
2010-10-14,1.8427000045776367,1.8573499917984009,1.8372999429702759,1.8428000211715698
2010-10-15,1.8526999950408936,1.861449956893921,1.8502999544143677,1.8524999618530273
2010-10-18,1.8516000509262085,1.8519999980926514,1.8398000001907349,1.8517999649047852
2010-10-19,1.8431999683380127,1.853600025177002,1.8420000076293945,1.8437999486923218
2010-10-20,1.843999981880188,1.856369972229004,1.8408000469207764,1.843500018119812
2010-10-21,1.8550000190734863,1.8646999597549438,1.8487999439239502,1.8551000356674194
2010-10-22,1.863700032234192,1.8700900077819824,1.8567999601364136,1.8636000156402588
2010-10-25,1.8645999431610107,1.867400050163269,1.8523000478744507,1.86489999294281
2010-10-26,1.8530999422073364,1.856850028038025,1.846500039100647,1.8544000387191772
2010-10-27,1.850000023841858,1.8550000190734863,1.8451999425888062,1.8499000072479248
2010-10-28,1.8446999788284302,1.8487000465393066,1.8406000137329102,1.844599962234497
2010-10-29,1.8446999788284302,1.8521000146865845,1.8167999982833862,1.844599962234497
2010-11-01,1.8194999694824219,1.8263499736785889,1.8070000410079956,1.8236000537872314
2010-11-02,1.8135499954223633,1.8221999406814575,1.8082000017166138,1.812999963760376
2010-11-03,1.8187999725341797,1.820099949836731,1.8051999807357788,1.8193999528884888
2010-11-04,1.7955000400543213,1.8039000034332275,1.7858999967575073,1.795300006866455
2010-11-05,1.7899999618530273,1.7919000387191772,1.7659000158309937,1.7900999784469604
2010-11-08,1.774899959564209,1.7773499488830566,1.7623000144958496,1.7757500410079956
2010-11-09,1.7621999979019165,1.7758500576019287,1.7584999799728394,1.7625999450683594
2010-11-10,1.7726999521255493,1.7749500274658203,1.7563999891281128,1.7727999687194824
2010-11-11,1.761299967765808,1.7627500295639038,1.7476999759674072,1.7620500326156616
2010-11-12,1.7506999969482422,1.7692099809646606,1.7473000288009644,1.7513500452041626
2010-11-15,1.7660499811172485,1.7785999774932861,1.75,1.7649999856948853
2010-11-16,1.7569999694824219,1.766450047492981,1.7553000450134277,1.7568999528884888
2010-11-17,1.7553000450134277,1.7654000520706177,1.7527999877929688,1.7553999423980713
2010-11-18,1.756100058555603,1.7592500448226929,1.7515000104904175,1.756500005722046
2010-11-19,1.7511999607086182,1.763800024986267,1.7508000135421753,1.7509000301361084
2010-11-22,1.7595000267028809,1.7809499502182007,1.7546000480651855,1.759950041770935
2010-11-23,1.764050006866455,1.7721999883651733,1.75,1.7630000114440918
2010-11-24,1.759600043296814,1.7604899406433105,1.7481000423431396,1.7595000267028809
2010-11-25,1.7524000406265259,1.7596499919891357,1.7473000288009644,1.7523000240325928
2010-11-26,1.7527999877929688,1.7663999795913696,1.7510000467300415,1.7525999546051025
2010-11-29,1.7618000507354736,1.7697999477386475,1.7553999423980713,1.7615000009536743
2010-11-30,1.7587000131607056,1.7629499435424805,1.74399995803833,1.7588000297546387
2010-12-01,1.7510000467300415,1.7577999830245972,1.743499994277954,1.7510000467300415
2010-12-02,1.7542500495910645,1.7569999694824219,1.7405999898910522,1.7533999681472778
2010-12-03,1.7462999820709229,1.757599949836731,1.7430000305175781,1.74590003490448
2010-12-06,1.7519999742507935,1.7532999515533447,1.7430000305175781,1.7519999742507935
2010-12-07,1.7447999715805054,1.7534500360488892,1.743399977684021,1.7447999715805054
2010-12-08,1.7503000497817993,1.7708499431610107,1.75,1.749899983406067
2010-12-09,1.7719999551773071,1.7789599895477295,1.7654999494552612,1.7732499837875366
2010-12-10,1.7664999961853027,1.7681000232696533,1.7583999633789062,1.767449975013733
2010-12-13,1.7654999494552612,1.7721500396728516,1.7578999996185303,1.7655999660491943
2010-12-14,1.7813999652862549,1.7872999906539917,1.774399995803833,1.7812000513076782
2010-12-15,1.7790000438690186,1.7933499813079834,1.7756999731063843,1.7793999910354614
2010-12-16,1.785599946975708,1.7990000247955322,1.785599946975708,1.7855000495910645
2010-12-17,1.7878999710083008,1.8041000366210938,1.7843999862670898,1.7874000072479248
2010-12-20,1.7883000373840332,1.789389967918396,1.7654999494552612,1.788699984550476
2010-12-21,1.7706999778747559,1.7721099853515625,1.759600043296814,1.7704999446868896
2010-12-22,1.7618999481201172,1.7716000080108643,1.7584999799728394,1.7616000175476074
2010-12-23,1.7648999691009521,1.7651499509811401,1.7479000091552734,1.7646000385284424
2010-12-24,1.7541999816894531,1.7563999891281128,1.7496999502182007,1.7526999711990356
2010-12-27,1.7511099576950073,1.7604999542236328,1.7503999471664429,1.7513999938964844
2010-12-28,1.756700038909912,1.7640999555587769,1.736899971961975,1.756600022315979
2010-12-29,1.732699990272522,1.7340500354766846,1.7156000137329102,1.732800006866455
2010-12-30,1.7232999801635742,1.7298500537872314,1.715999960899353,1.7237000465393066
2010-12-31,1.7233999967575073,1.7272000312805176,1.715999960899353,1.7235000133514404
2011-01-03,1.7156000137329102,1.72284996509552,1.7059999704360962,1.715880036354065
2011-01-04,1.726199984550476,1.7530499696731567,1.7231999635696411,1.7254999876022339
2011-01-05,1.7336000204086304,1.739650011062622,1.7244999408721924,1.7344499826431274
2011-01-06,1.7340999841690063,1.7368500232696533,1.7228000164031982,1.7343000173568726
2011-01-07,1.7167999744415283,1.718500018119812,1.6993000507354736,1.7166999578475952
2011-01-10,1.6974999904632568,1.704509973526001,1.6928999423980713,1.6981500387191772
2011-01-11,1.69760000705719,1.7091000080108643,1.6958999633789062,1.69760000705719
2011-01-12,1.7093000411987305,1.7199000120162964,1.705899953842163,1.7093000411987305
2011-01-13,1.7216999530792236,1.73580002784729,1.7086999416351318,1.7211999893188477
2011-01-14,1.7294000387191772,1.7491999864578247,1.726699948310852,1.7288000583648682
2011-01-17,1.739300012588501,1.7402000427246094,1.714900016784668,1.7389999628067017
2011-01-18,1.7194000482559204,1.7412500381469727,1.7181999683380127,1.7196999788284302
2011-01-19,1.7333999872207642,1.7446000576019287,1.7316999435424805,1.7331000566482544
2011-01-20,1.757599949836731,1.7798999547958374,1.753499984741211,1.7580000162124634
2011-01-21,1.7821999788284302,1.7930999994277954,1.780500054359436,1.7829999923706055
2011-01-24,1.7941999435424805,1.7956000566482544,1.7833000421524048,1.7942999601364136
2011-01-25,1.7838000059127808,1.7885500192642212,1.7771999835968018,1.7843999862670898
2011-01-26,1.7825000286102295,1.7856999635696411,1.7755999565124512,1.7826999425888062
2011-01-27,1.7711999416351318,1.7824000120162964,1.7697999477386475,1.7717000246047974
2011-01-28,1.7764999866485596,1.7805999517440796,1.7584999799728394,1.7763999700546265
2011-01-31,1.7635999917984009,1.7791999578475952,1.7573000192642212,1.7632999420166016
2011-02-01,1.7740999460220337,1.7763999700546265,1.7661000490188599,1.773900032043457
2011-02-02,1.766800045967102,1.7760599851608276,1.7639000415802002,1.7668999433517456
2011-02-03,1.7839000225067139,1.7905499935150146,1.7662999629974365,1.7841999530792236
2011-02-04,1.7621999979019165,1.7692500352859497,1.753100037574768,1.7623000144958496
2011-02-07,1.7618999481201172,1.770799994468689,1.754699945449829,1.7619999647140503
2011-02-08,1.7590999603271484,1.7653499841690063,1.750100016593933,1.7587000131607056
2011-02-09,1.7563999891281128,1.7730000019073486,1.7553000450134277,1.756100058555603
2011-02-10,1.7776000499725342,1.7805999517440796,1.7716000080108643,1.7776000499725342
2011-02-11,1.7853000164031982,1.7899999618530273,1.7798000574111938,1.7848999500274658
2011-02-14,1.7832000255584717,1.7864999771118164,1.7760000228881836,1.7829999923706055
2011-02-15,1.7834999561309814,1.7969499826431274,1.7798000574111938,1.7834999561309814
2011-02-16,1.7941999435424805,1.8020999431610107,1.7890000343322754,1.7942999601364136
2011-02-17,1.7960000038146973,1.8012499809265137,1.7919000387191772,1.7961000204086304
2011-02-18,1.7941999435424805,1.7947499752044678,1.7769999504089355,1.7944999933242798
2011-02-21,1.7949999570846558,1.7970499992370605,1.7863999605178833,1.7954000234603882
2011-02-22,1.795549988746643,1.8253999948501587,1.795199990272522,1.7933000326156616
2011-02-23,1.8283499479293823,1.8483999967575073,1.8228000402450562,1.8280500173568726
2011-02-24,1.8456000089645386,1.8481999635696411,1.8372999429702759,1.8459999561309814
2011-02-25,1.8401000499725342,1.8466999530792236,1.8257999420166016,1.8389999866485596
2011-02-28,1.8260999917984009,1.8414499759674072,1.822700023651123,1.826300024986267
2011-03-01,1.8350000381469727,1.8434200286865234,1.8342499732971191,1.8349000215530396
2011-03-02,1.841599941253662,1.8681999444961548,1.8410999774932861,1.8417999744415283
2011-03-03,1.8657000064849854,1.8817499876022339,1.854099988937378,1.8653000593185425
2011-03-04,1.886299967765808,1.899899959564209,1.8845000267028809,1.886199951171875
2011-03-07,1.8964999914169312,1.9014899730682373,1.8907999992370605,1.896399974822998
2011-03-08,1.892899990081787,1.8963500261306763,1.8753000497817993,1.892799973487854
2011-03-09,1.8772000074386597,1.8828500509262085,1.871999979019165,1.8772000074386597
2011-03-10,1.8877999782562256,1.8901000022888184,1.8772000074386597,1.8877999782562256
2011-03-11,1.8773000240325928,1.8828500509262085,1.8630000352859497,1.8783999681472778
2011-03-14,1.8838000297546387,1.8941999673843384,1.8796000480651855,1.8837000131607056
2011-03-15,1.892799973487854,1.9112000465393066,1.891800045967102,1.892799973487854
2011-03-16,1.9091999530792236,1.9117000102996826,1.8966000080108643,1.9091999530792236
2011-03-17,1.9246000051498413,1.9551000595092773,1.919700026512146,1.9220999479293823
2011-03-18,1.9431999921798706,1.9457000494003296,1.9264999628067017,1.9421000480651855
2011-03-21,1.933899998664856,1.9370499849319458,1.9240000247955322,1.934499979019165
2011-03-22,1.9316999912261963,1.9358999729156494,1.909999966621399,1.9322999715805054
2011-03-23,1.9158999919891357,1.9183000326156616,1.906999945640564,1.9155000448226929
2011-03-24,1.8954499959945679,1.8954499959945679,1.8804999589920044,1.896399974822998
2011-03-25,1.8861000537872314,1.8918999433517456,1.8667000532150269,1.8860000371932983
2011-03-28,1.8671000003814697,1.8776500225067139,1.864300012588501,1.8669999837875366
2011-03-29,1.874400019645691,1.8800499439239502,1.8633999824523926,1.875249981880188
2011-03-30,1.8652000427246094,1.8652000427246094,1.8424999713897705,1.865399956703186
2011-03-31,1.8523999452590942,1.8669999837875366,1.8521000146865845,1.853350043296814
2011-04-01,1.860200047492981,1.8673499822616577,1.8443000316619873,1.8601000308990479
2011-04-04,1.8497999906539917,1.8565000295639038,1.8457000255584717,1.8499000072479248
2011-04-05,1.8509999513626099,1.8531999588012695,1.837399959564209,1.8509000539779663
2011-04-06,1.8518999814987183,1.8531999588012695,1.8339999914169312,1.8523000478744507
2011-04-07,1.8428000211715698,1.844499945640564,1.8295999765396118,1.842900037765503
2011-04-08,1.837499976158142,1.8496999740600586,1.836300015449524,1.8388999700546265
2011-04-11,1.8493000268936157,1.852020025253296,1.8408000469207764,1.8495999574661255
2011-04-12,1.843999981880188,1.8560500144958496,1.8382999897003174,1.8442000150680542
2011-04-13,1.8443000316619873,1.8453999757766724,1.8278000354766846,1.8438999652862549
2011-04-14,1.833400011062622,1.8339500427246094,1.819000005722046,1.832900047302246
2011-04-18,1.8080999851226807,1.819700002670288,1.8020000457763672,1.8075000047683716
2011-04-19,1.8080999851226807,1.819200038909912,1.8056999444961548,1.8086999654769897
2011-04-20,1.815600037574768,1.8241000175476074,1.8099499940872192,1.815500020980835
2011-04-21,1.8223999738693237,1.8278000354766846,1.8151999711990356,1.8220000267028809
2011-04-22,1.8151999711990356,1.8187999725341797,1.8128000497817993,1.8157999515533447
2011-04-25,1.8127000331878662,1.8236199617385864,1.812000036239624,1.8128999471664429
2011-04-26,1.8221499919891357,1.8223999738693237,1.812999963760376,1.8214999437332153
2011-04-27,1.81850004196167,1.8315000534057617,1.8126100301742554,1.8186999559402466
2011-04-28,1.8410999774932861,1.8526999950408936,1.8380999565124512,1.8411999940872192
2011-04-29,1.8461999893188477,1.8525999784469604,1.8352999687194824,1.8458000421524048
2011-05-02,1.8310999870300293,1.83965003490448,1.8299000263214111,1.8308000564575195
2011-05-03,1.8395999670028687,1.8495999574661255,1.835800051689148,1.8392000198364258
2011-05-04,1.8553999662399292,1.8877999782562256,1.8538000583648682,1.8553999662399292
2011-05-05,1.868899941444397,1.8876500129699707,1.8533999919891357,1.868899941444397
2011-05-06,1.8454999923706055,1.8502000570297241,1.819599986076355,1.8459999561309814
2011-05-09,1.81659996509552,1.8193999528884888,1.8029999732971191,1.8158999681472778
2011-05-10,1.812399983406067,1.8155499696731567,1.8035000562667847,1.8121000528335571
2011-05-11,1.8105000257492065,1.8137500286102295,1.8021999597549438,1.8105000257492065
2011-05-12,1.7955000400543213,1.8040499687194824,1.784000039100647,1.7955000400543213
2011-05-13,1.7913000583648682,1.8063499927520752,1.788100004196167,1.7913000583648682
2011-05-16,1.791100025177002,1.8197499513626099,1.7901999950408936,1.791100025177002
2011-05-17,1.8142999410629272,1.820099949836731,1.8106000423431396,1.8138999938964844
2011-05-18,1.813099980354309,1.8172500133514404,1.8015999794006348,1.813099980354309
2011-05-19,1.804900050163269,1.8108999729156494,1.7963000535964966,1.8051999807357788
2011-05-20,1.8076000213623047,1.80964994430542,1.7855000495910645,1.8078999519348145
2011-05-23,1.77839994430542,1.7834999561309814,1.7717000246047974,1.777899980545044
2011-05-24,1.7764999866485596,1.7770500183105469,1.7569999694824219,1.7760000228881836
2011-05-25,1.7669999599456787,1.773900032043457,1.7595000267028809,1.7668999433517456
2011-05-26,1.7644000053405762,1.766700029373169,1.740399956703186,1.764299988746643
2011-05-27,1.746000051498413,1.7508000135421753,1.7359000444412231,1.7455999851226807
2011-05-30,1.7467999458312988,1.7491999864578247,1.7383999824523926,1.746749997138977
2011-05-31,1.7497999668121338,1.7516499757766724,1.7405999898910522,1.7490999698638916
2011-06-01,1.7477999925613403,1.757200002670288,1.74590003490448,1.747499942779541
2011-06-02,1.7577999830245972,1.775149941444397,1.7548999786376953,1.757599949836731
2011-06-03,1.776900053024292,1.7955000400543213,1.7697999477386475,1.777250051498413
2011-06-06,1.7936500310897827,1.7967499494552612,1.784999966621399,1.7932000160217285
2011-06-07,1.789199948310852,1.7904000282287598,1.7822999954223633,1.7898000478744507
2011-06-08,1.7874000072479248,1.7995500564575195,1.784999966621399,1.7877000570297241
2011-06-09,1.7740999460220337,1.7870999574661255,1.7502000331878662,1.7736999988555908
2011-06-10,1.7578999996185303,1.7604999542236328,1.743499994277954,1.7575000524520874
2011-06-13,1.7458000183105469,1.770650029182434,1.7444000244140625,1.74590003490448
2011-06-14,1.7644000053405762,1.7717000246047974,1.7589000463485718,1.7649500370025635
2011-06-15,1.7640999555587769,1.7692999839782715,1.7551000118255615,1.763700008392334
2011-06-16,1.7578999996185303,1.7676500082015991,1.756500005722046,1.7588000297546387
2011-06-17,1.7618000507354736,1.7684999704360962,1.757599949836731,1.7618000507354736
2011-06-20,1.7609000205993652,1.7682000398635864,1.7580000162124634,1.760699987411499
2011-06-21,1.7664999961853027,1.7726500034332275,1.761199951171875,1.7663999795913696
2011-06-22,1.7698999643325806,1.7714500427246094,1.7597999572753906,1.7696000337600708
2011-06-23,1.7578500509262085,1.7582999467849731,1.7448999881744385,1.7568000555038452
2011-06-24,1.7502000331878662,1.7547500133514404,1.7415000200271606,1.7503000497817993
2011-06-27,1.7609000205993652,1.774649977684021,1.756100058555603,1.7603000402450562
2011-06-28,1.7753000259399414,1.7827999591827393,1.7698999643325806,1.7757999897003174
2011-06-29,1.7694000005722046,1.770799994468689,1.7503000497817993,1.7688000202178955
2011-06-30,1.7510000467300415,1.7547999620437622,1.742900013923645,1.7516000270843506
2011-07-01,1.7497999668121338,1.7581000328063965,1.748900055885315,1.7496000528335571
2011-07-04,1.75409996509552,1.7581499814987183,1.746999979019165,1.7544000148773193
2011-07-05,1.7477999925613403,1.7518500089645386,1.7410000562667847,1.7480000257492065
2011-07-06,1.7445000410079956,1.7460999488830566,1.7275999784469604,1.7444000244140625
2011-07-07,1.7310999631881714,1.7345000505447388,1.718000054359436,1.7311999797821045
2011-07-08,1.7257000207901,1.7263000011444092,1.704200029373169,1.726449966430664
2011-07-11,1.7009999752044678,1.7036499977111816,1.6851999759674072,1.7010999917984009
2011-07-12,1.698699951171875,1.7136499881744385,1.6971999406814575,1.6993000507354736
2011-07-13,1.707800030708313,1.707800030708313,1.6902999877929688,1.7084499597549438
2011-07-14,1.6753499507904053,1.6878999471664429,1.6730999946594238,1.6750999689102173
2011-07-15,1.6806999444961548,1.686750054359436,1.6729999780654907,1.6800999641418457
2011-07-18,1.664199948310852,1.6703499555587769,1.6592999696731567,1.6649999618530273
2011-07-19,1.670300006866455,1.6722999811172485,1.6539000272750854,1.670799970626831
2011-07-20,1.6532000303268433,1.663849949836731,1.6526000499725342,1.65339994430542
2011-07-21,1.6611000299453735,1.6692999601364136,1.6517000198364258,1.6611000299453735
2011-07-22,1.670199990272522,1.6757299900054932,1.656999945640564,1.6704000234603882
2011-07-25,1.6613999605178833,1.6651500463485718,1.6561000347137451,1.662600040435791
2011-07-26,1.666100025177002,1.6670000553131104,1.655400037765503,1.666200041770935
2011-07-27,1.6615999937057495,1.6655999422073364,1.648800015449524,1.6621999740600586
2011-07-28,1.648300051689148,1.650149941444397,1.6337000131607056,1.6483999490737915
2011-07-29,1.6448999643325806,1.6571999788284302,1.638100028038025,1.6454999446868896
2011-08-01,1.6283999681472778,1.6405500173568726,1.6201000213623047,1.628000020980835
2011-08-02,1.6262999773025513,1.636549949645996,1.6198999881744385,1.6264499425888062
2011-08-03,1.6420999765396118,1.6615999937057495,1.6410000324249268,1.642300009727478
2011-08-04,1.6555999517440796,1.6819499731063843,1.6555999517440796,1.6563999652862549
2011-08-05,1.697700023651123,1.7007999420166016,1.6794999837875366,1.6965999603271484
2011-08-08,1.7070000171661377,1.7331000566482544,1.7028000354766846,1.7057000398635864
2011-08-09,1.735200047492981,1.7761000394821167,1.7295000553131104,1.735200047492981
2011-08-10,1.7122000455856323,1.7524499893188477,1.7072999477386475,1.7108999490737915
2011-08-11,1.7446999549865723,1.7472000122070312,1.7233999967575073,1.7447999715805054
2011-08-12,1.7144999504089355,1.7314000129699707,1.7094999551773071,1.715000033378601
2011-08-15,1.708799958229065,1.7457000017166138,1.7038999795913696,1.7091000080108643
2011-08-16,1.7318999767303467,1.740399956703186,1.7199000120162964,1.7309000492095947
2011-08-17,1.725100040435791,1.7282999753952026,1.7170000076293945,1.7264000177383423
2011-08-18,1.7271499633789062,1.7362500429153442,1.7207000255584717,1.7280000448226929
2011-08-19,1.7402000427246094,1.7518500089645386,1.735700011253357,1.7395999431610107
2011-08-22,1.7536699771881104,1.7597999572753906,1.739400029182434,1.7532999515533447
2011-08-23,1.7438000440597534,1.7488499879837036,1.7252000570297241,1.745069980621338
2011-08-24,1.7299000024795532,1.7458000183105469,1.7299000024795532,1.7300000190734863
2011-08-25,1.7375999689102173,1.743399977684021,1.729099988937378,1.7384599447250366
2011-08-26,1.7353999614715576,1.7360999584197998,1.7160999774932861,1.7345999479293823
2011-08-29,1.7240999937057495,1.725950002670288,1.712499976158142,1.7239999771118164
2011-08-30,1.711400032043457,1.711400032043457,1.6886999607086182,1.711300015449524
2011-08-31,1.6927000284194946,1.6953500509262085,1.6821000576019287,1.6927000284194946
2011-09-01,1.684999942779541,1.6921000480651855,1.6729999780654907,1.6845999956130981
2011-09-02,1.67330002784729,1.6783499717712402,1.6677000522613525,1.6735999584197998
2011-09-05,1.67739999294281,1.6960999965667725,1.6756999492645264,1.6770999431610107
2011-09-06,1.6979999542236328,1.7036999464035034,1.6890000104904175,1.694100022315979
2011-09-07,1.6969000101089478,1.7023999691009521,1.6871000528335571,1.6967999935150146
2011-09-08,1.688099980354309,1.6907000541687012,1.6663999557495117,1.6883000135421753
2011-09-09,1.6629999876022339,1.6687999963760376,1.656000018119812,1.6629999876022339
2011-09-12,1.6581000089645386,1.6714999675750732,1.6540000438690186,1.65910005569458
2011-09-13,1.6570500135421753,1.6637500524520874,1.6535999774932861,1.6567000150680542
2011-09-14,1.6613999605178833,1.6707500219345093,1.6569000482559204,1.6624000072479248
2011-09-15,1.6778000593185425,1.687399983406067,1.6758999824523926,1.6777000427246094
2011-09-16,1.684499979019165,1.6861000061035156,1.6546000242233276,1.6841000318527222
2011-09-19,1.6586999893188477,1.663949966430664,1.6514999866485596,1.659000039100647
2011-09-20,1.6627999544143677,1.6656999588012695,1.655400037765503,1.6622999906539917
2011-09-21,1.6653000116348267,1.6847599744796753,1.659999966621399,1.6651999950408936
2011-09-22,1.6972999572753906,1.7280000448226929,1.693600058555603,1.69760000705719
2011-09-23,1.7208000421524048,1.7375500202178955,1.7158000469207764,1.7213000059127808
2011-09-26,1.7458000183105469,1.753000020980835,1.7310999631881714,1.7452000379562378
2011-09-27,1.7338999509811401,1.7352999448776245,1.7137999534606934,1.7345999479293823
2011-09-28,1.7230000495910645,1.7388999462127686,1.7211999893188477,1.7249000072479248
2011-09-29,1.7473000288009644,1.7565499544143677,1.7404999732971191,1.7476799488067627
2011-09-30,1.7667499780654907,1.7740000486373901,1.7506999969482422,1.766610026359558
2011-10-03,1.7515000104904175,1.7574000358581543,1.7388999462127686,1.7502000331878662
2011-10-04,1.753100037574768,1.7670999765396118,1.7414000034332275,1.753100037574768
2011-10-05,1.753100037574768,1.7556400299072266,1.7446999549865723,1.753100037574768
2011-10-06,1.7415000200271606,1.7477999925613403,1.7210999727249146,1.7419999837875366
2011-10-07,1.7452000379562378,1.7458000183105469,1.7319999933242798,1.7447999715805054
2011-10-10,1.7382999658584595,1.744979977607727,1.7309000492095947,1.7384999990463257
2011-10-11,1.7381999492645264,1.7495800256729126,1.7378000020980835,1.7381000518798828
2011-10-12,1.7482999563217163,1.753980040550232,1.7276999950408936,1.7477999925613403
2011-10-13,1.732300043106079,1.7378000020980835,1.7302000522613525,1.732800006866455
2011-10-14,1.7333999872207642,1.7350800037384033,1.7239999771118164,1.7349799871444702
2011-10-17,1.725000023841858,1.7292799949645996,1.7186000347137451,1.7244999408721924
2011-10-18,1.7335000038146973,1.7404999732971191,1.7243000268936157,1.7331000566482544
2011-10-19,1.729699969291687,1.7349799871444702,1.7259999513626099,1.7293000221252441
2011-10-20,1.7347999811172485,1.7374800443649292,1.725100040435791,1.7348999977111816
2011-10-21,1.7365000247955322,1.7402399778366089,1.7273999452590942,1.7368600368499756
2011-10-24,1.7285799980163574,1.7285799980163574,1.7158000469207764,1.7271000146865845
2011-10-25,1.7299000024795532,1.7466800212860107,1.7223999500274658,1.7294000387191772
2011-10-26,1.743499994277954,1.7518999576568604,1.7367000579833984,1.7438000440597534
2011-10-27,1.7345999479293823,1.7395999431610107,1.7209999561309814,1.7343000173568726
2011-10-28,1.7236000299453735,1.7343800067901611,1.719599962234497,1.7242000102996826
2011-10-31,1.7243000268936157,1.7316800355911255,1.7164000272750854,1.7242000102996826
2011-11-01,1.7137000560760498,1.7244000434875488,1.7080999612808228,1.7137000560760498
2011-11-02,1.7216099500656128,1.7408000230789185,1.7206000089645386,1.7206000089645386
2011-11-03,1.7489999532699585,1.7515000104904175,1.7269999980926514,1.7482999563217163
2011-11-04,1.7371000051498413,1.7451000213623047,1.7345999479293823,1.736799955368042
2011-11-07,1.7287299633026123,1.732800006866455,1.7249000072479248,1.7304999828338623
2011-11-08,1.7288000583648682,1.7373199462890625,1.725000023841858,1.7294000387191772
2011-11-09,1.7331000566482544,1.7411799430847168,1.7282999753952026,1.7336000204086304
2011-11-10,1.7342000007629395,1.7527999877929688,1.733299970626831,1.733299970626831
2011-11-11,1.7497999668121338,1.7575000524520874,1.7487000226974487,1.749500036239624
2011-11-14,1.742900013923645,1.7501800060272217,1.7417999505996704,1.7425999641418457
2011-11-15,1.7515000104904175,1.7627999782562256,1.7515000104904175,1.7513999938964844
2011-11-16,1.755679965019226,1.7632800340652466,1.7517999410629272,1.7552000284194946
2011-11-17,1.760200023651123,1.7737499475479126,1.7558000087738037,1.760599970817566
2011-11-18,1.7734800577163696,1.784000039100647,1.7690000534057617,1.7727999687194824
2011-11-21,1.7903800010681152,1.805400013923645,1.7833000421524048,1.7900999784469604
2011-11-22,1.799280047416687,1.8125300407409668,1.7977999448776245,1.799180030822754
2011-11-23,1.8037999868392944,1.8116999864578247,1.8009999990463257,1.8056600093841553
2011-11-24,1.8043800592422485,1.8052799701690674,1.7940000295639038,1.8040000200271606
2011-11-25,1.7970999479293823,1.79830002784729,1.784000039100647,1.7972999811172485
2011-11-28,1.773800015449524,1.7753000259399414,1.7613999843597412,1.7733999490737915
2011-11-29,1.7625999450683594,1.768880009651184,1.7453999519348145,1.7631800174713135
2011-11-30,1.7450000047683716,1.7516499757766724,1.7207000255584717,1.7446000576019287
2011-12-01,1.7244999408721924,1.7375099658966064,1.7228000164031982,1.725000023841858
2011-12-02,1.7271000146865845,1.7317800521850586,1.7218999862670898,1.7277799844741821
2011-12-05,1.7188800573349,1.7259999513626099,1.716599941253662,1.7186000347137451
2011-12-06,1.715000033378601,1.7240999937057495,1.7143000364303589,1.7151000499725342
2011-12-07,1.7181999683380127,1.7252000570297241,1.715000033378601,1.718000054359436
2011-12-08,1.7167999744415283,1.7198799848556519,1.7069000005722046,1.716879963874817
2011-12-09,1.7269999980926514,1.7420799732208252,1.7238999605178833,1.7269999980926514
2011-12-12,1.7252000570297241,1.7371100187301636,1.7242000102996826,1.725100040435791
2011-12-13,1.7274999618530273,1.7293200492858887,1.7143000364303589,1.7279000282287598
2011-12-14,1.7218999862670898,1.7308000326156616,1.7201999425888062,1.7216999530792236
2011-12-15,1.7326899766921997,1.7391799688339233,1.7223999500274658,1.731600046157837
2011-12-16,1.7223999500274658,1.7228000164031982,1.704300045967102,1.7230000495910645
2011-12-19,1.7110999822616577,1.7164000272750854,1.7074999809265137,1.7105000019073486
2011-12-20,1.718000054359436,1.7203999757766724,1.6999000310897827,1.7187000513076782
2011-12-21,1.7029999494552612,1.7045999765396118,1.690000057220459,1.7030999660491943
2011-12-22,1.6965999603271484,1.7007999420166016,1.6841000318527222,1.6958999633789062
2011-12-23,1.6857999563217163,1.690000057220459,1.684000015258789,1.6857999563217163
2011-12-26,1.683899998664856,1.6888999938964844,1.683899998664856,1.683899998664856
2011-12-27,1.6849000453948975,1.6938999891281128,1.6836999654769897,1.684499979019165
2011-12-28,1.6922999620437622,1.6926000118255615,1.6757999658584595,1.6928999423980713
2011-12-29,1.6826000213623047,1.684399962425232,1.6749000549316406,1.6844600439071655
2011-12-30,1.6776000261306763,1.6776000261306763,1.669600009918213,1.6775000095367432
2012-01-02,1.6606999635696411,1.6654000282287598,1.659000039100647,1.6624000072479248
2012-01-03,1.6561000347137451,1.659409999847412,1.6505999565124512,1.6561000347137451
2012-01-04,1.6512999534606934,1.6553800106048584,1.6406999826431274,1.6514999866485596
2012-01-05,1.6437000036239624,1.645900011062622,1.6346999406814575,1.6432000398635864
2012-01-06,1.6373000144958496,1.6413999795913696,1.6272000074386597,1.6376999616622925
2012-01-09,1.625730037689209,1.6294000148773193,1.6200000047683716,1.625599980354309
2012-01-10,1.6193000078201294,1.6205999851226807,1.6054999828338623,1.6194000244140625
2012-01-11,1.6050000190734863,1.607300043106079,1.5958000421524048,1.6060999631881714
2012-01-12,1.5931999683380127,1.6169999837875366,1.5931999683380127,1.5943000316619873
2012-01-13,1.6154999732971191,1.6234999895095825,1.5999000072479248,1.6145000457763672
2012-01-16,1.5943000316619873,1.5995999574661255,1.5920000076293945,1.593999981880188
2012-01-17,1.594599962234497,1.5989999771118164,1.590000033378601,1.5943000316619873
2012-01-18,1.5910999774932861,1.5950000286102295,1.5872000455856323,1.590999960899353
2012-01-19,1.5999000072479248,1.6131000518798828,1.5990999937057495,1.6009999513626099
2012-01-20,1.614300012588501,1.6171599626541138,1.6022000312805176,1.6139999628067017
2012-01-23,1.6002000570297241,1.6075999736785889,1.5946999788284302,1.6003999710083008
2012-01-24,1.6043000221252441,1.6161999702453613,1.6023000478744507,1.604099988937378
2012-01-25,1.6057000160217285,1.611199975013733,1.6039999723434448,1.6064000129699707
2012-01-26,1.6032999753952026,1.605299949645996,1.5950000286102295,1.6026999950408936
2012-01-27,1.5938999652862549,1.597599983215332,1.5889999866485596,1.5952999591827393
2012-01-30,1.6032999753952026,1.607699990272522,1.6007000207901,1.6038999557495117
2012-01-31,1.6032899618148804,1.6039999723434448,1.5830999612808228,1.6025999784469604
2012-02-01,1.6032899618148804,1.6039999723434448,1.5812000036239624,1.5845999717712402
2012-02-02,1.5800000429153442,1.5822999477386475,1.5715999603271484,1.5795999765396118
2012-02-03,1.5786000490188599,1.5858900547027588,1.565999984741211,1.5786000490188599
2012-02-06,1.573199987411499,1.5769000053405762,1.56659996509552,1.5728000402450562
2012-02-07,1.5729999542236328,1.5855000019073486,1.5687999725341797,1.573449969291687
2012-02-08,1.5855000019073486,1.5882999897003174,1.5780999660491943,1.5859999656677246
2012-02-09,1.5892000198364258,1.592210054397583,1.5853999853134155,1.5882999897003174
2012-02-10,1.5923999547958374,1.6014000177383423,1.5906000137329102,1.593500018119812
2012-02-13,1.5942000150680542,1.5943000316619873,1.5829999446868896,1.593999981880188
2012-02-14,1.581529974937439,1.5869300365447998,1.5794999599456787,1.5810999870300293
2012-02-15,1.5710999965667725,1.5750199556350708,1.5582000017166138,1.5709999799728394
2012-02-16,1.5673999786376953,1.5773999691009521,1.5667999982833862,1.5673999786376953
2012-02-17,1.570199966430664,1.580899953842163,1.5663000345230103,1.5706000328063965
2012-02-20,1.569599986076355,1.5806000232696533,1.5684000253677368,1.5698000192642212
2012-02-21,1.5770000219345093,1.5858999490737915,1.5750000476837158,1.5771100521087646
2012-02-22,1.5849000215530396,1.5993000268936157,1.5844000577926636,1.5852999687194824
2012-02-23,1.5988999605178833,1.6014000177383423,1.5914000272750854,1.5986000299453735
2012-02-24,1.5967999696731567,1.610700011253357,1.5923000574111938,1.5967999696731567
2012-02-27,1.611199975013733,1.6134300231933594,1.5988999605178833,1.611240029335022
2012-02-28,1.594599962234497,1.606600046157837,1.593999981880188,1.5950000286102295
2012-02-29,1.6032999753952026,1.6039999723434448,1.5846999883651733,1.6030999422073364
2012-03-01,1.5950000286102295,1.5997300148010254,1.5884000062942505,1.5946999788284302
2012-03-02,1.5879600048065186,1.5907000303268433,1.5825999975204468,1.5879000425338745
2012-03-05,1.5894999504089355,1.6109999418258667,1.5893000364303589,1.5898000001907349
2012-03-06,1.6086000204086304,1.621500015258789,1.607200026512146,1.6086000204086304
2012-03-07,1.6124000549316406,1.61489999294281,1.6032999753952026,1.6121000051498413
2012-03-08,1.6124999523162842,1.61326003074646,1.59660005569458,1.6133999824523926
2012-03-09,1.6098999977111816,1.6114399433135986,1.5908000469207764,1.6097999811172485
2012-03-12,1.6018999814987183,1.6101000308990479,1.597499966621399,1.6014000177383423
2012-03-13,1.6058000326156616,1.606160044670105,1.5902999639511108,1.6052000522613525
2012-03-14,1.5913000106811523,1.6134999990463257,1.5901000499725342,1.5915000438690186
2012-03-15,1.611799955368042,1.6140999794006348,1.594499945640564,1.6117000579833984
2012-03-16,1.5964000225067139,1.5994000434875488,1.5895999670028687,1.596500039100647
2012-03-19,1.594099998474121,1.6057100296020508,1.5917999744415283,1.5931999683380127
2012-03-20,1.6026999950408936,1.6217999458312988,1.6002999544143677,1.6024999618530273
2012-03-21,1.6181000471115112,1.627500057220459,1.6145000457763672,1.6180000305175781
2012-03-22,1.6259000301361084,1.6389100551605225,1.6232000589370728,1.6253000497817993
2012-03-23,1.6276999711990356,1.631600022315979,1.6211999654769897,1.6276999711990356
2012-03-26,1.6234999895095825,1.626099944114685,1.6164000034332275,1.6225999593734741
2012-03-27,1.6231000423431396,1.625100016593933,1.6164000034332275,1.6232000589370728
2012-03-28,1.625499963760376,1.6318000555038452,1.624500036239624,1.6260000467300415
2012-03-29,1.6274000406265259,1.6337000131607056,1.6258000135421753,1.627500057220459
2012-03-30,1.628000020980835,1.6313999891281128,1.621899962425232,1.6282000541687012
2012-04-02,1.625100016593933,1.6304099559783936,1.61489999294281,1.6243000030517578
2012-04-03,1.6157000064849854,1.624899983406067,1.614799976348877,1.6153000593185425
2012-04-04,1.61899995803833,1.621250033378601,1.6100000143051147,1.617799997329712
2012-04-05,1.611199975013733,1.6125999689102173,1.5976999998092651,1.6103999614715576
2012-04-06,1.6008000373840332,1.6059999465942383,1.594599962234497,1.6009000539779663
2012-04-09,1.5982999801635742,1.600000023841858,1.5878000259399414,1.5982999801635742
2012-04-10,1.5964000225067139,1.607640027999878,1.5943000316619873,1.5961999893188477
2012-04-11,1.6050000190734863,1.607100009918213,1.5981999635696411,1.6052000522613525
2012-04-12,1.6015000343322754,1.6029399633407593,1.591599941253662,1.6002000570297241
2012-04-13,1.5871000289916992,1.5906000137329102,1.5814000368118286,1.5867999792099
2012-04-16,1.5875999927520752,1.5966999530792236,1.5851999521255493,1.5866999626159668
2012-04-17,1.601699948310852,1.6088999509811401,1.5951000452041626,1.601099967956543
2012-04-18,1.59660005569458,1.6058800220489502,1.5944000482559204,1.597100019454956
2012-04-19,1.604599952697754,1.6129000186920166,1.6009000539779663,1.604599952697754
2012-04-20,1.6131999492645264,1.6212999820709229,1.6128000020980835,1.6126999855041504
2012-04-23,1.6123000383377075,1.621500015258789,1.6123000383377075,1.6131000518798828
2012-04-24,1.6176999807357788,1.6266800165176392,1.6152000427246094,1.6180000305175781
2012-04-25,1.6207000017166138,1.6280200481414795,1.6202000379562378,1.621000051498413
2012-04-26,1.6226999759674072,1.6277999877929688,1.615399956703186,1.6217000484466553
2012-04-27,1.6212999820709229,1.6255700588226318,1.6155999898910522,1.621500015258789
2012-04-30,1.607800006866455,1.620169997215271,1.6069999933242798,1.6069999933242798
2012-05-01,1.6171000003814697,1.6322599649429321,1.6165000200271606,1.6175999641418457
2012-05-02,1.6237000226974487,1.6267000436782837,1.614799976348877,1.6232999563217163
2012-05-03,1.62909996509552,1.6429500579833984,1.6268999576568604,1.62909996509552
2012-05-04,1.642199993133545,1.656599998474121,1.639799952507019,1.642199993133545
2012-05-07,1.635699987411499,1.6426000595092773,1.635599970817566,1.635699987411499
2012-05-08,1.6378999948501587,1.6528300046920776,1.6376999616622925,1.6375700235366821
2012-05-09,1.6538000106811523,1.6540000438690186,1.647629976272583,1.65339994430542
2012-05-10,1.649399995803833,1.6500999927520752,1.6405999660491943,1.6496000289916992
2012-05-11,1.6497000455856323,1.6540000438690186,1.6412999629974365,1.6495800018310547
2012-05-14,1.6509000062942505,1.6567000150680542,1.6464999914169312,1.6509000062942505
2012-05-15,1.649899959564209,1.6571999788284302,1.6480000019073486,1.6505000591278076
2012-05-16,1.6539299488067627,1.6644999980926514,1.6539000272750854,1.6541999578475952
2012-05-17,1.6613999605178833,1.6646000146865845,1.6575000286102295,1.6608999967575073
2012-05-18,1.6601999998092651,1.6865999698638916,1.6601999998092651,1.6615999937057495
2012-05-21,1.6849000453948975,1.6900999546051025,1.6770999431610107,1.684999942779541
2012-05-22,1.6699999570846558,1.6775000095367432,1.66621994972229,1.6693999767303467
2012-05-23,1.6829999685287476,1.692199945449829,1.681399941444397,1.6821000576019287
2012-05-24,1.6766999959945679,1.67739999294281,1.663100004196167,1.676300048828125
2012-05-25,1.6619999408721924,1.666599988937378,1.6532000303268433,1.6617000102996826
2012-05-28,1.656000018119812,1.656000018119812,1.6452000141143799,1.655400037765503
2012-05-29,1.6496000289916992,1.6510000228881836,1.639799952507019,1.6490999460220337
2012-05-30,1.6382999420166016,1.6445000171661377,1.6370999813079834,1.638200044631958
2012-05-31,1.645799994468689,1.6476999521255493,1.638700008392334,1.6456999778747559
2012-06-01,1.6401000022888184,1.6485999822616577,1.6396000385284424,1.6404000520706177
2012-06-04,1.6500999927520752,1.6514999866485596,1.6413999795913696,1.6500400304794312
2012-06-05,1.6502000093460083,1.653499960899353,1.6434999704360962,1.649899959564209
2012-06-06,1.641700029373169,1.642300009727478,1.6291999816894531,1.641800045967102
2012-06-07,1.6323000192642212,1.635259985923767,1.625599980354309,1.632099986076355
2012-06-08,1.635599970817566,1.6414999961853027,1.6237000226974487,1.635200023651123
2012-06-11,1.628100037574768,1.6284500360488892,1.6161999702453613,1.6282999515533447
2012-06-12,1.6233799457550049,1.6237000226974487,1.6065000295639038,1.622979998588562
2012-06-13,1.6083999872207642,1.6191999912261963,1.6047999858856201,1.6075999736785889
2012-06-14,1.618299961090088,1.6196000576019287,1.6105999946594238,1.618299961090088
2012-06-15,1.6124000549316406,1.614400029182434,1.6015000343322754,1.611549973487854
2012-06-18,1.6043000221252441,1.6052000522613525,1.5888999700546265,1.6037700176239014
2012-06-19,1.5895999670028687,1.5924999713897705,1.583400011062622,1.5901000499725342
2012-06-20,1.5937999486923218,1.5980099439620972,1.590000033378601,1.5931999683380127
2012-06-21,1.5839999914169312,1.5907000303268433,1.5809999704360962,1.5839999914169312
2012-06-22,1.5938299894332886,1.597599983215332,1.585860013961792,1.5925999879837036
2012-06-25,1.5901000499725342,1.5937999486923218,1.5843000411987305,1.591599941253662
2012-06-26,1.5884300470352173,1.5887900590896606,1.5758999586105347,1.587589979171753
2012-06-27,1.5809999704360962,1.5843000411987305,1.5740000009536743,1.5806000232696533
2012-06-28,1.5753999948501587,1.5815000534057617,1.5676000118255615,1.5745999813079834
2012-06-29,1.5807000398635864,1.5877000093460083,1.573799967765808,1.580090045928955
2012-07-02,1.5788700580596924,1.5788700580596924,1.5652999877929688,1.5779000520706177
2012-07-03,1.5663399696350098,1.569159984588623,1.562000036239624,1.5654000043869019
2012-07-04,1.565500020980835,1.5673400163650513,1.554900050163269,1.5654000043869019
2012-07-05,1.5573999881744385,1.5628999471664429,1.5372999906539917,1.5571000576019287
2012-07-06,1.5404200553894043,1.5463299751281738,1.5394999980926514,1.5404000282287598
2012-07-09,1.5390000343322754,1.5490000247955322,1.5384000539779663,1.5391000509262085
2012-07-10,1.5463999509811401,1.5484999418258667,1.5368800163269043,1.5457299947738647
2012-07-11,1.5427000522613525,1.5442999601364136,1.5324000120162964,1.5424000024795532
2012-07-12,1.5400999784469604,1.5500999689102173,1.5365999937057495,1.5394999980926514
2012-07-13,1.5427000522613525,1.5454000234603882,1.5355000495910645,1.5428999662399292
2012-07-16,1.5372999906539917,1.539199948310852,1.5317000150680542,1.5372999906539917
2012-07-17,1.540310025215149,1.541100025177002,1.5353000164031982,1.5394999980926514
2012-07-18,1.5397000312805176,1.5448999404907227,1.5325000286102295,1.5390000343322754
2012-07-19,1.5342999696731567,1.5369999408721924,1.5220999717712402,1.534999966621399
2012-07-20,1.527500033378601,1.529099941253662,1.5187000036239624,1.527899980545044
2012-07-23,1.521399974822998,1.5367200374603271,1.521299958229065,1.5224000215530396
2012-07-24,1.5351999998092651,1.5369000434875488,1.5277999639511108,1.5355000495910645
2012-07-25,1.5418000221252441,1.544100046157837,1.5389000177383423,1.541100025177002
2012-07-26,1.536620020866394,1.538599967956543,1.530500054359436,1.5365999937057495
2012-07-27,1.5343999862670898,1.5360000133514404,1.5232000350952148,1.5338000059127808
2012-07-30,1.5218000411987305,1.5224000215530396,1.511199951171875,1.5210000276565552
2012-07-31,1.5148299932479858,1.521399974822998,1.5119999647140503,1.5145000219345093
2012-08-01,1.5191999673843384,1.519919991493225,1.5120999813079834,1.5188000202178955
2012-08-02,1.510599970817566,1.5162999629974365,1.499400019645691,1.5113999843597412
2012-08-03,1.5047999620437622,1.5113999843597412,1.496000051498413,1.5045000314712524
2012-08-06,1.5184999704360962,1.5188000202178955,1.5094000101089478,1.5183000564575195
2012-08-07,1.510599970817566,1.5211000442504883,1.507599949836731,1.5111000537872314
2012-08-08,1.5190800428390503,1.5255999565124512,1.5127999782562256,1.519700050354004
2012-08-09,1.5231900215148926,1.5232000350952148,1.5125999450683594,1.5234999656677246
2012-08-10,1.513800024986267,1.5196000337600708,1.5088000297546387,1.513700008392334
2012-08-13,1.513100028038025,1.5281000137329102,1.5116000175476074,1.5127899646759033
2012-08-14,1.5226999521255493,1.5309100151062012,1.5211000442504883,1.5227999687194824
2012-08-15,1.530400037765503,1.5333000421524048,1.5199300050735474,1.5305999517440796
2012-08-16,1.5226000547409058,1.527500033378601,1.5182000398635864,1.5226999521255493
2012-08-17,1.5224000215530396,1.5317200422286987,1.5211000442504883,1.5219999551773071
2012-08-20,1.5267000198364258,1.5289000272750854,1.5211000442504883,1.5267000198364258
2012-08-21,1.5259000062942505,1.5362000465393066,1.5206999778747559,1.5257999897003174
2012-08-22,1.5393999814987183,1.5426000356674194,1.5362000465393066,1.539199948310852
2012-08-23,1.5353000164031982,1.5420000553131104,1.531599998474121,1.5362999439239502
2012-08-24,1.5448999404907227,1.5480200052261353,1.5408999919891357,1.5452500581741333
2012-08-27,1.542099952697754,1.5470000505447388,1.541100025177002,1.5426000356674194
2012-08-28,1.5455000400543213,1.561329960823059,1.542799949645996,1.5460000038146973
2012-08-29,1.5607000589370728,1.5667799711227417,1.557800054550171,1.5608999729156494
2012-08-30,1.5635000467300415,1.570199966430664,1.5612000226974487,1.5634000301361084
2012-08-31,1.5674999952316284,1.5736000537872314,1.562600016593933,1.5671000480651855
2012-09-03,1.57260000705719,1.579699993133545,1.5678999423980713,1.5719000101089478
2012-09-04,1.5787999629974365,1.5870000123977661,1.5773999691009521,1.5785000324249268
2012-09-05,1.5789999961853027,1.5901000499725342,1.5746999979019165,1.5779999494552612
2012-09-06,1.5848000049591064,1.5865999460220337,1.573699951171875,1.5836000442504883
2012-09-07,1.5765999555587769,1.582900047302246,1.5717999935150146,1.576799988746643
2012-09-10,1.5774999856948853,1.579699993133545,1.5717999935150146,1.5770000219345093
2012-09-11,1.5785000324249268,1.5800000429153442,1.565999984741211,1.5778000354766846
2012-09-12,1.5724999904632568,1.575850009918213,1.5643999576568604,1.5717999935150146
2012-09-13,1.5720000267028809,1.574869990348816,1.5649000406265259,1.5720000267028809
2012-09-14,1.562999963760376,1.5848000049591064,1.5572999715805054,1.5627199411392212
2012-09-17,1.5821000337600708,1.5896999835968018,1.5771000385284424,1.5815500020980835
2012-09-18,1.585860013961792,1.5882999897003174,1.5750999450683594,1.586300015449524
2012-09-19,1.5751999616622925,1.5788999795913696,1.570199966430664,1.5752999782562256
2012-09-20,1.5723999738693237,1.5789999961853027,1.5651999711990356,1.573199987411499
2012-09-21,1.5636999607086182,1.565999984741211,1.55649995803833,1.5640000104904175
2012-09-24,1.567199945449829,1.576799988746643,1.567199945449829,1.5678999423980713
2012-09-25,1.5743000507354736,1.5749000310897827,1.562600016593933,1.5737199783325195
2012-09-26,1.57437002658844,1.5747599601745605,1.5608999729156494,1.573199987411499
2012-09-27,1.5607000589370728,1.5615999698638916,1.5475000143051147,1.5605000257492065
2012-09-28,1.5540000200271606,1.5561100244522095,1.5469000339508057,1.5542999505996704
2012-10-01,1.5471999645233154,1.5567100048065186,1.5422999858856201,1.5463999509811401
2012-10-02,1.555799961090088,1.5587999820709229,1.5500999689102173,1.554800033569336
2012-10-03,1.5641599893569946,1.5754400491714478,1.5618000030517578,1.564170002937317
2012-10-04,1.573199987411499,1.5884000062942505,1.5715999603271484,1.5734000205993652
2012-10-05,1.583799958229065,1.5858700275421143,1.5749000310897827,1.5831700563430786
2012-10-08,1.589900016784668,1.590399980545044,1.5781099796295166,1.5892800092697144
2012-10-09,1.5804799795150757,1.5815199613571167,1.5721999406814575,1.5805200338363647
2012-10-10,1.5757499933242798,1.5785000324249268,1.5694999694824219,1.575600028038025
2012-10-11,1.5741000175476074,1.582900047302246,1.5711699724197388,1.5745199918746948
2012-10-12,1.5836700201034546,1.5842599868774414,1.5761799812316895,1.5836000442504883
2012-10-15,1.5864700078964233,1.5908299684524536,1.5805000066757202,1.586899995803833
2012-10-16,1.5877799987792969,1.6054999828338623,1.586300015449524,1.5871000289916992
2012-10-17,1.6025500297546387,1.6052000522613525,1.5949000120162964,1.602679967880249
2012-10-18,1.5954099893569946,1.5987000465393066,1.5922000408172607,1.5950000286102295
2012-10-19,1.594249963760376,1.5968999862670898,1.590000033378601,1.5946999788284302
2012-10-22,1.596500039100647,1.5997999906539917,1.5928000211715698,1.5964000225067139
2012-10-23,1.5973000526428223,1.600600004196167,1.5943900346755981,1.5973199605941772
2012-10-24,1.5993000268936157,1.5997999906539917,1.587399959564209,1.5983999967575073
2012-10-25,1.5799000263214111,1.5813000202178955,1.573799967765808,1.579759955406189
2012-10-26,1.5779999494552612,1.5827800035476685,1.568600058555603,1.5784000158309937
2012-10-29,1.5742000341415405,1.576640009880066,1.5684000253677368,1.5738999843597412
2012-10-30,1.5738099813461304,1.5810999870300293,1.5705000162124634,1.5743000507354736
2012-10-31,1.5769000053405762,1.582900047302246,1.5748000144958496,1.57669997215271
2012-11-01,1.576200008392334,1.5778000354766846,1.5627000331878662,1.5769000053405762
2012-11-02,1.5638200044631958,1.5651999711990356,1.5506700277328491,1.5637400150299072
2012-11-05,1.5552400350570679,1.5565999746322632,1.5477999448776245,1.5551999807357788
2012-11-06,1.5479400157928467,1.5499099493026733,1.5430999994277954,1.5484000444412231
2012-11-07,1.5472300052642822,1.5551999807357788,1.5384000539779663,1.5470999479293823
2012-11-08,1.5563000440597534,1.5626399517059326,1.554800033569336,1.556399941444397
2012-11-09,1.56659996509552,1.5671000480651855,1.5569000244140625,1.5664399862289429
2012-11-12,1.5609999895095825,1.5614999532699585,1.5527000427246094,1.5609999895095825
2012-11-13,1.5527000427246094,1.5568000078201294,1.5468000173568726,1.55377995967865
2012-11-14,1.55649995803833,1.5732500553131104,1.5547000169754028,1.55649995803833
2012-11-15,1.570099949836731,1.5778800249099731,1.5672999620437622,1.5702999830245972
2012-11-16,1.576799988746643,1.5777000188827515,1.5698000192642212,1.576799988746643
2012-11-19,1.56850004196167,1.5709999799728394,1.5600999593734741,1.568560004234314
2012-11-20,1.5598499774932861,1.5709400177001953,1.5578999519348145,1.5595799684524536
2012-11-21,1.5678000450134277,1.5787999629974365,1.5650999546051025,1.5678000450134277
2012-11-22,1.576159954071045,1.5816999673843384,1.5723999738693237,1.5763800144195557
2012-11-23,1.578179955482483,1.5794999599456787,1.573699951171875,1.5779000520706177
2012-11-26,1.5743000507354736,1.577239990234375,1.5714000463485718,1.5733000040054321
2012-11-27,1.5787999629974365,1.5794600248336792,1.5717999935150146,1.5780999660491943
2012-11-28,1.5759999752044678,1.5772500038146973,1.5679999589920044,1.5758999586105347
2012-11-29,1.5714999437332153,1.5794999599456787,1.567199945449829,1.5717999935150146
2012-11-30,1.5766299962997437,1.5881600379943848,1.5751999616622925,1.5768400430679321
2012-12-03,1.5861599445343018,1.5923999547958374,1.5851999521255493,1.5859999656677246
2012-12-04,1.590000033378601,1.5902899503707886,1.5831999778747559,1.590000033378601
2012-12-05,1.588379979133606,1.590000033378601,1.5813000202178955,1.587980031967163
2012-12-06,1.5766600370407104,1.5768100023269653,1.5550999641418457,1.576200008392334
2012-12-07,1.5577000379562378,1.559399962425232,1.5484000444412231,1.5586999654769897
2012-12-10,1.5477999448776245,1.5504000186920166,1.5461000204086304,1.5472999811172485
2012-12-11,1.5498000383377075,1.5524799823760986,1.545199990272522,1.5499000549316406
2012-12-12,1.5498100519180298,1.551800012588501,1.5455000400543213,1.5498000383377075
2012-12-13,1.5494999885559082,1.5506000518798828,1.544100046157837,1.5504000186920166
2012-12-14,1.5496000051498413,1.557800054550171,1.5489000082015991,1.5503599643707275
2012-12-17,1.556399941444397,1.5616999864578247,1.5537999868392944,1.5569000244140625
2012-12-18,1.558500051498413,1.5688199996948242,1.5573999881744385,1.558500051498413
2012-12-19,1.5745199918746948,1.5913599729537964,1.5733000040054321,1.5735000371932983
2012-12-20,1.5814000368118286,1.5928900241851807,1.5786999464035034,1.5821199417114258
2012-12-21,1.5870000123977661,1.60562002658844,1.5856000185012817,1.5867999792099
2012-12-24,1.6009000539779663,1.6082799434661865,1.6003999710083008,1.6009999513626099
2012-12-25,1.6024999618530273,1.604699969291687,1.6014000177383423,1.6024999618530273
2012-12-26,1.6024999618530273,1.621899962425232,1.5982999801635742,1.6018999814987183
2012-12-27,1.614009976387024,1.6214900016784668,1.6105999946594238,1.6140199899673462
2012-12-28,1.6133999824523926,1.6152399778366089,1.601099967956543,1.6130000352859497
2012-12-31,1.6069999933242798,1.6095000505447388,1.6004999876022339,1.6060999631881714
2013-01-01,1.5923999547958374,1.5966999530792236,1.5923000574111938,1.5923999547958374
2013-01-02,1.5956000089645386,1.5959999561309814,1.5788500308990479,1.5951000452041626
2013-01-03,1.580899953842163,1.5841000080108643,1.56850004196167,1.5809999704360962
2013-01-04,1.5760999917984009,1.583899974822998,1.5735000371932983,1.5752999782562256
2013-01-07,1.5711699724197388,1.5735199451446533,1.557800054550171,1.5711400508880615
2013-01-08,1.5670000314712524,1.5712000131607056,1.563099980354309,1.5669000148773193
2013-01-09,1.5616999864578247,1.5625,1.5509999990463257,1.5609999895095825
2013-01-10,1.5556000471115112,1.5684000253677368,1.5505000352859497,1.5558099746704102
2013-01-11,1.5722999572753906,1.5927499532699585,1.5706000328063965,1.5724300146102905
2013-01-14,1.5960999727249146,1.5967999696731567,1.583299994468689,1.595900058746338
2013-01-15,1.5879000425338745,1.5925300121307373,1.5807000398635864,1.587399959564209
2013-01-16,1.5800000429153442,1.5865000486373901,1.5779999494552612,1.5812000036239624
2013-01-17,1.5819000005722046,1.5943000316619873,1.5777000188827515,1.5810999870300293
2013-01-18,1.5978000164031982,1.6032400131225586,1.5892000198364258,1.5975699424743652
2013-01-21,1.592519998550415,1.5962200164794922,1.5892000198364258,1.5917999744415283
2013-01-22,1.5917999744415283,1.5922000408172607,1.5773999691009521,1.5924700498580933
2013-01-23,1.5824999809265137,1.585510015487671,1.5746999979019165,1.5826799869537354
2013-01-24,1.5787999629974365,1.5949000120162964,1.5759999752044678,1.5790499448776245
2013-01-25,1.5979000329971313,1.6092000007629395,1.5947999954223633,1.598099946975708
2013-01-28,1.6103999614715576,1.6236300468444824,1.6066999435424805,1.6109299659729004
2013-01-29,1.6122000217437744,1.6128699779510498,1.6038999557495117,1.6121000051498413
2013-01-30,1.6086000204086304,1.6354999542236328,1.608199954032898,1.6093699932098389
2013-01-31,1.6229000091552734,1.6260000467300415,1.6145999431610107,1.6224000453948975
2013-02-01,1.6205999851226807,1.6271300315856934,1.6068999767303467,1.6200000047683716
2013-02-04,1.6128400564193726,1.61489999294281,1.5996999740600586,1.6130000352859497
2013-02-05,1.6025999784469604,1.6105999946594238,1.5963000059127808,1.6024999618530273
2013-02-06,1.6054999828338623,1.6104999780654907,1.6031999588012695,1.6058000326156616
2013-02-07,1.6122000217437744,1.6252000331878662,1.6043000221252441,1.6131000518798828
2013-02-08,1.6055999994277954,1.607800006866455,1.5944000482559204,1.6059000492095947
2013-02-11,1.600000023841858,1.6104999780654907,1.5982999801635742,1.5992000102996826
2013-02-12,1.6025999784469604,1.6130000352859497,1.5982999801635742,1.6033200025558472
2013-02-13,1.5993000268936157,1.608199954032898,1.5944000482559204,1.600000023841858
2013-02-14,1.5893000364303589,1.5893000364303589,1.5680999755859375,1.5892000198364258
2013-02-15,1.5688999891281128,1.580430030822754,1.5642000436782837,1.569100022315979
2013-02-18,1.576799988746643,1.5852999687194824,1.5765999555587769,1.576300024986267
2013-02-19,1.5776000022888184,1.586400032043457,1.576200008392334,1.5784000158309937
2013-02-20,1.5825999975204468,1.6022000312805176,1.5815999507904053,1.5831400156021118
2013-02-21,1.5901000499725342,1.592579960823059,1.5749000310897827,1.5895999670028687
2013-02-22,1.5786999464035034,1.5815500020980835,1.5684000253677368,1.5789999961853027
2013-02-25,1.5762499570846558,1.5850000381469727,1.5738999843597412,1.5758999586105347
2013-02-26,1.5684000253677368,1.587499976158142,1.5631999969482422,1.5680999755859375
2013-02-27,1.5808000564575195,1.5925400257110596,1.5791000127792358,1.5812300443649292
2013-02-28,1.5921900272369385,1.5921900272369385,1.5751999616622925,1.592270016670227
2013-03-01,1.583799958229065,1.5842299461364746,1.573099970817566,1.5842399597167969
2013-03-04,1.5798900127410889,1.5880000591278076,1.5773999691009521,1.5801000595092773
2013-03-05,1.5745999813079834,1.5781999826431274,1.569200038909912,1.5749000310897827
2013-03-06,1.5676000118255615,1.5705000162124634,1.5592000484466553,1.5678000450134277
2013-03-07,1.5677000284194946,1.582800030708313,1.5672999620437622,1.5680999755859375
2013-03-08,1.5817999839782715,1.5872999429702759,1.5721999406814575,1.5815000534057617
2013-03-11,1.5825999975204468,1.587399959564209,1.5760999917984009,1.5815000534057617
2013-03-12,1.5782999992370605,1.583400011062622,1.5750000476837158,1.5783599615097046
2013-03-13,1.579699993133545,1.5824999809265137,1.5683000087738037,1.5791000127792358
2013-03-14,1.5830999612808228,1.5872299671173096,1.576200008392334,1.5831199884414673
2013-03-15,1.5836000442504883,1.5916099548339844,1.579800009727478,1.583549976348877
2013-03-18,1.566499948501587,1.5740000009536743,1.5625,1.566789984703064
2013-03-19,1.565999984741211,1.5728000402450562,1.5634000301361084,1.56659996509552
2013-03-20,1.5611000061035156,1.5767699480056763,1.5611000061035156,1.5616899728775024
2013-03-21,1.5654000043869019,1.5672999620437622,1.5449999570846558,1.5662200450897217
2013-03-22,1.5506000518798828,1.5609999895095825,1.5475000143051147,1.5504000186920166
2013-03-25,1.5570000410079956,1.5625,1.5399999618530273,1.5577000379562378
2013-03-26,1.5399999618530273,1.5426000356674194,1.5319000482559204,1.5393999814987183
2013-03-27,1.5326999425888062,1.5343400239944458,1.5259000062942505,1.5325000286102295
2013-03-28,1.5254000425338745,1.5357199907302856,1.5221999883651733,1.524399995803833
2013-03-29,1.5300300121307373,1.5342199802398682,1.5282000303268433,1.5299999713897705
2013-04-01,1.5282000303268433,1.5374300479888916,1.527500033378601,1.5282000303268433
2013-04-02,1.5326000452041626,1.5353000164031982,1.5182000398635864,1.5331000089645386
2013-04-03,1.5239200592041016,1.5241199731826782,1.5176000595092773,1.5239200592041016
2013-04-04,1.5262999534606934,1.534999966621399,1.5199999809265137,1.526379942893982
2013-04-05,1.5367000102996826,1.551900029182434,1.5329999923706055,1.5363999605178833
2013-04-08,1.545199990272522,1.545699954032898,1.5353000164031982,1.5452300310134888
2013-04-09,1.5377999544143677,1.5405999422073364,1.5322999954223633,1.537600040435791
2013-04-10,1.5351999998092651,1.535599946975708,1.5233999490737915,1.5351099967956543
2013-04-11,1.5221999883651733,1.5231000185012817,1.507599949836731,1.5219999551773071
2013-04-12,1.5190000534057617,1.5309900045394897,1.5161999464035034,1.5194499492645264
2013-04-15,1.5285500288009644,1.5464999675750732,1.5264999866485596,1.5277999639511108
2013-04-16,1.5463999509811401,1.5508999824523926,1.5398999452590942,1.5463999509811401
2013-04-17,1.5509999990463257,1.5574899911880493,1.5406999588012695,1.5507999658584595
2013-04-18,1.5425000190734863,1.5520199537277222,1.5401999950408936,1.5419000387191772
2013-04-19,1.5501999855041504,1.555150032043457,1.5401999950408936,1.5509799718856812
2013-04-22,1.5542000532150269,1.5542399883270264,1.5434999465942383,1.5540000200271606
2013-04-23,1.550950050354004,1.5606000423431396,1.542199969291687,1.5511599779129028
2013-04-24,1.542799949645996,1.5440200567245483,1.5311000347137451,1.542799949645996
2013-04-25,1.535599946975708,1.5363999605178833,1.5230000019073486,1.5356999635696411
2013-04-26,1.5292500257492065,1.5329699516296387,1.5253000259399414,1.5288000106811523
2013-04-29,1.534000039100647,1.535770058631897,1.527500033378601,1.5343199968338013
2013-04-30,1.5311000347137451,1.5384299755096436,1.5252000093460083,1.531599998474121
2013-05-01,1.5370999574661255,1.555799961090088,1.5333000421524048,1.5373200178146362
2013-05-02,1.5489000082015991,1.5569000244140625,1.5363999605178833,1.5489000082015991
2013-05-03,1.5358999967575073,1.545300006866455,1.5300999879837036,1.5358599424362183
2013-05-06,1.5367000102996826,1.5420500040054321,1.5328999757766724,1.5365699529647827
2013-05-07,1.5347000360488892,1.554900050163269,1.5338000059127808,1.5348999500274658
2013-05-08,1.5454000234603882,1.5714000463485718,1.5450999736785889,1.5460000038146973
2013-05-09,1.556399941444397,1.5593500137329102,1.5497000217437744,1.5562000274658203
2013-05-10,1.5515999794006348,1.568969964981079,1.5508999824523926,1.551800012588501
2013-05-13,1.5674999952316284,1.5753899812698364,1.559999942779541,1.5666999816894531
2013-05-14,1.5714999437332153,1.5801000595092773,1.5652999877929688,1.5715999603271484
2013-05-15,1.5749000310897827,1.576930046081543,1.5592000484466553,1.5746099948883057
2013-05-16,1.5599000453948975,1.5814800262451172,1.5572999715805054,1.5595999956130981
2013-05-17,1.5757999420166016,1.592170000076294,1.5757999420166016,1.5770900249481201
2013-05-20,1.5826799869537354,1.5859500169754028,1.5743000507354736,1.5826499462127686
2013-05-21,1.5757999420166016,1.5850800275802612,1.569700002670288,1.5757999420166016
2013-05-22,1.5813000202178955,1.5948599576950073,1.580399990081787,1.5806000232696533
2013-05-23,1.5961999893188477,1.6036900281906128,1.5843000411987305,1.5961999893188477
2013-05-24,1.5960999727249146,1.605080008506775,1.5925999879837036,1.5960999727249146
2013-05-27,1.5984699726104736,1.60385000705719,1.5957000255584717,1.598099946975708
2013-05-28,1.5994000434875488,1.6004999876022339,1.5887000560760498,1.5985000133514404
2013-05-29,1.593500018119812,1.5972000360488892,1.5886000394821167,1.5936299562454224
2013-05-30,1.5968600511550903,1.6201499700546265,1.594599962234497,1.5966999530792236
2013-05-31,1.6128000020980835,1.6308900117874146,1.6095999479293823,1.6116000413894653
2013-06-03,1.6287000179290771,1.636299967765808,1.614799976348877,1.6282999515533447
2013-06-04,1.6157000064849854,1.6363400220870972,1.6150399446487427,1.6150000095367432
2013-06-05,1.6304999589920044,1.6483800411224365,1.6237000226974487,1.6298999786376953
2013-06-06,1.6461999416351318,1.6609400510787964,1.645840048789978,1.6466000080108643
2013-06-07,1.654829978942871,1.6804699897766113,1.6535999774932861,1.6541999578475952
2013-06-10,1.6848599910736084,1.684999942779541,1.669700026512146,1.6837999820709229
2013-06-11,1.6784000396728516,1.7101999521255493,1.677899956703186,1.677899956703186
2013-06-12,1.6860300302505493,1.6900999546051025,1.6542999744415283,1.6860500574111938
2013-06-13,1.6766400337219238,1.6899000406265259,1.655900001525879,1.6765799522399902
2013-06-14,1.6509699821472168,1.6598999500274658,1.638800024986267,1.6499099731445312
2013-06-17,1.656999945640564,1.6687599420547485,1.645300030708313,1.6569000482559204
2013-06-18,1.6709500551223755,1.6821000576019287,1.6668299436569214,1.6704000234603882
2013-06-19,1.673799991607666,1.6818000078201294,1.6634000539779663,1.674880027770996
2013-06-20,1.6901799440383911,1.7104400396347046,1.6828999519348145,1.6892000436782837
2013-06-21,1.7035599946975708,1.7049000263214111,1.69159996509552,1.7034000158309937
2013-06-24,1.6865999698638916,1.703220009803772,1.6832499504089355,1.6875
2013-06-25,1.6912699937820435,1.700350046157837,1.6846100091934204,1.690999984741211
2013-06-26,1.690000057220459,1.6937999725341797,1.6579999923706055,1.6901400089263916
2013-06-27,1.6728099584579468,1.674090027809143,1.6598000526428223,1.6726100444793701
2013-06-28,1.6710699796676636,1.6875100135803223,1.6690399646759033,1.6704000234603882
2013-07-01,1.6819499731063843,1.6837999820709229,1.6677000522613525,1.6817699670791626
2013-07-02,1.6697299480438232,1.680609941482544,1.6680999994277954,1.669600009918213
2013-07-03,1.6733800172805786,1.68149995803833,1.6679999828338623,1.673359990119934
2013-07-04,1.6726000308990479,1.6730999946594238,1.6430000066757202,1.6736600399017334
2013-07-05,1.6507899761199951,1.6699600219726562,1.6420999765396118,1.6500999927520752
2013-07-08,1.6615999937057495,1.6745549440383911,1.6446000337600708,1.6615999937057495
2013-07-09,1.6478999853134155,1.6618579626083374,1.6253999471664429,1.6480000019073486
2013-07-10,1.6306999921798706,1.6482199430465698,1.6230000257492065,1.6311500072479248
2013-07-11,1.656499981880188,1.680596947669983,1.6440000534057617,1.6579899787902832
2013-07-12,1.6683000326156616,1.6852010488510132,1.658400058746338,1.6683000326156616
2013-07-15,1.67399001121521,1.6921939849853516,1.6677000522613525,1.673799991607666
2013-07-16,1.6751999855041504,1.6829520463943481,1.6603000164031982,1.674299955368042
2013-07-17,1.6674000024795532,1.6856579780578613,1.6562999486923218,1.6676000356674194
2013-07-18,1.6597000360488892,1.6678999662399292,1.656499981880188,1.65910005569458
2013-07-19,1.6586999893188477,1.661769986152649,1.6428300142288208,1.6586099863052368
2013-07-22,1.6576900482177734,1.6669000387191772,1.6545000076293945,1.6572999954223633
2013-07-23,1.653480052947998,1.6590900421142578,1.6470999717712402,1.6536999940872192
2013-07-24,1.6526600122451782,1.6663999557495117,1.649899959564209,1.6521999835968018
2013-07-25,1.6561199426651,1.656599998474121,1.6398999691009521,1.657099962234497
2013-07-26,1.6466000080108643,1.6466599702835083,1.639799952507019,1.646399974822998
2013-07-29,1.644700050354004,1.6532200574874878,1.6404000520706177,1.6441600322723389
2013-07-30,1.652519941329956,1.6647000312805176,1.6496000289916992,1.652899980545044
2013-07-31,1.6586999893188477,1.6710000038146973,1.6569000482559204,1.6585999727249146
2013-08-01,1.6693999767303467,1.6838200092315674,1.6601999998092651,1.6705100536346436
2013-08-02,1.6714999675750732,1.6979999542236328,1.6699999570846558,1.6718000173568726
2013-08-05,1.7091000080108643,1.7147899866104126,1.697309970855713,1.7091000080108643
2013-08-06,1.6910899877548218,1.6943000555038452,1.6825000047683716,1.691540002822876
2013-08-07,1.6842000484466553,1.6865999698638916,1.6667200326919556,1.6839699745178223
2013-08-08,1.676200032234192,1.6795300245285034,1.664639949798584,1.6758500337600708
2013-08-09,1.6731799840927124,1.6753000020980835,1.6578799486160278,1.6720999479293823
2013-08-12,1.6612999439239502,1.6634999513626099,1.6511000394821167,1.6585999727249146
2013-08-13,1.6648999452590942,1.6685999631881714,1.660599946975708,1.6654000282287598
2013-08-14,1.6621999740600586,1.6648000478744507,1.6470999717712402,1.6617499589920044
2013-08-15,1.646399974822998,1.6524200439453125,1.639799952507019,1.6466000080108643
2013-08-16,1.652500033378601,1.6563999652862549,1.638800024986267,1.653540015220642
2013-08-19,1.6409000158309937,1.6529300212860107,1.6326099634170532,1.6407400369644165
2013-08-20,1.6532000303268433,1.6839499473571777,1.6519999504089355,1.653499960899353
2013-08-21,1.6861000061035156,1.699620008468628,1.6842999458312988,1.6859999895095825
2013-08-22,1.7003999948501587,1.707669973373413,1.6971999406814575,1.700600028038025
2013-08-23,1.7037999629974365,1.719499945640564,1.700700044631958,1.7023999691009521
2013-08-26,1.7159199714660645,1.7166099548339844,1.6985000371932983,1.7151999473571777
2013-08-27,1.7060099840164185,1.7203999757766724,1.7058600187301636,1.7055699825286865
2013-08-28,1.7244000434875488,1.7253299951553345,1.7064000368118286,1.7253799438476562
2013-08-29,1.7055000066757202,1.706969976425171,1.6970000267028809,1.7058000564575195
2013-08-30,1.7045999765396118,1.707800030708313,1.6967600584030151,1.705199956893921
2013-09-02,1.7000999450683594,1.7008999586105347,1.6864999532699585,1.6996999979019165
2013-09-03,1.6868000030517578,1.6904000043869019,1.6799999475479126,1.6877000331878662
2013-09-04,1.688099980354309,1.6887999773025513,1.6627000570297241,1.687600016593933
2013-09-05,1.6715400218963623,1.679900050163269,1.659500002861023,1.6711000204086304
2013-09-06,1.6633000373840332,1.6633000373840332,1.6388299465179443,1.662600040435791
2013-09-09,1.6505000591278076,1.6562999486923218,1.6446000337600708,1.6502000093460083
2013-09-10,1.652999997138977,1.6536400318145752,1.641700029373169,1.6529300212860107
2013-09-11,1.6468000411987305,1.6506999731063843,1.6413999795913696,1.646399974822998
2013-09-12,1.6340999603271484,1.6405400037765503,1.628600001335144,1.6331000328063965
2013-09-13,1.63510000705719,1.6385999917984009,1.624400019645691,1.634600043296814
2013-09-16,1.629699945449829,1.632290005683899,1.6239999532699585,1.6300899982452393
2013-09-17,1.6294399499893188,1.633679986000061,1.6186000108718872,1.6297999620437622
2013-09-18,1.6238000392913818,1.6261199712753296,1.6190999746322632,1.6229000091552734
2013-09-19,1.6122000217437744,1.6175999641418457,1.6068600416183472,1.6110999584197998
2013-09-20,1.6126999855041504,1.618399977684021,1.6103999614715576,1.613420009613037
2013-09-23,1.6186000108718872,1.6205999851226807,1.6093000173568726,1.617400050163269
2013-09-24,1.613700032234192,1.632200002670288,1.613700032234192,1.6145000457763672
2013-09-25,1.6327999830245972,1.643399953842163,1.6305999755859375,1.6332999467849731
2013-09-26,1.638700008392334,1.640589952468872,1.6252000331878662,1.6384999752044678
2013-09-27,1.6288399696350098,1.6414999961853027,1.6217000484466553,1.6282000541687012
2013-09-30,1.632099986076355,1.6347999572753906,1.6243499517440796,1.631500005722046
2013-10-01,1.6292999982833862,1.6405400037765503,1.6273000240325928,1.6304999589920044
2013-10-02,1.636970043182373,1.6511000394821167,1.6339000463485718,1.6371599435806274
2013-10-03,1.6340999603271484,1.645300030708313,1.6298999786376953,1.634310007095337
2013-10-04,1.6437400579452515,1.6438000202178955,1.627500057220459,1.644279956817627
2013-10-07,1.6319999694824219,1.6424100399017334,1.6282000541687012,1.6312999725341797
2013-10-08,1.6359000205993652,1.6397000551223755,1.6282000541687012,1.636299967765808
2013-10-09,1.635390043258667,1.6395000219345093,1.6237000226974487,1.6357100009918213
2013-10-10,1.628499984741211,1.6399999856948853,1.6268999576568604,1.6289000511169434
2013-10-11,1.6341099739074707,1.6354000568389893,1.6230000257492065,1.6339999437332153
2013-10-14,1.6282000541687012,1.6310299634933472,1.6181000471115112,1.6287800073623657
2013-10-15,1.620919942855835,1.620919942855835,1.6067399978637695,1.6196000576019287
2013-10-16,1.608199954032898,1.6134999990463257,1.601199984550476,1.6088000535964966
2013-10-17,1.6030999422073364,1.6139999628067017,1.6022000312805176,1.6031999588012695
2013-10-18,1.615470051765442,1.6164300441741943,1.6088000535964966,1.6153099536895752
2013-10-21,1.6100000143051147,1.6191999912261963,1.608299970626831,1.610610008239746
2013-10-22,1.6164000034332275,1.6196999549865723,1.611899971961975,1.6172499656677246
2013-10-23,1.6176999807357788,1.6462899446487427,1.6176999807357788,1.6181000471115112
2013-10-24,1.6370999813079834,1.6581000089645386,1.6323000192642212,1.6366000175476074
2013-10-25,1.6548000574111938,1.6660399436950684,1.6548000574111938,1.6540000438690186
2013-10-28,1.6642600297927856,1.6655399799346924,1.656599998474121,1.663699984550476
2013-10-29,1.6617399454116821,1.6708099842071533,1.6617399454116821,1.6614999771118164
2013-10-30,1.6647700071334839,1.6714999675750732,1.65910005569458,1.6646000146865845
2013-10-31,1.6628999710083008,1.6647499799728394,1.6418999433517456,1.6627999544143677
2013-11-01,1.6434999704360962,1.6441999673843384,1.6319999694824219,1.642300009727478
2013-11-04,1.6321200132369995,1.632599949836731,1.6240999698638916,1.631600022315979
2013-11-05,1.6288000345230103,1.6340999603271484,1.6181999444961548,1.6295900344848633
2013-11-06,1.6109999418258667,1.6129000186920166,1.604599952697754,1.6110999584197998
2013-11-07,1.6133999824523926,1.6179800033569336,1.5914000272750854,1.6136000156402588
2013-11-08,1.6117000579833984,1.6198300123214722,1.6043000221252441,1.6103999614715576
2013-11-11,1.617900013923645,1.628119945526123,1.6109000444412231,1.6181000471115112
2013-11-12,1.6226999759674072,1.6346999406814575,1.6224000453948975,1.6229000091552734
2013-11-13,1.636199951171875,1.6382399797439575,1.6253000497817993,1.6354000568389893
2013-11-14,1.6258000135421753,1.6310100555419922,1.6176700592041016,1.6266000270843506
2013-11-15,1.6250699758529663,1.6264100074768066,1.6181999444961548,1.6246999502182007
2013-11-18,1.6145999431610107,1.6186399459838867,1.6077799797058105,1.614400029182434
2013-11-19,1.6226999759674072,1.625309944152832,1.6160999536514282,1.6229900121688843
2013-11-20,1.618899941444397,1.6304999589920044,1.6167999505996704,1.6187000274658203
2013-11-21,1.6242200136184692,1.6434299945831299,1.6225999593734741,1.6238000392913818
2013-11-22,1.6375800371170044,1.6627000570297241,1.6345000267028809,1.6371999979019165
2013-11-25,1.653499960899353,1.6539000272750854,1.6437000036239624,1.6536799669265747
2013-11-26,1.642199993133545,1.658959984779358,1.6374000310897827,1.6433000564575195
2013-11-27,1.655500054359436,1.6729199886322021,1.6539000272750854,1.655900001525879
2013-11-28,1.662600040435791,1.6755900382995605,1.6603000164031982,1.6652899980545044
2013-11-29,1.6764999628067017,1.6842700242996216,1.6656999588012695,1.6761000156402588
2013-12-02,1.6640000343322754,1.6672999858856201,1.6484999656677246,1.6633000373840332
2013-12-03,1.6521999835968018,1.659000039100647,1.6445000171661377,1.6527099609375
2013-12-04,1.648800015449524,1.661829948425293,1.6482000350952148,1.6484999656677246
2013-12-05,1.6548099517822266,1.6717000007629395,1.6523000001907349,1.6551300287246704
2013-12-06,1.6622999906539917,1.6741900444030762,1.6528600454330444,1.6624000072479248
2013-12-09,1.6531000137329102,1.6611000299453735,1.6469000577926636,1.6529699563980103
2013-12-10,1.659000039100647,1.6618599891662598,1.6516499519348145,1.6586999893188477
2013-12-11,1.656190037727356,1.6792099475860596,1.6552000045776367,1.656000018119812
2013-12-12,1.6653000116348267,1.673140048980713,1.6550999879837036,1.6653000116348267
2013-12-13,1.6726000308990479,1.673200011253357,1.6598000526428223,1.6720000505447388
2013-12-16,1.6620999574661255,1.6716500520706177,1.6588000059127808,1.6627099514007568
2013-12-17,1.6642999649047852,1.6663999557495117,1.6601999998092651,1.6656999588012695
2013-12-18,1.6627000570297241,1.6714999675750732,1.6610000133514404,1.6627999544143677
2013-12-19,1.6669000387191772,1.6761000156402588,1.6638000011444092,1.6660000085830688
2013-12-20,1.666059970855713,1.674430012702942,1.6597000360488892,1.665969967842102
2013-12-23,1.6648999452590942,1.6719199419021606,1.6644999980926514,1.6648999452590942
2013-12-24,1.6708099842071533,1.6735999584197998,1.6684000492095947,1.6705000400543213
2013-12-25,1.6694300174713135,1.6719199419021606,1.6694300174713135,1.6694300174713135
2013-12-26,1.6718000173568726,1.6792000532150269,1.6702799797058105,1.6711000204086304
2013-12-27,1.6784000396728516,1.6982300281524658,1.6757899522781372,1.6779500246047974
2013-12-30,1.6863000392913818,1.6921000480651855,1.6819000244140625,1.6862000226974487
2013-12-31,1.6796000003814697,1.6816999912261963,1.6706000566482544,1.6799999475479126
2014-01-01,1.670799970626831,1.6713999509811401,1.670799970626831,1.670799970626831
2014-01-02,1.6764999628067017,1.6825200319290161,1.6575000286102295,1.6770000457763672
2014-01-03,1.6688100099563599,1.669800043106079,1.6360000371932983,1.6684999465942383
2014-01-06,1.6441999673843384,1.6482000350952148,1.639299988746643,1.6445300579071045
2014-01-07,1.6437000036239624,1.6498500108718872,1.641800045967102,1.6441099643707275
2014-01-08,1.6435999870300293,1.6463099718093872,1.6349999904632568,1.6437000036239624
2014-01-09,1.6419999599456787,1.6502399444580078,1.6411099433898926,1.6422100067138672
2014-01-10,1.649880051612854,1.656690001487732,1.6471699476242065,1.6490999460220337
2014-01-13,1.646209955215454,1.649150013923645,1.627500057220459,1.6454999446868896
2014-01-14,1.6313999891281128,1.6339999437332153,1.622290015220642,1.631100058555603
2014-01-15,1.633370041847229,1.6354000568389893,1.6262999773025513,1.6334600448608398
2014-01-16,1.631500005722046,1.6408799886703491,1.6298999786376953,1.631500005722046
2014-01-17,1.6307899951934814,1.6461000442504883,1.6283999681472778,1.6308200359344482
2014-01-20,1.638890027999878,1.649399995803833,1.6368999481201172,1.6387900114059448
2014-01-21,1.6289499998092651,1.630660057067871,1.6236000061035156,1.6283999681472778
2014-01-22,1.6306999921798706,1.6338800191879272,1.624899983406067,1.6302000284194946
2014-01-23,1.6304199695587158,1.6437300443649292,1.6301000118255615,1.6301000118255615
2014-01-24,1.6520999670028687,1.6682000160217285,1.648800015449524,1.6516300439834595
2014-01-27,1.66225004196167,1.6683000326156616,1.6535999774932861,1.6619000434875488
2014-01-28,1.662500023841858,1.6628999710083008,1.6450599431991577,1.6624000072479248
2014-01-29,1.6515100002288818,1.6559499502182007,1.6432000398635864,1.6512999534606934
2014-01-30,1.6638200283050537,1.6718699932098389,1.6588000059127808,1.6621999740600586
2014-01-31,1.6563999652862549,1.6745500564575195,1.6563999652862549,1.6572999954223633
2014-02-03,1.6643799543380737,1.6692999601364136,1.660099983215332,1.6648999452590942
2014-02-04,1.6749000549316406,1.6784100532531738,1.6500999927520752,1.6749999523162842
2014-02-05,1.6430000066757202,1.652899980545044,1.641700029373169,1.642899990081787
2014-02-06,1.6447999477386475,1.6546900272369385,1.635699987411499,1.6446000337600708
2014-02-07,1.6482000350952148,1.6546000242233276,1.6389000415802002,1.6480000019073486
2014-02-10,1.6435999870300293,1.6522200107574463,1.642899990081787,1.643399953842163
2014-02-11,1.650320053100586,1.6511199474334717,1.6399999856948853,1.6497000455856323
2014-02-12,1.6406099796295166,1.6417100429534912,1.6246999502182007,1.6411999464035034
2014-02-13,1.6332000494003296,1.6428200006484985,1.6301000118255615,1.6318000555038452
2014-02-14,1.638659954071045,1.6418800354003906,1.6323000192642212,1.6385999917984009
2014-02-17,1.6347999572753906,1.6404000520706177,1.6341999769210815,1.6347999572753906
2014-02-18,1.6383299827575684,1.6570099592208862,1.6339999437332153,1.638319969177246
2014-02-19,1.6567000150680542,1.6616300344467163,1.6469999551773071,1.6575599908828735
2014-02-20,1.6591099500656128,1.6670000553131104,1.6495000123977661,1.6578999757766724
2014-02-21,1.6517599821090698,1.6612000465393066,1.6492999792099,1.6519800424575806
2014-02-24,1.6589800119400024,1.6621999740600586,1.6510000228881836,1.6590800285339355
2014-02-25,1.6481399536132812,1.6530699729919434,1.645300030708313,1.6477700471878052
2014-02-26,1.6503499746322632,1.6525800228118896,1.6445000171661377,1.6497999429702759
2014-02-27,1.6460000276565552,1.6488699913024902,1.6308000087738037,1.646299958229065
2014-02-28,1.6373000144958496,1.6435999870300293,1.6269999742507935,1.638159990310669
2014-03-03,1.6469700336456299,1.651129961013794,1.641800045967102,1.6467000246047974
2014-03-04,1.6425199508666992,1.6431299448013306,1.6370999813079834,1.6421799659729004
2014-03-05,1.636970043182373,1.6391899585723877,1.628600001335144,1.6368000507354736
2014-03-06,1.631850004196167,1.6338000297546387,1.6201000213623047,1.6321200132369995
2014-03-07,1.63510000705719,1.641800045967102,1.6298999786376953,1.63510000705719
2014-03-10,1.637850046157837,1.6435999870300293,1.6368999481201172,1.6373000144958496
2014-03-11,1.6377999782562256,1.6380499601364136,1.6295000314712524,1.6382499933242798
2014-03-12,1.6384999752044678,1.6446000337600708,1.632200002670288,1.6384899616241455
2014-03-13,1.6309000253677368,1.6309000253677368,1.618899941444397,1.6311899423599243
2014-03-14,1.6236300468444824,1.6299699544906616,1.6200000047683716,1.6236000061035156
2014-03-17,1.6288000345230103,1.6301599740982056,1.6174999475479126,1.6291999816894531
2014-03-18,1.6258000135421753,1.6292599439620972,1.6083999872207642,1.626099944114685
2014-03-19,1.61489999294281,1.619339942932129,1.6119999885559082,1.6145000457763672
2014-03-20,1.619089961051941,1.6229699850082397,1.6130000352859497,1.6191999912261963
2014-03-21,1.6144299507141113,1.6160000562667847,1.6088000535964966,1.6151800155639648
2014-03-24,1.615470051765442,1.6225800514221191,1.6105999946594238,1.6153899431228638
2014-03-25,1.618899941444397,1.618899941444397,1.6094000339508057,1.6187800168991089
2014-03-26,1.6114000082015991,1.611739993095398,1.5995999574661255,1.6110999584197998
2014-03-27,1.6021599769592285,1.6043200492858887,1.583400011062622,1.6018999814987183
2014-03-28,1.5848000049591064,1.5893100500106812,1.576200008392334,1.5859400033950806
2014-03-31,1.585800051689148,1.5960500240325928,1.583799958229065,1.5851000547409058
2014-04-01,1.5871000289916992,1.594599962234497,1.5846999883651733,1.5871700048446655
2014-04-02,1.6002999544143677,1.6103999614715576,1.5999000072479248,1.6002099514007568
2014-04-03,1.605370044708252,1.6177599430084229,1.6038999557495117,1.6054099798202515
2014-04-04,1.6036700010299683,1.6056400537490845,1.5898000001907349,1.6032999753952026
2014-04-07,1.591539978981018,1.6003799438476562,1.590000033378601,1.5906000137329102
2014-04-08,1.5960700511932373,1.5963000059127808,1.5855000019073486,1.5957000255584717
2014-04-09,1.5911099910736084,1.5973600149154663,1.5829999446868896,1.5910799503326416
2014-04-10,1.5884499549865723,1.5956300497055054,1.5831999778747559,1.5885000228881836
2014-04-11,1.601699948310852,1.6098699569702148,1.5951000452041626,1.6009999513626099
2014-04-14,1.5937000513076782,1.602579951286316,1.5915000438690186,1.5937000513076782
2014-04-15,1.5903400182724,1.601199984550476,1.5894999504089355,1.590000033378601
2014-04-16,1.6054999828338623,1.611799955368042,1.6033999919891357,1.6062999963760376
2014-04-17,1.6009000539779663,1.6116199493408203,1.5987999439239502,1.6015299558639526
2014-04-18,1.6100000143051147,1.6116000413894653,1.607699990272522,1.6101399660110474
2014-04-21,1.6074999570846558,1.6132400035858154,1.6074999570846558,1.6080100536346436
2014-04-22,1.6078399419784546,1.6094800233840942,1.601699948310852,1.6075999736785889
2014-04-23,1.6023999452590942,1.614650011062622,1.600600004196167,1.6030000448226929
2014-04-24,1.6031999588012695,1.616320013999939,1.5994999408721924,1.6032999753952026
2014-04-25,1.6130000352859497,1.616320013999939,1.6092000007629395,1.6145000457763672
2014-04-28,1.6124000549316406,1.6248899698257446,1.6096999645233154,1.6125999689102173
2014-04-29,1.6226999759674072,1.6279000043869019,1.6152000427246094,1.622499942779541
2014-04-30,1.6133699417114258,1.6200300455093384,1.6096999645233154,1.6126999855041504
2014-05-01,1.6111299991607666,1.6121000051498413,1.6058000326156616,1.6102999448776245
2014-05-02,1.6069999933242798,1.6093000173568726,1.5994000434875488,1.6070899963378906
2014-05-05,1.6017099618911743,1.6043000221252441,1.5981999635696411,1.6014000177383423
2014-05-06,1.597000002861023,1.5976999998092651,1.5870000123977661,1.5973999500274658
2014-05-07,1.5992000102996826,1.6082299947738647,1.5987000465393066,1.5986000299453735
2014-05-08,1.6073999404907227,1.6172499656677246,1.6003999710083008,1.607800006866455
2014-05-09,1.6010600328445435,1.6051000356674194,1.5937000513076782,1.6003999710083008
2014-05-12,1.5949000120162964,1.5981700420379639,1.592900037765503,1.5953400135040283
2014-05-13,1.594499945640564,1.5961999893188477,1.58256995677948,1.5950599908828735
2014-05-14,1.5880000591278076,1.5888899564743042,1.5800000429153442,1.5879000425338745
2014-05-15,1.5831999778747559,1.5902700424194336,1.5743999481201172,1.583400011062622
2014-05-16,1.5849000215530396,1.5906000137329102,1.5836000442504883,1.5846199989318848
2014-05-19,1.5853999853134155,1.5889699459075928,1.582900047302246,1.5861599445343018
2014-05-20,1.5878000259399414,1.598829984664917,1.5878000259399414,1.5878000259399414
2014-05-21,1.600250005722046,1.6018199920654297,1.5943000316619873,1.5999200344085693
2014-05-22,1.5974199771881104,1.5987800359725952,1.5906000137329102,1.59660005569458
2014-05-23,1.5932999849319458,1.5973000526428223,1.5913000106811523,1.5937999486923218
2014-05-26,1.5957599878311157,1.5975600481033325,1.593999981880188,1.5944000482559204
2014-05-27,1.5942000150680542,1.597480058670044,1.5921000242233276,1.5943000316619873
2014-05-28,1.5908000469207764,1.6050100326538086,1.5908000469207764,1.5907000303268433
2014-05-29,1.6015000343322754,1.6094000339508057,1.5994999408721924,1.6002999544143677
2014-05-30,1.6024999618530273,1.6079399585723877,1.5967999696731567,1.6017999649047852
2014-06-02,1.6051100492477417,1.6106599569320679,1.6038999557495117,1.6047899723052979
2014-06-03,1.6095000505447388,1.6172000169754028,1.604099988937378,1.6097999811172485
2014-06-04,1.6140999794006348,1.6202000379562378,1.6133999824523926,1.6139299869537354
2014-06-05,1.614300012588501,1.6144700050354004,1.5985000133514404,1.6145999431610107
2014-06-06,1.6098699569702148,1.6102800369262695,1.5967999696731567,1.6103399991989136
2014-06-09,1.6021000146865845,1.6030999422073364,1.597599983215332,1.6038000583648682
2014-06-10,1.5999699831008911,1.5999699831008911,1.5888999700546265,1.5989999771118164
2014-06-11,1.5867999792099,1.586899995803833,1.5781999826431274,1.586899995803833
2014-06-12,1.5722299814224243,1.5722299814224243,1.555999994277954,1.5729000568389893
2014-06-13,1.561900019645691,1.5684200525283813,1.5609999895095825,1.5617599487304688
2014-06-16,1.5616999864578247,1.564579963684082,1.5563000440597534,1.5622400045394897
2014-06-17,1.5647000074386597,1.568269968032837,1.5633000135421753,1.5645999908447266
2014-06-18,1.5636999607086182,1.5655499696731567,1.5613000392913818,1.5642000436782837
2014-06-19,1.5580999851226807,1.564020037651062,1.557800054550171,1.5578999519348145
2014-06-20,1.5625900030136108,1.564389944076538,1.5601999759674072,1.5621999502182007
2014-06-23,1.5606000423431396,1.5618300437927246,1.5534000396728516,1.5611499547958374
2014-06-24,1.5611000061035156,1.566540002822876,1.5577000379562378,1.562309980392456
2014-06-25,1.569000005722046,1.5702600479125977,1.5602999925613403,1.569309949874878
2014-06-26,1.5586999654769897,1.5587400197982788,1.5496000051498413,1.559999942779541
2014-06-27,1.5512299537658691,1.5566999912261963,1.5500999689102173,1.5515400171279907
2014-06-30,1.554919958114624,1.5638600587844849,1.5529999732971191,1.5541000366210938
2014-07-01,1.5614999532699585,1.564650058746338,1.55649995803833,1.5616999864578247
2014-07-02,1.5604000091552734,1.5627599954605103,1.5562000274658203,1.5610300302505493
2014-07-03,1.5568000078201294,1.5607199668884277,1.5525000095367432,1.5572700500488281
2014-07-04,1.554900050163269,1.5577000379562378,1.5525000095367432,1.5550999641418457
2014-07-07,1.5559300184249878,1.5583300590515137,1.5506999492645264,1.554900050163269
2014-07-08,1.5543999671936035,1.5551999807357788,1.5437999963760376,1.5548299551010132
2014-07-09,1.5484000444412231,1.5496100187301636,1.5443999767303467,1.5476000308990479
2014-07-10,1.5461299419403076,1.5487799644470215,1.5418000221252441,1.546030044555664
2014-07-11,1.5440000295639038,1.5453100204467773,1.5405000448226929,1.543619990348816
2014-07-14,1.5436099767684937,1.547860026359558,1.5408999919891357,1.5429999828338623
2014-07-15,1.545199990272522,1.5496200323104858,1.5428999662399292,1.5450999736785889
2014-07-16,1.5555000305175781,1.5595699548721313,1.5511000156402588,1.5542000532150269
2014-07-17,1.551800012588501,1.5588799715042114,1.5509999990463257,1.5519499778747559
2014-07-18,1.559499979019165,1.5624200105667114,1.554800033569336,1.5595799684524536
2014-07-21,1.5533000230789185,1.5565999746322632,1.552299976348877,1.5539000034332275
2014-07-22,1.5581599473953247,1.5590499639511108,1.5503000020980835,1.5578700304031372
2014-07-23,1.552899956703186,1.555109977722168,1.547700047492981,1.55239999294281
2014-07-24,1.5625,1.5708999633789062,1.5599000453948975,1.562600016593933
2014-07-25,1.5683000087738037,1.5750000476837158,1.5676000118255615,1.5684000253677368
2014-07-28,1.5697499513626099,1.5742100477218628,1.5688999891281128,1.5697699785232544
2014-07-29,1.5715999603271484,1.579200029373169,1.569700002670288,1.5708999633789062
2014-07-30,1.5756399631500244,1.5796400308609009,1.573799967765808,1.5756800174713135
2014-07-31,1.577299952507019,1.5791000127792358,1.5714999437332153,1.5772000551223755
2014-08-01,1.5735000371932983,1.5826900005340576,1.5728000402450562,1.5742199420928955
2014-08-04,1.5772000551223755,1.5796400308609009,1.57260000705719,1.5777000188827515
2014-08-05,1.5750000476837158,1.5795999765396118,1.569700002670288,1.5742000341415405
2014-08-06,1.5835000276565552,1.586650013923645,1.5769000053405762,1.5840599536895752
2014-08-07,1.579110026359558,1.5826400518417358,1.572700023651123,1.5791300535202026
2014-08-08,1.5801600217819214,1.5838199853897095,1.5779000520706177,1.579200029373169
2014-08-11,1.583799958229065,1.5840500593185425,1.5800000429153442,1.5836000442504883
2014-08-12,1.5820000171661377,1.589359998703003,1.580899953842163,1.5819000005722046
2014-08-13,1.5855000019073486,1.5869200229644775,1.5784000158309937,1.5857000350952148
2014-08-14,1.5763200521469116,1.5791000127792358,1.5710999965667725,1.5763599872589111
2014-08-15,1.5752700567245483,1.579200029373169,1.5733000040054321,1.5751999616622925
2014-08-18,1.5786000490188599,1.5792200565338135,1.5746999979019165,1.578510046005249
2014-08-19,1.579200029373169,1.584439992904663,1.5750000476837158,1.579200029373169
2014-08-20,1.5814100503921509,1.5882500410079956,1.5786999464035034,1.5800000429153442
2014-08-21,1.583400011062622,1.5860099792480469,1.5787999629974365,1.5830999612808228
2014-08-22,1.5808000564575195,1.5824999809265137,1.5737600326538086,1.581030011177063
2014-08-25,1.5787999629974365,1.5821800231933594,1.576300024986267,1.579300045967102
2014-08-26,1.5857000350952148,1.5863200426101685,1.5808000564575195,1.5859099626541138
2014-08-27,1.5782999992370605,1.5797899961471558,1.5707999467849731,1.5789799690246582
2014-08-28,1.5767099857330322,1.5767099857330322,1.5705000162124634,1.5759999752044678
2014-08-29,1.5734000205993652,1.5766099691390991,1.5681999921798706,1.574180006980896
2014-09-01,1.5712300539016724,1.5712800025939941,1.5649000406265259,1.571560025215149
2014-09-02,1.5650999546051025,1.581570029258728,1.5649000406265259,1.5649000406265259
2014-09-03,1.5806000232696533,1.5831999778747559,1.5769000053405762,1.5812499523162842
2014-09-04,1.579300045967102,1.5807000398635864,1.555299997329712,1.5799800157546997
2014-09-05,1.5615999698638916,1.5629899501800537,1.5546000003814697,1.5626599788665771
2014-09-08,1.5572999715805054,1.562999963760376,1.5535999536514282,1.557919979095459
2014-09-09,1.558500051498413,1.5657000541687012,1.555999994277954,1.5582000017166138
2014-09-10,1.56659996509552,1.5746099948883057,1.565000057220459,1.5669000148773193
2014-09-11,1.5757499933242798,1.5829399824142456,1.5709999799728394,1.5750999450683594
2014-09-12,1.5786999464035034,1.588879942893982,1.5774999856948853,1.5780999660491943
2014-09-15,1.589900016784668,1.594230055809021,1.5795999765396118,1.5896999835968018
2014-09-16,1.5822800397872925,1.5890300273895264,1.5793999433517456,1.5815999507904053
2014-09-17,1.581760048866272,1.591480016708374,1.579300045967102,1.5816999673843384
2014-09-18,1.5863100290298462,1.589609980583191,1.582800030708313,1.5856000185012817
2014-09-19,1.5848000049591064,1.5895999670028687,1.5743000507354736,1.5842000246047974
2014-09-22,1.5759999752044678,1.5855599641799927,1.5743000507354736,1.5760999917984009
2014-09-23,1.5831999778747559,1.5975199937820435,1.5787999629974365,1.5838500261306763
2014-09-24,1.5905100107192993,1.5931999683380127,1.5829999446868896,1.590000033378601
2014-09-25,1.5847599506378174,1.6080600023269653,1.5824999809265137,1.5842000246047974
2014-09-26,1.604830026626587,1.6151000261306763,1.6029000282287598,1.6045000553131104
2014-09-29,1.6122000217437744,1.6437900066375732,1.61080002784729,1.6116000413894653
2014-09-30,1.6359599828720093,1.6374499797821045,1.6160999536514282,1.6344000101089478
2014-10-01,1.6165000200271606,1.6245299577713013,1.607200026512146,1.6173499822616577
2014-10-02,1.62090003490448,1.6220999956130981,1.600600004196167,1.6217299699783325
2014-10-03,1.6055999994277954,1.6147300004959106,1.6030000448226929,1.6049000024795532
2014-10-06,1.6181999444961548,1.6186699867248535,1.607200026512146,1.618299961090088
2014-10-07,1.614400029182434,1.6202199459075928,1.6064000129699707,1.614259958267212
2014-10-08,1.6189299821853638,1.6265699863433838,1.6158000230789185,1.6187100410461426
2014-10-09,1.611199975013733,1.6134999990463257,1.6025999784469604,1.6109999418258667
2014-10-10,1.6134999990463257,1.6216299533843994,1.6109999418258667,1.6133999824523926
2014-10-13,1.6131000518798828,1.6161999702453613,1.6060999631881714,1.6143200397491455
2014-10-14,1.6167000532150269,1.618589997291565,1.6059000492095947,1.6155999898910522
2014-10-15,1.6145100593566895,1.6170099973678589,1.6079000234603882,1.6135400533676147
2014-10-16,1.6092000007629395,1.618399977684021,1.6022000312805176,1.6091899871826172
2014-10-17,1.6113699674606323,1.6142300367355347,1.604699969291687,1.6110999584197998
2014-10-20,1.6082799434661865,1.6092000007629395,1.6009000539779663,1.6068999767303467
2014-10-21,1.6062899827957153,1.6075400114059448,1.5908000469207764,1.6062999963760376
2014-10-22,1.5949000120162964,1.597499966621399,1.589900016784668,1.5951000452041626
2014-10-23,1.6094000339508057,1.615530014038086,1.6058000326156616,1.6095499992370605
2014-10-24,1.6159100532531738,1.6203999519348145,1.6098999977111816,1.6158699989318848
2014-10-27,1.614300012588501,1.6160600185394287,1.6085000038146973,1.6144100427627563
2014-10-28,1.6093499660491943,1.6104999780654907,1.6026999950408936,1.6088999509811401
2014-10-29,1.6069999933242798,1.6085200309753418,1.5999000072479248,1.607200026512146
2014-10-30,1.6231000423431396,1.6231000423431396,1.6088000535964966,1.622499942779541
2014-10-31,1.6075999736785889,1.6101800203323364,1.5959999561309814,1.608299970626831
2014-11-03,1.6068999767303467,1.6198400259017944,1.6028000116348267,1.6068999767303467
2014-11-04,1.6152000427246094,1.6199599504470825,1.6089999675750732,1.6141999959945679
2014-11-05,1.6046600341796875,1.6212999820709229,1.6024999618530273,1.604099988937378
2014-11-06,1.6172000169754028,1.6263999938964844,1.6064000129699707,1.6177400350570679
2014-11-07,1.6091200113296509,1.6151200532913208,1.6038000583648682,1.6093900203704834
2014-11-10,1.604599952697754,1.6050299406051636,1.5957000255584717,1.604830026626587
2014-11-11,1.6019999980926514,1.6079100370407104,1.5951999425888062,1.601199984550476
2014-11-12,1.594480037689209,1.596019983291626,1.5786000490188599,1.5937999486923218
2014-11-13,1.5806000232696533,1.5848000049591064,1.5722999572753906,1.5803799629211426
2014-11-14,1.584689974784851,1.587499976158142,1.579800009727478,1.5845799446105957
2014-11-17,1.5777000188827515,1.5795799493789673,1.5708999633789062,1.5776000022888184
2014-11-18,1.5702999830245972,1.578529953956604,1.5677000284194946,1.5705300569534302
2014-11-19,1.5844999551773071,1.5978599786758423,1.5842000246047974,1.5852999687194824
2014-11-20,1.5990999937057495,1.6035200357437134,1.593000054359436,1.5999000072479248
2014-11-21,1.5950000286102295,1.5959999561309814,1.5650999546051025,1.5956000089645386
2014-11-24,1.5672999620437622,1.5824099779129028,1.5650999546051025,1.5677399635314941
2014-11-25,1.5817999839782715,1.6002000570297241,1.5800000429153442,1.5814000368118286
2014-11-26,1.593500018119812,1.596809983253479,1.5867999792099,1.5928000211715698
2014-11-27,1.5871000289916992,1.5895400047302246,1.5785000324249268,1.5871599912643433
2014-11-28,1.583799958229065,1.591599941253662,1.5823999643325806,1.5850800275802612
2014-12-01,1.5959999561309814,1.5988399982452393,1.5821000337600708,1.595900058746338
2014-12-02,1.5853500366210938,1.5930099487304688,1.5794999599456787,1.5851000547409058
2014-12-03,1.5870000123977661,1.5938999652862549,1.5805000066757202,1.5872000455856323
2014-12-04,1.5880999565124512,1.5980000495910645,1.5849000215530396,1.5880399942398071
2014-12-05,1.5915000438690186,1.5960400104522705,1.58896005153656,1.5918999910354614
2014-12-08,1.6009999513626099,1.6080299615859985,1.5981999635696411,1.6007000207901
2014-12-09,1.6087000370025635,1.6153899431228638,1.603279948234558,1.6086000204086304
2014-12-10,1.6102999448776245,1.6132999658584595,1.6023000478744507,1.6103099584579468
2014-12-11,1.595579981803894,1.5973199605941772,1.5843000411987305,1.5957200527191162
2014-12-12,1.5902999639511108,1.6053999662399292,1.5866999626159668,1.590000033378601
2014-12-15,1.6064000129699707,1.6079399585723877,1.598099946975708,1.6049000024795532
2014-12-16,1.6065700054168701,1.6127599477767944,1.5989999771118164,1.6066299676895142
2014-12-17,1.6060999631881714,1.6159800291061401,1.6021000146865845,1.6055500507354736
2014-12-18,1.6027699708938599,1.6051599979400635,1.5815999507904053,1.6030100584030151
2014-12-19,1.5786000490188599,1.582200050354004,1.5743000507354736,1.5800800323486328
2014-12-22,1.5773999691009521,1.586050033569336,1.5773999691009521,1.577589988708496
2014-12-23,1.582800030708313,1.5840200185775757,1.5743999481201172,1.5819000005722046
2014-12-24,1.578220009803772,1.5816999673843384,1.5743000507354736,1.5780600309371948
2014-12-25,1.5747699737548828,1.5788999795913696,1.5741499662399292,1.5774400234222412
2014-12-26,1.578819990158081,1.5795199871063232,1.568600058555603,1.5781999826431274
2014-12-29,1.5703799724578857,1.5720000267028809,1.563099980354309,1.5699000358581543
2014-12-30,1.561900019645691,1.5626599788665771,1.5494999885559082,1.561900019645691
2014-12-31,1.55239999294281,1.5536400079727173,1.5480999946594238,1.5525699853897095
2015-01-02,1.5499999523162842,1.5625,1.54830002784729,1.551200032234192
2015-01-05,1.5586999654769897,1.567710041999817,1.5470999479293823,1.5583000183105469
2015-01-06,1.5501999855041504,1.5524300336837769,1.530150055885315,1.550220012664795
2015-01-07,1.5321999788284302,1.5340100526809692,1.5252000093460083,1.532960057258606
2015-01-08,1.5224100351333618,1.5238399505615234,1.5061999559402466,1.5224000215530396
2015-01-09,1.5090999603271484,1.5135999917984009,1.5051000118255615,1.50996994972229
2015-01-12,1.5126700401306152,1.5250300168991089,1.506700038909912,1.5125600099563599
2015-01-13,1.5226999521255493,1.5254499912261963,1.5191999673843384,1.5228999853134155
2015-01-14,1.520740032196045,1.5329400300979614,1.5169999599456787,1.5206999778747559
2015-01-15,1.5286600589752197,1.5286600589752197,1.4859999418258667,1.5270999670028687
2015-01-16,1.4833999872207642,1.4922399520874023,1.4789999723434448,1.4834599494934082
2015-01-19,1.4831000566482544,1.4958000183105469,1.4809000492095947,1.4838000535964966
2015-01-20,1.4937000274658203,1.5080000162124634,1.4888099431991577,1.4942599534988403
2015-01-21,1.5092999935150146,1.5241999626159668,1.5061999559402466,1.5096900463104248
2015-01-22,1.5339000225067139,1.543660044670105,1.5119199752807617,1.5336999893188477
2015-01-23,1.5119500160217285,1.5163700580596924,1.4902700185775757,1.5110199451446533
2015-01-26,1.5015000104904175,1.5211800336837769,1.4997999668121338,1.5002000331878662
2015-01-27,1.5123000144958496,1.528090000152588,1.5098999738693237,1.5122499465942383
2015-01-28,1.5250999927520752,1.528499960899353,1.5132800340652466,1.5245000123977661
2015-01-29,1.5397000312805176,1.5594799518585205,1.5348999500274658,1.5399999618530273
2015-01-30,1.5571999549865723,1.5679999589920044,1.5527000427246094,1.5568300485610962
2015-02-02,1.555899977684021,1.5638799667358398,1.5498000383377075,1.5563000440597534
2015-02-03,1.552590012550354,1.5804599523544312,1.5503900051116943,1.5530200004577637
2015-02-04,1.5707999467849731,1.5707999467849731,1.5408999919891357,1.562600016593933
2015-02-05,1.5377299785614014,1.5513700246810913,1.5336999893188477,1.538100004196167
2015-02-06,1.5480999946594238,1.5496000051498413,1.53410005569458,1.548200011253357
2015-02-09,1.5390000343322754,1.5406299829483032,1.5197999477386475,1.539199948310852
2015-02-10,1.5300999879837036,1.5309100151062012,1.5227999687194824,1.5298199653625488
2015-02-11,1.5252000093460083,1.53410005569458,1.5214999914169312,1.5259499549865723
2015-02-12,1.5327999591827393,1.547659993171692,1.5327999591827393,1.5327999591827393
2015-02-13,1.5342999696731567,1.5391700267791748,1.5265400409698486,1.534019947052002
2015-02-16,1.5232000350952148,1.5245200395584106,1.5147000551223755,1.5236899852752686
2015-02-17,1.5128999948501587,1.5184799432754517,1.507200002670288,1.5140899419784546
2015-02-18,1.5118999481201172,1.5158300399780273,1.5088000297546387,1.5123000144958496
2015-02-19,1.5109000205993652,1.519610047340393,1.5073000192642212,1.5095000267028809
2015-02-20,1.511299967765808,1.511620044708252,1.4951800107955933,1.5117000341415405
2015-02-23,1.5116000175476074,1.5148999691009521,1.5023399591445923,1.5111000537872314
2015-02-24,1.504830002784729,1.5227999687194824,1.5038000345230103,1.50409996509552
2015-02-25,1.5145000219345093,1.514799952507019,1.5008000135421753,1.5146000385284424
2015-02-26,1.5005600452423096,1.5054999589920044,1.4838999509811401,1.500730037689209
2015-02-27,1.48580002784729,1.4873600006103516,1.4810999631881714,1.486299991607666
2015-03-02,1.4780999422073364,1.491760015487671,1.4776999950408936,1.4780999422073364
2015-03-03,1.4883999824523926,1.4901000261306763,1.4778000116348267,1.4886000156402588
2015-03-04,1.4789999723434448,1.4799000024795532,1.4594999551773071,1.478559970855713
2015-03-05,1.4599699974060059,1.4813499450683594,1.4579999446868896,1.4598599672317505
2015-03-06,1.472100019454956,1.476770043373108,1.4604300260543823,1.4727599620819092
2015-03-09,1.4723000526428223,1.4798200130462646,1.4707000255584717,1.472350001335144
2015-03-10,1.4764000177383423,1.4866399765014648,1.4710999727249146,1.4753999710083008
2015-03-11,1.4684799909591675,1.4754899740219116,1.4593000411987305,1.4684200286865234
2015-03-12,1.44350004196167,1.4451500177383423,1.4291199445724487,1.4431999921798706
2015-03-13,1.4344199895858765,1.4465800523757935,1.4325000047683716,1.4342999458312988
2015-03-16,1.4322600364685059,1.4349000453948975,1.4254000186920166,1.431399941444397
2015-03-17,1.432360053062439,1.4504300355911255,1.4291000366210938,1.4318000078201294
2015-03-18,1.448330044746399,1.4578299522399902,1.4402999877929688,1.4485599994659424
2015-03-19,1.4452999830245972,1.4495999813079834,1.4354000091552734,1.4459500312805176
2015-03-20,1.4356000423431396,1.4419100284576416,1.4256900548934937,1.4355800151824951
2015-03-23,1.4298100471496582,1.4339900016784668,1.4129999876022339,1.4297200441360474
2015-03-24,1.4290000200271606,1.436020016670227,1.4242000579833984,1.4293999671936035
2015-03-25,1.4299299716949463,1.4396699666976929,1.4277000427246094,1.4300299882888794
2015-03-26,1.445180058479309,1.4492900371551514,1.4371999502182007,1.4443999528884888
2015-03-27,1.4342999458312988,1.4407299757003784,1.4283000230789185,1.4335999488830566
2015-03-30,1.4417599439620972,1.4446300268173218,1.4385000467300415,1.4416999816894531
2015-03-31,1.443600058555603,1.4452600479125977,1.4306999444961548,1.4437400102615356
2015-04-01,1.440999984741211,1.451799988746643,1.4384000301361084,1.4417999982833862
2015-04-02,1.4472899436950684,1.4536099433898926,1.4400999546051025,1.4470000267028809
2015-04-03,1.44760000705719,1.4498100280761719,1.4436999559402466,1.448099970817566
2015-04-06,1.44350004196167,1.4502999782562256,1.441100001335144,1.44350004196167
2015-04-07,1.4505000114440918,1.4544700384140015,1.4375,1.4503999948501587
2015-04-08,1.4407999515533447,1.4416999816894531,1.4256600141525269,1.440999984741211
2015-04-09,1.4275000095367432,1.4293999671936035,1.4119000434875488,1.427299976348877
2015-04-10,1.4083000421524048,1.4110300540924072,1.404099941253662,1.4077999591827393
2015-04-13,1.4077999591827393,1.4234700202941895,1.406999945640564,1.4074300527572632
2015-04-14,1.4168200492858887,1.419819951057434,1.4112999439239502,1.416700005531311
2015-04-15,1.4171500205993652,1.4185999631881714,1.402999997138977,1.4172199964523315
2015-04-16,1.4056999683380127,1.4095499515533447,1.3973000049591064,1.4062999486923218
2015-04-17,1.4057999849319458,1.4079500436782837,1.3991999626159668,1.4056600332260132
2015-04-20,1.4024200439453125,1.4043200016021729,1.3942999839782715,1.4025499820709229
2015-04-21,1.4034700393676758,1.4049500226974487,1.3876999616622925,1.402999997138977
2015-04-22,1.4001200199127197,1.4006400108337402,1.3902000188827515,1.4002000093460083
2015-04-23,1.4035099744796753,1.4263499975204468,1.4026000499725342,1.4021999835968018
2015-04-24,1.426300048828125,1.4392399787902832,1.4247000217437744,1.4265400171279907
2015-04-27,1.4275000095367432,1.4286099672317505,1.4214999675750732,1.4284600019454956
2015-04-28,1.4254000186920166,1.4272199869155884,1.4174000024795532,1.4257999658584595
2015-04-29,1.4205700159072876,1.4476300477981567,1.419100046157837,1.419600009918213
2015-04-30,1.4601999521255493,1.4769400358200073,1.4555000066757202,1.4603999853134155
2015-05-01,1.4737999439239502,1.489259958267212,1.4726999998092651,1.4743000268936157
2015-05-04,1.4860999584197998,1.4902499914169312,1.4753999710083008,1.48580002784729
2015-05-05,1.4780999422073364,1.4857699871063232,1.472499966621399,1.4781999588012695
2015-05-06,1.4903000593185425,1.5114400386810303,1.4896999597549438,1.4907000064849854
2015-05-07,1.5147900581359863,1.524440050125122,1.506500005722046,1.514359951019287
2015-05-08,1.5109000205993652,1.5150799751281738,1.4996999502182007,1.5109000205993652
2015-05-11,1.5082299709320068,1.517899990081787,1.5047999620437622,1.5080000162124634
2015-05-12,1.5174000263214111,1.5313600301742554,1.513800024986267,1.5174599885940552
2015-05-13,1.511299967765808,1.5239399671554565,1.5048999786376953,1.5127899646759033
2015-05-14,1.506600022315979,1.5260299444198608,1.5022000074386597,1.5061999559402466
2015-05-15,1.5218700170516968,1.5291999578475952,1.5211000442504883,1.5210000276565552
2015-05-18,1.535249948501587,1.5403000116348267,1.5318000316619873,1.534999966621399
2015-05-19,1.5348999500274658,1.5361299514770508,1.5060299634933472,1.534600019454956
2015-05-20,1.5142300128936768,1.522029995918274,1.5082000494003296,1.514490008354187
2015-05-21,1.519700050354004,1.5282000303268433,1.5139000415802002,1.5190999507904053
2015-05-22,1.5108699798583984,1.5205999612808228,1.5037000179290771,1.5104000568389893
2015-05-25,1.5053999423980713,1.5058000087738037,1.4988000392913818,1.5046000480651855
2015-05-26,1.5005199909210205,1.50764000415802,1.4931999444961548,1.5003000497817993
2015-05-27,1.5027300119400024,1.507580041885376,1.4967999458312988,1.5023599863052368
2015-05-28,1.5049999952316284,1.5276700258255005,1.5017999410629272,1.5049400329589844
2015-05-29,1.5259000062942505,1.5468800067901611,1.5253000259399414,1.5254199504852295
2015-06-01,1.5443999767303467,1.5443999767303467,1.5307999849319458,1.5443999767303467
2015-06-02,1.5370999574661255,1.55771005153656,1.5339000225067139,1.5364999771118164
2015-06-03,1.5563900470733643,1.5776499509811401,1.5509999990463257,1.5559200048446655
2015-06-04,1.574429988861084,1.5910099744796753,1.572100043296814,1.5740200281143188
2015-06-05,1.5717999935150146,1.583050012588501,1.5687999725341797,1.572219967842102
2015-06-08,1.576200008392334,1.5840500593185425,1.572100043296814,1.5752999782562256
2015-06-09,1.5809999704360962,1.5936000347137451,1.5698000192642212,1.582069993019104
2015-06-10,1.580049991607666,1.5859099626541138,1.5648000240325928,1.5793999433517456
2015-06-11,1.6055899858474731,1.6137299537658691,1.600600004196167,1.6047500371932983
2015-06-12,1.6026999950408936,1.615339994430542,1.600000023841858,1.602370023727417
2015-06-15,1.6050000190734863,1.6133300065994263,1.601099967956543,1.6044000387191772
2015-06-16,1.610700011253357,1.6207000017166138,1.6023000478744507,1.6102999448776245
2015-06-17,1.6092000007629395,1.6283700466156006,1.6083999872207642,1.6096500158309937
2015-06-18,1.6504499912261963,1.6509000062942505,1.6354000568389893,1.6491999626159668
2015-06-19,1.642899990081787,1.6444599628448486,1.635599970817566,1.6436400413513184
2015-06-22,1.6464999914169312,1.6579999923706055,1.6404999494552612,1.6473300457000732
2015-06-23,1.6511000394821167,1.651710033416748,1.6305999755859375,1.6518100500106812
2015-06-24,1.6275999546051025,1.6338499784469604,1.6240999698638916,1.627500057220459
2015-06-25,1.6261999607086182,1.6265499591827393,1.6146999597549438,1.6261999607086182
2015-06-26,1.6261999607086182,1.6367499828338623,1.6207000017166138,1.6265499591827393
2015-06-29,1.6083500385284424,1.638100028038025,1.603600025177002,1.607800006866455
2015-06-30,1.6404999494552612,1.6572400331497192,1.6368999481201172,1.6411499977111816
2015-07-01,1.640660047531128,1.6460700035095215,1.6344000101089478,1.6408599615097046
2015-07-02,1.6440000534057617,1.6618200540542603,1.6440000534057617,1.643880009651184
2015-07-03,1.6483999490737915,1.662179946899414,1.6470999717712402,1.6481000185012817
2015-07-06,1.6441999673843384,1.656749963760376,1.6432299613952637,1.6445900201797485
2015-07-07,1.6553599834442139,1.660949945449829,1.6431000232696533,1.6554800271987915
2015-07-08,1.6517200469970703,1.659999966621399,1.6412999629974365,1.6512999534606934
2015-07-09,1.6483999490737915,1.6514999866485596,1.6359000205993652,1.6477999687194824
2015-07-10,1.638700008392334,1.6678500175476074,1.6366000175476074,1.6390899419784546
2015-07-13,1.6576999425888062,1.6607999801635742,1.645400047302246,1.6578999757766724
2015-07-14,1.6438499689102173,1.6531100273132324,1.6390999555587769,1.6434999704360962
2015-07-15,1.6423699855804443,1.6604900360107422,1.6358000040054321,1.6420999765396118
2015-07-16,1.6648999452590942,1.6799999475479126,1.66143000125885,1.6644799709320068
2015-07-17,1.6682000160217285,1.6686500310897827,1.6581799983978271,1.6684600114822388
2015-07-20,1.6622600555419922,1.6633000373840332,1.642899990081787,1.6618000268936157
2015-07-21,1.6469299793243408,1.6483999490737915,1.6360000371932983,1.6454999446868896
2015-07-22,1.6496000289916992,1.6588200330734253,1.6478999853134155,1.649899959564209
2015-07-23,1.6497999429702759,1.655900001525879,1.6390000581741333,1.6497999429702759
2015-07-24,1.659600019454956,1.6710599660873413,1.6589000225067139,1.6601999998092651
2015-07-27,1.667639970779419,1.6797800064086914,1.6649999618530273,1.6678500175476074
2015-07-28,1.6730200052261353,1.6740000247955322,1.6504000425338745,1.6727999448776245
2015-07-29,1.6481000185012817,1.657439947128296,1.6455999612808228,1.6483299732208252
2015-07-30,1.6495100259780884,1.6617799997329712,1.6482000350952148,1.6490000486373901
2015-07-31,1.655709981918335,1.6794999837875366,1.6543999910354614,1.6556999683380127
2015-08-03,1.6663000583648682,1.6682699918746948,1.6589000225067139,1.6664700508117676
2015-08-04,1.6671099662780762,1.668910026550293,1.659500002861023,1.6678199768066406
2015-08-05,1.6651699542999268,1.6679400205612183,1.6598999500274658,1.6647000312805176
2015-08-06,1.6698999404907227,1.6720600128173828,1.6640000343322754,1.6708600521087646
2015-08-07,1.6685999631881714,1.670889973640442,1.6549400091171265,1.669100046157837
2015-08-10,1.6588200330734253,1.6698800325393677,1.655400037765503,1.6585999727249146
2015-08-11,1.6647000312805176,1.6936399936676025,1.662500023841858,1.6656500101089478
2015-08-12,1.685349941253662,1.7069000005722046,1.682770013809204,1.6837999820709229
2015-08-13,1.6874200105667114,1.6980500221252441,1.6785999536514282,1.687000036239624
2015-08-14,1.7026699781417847,1.7099699974060059,1.695199966430664,1.7008999586105347
2015-08-17,1.6953999996185303,1.6993099451065063,1.6823999881744385,1.695199966430664
2015-08-18,1.6832000017166138,1.6855100393295288,1.6734399795532227,1.6838300228118896
2015-08-19,1.6735999584197998,1.6871399879455566,1.6723999977111816,1.6730999946594238
2015-08-20,1.6841000318527222,1.694200038909912,1.6816999912261963,1.6842000484466553
2015-08-21,1.6953999996185303,1.706089973449707,1.686900019645691,1.6958999633789062
2015-08-24,1.716599941253662,1.8576300144195557,1.7158000469207764,1.7152999639511108
2015-08-25,1.7914999723434448,1.7941499948501587,1.746500015258789,1.792199969291687
2015-08-26,1.78548002243042,1.7862999439239502,1.7493000030517578,1.7847800254821777
2015-08-27,1.7592999935150146,1.7640999555587769,1.7343000173568726,1.7582999467849731
2015-08-28,1.7348999977111816,1.7489999532699585,1.7276999950408936,1.7359000444412231
2015-08-31,1.7350000143051147,1.7707300186157227,1.7335000038146973,1.7353399991989136
2015-09-01,1.7662999629974365,1.7841999530792236,1.7624000310897827,1.7669999599456787
2015-09-02,1.7875399589538574,1.7875399589538574,1.7647000551223755,1.7875399589538574
2015-09-03,1.7590999603271484,1.7739399671554565,1.7340999841690063,1.7604600191116333
2015-09-04,1.7389999628067017,1.7725000381469727,1.7381000518798828,1.73989999294281
2015-09-07,1.7731499671936035,1.7874799966812134,1.7699799537658691,1.7718000411987305
2015-09-08,1.7793999910354614,1.7872200012207031,1.7610000371932983,1.7805999517440796
2015-09-09,1.758139967918396,1.7615000009536743,1.7346299886703491,1.758180022239685
2015-09-10,1.7910000085830688,1.7954299449920654,1.7661900520324707,1.7896000146865845
2015-09-11,1.7864999771118164,1.798840045928955,1.7843999862670898,1.7879999876022339
2015-09-14,1.7934000492095947,1.8001899719238281,1.781499981880188,1.7933000326156616
2015-09-15,1.7833000421524048,1.7948800325393677,1.781999945640564,1.7827999591827393
2015-09-16,1.7758500576019287,1.781540036201477,1.7647000551223755,1.774999976158142
2015-09-17,1.7769099473953247,1.790060043334961,1.7706999778747559,1.7770999670028687
2015-09-18,1.7894999980926514,1.797569990158081,1.7681000232696533,1.788930058479309
2015-09-21,1.767799973487854,1.7847000360488892,1.7669700384140015,1.7687000036239624
2015-09-22,1.766800045967102,1.7752399444580078,1.7623000144958496,1.7683500051498413
2015-09-23,1.7689800262451172,1.7872200012207031,1.7625999450683594,1.7681000232696533
2015-09-24,1.7789000272750854,1.79121994972229,1.7724000215530396,1.781599998474121
2015-09-25,1.7654000520706177,1.768630027770996,1.753600001335144,1.7655500173568726
2015-09-28,1.7559000253677368,1.7703200578689575,1.7451000213623047,1.7569600343704224
2015-09-29,1.780400037765503,1.7898000478744507,1.7541300058364868,1.7805999517440796
2015-09-30,1.7679799795150757,1.7711999416351318,1.7431999444961548,1.7710700035095215
2015-10-01,1.7482999563217163,1.7486000061035156,1.729200005531311,1.7479499578475952
2015-10-02,1.7482999563217163,1.7640000581741333,1.7386000156402588,1.749210000038147
2015-10-05,1.739300012588501,1.7416000366210938,1.7197999954223633,1.7384999990463257
2015-10-06,1.7234899997711182,1.7328300476074219,1.715999960899353,1.7229000329971313
2015-10-07,1.7218999862670898,1.7239999771118164,1.6878999471664429,1.7218999862670898
2015-10-08,1.7008999586105347,1.7122399806976318,1.694700002670288,1.7011300325393677
2015-10-09,1.6919300556182861,1.6992000341415405,1.684399962425232,1.692389965057373
2015-10-12,1.7019000053405762,1.7021000385284424,1.6857999563217163,1.7010999917984009
2015-10-13,1.6928000450134277,1.7099599838256836,1.691499948501587,1.6940300464630127
2015-10-14,1.7115999460220337,1.71356999874115,1.6839599609375,1.7115000486373901
2015-10-15,1.6849000453948975,1.685610055923462,1.6559900045394897,1.6856199502944946
2015-10-16,1.6619999408721924,1.6739200353622437,1.6614999771118164,1.6622999906539917
2015-10-19,1.6720000505447388,1.6763299703598022,1.6591999530792236,1.6713500022888184
2015-10-20,1.6642099618911743,1.6817699670791626,1.6585999727249146,1.6643500328063965
2015-10-21,1.6806999444961548,1.694599986076355,1.6797900199890137,1.6808600425720215
2015-10-22,1.6878600120544434,1.6892499923706055,1.6385999917984009,1.687399983406067
2015-10-23,1.631500005722046,1.6384700536727905,1.6162999868392944,1.6309499740600586
2015-10-26,1.632680058479309,1.6342400312423706,1.6231900453567505,1.632599949836731
2015-10-27,1.6300300359725952,1.6346100568771362,1.6223000288009644,1.63086998462677
2015-10-28,1.6284300088882446,1.6510200500488281,1.6275299787521362,1.6291699409484863
2015-10-29,1.6356899738311768,1.644029974937439,1.6311999559402466,1.6353100538253784
2015-10-30,1.63919997215271,1.6409000158309937,1.6230000257492065,1.6396100521087646
2015-11-02,1.6282600164413452,1.6363199949264526,1.624400019645691,1.6280100345611572
2015-11-03,1.6303900480270386,1.6442999839782715,1.624459981918335,1.6301000118255615
2015-11-04,1.6454099416732788,1.6559200286865234,1.63919997215271,1.6454800367355347
2015-11-05,1.6486300230026245,1.6502000093460083,1.6376700401306152,1.6477999687194824
2015-11-06,1.6468000411987305,1.649440050125122,1.634559988975525,1.6471099853515625
2015-11-09,1.6416000127792358,1.6482499837875366,1.6393200159072876,1.6425700187683105
2015-11-10,1.6456999778747559,1.6494899988174438,1.6353000402450562,1.645609974861145
2015-11-11,1.6390999555587769,1.6409599781036377,1.6330000162124634,1.6384400129318237
2015-11-12,1.6419999599456787,1.651129961013794,1.632599949836731,1.6419299840927124
2015-11-13,1.6505199670791626,1.6526000499725342,1.6441999673843384,1.6514300107955933
2015-11-16,1.637470006942749,1.657099962234497,1.637470006942749,1.6381800174713135
2015-11-17,1.6482800245285034,1.651479959487915,1.6440000534057617,1.6480000019073486
2015-11-18,1.642799973487854,1.654039978981018,1.6401000022888184,1.6429799795150757
2015-11-19,1.643530011177063,1.6439599990844727,1.6299999952316284,1.643970012664795
2015-11-20,1.6347999572753906,1.6347999572753906,1.6224000453948975,1.6350300312042236
2015-11-23,1.6261099576950073,1.6353399753570557,1.6259700059890747,1.6248199939727783
2015-11-24,1.6337800025939941,1.637529969215393,1.6267999410629272,1.6341300010681152
2015-11-25,1.6231199502944946,1.6258599758148193,1.6109000444412231,1.6226400136947632
2015-11-26,1.615470051765442,1.6174099445343018,1.6089199781417847,1.6154299974441528
2015-11-27,1.6130900382995605,1.623729944229126,1.6116000413894653,1.6129599809646606
2015-11-30,1.6213799715042114,1.6238199472427368,1.6026599407196045,1.6217800378799438
2015-12-01,1.6022000312805176,1.6024600267410278,1.5895099639892578,1.6018999814987183
2015-12-02,1.5927000045776367,1.5960700511932373,1.5877000093460083,1.5927000045776367
2015-12-03,1.597309947013855,1.6409399509429932,1.5824999809265137,1.597390055656433
2015-12-04,1.6346900463104248,1.6374000310897827,1.6116000413894653,1.6354700326919556
2015-12-07,1.616819977760315,1.6327999830245972,1.6163500547409058,1.6171000003814697
2015-12-08,1.633080005645752,1.645509958267212,1.6308399438858032,1.6320600509643555
2015-12-09,1.6405800580978394,1.6572999954223633,1.63919997215271,1.6403800249099731
2015-12-10,1.6380300521850586,1.6380499601364136,1.6164000034332275,1.6378899812698364
2015-12-11,1.6186699867248535,1.6445300579071045,1.6154999732971191,1.6191699504852295
2015-12-14,1.6349999904632568,1.638990044593811,1.6224000453948975,1.6345000267028809
2015-12-15,1.6209800243377686,1.625309944152832,1.6162699460983276,1.6209100484848022
2015-12-16,1.615779995918274,1.6228100061416626,1.614799976348877,1.6158100366592407
2015-12-17,1.607300043106079,1.6203999519348145,1.6022000312805176,1.6070799827575684
2015-12-18,1.617799997329712,1.6209299564361572,1.606909990310669,1.6177400350570679
2015-12-21,1.614359974861145,1.6169400215148926,1.6058000326156616,1.6155999898910522
2015-12-22,1.6101000308990479,1.6119999885559082,1.597190022468567,1.6099900007247925
2015-12-23,1.6085000038146973,1.6147500276565552,1.6006699800491333,1.6085000038146973
2015-12-24,1.6063899993896484,1.6100900173187256,1.601699948310852,1.6063599586486816
2015-12-25,1.6072200536727905,1.6090999841690063,1.6012300252914429,1.605080008506775
2015-12-28,1.602720022201538,1.6087700128555298,1.6019200086593628,1.6027899980545044
2015-12-29,1.6008299589157104,1.6017500162124634,1.5877000093460083,1.6009700298309326
2015-12-30,1.5916099548339844,1.5987999439239502,1.590399980545044,1.591770052909851
2015-12-31,1.5980199575424194,1.5980199575424194,1.5864700078964233,1.5976999998092651
2016-01-04,1.5889999866485596,1.6190600395202637,1.5888999700546265,1.5880600214004517
2016-01-05,1.6048500537872314,1.6103399991989136,1.5973199605941772,1.604699969291687
2016-01-06,1.6047500371932983,1.6228300333023071,1.603600025177002,1.6048500537872314
2016-01-07,1.6224000453948975,1.6489700078964233,1.617069959640503,1.6226500272750854
2016-01-08,1.6492300033569336,1.6663299798965454,1.6288000345230103,1.6489800214767456
2016-01-11,1.6782399415969849,1.6807199716567993,1.6528700590133667,1.6784700155258179
2016-01-12,1.6561299562454224,1.6708600521087646,1.6505000591278076,1.6560800075531006
2016-01-13,1.6581100225448608,1.6614899635314941,1.6409000158309937,1.6575900316238403
2016-01-14,1.678629994392395,1.70169997215271,1.6684999465942383,1.6785000562667847
2016-01-15,1.6722899675369263,1.7126200199127197,1.6722899675369263,1.6725499629974365
2016-01-18,1.6946899890899658,1.6985900402069092,1.6787199974060059,1.6947799921035767
2016-01-19,1.6883200407028198,1.6979999542236328,1.668179988861084,1.6881200075149536
2016-01-20,1.7056000232696533,1.726889967918396,1.7040899991989136,1.7043999433517456
2016-01-21,1.6809500455856323,1.7006100416183472,1.6724200248718262,1.6825000047683716
2016-01-22,1.6595900058746338,1.6732699871063232,1.652500033378601,1.659000039100647
2016-01-25,1.6686700582504272,1.676300048828125,1.655500054359436,1.6677800416946411
2016-01-26,1.6846699714660645,1.6888699531555176,1.6676299571990967,1.6848000288009644
2016-01-27,1.6680799722671509,1.6801700592041016,1.6669000387191772,1.6686099767684937
2016-01-28,1.696660041809082,1.6990100145339966,1.6754100322723389,1.6969900131225586
2016-01-29,1.6878000497817993,1.689560055732727,1.6653800010681152,1.6876800060272217
2016-02-01,1.6726499795913696,1.6833000183105469,1.6700999736785889,1.6732499599456787
2016-02-02,1.6642800569534302,1.6908999681472778,1.6627999544143677,1.6646000146865845
2016-02-03,1.6754900217056274,1.676419973373413,1.651129961013794,1.6756800413131714
2016-02-04,1.6685899496078491,1.6690599918365479,1.6591299772262573,1.6688200235366821
2016-02-05,1.6653200387954712,1.6819000244140625,1.6618000268936157,1.6648999452590942
2016-02-08,1.6811800003051758,1.689229965209961,1.6755000352859497,1.6807899475097656
2016-02-09,1.6907000541687012,1.714169979095459,1.6858500242233276,1.6905100345611572
2016-02-10,1.6990400552749634,1.710010051727295,1.6740800142288208,1.6990000009536743
2016-02-11,1.6876100301742554,1.7207399606704712,1.6783599853515625,1.6871999502182007
2016-02-12,1.6860899925231934,1.703070044517517,1.6860899925231934,1.6852099895477295
2016-02-15,1.6904900074005127,1.6947100162506104,1.6710000038146973,1.690440058708191
2016-02-16,1.6805700063705444,1.701300024986267,1.673699975013733,1.6802300214767456
2016-02-17,1.6930999755859375,1.7028000354766846,1.6781799793243408,1.6930999755859375
2016-02-18,1.6771399974822998,1.6801799535751343,1.6702899932861328,1.6767300367355347
2016-02-19,1.6723999977111816,1.6886999607086182,1.6722300052642822,1.6720499992370605
2016-02-22,1.6786999702453613,1.6791599988937378,1.6395000219345093,1.6787199974060059
2016-02-23,1.6425800323486328,1.6546000242233276,1.639299988746643,1.642680048942566
2016-02-24,1.6606899499893188,1.6680400371551514,1.6575000286102295,1.6607799530029297
2016-02-25,1.6526000499725342,1.659440040588379,1.643530011177063,1.6524300575256348
2016-02-26,1.6333800554275513,1.6404900550842285,1.6275299787521362,1.6333999633789062
2016-02-29,1.6572999954223633,1.6634800434112549,1.6469999551773071,1.657099962234497
2016-03-01,1.6486200094223022,1.6507500410079956,1.6384999752044678,1.6487499475479126
2016-03-02,1.6384199857711792,1.647089958190918,1.6318000555038452,1.6380000114440918
2016-03-03,1.6313600540161133,1.6322799921035767,1.621399998664856,1.6312700510025024
2016-03-04,1.6277600526809692,1.628290057182312,1.61257004737854,1.6279000043869019
2016-03-07,1.6196500062942505,1.6233500242233276,1.6138999462127686,1.6192699670791626
2016-03-08,1.623329997062683,1.6363799571990967,1.6223200559616089,1.6234899759292603
2016-03-09,1.6314300298690796,1.6332800388336182,1.614590048789978,1.6312299966812134
2016-03-10,1.6548000574111938,1.673490047454834,1.6237800121307373,1.6547000408172607
2016-03-11,1.6717499494552612,1.6764999628067017,1.6519500017166138,1.6719000339508057
2016-03-14,1.6563899517059326,1.661620020866394,1.6516000032424927,1.6564899682998657
2016-03-15,1.6607799530029297,1.68340003490448,1.6603000164031982,1.660830020904541
2016-03-16,1.67985999584198,1.6869900226593018,1.6735999584197998,1.6799299716949463
2016-03-17,1.6643999814987183,1.6645100116729736,1.649999976158142,1.6643799543380737
2016-03-18,1.6548000574111938,1.6612299680709839,1.6476800441741943,1.6547199487686157
2016-03-21,1.6648900508880615,1.6700799465179443,1.6571999788284302,1.6644500494003296
2016-03-22,1.6617799997329712,1.6680799722671509,1.6583800315856934,1.6609100103378296
2016-03-23,1.6620999574661255,1.6714999675750732,1.656599998474121,1.6629199981689453
2016-03-24,1.6634000539779663,1.6726000308990479,1.6632499694824219,1.663159966468811
2016-03-25,1.667080044746399,1.6699999570846558,1.6620999574661255,1.6658300161361694
2016-03-28,1.6707799434661865,1.6720399856567383,1.6609699726104736,1.6707799434661865
2016-03-29,1.6618000268936157,1.6641000509262085,1.642989993095398,1.6617499589920044
2016-03-30,1.6444900035858154,1.6505999565124512,1.626479983329773,1.6438100337982178
2016-03-31,1.6421899795532227,1.6449799537658691,1.636430025100708,1.6420300006866455
2016-04-01,1.6441999673843384,1.6644699573516846,1.641379952430725,1.644700050354004
2016-04-04,1.6520500183105469,1.6642500162124634,1.6514999866485596,1.6519099473953247
2016-04-05,1.6723999977111816,1.6797000169754028,1.669700026512146,1.6718000173568726
2016-04-06,1.6733499765396118,1.6756800413131714,1.6663800477981567,1.673699975013733
2016-04-07,1.668220043182373,1.6825400590896606,1.6646000146865845,1.6693600416183472
2016-04-08,1.6765300035476685,1.6782699823379517,1.6685199737548828,1.6771899461746216
2016-04-11,1.6726000308990479,1.6802799701690674,1.6622999906539917,1.6730999946594238
2016-04-12,1.6637099981307983,1.664739966392517,1.6460000276565552,1.6637500524520874
2016-04-13,1.6438000202178955,1.6452100276947021,1.6296900510787964,1.644219994544983
2016-04-14,1.6309000253677368,1.6488800048828125,1.6309000253677368,1.6310499906539917
2016-04-15,1.641860008239746,1.6429200172424316,1.6273000240325928,1.641819953918457
2016-04-18,1.6393699645996094,1.641160011291504,1.62663996219635,1.6411000490188599
2016-04-19,1.6195900440216064,1.6215800046920776,1.6104999780654907,1.619320034980774
2016-04-20,1.61489999294281,1.6263400316238403,1.614300012588501,1.6152100563049316
2016-04-21,1.620300054550171,1.6373300552368164,1.618280053138733,1.619879961013794
2016-04-22,1.6348799467086792,1.64096999168396,1.6294499635696411,1.6346900463104248
2016-04-25,1.6356600522994995,1.6447099447250366,1.634600043296814,1.6356300115585327
2016-04-26,1.639799952507019,1.64382004737854,1.6348799467086792,1.6394000053405762
2016-04-27,1.6391099691390991,1.6535099744796753,1.637619972229004,1.6389000415802002
2016-04-28,1.6345000267028809,1.639050006866455,1.6217900514602661,1.6355700492858887
2016-04-29,1.63100004196167,1.6413600444793701,1.6272599697113037,1.6309700012207031
2016-05-02,1.6367900371551514,1.6463500261306763,1.6342999935150146,1.6373499631881714
2016-05-03,1.638350009918213,1.6673799753189087,1.6353100538253784,1.6382700204849243
2016-05-04,1.6601799726486206,1.6713999509811401,1.657289981842041,1.6593199968338013
2016-05-05,1.6682900190353394,1.671280026435852,1.6521799564361572,1.6680799722671509
2016-05-06,1.6553200483322144,1.676419973373413,1.6543699502944946,1.6546599864959717
2016-05-09,1.6646300554275513,1.6846699714660645,1.6639200448989868,1.664620041847229
2016-05-10,1.6812599897384644,1.6927299499511719,1.6812599897384644,1.6816500425338745
2016-05-11,1.6726200580596924,1.6805100440979004,1.6671600341796875,1.672719955444336
2016-05-12,1.675920009613037,1.6768900156021118,1.6653399467468262,1.6761599779129028
2016-05-13,1.6679400205612183,1.6733200550079346,1.665060043334961,1.6682699918746948
2016-05-16,1.6734100580215454,1.6760799884796143,1.6638000011444092,1.6728299856185913
2016-05-17,1.6676000356674194,1.669659972190857,1.6559499502182007,1.667580008506775
2016-05-18,1.663290023803711,1.6700899600982666,1.6607500314712524,1.6646300554275513
2016-05-19,1.6611499786376953,1.6668299436569214,1.6584999561309814,1.660230040550232
2016-05-20,1.656849980354309,1.6606700420379639,1.653880000114441,1.657230019569397
2016-05-23,1.6581499576568604,1.6584999561309814,1.647510051727295,1.658329963684082
2016-05-24,1.6611700057983398,1.6709699630737305,1.6533499956130981,1.6604199409484863
2016-05-25,1.649899959564209,1.6538300514221191,1.6464899778366089,1.6495599746704102
2016-05-26,1.6624799966812134,1.6685199737548828,1.6558500528335571,1.6633299589157104
2016-05-27,1.6581799983978271,1.6625800132751465,1.6551599502563477,1.6574499607086182
2016-05-30,1.6593400239944458,1.6654200553894043,1.6575700044631958,1.6587200164794922
2016-05-31,1.6616899967193604,1.6619600057601929,1.6442400217056274,1.661620020866394
2016-06-01,1.6412999629974365,1.6442699432373047,1.6339099407196045,1.641450047492981
2016-06-02,1.6404600143432617,1.6506999731063843,1.6353700160980225,1.6404600143432617
2016-06-03,1.6365300416946411,1.6375399827957153,1.624500036239624,1.6354700326919556
2016-06-06,1.636620044708252,1.6417800188064575,1.6345200538635254,1.6361299753189087
2016-06-07,1.643049955368042,1.6467499732971191,1.6259299516677856,1.6432600021362305
2016-06-08,1.634369969367981,1.634369969367981,1.6222399473190308,1.633970022201538
2016-06-09,1.6003999710083008,1.6038700342178345,1.5846799612045288,1.5997999906539917
2016-06-10,1.5897599458694458,1.5965800285339355,1.586840033531189,1.5899300575256348
2016-06-13,1.5941699743270874,1.5993800163269043,1.5918300151824951,1.5942200422286987
2016-06-14,1.6034300327301025,1.6080399751663208,1.5948699712753296,1.6033600568771362
2016-06-15,1.6047600507736206,1.6092400550842285,1.5929399728775024,1.6042399406433105
2016-06-16,1.5913100242614746,1.6041300296783447,1.5878100395202637,1.5913699865341187
2016-06-17,1.5952999591827393,1.5996099710464478,1.5923999547958374,1.594190001487732
2016-06-20,1.6020499467849731,1.6028200387954712,1.590000033378601,1.6010700464248657
2016-06-21,1.5915499925613403,1.5952999591827393,1.5760799646377563,1.5914700031280518
2016-06-22,1.578629970550537,1.5787400007247925,1.5719000101089478,1.578089952468872
2016-06-23,1.5810500383377075,1.5812100172042847,1.5694500207901,1.5813900232315063
2016-06-24,1.5694700479507446,1.5857900381088257,1.5454599857330322,1.5725200176239014
2016-06-27,1.5565299987792969,1.570389986038208,1.5536600351333618,1.556570053100586
2016-06-28,1.5712100267410278,1.5733000040054321,1.5621600151062012,1.5700199604034424
2016-06-29,1.565209984779358,1.5670900344848633,1.5540000200271606,1.5649399757385254
2016-06-30,1.561560034751892,1.5696500539779663,1.5512900352478027,1.5618300437927246
2016-07-01,1.5565199851989746,1.5598399639129639,1.5471700429916382,1.556839942932129
2016-07-04,1.5513900518417358,1.5526299476623535,1.5387300252914429,1.5517100095748901
2016-07-05,1.5446699857711792,1.5553100109100342,1.5425100326538086,1.5449800491333008
2016-07-06,1.551990032196045,1.5599199533462524,1.551990032196045,1.5517499446868896
2016-07-07,1.5566400289535522,1.5566400289535522,1.5307300090789795,1.5558600425720215
2016-07-08,1.5295499563217163,1.5295499563217163,1.5115000009536743,1.530019998550415
2016-07-11,1.5132999420166016,1.5310300588607788,1.5131900310516357,1.5135799646377563
2016-07-12,1.5290600061416626,1.5303399562835693,1.5147000551223755,1.5292199850082397
2016-07-13,1.516510009765625,1.5275399684906006,1.5134999752044678,1.516800045967102
2016-07-14,1.5277899503707886,1.5491600036621094,1.5221400260925293,1.5275499820709229
2016-07-15,1.550920009613037,1.5573099851608276,1.5478999614715576,1.5507999658584595
2016-07-18,1.5627100467681885,1.5635600090026855,1.5514299869537354,1.5626200437545776
2016-07-19,1.571720004081726,1.5771199464797974,1.5614700317382812,1.5722700357437134
2016-07-20,1.5632799863815308,1.568619966506958,1.5568699836730957,1.56318998336792
2016-07-21,1.5820800065994263,1.5835800170898438,1.5731699466705322,1.581570029258728
2016-07-22,1.5745500326156616,1.579949975013733,1.569540023803711,1.5746400356292725
2016-07-25,1.5657000541687012,1.574139952659607,1.5650800466537476,1.5652600526809692
2016-07-26,1.5704699754714966,1.5728199481964111,1.5532599687576294,1.5704599618911743
2016-07-27,1.5545899868011475,1.5684800148010254,1.554069995880127,1.5546599626541138
2016-07-28,1.55840003490448,1.570430040359497,1.5550199747085571,1.5599000453948975
2016-07-29,1.5633200407028198,1.5658400058746338,1.5471199750900269,1.5630300045013428
2016-08-01,1.552970051765442,1.556820034980774,1.5457299947738647,1.5527600049972534
2016-08-02,1.5570100545883179,1.558109998703003,1.5456600189208984,1.5569599866867065
2016-08-03,1.5561000108718872,1.561560034751892,1.553320050239563,1.556249976158142
2016-08-04,1.5581599473953247,1.5586700439453125,1.5454699993133545,1.5581599473953247
2016-08-05,1.5506500005722046,1.5538100004196167,1.5434000492095947,1.5506099462509155
2016-08-08,1.5569700002670288,1.564170002937317,1.550920009613037,1.5575400590896606
2016-08-09,1.5499999523162842,1.5573500394821167,1.5463999509811401,1.5501899719238281
2016-08-10,1.5517100095748901,1.5518100261688232,1.540079951286316,1.551509976387024
2016-08-11,1.534749984741211,1.5421199798583984,1.5305999517440796,1.534350037574768
2016-08-12,1.5441900491714478,1.5511900186538696,1.5436500310897827,1.5443700551986694
2016-08-15,1.552150011062622,1.555649995803833,1.5477999448776245,1.5514999628067017
2016-08-16,1.549630045890808,1.557479977607727,1.5442999601364136,1.5495500564575195
2016-08-17,1.5485999584197998,1.5623600482940674,1.5463000535964966,1.5472999811172485
2016-08-18,1.5555100440979004,1.5579700469970703,1.5491000413894653,1.555459976196289
2016-08-19,1.558359980583191,1.564460039138794,1.5561000108718872,1.5580600500106812
2016-08-22,1.557800054550171,1.5638799667358398,1.5526000261306763,1.557860016822815
2016-08-23,1.552690029144287,1.552970051765442,1.543370008468628,1.5532000064849854
2016-08-24,1.5529299974441528,1.553879976272583,1.5363999605178833,1.5532100200653076
2016-08-25,1.5396000146865845,1.5490599870681763,1.5357999801635742,1.538789987564087
2016-08-26,1.5459100008010864,1.5459100008010864,1.532480001449585,1.5456700325012207
2016-08-29,1.55007004737854,1.5516999959945679,1.5398000478744507,1.5497100353240967
2016-08-30,1.5418100357055664,1.5455600023269653,1.5389000177383423,1.5416500568389893
2016-08-31,1.5394599437713623,1.541059970855713,1.5342999696731567,1.5386799573898315
2016-09-01,1.539989948272705,1.5399999618530273,1.5306999683380127,1.5397000312805176
2016-09-02,1.5357400178909302,1.5380500555038452,1.5268000364303589,1.535830020904541
2016-09-05,1.529979944229126,1.5300500392913818,1.5217000246047974,1.5301300287246704
2016-09-06,1.525230050086975,1.5258599519729614,1.5155999660491943,1.5258300304412842
2016-09-07,1.516409993171692,1.51951003074646,1.5020999908447266,1.516450047492981
2016-09-08,1.5086899995803833,1.5215599536895752,1.5045000314712524,1.5087499618530273
2016-09-09,1.521340012550354,1.5321799516677856,1.5199999809265137,1.5216000080108643
2016-09-12,1.5326100587844849,1.5422699451446533,1.5312000513076782,1.5322500467300415
2016-09-13,1.5275299549102783,1.5477800369262695,1.5254000425338745,1.5272899866104126
2016-09-14,1.5479999780654907,1.5491700172424316,1.5399600267410278,1.5477999448776245
2016-09-15,1.5460000038146973,1.5503400564193726,1.5382000207901,1.5455000400543213
2016-09-16,1.5360100269317627,1.5389100313186646,1.53410005569458,1.5356800556182861
2016-09-19,1.5334999561309814,1.5335999727249146,1.5238200426101685,1.5340299606323242
2016-09-20,1.5301400423049927,1.531350016593933,1.5189000368118286,1.5306099653244019
2016-09-21,1.5235600471496582,1.5285799503326416,1.5165200233459473,1.5226000547409058
2016-09-22,1.5217000246047974,1.5381100177764893,1.5189000368118286,1.5237300395965576
2016-09-23,1.5327999591827393,1.5514999628067017,1.5325000286102295,1.532829999923706
2016-09-26,1.5534700155258179,1.5550400018692017,1.5463000535964966,1.5534100532531738
2016-09-27,1.545799970626831,1.5481300354003906,1.5336999893188477,1.5455100536346436
2016-09-28,1.5380899906158447,1.5497599840164185,1.5369000434875488,1.537660002708435
2016-09-29,1.5410699844360352,1.5457700490951538,1.537500023841858,1.5398999452590942
2016-09-30,1.5482499599456787,1.550570011138916,1.5340100526809692,1.5483399629592896
2016-10-03,1.5463999509811401,1.5478299856185913,1.5399999618530273,1.5460599660873413
2016-10-04,1.5367499589920044,1.548840045928955,1.530400037765503,1.5367799997329712
2016-10-05,1.5599900484085083,1.5652999877929688,1.5565999746322632,1.5594500303268433
2016-10-06,1.562809944152832,1.5666500329971313,1.555359959602356,1.5624500513076782
2016-10-07,1.5561200380325317,1.5680099725723267,1.5535000562667847,1.5552500486373901
2016-10-10,1.560610055923462,1.565659999847412,1.5602999925613403,1.560349941253662
2016-10-11,1.5626499652862549,1.5763200521469116,1.5626499652862549,1.562559962272644
2016-10-12,1.561460018157959,1.5642999410629272,1.5562000274658203,1.561229944229126
2016-10-13,1.5624300241470337,1.5655399560928345,1.5577000379562378,1.5623500347137451
2016-10-14,1.5595999956130981,1.560230016708374,1.5477999448776245,1.5590699911117554
2016-10-17,1.5463000535964966,1.5479400157928467,1.5396100282669067,1.546910047531128
2016-10-18,1.534000039100647,1.5350300073623657,1.5226000547409058,1.5355700254440308
2016-10-19,1.522670030593872,1.5268499851226807,1.5141700506210327,1.5227700471878052
2016-10-20,1.5177600383758545,1.527999997138977,1.5106899738311768,1.5168999433517456
2016-10-21,1.5202900171279907,1.5222899913787842,1.5163999795913696,1.5199999809265137
2016-10-24,1.5205700397491455,1.5274699926376343,1.5154000520706177,1.5202100276947021
2016-10-25,1.5242600440979004,1.5255600214004517,1.5185999870300293,1.524549961090088
2016-10-26,1.5190099477767944,1.5268499851226807,1.5178799629211426,1.519070029258728
2016-10-27,1.5255500078201294,1.5347399711608887,1.521299958229065,1.5258100032806396
2016-10-28,1.5290499925613403,1.5346200466156006,1.5253000259399414,1.5291800498962402
2016-10-31,1.5331599712371826,1.5369000434875488,1.5291999578475952,1.5330599546432495
2016-11-01,1.5324000120162964,1.5406299829483032,1.527500033378601,1.5330599546432495
2016-11-02,1.5338000059127808,1.5350199937820435,1.5192999839782715,1.5343799591064453
2016-11-03,1.5231900215148926,1.5262099504470825,1.5118000507354736,1.5231900215148926
2016-11-04,1.5143300294876099,1.522189974784851,1.5134999752044678,1.5138299465179443
2016-11-07,1.5151400566101074,1.517840027809143,1.5074000358581543,1.5158400535583496
2016-11-08,1.5053900480270386,1.5081900358200073,1.4997700452804565,1.505769968032837
2016-11-09,1.4949400424957275,1.551259994506836,1.4880499839782715,1.49468994140625
2016-11-10,1.4976099729537964,1.5147299766540527,1.4949699640274048,1.4975999593734741
2016-11-11,1.509660005569458,1.524399995803833,1.5088000297546387,1.509529948234558
2016-11-14,1.5212700366973877,1.5252100229263306,1.5119999647140503,1.522189974784851
2016-11-15,1.5074000358581543,1.5193899869918823,1.5061999559402466,1.506500005722046
2016-11-16,1.5118800401687622,1.5194799900054932,1.510200023651123,1.512179970741272
2016-11-17,1.5089900493621826,1.515589952468872,1.5053000450134277,1.5085300207138062
2016-11-18,1.512279987335205,1.5132299661636353,1.5044000148773193,1.512850046157837
2016-11-21,1.511199951171875,1.5154000520706177,1.5017999410629272,1.5118999481201172
2016-11-22,1.5028200149536133,1.5063300132751465,1.499500036239624,1.5030100345611572
2016-11-23,1.5039499998092651,1.5065399408340454,1.5016000270843506,1.5039700269699097
2016-11-24,1.506160020828247,1.5118199586868286,1.5042999982833862,1.50655996799469
2016-11-25,1.5064300298690796,1.5086699724197388,1.5019999742507935,1.5061999559402466
2016-11-28,1.5052900314331055,1.5089800357818604,1.495919942855835,1.5051599740982056
2016-11-29,1.498479962348938,1.4996800422668457,1.4895000457763672,1.4986799955368042
2016-11-30,1.491860032081604,1.4961400032043457,1.4841899871826172,1.4921799898147583
2016-12-01,1.4962199926376343,1.5032399892807007,1.493399977684021,1.4964900016784668
2016-12-02,1.5021100044250488,1.5065100193023682,1.4931000471115112,1.5022900104522705
2016-12-05,1.4905200004577637,1.5136300325393677,1.483299970626831,1.490689992904663
2016-12-06,1.50586998462677,1.5124599933624268,1.5013999938964844,1.5055500268936157
2016-12-07,1.5045900344848633,1.5083099603652954,1.500599980354309,1.5045599937438965
2016-12-08,1.497480034828186,1.506659984588623,1.479740023612976,1.4980599880218506
2016-12-09,1.4785699844360352,1.482069969177246,1.47160005569458,1.4787499904632568
2016-12-12,1.4793000221252441,1.4812099933624268,1.4733999967575073,1.4799799919128418
2016-12-13,1.4780999422073364,1.480679988861084,1.4687999486923218,1.4771000146865845
2016-12-14,1.4759199619293213,1.4771699905395508,1.4710999727249146,1.4756300449371338
2016-12-15,1.4776699542999268,1.4828300476074219,1.4732999801635742,1.4768400192260742
2016-12-16,1.4769999980926514,1.5002700090408325,1.4769999980926514,1.477620005607605
2016-12-19,1.5003199577331543,1.503640055656433,1.4958000183105469,1.5005500316619873
2016-12-20,1.5013799667358398,1.5060700178146362,1.4986000061035156,1.5017399787902832
2016-12-21,1.5002199411392212,1.5099799633026123,1.496899962425232,1.500249981880188
2016-12-22,1.5097999572753906,1.5174200534820557,1.507599949836731,1.509600043296814
2016-12-23,1.5116699934005737,1.523229956626892,1.51010000705719,1.511579990386963
2016-12-26,1.5183500051498413,1.5197999477386475,1.5081499814987183,1.5181000232696533
2016-12-27,1.5185699462890625,1.5185699462890625,1.5126999616622925,1.51882004737854
2016-12-28,1.5166399478912354,1.5173100233078003,1.5032999515533447,1.5168499946594238
2016-12-29,1.5037599802017212,1.5093799829483032,1.5009000301361084,1.503909945487976
2016-12-30,1.5164400339126587,1.5221199989318848,1.5115000009536743,1.5166599750518799
2017-01-02,1.5166000127792358,1.517799973487854,1.5047600269317627,1.5159000158309937
2017-01-03,1.5090500116348267,1.5090899467468262,1.4996000528335571,1.509119987487793
2017-01-04,1.5052200555801392,1.5089499950408936,1.499899983406067,1.5042999982833862
2017-01-05,1.5059399604797363,1.5099999904632568,1.5038000345230103,1.5070199966430664
2017-01-06,1.5108699798583984,1.5133800506591797,1.5055999755859375,1.5107100009918213
2017-01-09,1.51118004322052,1.514359951019287,1.50409996509552,1.5112799406051636
2017-01-10,1.508970022201538,1.5190600156784058,1.506500005722046,1.5091899633407593
2017-01-11,1.5109100341796875,1.5142099857330322,1.4993000030517578,1.5109599828720093
2017-01-12,1.499169945716858,1.5011299848556519,1.4919500350952148,1.4993699789047241
2017-01-13,1.4927599430084229,1.5002000331878662,1.4895000457763672,1.4928699731826782
2017-01-16,1.4915800094604492,1.4970999956130981,1.4901000261306763,1.4903899431228638
2017-01-17,1.4929699897766113,1.4942500591278076,1.4852299690246582,1.4931199550628662
2017-01-18,1.4850300550460815,1.4881700277328491,1.482300043106079,1.4851100444793701
2017-01-19,1.4909199476242065,1.4926199913024902,1.4771000146865845,1.4908000230789185
2017-01-20,1.481369972229004,1.4931199550628662,1.4776999950408936,1.4809999465942383
2017-01-23,1.4901200532913208,1.4950200319290161,1.4867000579833984,1.4900100231170654
2017-01-24,1.4869099855422974,1.488860011100769,1.4782999753952026,1.4868199825286865
2017-01-25,1.479159951210022,1.4846099615097046,1.4768999814987183,1.4786800146102905
2017-01-26,1.4724600315093994,1.4829599857330322,1.4717999696731567,1.4725799560546875
2017-01-27,1.4748300313949585,1.4757599830627441,1.4700000286102295,1.4745399951934814
2017-01-30,1.473680019378662,1.478060007095337,1.4649300575256348,1.4731899499893188
2017-01-31,1.4680500030517578,1.4742000102996826,1.4657000303268433,1.4678200483322144
2017-02-01,1.481119990348816,1.4865000247955322,1.4792900085449219,1.4809199571609497
2017-02-02,1.4833400249481201,1.4833400249481201,1.4744399785995483,1.4839999675750732
2017-02-03,1.4769400358200073,1.4802800416946411,1.4711999893188477,1.4771100282669067
2017-02-06,1.4744600057601929,1.4749599695205688,1.4664000272750854,1.474310040473938
2017-02-07,1.4675999879837036,1.4686299562454224,1.4529999494552612,1.4684799909591675
2017-02-08,1.4635599851608276,1.46451997756958,1.4562000036239624,1.463070034980774
2017-02-09,1.4774999618530273,1.4857699871063232,1.476099967956543,1.477869987487793
2017-02-10,1.4822700023651123,1.4833999872207642,1.475100040435791,1.4812599420547485
2017-02-13,1.4767600297927856,1.4826300144195557,1.4726999998092651,1.475600004196167
2017-02-14,1.475790023803711,1.4800599813461304,1.4742000102996826,1.4759000539779663
2017-02-15,1.4746299982070923,1.4771900177001953,1.467650055885315,1.47475004196167
2017-02-16,1.4683200120925903,1.4773399829864502,1.4656000137329102,1.4684799909591675
2017-02-17,1.4782999753952026,1.4833699464797974,1.4767999649047852,1.4790600538253784
2017-02-20,1.4793800115585327,1.479949951171875,1.4758000373840332,1.4795199632644653
2017-02-21,1.4787499904632568,1.4801100492477417,1.4716999530792236,1.4778000116348267
2017-02-22,1.4717199802398682,1.473449945449829,1.4632999897003174,1.4713300466537476
2017-02-23,1.469130039215088,1.4704500436782837,1.4598000049591064,1.4692399501800537
2017-02-24,1.4630000591278076,1.473230004310608,1.4620000123977661,1.4630999565124512
2017-02-27,1.4676400423049927,1.471709966659546,1.465499997138977,1.4663000106811523
2017-02-28,1.4733400344848633,1.4744800329208374,1.4674999713897705,1.4730700254440308
2017-03-01,1.4733099937438965,1.4841699600219727,1.4722000360488892,1.473639965057373
2017-03-02,1.4800900220870972,1.486780047416687,1.4736000299453735,1.4805400371551514
2017-03-03,1.4881700277328491,1.5072499513626099,1.4878000020980835,1.4877599477767944
2017-03-06,1.5090399980545044,1.5134400129318237,1.5050899982452393,1.5089800357818604
2017-03-07,1.5123399496078491,1.5170899629592896,1.5089000463485718,1.5126099586486816
2017-03-08,1.5179200172424316,1.5258699655532837,1.5140999555587769,1.517680048942566
2017-03-09,1.5244899988174438,1.5348000526428223,1.5240000486373901,1.5247399806976318
2017-03-10,1.5340900421142578,1.5393600463867188,1.530900001525879,1.5329999923706055
2017-03-13,1.5440499782562256,1.545300006866455,1.5360000133514404,1.5438599586486816
2017-03-14,1.539199948310852,1.5428999662399292,1.5348600149154663,1.5395100116729736
2017-03-15,1.531690001487732,1.533460021018982,1.5260200500488281,1.5306999683380127
2017-03-16,1.5282800197601318,1.5390700101852417,1.5254100561141968,1.528090000152588
2017-03-17,1.5421899557113647,1.5427800416946411,1.5282000303268433,1.541700005531311
2017-03-20,1.5285600423812866,1.5301599502563477,1.5232800245285034,1.5284299850463867
2017-03-21,1.522779941558838,1.5339800119400024,1.522089958190918,1.5230799913406372
2017-03-22,1.5355199575424194,1.53780996799469,1.530809998512268,1.535580039024353
2017-03-23,1.5325599908828735,1.534890055656433,1.5286500453948975,1.5328600406646729
2017-03-24,1.5340499877929688,1.5413800477981567,1.5302000045776367,1.5342299938201904
2017-03-27,1.5394699573516846,1.546120047569275,1.5369999408721924,1.5396100282669067
2017-03-28,1.5413099527359009,1.548359990119934,1.5403200387954712,1.540910005569458
2017-03-29,1.543370008468628,1.5451200008392334,1.529099941253662,1.5427000522613525
2017-03-30,1.529039978981018,1.5342199802398682,1.5256999731063843,1.529539942741394
2017-03-31,1.5262000560760498,1.531559944152832,1.5259000062942505,1.5252000093460083
2017-04-03,1.5233500003814697,1.5271999835968018,1.520799994468689,1.5228999853134155
2017-04-04,1.5205399990081787,1.5293500423431396,1.5202000141143799,1.5196000337600708
2017-04-05,1.5305299758911133,1.53357994556427,1.5282000303268433,1.5309499502182007
2017-04-06,1.5299500226974487,1.5333900451660156,1.5252399444580078,1.529520034790039
2017-04-07,1.5265300273895264,1.5309300422668457,1.5227999687194824,1.526379942893982
2017-04-10,1.5246399641036987,1.5276600122451782,1.5211999416351318,1.5243500471115112
2017-04-11,1.5216699838638306,1.5315099954605103,1.5210000276565552,1.5206999778747559
2017-04-12,1.5242999792099,1.5339399576187134,1.5234999656677246,1.523900032043457
2017-04-13,1.525879979133606,1.5263500213623047,1.5149999856948853,1.5255800485610962
2017-04-14,1.5178799629211426,1.5201799869537354,1.5155999660491943,1.5174299478530884
2017-04-17,1.5123300552368164,1.5185500383377075,1.5094599723815918,1.512660026550293
2017-04-18,1.5177299976348877,1.5247100591659546,1.5154999494552612,1.518149971961975
2017-04-19,1.5218000411987305,1.5291199684143066,1.520400047302246,1.5225399732589722
2017-04-20,1.522070050239563,1.536329984664917,1.520799994468689,1.5221500396728516
2017-04-21,1.5325499773025513,1.5335500240325928,1.5232399702072144,1.53302001953125
2017-04-24,1.5441499948501587,1.5473999977111816,1.5390000343322754,1.544160008430481
2017-04-25,1.549180030822754,1.5746899843215942,1.5480999946594238,1.5490399599075317
2017-04-26,1.5721700191497803,1.5840799808502197,1.5721700191497803,1.5722700357437134
2017-04-27,1.5803500413894653,1.5901199579238892,1.5746999979019165,1.580489993095398
2017-04-28,1.5786000490188599,1.5937700271606445,1.5772000551223755,1.5783599615097046
2017-05-01,1.5862400531768799,1.589269995689392,1.5760999917984009,1.5866700410842896
2017-05-02,1.576050043106079,1.5811400413513184,1.5720000267028809,1.5757399797439575
2017-05-03,1.5703699588775635,1.5814100503921509,1.5698000192642212,1.5707000494003296
2017-05-04,1.5810600519180298,1.6002899408340454,1.579800009727478,1.5810600519180298
2017-05-05,1.5974700450897217,1.6005799770355225,1.5873700380325317,1.5970200300216675
2017-05-08,1.589709997177124,1.5920300483703613,1.5765999555587769,1.5889999866485596
2017-05-09,1.5785499811172485,1.585800051689148,1.5751099586486816,1.5785800218582153
2017-05-10,1.5776000022888184,1.5800199508666992,1.5625,1.5781199932098389
2017-05-11,1.5907700061798096,1.5939699411392212,1.5839899778366089,1.5903500318527222
2017-05-12,1.5875300168991089,1.5960099697113037,1.5849499702453613,1.5865999460220337
2017-05-15,1.5906000137329102,1.5946099758148193,1.583799958229065,1.5913100242614746
2017-05-16,1.5933599472045898,1.6107300519943237,1.5898000001907349,1.593649983406067
2017-05-17,1.6102900505065918,1.6151399612426758,1.6045000553131104,1.6099599599838257
2017-05-18,1.6072399616241455,1.6122100353240967,1.6023999452590942,1.607640027999878
2017-05-19,1.6117099523544312,1.6233999729156494,1.6104999780654907,1.6112600564956665
2017-05-22,1.615530014038086,1.6167399883270264,1.6050000190734863,1.615839958190918
2017-05-23,1.6040600538253784,1.60739004611969,1.5924299955368042,1.6044800281524658
2017-05-24,1.5947999954223633,1.599310040473938,1.5888999700546265,1.5948699712753296
2017-05-25,1.5940699577331543,1.6004899740219116,1.5896999835968018,1.593000054359436
2017-05-26,1.5970799922943115,1.5981800556182861,1.579699993133545,1.5971699953079224
2017-05-29,1.5848599672317505,1.5866600275039673,1.57669997215271,1.5848499536514282
2017-05-30,1.5783100128173828,1.5817999839782715,1.5729000568389893,1.5772000551223755
2017-05-31,1.5768100023269653,1.5852500200271606,1.569599986076355,1.575600028038025
2017-06-01,1.586400032043457,1.5925999879837036,1.5849000215530396,1.5867899656295776
2017-06-02,1.5878499746322632,1.5879900455474854,1.5770000219345093,1.587820053100586
2017-06-05,1.580090045928955,1.5835800170898438,1.5743000507354736,1.5804699659347534
2017-06-06,1.578760027885437,1.5801399946212769,1.5628000497817993,1.5787299871444702
2017-06-07,1.5699900388717651,1.5716999769210815,1.55649995803833,1.569890022277832
2017-06-08,1.5653400421142578,1.5653400421142578,1.5524400472640991,1.5655100345611572
2017-06-09,1.5542399883270264,1.554960012435913,1.5479600429534912,1.5534600019454956
2017-06-12,1.5541399717330933,1.562459945678711,1.552299976348877,1.553820013999939
2017-06-13,1.5539699792861938,1.5554100275039673,1.5472999811172485,1.5536099672317505
2017-06-14,1.5556199550628662,1.5558199882507324,1.540850043296814,1.5543999671936035
2017-06-15,1.5474599599838257,1.5560499429702759,1.5452699661254883,1.5475300550460815
2017-06-16,1.5474799871444702,1.5478999614715576,1.541290044784546,1.5465999841690063
2017-06-19,1.5416300296783447,1.544260025024414,1.53410005569458,1.542549967765808
2017-06-20,1.5424400568008423,1.5435400009155273,1.5335999727249146,1.5421899557113647
2017-06-21,1.5385899543762207,1.5443300008773804,1.5370999574661255,1.5383100509643555
2017-06-22,1.540850043296814,1.5414299964904785,1.533400058746338,1.5406399965286255
2017-06-23,1.535290002822876,1.538949966430664,1.5312999486923218,1.5352699756622314
2017-06-26,1.5374300479888916,1.5399399995803833,1.5326000452041626,1.5374599695205688
2017-06-27,1.535290002822876,1.5564700365066528,1.524899959564209,1.5342999696731567
2017-06-28,1.5599199533462524,1.5677000284194946,1.5500400066375732,1.5602200031280518
2017-06-29,1.5576499700546265,1.5672800540924072,1.5540000200271606,1.5581200122833252
2017-06-30,1.564869999885559,1.564869999885559,1.5536999702453613,1.5650700330734253
2017-07-03,1.5573099851608276,1.5623799562454224,1.555400013923645,1.556939959526062
2017-07-04,1.5603200197219849,1.565060019493103,1.5536999702453613,1.560130000114441
2017-07-05,1.5580799579620361,1.562940001487732,1.5556000471115112,1.557960033416748
2017-07-06,1.5579899549484253,1.5716700553894043,1.5551999807357788,1.5577600002288818
2017-07-07,1.5677399635314941,1.5701700448989868,1.5637999773025513,1.5684599876403809
2017-07-10,1.5664700269699097,1.5699700117111206,1.5647000074386597,1.5672199726104736
2017-07-12,1.588979959487915,1.589669942855835,1.570680022239685,1.588479995727539
2017-07-13,1.5736199617385864,1.5739500522613525,1.5458400249481201,1.5736500024795532
2017-07-14,1.556939959526062,1.5632200241088867,1.5547000169754028,1.5568699836730957
2017-07-17,1.5586999654769897,1.5669499635696411,1.5583000183105469,1.559499979019165
2017-07-18,1.5762399435043335,1.58256995677948,1.5647499561309814,1.5761300325393677
2017-07-19,1.5702199935913086,1.5720100402832031,1.5618599653244019,1.5709600448608398
2017-07-20,1.565440058708191,1.5771000385284424,1.5605599880218506,1.5653400421142578
2017-07-21,1.5707600116729736,1.5718599557876587,1.5628000497817993,1.5707600116729736
2017-07-24,1.5674400329589844,1.571679949760437,1.5628000497817993,1.5673199892044067
2017-07-25,1.564389944076538,1.5740200281143188,1.563599944114685,1.5643199682235718
2017-07-26,1.5690399408340454,1.5700500011444092,1.5630799531936646,1.5689599514007568
2017-07-27,1.558650016784668,1.5594899654388428,1.5530699491500854,1.5583699941635132
2017-07-28,1.5575599670410156,1.5697200298309326,1.555999994277954,1.5576499700546265
2017-07-31,1.5622400045394897,1.5762499570846558,1.5600999593734741,1.562000036239624
2017-08-01,1.5745199918746948,1.5828299522399902,1.5715999603271484,1.5748800039291382
2017-08-02,1.5899800062179565,1.5970900058746338,1.5875999927520752,1.590459942817688
2017-08-03,1.599329948425293,1.6025999784469604,1.5960999727249146,1.5992399454116821
2017-08-04,1.5960899591445923,1.5994600057601929,1.5851000547409058,1.5952999591827393
2017-08-07,1.5896899700164795,1.6037399768829346,1.5891000032424927,1.5896300077438354
2017-08-08,1.6033400297164917,1.608530044555664,1.5996500253677368,1.6033999919891357
2017-08-09,1.6043800115585327,1.607100009918213,1.5966700315475464,1.6047899723052979
2017-08-10,1.5993000268936157,1.6165499687194824,1.5982099771499634,1.5991100072860718
2017-08-11,1.6183799505233765,1.622380018234253,1.6109999418258667,1.6181199550628662
2017-08-14,1.6161199808120728,1.6190600395202637,1.6131000518798828,1.6163400411605835
2017-08-15,1.614009976387024,1.6213300228118896,1.6097099781036377,1.6142200231552124
2017-08-16,1.6227600574493408,1.6243400573730469,1.6093000173568726,1.6224000453948975
2017-08-17,1.6090400218963623,1.611430048942566,1.5999000072479248,1.609339952468872
2017-08-18,1.6090400218963623,1.6102700233459473,1.6015000343322754,1.607699990272522
2017-08-21,1.6080399751663208,1.612720012664795,1.604099988937378,1.6079100370407104
2017-08-22,1.6118899583816528,1.6166399717330933,1.6101000308990479,1.6120400428771973
2017-08-23,1.6152000427246094,1.637529969215393,1.6152000427246094,1.6153500080108643
2017-08-24,1.6324299573898315,1.6398600339889526,1.6311999559402466,1.6332199573516846
2017-08-25,1.6369099617004395,1.6423200368881226,1.6313999891281128,1.6369999647140503
2017-08-28,1.6471799612045288,1.6520299911499023,1.6446399688720703,1.6474000215530396
2017-08-29,1.6513099670410156,1.6634299755096436,1.6491999626159668,1.6513500213623047
2017-08-30,1.64860999584198,1.6555700302124023,1.6454299688339233,1.6483700275421143
2017-08-31,1.650439977645874,1.6638699769973755,1.6503000259399414,1.6497999429702759
2017-09-01,1.6590800285339355,1.6664600372314453,1.6541999578475952,1.6589299440383911
2017-09-04,1.6576100587844849,1.6614199876785278,1.6549999713897705,1.6576600074768066
2017-09-05,1.660830020904541,1.661460041999817,1.6404999494552612,1.660770058631897
2017-09-06,1.6425000429153442,1.657979965209961,1.6412999629974365,1.6418999433517456
2017-09-07,1.6553499698638916,1.6686300039291382,1.6516000032424927,1.6549999713897705
2017-09-08,1.659409999847412,1.6594699621200562,1.6467599868774414,1.659369945526123
2017-09-11,1.6609300374984741,1.6622999906539917,1.6470999717712402,1.6594500541687012
2017-09-12,1.6484700441360474,1.656630039215088,1.6327999830245972,1.6484999656677246
2017-09-13,1.6440500020980835,1.6482199430465698,1.6396000385284424,1.6435999870300293
2017-09-14,1.6399400234222412,1.651610016822815,1.635599970817566,1.6390000581741333
2017-09-15,1.6489499807357788,1.6507999897003174,1.6401900053024292,1.6490099430084229
2017-09-18,1.6372900009155273,1.6468199491500854,1.6277400255203247,1.6375199556350708
2017-09-19,1.6460800170898438,1.6485400199890137,1.6363099813461304,1.6458799839019775
2017-09-20,1.6398500204086304,1.6440000534057617,1.6231499910354614,1.6393699645996094
2017-09-21,1.618649959564209,1.6334400177001953,1.6172000169754028,1.6182399988174438
2017-09-22,1.6366000175476074,1.642590045928955,1.62909996509552,1.6362700462341309
2017-09-25,1.6360000371932983,1.6449799537658691,1.6284600496292114,1.6358100175857544
2017-09-26,1.6309499740600586,1.6391600370407104,1.630929946899414,1.6299899816513062
2017-09-27,1.6356099843978882,1.6383600234985352,1.62608003616333,1.636199951171875
2017-09-28,1.6279000043869019,1.6385999917984009,1.6232999563217163,1.628059983253479
2017-09-29,1.6314200162887573,1.6371500492095947,1.6303999423980713,1.6303999423980713
2017-10-02,1.6358100175857544,1.6375399827957153,1.6277899742126465,1.635390043258667
2017-10-03,1.6315100193023682,1.6444100141525269,1.628600001335144,1.6313300132751465
2017-10-04,1.640089988708496,1.6428699493408203,1.6345000267028809,1.639870047569275
2017-10-05,1.642259955406189,1.6450599431991577,1.6399999856948853,1.6425000429153442
2017-10-06,1.6465100049972534,1.6564500331878662,1.643399953842163,1.646340012550354
2017-10-09,1.6605499982833862,1.6612999439239502,1.6563999652862549,1.6605299711227417
2017-10-10,1.6614500284194946,1.6702799797058105,1.6598000526428223,1.6615500450134277
2017-10-11,1.670050024986267,1.6758300065994263,1.6648999452590942,1.6692999601364136
2017-10-12,1.6711100339889526,1.6742099523544312,1.660599946975708,1.6714199781417847
2017-10-13,1.6593400239944458,1.6625900268554688,1.644760012626648,1.6594599485397339
2017-10-16,1.6457200050354004,1.6466200351715088,1.639050006866455,1.6459599733352661
2017-10-17,1.64096999168396,1.6445599794387817,1.636199951171875,1.641409993171692
2017-10-18,1.6404999494552612,1.6516300439834595,1.6399999856948853,1.640179991722107
2017-10-19,1.647779941558838,1.6876399517059326,1.6470999717712402,1.6486200094223022
2017-10-20,1.6853400468826294,1.694849967956543,1.6845999956130981,1.6851099729537964
2017-10-23,1.6931999921798706,1.6956900358200073,1.6827000379562378,1.6930700540542603
2017-10-24,1.6828800439834595,1.7066700458526611,1.680340051651001,1.6834100484848022
2017-10-25,1.7028700113296509,1.7214399576187134,1.7007999420166016,1.7032699584960938
2017-10-26,1.715749979019165,1.7208600044250488,1.705299973487854,1.7146300077438354
2017-10-27,1.7014000415802002,1.70524001121521,1.683500051498413,1.7020100355148315
2017-10-30,1.6915099620819092,1.6993600130081177,1.6907000541687012,1.6911900043487549
2017-10-31,1.694890022277832,1.7031899690628052,1.6943999528884888,1.6929899454116821
2017-11-01,1.6881400346755981,1.690250039100647,1.6793700456619263,1.6874899864196777
2017-11-02,1.6872899532318115,1.6909199953079224,1.6801999807357788,1.687209963798523
2017-11-03,1.6858999729156494,1.6871000528335571,1.6778000593185425,1.6866400241851807
2017-11-06,1.6813199520111084,1.6887500286102295,1.676300048828125,1.6809099912643433
2017-11-07,1.6727999448776245,1.6800899505615234,1.6689000129699707,1.6729600429534912
2017-11-08,1.6783499717712402,1.6810499429702759,1.671280026435852,1.6785099506378174
2017-11-09,1.6665699481964111,1.6763800382614136,1.6629899740219116,1.6660000085830688
2017-11-10,1.6768800020217896,1.6822199821472168,1.6745100021362305,1.6769700050354004
2017-11-13,1.6836700439453125,1.6905800104141235,1.6787999868392944,1.6836999654769897
2017-11-14,1.6910899877548218,1.7106399536132812,1.6901999711990356,1.6908899545669556
2017-11-15,1.7140899896621704,1.721250057220459,1.711300015449524,1.714169979095459
2017-11-17,1.717919945716858,1.7406699657440186,1.7160999774932861,1.7170000076293945
2017-11-20,1.7248799800872803,1.7282299995422363,1.7158000469207764,1.724910020828247
2017-11-21,1.723289966583252,1.7297699451446533,1.714900016784668,1.7229900360107422
2017-11-22,1.7148200273513794,1.723449945449829,1.7135000228881836,1.7142800092697144
2017-11-23,1.719040036201477,1.720870018005371,1.7148000001907349,1.718690037727356
2017-11-24,1.7199599742889404,1.7342100143432617,1.718000054359436,1.7199100255966187
2017-11-27,1.7354799509048462,1.7393699884414673,1.721500039100647,1.7344000339508057
2017-11-28,1.7197200059890747,1.7210899591445923,1.711400032043457,1.7203799486160278
2017-11-29,1.7170499563217163,1.7213599681854248,1.7096999883651733,1.7160999774932861
2017-11-30,1.726330041885376,1.7395199537277222,1.726330041885376,1.721519947052002
2017-12-01,1.7414699792861938,1.7478899955749512,1.7216700315475464,1.7415000200271606
2017-12-04,1.7294600009918213,1.7338800430297852,1.7245999574661255,1.729889988899231
2017-12-05,1.7284799814224243,1.7308000326156616,1.71711003780365,1.7278800010681152
2017-12-06,1.7200000286102295,1.7205699682235718,1.7098000049591064,1.7209700345993042
2017-12-07,1.7130999565124512,1.726289987564087,1.7125999927520752,1.7141400575637817
2017-12-08,1.724370002746582,1.725119948387146,1.7118699550628662,1.7242100238800049
2017-12-11,1.7197599411010742,1.7201199531555176,1.7002999782562256,1.719099998474121
2017-12-12,1.7045999765396118,1.7054599523544312,1.6904000043869019,1.7043399810791016
2017-12-13,1.6922099590301514,1.6942800283432007,1.6793999671936035,1.6924200057983398
2017-12-14,1.685439944267273,1.6960200071334839,1.6841000318527222,1.6841000318527222
2017-12-15,1.6848299503326416,1.6871600151062012,1.6756000518798828,1.6845300197601318
2017-12-18,1.6782000064849854,1.6876800060272217,1.6735999584197998,1.6778700351715088
2017-12-19,1.6852999925613403,1.693429946899414,1.6797000169754028,1.683899998664856
2017-12-20,1.697909951210022,1.7060500383377075,1.6949000358581543,1.698099970817566
2017-12-21,1.692270040512085,1.699049949645996,1.6897000074386597,1.6929600238800049
2017-12-22,1.689479947090149,1.6919000148773193,1.6851999759674072,1.6904900074005127
2017-12-25,1.6898000240325928,1.690500020980835,1.685379981994629,1.6907999515533447
2017-12-26,1.6891900300979614,1.690750002861023,1.6858999729156494,1.6892399787902832
2017-12-27,1.686020016670227,1.687190055847168,1.6792000532150269,1.6860400438308716
2017-12-28,1.6833300590515137,1.6872899532318115,1.680299997329712,1.683519959449768
2017-12-29,1.6823999881744385,1.6934700012207031,1.680400013923645,1.6823999881744385
2018-01-01,1.6886999607086182,1.6931999921798706,1.6886999607086182,1.6886999607086182
2018-01-02,1.6940799951553345,1.6975799798965454,1.6865999698638916,1.6944400072097778
2018-01-03,1.6979999542236328,1.7024400234222412,1.6891000270843506,1.6988999843597412
2018-01-04,1.6943800449371338,1.6971499919891357,1.687000036239624,1.6943000555038452
2018-01-05,1.686110019683838,1.6887500286102295,1.676900029182434,1.6856000423431396
2018-01-08,1.678380012512207,1.6799499988555908,1.666599988937378,1.6787999868392944
2018-01-09,1.6683000326156616,1.6698800325393677,1.6583000421524048,1.6683100461959839
2018-01-10,1.669260025024414,1.6703799962997437,1.6581100225448608,1.66975998878479
2018-01-11,1.658810019493103,1.6666500568389893,1.6521999835968018,1.65910005569458
2018-01-12,1.6581799983978271,1.680150032043457,1.6572999954223633,1.6584099531173706
2018-01-15,1.6820800304412842,1.6853599548339844,1.6754000186920166,1.681879997253418
2018-01-16,1.6810100078582764,1.6849700212478638,1.6770999431610107,1.6811800003051758
2018-01-17,1.688480019569397,1.6935700178146362,1.676300048828125,1.6880799531936646
2018-01-18,1.6751899719238281,1.6816600561141968,1.6713000535964966,1.6751500368118286
2018-01-19,1.677150011062622,1.6842900514602661,1.6757999658584595,1.677150011062622
2018-01-22,1.6818000078201294,1.6833100318908691,1.6712000370025635,1.68149995803833
2018-01-23,1.6745400428771973,1.6756099462509155,1.6687999963760376,1.673699975013733
2018-01-24,1.6718699932098389,1.6739699840545654,1.6646000146865845,1.6718300580978394
2018-01-25,1.6883900165557861,1.7012300491333008,1.6805000305175781,1.687999963760376
2018-01-26,1.695099949836731,1.6960699558258057,1.6884000301361084,1.6951700448989868
2018-01-29,1.6871999502182007,1.6955300569534302,1.6847000122070312,1.6878700256347656
2018-01-30,1.6901700496673584,1.6969599723815918,1.68641996383667,1.6893999576568604
2018-01-31,1.6905200481414795,1.6915500164031982,1.6785999536514282,1.6906299591064453
2018-02-01,1.683609962463379,1.6949299573898315,1.6827000379562378,1.6828999519348145
2018-02-02,1.6907600164413452,1.7043999433517456,1.690500020980835,1.691100001335144
2018-02-05,1.7089200019836426,1.7095600366592407,1.6992499828338623,1.7091100215911865
2018-02-06,1.7023299932479858,1.7053500413894653,1.6889599561691284,1.7017799615859985
2018-02-07,1.688889980316162,1.6957099437713623,1.6852999925613403,1.6887600421905518
2018-02-08,1.6966999769210815,1.7090799808502197,1.6918799877166748,1.6973199844360352
2018-02-09,1.6970200538635254,1.7019399404525757,1.6857500076293945,1.6965899467468262
2018-02-12,1.690850019454956,1.6966099739074707,1.6878999471664429,1.6907800436019897
2018-02-13,1.694000005722046,1.6997300386428833,1.6861300468444824,1.6930999755859375
2018-02-14,1.6962599754333496,1.698390007019043,1.685130000114441,1.6961699724197388
2018-02-15,1.6903899908065796,1.6934499740600586,1.6847000122070312,1.6906100511550903
2018-02-16,1.6898499727249146,1.6925300359725952,1.6801999807357788,1.6891000270843506
2018-02-19,1.6796900033950806,1.6830300092697144,1.6765999794006348,1.6799099445343018
2018-02-20,1.6837199926376343,1.684980034828186,1.6746900081634521,1.6835800409317017
2018-02-21,1.6801600456237793,1.6820299625396729,1.6748000383377075,1.679919958114624
2018-02-22,1.6785600185394287,1.679819941520691,1.6741000413894653,1.6784800291061401
2018-02-23,1.683750033378601,1.6907199621200562,1.68149995803833,1.6830799579620361
2018-02-26,1.687150001525879,1.6877100467681885,1.6778000593185425,1.6879099607467651
2018-02-27,1.6891800165176392,1.6941100358963013,1.687440037727356,1.6890000104904175
2018-02-28,1.6901799440383911,1.6948599815368652,1.6866999864578247,1.6902799606323242
2018-03-01,1.6915500164031982,1.6956900358200073,1.681339979171753,1.6913299560546875
2018-03-02,1.6897399425506592,1.7034800052642822,1.6855000257492065,1.6891000270843506
2018-03-05,1.7028900384902954,1.7092399597167969,1.700569987297058,1.7031400203704834
2018-03-06,1.7074899673461914,1.7082600593566895,1.6973999738693237,1.7074999809265137
2018-03-07,1.7050700187683105,1.7079299688339233,1.7003300189971924,1.7047799825668335
2018-03-08,1.7030800580978394,1.7128700017929077,1.695199966430664,1.7033900022506714
2018-03-09,1.6952400207519531,1.696470022201538,1.6871700286865234,1.6949199438095093
2018-03-12,1.6839100122451782,1.6895500421524048,1.6816999912261963,1.684000015258789
2018-03-13,1.6899100542068481,1.690459966659546,1.6812000274658203,1.6899800300598145
2018-03-14,1.6907399892807007,1.6916600465774536,1.6842000484466553,1.6906800270080566
2018-03-15,1.6921499967575073,1.694219946861267,1.686900019645691,1.6916500329971313
2018-03-16,1.6927599906921387,1.7027900218963623,1.6920000314712524,1.6917999982833862
2018-03-19,1.699139952659607,1.708109974861145,1.698099970817566,1.6991000175476074
2018-03-20,1.703160047531128,1.7108099460601807,1.7026000022888184,1.7031899690628052
2018-03-21,1.7058299779891968,1.7161600589752197,1.7044999599456787,1.706130027770996
2018-03-22,1.7071000337600708,1.7108800411224365,1.6994500160217285,1.7075400352478027
2018-03-23,1.707800030708313,1.7092599868774414,1.6987500190734863,1.707800030708313
2018-03-26,1.705880045890808,1.7077100276947021,1.697100043296814,1.7062100172042847
2018-03-27,1.7059099674224854,1.711150050163269,1.7022000551223755,1.705780029296875
2018-03-28,1.7069900035858154,1.7105799913406372,1.70278000831604,1.7066099643707275
2018-03-29,1.7069599628448486,1.7138400077819824,1.703070044517517,1.7070499658584595
2018-03-30,1.7019100189208984,1.7040499448776245,1.6995999813079834,1.7015999555587769
2018-04-02,1.7018200159072876,1.7063100337982178,1.7014000415802002,1.702239990234375
2018-04-03,1.7063100337982178,1.7090799808502197,1.687999963760376,1.7065800428390503
2018-04-04,1.6904000043869019,1.6914900541305542,1.681190013885498,1.6903899908065796
2018-04-05,1.6787699460983276,1.6870700120925903,1.6770600080490112,1.6786400079727173
2018-04-06,1.6867200136184692,1.6907199621200562,1.6841000318527222,1.6868000030517578
2018-04-09,1.6862000226974487,1.6886999607086182,1.6797000169754028,1.6869299411773682
2018-04-10,1.686229944229126,1.6866199970245361,1.6748000383377075,1.6861499547958374
2018-04-11,1.6776800155639648,1.6827800273895264,1.6759999990463257,1.6771700382232666
2018-04-12,1.6790599822998047,1.6799700260162354,1.6689300537109375,1.6789799928665161
2018-04-13,1.6705100536346436,1.6771700382232666,1.6663999557495117,1.6708600521087646
2018-04-16,1.6779799461364746,1.68572998046875,1.6748000383377075,1.6781100034713745
2018-04-17,1.6810599565505981,1.6890900135040283,1.6792000532150269,1.6812900304794312
2018-04-18,1.685479998588562,1.6924099922180176,1.684399962425232,1.6855900287628174
2018-04-19,1.6899399757385254,1.6970700025558472,1.6871999502182007,1.6892000436782837
2018-04-20,1.7012900114059448,1.7066400051116943,1.6998000144958496,1.7005599737167358
2018-04-23,1.7038600444793701,1.7081700563430786,1.7015999555587769,1.7035200595855713
2018-04-24,1.7077300548553467,1.7190500497817993,1.7074999809265137,1.707419991493225
2018-04-25,1.7197599411010742,1.72475004196167,1.7181999683380127,1.7186000347137451
2018-04-26,1.7201600074768066,1.7256300449371338,1.7130000591278076,1.7200599908828735
2018-04-27,1.7137999534606934,1.7164100408554077,1.7101000547409058,1.71396005153656
2018-04-30,1.7122100591659546,1.716629981994629,1.7107000350952148,1.7105000019073486
2018-05-01,1.716230034828186,1.7170900106430054,1.7119799852371216,1.7165100574493408
2018-05-02,1.7124700546264648,1.7138999700546265,1.7065000534057617,1.7128900289535522
2018-05-03,1.7084800004959106,1.7097400426864624,1.7000000476837158,1.7083899974822998
2018-05-04,1.7027000188827515,1.7069200277328491,1.7001399993896484,1.7027000188827515
2018-05-07,1.7024999856948853,1.7046899795532227,1.6963000297546387,1.7028800249099731
2018-05-08,1.6989500522613525,1.7044600248336792,1.6960999965667725,1.6991699934005737
2018-05-09,1.7029800415039062,1.7042499780654907,1.6957000494003296,1.702299952507019
2018-05-10,1.708549976348877,1.717900037765503,1.7072999477386475,1.7092399597167969
2018-05-11,1.7113800048828125,1.7168400287628174,1.7066999673843384,1.710800051689148
2018-05-14,1.7150599956512451,1.7275199890136719,1.7138999700546265,1.715149998664856
2018-05-15,1.7239999771118164,1.7288999557495117,1.7208000421524048,1.724560022354126
2018-05-16,1.7223800420761108,1.7248899936676025,1.7059799432754517,1.7221100330352783
2018-05-17,1.7111799716949463,1.7157100439071655,1.7052799463272095,1.7101999521255493
2018-05-18,1.7129600048065186,1.7147300243377686,1.70169997215271,1.712689995765686
2018-05-21,1.7015000581741333,1.7046600580215454,1.6962000131607056,1.7009999752044678
2018-05-22,1.6960300207138062,1.70100998878479,1.6887999773025513,1.6949000358581543
2018-05-23,1.6973400115966797,1.7060600519180298,1.693600058555603,1.697849988937378
2018-05-24,1.6904100179672241,1.6976100206375122,1.6877000331878662,1.6898900270462036
2018-05-25,1.6912399530410767,1.693519949913025,1.6829999685287476,1.691290020942688
2018-05-28,1.6886399984359741,1.6895899772644043,1.6702799797058105,1.688099980354309
2018-05-29,1.6754300594329834,1.6783100366592407,1.665869951248169,1.6752400398254395
2018-05-30,1.6740000247955322,1.6760200262069702,1.6627000570297241,1.6743700504302979
2018-05-31,1.6693999767303467,1.6755900382995605,1.6609300374984741,1.6702500581741333
2018-06-01,1.6683900356292725,1.6766200065612793,1.6650999784469604,1.669029951095581
2018-06-04,1.6706000566482544,1.6716400384902954,1.6612000465393066,1.6714799404144287
2018-06-05,1.6634299755096436,1.6665699481964111,1.660330057144165,1.6638799905776978
2018-06-06,1.668239951133728,1.6741600036621094,1.6617499589920044,1.66798996925354
2018-06-07,1.6740200519561768,1.6820100545883179,1.6725000143051147,1.6730999946594238
2018-06-08,1.6805700063705444,1.6809899806976318,1.6713999509811401,1.680340051651001
2018-06-11,1.6748000383377075,1.678670048713684,1.6720999479293823,1.6752300262451172
2018-06-12,1.6775200366973877,1.678760051727295,1.6698999404907227,1.6777199506759644
2018-06-13,1.6759999990463257,1.6781799793243408,1.6695799827575684,1.6768499612808228
2018-06-14,1.6804399490356445,1.6820600032806396,1.657639980316162,1.6794999837875366
2018-06-15,1.6610499620437622,1.6736299991607666,1.660580039024353,1.6615099906921387
2018-06-18,1.6709400415420532,1.6748700141906738,1.6669000387191772,1.6709100008010864
2018-06-19,1.6782100200653076,1.6825300455093384,1.6699999570846558,1.6780699491500854
2018-06-20,1.6782399415969849,1.6865099668502808,1.673799991607666,1.6782399415969849
2018-06-21,1.684999942779541,1.692430019378662,1.680400013923645,1.6855599880218506
2018-06-22,1.6891200542449951,1.6899100542068481,1.6818000078201294,1.6881999969482422
2018-06-25,1.6863700151443481,1.697119951248169,1.6841000318527222,1.6861200332641602
2018-06-26,1.698349952697754,1.7017899751663208,1.6960999965667725,1.698490023612976
2018-06-27,1.700469970703125,1.711169958114624,1.700469970703125,1.7007399797439575
2018-06-28,1.7026100158691406,1.7156800031661987,1.7026100158691406,1.702589988708496
2018-06-29,1.7115999460220337,1.7254400253295898,1.711300015449524,1.7124300003051758
2018-07-02,1.7229599952697754,1.732800006866455,1.7172000408172607,1.7222000360488892
2018-07-03,1.7348599433898926,1.7375099658966064,1.7252899408340454,1.7339999675750732
2018-07-04,1.7268500328063965,1.7268500328063965,1.7179299592971802,1.7263799905776978
2018-07-05,1.7246099710464478,1.7281299829483032,1.7201999425888062,1.7245899438858032
2018-07-06,1.720329999923706,1.7228000164031982,1.715499997138977,1.7205400466918945
2018-07-09,1.7191599607467651,1.721750020980835,1.7165000438690186,1.7192399501800537
2018-07-10,1.7164000272750854,1.7211300134658813,1.7130000591278076,1.716249942779541
2018-07-11,1.7201499938964844,1.7299400568008423,1.718999981880188,1.7200000286102295
2018-07-12,1.7280999422073364,1.729740023612976,1.72160005569458,1.7283799648284912
2018-07-13,1.7221599817276,1.7285499572753906,1.719599962234497,1.7223000526428223
2018-07-16,1.7266000509262085,1.7305400371551514,1.7232999801635742,1.7261199951171875
2018-07-17,1.7258800268173218,1.72871994972229,1.7129000425338745,1.725849986076355
2018-07-18,1.7206900119781494,1.7228699922561646,1.7143000364303589,1.720870018005371
2018-07-19,1.7143100500106812,1.7276599407196045,1.7120000123977661,1.714229941368103
2018-07-20,1.7270499467849731,1.7301900386810303,1.7200000286102295,1.7270300388336182
2018-07-23,1.7209199666976929,1.7260099649429321,1.7168999910354614,1.7211799621582031
2018-07-24,1.7240999937057495,1.7247799634933472,1.7173000574111938,1.723099946975708
2018-07-25,1.7180399894714355,1.7203799486160278,1.7145999670028687,1.7167999744415283
2018-07-26,1.714769959449768,1.7199000120162964,1.712499976158142,1.7146999835968018
2018-07-27,1.7154300212860107,1.7189199924468994,1.7137999534606934,1.7155799865722656
2018-07-30,1.7151000499725342,1.7182199954986572,1.7115000486373901,1.7155300378799438
2018-07-31,1.7149900197982788,1.7224600315093994,1.7130000591278076,1.715399980545044
2018-08-01,1.7182199954986572,1.720770001411438,1.715399980545044,1.7182199954986572
2018-08-02,1.7165800333023071,1.7209199666976929,1.715499997138977,1.716670036315918
2018-08-03,1.7198699712753296,1.7224700450897217,1.715000033378601,1.7188999652862549
2018-08-06,1.714169979095459,1.7169100046157837,1.712049961090088,1.7141799926757812
2018-08-07,1.7165000438690186,1.7215100526809692,1.7148000001907349,1.7164000272750854
2018-08-08,1.7213000059127808,1.723520040512085,1.7180999517440796,1.7212400436401367
2018-08-09,1.7342699766159058,1.7475500106811523,1.7342699766159058,1.7344199419021606
2018-08-10,1.7440500259399414,1.7485899925231934,1.7258000373840332,1.7443699836730957
2018-08-13,1.7304600477218628,1.735159993171692,1.7259999513626099,1.7293000221252441
2018-08-14,1.7335599660873413,1.7342599630355835,1.7214000225067139,1.733739972114563
2018-08-15,1.7258000373840332,1.73062002658844,1.723099946975708,1.726580023765564
2018-08-16,1.7295299768447876,1.7303099632263184,1.7228000164031982,1.7292200326919556
2018-08-17,1.7270699739456177,1.7280499935150146,1.7233999967575073,1.7269500494003296
2018-08-20,1.725100040435791,1.7283300161361694,1.7222000360488892,1.7254999876022339
2018-08-21,1.729740023612976,1.7334599494934082,1.7246999740600586,1.7304699420928955
2018-08-22,1.7266900539398193,1.7326500415802002,1.7240999937057495,1.7269099950790405
2018-08-23,1.7296799421310425,1.7396700382232666,1.7275999784469604,1.7298200130462646
2018-08-24,1.7414599657058716,1.7423499822616577,1.7357200384140015,1.7408000230789185
2018-08-27,1.7377300262451172,1.7444900274276733,1.7355999946594238,1.738319993019104
2018-08-28,1.7430200576782227,1.7476099729537964,1.7410000562667847,1.7427899837493896
2018-08-29,1.7412400245666504,1.7465399503707886,1.7378000020980835,1.7415800094604492
2018-08-30,1.744570016860962,1.7594900131225586,1.7444000244140625,1.743499994277954
2018-08-31,1.7547600269317627,1.7578099966049194,1.7524800300598145,1.7544499635696411
2018-09-03,1.755270004272461,1.7600599527359009,1.7533999681472778,1.753999948501587
2018-09-04,1.757830023765564,1.7672899961471558,1.75600004196167,1.757200002670288
2018-09-05,1.768489956855774,1.7731200456619263,1.7624000310897827,1.767799973487854
2018-09-06,1.762779951095581,1.7683099508285522,1.7606300115585327,1.7634600400924683
2018-09-07,1.764299988746643,1.7709599733352661,1.7630000114440918,1.7650099992752075
2018-09-10,1.7684299945831299,1.7754299640655518,1.766800045967102,1.7684299945831299
2018-09-11,1.776900053024292,1.7824900150299072,1.7740999460220337,1.7780400514602661
2018-09-12,1.7796499729156494,1.781980037689209,1.7728999853134155,1.779960036277771
2018-09-13,1.772130012512207,1.7802400588989258,1.7706999778747559,1.7711999416351318
2018-09-14,1.778540015220642,1.7786500453948975,1.773800015449524,1.7785799503326416
2018-09-17,1.7771199941635132,1.777500033378601,1.7724000215530396,1.7770800590515137
2018-09-18,1.7777600288391113,1.7779699563980103,1.7692999839782715,1.776900053024292
2018-09-19,1.7723900079727173,1.7734800577163696,1.7628999948501587,1.7723599672317505
2018-09-20,1.7570699453353882,1.7648500204086304,1.7548999786376953,1.7573299407958984
2018-09-21,1.7622599601745605,1.7629599571228027,1.756500005722046,1.762410044670105
2018-09-24,1.7569999694824219,1.772320032119751,1.7559000253677368,1.7575000524520874
2018-09-25,1.7694200277328491,1.7721999883651733,1.7668999433517456,1.7695300579071045
2018-09-26,1.7703800201416016,1.7705399990081787,1.7590999603271484,1.7704499959945679
2018-09-27,1.7636200189590454,1.7676199674606323,1.7595000267028809,1.762969970703125
2018-09-28,1.7582199573516846,1.7634700536727905,1.7492799758911133,1.7583099603652954
2018-10-01,1.7519899606704712,1.7587100267410278,1.748420000076294,1.7519999742507935
2018-10-02,1.7525700330734253,1.7528200149536133,1.7480000257492065,1.7523000240325928
2018-10-03,1.7529799938201904,1.7629799842834473,1.7522000074386597,1.7530499696731567
2018-10-04,1.7646000385284424,1.77360999584198,1.7639000415802002,1.7649199962615967
2018-10-05,1.7768800258636475,1.78656005859375,1.774899959564209,1.777109980583191
2018-10-08,1.7898199558258057,1.7926900386810303,1.7767000198364258,1.789199948310852
2018-10-09,1.7812299728393555,1.7843799591064453,1.7764999866485596,1.7807999849319458
2018-10-10,1.7740000486373901,1.7826100587844849,1.7711999416351318,1.7730000019073486
2018-10-11,1.784600019454956,1.7873400449752808,1.7723000049591064,1.7852100133895874
2018-10-12,1.776039958000183,1.7805800437927246,1.7707600593566895,1.7758699655532837
2018-10-15,1.7770800590515137,1.7773799896240234,1.7675399780273438,1.7770299911499023
2018-10-16,1.762120008468628,1.7653599977493286,1.7560499906539917,1.7623399496078491
2018-10-17,1.7578799724578857,1.7592300176620483,1.7527999877929688,1.7582299709320068
2018-10-18,1.7572499513626099,1.7595800161361694,1.7490999698638916,1.757290005683899
2018-10-19,1.7518399953842163,1.7529699802398682,1.735200047492981,1.7519700527191162
2018-10-22,1.7454700469970703,1.7509499788284302,1.74399995803833,1.7452000379562378
2018-10-23,1.7490700483322144,1.7530499696731567,1.7457200288772583,1.7491300106048584
2018-10-24,1.7504299879074097,1.7515100240707397,1.7401000261306763,1.7504600286483765
2018-10-25,1.751520037651062,1.7518399953842163,1.7407300472259521,1.7507200241088867
2018-10-26,1.742550015449524,1.758620023727417,1.7424999475479126,1.7416000366210938
2018-10-29,1.7466299533843994,1.7480299472808838,1.7372599840164185,1.746559977531433
2018-10-30,1.7428699731826782,1.7442599534988403,1.7285000085830688,1.7425999641418457
2018-10-31,1.7298500537872314,1.7367600202560425,1.7265100479125977,1.7297799587249756
2018-11-01,1.7338999509811401,1.7343300580978394,1.7151000499725342,1.734279990196228
2018-11-02,1.7147599458694458,1.7169899940490723,1.7059799432754517,1.7144900560379028
2018-11-05,1.7136900424957275,1.716629981994629,1.7063000202178955,1.7140300273895264
2018-11-06,1.7127399444580078,1.7152400016784668,1.7066999673843384,1.712939977645874
2018-11-07,1.6977699995040894,1.6982300281524658,1.6868799924850464,1.696720004081726
2018-11-08,1.6849000453948975,1.6879199743270874,1.6812000274658203,1.6842999458312988
2018-11-09,1.6837799549102783,1.6853599548339844,1.6789000034332275,1.6839499473571777
2018-11-12,1.6825400590896606,1.6827600002288818,1.6677000522613525,1.682479977607727
2018-11-13,1.6710799932479858,1.6727900505065918,1.6635199785232544,1.6705700159072876
2018-11-14,1.6713299751281738,1.67153000831604,1.6605000495910645,1.670799970626831
2018-11-15,1.6657999753952026,1.6679699420928955,1.6553000211715698,1.6648000478744507
2018-11-16,1.6593300104141235,1.6678999662399292,1.656999945640564,1.6585999727249146
2018-11-19,1.6629400253295898,1.6765999794006348,1.659600019454956,1.6631499528884888
2018-11-20,1.6741700172424316,1.6742199659347534,1.6640000343322754,1.674430012702942
2018-11-21,1.673799991607666,1.6756700277328491,1.6634999513626099,1.674489974975586
2018-11-22,1.6676499843597412,1.678760051727295,1.6657999753952026,1.66798996925354
2018-11-23,1.674239993095398,1.6774300336837769,1.6700299978256226,1.6741000413894653
2018-11-26,1.6740100383758545,1.6743500232696533,1.6684999465942383,1.673799991607666
2018-11-27,1.6725800037384033,1.6771700382232666,1.6622999906539917,1.6724499464035034
2018-11-28,1.6617000102996826,1.6637799739837646,1.6568000316619873,1.6608999967575073
2018-11-29,1.6555800437927246,1.662179946899414,1.654099941253662,1.6547199487686157
2018-11-30,1.6592299938201904,1.6610900163650513,1.6456899642944336,1.6590399742126465
2018-12-03,1.6402000188827515,1.6454600095748901,1.6342799663543701,1.6410599946975708
2018-12-04,1.6388200521469116,1.641610026359558,1.6328999996185303,1.6388700008392334
2018-12-05,1.6342899799346924,1.6441400051116943,1.632699966430664,1.6332999467849731
2018-12-06,1.6464699506759644,1.655210018157959,1.6455999612808228,1.6461399793624878
2018-12-07,1.6519999504089355,1.6606999635696411,1.6494300365447998,1.652400016784668
2018-12-10,1.6656299829483032,1.6657500267028809,1.6513500213623047,1.6655399799346924
2018-12-11,1.6515799760818481,1.658370018005371,1.6428200006484985,1.6519900560379028
2018-12-12,1.6441800594329834,1.66225004196167,1.6416000127792358,1.6437599658966064
2018-12-13,1.6606299877166748,1.6611900329589844,1.6511199474334717,1.657960057258606
2018-12-14,1.6578500270843506,1.6725499629974365,1.6550999879837036,1.6570899486541748
2018-12-17,1.663699984550476,1.6675599813461304,1.6607999801635742,1.6638000011444092
2018-12-18,1.6627999544143677,1.6660499572753906,1.652400016784668,1.6666899919509888
2018-12-19,1.6592999696731567,1.6675100326538086,1.6563999652862549,1.6598700284957886
2018-12-20,1.6806000471115112,1.6963399648666382,1.6776000261306763,1.6801300048828125
2018-12-21,1.6897499561309814,1.6981099843978882,1.6857000589370728,1.6910200119018555
2018-12-24,1.6929099559783936,1.7001800537109375,1.686900019645691,1.69281005859375
2018-12-25,1.6923999786376953,1.6955000162124634,1.6851999759674072,1.69159996509552
2018-12-26,1.6948000192642212,1.6979000568389893,1.6898000240325928,1.6950000524520874
2018-12-27,1.6857399940490723,1.7044800519943237,1.6855000257492065,1.684999942779541
2018-12-28,1.7059500217437744,1.7108500003814697,1.704300045967102,1.7062000036239624
2018-12-31,1.704699993133545,1.7084800004959106,1.7000999450683594,1.7052600383758545
2019-01-01,1.7077000141143799,1.7203999757766724,1.7031999826431274,1.7085000276565552
2019-01-02,1.707200050354004,1.7122999429702759,1.7009799480438232,1.7072999477386475
2019-01-03,1.7057900428771973,1.7155799865722656,1.7028800249099731,1.7060099840164185
2019-01-04,1.703179955482483,1.7073700428009033,1.6911799907684326,1.7029399871826172
2019-01-07,1.6916999816894531,1.6969499588012695,1.6901999711990356,1.6919399499893188
2019-01-08,1.6991599798202515,1.7036999464035034,1.6937999725341797,1.6996599435806274
2019-01-09,1.6998399496078491,1.7004899978637695,1.6877000331878662,1.699489951133728
2019-01-10,1.7003999948501587,1.7055799961090088,1.694599986076355,1.7014700174331665
2019-01-11,1.6953999996185303,1.6967600584030151,1.6799999475479126,1.6958800554275513
2019-01-14,1.6794999837875366,1.6876699924468994,1.6783000230789185,1.6798800230026245
2019-01-15,1.680609941482544,1.681439995765686,1.6710000038146973,1.6797000169754028
2019-01-16,1.6731499433517456,1.6868000030517578,1.6685999631881714,1.6727999448776245
2019-01-17,1.6828700304031372,1.6934399604797363,1.6805000305175781,1.6825599670410156
2019-01-18,1.683750033378601,1.6880700588226318,1.6786999702453613,1.684309959411621
2019-01-21,1.6854000091552734,1.6934900283813477,1.6854000091552734,1.6860699653625488
2019-01-22,1.6895099878311157,1.6938300132751465,1.6859699487686157,1.6893999576568604
2019-01-23,1.6829299926757812,1.6830799579620361,1.6699899435043335,1.6831799745559692
2019-01-24,1.6762399673461914,1.6806700229644775,1.670300006866455,1.676110029220581
2019-01-25,1.6724499464035034,1.6756600141525269,1.6664999723434448,1.673200011253357
2019-01-28,1.6685800552368164,1.6737799644470215,1.6605000495910645,1.6685999631881714
2019-01-29,1.6725800037384033,1.6755499839782715,1.6674000024795532,1.6719000339508057
2019-01-30,1.6755900382995605,1.6760200262069702,1.6682000160217285,1.676110029220581
2019-01-31,1.6652799844741821,1.6662499904632568,1.652899980545044,1.6644999980926514
2019-02-01,1.6558400392532349,1.6612299680709839,1.6527999639511108,1.6548000574111938
2019-02-04,1.66048002243042,1.6643799543380737,1.6582000255584717,1.6604399681091309
2019-02-05,1.6624599695205688,1.6643699407577515,1.6536999940872192,1.6625800132751465
2019-02-06,1.6528899669647217,1.6643699407577515,1.6507999897003174,1.6529799699783325
2019-02-07,1.678320050239563,1.6841700077056885,1.6753300428390503,1.6787300109863281
2019-02-08,1.6808099746704102,1.6846699714660645,1.6747000217437744,1.6804300546646118
2019-02-11,1.6742000579833984,1.6780600547790527,1.6718000173568726,1.674970030784607
2019-02-12,1.674149990081787,1.6795200109481812,1.6723999977111816,1.6730999946594238
2019-02-13,1.6814099550247192,1.6828399896621704,1.6538000106811523,1.6812599897384644
2019-02-14,1.6547199487686157,1.6553399562835693,1.6473000049591064,1.654539942741394
2019-02-15,1.652809977531433,1.65693998336792,1.6404999494552612,1.653190016746521
2019-02-18,1.6450999975204468,1.652809977531433,1.6409000158309937,1.6447999477386475
2019-02-19,1.6490999460220337,1.6574000120162964,1.648800015449524,1.6496800184249878
2019-02-20,1.6486400365829468,1.6535300016403198,1.6477999687194824,1.649049997329712
2019-02-21,1.653730034828186,1.6663199663162231,1.648900032043457,1.6542500257492065
2019-02-22,1.6643799543380737,1.6754800081253052,1.6568000316619873,1.6639699935913086
2019-02-25,1.6513700485229492,1.6536200046539307,1.6460000276565552,1.6518700122833252
2019-02-26,1.6505600214004517,1.6526600122451782,1.6475000381469727,1.6504000425338745
2019-02-27,1.6510000228881836,1.664829969406128,1.648800015449524,1.6519500017166138
2019-02-28,1.6627800464630127,1.672569990158081,1.6598600149154663,1.6604700088500977
2019-03-01,1.6677299737930298,1.6714999675750732,1.663599967956543,1.6671700477600098
2019-03-04,1.666700005531311,1.6701300144195557,1.6629899740219116,1.6672099828720093
2019-03-05,1.6615300178527832,1.6688799858093262,1.6606999635696411,1.6613600254058838
2019-03-06,1.6622300148010254,1.6724499464035034,1.6617000102996826,1.6622400283813477
2019-03-07,1.670199990272522,1.6713000535964966,1.655060052871704,1.6707199811935425
2019-03-08,1.6547000408172607,1.658619999885559,1.6502399444580078,1.6545000076293945
2019-03-11,1.6508599519729614,1.6535300016403198,1.6430000066757202,1.649899959564209
2019-03-12,1.6472400426864624,1.6485799551010132,1.6397000551223755,1.6468700170516968
2019-03-13,1.6467399597167969,1.653689980506897,1.645799994468689,1.646780014038086
2019-03-14,1.652459979057312,1.6596699953079224,1.6507999897003174,1.6512999534606934
2019-03-15,1.6537799835205078,1.6549899578094482,1.649999976158142,1.6538300514221191
2019-03-18,1.6538599729537964,1.655269980430603,1.6495000123977661,1.6539499759674072
2019-03-19,1.655809998512268,1.6567000150680542,1.6505999565124512,1.656149983406067
2019-03-20,1.6565799713134766,1.6615899801254272,1.6556999683380127,1.6556999683380127
2019-03-21,1.6519900560379028,1.652609944343567,1.6457600593566895,1.6511000394821167
2019-03-22,1.6523200273513794,1.6526700258255005,1.6369500160217285,1.652809977531433
2019-03-25,1.6424100399017334,1.6457899808883667,1.6366000175476074,1.6414999961853027
2019-03-26,1.6368999481201172,1.6403499841690063,1.6305999755859375,1.636970043182373
2019-03-27,1.6316100358963013,1.6595100164413452,1.629390001296997,1.631100058555603
2019-03-28,1.6561399698257446,1.6584199666976929,1.6481000185012817,1.6550999879837036
2019-03-29,1.6555999517440796,1.656540036201477,1.6452399492263794,1.655769944190979
2019-04-01,1.6446000337600708,1.6471400260925293,1.6425000429153442,1.644610047340393
2019-04-02,1.6498099565505981,1.6598299741744995,1.6490999460220337,1.6500400304794312
2019-04-03,1.6597800254821777,1.6608099937438965,1.6521999835968018,1.6590399742126465
2019-04-04,1.6561299562454224,1.6619700193405151,1.652999997138977,1.6564300060272217
2019-04-05,1.6609300374984741,1.6692399978637695,1.658400058746338,1.6606899499893188
2019-04-08,1.6655999422073364,1.671239972114563,1.6655999422073364,1.6655999422073364
2019-04-09,1.6691999435424805,1.6728299856185913,1.6668000221252441,1.670240044593811
2019-04-10,1.668179988861084,1.671280026435852,1.6652499437332153,1.6683499813079834
2019-04-11,1.666059970855713,1.6747499704360962,1.6648000478744507,1.6659200191497803
2019-04-12,1.6745500564575195,1.6781400442123413,1.6691999435424805,1.6744500398635864
2019-04-15,1.6689000129699707,1.6750400066375732,1.6670000553131104,1.6698800325393677
2019-04-16,1.6703499555587769,1.675379991531372,1.6689000129699707,1.6694999933242798
2019-04-17,1.6819900274276733,1.684499979019165,1.6751999855041504,1.6816600561141968
2019-04-18,1.6795099973678589,1.6838699579238892,1.6765999794006348,1.6785999536514282
2019-04-19,1.6800600290298462,1.6818000078201294,1.6785999536514282,1.6792999505996704
2019-04-22,1.6820600032806396,1.6864700317382812,1.680799961090088,1.6815999746322632
2019-04-23,1.6855499744415283,1.6899900436401367,1.6830999851226807,1.6848599910736084
2019-04-24,1.6859999895095825,1.6956199407577515,1.6854000091552734,1.6866400241851807
2019-04-25,1.6914900541305542,1.6926699876785278,1.680799961090088,1.6901999711990356
2019-04-26,1.6789000034332275,1.6792199611663818,1.6713000535964966,1.6788100004196167
2019-04-29,1.6713000535964966,1.6756199598312378,1.6684999465942383,1.6714999675750732
2019-04-30,1.6757999658584595,1.6832000017166138,1.674399971961975,1.6767799854278564
2019-05-01,1.6859500408172607,1.691349983215332,1.683899998664856,1.685539960861206
2019-05-02,1.6894999742507935,1.693019986152649,1.6871999502182007,1.690000057220459
2019-05-03,1.689210057258606,1.6901500225067139,1.6812000274658203,1.6886500120162964
2019-05-06,1.6929500102996826,1.69514000415802,1.6878000497817993,1.6927299499511719
2019-05-07,1.6949599981307983,1.6978700160980225,1.690600037574768,1.6943000555038452
2019-05-08,1.6961300373077393,1.711609959602356,1.6943999528884888,1.6964199542999268
2019-05-09,1.6995999813079834,1.707550048828125,1.699120044708252,1.7005599737167358
2019-05-10,1.7026699781417847,1.7044199705123901,1.6982899904251099,1.7030500173568726
2019-05-13,1.7048699855804443,1.7099800109863281,1.7038999795913696,1.70455002784729
2019-05-14,1.7084399461746216,1.7089500427246094,1.7024999856948853,1.708359956741333
2019-05-15,1.7047899961471558,1.7099100351333618,1.7038999795913696,1.7049399614334106
2019-05-16,1.7075899839401245,1.7121000289916992,1.7024999856948853,1.7075999975204468
2019-05-17,1.7093700170516968,1.712839961051941,1.7066999673843384,1.7096400260925293
2019-05-20,1.7102899551391602,1.7102899551391602,1.7039999961853027,1.7102500200271606
2019-05-21,1.7078299522399902,1.7174099683761597,1.7059999704360962,1.7076599597930908
2019-05-22,1.7156699895858765,1.7190300226211548,1.7142000198364258,1.715809941291809
2019-05-23,1.7169400453567505,1.7194600105285645,1.7110999822616577,1.7172499895095825
2019-05-24,1.7146999835968018,1.7162599563598633,1.7074999809265137,1.7138999700546265
2019-05-27,1.709589958190918,1.711050033569336,1.707800030708313,1.7085000276565552
2019-05-28,1.7094600200653076,1.7094600200653076,1.704300045967102,1.7097699642181396
2019-05-29,1.7058900594711304,1.712689995765686,1.7039999961853027,1.7062000036239624
2019-05-30,1.7092900276184082,1.7129000425338745,1.7049000263214111,1.7096199989318848
2019-05-31,1.7106300592422485,1.7149800062179565,1.7067999839782715,1.7106200456619263
2019-06-03,1.709779977798462,1.7102199792861938,1.7019000053405762,1.7099699974060059
2019-06-04,1.705399990081787,1.7095199823379517,1.7013499736785889,1.7049000263214111
2019-06-05,1.701799988746643,1.7026300430297852,1.6933900117874146,1.7025400400161743
2019-06-06,1.6936999559402466,1.7028000354766846,1.6921000480651855,1.6941800117492676
2019-06-07,1.70346999168396,1.7039999961853027,1.6969000101089478,1.7035499811172485
2019-06-10,1.69992995262146,1.7101600170135498,1.6988999843597412,1.6993999481201172
2019-06-11,1.7118200063705444,1.7214699983596802,1.7108999490737915,1.7117300033569336
2019-06-12,1.72052001953125,1.7255200147628784,1.7166999578475952,1.7206000089645386
2019-06-13,1.716920018196106,1.7208000421524048,1.7137999534606934,1.7171599864959717
2019-06-14,1.719730019569397,1.7269999980926514,1.7188999652862549,1.7198200225830078
2019-06-17,1.7258800268173218,1.7286499738693237,1.7208000421524048,1.7252000570297241
2019-06-18,1.7266000509262085,1.7305999994277954,1.7132999897003174,1.7273800373077393
2019-06-19,1.71288001537323,1.7200299501419067,1.7120000123977661,1.7137000560760498
2019-06-20,1.7139500379562378,1.7176300287246704,1.7106000185012817,1.7131999731063843
2019-06-21,1.715559959411621,1.7267999649047852,1.7108999490737915,1.7154300212860107
2019-06-24,1.7249799966812134,1.7264900207519531,1.718999981880188,1.7254899740219116
2019-06-25,1.7204999923706055,1.7204999923706055,1.7095999717712402,1.7209099531173706
2019-06-26,1.7133699655532837,1.7137199640274048,1.6985000371932983,1.7129000425338745
2019-06-27,1.7025799751281738,1.7025799751281738,1.695099949836731,1.7026300430297852
2019-06-28,1.6964600086212158,1.6988600492477417,1.6931999921798706,1.6968599557876587
2019-07-01,1.6900299787521362,1.6956299543380737,1.687999963760376,1.6891000270843506
2019-07-02,1.6916699409484863,1.698240041732788,1.6877000331878662,1.6916300058364868
2019-07-03,1.690559983253479,1.6918400526046753,1.6796000003814697,1.6897000074386597
2019-07-04,1.6826800107955933,1.689560055732727,1.679800033569336,1.681399941444397
2019-07-05,1.6860699653625488,1.6974600553512573,1.6847000122070312,1.6863800287246704
2019-07-08,1.6931500434875488,1.6935900449752808,1.687399983406067,1.6930400133132935
2019-07-09,1.692039966583252,1.697119951248169,1.6902999877929688,1.691499948501587
2019-07-10,1.6964000463485718,1.700850009918213,1.691409945487976,1.6965999603271484
2019-07-11,1.69350004196167,1.6941800117492676,1.6848000288009644,1.6940799951553345
2019-07-12,1.6888400316238403,1.6888400316238403,1.6832000017166138,1.688230037689209
2019-07-15,1.683519959449768,1.6835299730300903,1.6740000247955322,1.6835399866104126
2019-07-16,1.6740000247955322,1.6743700504302979,1.6678999662399292,1.674649953842163
2019-07-17,1.6727999448776245,1.6727999448776245,1.6650999784469604,1.673050045967102
2019-07-18,1.6676700115203857,1.669160008430481,1.6606999635696411,1.6663999557495117
2019-07-19,1.6613500118255615,1.6622300148010254,1.655400037765503,1.6615500450134277
2019-07-22,1.6591099500656128,1.6591099500656128,1.6521999835968018,1.658400058746338
2019-07-23,1.662179946899414,1.664199948310852,1.6589000225067139,1.662909984588623
2019-07-24,1.6645300388336182,1.665470004081726,1.6586999893188477,1.6644200086593628
2019-07-25,1.6619000434875488,1.6749099493026733,1.6578199863433838,1.6625200510025024
2019-07-26,1.673509955406189,1.6782399415969849,1.6723999977111816,1.6726000308990479
2019-07-29,1.6767799854278564,1.68218994140625,1.6758999824523926,1.6761000156402588
2019-07-30,1.679900050163269,1.6877100467681885,1.6785999536514282,1.6803499460220337
2019-07-31,1.6863700151443481,1.692620038986206,1.6848000288009644,1.686079978942871
2019-08-01,1.6897200345993042,1.6906499862670898,1.6799999475479126,1.6886999607086182
2019-08-02,1.6903599500656128,1.703320026397705,1.6897000074386597,1.6902999877929688
2019-08-05,1.703089952468872,1.7147799730300903,1.7022000551223755,1.703179955482483
2019-08-06,1.7142900228500366,1.717519998550415,1.7062000036239624,1.7132999897003174
2019-08-07,1.715399980545044,1.757040023803711,1.7101999521255493,1.715019941329956
2019-08-08,1.7369600534439087,1.7406400442123413,1.7264000177383423,1.7366000413894653
2019-08-09,1.724810004234314,1.7317700386047363,1.7206000089645386,1.7247799634933472
2019-08-12,1.7341099977493286,1.7389999628067017,1.7285000085830688,1.7341599464416504
2019-08-13,1.7392699718475342,1.746999979019165,1.7276999950408936,1.738700032234192
2019-08-14,1.729509949684143,1.7403199672698975,1.7259999513626099,1.7293599843978882
2019-08-15,1.730139970779419,1.7342599630355835,1.7208000421524048,1.7305899858474731
2019-08-16,1.7267099618911743,1.727810025215149,1.7192000150680542,1.7265900373458862
2019-08-19,1.725100040435791,1.732159972190857,1.7243000268936157,1.725849986076355
2019-08-20,1.7300399541854858,1.7311099767684937,1.723099946975708,1.730299949645996
2019-08-21,1.7312999963760376,1.7343300580978394,1.7275999784469604,1.730929970741272
2019-08-22,1.7316099405288696,1.7410099506378174,1.7297999858856201,1.7313799858093262
2019-08-23,1.7346500158309937,1.7433600425720215,1.7304999828338623,1.7349200248718262
2019-08-26,1.7509000301361084,1.7509000301361084,1.7351000308990479,1.7511099576950073
2019-08-27,1.7383099794387817,1.7465200424194336,1.7375999689102173,1.7379499673843384
2019-08-28,1.742419958114624,1.7520500421524048,1.7408000230789185,1.7417000532150269
2019-08-29,1.7493599653244019,1.7570500373840332,1.7437000274658203,1.7482000589370728
2019-08-30,1.7506999969482422,1.7562099695205688,1.742900013923645,1.7496999502182007
2019-09-02,1.743399977684021,1.7464599609375,1.7344000339508057,1.7443499565124512
2019-09-03,1.7389500141143799,1.7433500289916992,1.732300043106079,1.7383999824523926
2019-09-04,1.7309600114822388,1.736199975013733,1.7275999784469604,1.7309600114822388
2019-09-05,1.7358100414276123,1.736449956893921,1.7273000478744507,1.736009955406189
2019-09-06,1.731369972229004,1.7314599752426147,1.7130000591278076,1.7305999994277954
2019-09-09,1.7145299911499023,1.7199900150299072,1.711400032043457,1.7145999670028687
2019-09-10,1.7181199789047241,1.7221499681472778,1.7137999534606934,1.7187199592590332
2019-09-11,1.7222299575805664,1.7235100269317627,1.711899995803833,1.7223700284957886
2019-09-12,1.715109944343567,1.726539969444275,1.6996999979019165,1.7152099609375
2019-09-13,1.72707998752594,1.7383899688720703,1.725600004196167,1.726930022239685
2019-09-16,1.7357300519943237,1.7381900548934937,1.7288000583648682,1.7355999946594238
2019-09-17,1.7347999811172485,1.7435400485992432,1.7338999509811401,1.7347300052642822
2019-09-18,1.7400000095367432,1.7474700212478638,1.7400000095367432,1.7406500577926636
2019-09-19,1.7457599639892578,1.754889965057373,1.7444000244140625,1.7447600364685059
2019-09-20,1.7548799514770508,1.7611199617385864,1.7529000043869019,1.7543400526046753
2019-09-23,1.7580900192260742,1.7585200071334839,1.7467999458312988,1.758080005645752
2019-09-24,1.7458800077438354,1.7474100589752197,1.7379000186920166,1.7453999519348145
2019-09-25,1.743340015411377,1.7483899593353271,1.7323999404907227,1.742300033569336
2019-09-26,1.7456599473953247,1.7460399866104126,1.7295000553131104,1.7457499504089355
2019-09-27,1.7342499494552612,1.739959955215454,1.732100009918213,1.7341300249099731
2019-09-30,1.7415599822998047,1.7501699924468994,1.736299991607666,1.7405799627304077
2019-10-01,1.7395999431610107,1.754870057106018,1.738800048828125,1.73989999294281
2019-10-02,1.7507799863815308,1.7543100118637085,1.746399998664856,1.7511099576950073
2019-10-03,1.748710036277771,1.7505799531936646,1.73989999294281,1.7489900588989258
2019-10-04,1.7409700155258179,1.7411600351333618,1.732100009918213,1.7410399913787842
2019-10-07,1.7378000020980835,1.747480034828186,1.7365000247955322,1.7387100458145142
2019-10-08,1.7437399625778198,1.7440500259399414,1.73580002784729,1.7437599897384644
2019-10-09,1.7397700548171997,1.7431399822235107,1.7347999811172485,1.7399400472640991
2019-10-10,1.746999979019165,1.747480034828186,1.7381000518798828,1.7471200227737427
2019-10-11,1.73989999294281,1.7441699504852295,1.73580002784729,1.740339994430542
2019-10-14,1.7418999671936035,1.7555299997329712,1.7412999868392944,1.7417000532150269
2019-10-15,1.7491099834442139,1.7581599950790405,1.746000051498413,1.7486200332641602
2019-10-16,1.7527899742126465,1.769700050354004,1.7522000074386597,1.7526799440383911
2019-10-17,1.7615300416946411,1.7625000476837158,1.7509000301361084,1.7603000402450562
2019-10-18,1.7497999668121338,1.7508000135421753,1.7445000410079956,1.75
2019-10-21,1.7472200393676758,1.7473299503326416,1.7391999959945679,1.7470500469207764
2019-10-22,1.7389099597930908,1.7389099597930908,1.731600046157837,1.7389099597930908
2019-10-23,1.7354899644851685,1.7409499883651733,1.7311999797821045,1.7355899810791016
2019-10-24,1.7335100173950195,1.7428699731826782,1.7331000566482544,1.7329000234603882
2019-10-25,1.7406100034713745,1.7488399744033813,1.7388999462127686,1.7403000593185425
2019-10-28,1.7424999475479126,1.751099944114685,1.742400050163269,1.742400050163269
2019-10-29,1.7468700408935547,1.7502599954605103,1.740399956703186,1.7469600439071655
2019-10-30,1.7490299940109253,1.7514400482177734,1.743499994277954,1.7493300437927246
2019-10-31,1.7384599447250366,1.7461700439453125,1.7331000566482544,1.739300012588501
2019-11-01,1.7388900518417358,1.7400599718093872,1.7293000221252441,1.7390999794006348
2019-11-04,1.7342000007629395,1.7378000020980835,1.7273000478744507,1.7351399660110474
2019-11-05,1.7383699417114258,1.7395600080490112,1.7295000553131104,1.7379399538040161
2019-11-06,1.7375400066375732,1.7409299612045288,1.7344000339508057,1.7373900413513184
2019-11-07,1.7390600442886353,1.7423299551010132,1.7346400022506714,1.7387700080871582
2019-11-08,1.733620047569275,1.7432500123977661,1.7304999828338623,1.7337000370025635
2019-11-11,1.740090012550354,1.7401100397109985,1.7310999631881714,1.7404600381851196
2019-11-12,1.7340500354766846,1.743190050125122,1.731600046157837,1.733680009841919
2019-11-13,1.737529993057251,1.7389299869537354,1.7166399955749512,1.7379900217056274
2019-11-14,1.7160500288009644,1.7291200160980225,1.7145999670028687,1.715399980545044
2019-11-15,1.726099967956543,1.7293299436569214,1.7231999635696411,1.7268199920654297
2019-11-18,1.7267500162124634,1.7321799993515015,1.7253999710083008,1.7266700267791748
2019-11-19,1.7307900190353394,1.7345099449157715,1.7229000329971313,1.7304199934005737
2019-11-20,1.7220499515533447,1.7267199754714966,1.7203999757766724,1.7224199771881104
2019-11-21,1.7273000478744507,1.7311400175094604,1.7209999561309814,1.7273999452590942
2019-11-22,1.7276599407196045,1.7285000085830688,1.7201999425888062,1.726699948310852
2019-11-25,1.7187000513076782,1.7209099531173706,1.7142000198364258,1.7196400165557861
2019-11-26,1.716689944267273,1.7184799909591675,1.7136000394821167,1.7164599895477295
2019-11-27,1.7148699760437012,1.7148699760437012,1.7103999853134155,1.7149100303649902
2019-11-28,1.7131400108337402,1.716879963874817,1.7107000350952148,1.7151000499725342
2019-11-29,1.714400053024292,1.7188199758529663,1.707800030708313,1.715109944343567
2019-12-02,1.7126100063323975,1.7126100063323975,1.6991000175476074,1.7130199670791626
2019-12-03,1.7044700384140015,1.7044700384140015,1.6956000328063965,1.7041499614715576
2019-12-04,1.6992900371551514,1.7040599584579468,1.695099949836731,1.7000499963760376
2019-12-05,1.692370057106018,1.7012200355529785,1.6887999773025513,1.692039966583252
2019-12-06,1.6966500282287598,1.697160005569458,1.682800054550171,1.6969599723815918
2019-12-09,1.6858400106430054,1.690310001373291,1.6845999956130981,1.6858899593353271
2019-12-10,1.68913996219635,1.6960300207138062,1.6842000484466553,1.6895699501037598
2019-12-11,1.6936500072479248,1.7002099752426147,1.6864999532699585,1.6948399543762207
2019-12-12,1.6914399862289429,1.6929800510406494,1.6853899955749512,1.6915299892425537
2019-12-13,1.6893600225448608,1.693969964981079,1.6836600303649902,1.689650058746338
2019-12-16,1.6871399879455566,1.690250039100647,1.684000015258789,1.6872600317001343
2019-12-17,1.6879700422286987,1.6993499994277954,1.6858999729156494,1.6888500452041626
2019-12-18,1.6974999904632568,1.6986000537872314,1.6878000497817993,1.6973799467086792
2019-12-19,1.68818998336792,1.6924699544906616,1.6836999654769897,1.6881099939346313
2019-12-20,1.68149995803833,1.6862800121307373,1.6751999855041504,1.6816999912261963
2019-12-23,1.6768100261688232,1.6784800291061401,1.670799970626831,1.6770000457763672
2019-12-24,1.6711000204086304,1.6745599508285522,1.6675000190734863,1.6719000339508057
2019-12-25,1.6694999933242798,1.673200011253357,1.666450023651123,1.6693999767303467
2019-12-26,1.6696900129318237,1.669800043106079,1.6639000177383423,1.6698499917984009
2019-12-27,1.6628299951553345,1.669160008430481,1.6613999605178833,1.663540005683899
2019-12-30,1.6672600507736206,1.669319987297058,1.6616699695587158,1.6672600507736206
2019-12-31,1.662969946861267,1.6683000326156616,1.6614999771118164,1.6636600494384766
2020-01-01,1.666200041770935,1.667099952697754,1.6598000526428223,1.666100025177002
2020-01-02,1.665220022201538,1.6734399795532227,1.664199948310852,1.6651599407196045
2020-01-03,1.6675200462341309,1.6754499673843384,1.6670000553131104,1.6671600341796875
2020-01-06,1.6762800216674805,1.681339979171753,1.6741000413894653,1.6770199537277222
2020-01-07,1.6786099672317505,1.6835099458694458,1.6748000383377075,1.6785500049591064
2020-01-08,1.6821999549865723,1.6864900588989258,1.670390009880066,1.6821000576019287
2020-01-09,1.6698999404907227,1.6817200183868408,1.6683000326156616,1.6699399948120117
2020-01-10,1.681249976158142,1.6821500062942505,1.673200011253357,1.6812100410461426
2020-01-13,1.675130009651184,1.6806999444961548,1.6719000339508057,1.674649953842163
2020-01-14,1.6803499460220337,1.6834800243377686,1.6785999536514282,1.680299997329712
2020-01-15,1.6844600439071655,1.6914700269699097,1.6811000108718872,1.6836800575256348
2020-01-16,1.6848900318145752,1.6848900318145752,1.6741000413894653,1.6848000288009644
2020-01-17,1.6777000427246094,1.6792199611663818,1.6740000247955322,1.677690029144287
2020-01-20,1.6758500337600708,1.6804200410842896,1.6744999885559082,1.6757899522781372
2020-01-21,1.679129958152771,1.6827800273895264,1.676800012588501,1.6790399551391602
2020-01-22,1.6807399988174438,1.683210015296936,1.6765999794006348,1.6800999641418457
2020-01-23,1.6815999746322632,1.6836299896240234,1.6740000247955322,1.6823400259017944
2020-01-24,1.6703300476074219,1.6717100143432617,1.6655999422073364,1.6712000370025635
2020-01-27,1.6768399477005005,1.682289958000183,1.6734999418258667,1.677240014076233
2020-01-28,1.6836800575256348,1.6898900270462036,1.6816999912261963,1.6835600137710571
2020-01-29,1.6854300498962402,1.6890000104904175,1.6825000047683716,1.6854100227355957
2020-01-30,1.686400055885315,1.7011200189590454,1.6861000061035156,1.6874699592590332
2020-01-31,1.7006800174713135,1.7146400213241577,1.698199987411499,1.7003799676895142
2020-02-03,1.716860055923462,1.7171499729156494,1.7057700157165527,1.7167099714279175
2020-02-04,1.7125200033187866,1.7145899534225464,1.7030999660491943,1.7121200561523438
2020-02-05,1.7011300325393677,1.7044299840927124,1.695199966430664,1.701200008392334
2020-02-06,1.6972099542617798,1.7034900188446045,1.6957999467849731,1.6971399784088135
2020-02-07,1.6998399496078491,1.710669994354248,1.6985000371932983,1.698799967765808
2020-02-10,1.7113699913024902,1.7121299505233765,1.7063900232315063,1.7108099460601807
2020-02-11,1.708009958267212,1.7102700471878052,1.70114004611969,1.707919955253601
2020-02-12,1.7036000490188599,1.7043800354003906,1.6813000440597534,1.7035000324249268
2020-02-13,1.6865500211715698,1.6875499486923218,1.6783499717712402,1.6869900226593018
2020-02-14,1.682669997215271,1.687190055847168,1.6815999746322632,1.6825000047683716
2020-02-17,1.6817799806594849,1.687190055847168,1.6816999912261963,1.6815099716186523
2020-02-18,1.6826000213623047,1.694200038909912,1.6823999881744385,1.6821000576019287
2020-02-19,1.687940001487732,1.692430019378662,1.6852999925613403,1.6880799531936646
2020-02-20,1.692080020904541,1.7064399719238281,1.6893999576568604,1.6919499635696411
2020-02-21,1.7033799886703491,1.7142200469970703,1.7003999948501587,1.703629970550537
2020-02-24,1.714229941368103,1.7162100076675415,1.7086999416351318,1.7138099670410156
2020-02-25,1.7100800275802612,1.718850016593933,1.7079999446868896,1.7101900577545166
2020-02-26,1.7211099863052368,1.7290699481964111,1.718999981880188,1.7208499908447266
2020-02-27,1.7302299737930298,1.7393699884414673,1.7279000282287598,1.7316099405288696
2020-02-28,1.7421400547027588,1.7723599672317505,1.74167001247406,1.74235999584198
2020-03-02,1.7737799882888794,1.7866300344467163,1.7654000520706177,1.7739100456237793
2020-03-03,1.7788499593734741,1.7817000150680542,1.7664899826049805,1.7781599760055542
2020-03-04,1.7812999486923218,1.781790018081665,1.764840006828308,1.782439947128296
2020-03-05,1.767799973487854,1.7812000513076782,1.7630000114440918,1.7680799961090088
2020-03-06,1.777359962463379,1.7862600088119507,1.7684799432754517,1.7777600288391113
2020-03-09,1.7990599870681763,1.9017800092697144,1.773169994354248,1.7987300157546997
2020-03-10,1.797719955444336,1.811169981956482,1.794119954109192,1.7975000143051147
2020-03-11,1.8057600259780884,1.8079500198364258,1.786579966545105,1.805590033531189
2020-03-12,1.796970009803772,1.8246599435806274,1.7945200204849243,1.797569990158081
2020-03-13,1.8270699977874756,1.8303799629211426,1.807229995727539,1.8290200233459473
2020-03-16,1.8431999683380127,1.8599799871444702,1.820520043373108,1.8431400060653687
2020-03-17,1.84621000289917,1.8552000522613525,1.8308500051498413,1.846459984779358
2020-03-18,1.8527300357818604,1.8812899589538574,1.84552001953125,1.8515100479125977
2020-03-19,1.9136300086975098,1.9894200563430786,1.818079948425293,1.9124200344085693
2020-03-20,1.8739999532699585,1.8855199813842773,1.836549997329712,1.8747199773788452
2020-03-23,1.897510051727295,1.90857994556427,1.8786900043487549,1.900570034980774
2020-03-24,1.8742799758911133,1.8858799934387207,1.854740023612976,1.8738399744033813
2020-03-25,1.8544299602508545,1.8652600049972534,1.8328900337219238,1.8533200025558472
2020-03-26,1.874169945716858,1.8880599737167358,1.8442100286483765,1.8735899925231934
2020-03-27,1.848639965057373,1.8592499494552612,1.8339699506759644,1.8476799726486206
2020-03-30,1.8402800559997559,1.8472100496292114,1.8303200006484985,1.8383699655532837
2020-03-31,1.8367999792099,1.8518099784851074,1.8254300355911255,1.8355900049209595
2020-04-01,1.8522000312805176,1.8615700006484985,1.8379299640655518,1.852620005607605
2020-04-02,1.8455400466918945,1.849429965019226,1.8300299644470215,1.8450599908828735
2020-04-03,1.83256995677948,1.8483099937438965,1.8317500352859497,1.8338099718093872
2020-04-06,1.8453999757766724,1.8458399772644043,1.8105100393295288,1.8459199666976929
2020-04-07,1.8157199621200562,1.824120044708252,1.805840015411377,1.8153599500656128
2020-04-08,1.8262100219726562,1.8295700550079346,1.8020999431610107,1.826930046081543
2020-04-09,1.805690050125122,1.813730001449585,1.800279974937439,1.805359959602356
2020-04-10,1.7984000444412231,1.802780032157898,1.7918399572372437,1.7960000038146973
2020-04-13,1.797819972038269,1.8026700019836426,1.7905000448226929,1.799340009689331
2020-04-14,1.7898800373077393,1.8058899641036987,1.784000039100647,1.789520025253296
2020-04-15,1.8003499507904053,1.8257900476455688,1.7998000383377075,1.8003400564193726
2020-04-16,1.8187700510025024,1.8292399644851685,1.8165099620819092,1.818429946899414
2020-04-17,1.8093600273132324,1.8141200542449951,1.7979999780654907,1.809939980506897
2020-04-20,1.8063000440597534,1.807129979133606,1.78780996799469,1.8063299655914307
2020-04-21,1.7963999509811401,1.825510025024414,1.7963999509811401,1.797410011291504
2020-04-22,1.8202799558639526,1.8227299451828003,1.809980034828186,1.8204400539398193
2020-04-23,1.8240000009536743,1.8273999691009521,1.7898499965667725,1.823930025100708
2020-04-24,1.7938499450683594,1.8032900094985962,1.7904000282287598,1.7941299676895142
2020-04-27,1.7961000204086304,1.7968100309371948,1.7860000133514404,1.7969499826431274
2020-04-28,1.7967599630355835,1.8060400485992432,1.7864199876785278,1.7966200113296509
2020-04-29,1.7819900512695312,1.7854900360107422,1.7753599882125854,1.7825299501419067
2020-04-30,1.7718100547790527,1.7787400484085083,1.7652000188827515,1.771049976348877
2020-05-01,1.7870700359344482,1.8177299499511719,1.7870700359344482,1.7884600162506104
2020-05-04,1.8211400508880615,1.8220100402832031,1.8054100275039673,1.8214900493621826
2020-05-05,1.8013099431991577,1.8013099431991577,1.7874000072479248,1.8015999794006348
2020-05-06,1.7905299663543701,1.7959599494934082,1.7822999954223633,1.7905800342559814
2020-05-07,1.7956899404525757,1.7969199419021606,1.7742999792099,1.7976499795913696
2020-05-08,1.777400016784668,1.7790199518203735,1.7653599977493286,1.7777299880981445
2020-05-11,1.7648099660873413,1.7839499711990356,1.7613999843597412,1.7643400430679321
2020-05-12,1.778149962425232,1.7847199440002441,1.7726999521255493,1.7786200046539307
2020-05-13,1.7863199710845947,1.8068499565124512,1.7806999683380127,1.7870899438858032
2020-05-14,1.8044899702072144,1.8107500076293945,1.8020000457763672,1.8033000230789185
2020-05-15,1.796679973602295,1.8261100053787231,1.7961000204086304,1.7973500490188599
2020-05-18,1.8223600387573242,1.8243900537490845,1.8010300397872925,1.8223299980163574
2020-05-19,1.8070299625396729,1.8081599473953247,1.7909599542617798,1.8068300485610962
2020-05-20,1.7946399450302124,1.7980799674987793,1.7848800420761108,1.7943999767303467
2020-05-21,1.78643000125885,1.7961499691009521,1.7858999967575073,1.7851999998092651
2020-05-22,1.787369966506958,1.7930899858474731,1.7826000452041626,1.7883199453353882
2020-05-25,1.7863800525665283,1.790410041809082,1.7838000059127808,1.7865999937057495
2020-05-26,1.7841999530792236,1.7863800525665283,1.7656099796295166,1.7851999998092651
2020-05-27,1.7710299491882324,1.7841800451278687,1.7625999450683594,1.7711299657821655
2020-05-28,1.780400037765503,1.7827199697494507,1.7747999429702759,1.7807300090789795
2020-05-29,1.7868399620056152,1.7975800037384033,1.7851899862289429,1.7871700525283813
2020-06-01,1.7922999858856201,1.7929600477218628,1.7690000534057617,1.7933399677276611
2020-06-02,1.7699899673461914,1.7774100303649902,1.7566800117492676,1.7710700035095215
2020-06-03,1.751979947090149,1.75655996799469,1.7408000230789185,1.7517999410629272
2020-06-04,1.7472000122070312,1.7563799619674683,1.7418999671936035,1.747730016708374
2020-06-05,1.7537000179290771,1.75478994846344,1.733590006828308,1.7539499998092651
2020-06-08,1.7318999767303467,1.7341599464416504,1.7254999876022339,1.7313400506973267
2020-06-09,1.7212400436401367,1.7435699701309204,1.7187999486923218,1.720900058746338
2020-06-10,1.7436399459838867,1.7449100017547607,1.732200026512146,1.7440099716186523
2020-06-11,1.7454500198364258,1.7625199556350708,1.741819977760315,1.7458200454711914
2020-06-12,1.7592999935150146,1.763659954071045,1.748710036277771,1.7603700160980225
2020-06-15,1.752369999885559,1.7592300176620483,1.7451000213623047,1.7532700300216675
2020-06-16,1.7438499927520752,1.758239984512329,1.738700032234192,1.7436000108718872
2020-06-17,1.7431000471115112,1.7507100105285645,1.7338299751281738,1.7439700365066528
2020-06-18,1.743499994277954,1.7480000257492065,1.7400000095367432,1.7437599897384644
2020-06-19,1.7436100244522095,1.7482399940490723,1.7381800413131714,1.7424999475479126
2020-06-22,1.7463500499725342,1.7469600439071655,1.7330000400543213,1.7451000213623047
2020-06-23,1.7365200519561768,1.745959997177124,1.7353999614715576,1.736299991607666
2020-06-24,1.739959955215454,1.7581599950790405,1.7373000383377075,1.740399956703186
2020-06-25,1.7565200328826904,1.7571300268173218,1.742799997329712,1.7569500207901
2020-06-26,1.7446500062942505,1.7488499879837036,1.739799976348877,1.7437000274658203
2020-06-29,1.748329997062683,1.7570500373840332,1.7458000183105469,1.7476999759674072
2020-06-30,1.750059962272644,1.755120038986206,1.7425999641418457,1.7499899864196777
2020-07-01,1.7412300109863281,1.7421900033950806,1.7333999872207642,1.7404999732971191
2020-07-02,1.736340045928955,1.7367299795150757,1.7243200540542603,1.7364599704742432
2020-07-03,1.7265599966049194,1.7273600101470947,1.719099998474121,1.7263400554656982
2020-07-06,1.7203199863433838,1.7309399843215942,1.719099998474121,1.7200700044631958
2020-07-07,1.7249699831008911,1.7282500267028809,1.7165700197219849,1.7249000072479248
2020-07-08,1.7216099500656128,1.7273199558258057,1.7181999683380127,1.7216500043869019
2020-07-09,1.724519968032837,1.7267500162124634,1.7165000438690186,1.7238999605178833
2020-07-10,1.7172000408172607,1.7212799787521362,1.7165000438690186,1.7183400392532349
2020-07-13,1.7199000120162964,1.7277899980545044,1.7186000347137451,1.7197999954223633
2020-07-14,1.735949993133545,1.7481000423431396,1.7337000370025635,1.735129952430725
2020-07-15,1.7426999807357788,1.745419979095459,1.7351399660110474,1.743690013885498
2020-07-16,1.7373100519180298,1.7442799806594849,1.735200047492981,1.7369600534439087
2020-07-17,1.7407900094985962,1.7494900226593018,1.7371000051498413,1.7407599687576294
2020-07-20,1.7430399656295776,1.7484999895095825,1.738700032234192,1.743499994277954
2020-07-21,1.7407599687576294,1.743109941482544,1.726099967956543,1.7407499551773071
2020-07-22,1.7346999645233154,1.7395299673080444,1.7289999723434448,1.7353399991989136
2020-07-23,1.7374399900436401,1.7461999654769897,1.731600046157837,1.7372100353240967
2020-07-24,1.747630000114441,1.7552200555801392,1.7451000213623047,1.7467000484466553
2020-07-27,1.7533700466156006,1.7613999843597412,1.7515000104904175,1.753499984741211
2020-07-28,1.7594200372695923,1.7658799886703491,1.7553000450134277,1.7597600221633911
2020-07-29,1.7592600584030151,1.7695399522781372,1.757200002670288,1.7597899436950684
2020-07-30,1.7700799703598022,1.7770899534225464,1.7668999433517456,1.7699899673461914
2020-07-31,1.7724900245666504,1.7798899412155151,1.7711100578308105,1.7726999521255493
2020-08-03,1.7749500274658203,1.7822599411010742,1.7684999704360962,1.774399995803833
2020-08-04,1.7778199911117554,1.785159945487976,1.7752000093460083,1.7769999504089355
2020-08-05,1.7776800394058228,1.7856500148773193,1.7753700017929077,1.7779200077056885
2020-08-06,1.7857600450515747,1.790969967842102,1.7767200469970703,1.78603994846344
2020-08-07,1.77715003490448,1.782480001449585,1.7724000215530396,1.7766599655151367
2020-08-10,1.7841999530792236,1.7874000072479248,1.7807999849319458,1.7847800254821777
2020-08-11,1.780500054359436,1.7903300523757935,1.7728999853134155,1.7803399562835693
2020-08-12,1.7867499589920044,1.7997100353240967,1.7848000526428223,1.786679983139038
2020-08-13,1.7927299737930298,1.805400013923645,1.789929986000061,1.7932599782943726
2020-08-14,1.8050800561904907,1.8091299533843994,1.8030999898910522,1.804919958114624
2020-08-17,1.8106600046157837,1.8177900314331055,1.8100700378417969,1.8111799955368042
2020-08-18,1.8117799758911133,1.8189300298690796,1.8099000453948975,1.8108999729156494
2020-08-19,1.8079400062561035,1.809059977531433,1.7941999435424805,1.8075599670410156
2020-08-20,1.805109977722168,1.8222500085830688,1.802899956703186,1.8051899671554565
2020-08-21,1.8146899938583374,1.8171600103378296,1.8012299537658691,1.813599944114685
2020-08-24,1.8046599626541138,1.810479998588562,1.8020999431610107,1.8041800260543823
2020-08-25,1.8071000576019287,1.8135299682617188,1.8044999837875366,1.8071000576019287
2020-08-26,1.806190013885498,1.8069100379943848,1.7893099784851074,1.80594003200531
2020-08-27,1.784500002861023,1.7866400480270386,1.7791999578475952,1.7846599817276
2020-08-28,1.7788399457931519,1.782979965209961,1.7647000551223755,1.778439998626709
2020-08-31,1.7664899826049805,1.7739700078964233,1.7654000520706177,1.7667700052261353
2020-09-01,1.7721500396728516,1.7749700546264648,1.7637699842453003,1.7730000019073486
2020-09-02,1.7616100311279297,1.763260006904602,1.750980019569397,1.7614400386810303
2020-09-03,1.750980019569397,1.764009952545166,1.7466000318527222,1.750349998474121
2020-09-04,1.7693699598312378,1.7698999643325806,1.76010000705719,1.7699899673461914
2020-09-07,1.7631399631500244,1.7682600021362305,1.7623000144958496,1.7628599405288696
2020-09-08,1.7661999464035034,1.7781399488449097,1.7625999450683594,1.7662700414657593
2020-09-09,1.7798000574111938,1.7798000574111938,1.767799973487854,1.7796800136566162
2020-09-10,1.766759991645813,1.7820700407028198,1.766759991645813,1.7666000127792358
2020-09-11,1.778439998626709,1.7794599533081055,1.771399974822998,1.7790199518203735
2020-09-14,1.7706899642944336,1.7748099565505981,1.767799973487854,1.7705999612808228
2020-09-15,1.7716599702835083,1.7750999927520752,1.7617299556732178,1.7705999612808228
2020-09-16,1.7648999691009521,1.764989972114563,1.7512999773025513,1.7648500204086304
2020-09-17,1.755679965019226,1.7619500160217285,1.7522000074386597,1.7560800313949585
2020-09-18,1.7513500452041626,1.751960039138794,1.7441999912261963,1.751889944076538
2020-09-21,1.7525700330734253,1.7643400430679321,1.749400019645691,1.7517999410629272
2020-09-22,1.764870047569275,1.7666599750518799,1.7585400342941284,1.7651300430297852
2020-09-23,1.7654000520706177,1.7781200408935547,1.7597399950027466,1.76528000831604
2020-09-24,1.7810200452804565,1.7874200344085693,1.7802000045776367,1.780500054359436
2020-09-25,1.7825000286102295,1.7827099561691284,1.7707899808883667,1.7822999954223633
2020-09-28,1.7756099700927734,1.7826000452041626,1.7726000547409058,1.7752000093460083
2020-09-29,1.7785199880599976,1.782439947128296,1.7735799551010132,1.7780300378799438
2020-09-30,1.7783199548721313,1.783810019493103,1.7725000381469727,1.7786200046539307
2020-10-01,1.7698999643325806,1.7717599868774414,1.7654999494552612,1.7696000337600708
2020-10-02,1.7654099464416504,1.769950032234192,1.7632999420166016,1.7648999691009521
2020-10-05,1.7652599811553955,1.7757799625396729,1.7619999647140503,1.7650500535964966
2020-10-06,1.7721400260925293,1.779189944267273,1.7697999477386475,1.7720999717712402
2020-10-07,1.7809300422668457,1.78711998462677,1.7783000469207764,1.7811599969863892
2020-10-08,1.7899999618530273,1.7963800430297852,1.7826999425888062,1.789929986000061
2020-10-09,1.7856099605560303,1.7856099605560303,1.7726800441741943,1.7848999500274658
2020-10-12,1.7723000049591064,1.7775299549102783,1.771299958229065,1.7725000381469727
2020-10-13,1.7768700122833252,1.7790100574493408,1.7648600339889526,1.776610016822815
2020-10-14,1.7644100189208984,1.7666399478912354,1.7580000162124634,1.764359951019287
2020-10-15,1.7638200521469116,1.7775700092315674,1.7638200521469116,1.7642699480056763
2020-10-16,1.7732000350952148,1.7772300243377686,1.770900011062622,1.7738800048828125
2020-10-19,1.7699099779129028,1.7786200046539307,1.7662999629974365,1.7702000141143799
2020-10-20,1.7845499515533447,1.802109956741333,1.7845499515533447,1.7850899696350098
2020-10-21,1.7972999811172485,1.7980400323867798,1.7793300151824951,1.7975300550460815
2020-10-22,1.7831599712371826,1.7855299711227417,1.7709200382232666,1.7833600044250488
2020-10-23,1.770799994468689,1.7769999504089355,1.7661000490188599,1.7708899974822998
2020-10-26,1.7726900577545166,1.7730300426483154,1.7630000114440918,1.7724299430847168
2020-10-27,1.7682700157165527,1.7692300081253052,1.7590999603271484,1.7689299583435059
2020-10-28,1.7586100101470947,1.7684299945831299,1.7516000270843506,1.757599949836731
2020-10-29,1.7666300535202026,1.7698899507522583,1.760390043258667,1.766800045967102
2020-10-30,1.7610399723052979,1.7665899991989136,1.7525999546051025,1.7617100477218628
2020-11-02,1.76419997215271,1.7659300565719604,1.7539000511169434,1.7642300128936768
2020-11-03,1.7542999982833862,1.7590800523757935,1.7458000183105469,1.7541999816894531
2020-11-04,1.7473900318145752,1.7614599466323853,1.7446000576019287,1.7474000453948975
2020-11-05,1.7513799667358398,1.7563400268554688,1.746090054512024,1.7511800527572632
2020-11-06,1.7466200590133667,1.7528599500656128,1.7406100034713745,1.7466800212860107
2020-11-09,1.7484500408172607,1.7502399682998657,1.733299970626831,1.7494800090789795
2020-11-10,1.7327899932861328,1.7364399433135986,1.7246999740600586,1.7325199842453003
2020-11-11,1.730929970741272,1.7346400022506714,1.7086000442504883,1.7309900522232056
2020-11-12,1.7072399854660034,1.7206699848175049,1.7046600580215454,1.7066800594329834
2020-11-13,1.726099967956543,1.7338299751281738,1.7259000539779663,1.725950002670288
2020-11-16,1.7242100238800049,1.7255899906158447,1.715399980545044,1.7237099409103394
2020-11-17,1.7168999910354614,1.7271100282669067,1.7139999866485596,1.7170699834823608
2020-11-18,1.7214000225067139,1.7240500450134277,1.7104899883270264,1.7215399742126465
2020-11-19,1.711549997329712,1.7187000513076782,1.710800051689148,1.711459994316101
2020-11-20,1.717919945716858,1.7186399698257446,1.7059999704360962,1.7183599472045898
2020-11-23,1.7084499597549438,1.7121000289916992,1.704800009727478,1.7080299854278564
2020-11-24,1.7089300155639648,1.709380030632019,1.694659948348999,1.7079999446868896
2020-11-25,1.7049299478530884,1.7093900442123413,1.6992000341415405,1.704859972000122
2020-11-26,1.7016600370407104,1.7047799825668335,1.6984000205993652,1.7014199495315552
2020-11-27,1.7007999420166016,1.7017199993133545,1.6960999965667725,1.700909972190857
2020-11-30,1.7014700174331665,1.70524001121521,1.698699951171875,1.7015600204467773
2020-12-01,1.7004300355911255,1.7068899869918823,1.6974999904632568,1.7008899450302124
2020-12-02,1.7072999477386475,1.7179900407791138,1.7034000158309937,1.707550048828125
2020-12-03,1.7130099534988403,1.717710018157959,1.7117899656295776,1.7132500410079956
2020-12-04,1.7172900438308716,1.7276699542999268,1.7160999774932861,1.7170000076293945
2020-12-07,1.721269965171814,1.7255500555038452,1.718000054359436,1.7213200330734253
2020-12-08,1.7201199531555176,1.7248400449752808,1.7182400226593018,1.7205400466918945
2020-12-09,1.7198899984359741,1.7215800285339355,1.7091000080108643,1.7197200059890747
2020-12-10,1.721310019493103,1.7221499681472778,1.7115399837493896,1.7214100360870361
2020-12-11,1.7121599912643433,1.7134599685668945,1.7080999612808228,1.7117600440979004
2020-12-14,1.709089994430542,1.715590000152588,1.7071000337600708,1.709220051765442
2020-12-15,1.7146999835968018,1.7219200134277344,1.7129000425338745,1.7146300077438354
2020-12-16,1.7147799730300903,1.7237299680709839,1.7096999883651733,1.715149998664856
2020-12-17,1.7154300212860107,1.7162599563598633,1.7057000398635864,1.7153600454330444
2020-12-18,1.7157299518585205,1.722249984741211,1.7128000259399414,1.7155100107192993
2020-12-21,1.7187999486923218,1.7341099977493286,1.7163200378417969,1.719290018081665
2020-12-22,1.7241599559783936,1.734570026397705,1.7237999439239502,1.7242000102996826
2020-12-23,1.7277400493621826,1.7302800416946411,1.717479944229126,1.7277699708938599
2020-12-24,1.7175500392913818,1.7212599515914917,1.712499976158142,1.717650055885315
2020-12-25,1.7089699506759644,1.7200100421905518,1.6983799934387207,1.7089600563049316
2020-12-28,1.714359998703003,1.7233599424362183,1.7118799686431885,1.7151199579238892
2020-12-29,1.7191200256347656,1.720139980316162,1.7095099687576294,1.7192200422286987
2020-12-30,1.7137099504470825,1.7141300439834595,1.7034000158309937,1.71396005153656
2020-12-31,1.7043999433517456,1.7049399614334106,1.694219946861267,1.7046200037002563
2021-01-01,1.694200038909912,1.7001999616622925,1.6868000030517578,1.694700002670288
2021-01-04,1.7021000385284424,1.7104500532150269,1.6992100477218628,1.7017300128936768
2021-01-05,1.7066600322723389,1.7085399627685547,1.6971399784088135,1.7065800428390503
2021-01-06,1.6951700448989868,1.6974400281906128,1.6868599653244019,1.6948800086975098
2021-01-07,1.6890300512313843,1.6968599557876587,1.688599944114685,1.688889980316162
2021-01-08,1.6889599561691284,1.6908299922943115,1.684399962425232,1.6886299848556519
2021-01-11,1.691830039024353,1.6980199813842773,1.6895999908447266,1.6925599575042725
2021-01-12,1.6948800086975098,1.6963599920272827,1.6893800497055054,1.695180058479309
2021-01-13,1.6881999969482422,1.6964099407196045,1.687000036239624,1.6887099742889404
2021-01-14,1.6914900541305542,1.6928000450134277,1.681820034980774,1.691249966621399
2021-01-15,1.6835700273513794,1.6970800161361694,1.681399941444397,1.6834700107574463
2021-01-18,1.694599986076355,1.7005900144577026,1.6927000284194946,1.6942399740219116
2021-01-19,1.697160005569458,1.707069993019104,1.69350004196167,1.6972399950027466
2021-01-20,1.7030500173568726,1.705199956893921,1.6881400346755981,1.7028700113296509
2021-01-21,1.6865899562835693,1.6896799802780151,1.6813199520111084,1.686020016670227
2021-01-22,1.6852999925613403,1.6972800493240356,1.684499979019165,1.6859999895095825
2021-01-25,1.6941200494766235,1.6949100494384766,1.683500051498413,1.6938999891281128
2021-01-26,1.6868699789047241,1.6905900239944458,1.6777000427246094,1.686460018157959
2021-01-27,1.680299997329712,1.6869800090789795,1.6759300231933594,1.6806600093841553
2021-01-28,1.6940499544143677,1.7042200565338135,1.6898800134658813,1.694599986076355
2021-01-29,1.6893999576568604,1.6923400163650513,1.6819499731063843,1.6893999576568604
2021-02-01,1.6919599771499634,1.6919599771499634,1.6816999912261963,1.6923400163650513
2021-02-02,1.6844199895858765,1.6874300241470337,1.6772199869155884,1.6841800212860107
2021-02-03,1.6727900505065918,1.6734700202941895,1.6663000583648682,1.6722999811172485
2021-02-04,1.66743004322052,1.6735899448394775,1.6642199754714966,1.667680025100708
2021-02-05,1.6713600158691406,1.6783100366592407,1.6692999601364136,1.6704000234603882
2021-02-08,1.6706299781799316,1.6752500534057617,1.6661800146102905,1.670639991760254
2021-02-09,1.6677600145339966,1.6756999492645264,1.6643999814987183,1.667490005493164
2021-02-10,1.6729400157928467,1.6842399835586548,1.6729400157928467,1.6727700233459473
2021-02-11,1.67877995967865,1.681730031967163,1.6742000579833984,1.6786099672317505
2021-02-12,1.6774499416351318,1.6847000122070312,1.6766999959945679,1.677590012550354
2021-02-15,1.6789699792861938,1.6804100275039673,1.6740000247955322,1.6785999536514282
2021-02-16,1.6775699853897095,1.6799800395965576,1.6711000204086304,1.67739999294281
2021-02-17,1.681920051574707,1.6826200485229492,1.6739000082015991,1.6819499731063843
2021-02-18,1.6744699478149414,1.6797699928283691,1.6721999645233154,1.6743299961090088
2021-02-19,1.674970030784607,1.6774100065231323,1.659060001373291,1.6749800443649292
2021-02-22,1.6586899757385254,1.6618900299072266,1.6538000106811523,1.6581599712371826
2021-02-23,1.6599700450897217,1.6653499603271484,1.6556999683380127,1.6598800420761108
2021-02-24,1.6555399894714355,1.6596800088882446,1.6395900249481201,1.6554800271987915
2021-02-25,1.635450005531311,1.6461999416351318,1.6338000297546387,1.634660005569458
2021-02-26,1.6509599685668945,1.6697800159454346,1.649399995803833,1.6509000062942505
2021-03-01,1.6624200344085693,1.6663399934768677,1.6534899473190308,1.662500023841858
2021-03-02,1.6565500497817993,1.6641099452972412,1.654960036277771,1.6562700271606445
2021-03-03,1.6571500301361084,1.6659599542617798,1.6550999879837036,1.6563999652862549
2021-03-04,1.6658999919891357,1.6658999919891357,1.656499981880188,1.6654000282287598
2021-03-05,1.6670000553131104,1.6752699613571167,1.6645400524139404,1.6671099662780762
2021-03-08,1.6611499786376953,1.6699899435043335,1.6589000225067139,1.6611700057983398
2021-03-09,1.6613099575042725,1.6668599843978882,1.658869981765747,1.6615300178527832
2021-03-10,1.6571500301361084,1.6640900373458862,1.6556700468063354,1.6569299697875977
2021-03-11,1.6576499938964844,1.6604100465774536,1.6512000560760498,1.657960057258606
2021-03-12,1.6581000089645386,1.6658400297164917,1.6563999652862549,1.6579699516296387
2021-03-15,1.6625800132751465,1.6625800132751465,1.6541999578475952,1.662500023841858
2021-03-16,1.6556899547576904,1.6640199422836304,1.6531000137329102,1.655460000038147
2021-03-17,1.6546599864959717,1.6633100509643555,1.654099941253662,1.654539942741394
2021-03-18,1.6527299880981445,1.6611900329589844,1.6484099626541138,1.6525599956512451
2021-03-19,1.6629899740219116,1.6643699407577515,1.6584999561309814,1.6627999544143677
2021-03-22,1.6613800525665283,1.663450002670288,1.6594599485397339,1.6615699529647827
2021-03-23,1.6729899644851685,1.6921600103378296,1.6723999977111816,1.6730400323867798
2021-03-24,1.6930500268936157,1.698930025100708,1.690500020980835,1.6937199831008911
2021-03-25,1.6945799589157104,1.6964800357818604,1.6908199787139893,1.6947499513626099
2021-03-26,1.6904300451278687,1.6916799545288086,1.684499979019165,1.6900500059127808
2021-03-29,1.6855499744415283,1.6889499425888062,1.6783000230789185,1.685289978981018
2021-03-30,1.67877995967865,1.6817799806594849,1.672700047492981,1.679069995880127
2021-03-31,1.6766799688339233,1.6806999444961548,1.6717000007629395,1.6764700412750244
2021-04-01,1.6795599460601807,1.686560034751892,1.6747000217437744,1.6790599822998047
2021-04-02,1.676900029182434,1.677299976348877,1.6711599826812744,1.676200032234192
2021-04-05,1.6737899780273438,1.6750799417495728,1.666200041770935,1.6738200187683105
2021-04-06,1.6725800037384033,1.6843500137329102,1.6708999872207642,1.6723500490188599
2021-04-07,1.6812399625778198,1.6935800313949585,1.6794999837875366,1.6809799671173096
2021-04-08,1.692199945449829,1.6935399770736694,1.6842999458312988,1.6928000450134277
2021-04-09,1.6874899864196777,1.695520043373108,1.6845999956130981,1.6873400211334229
2021-04-12,1.690310001373291,1.6946699619293213,1.687999963760376,1.6901899576187134
2021-04-13,1.6940399408340454,1.6983599662780762,1.6891000270843506,1.6940499544143677
2021-04-14,1.6928900480270386,1.6955599784851074,1.6747000217437744,1.6930099725723267
2021-04-15,1.6770000457763672,1.6774699687957764,1.6682000160217285,1.6779099702835083
2021-04-16,1.6677500009536743,1.6795599460601807,1.667099952697754,1.6679999828338623
2021-04-19,1.6791599988937378,1.6794899702072144,1.670300006866455,1.6792500019073486
2021-04-20,1.6750400066375732,1.6770000457763672,1.6693999767303467,1.6746400594711304
2021-04-21,1.6784000396728516,1.6795099973678589,1.6668000221252441,1.6793500185012817
2021-04-22,1.6706700325012207,1.6808700561523438,1.6690000295639038,1.6707799434661865
2021-04-23,1.6786099672317505,1.6813900470733643,1.673799991607666,1.6791599988937378
2021-04-26,1.6809699535369873,1.6809699535369873,1.6692399978637695,1.6809699535369873
2021-04-27,1.6706299781799316,1.6764999628067017,1.6692999601364136,1.6699999570846558
2021-04-28,1.6784600019454956,1.6801999807357788,1.6690900325775146,1.6780500411987305
2021-04-29,1.6692700386047363,1.676609992980957,1.6668000221252441,1.6692999601364136
2021-04-30,1.6731799840927124,1.6799800395965576,1.669800043106079,1.6730999946594238
2021-05-03,1.6773500442504883,1.683150053024292,1.673699975013733,1.6774400472640991
2021-05-04,1.6754000186920166,1.68858003616333,1.674299955368042,1.6751799583435059
2021-05-05,1.6765999794006348,1.6785600185394287,1.6632000207901,1.677340030670166
2021-05-06,1.6632200479507446,1.6754599809646606,1.6603000164031982,1.6632200479507446
2021-05-07,1.668239951133728,1.6744400262832642,1.6650999784469604,1.6680599451065063
2021-05-10,1.6683599948883057,1.6714199781417847,1.6659200191497803,1.6680599451065063
2021-05-11,1.6693799495697021,1.6753599643707275,1.6672999858856201,1.6696200370788574
2021-05-12,1.6718900203704834,1.6851799488067627,1.6706000566482544,1.6721700429916382
2021-05-13,1.6860899925231934,1.6910799741744995,1.6800999641418457,1.6850999593734741
2021-05-14,1.6819000244140625,1.6863499879837036,1.6750199794769287,1.6816699504852295
2021-05-17,1.676990032196045,1.6906800270080566,1.6763999462127686,1.6771899461746216
2021-05-18,1.6837400197982788,1.6866300106048584,1.6792700290679932,1.6838899850845337
2021-05-19,1.6881400346755981,1.7032899856567383,1.686900019645691,1.6884700059890747
2021-05-20,1.6992499828338623,1.700569987297058,1.6924799680709839,1.6991499662399292
2021-05-21,1.6985700130462646,1.7034599781036377,1.6902999877929688,1.69868004322052
2021-05-24,1.6983100175857544,1.7028800249099731,1.6933000087738037,1.698140025138855
2021-05-25,1.6922999620437622,1.696660041809082,1.6902999877929688,1.6928999423980713
2021-05-26,1.6950000524520874,1.6950000524520874,1.6717000007629395,1.6943000555038452
2021-05-27,1.674880027770996,1.6765700578689575,1.6685199737548828,1.6750999689102173
2021-05-28,1.6739000082015991,1.6838300228118896,1.6720000505447388,1.6738100051879883
2021-05-31,1.6828999519348145,1.6848599910736084,1.677299976348877,1.6828999519348145
2021-06-01,1.680999994277954,1.6897799968719482,1.6777000427246094,1.6808700561523438
2021-06-02,1.6845699548721313,1.6896899938583374,1.6801999807357788,1.6843500137329102
2021-06-03,1.6871999502182007,1.6978600025177002,1.6857000589370728,1.6878700256347656
2021-06-04,1.6965999603271484,1.6988400220870972,1.687999963760376,1.6959999799728394
2021-06-07,1.6871000528335571,1.6887500286102295,1.680799961090088,1.6866999864578247
2021-06-08,1.6873500347137451,1.694219946861267,1.6847000122070312,1.687150001525879
2021-06-09,1.6925699710845947,1.69923996925354,1.6893999576568604,1.693079948425293
2021-06-10,1.6970000267028809,1.6988699436187744,1.6892999410629272,1.6971999406814575
2021-06-11,1.6930999755859375,1.7002700567245483,1.688789963722229,1.6930099725723267
2021-06-14,1.6956100463867188,1.6987899541854858,1.6920000314712524,1.6961899995803833
2021-06-15,1.696429967880249,1.7055699825286865,1.6930999755859375,1.6969399452209473
2021-06-16,1.7023299932479858,1.7023299932479858,1.694200038909912,1.7024699449539185
2021-06-17,1.696079969406128,1.7038600444793701,1.6893800497055054,1.6963000297546387
2021-06-18,1.698259949684143,1.7123099565505981,1.6972999572753906,1.6982300281524658
2021-06-21,1.7075999975204468,1.7088700532913208,1.7015000581741333,1.7081600427627563
2021-06-22,1.7054200172424316,1.7084399461746216,1.6992000341415405,1.7050199508666992
2021-06-23,1.7001999616622925,1.7043100595474243,1.6922999620437622,1.700950026512146
2021-06-24,1.6929199695587158,1.69336998462677,1.6889699697494507,1.6929700374603271
2021-06-25,1.689560055732727,1.6901899576187134,1.685770034790039,1.6889400482177734
2021-06-28,1.689229965209961,1.6940200328826904,1.6847000122070312,1.689210057258606
2021-06-29,1.692330002784729,1.7031500339508057,1.6901999711990356,1.6921600103378296
2021-06-30,1.7025200128555298,1.7042399644851685,1.6960999965667725,1.7026699781417847
2021-07-01,1.694790005683899,1.6996599435806274,1.6927000284194946,1.6945099830627441
2021-07-02,1.700950026512146,1.701740026473999,1.6901999711990356,1.7010400295257568
2021-07-05,1.6877199411392212,1.6917200088500977,1.687000036239624,1.6873899698257446
2021-07-06,1.6820399761199951,1.6912100315093994,1.669100046157837,1.682129979133606
2021-07-07,1.6849900484085083,1.6874200105667114,1.6754000186920166,1.6848100423812866
2021-07-08,1.681589961051941,1.7084300518035889,1.680899977684021,1.681339979171753
2021-07-09,1.704360008239746,1.7098499536514282,1.6969599723815918,1.7048799991607666
2021-07-12,1.694599986076355,1.7054200172424316,1.694100022315979,1.6944999694824219
2021-07-13,1.6975899934768677,1.7050199508666992,1.6930999755859375,1.697909951210022
2021-07-14,1.6962699890136719,1.6964199542999268,1.67739999294281,1.695639967918396
2021-07-15,1.6811399459838867,1.6917999982833862,1.6809899806976318,1.6810499429702759
2021-07-16,1.6836800575256348,1.6884599924087524,1.6806999444961548,1.6845300197601318
2021-07-19,1.6887999773025513,1.7050199508666992,1.6862200498580933,1.688099980354309
2021-07-20,1.7017699480056763,1.709589958190918,1.6970100402832031,1.7000999450683594
2021-07-21,1.7021000385284424,1.7055200338363647,1.6914000511169434,1.7017199993133545
2021-07-22,1.6940799951553345,1.6984599828720093,1.6898200511932373,1.693850040435791
2021-07-23,1.6860100030899048,1.6908600330352783,1.68340003490448,1.6864900588989258
2021-07-26,1.6859400272369385,1.6938199996948242,1.684499979019165,1.68572998046875
2021-07-27,1.6861599683761597,1.7013599872589111,1.684999942779541,1.6858099699020386
2021-07-28,1.6974200010299683,1.7047499418258667,1.6956100463867188,1.6975699663162231
2021-07-29,1.7019599676132202,1.704609990119934,1.6929999589920044,1.7020100355148315
2021-07-30,1.6957000494003296,1.7003300189971924,1.694599986076355,1.6958800554275513
2021-08-02,1.7008800506591797,1.705680012702942,1.699180006980896,1.701200008392334
2021-08-03,1.69937002658844,1.6993900537490845,1.691100001335144,1.6993399858474731
2021-08-04,1.6844799518585205,1.685789942741394,1.6739000082015991,1.684749960899353
2021-08-05,1.6806000471115112,1.680840015411377,1.6735999584197998,1.6803900003433228
2021-08-06,1.6785600185394287,1.6793999671936035,1.6710000038146973,1.6789699792861938
2021-08-09,1.6793999671936035,1.6811200380325317,1.6734000444412231,1.6793999671936035
2021-08-10,1.6785199642181396,1.683769941329956,1.6713800430297852,1.6783499717712402
2021-08-11,1.6724799871444702,1.6742500066757202,1.6632000207901,1.672819972038269
2021-08-12,1.6672199964523315,1.6758099794387817,1.6653000116348267,1.6668000221252441
2021-08-13,1.6756700277328491,1.6793999671936035,1.6734999418258667,1.6754599809646606
2021-08-16,1.6752599477767944,1.6788500547409058,1.6740000247955322,1.6746000051498413
2021-08-17,1.6754900217056274,1.703029990196228,1.6744999885559082,1.6758400201797485
2021-08-18,1.690209984779358,1.7029199600219727,1.6863700151443481,1.690119981765747
2021-08-19,1.702620029449463,1.7158900499343872,1.7014000415802002,1.702370047569275
2021-08-20,1.7117600440979004,1.7160799503326416,1.7067999839782715,1.7121700048446655
2021-08-23,1.7118300199508667,1.7138099670410156,1.701300024986267,1.712280035018921
2021-08-24,1.703529953956604,1.7062599658966064,1.6877000331878662,1.7036700248718262
2021-08-25,1.6937199831008911,1.6937199831008911,1.6861799955368042,1.6940699815750122
2021-08-26,1.688099980354309,1.6929399967193604,1.6861000061035156,1.6882200241088867
2021-08-27,1.6930299997329712,1.6946899890899658,1.6819499731063843,1.692430019378662
2021-08-30,1.6819900274276733,1.6878399848937988,1.6819000244140625,1.6815999746322632
2021-08-31,1.6848700046539307,1.6854300498962402,1.673200011253357,1.685439944267273
2021-09-01,1.6745100021362305,1.678820013999939,1.6706000566482544,1.674720048904419
2021-09-02,1.6752599477767944,1.6773300170898438,1.666200041770935,1.6757500171661377
2021-09-03,1.670259952545166,1.6712900400161743,1.6611000299453735,1.6700899600982666
2021-09-06,1.6620800495147705,1.6640499830245972,1.659000039100647,1.6618000268936157
2021-09-07,1.6639399528503418,1.670140027999878,1.659999966621399,1.6638100147247314
2021-09-08,1.6684600114822388,1.6699899435043335,1.6619999408721924,1.6687099933624268
2021-09-09,1.6655700206756592,1.667870044708252,1.6562999486923218,1.6651400327682495
2021-09-10,1.664080023765564,1.6669800281524658,1.6531000137329102,1.6634999513626099
2021-09-13,1.6589000225067139,1.6623799800872803,1.6548000574111938,1.6596499681472778
2021-09-14,1.6595499515533447,1.6641000509262085,1.6556999683380127,1.65910005569458
2021-09-15,1.6634399890899658,1.668619990348816,1.6604499816894531,1.6624000072479248
2021-09-16,1.6578799486160278,1.6661299467086792,1.6523000001907349,1.657289981842041
2021-09-17,1.6634900569915771,1.670259952545166,1.6617000102996826,1.6627000570297241
2021-09-20,1.667099952697754,1.6706299781799316,1.66389000415802,1.6673699617385864
2021-09-21,1.671049952507019,1.6760799884796143,1.6629300117492676,1.670989990234375
2021-09-22,1.6751199960708618,1.6756099462509155,1.667799949645996,1.6753300428390503
2021-09-23,1.6714500188827515,1.6751099824905396,1.6554700136184692,1.6718599796295166
2021-09-24,1.6611900329589844,1.673110008239746,1.6585999727249146,1.66156005859375
2021-09-27,1.6704200506210327,1.6722999811172485,1.6668000221252441,1.6705199480056763
2021-09-28,1.669160008430481,1.6803499460220337,1.6641000509262085,1.6688899993896484
2021-09-29,1.6789300441741943,1.6908400058746338,1.6775000095367432,1.6789799928665161
2021-09-30,1.688599944114685,1.6891499757766724,1.675320029258728,1.6881099939346313
2021-10-01,1.6783699989318848,1.6835099458694458,1.669800043106079,1.678279995918274
2021-10-04,1.6720399856567383,1.6740100383758545,1.6663299798965454,1.6718599796295166
2021-10-05,1.6683499813079834,1.6731499433517456,1.6627999544143677,1.6685099601745605
2021-10-06,1.6670500040054321,1.678820013999939,1.661370038986206,1.6668000221252441
2021-10-07,1.6705900430679321,1.6720499992370605,1.6644999980926514,1.6709400415420532
2021-10-08,1.6662100553512573,1.671120047569275,1.6624000072479248,1.6653000116348267
2021-10-11,1.671030044555664,1.671030044555664,1.6614999771118164,1.6708600521087646
2021-10-12,1.6647900342941284,1.6683499813079834,1.656999945640564,1.6639100313186646
2021-10-13,1.6653599739074707,1.6690000295639038,1.659999966621399,1.6649999618530273
2021-10-14,1.6627899408340454,1.6634999513626099,1.6471999883651733,1.6633700132369995
2021-10-15,1.6471600532531738,1.6485099792480469,1.6385999917984009,1.6473300457000732
2021-10-18,1.6362600326538086,1.6444900035858154,1.6348999738693237,1.6367900371551514
2021-10-19,1.6370600461959839,1.6381900310516357,1.6232999563217163,1.6370999813079834
2021-10-20,1.6252299547195435,1.6260900497436523,1.6155999898910522,1.625440001487732
2021-10-21,1.6182899475097656,1.625190019607544,1.6153000593185425,1.6188199520111084
2021-10-22,1.6245900392532349,1.6303199529647827,1.61899995803833,1.6236000061035156
2021-10-25,1.6269999742507935,1.6300499439239502,1.6183899641036987,1.6276600360870361
2021-10-26,1.6200599670410156,1.6214100122451782,1.6150000095367432,1.6200799942016602
2021-10-27,1.6178900003433228,1.625749945640564,1.6158000230789185,1.6171000003814697
2021-10-28,1.6191999912261963,1.622059941291809,1.6132299900054932,1.6193000078201294
2021-10-29,1.623900055885315,1.6284500360488892,1.6125600337982178,1.6235400438308716
2021-11-01,1.609879970550537,1.614359974861145,1.6075999736785889,1.6102299690246582
2021-11-02,1.6158100366592407,1.6312299966812134,1.6133999824523926,1.6156500577926636
2021-11-03,1.6248199939727783,1.6277799606323242,1.6208000183105469,1.6250499486923218
2021-11-04,1.6181299686431885,1.625920057296753,1.617799997329712,1.6186800003051758
2021-11-05,1.625480055809021,1.632539987564087,1.6217800378799438,1.624400019645691
2021-11-08,1.62732994556427,1.6276899576187134,1.6123000383377075,1.627150058746338
2021-11-09,1.6173700094223022,1.628309965133667,1.6166000366210938,1.6178499460220337
2021-11-10,1.6270999908447266,1.6310499906539917,1.6238000392913818,1.6266000270843506
2021-11-11,1.6254099607467651,1.6350200176239014,1.6238000392913818,1.625249981880188
2021-11-12,1.6298999786376953,1.634529948234558,1.625,1.6305899620056152
2021-11-15,1.6247800588607788,1.627020001411438,1.6165000200271606,1.624400019645691
2021-11-16,1.6138499975204468,1.6219099760055542,1.6105999946594238,1.6132999658584595
2021-11-17,1.618880033493042,1.6203500032424927,1.611299991607666,1.61899995803833
2021-11-18,1.6159700155258179,1.618690013885498,1.6058000326156616,1.6161099672317505
2021-11-19,1.6144399642944336,1.6161600351333618,1.607699990272522,1.6143699884414673
2021-11-22,1.6127899885177612,1.6167099475860596,1.6070400476455688,1.6126500368118286
2021-11-23,1.6176400184631348,1.625789999961853,1.6152499914169312,1.6175600290298462
2021-11-24,1.617210030555725,1.630910038948059,1.6162099838256836,1.6172000169754028
2021-11-25,1.6292599439620972,1.6396100521087646,1.625599980354309,1.629349946975708
2021-11-26,1.636299967765808,1.6596100330352783,1.6354999542236328,1.6377099752426147
2021-11-29,1.653090000152588,1.6592199802398682,1.6478899717330933,1.6541500091552734
2021-11-30,1.6527999639511108,1.6689300537109375,1.652400016784668,1.6531200408935547
2021-12-01,1.6597299575805664,1.661829948425293,1.6506999731063843,1.6600699424743652
2021-12-02,1.661270022392273,1.6680200099945068,1.6581000089645386,1.6603000164031982
2021-12-03,1.6598999500274658,1.6749299764633179,1.6598700284957886,1.6595900058746338
2021-12-06,1.672700047492981,1.6764800548553467,1.6687999963760376,1.6727999448776245
2021-12-07,1.6719499826431274,1.6745699644088745,1.656599998474121,1.6716599464416504
2021-12-08,1.6601999998092651,1.6683499813079834,1.659600019454956,1.6601999998092651
2021-12-09,1.666159987449646,1.6674000024795532,1.65910005569458,1.6663199663162231
2021-12-10,1.6617499589920044,1.666700005531311,1.6589000225067139,1.6618900299072266
2021-12-13,1.6642400026321411,1.6724400520324707,1.6604000329971313,1.664389967918396
2021-12-14,1.6704699993133545,1.6759799718856812,1.6675000190734863,1.6710799932479858
2021-12-15,1.6710699796676636,1.6735199689865112,1.6675000190734863,1.6711399555206299
2021-12-16,1.6660300493240356,1.6700400114059448,1.6550999879837036,1.6657999753952026
2021-12-17,1.6677000522613525,1.6753400564193726,1.6655000448226929,1.6675299406051636
2021-12-20,1.669600009918213,1.68271005153656,1.6672999858856201,1.6700899600982666
2021-12-21,1.6798399686813354,1.6816799640655518,1.6679699420928955,1.679819941520691
2021-12-22,1.6682300567626953,1.6721800565719604,1.6603200435638428,1.6682699918746948
2021-12-23,1.664330005645752,1.6680200099945068,1.6553699970245361,1.6642299890518188
2021-12-24,1.6611000299453735,1.6635700464248657,1.6515300273895264,1.6595900058746338
2021-12-27,1.6614400148391724,1.6661200523376465,1.6575000286102295,1.6613199710845947
2021-12-28,1.662179946899414,1.664870023727417,1.658400058746338,1.6619900465011597
2021-12-29,1.6622099876403809,1.664520025253296,1.6583000421524048,1.6614999771118164
2021-12-30,1.6598999500274658,1.6606800556182861,1.6521999835968018,1.6607999801635742
2021-12-31,1.6575900316238403,1.663100004196167,1.6538000106811523,1.657670021057129
2022-01-03,1.6625499725341797,1.6687300205230713,1.6553000211715698,1.6624499559402466
2022-01-04,1.6642299890518188,1.6669100522994995,1.6583000421524048,1.664520025253296
2022-01-05,1.6555999517440796,1.6635600328445435,1.653499960899353,1.6560200452804565
2022-01-06,1.6648199558258057,1.679260015487671,1.664199948310852,1.665079951286316
2022-01-07,1.6755900382995605,1.6797200441360474,1.6715999841690063,1.6756700277328491
2022-01-10,1.6755199432373047,1.679669976234436,1.670199990272522,1.6754900217056274
2022-01-11,1.6743500232696533,1.679110050201416,1.6718000173568726,1.6743799448013306
2022-01-12,1.6755499839782715,1.6777000427246094,1.6686899662017822,1.6754200458526611
2022-01-13,1.6706899404525757,1.6715199947357178,1.6645499467849731,1.6707700490951538
2022-01-14,1.6695200204849243,1.6770800352096558,1.6680999994277954,1.6690000295639038
2022-01-17,1.676069974899292,1.6800899505615234,1.6749999523162842,1.6758400201797485
2022-01-18,1.678689956665039,1.6839599609375,1.6743199825286865,1.678689956665039
2022-01-19,1.6727399826049805,1.6738799810409546,1.665809988975525,1.6731200218200684
2022-01-20,1.6721999645233154,1.6796599626541138,1.667199969291687,1.673009991645813
2022-01-21,1.675529956817627,1.6904799938201904,1.675529956817627,1.6758899688720703
2022-01-24,1.6871600151062012,1.6981199979782104,1.6837999820709229,1.6869499683380127
2022-01-25,1.6889599561691284,1.6959400177001953,1.687690019607544,1.6890499591827393
2022-01-26,1.689210057258606,1.6926000118255615,1.684190034866333,1.6891499757766724
2022-01-27,1.6874500513076782,1.7007700204849243,1.683940052986145,1.6877399682998657
2022-01-28,1.692620038986206,1.7038300037384033,1.6921700239181519,1.6924899816513062
2022-01-31,1.702489972114563,1.7078800201416016,1.6956000328063965,1.7020599842071533
2022-02-01,1.7075200080871582,1.7093700170516968,1.6966999769210815,1.7072199583053589
2022-02-02,1.698240041732788,1.70524001121521,1.6943999528884888,1.698490023612976
2022-02-03,1.7083100080490112,1.7150299549102783,1.6970000267028809,1.7089200019836426
2022-02-04,1.7155499458312988,1.7357499599456787,1.7130999565124512,1.715499997138977
2022-02-07,1.730239987373352,1.7337100505828857,1.7213000059127808,1.7302900552749634
2022-02-08,1.723389983177185,1.7241300344467163,1.714900016784668,1.7236499786376953
2022-02-09,1.7170000076293945,1.7192800045013428,1.7071000337600708,1.7175400257110596
2022-02-10,1.7098499536514282,1.7125300168991089,1.7029999494552612,1.7099900245666504
2022-02-11,1.7117700576782227,1.7165299654006958,1.7024600505828857,1.7119799852371216
2022-02-14,1.7095099687576294,1.7153400182724,1.708299994468689,1.7095999717712402
2022-02-15,1.708490014076233,1.7152700424194336,1.7050000429153442,1.7083100080490112
2022-02-16,1.7102400064468384,1.713379979133606,1.7054200172424316,1.7098000049591064
2022-02-17,1.702489972114563,1.702489972114563,1.6919000148773193,1.7024699449539185
2022-02-18,1.698490023612976,1.6985199451446533,1.6888400316238403,1.6985900402069092
2022-02-21,1.6914700269699097,1.693660020828247,1.684000015258789,1.6916699409484863
2022-02-22,1.6885099411010742,1.6895699501037598,1.6797800064086914,1.688920021057129
2022-02-23,1.680459976196289,1.6826800107955933,1.6655999422073364,1.6803499460220337
2022-02-24,1.6692999601364136,1.6777000427246094,1.665850043296814,1.6697800159454346
2022-02-25,1.6730300188064575,1.674880027770996,1.6637500524520874,1.673140048980713
2022-02-28,1.671839952468872,1.672569990158081,1.656599998474121,1.6703799962997437
2022-03-01,1.6571600437164307,1.658750057220459,1.6428799629211426,1.656749963760376
2022-03-02,1.6446900367736816,1.645900011062622,1.6361099481582642,1.6446800231933594
2022-03-03,1.6384600400924683,1.6407599449157715,1.6259000301361084,1.6382499933242798
2022-03-04,1.6248899698257446,1.6270999908447266,1.5929100513458252,1.625059962272644
2022-03-07,1.581629991531372,1.594099998474121,1.5643199682235718,1.581629991531372
2022-03-08,1.5891599655151367,1.600469946861267,1.5857000350952148,1.588979959487915
2022-03-09,1.601430058479309,1.6186699867248535,1.5994700193405151,1.6015599966049194
2022-03-10,1.6181000471115112,1.6220500469207764,1.601289987564087,1.6192500591278076
2022-03-11,1.6021699905395508,1.6108700037002563,1.5997799634933472,1.6021499633789062
2022-03-14,1.604640007019043,1.6190799474716187,1.6032299995422363,1.6045700311660767
2022-03-15,1.6215900182724,1.6324900388717651,1.6168999671936035,1.6213500499725342
2022-03-16,1.6222599744796753,1.625309944152832,1.6127899885177612,1.6220999956130981
2022-03-17,1.6136900186538696,1.6163599491119385,1.610700011253357,1.6135400533676147
2022-03-18,1.6103899478912354,1.6123700141906738,1.5982999801635742,1.610319972038269
2022-03-21,1.600160002708435,1.6054199934005737,1.5953999757766724,1.6003700494766235
2022-03-22,1.6016099452972412,1.6016099452972412,1.5829999446868896,1.601539969444275
2022-03-23,1.5834499597549438,1.5877599716186523,1.5762300491333008,1.583739995956421
2022-03-24,1.577340006828308,1.582550048828125,1.5765000581741333,1.5777000188827515
2022-03-25,1.5806100368499756,1.5859800577163696,1.5779000520706177,1.580489993095398
2022-03-28,1.5783300399780273,1.5930299758911133,1.5745999813079834,1.5783300399780273
2022-03-29,1.59142005443573,1.61503005027771,1.590499997138977,1.59142005443573
2022-03-30,1.5975500345230103,1.6005200147628784,1.592900037765503,1.5975500345230103
2022-03-31,1.6010899543762207,1.6080000400543213,1.5949499607086182,1.6010899543762207
2022-04-01,1.5971100330352783,1.6017999649047852,1.589900016784668,1.5971100330352783
2022-04-04,1.5987199544906616,1.5993800163269043,1.5776000022888184,1.5987199544906616
2022-04-05,1.579699993133545,1.5802299976348877,1.5594099760055542,1.579699993133545
2022-04-06,1.5696799755096436,1.5762900114059448,1.5635900497436523,1.5696799755096436
2022-04-07,1.5766899585723877,1.586069941520691,1.5752700567245483,1.5766899585723877
2022-04-08,1.577970027923584,1.5895099639892578,1.5753999948501587,1.577970027923584
2022-04-11,1.5930700302124023,1.5976500511169434,1.5911999940872192,1.5923399925231934
2022-04-12,1.5955300331115723,1.5970699787139893,1.5751999616622925,1.5955300331115723
2022-04-13,1.5788500308990479,1.6025899648666382,1.5711400508880615,1.5788500308990479
2022-04-14,1.6023099422454834,1.6018699407577515,1.5850000381469727,1.6023099422454834
2022-04-15,1.5949000120162964,1.5969500541687012,1.588629961013794,1.5949000120162964
2022-04-18,1.599679946899414,1.6057599782943726,1.5987000465393066,1.599679946899414
2022-04-19,1.5997999906539917,1.6051100492477417,1.5973000526428223,1.5997999906539917
2022-04-20,1.5998899936676025,1.6023800373077393,1.5923000574111938,1.5998899936676025
2022-04-21,1.5993499755859375,1.6111700534820557,1.5946999788284302,1.5993499755859375
2022-04-22,1.6113500595092773,1.6271699666976929,1.61080002784729,1.6113500595092773
2022-04-25,1.6317299604415894,1.6355700492858887,1.6204400062561035,1.6317299604415894
2022-04-26,1.6186699867248535,1.620650053024292,1.6088999509811401,1.6186699867248535
2022-04-27,1.618690013885498,1.6225700378417969,1.6081899404525757,1.618690013885498
2022-04-28,1.6132800579071045,1.6271300315856934,1.611899971961975,1.6132800579071045
2022-04-29,1.6175600290298462,1.627560019493103,1.611240029335022,1.6175600290298462
2022-05-02,1.631809949874878,1.6401100158691406,1.629289984703064,1.631809949874878
2022-05-03,1.6314300298690796,1.6401300430297852,1.6248899698257446,1.6314300298690796
2022-05-04,1.6358599662780762,1.6391500234603882,1.6282399892807007,1.6358599662780762
2022-05-05,1.6214200258255005,1.6403599977493286,1.618190050125122,1.6214200258255005
2022-05-06,1.6389600038528442,1.6490600109100342,1.6367000341415405,1.6389600038528442
2022-05-09,1.6483099460601807,1.663830041885376,1.6482499837875366,1.6483099460601807
2022-05-10,1.6708999872207642,1.6797000169754028,1.6663999557495117,1.6708999872207642
2022-05-11,1.674049973487854,1.6756099462509155,1.6569000482559204,1.674049973487854
2022-05-12,1.6726800203323364,1.6839699745178223,1.663290023803711,1.6726800203323364
2022-05-13,1.6612000465393066,1.6663800477981567,1.6577999591827393,1.6612000465393066
2022-05-16,1.6537200212478638,1.6678600311279297,1.652959942817688,1.6537200212478638
2022-05-17,1.65392005443573,1.6619499921798706,1.6452000141143799,1.65392005443573
2022-05-18,1.658519983291626,1.66034996509552,1.6518000364303589,1.658519983291626
2022-05-19,1.6633399724960327,1.6663000583648682,1.6471600532531738,1.6633399724960327
2022-05-20,1.6575700044631958,1.6597100496292114,1.6480300426483154,1.6575700044631958
2022-05-23,1.6458899974822998,1.6518199443817139,1.636199951171875,1.6458899974822998
2022-05-24,1.6566599607467651,1.6692899465560913,1.6549400091171265,1.6566599607467651
2022-05-25,1.6642299890518188,1.6665300130844116,1.6421600580215454,1.6642299890518188
2022-05-26,1.6491800546646118,1.661120057106018,1.6465200185775757,1.6491800546646118
2022-05-27,1.6555900573730469,1.6580899953842163,1.638200044631958,1.6555900573730469
2022-05-30,1.6422799825668335,1.6472200155258179,1.63919997215271,1.6422799825668335
2022-05-31,1.6426199674606323,1.6496200561523438,1.640470027923584,1.6426199674606323
2022-06-01,1.646589994430542,1.6528700590133667,1.6397000551223755,1.646589994430542
2022-06-02,1.6434099674224854,1.648900032043457,1.636970043182373,1.6434099674224854
2022-06-03,1.6386799812316895,1.64683997631073,1.6365599632263184,1.6386799812316895
2022-06-06,1.6476800441741943,1.6502699851989746,1.6396000385284424,1.6476800441741943
2022-06-07,1.6476000547409058,1.6585400104522705,1.647629976272583,1.6476000547409058
2022-06-08,1.649899959564209,1.6649999618530273,1.6489399671554565,1.649899959564209
2022-06-09,1.6631699800491333,1.6734700202941895,1.6586999893188477,1.6631699800491333
2022-06-10,1.662969946861267,1.6635199785232544,1.6470099687576294,1.662969946861267
2022-06-13,1.6550999879837036,1.6656299829483032,1.6516900062561035,1.6550999879837036
2022-06-14,1.6597299575805664,1.675879955291748,1.6576999425888062,1.6597299575805664
2022-06-15,1.6763700246810913,1.6851400136947632,1.663540005683899,1.6763700246810913
2022-06-16,1.6616400480270386,1.6673400402069092,1.6574300527572632,1.6616400480270386
2022-06-17,1.6580100059509277,1.6672899723052979,1.6576999425888062,1.6580100059509277
2022-06-20,1.6584500074386597,1.6644699573516846,1.6536999940872192,1.6584500074386597
2022-06-21,1.6599199771881104,1.669409990310669,1.6585999727249146,1.6599199771881104
2022-06-22,1.667199969291687,1.684540033340454,1.666700005531311,1.667199969291687
2022-06-23,1.6843700408935547,1.6888400316238403,1.6706600189208984,1.6843700408935547
2022-06-24,1.6735700368881226,1.675570011138916,1.6678600311279297,1.6735700368881226
2022-06-27,1.6726000308990479,1.6806199550628662,1.6708099842071533,1.6726000308990479
2022-06-28,1.6809699535369873,1.685379981994629,1.6764999628067017,1.6809699535369873
2022-06-29,1.6871099472045898,1.6925699710845947,1.6782399415969849,1.6871099472045898
2022-06-30,1.678030014038086,1.6842600107192993,1.6665600538253784,1.678030014038086
2022-07-01,1.6790399551391602,1.696660041809082,1.6764999628067017,1.6790399551391602
2022-07-04,1.6803100109100342,1.683019995689392,1.670199990272522,1.6803100109100342
2022-07-05,1.6784100532531738,1.6828800439834595,1.667240023612976,1.6784100532531738
2022-07-06,1.6636500358581543,1.6662499904632568,1.6462199687957764,1.6636500358581543
2022-07-07,1.6548000574111938,1.6573200225830078,1.6451599597930908,1.6548000574111938
2022-07-08,1.6450999975204468,1.65093994140625,1.6397600173950195,1.6450999975204468
2022-07-11,1.6432600021362305,1.649399995803833,1.6397099494934082,1.6432600021362305
2022-07-12,1.6410200595855713,1.6436899900436401,1.6366000175476074,1.6410200595855713
2022-07-13,1.6381100416183472,1.6464799642562866,1.6331499814987183,1.6381100416183472
2022-07-14,1.6423200368881226,1.6469700336456299,1.6345000267028809,1.6423200368881226
2022-07-15,1.6353199481964111,1.6387799978256226,1.6318999528884888,1.6353199481964111
2022-07-18,1.6303000450134277,1.649649977684021,1.6297999620437622,1.6303000450134277
2022-07-19,1.648650050163269,1.6494100093841553,1.6408900022506714,1.648650050163269
2022-07-20,1.641219973564148,1.642490029335022,1.629930019378662,1.641219973564148
2022-07-21,1.6357500553131104,1.6545100212097168,1.635699987411499,1.6357500553131104
2022-07-22,1.6370099782943726,1.6389600038528442,1.6232600212097168,1.6370099782943726
2022-07-25,1.6361299753189087,1.6392899751663208,1.6298999786376953,1.6361299753189087
2022-07-26,1.6335200071334839,1.6354800462722778,1.6217000484466553,1.6335200071334839
2022-07-27,1.622879981994629,1.6329599618911743,1.6223000288009644,1.622879981994629
2022-07-28,1.630370020866394,1.6313400268554688,1.613450050354004,1.630370020866394
2022-07-29,1.6188199520111084,1.6316900253295898,1.6160999536514282,1.6188199520111084
2022-08-01,1.625380039215088,1.62746000289917,1.6141999959945679,1.625380039215088
2022-08-02,1.6204899549484253,1.631250023841858,1.6195000410079956,1.6204899549484253
2022-08-03,1.6322200298309326,1.6336899995803833,1.6216000318527222,1.6322200298309326
2022-08-04,1.6205899715423584,1.6256999969482422,1.6124099493026733,1.6205899715423584
2022-08-05,1.627269983291626,1.6330000162124634,1.6210999488830566,1.627269983291626
2022-08-08,1.6299400329589844,1.6323200464248657,1.6180499792099,1.6299400329589844
2022-08-09,1.6212600469589233,1.630210041999817,1.6205999851226807,1.6212600469589233
2022-08-10,1.6240299940109253,1.6258599758148193,1.6073100566864014,1.6240299940109253
2022-08-11,1.6077200174331665,1.6106599569320679,1.602579951286316,1.6077200174331665
2022-08-12,1.6040400266647339,1.604259967803955,1.5907800197601318,1.6040400266647339
2022-08-15,1.5899200439453125,1.6043399572372437,1.589900016784668,1.5899200439453125
2022-08-16,1.5961999893188477,1.60725998878479,1.5954999923706055,1.5961999893188477
2022-08-17,1.6034200191497803,1.6240099668502808,1.5949900150299072,1.6034200191497803
2022-08-18,1.621559977531433,1.6251499652862549,1.6101800203323364,1.621559977531433
2022-08-19,1.6156699657440186,1.6267000436782837,1.6132999658584595,1.6156699657440186
2022-08-22,1.6247299909591675,1.6253399848937988,1.6115700006484985,1.6247299909591675
2022-08-23,1.6090799570083618,1.6109199523925781,1.6014000177383423,1.6090799570083618
2022-08-24,1.6055599451065063,1.6125999689102173,1.6025999784469604,1.6055599451065063
2022-08-25,1.6117000579833984,1.6134099960327148,1.5989999771118164,1.6117000579833984
2022-08-26,1.603950023651123,1.624519944190979,1.6031999588012695,1.603950023651123
2022-08-29,1.6257200241088867,1.6338499784469604,1.6195399761199951,1.6257200241088867
2022-08-30,1.6248699426651,1.632040023803711,1.6186000108718872,1.6248699426651
2022-08-31,1.634719967842102,1.6418800354003906,1.628000020980835,1.634719967842102
2022-09-01,1.642799973487854,1.6475000381469727,1.6334799528121948,1.642799973487854
2022-09-02,1.6354600191116333,1.6464999914169312,1.631500005722046,1.6354600191116333
2022-09-05,1.6280399560928345,1.6311700344085693,1.6232500076293945,1.6280399560928345
2022-09-06,1.6296600103378296,1.6405099630355835,1.6252599954605103,1.6296600103378296
2022-09-07,1.6405099630355835,1.6496399641036987,1.6398999691009521,1.6405099630355835
2022-09-08,1.648800015449524,1.6570700407028198,1.6441600322723389,1.648800015449524
2022-09-09,1.6482000350952148,1.6526199579238892,1.6410000324249268,1.6482000350952148
2022-09-12,1.6474299430847168,1.6581300497055054,1.644700050354004,1.6474299430847168
2022-09-13,1.647860050201416,1.6636500358581543,1.6473000049591064,1.647860050201416
2022-09-14,1.661810040473938,1.6701600551605225,1.6585999727249146,1.661810040473938
2022-09-15,1.6590900421142578,1.6725800037384033,1.6571799516677856,1.6590900421142578
2022-09-16,1.6758999824523926,1.6784299612045288,1.6697800159454346,1.6758999824523926
2022-09-19,1.6715099811553955,1.6854300498962402,1.6698999404907227,1.6715099811553955
2022-09-20,1.680780053138733,1.695199966430664,1.6806000471115112,1.680780053138733
2022-09-21,1.6892999410629272,1.6929099559783936,1.6773300170898438,1.6892999410629272
2022-09-22,1.6865400075912476,1.6919100284576416,1.6793999671936035,1.6865400075912476
2022-09-23,1.6823400259017944,1.6902300119400024,1.677880048751831,1.6823400259017944
2022-09-26,1.6868499517440796,1.698349952697754,1.678279995918274,1.6868499517440796
2022-09-27,1.6985000371932983,1.7032099962234497,1.6857500076293945,1.6985000371932983
2022-09-28,1.7037700414657593,1.7154699563980103,1.6934200525283813,1.7037700414657593
2022-09-29,1.6975599527359009,1.7190200090408325,1.6972999572753906,1.6975599527359009
2022-09-30,1.7116800546646118,1.735069990158081,1.7114800214767456,1.7116800546646118
2022-10-03,1.7427699565887451,1.7443100214004517,1.7145999670028687,1.7427699565887451
2022-10-04,1.7188999652862549,1.7442799806594849,1.7142000198364258,1.7188999652862549
2022-10-05,1.7401200532913208,1.743109941482544,1.7220100164413452,1.7401200532913208
2022-10-06,1.7157700061798096,1.7360399961471558,1.7071000337600708,1.7157700061798096
2022-10-07,1.7291699647903442,1.7388700246810913,1.726449966430664,1.7291699647903442
2022-10-10,1.7361600399017334,1.7470099925994873,1.7307499647140503,1.7361600399017334
2022-10-11,1.7424099445343018,1.7478100061416626,1.7280199527740479,1.7424099445343018
2022-10-12,1.7368899583816528,1.7420099973678589,1.7262699604034424,1.7368899583816528
2022-10-13,1.72993004322052,1.7478699684143066,1.726430058479309,1.72993004322052
2022-10-14,1.7326699495315552,1.749750018119812,1.7235100269317627,1.7326699495315552
2022-10-17,1.7465399503707886,1.7544399499893188,1.7352900505065918,1.7465399503707886
2022-10-18,1.7401000261306763,1.741070032119751,1.722640037536621,1.7401000261306763
2022-10-19,1.7320300340652466,1.7324800491333008,1.7203999757766724,1.7320300340652466
2022-10-20,1.7247600555419922,1.7349599599838257,1.712730050086975,1.7247600555419922
2022-10-21,1.7249000072479248,1.7350300550460815,1.711899995803833,1.7249000072479248
2022-10-24,1.7104400396347046,1.7422599792480469,1.708299994468689,1.7104400396347046
2022-10-25,1.7329000234603882,1.7398899793624878,1.7258199453353882,1.7329000234603882
2022-10-26,1.7348500490188599,1.737149953842163,1.7233999967575073,1.7348500490188599
2022-10-27,1.7273999452590942,1.7328499555587769,1.7052899599075317,1.7273999452590942
2022-10-28,1.7101800441741943,1.7202199697494507,1.7010799646377563,1.7101800441741943
2022-10-31,1.7157000303268433,1.7169699668884277,1.7004499435424805,1.7157000303268433
2022-11-01,1.6971399784088135,1.698259949684143,1.6854300498962402,1.6971399784088135
2022-11-02,1.6889599561691284,1.6919900178909302,1.6792800426483154,1.6889599561691284
2022-11-03,1.6880300045013428,1.696679949760437,1.68340003490448,1.6880300045013428
2022-11-04,1.6901799440383911,1.6937799453735352,1.6742099523544312,1.6901799440383911
2022-11-07,1.684380054473877,1.6899000406265259,1.682129979133606,1.684380054473877
2022-11-08,1.6864900588989258,1.6933200359344482,1.680799961090088,1.6864900588989258
2022-11-09,1.6904900074005127,1.7041000127792358,1.6897900104522705,1.6904900074005127
2022-11-10,1.702049970626831,1.7109800577163696,1.6910500526428223,1.702049970626831
2022-11-11,1.693560004234314,1.7042399644851685,1.6900700330734253,1.693560004234314
2022-11-14,1.6916099786758423,1.6979999542236328,1.6887999773025513,1.6916099786758423
2022-11-15,1.694390058517456,1.695449948310852,1.6797599792480469,1.694390058517456
2022-11-16,1.6798399686813354,1.6928199529647827,1.6794999837875366,1.6798399686813354
2022-11-17,1.689869999885559,1.7014600038528442,1.6865999698638916,1.689869999885559
2022-11-18,1.690500020980835,1.6909500360488892,1.6728299856185913,1.690500020980835
2022-11-21,1.6748600006103516,1.6816799640655518,1.671910047531128,1.6748600006103516
2022-11-22,1.6800700426101685,1.6800199747085571,1.6674000024795532,1.6800700426101685
2022-11-23,1.674720048904419,1.678130030632019,1.6620399951934814,1.674720048904419
2022-11-24,1.6657099723815918,1.6692500114440918,1.6575299501419067,1.6657099723815918
2022-11-25,1.662619948387146,1.669600009918213,1.6603000164031982,1.662619948387146
2022-11-28,1.6675699949264526,1.6843199729919434,1.6658999919891357,1.6675699949264526
2022-11-29,1.6770999431610107,1.6783699989318848,1.6599899530410767,1.6770999431610107
2022-11-30,1.6659899950027466,1.6685500144958496,1.6545900106430054,1.6659899950027466
2022-12-01,1.6509100198745728,1.6527899503707886,1.6418999433517456,1.6509100198745728
2022-12-02,1.6528799533843994,1.6539700031280518,1.6421899795532227,1.6528799533843994
2022-12-05,1.6555999517440796,1.6652499437332153,1.6425000429153442,1.6430000066757202
2022-12-06,1.660159945487976,1.6639399528503418,1.6528899669647217,1.660159945487976
2022-12-07,1.6551599502563477,1.6609899997711182,1.6476800441741943,1.6551599502563477
2022-12-08,1.6544599533081055,1.658769965171814,1.6492500305175781,1.6544599533081055
2022-12-09,1.6541999578475952,1.6581799983978271,1.6416000127792358,1.6541999578475952
2022-12-12,1.6456999778747559,1.6548999547958374,1.642799973487854,1.6456999778747559
2022-12-13,1.6504299640655518,1.6523100137710571,1.6350899934768677,1.6501799821853638
2022-12-14,1.646630048751831,1.6555099487304688,1.6450999975204468,1.646630048751831
2022-12-15,1.6542199850082397,1.6790900230407715,1.6513999700546265,1.6542199850082397
2022-12-16,1.6768900156021118,1.6771899461746216,1.6627000570297241,1.6768900156021118
2022-12-19,1.6611499786376953,1.6692500114440918,1.6574000120162964,1.6611499786376953
2022-12-20,1.6680500507354736,1.6830300092697144,1.66457998752594,1.6680500507354736
2022-12-21,1.674739956855774,1.6905399560928345,1.6735999584197998,1.674739956855774
2022-12-22,1.6857999563217163,1.6979000568389893,1.6801899671554565,1.6857999563217163
2022-12-23,1.695680022239685,1.6989699602127075,1.6841399669647217,1.695680022239685
2022-12-26,1.6885000467300415,1.697700023651123,1.6821099519729614,1.6861000061035156
2022-12-27,1.6868400573730469,1.697029948234558,1.6857000589370728,1.6868400573730469
2022-12-28,1.695520043373108,1.6994400024414062,1.6762900352478027,1.695520043373108
2022-12-29,1.6821600198745728,1.689769983291626,1.6728700399398804,1.6821600198745728
2022-12-30,1.6798399686813354,1.6900399923324585,1.677549958229065,1.6798399686813354
2023-01-02,1.683459997177124,1.7036999464035034,1.681089997291565,1.683459997177124
2023-01-03,1.687690019607544,1.6968799829483032,1.677880048751831,1.687690019607544
2023-01-04,1.6881400346755981,1.6891000270843506,1.6718100309371948,1.6881400346755981
2023-01-05,1.6875499486923218,1.6936399936676025,1.6824699640274048,1.6875499486923218
2023-01-06,1.6884599924087524,1.6942100524902344,1.6752899885177612,1.6884599924087524
2023-01-09,1.6756500005722046,1.6819499731063843,1.667330026626587,1.6756500005722046
2023-01-10,1.6849700212478638,1.6889400482177734,1.6812000274658203,1.6849700212478638
2023-01-11,1.6852400302886963,1.696810007095337,1.6827000379562378,1.6852400302886963
2023-01-12,1.690790057182312,1.7001399993896484,1.687399983406067,1.690790057182312
2023-01-13,1.700119972229004,1.703969955444336,1.6921900510787964,1.700119972229004
2023-01-16,1.6943000555038452,1.7000000476837158,1.6909300088882446,1.6943000555038452
2023-01-17,1.6947499513626099,1.6977100372314453,1.6782100200653076,1.6947499513626099
2023-01-18,1.6772500276565552,1.6785000562667847,1.6660799980163574,1.6772500276565552
2023-01-19,1.6752699613571167,1.6980299949645996,1.674090027809143,1.6752699613571167
2023-01-20,1.6938799619674683,1.6943199634552002,1.676800012588501,1.6938799619674683
2023-01-23,1.6766999959945679,1.687150001525879,1.6728999614715576,1.676200032234192
2023-01-24,1.6749900579452515,1.6776200532913208,1.669700026512146,1.6749900579452515
2023-01-25,1.6766999959945679,1.6882400512695312,1.6751199960708618,1.6766999959945679
2023-01-26,1.6843500137329102,1.6858999729156494,1.6757899522781372,1.6843500137329102
2023-01-27,1.6783000230789185,1.6795200109481812,1.6711000204086304,1.6783000230789185
2023-01-30,1.6734000444412231,1.6815999746322632,1.6719000339508057,1.6728999614715576
2023-01-31,1.6772600412368774,1.687690019607544,1.6759999990463257,1.6772600412368774
2023-02-01,1.6869100332260132,1.6965899467468262,1.6854000091552734,1.6869100332260132
2023-02-02,1.6898800134658813,1.691059947013855,1.6757299900054932,1.6898800134658813
2023-02-03,1.6836899518966675,1.7078399658203125,1.6806999444961548,1.6836899518966675
2023-02-06,1.7036000490188599,1.7108999490737915,1.7035900354385376,1.704200029373169
2023-02-07,1.7006499767303467,1.7013499736785889,1.6919100284576416,1.7006499767303467
2023-02-08,1.6972299814224243,1.702340006828308,1.694100022315979,1.6972299814224243
2023-02-09,1.6968799829483032,1.6988999843597412,1.6867200136184692,1.6968799829483032
2023-02-10,1.6972299814224243,1.7009799480438232,1.6869800090789795,1.6972299814224243
2023-02-13,1.6914399862289429,1.6941299438476562,1.682919979095459,1.6914399862289429
2023-02-14,1.686669945716858,1.7014700174331665,1.6856000423431396,1.686669945716858
2023-02-15,1.694640040397644,1.7087500095367432,1.6943999528884888,1.694640040397644
2023-02-16,1.7024600505828857,1.7087199687957764,1.6969499588012695,1.7024600505828857
2023-02-17,1.707669973373413,1.716480016708374,1.7061699628829956,1.707669973373413
2023-02-20,1.7131600379943848,1.716689944267273,1.7058299779891968,1.7131600379943848
2023-02-21,1.7072199583053589,1.717360019683838,1.7040799856185913,1.7072199583053589
2023-02-22,1.7136600017547607,1.7162599563598633,1.7028000354766846,1.7136600017547607
2023-02-23,1.7038999795913696,1.7057000398635864,1.6985000371932983,1.7038999795913696
2023-02-24,1.7009199857711792,1.7136800289154053,1.6974999904632568,1.7009199857711792
2023-02-27,1.7117400169372559,1.7206499576568604,1.7095999717712402,1.7117400169372559
2023-02-28,1.7210299968719482,1.7286499738693237,1.7098499536514282,1.7210299968719482
2023-03-01,1.7095799446105957,1.7136399745941162,1.700029969215393,1.7095799446105957
2023-03-02,1.7058500051498413,1.7108500003814697,1.702970027923584,1.7058500051498413
2023-03-03,1.7038600444793701,1.710510015487671,1.7005000114440918,1.7038600444793701
2023-03-06,1.7111200094223022,1.7273600101470947,1.7091799974441528,1.7111200094223022
2023-03-07,1.7238999605178833,1.7268699407577515,1.7167999744415283,1.7238999605178833
2023-03-08,1.7261099815368652,1.7301700115203857,1.7209999561309814,1.7261099815368652
2023-03-09,1.7251499891281128,1.7277799844741821,1.7202199697494507,1.7251499891281128
2023-03-10,1.7349400520324707,1.7375500202178955,1.7265700101852417,1.7349400520324707
2023-03-13,1.730299949645996,1.7431999444961548,1.7128000259399414,1.7331000566482544
2023-03-14,1.7250499725341797,1.7253799438476562,1.71465003490448,1.7250499725341797
2023-03-15,1.7217700481414795,1.7303099632263184,1.6971900463104248,1.7217700481414795
2023-03-16,1.716689944267273,1.7247200012207031,1.7117300033569336,1.716689944267273
2023-03-17,1.710919976234436,1.7135000228881836,1.6993099451065063,1.710919976234436
2023-03-20,1.7021600008010864,1.7167400121688843,1.700819969177246,1.7021600008010864
2023-03-21,1.7170699834823608,1.7457200288772583,1.7166999578475952,1.7170699834823608
2023-03-22,1.739609956741333,1.7443000078201294,1.7300699949264526,1.739609956741333
2023-03-23,1.74413001537323,1.7457300424575806,1.7317299842834473,1.74413001537323
2023-03-24,1.7343300580978394,1.7374500036239624,1.727239966392517,1.7343300580978394
2023-03-27,1.7351700067520142,1.7451399564743042,1.7325999736785889,1.7345000505447388
2023-03-28,1.7421599626541138,1.7422900199890137,1.7337000370025635,1.7421599626541138
2023-03-29,1.7330800294876099,1.7439199686050415,1.7280000448226929,1.7330800294876099
2023-03-30,1.7428699731826782,1.7489700317382812,1.7349400520324707,1.7428699731826782
2023-03-31,1.739259958267212,1.7414300441741943,1.732800006866455,1.739259958267212
2023-04-03,1.735319972038269,1.7396600246429443,1.726580023765564,1.735319972038269
2023-04-04,1.7309000492095947,1.7402000427246094,1.726199984550476,1.7309000492095947
2023-04-05,1.7342000007629395,1.7399300336837769,1.721250057220459,1.7342000007629395
2023-04-06,1.7256900072097778,1.7496000528335571,1.7246999740600586,1.7256100177764893
2023-04-07,1.7484300136566162,1.7517600059509277,1.7396999597549438,1.7484300136566162
2023-04-10,1.7446399927139282,1.7511999607086182,1.7443000078201294,1.7446399927139282
2023-04-11,1.7454400062561035,1.7610299587249756,1.7444000244140625,1.7454400062561035
2023-04-12,1.7621699571609497,1.7696000337600708,1.758810043334961,1.7621699571609497
2023-04-13,1.768489956855774,1.7719999551773071,1.7525500059127808,1.768489956855774
2023-04-14,1.7525999546051025,1.77006995677948,1.7517399787902832,1.7525999546051025
2023-04-17,1.7711000442504883,1.7737200260162354,1.767199993133545,1.7711000442504883
2023-04-18,1.7671500444412231,1.7687499523162842,1.7623900175094604,1.7671500444412231
2023-04-19,1.7658900022506714,1.7718199491500854,1.7613699436187744,1.7658900022506714
2023-04-20,1.7771799564361572,1.781209945678711,1.7704999446868896,1.7771799564361572
2023-04-21,1.7751200199127197,1.7922199964523315,1.7750699520111084,1.7751200199127197
2023-04-24,1.7891700267791748,1.7961100339889526,1.786120057106018,1.7891700267791748
2023-04-25,1.7903800010681152,1.7927800416946411,1.7851999998092651,1.7903800010681152
2023-04-26,1.7858400344848633,1.8078999519348145,1.7842999696731567,1.7858400344848633
2023-04-27,1.804550051689148,1.806030035018921,1.7927500009536743,1.8043800592422485
2023-04-28,1.7947499752044678,1.796679973602295,1.7839000225067139,1.7947499752044678
2023-05-01,1.783869981765747,1.7846100330352783,1.7768100500106812,1.783869981765747
2023-05-02,1.7792099714279175,1.779979944229126,1.7635600566864014,1.7792099714279175
2023-05-03,1.7682499885559082,1.7749600410461426,1.764009952545166,1.7682499885559082
2023-05-04,1.7819000482559204,1.7830499410629272,1.7515699863433838,1.7819000482559204
2023-05-05,1.7522799968719482,1.7530900239944458,1.7471400499343872,1.7522799968719482
2023-05-08,1.7491099834442139,1.7511600255966187,1.732800006866455,1.7491099834442139
2023-05-09,1.7346700429916382,1.738029956817627,1.730299949645996,1.7346700429916382
2023-05-10,1.7298699617385864,1.7325999736785889,1.7236000299453735,1.7298699617385864
2023-05-11,1.7239899635314941,1.7339500188827515,1.720479965209961,1.7239899635314941
2023-05-12,1.733549952507019,1.7553199529647827,1.7319999933242798,1.733549952507019
2023-05-15,1.7506999969482422,1.753250002861023,1.7452000379562378,1.7506999969482422
2023-05-16,1.7415499687194824,1.7451800107955933,1.7382999658584595,1.7415499687194824
2023-05-17,1.7419099807739258,1.7433600425720215,1.7269999980926514,1.7419099807739258
2023-05-18,1.7351000308990479,1.7366000413894653,1.7277400493621826,1.7351000308990479
2023-05-19,1.7278800010681152,1.7282899618148804,1.7163000106811523,1.7278800010681152
2023-05-22,1.7221100330352783,1.7255699634552002,1.7193000316619873,1.7175999879837036
2023-05-23,1.719849944114685,1.7271300554275513,1.7166199684143066,1.719849944114685
2023-05-24,1.72298002243042,1.762719988822937,1.7214000225067139,1.72298002243042
2023-05-25,1.761620044708252,1.7735799551010132,1.7596999406814575,1.761620044708252
2023-05-26,1.771530032157898,1.7741600275039673,1.7620999813079834,1.771530032157898
2023-05-29,1.7695000171661377,1.77469003200531,1.7659000158309937,1.7695000171661377
2023-05-30,1.7713299989700317,1.7757200002670288,1.7660000324249268,1.7713299989700317
2023-05-31,1.7740000486373901,1.783460021018982,1.7741999626159668,1.7740000486373901
2023-06-01,1.7747100591659546,1.7813400030136108,1.7686599493026733,1.7747100591659546
2023-06-02,1.773900032043457,1.7755500078201294,1.762369990348816,1.773900032043457
2023-06-05,1.7657099962234497,1.7684099674224854,1.7614400386810303,1.7657099962234497
2023-06-06,1.7644399404525757,1.7652100324630737,1.7561999559402466,1.7644399404525757
2023-06-07,1.7600300312042236,1.769819974899292,1.7573000192642212,1.7600300312042236
2023-06-08,1.7721400260925293,1.772130012512207,1.763100028038025,1.7721400260925293
2023-06-09,1.7691700458526611,1.7706199884414673,1.7532000541687012,1.7691700458526611
2023-06-12,1.7535500526428223,1.7605500221252441,1.751670002937317,1.7535500526428223
2023-06-13,1.7559700012207031,1.763990044593811,1.7490999698638916,1.7559700012207031
2023-06-14,1.7515699863433838,1.7556300163269043,1.7397899627685547,1.7515699863433838
2023-06-15,1.749650001525879,1.7622100114822388,1.745169997215271,1.749650001525879
2023-06-16,1.755329966545105,1.7620999813079834,1.7520999908447266,1.755329966545105
2023-06-19,1.7545000314712524,1.7639199495315552,1.753999948501587,1.7545000314712524
2023-06-20,1.7613199949264526,1.7765400409698486,1.759600043296814,1.7613199949264526
2023-06-21,1.7707200050354004,1.7733800411224365,1.7640999555587769,1.7707200050354004
2023-06-22,1.7709399461746216,1.775480031967163,1.767300009727478,1.7709399461746216
2023-06-23,1.7720199823379517,1.7809699773788452,1.767590045928955,1.7720199823379517
2023-06-26,1.773710012435913,1.7758699655532837,1.7657999992370605,1.773710012435913
2023-06-27,1.7702300548553467,1.7774800062179565,1.7635999917984009,1.7702300548553467
2023-06-28,1.7796299457550049,1.8004599809646606,1.7791600227355957,1.7796299457550049
2023-06-29,1.7970099449157715,1.7974799871444702,1.7894999980926514,1.7970099449157715
2023-06-30,1.7912700176239014,1.7929799556732178,1.7799700498580933,1.7912700176239014
2023-07-03,1.7798000574111938,1.7817000150680542,1.7699999809265137,1.780400037765503
2023-07-04,1.772779941558838,1.77469003200531,1.7548500299453735,1.772779941558838
2023-07-05,1.755679965019226,1.7614200115203857,1.753499984741211,1.755679965019226
2023-07-06,1.7569999694824219,1.7687100172042847,1.7482199668884277,1.7569999694824219
2023-07-07,1.766950011253357,1.7694100141525269,1.7585999965667725,1.766950011253357
2023-07-10,1.7672200202941895,1.7746100425720215,1.764639973640442,1.7672200202941895
2023-07-11,1.7731900215148926,1.7807600498199463,1.7689399719238281,1.7731900215148926
2023-07-12,1.7764699459075928,1.782289981842041,1.7656999826431274,1.7764699459075928
2023-07-13,1.7667200565338135,1.7676700353622437,1.7502700090408325,1.7667200565338135
2023-07-14,1.755910038948059,1.7631800174713135,1.7523000240325928,1.755910038948059
2023-07-17,1.7636300325393677,1.7767499685287476,1.7635999917984009,1.7636300325393677
2023-07-18,1.7777899503707886,1.7931400537490845,1.7732000350952148,1.7777899503707886
2023-07-19,1.7831000089645386,1.799530029296875,1.782349944114685,1.7831000089645386
2023-07-20,1.789039969444275,1.7908200025558472,1.7789000272750854,1.789039969444275
2023-07-21,1.7870399951934814,1.8009599447250366,1.7853000164031982,1.7870399951934814
2023-07-24,1.803629994392395,1.806730031967163,1.7834999561309814,1.803629994392395
2023-07-25,1.7842899560928345,1.7871700525283813,1.7732000350952148,1.7842899560928345
2023-07-26,1.777500033378601,1.784600019454956,1.7755000591278076,1.777500033378601
2023-07-27,1.7831799983978271,1.7856999635696411,1.7689000368118286,1.7831799983978271
2023-07-28,1.7742400169372559,1.7916500568389893,1.773900032043457,1.7742400169372559
2023-07-31,1.7895300388336182,1.7907400131225586,1.7709699869155884,1.7895300388336182
2023-08-01,1.772320032119751,1.7868900299072266,1.7688000202178955,1.772320032119751
2023-08-02,1.7923099994659424,1.8020199537277222,1.7913399934768677,1.7923099994659424
2023-08-03,1.798009991645813,1.8027000427246094,1.7968000173568726,1.798009991645813
2023-08-04,1.800469994544983,1.804129958152771,1.7958999872207642,1.800469994544983
2023-08-07,1.8036099672317505,1.8051799535751343,1.7979400157928467,1.8036099672317505
2023-08-08,1.801740050315857,1.814039945602417,1.7999999523162842,1.801740050315857
2023-08-09,1.8092900514602661,1.8160099983215332,1.8003000020980835,1.8092900514602661
2023-08-10,1.8107600212097168,1.8183499574661255,1.807629942893982,1.8107600212097168
2023-08-11,1.8262499570846558,1.8327100276947021,1.8246500492095947,1.8262499570846558
2023-08-14,1.8286900520324707,1.8355599641799927,1.8234299421310425,1.8286900520324707
2023-08-15,1.8255599737167358,1.8338600397109985,1.8206000328063965,1.8255599737167358
2023-08-16,1.8303200006484985,1.8373299837112427,1.8227200508117676,1.8303200006484985
2023-08-17,1.8334499597549438,1.839359998703003,1.8274999856948853,1.8334499597549438
2023-08-18,1.8351000547409058,1.8377699851989746,1.829800009727478,1.8351000547409058
2023-08-21,1.8348900079727173,1.8460099697113037,1.8327000141143799,1.8348900079727173
2023-08-22,1.837820053100586,1.840109944343567,1.8228000402450562,1.837820053100586
2023-08-23,1.8257700204849243,1.8273600339889526,1.815600037574768,1.8257700204849243
2023-08-24,1.8186700344085693,1.8293499946594238,1.8174999952316284,1.8186700344085693
2023-08-25,1.8240200281143188,1.8300399780273438,1.8212000131607056,1.8240200281143188
2023-08-28,1.8265899419784546,1.833240032196045,1.8243199586868286,1.8265899419784546
2023-08-29,1.832419991493225,1.8335599899291992,1.8219799995422363,1.832419991493225
2023-08-30,1.8205000162124634,1.8292399644851685,1.8205000162124634,1.8205000162124634
2023-08-31,1.835860013961792,1.8360099792480469,1.8214600086212158,1.835860013961792
2023-09-01,1.8141900300979614,1.822350025177002,1.8087400197982788,1.8141900300979614
2023-09-04,1.8132699728012085,1.8186500072479248,1.8095999956130981,1.8132699728012085
2023-09-05,1.817520022392273,1.831629991531372,1.816499948501587,1.817520022392273
2023-09-06,1.8225599527359009,1.8277900218963623,1.8181999921798706,1.8225599527359009
2023-09-07,1.826550006866455,1.8292700052261353,1.8145999908447266,1.826550006866455
2023-09-08,1.819640040397644,1.8206299543380737,1.8091000318527222,1.819640040397644
2023-09-11,1.8159300088882446,1.8162100315093994,1.8088200092315674,1.8159300088882446
2023-09-12,1.8164199590682983,1.818809986114502,1.811400055885315,1.8164199590682983
2023-09-13,1.8194500207901,1.825279951095581,1.8133000135421753,1.8194500207901
2023-09-14,1.8123600482940674,1.8138200044631958,1.7994799613952637,1.8123600482940674
2023-09-15,1.801259994506836,1.8081899881362915,1.7935999631881714,1.801259994506836
2023-09-18,1.8064299821853638,1.8080799579620361,1.8022300004959106,1.8064299821853638
2023-09-19,1.8056399822235107,1.8067799806594849,1.7989000082015991,1.8056399822235107
2023-09-20,1.794819951057434,1.8008400201797485,1.792199969291687,1.794819951057434
2023-09-21,1.7976800203323364,1.8034199476242065,1.7955000400543213,1.7976800203323364
2023-09-22,1.7962000370025635,1.799090027809143,1.7796800136566162,1.7962000370025635
2023-09-25,1.787350058555603,1.7905900478363037,1.773650050163269,1.787350058555603
2023-09-26,1.7749199867248535,1.7808899879455566,1.771399974822998,1.7749199867248535
2023-09-27,1.7769700288772583,1.7824900150299072,1.7697800397872925,1.7769700288772583
2023-09-28,1.775570034980774,1.7754600048065186,1.7653000354766846,1.775570034980774
2023-09-29,1.7709499597549438,1.7714500427246094,1.7541500329971313,1.7709499597549438
2023-10-02,1.7617900371551514,1.7665200233459473,1.7604999542236328,1.7617900371551514
2023-10-03,1.7638700008392334,1.7788699865341187,1.7627400159835815,1.7638700008392334
2023-10-04,1.7702900171279907,1.782039999961853,1.7682499885559082,1.7702900171279907
2023-10-05,1.7750999927520752,1.7764899730682373,1.7676000595092773,1.7750999927520752
2023-10-06,1.7675700187683105,1.772130012512207,1.7659000158309937,1.7675700187683105
2023-10-09,1.7691700458526611,1.769070029258728,1.7551000118255615,1.7691700458526611
2023-10-10,1.753890037536621,1.7631299495697021,1.7507100105285645,1.753890037536621
2023-10-11,1.755210041999817,1.7640299797058105,1.7527300119400024,1.755210041999817
2023-10-12,1.7649099826812744,1.775820016860962,1.7632999420166016,1.7649099826812744
2023-10-13,1.7792400121688843,1.7854700088500977,1.776900053024292,1.7792400121688843
2023-10-16,1.7811599969863892,1.7834299802780151,1.7750099897384644,1.7811599969863892
2023-10-17,1.7883000373840332,1.7957700490951538,1.7842999696731567,1.7883000373840332
2023-10-18,1.7935400009155273,1.7989799976348877,1.7880500555038452,1.7935400009155273
2023-10-19,1.80007004737854,1.8137400150299072,1.7989200353622437,1.80007004737854
2023-10-20,1.8121700286865234,1.8188300132751465,1.8115999698638916,1.8121700286865234
2023-10-23,1.8165500164031982,1.8240200281143188,1.8136999607086182,1.8165500164031982
2023-10-24,1.8235499858856201,1.824910044670105,1.8128700256347656,1.8235499858856201
2023-10-25,1.8111000061035156,1.819640040397644,1.8052200078964233,1.8111000061035156
2023-10-26,1.8242599964141846,1.826449990272522,1.8097000122070312,1.8242599964141846
2023-10-27,1.8123799562454224,1.8188600540161133,1.809340000152588,1.8123799562454224
2023-10-30,1.8183200359344482,1.8199000358581543,1.8097000122070312,1.8183200359344482
2023-10-31,1.8174899816513062,1.823449969291687,1.8147300481796265,1.8174899816513062
2023-11-01,1.8208999633789062,1.8253300189971924,1.8040200471878052,1.8208999633789062
2023-11-02,1.8005499839782715,1.8072400093078613,1.796970009803772,1.8005499839782715
2023-11-03,1.8004800081253052,1.803629994392395,1.7899099588394165,1.8004800081253052
2023-11-06,1.7897100448608398,1.7994199991226196,1.7884000539779663,1.7897100448608398
2023-11-07,1.797719955444336,1.8078900575637817,1.7968000173568726,1.797719955444336
2023-11-08,1.8022500276565552,1.8085800409317017,1.7973300218582153,1.8022500276565552
2023-11-09,1.8115500211715698,1.8120299577713013,1.799340009689331,1.8115500211715698
2023-11-10,1.8112800121307373,1.814520001411438,1.806839942932129,1.8112800121307373
2023-11-13,1.81358003616333,1.818269968032837,1.8115999698638916,1.81358003616333
2023-11-14,1.8188999891281128,1.8283599615097046,1.8122999668121338,1.8188999891281128
2023-11-15,1.8107000589370728,1.8118400573730469,1.7963999509811401,1.8107000589370728
2023-11-16,1.8003699779510498,1.8161200284957886,1.7994999885559082,1.8003699779510498
2023-11-17,1.8193399906158447,1.8247499465942383,1.8112000226974487,1.8193399906158447
2023-11-20,1.818910002708435,1.819949984550476,1.808840036392212,1.818910002708435
2023-11-21,1.8122199773788452,1.8124899864196777,1.7999199628829956,1.8122199773788452
2023-11-22,1.8030200004577637,1.8107999563217163,1.801069974899292,1.8030200004577637
2023-11-23,1.8082000017166138,1.8080799579620361,1.7989000082015991,1.8082000017166138
2023-11-24,1.802649974822998,1.8027100563049316,1.7965999841690063,1.802649974822998
2023-11-27,1.7999500036239624,1.805109977722168,1.7939000129699707,1.7999500036239624
2023-11-28,1.7955800294876099,1.7999000549316406,1.7892800569534302,1.7955800294876099
2023-11-29,1.7903499603271484,1.7927299737930298,1.773669958114624,1.7903499603271484
2023-11-30,1.7825000286102295,1.7832399606704712,1.7663400173187256,1.7825000286102295
2023-12-01,1.7689100503921509,1.7731000185012817,1.7532999515533447,1.7689100503921509
2023-12-04,1.7517000436782837,1.7597999572753906,1.7476999759674072,1.7517000436782837
2023-12-05,1.7578599452972412,1.7652299404144287,1.7556999921798706,1.7578599452972412
2023-12-06,1.7595800161361694,1.7596399784088135,1.7467700242996216,1.7595800161361694
2023-12-07,1.7533600330352783,1.7598899602890015,1.7489500045776367,1.7533600330352783
2023-12-08,1.7511999607086182,1.7583099603652954,1.7462999820709229,1.7511999607086182
2023-12-11,1.75764000415802,1.7624499797821045,1.7525999546051025,1.75764000415802
2023-12-12,1.7582000494003296,1.7641099691390991,1.7485400438308716,1.7582000494003296
2023-12-13,1.7593599557876587,1.7725399732589722,1.7583999633789062,1.7593599557876587
2023-12-14,1.7578599452972412,1.7734400033950806,1.7453800439834595,1.7578599452972412
2023-12-15,1.7693099975585938,1.7731200456619263,1.7519400119781494,1.7693099975585938
2023-12-18,1.7544499635696411,1.7595800161361694,1.7472000122070312,1.7544499635696411
2023-12-19,1.7579900026321411,1.75764000415802,1.7501100301742554,1.7579900026321411
2023-12-20,1.7520899772644043,1.7529000043869019,1.7381000518798828,1.751189947128296
2023-12-21,1.7496600151062012,1.7548199892044067,1.7454999685287476,1.7496600151062012
2023-12-22,1.7483999729156494,1.753749966621399,1.7457200288772583,1.7483999729156494
2023-12-25,1.7471400499343872,1.763800024986267,1.7347899675369263,1.7471400499343872
2023-12-26,1.7475700378417969,1.7485500574111938,1.7421000003814697,1.7475700378417969
2023-12-27,1.744789958000183,1.7534799575805664,1.7408000230789185,1.744789958000183
2023-12-28,1.7494200468063354,1.7589099407196045,1.7441999912261963,1.7494200468063354
2023-12-29,1.746940016746521,1.7541799545288086,1.740399956703186,1.746940016746521
2024-01-01,1.7461899518966675,1.7491999864578247,1.74590003490448,1.7461899518966675
2024-01-02,1.7476199865341187,1.7512999773025513,1.743399977684021,1.7476199865341187
2024-01-03,1.7507100105285645,1.7549699544906616,1.7458000183105469,1.7507100105285645
2024-01-04,1.7476600408554077,1.7590999603271484,1.7400399446487427,1.7476600408554077
2024-01-05,1.7567700147628784,1.760159969329834,1.7503999471664429,1.7567700147628784
2024-01-08,1.7509700059890747,1.7623000144958496,1.7489999532699585,1.7509700059890747
2024-01-09,1.751520037651062,1.7557899951934814,1.7490999698638916,1.751520037651062
2024-01-10,1.7524100542068481,1.7620799541473389,1.7490999698638916,1.7524100542068481
2024-01-11,1.7611000537872314,1.7645299434661865,1.753600001335144,1.7611000537872314
2024-01-12,1.7590800523757935,1.7599899768829346,1.7494800090789795,1.7590800523757935
2024-01-15,1.7562199831008911,1.7696000337600708,1.7562199831008911,1.7559599876403809
2024-01-16,1.7680000066757202,1.7717499732971191,1.7657300233840942,1.7680000066757202
2024-01-17,1.7714300155639648,1.7819099426269531,1.7683000564575195,1.7714300155639648
2024-01-18,1.7797000408172607,1.7818599939346313,1.7764899730682373,1.7797000408172607
2024-01-19,1.7778400182724,1.7863800525665283,1.7757600545883179,1.7778400182724
2024-01-22,1.7802000045776367,1.7865999937057495,1.7762000560760498,1.7803800106048584
2024-01-23,1.7908200025558472,1.7909799814224243,1.7820600271224976,1.7908200025558472
2024-01-24,1.7790100574493408,1.782960057258606,1.7734999656677246,1.7790100574493408
2024-01-25,1.7813999652862549,1.7823899984359741,1.7693400382995605,1.7813999652862549
2024-01-26,1.775480031967163,1.781149983406067,1.7728999853134155,1.775480031967163
2024-01-29,1.7794899940490723,1.7804499864578247,1.7656999826431274,1.7794899940490723
2024-01-30,1.7659399509429932,1.774090051651001,1.7595000267028809,1.7659399509429932
2024-01-31,1.7683299779891968,1.7715200185775757,1.7625000476837158,1.7683299779891968
2024-02-01,1.7675199508666992,1.77701997756958,1.7618000507354736,1.7675199508666992
2024-02-02,1.7694100141525269,1.7795900106430054,1.7661000490188599,1.7694100141525269
2024-02-05,1.7777999639511108,1.780709981918335,1.7714999914169312,1.7777999639511108
2024-02-06,1.7745100259780884,1.775230050086975,1.7684999704360962,1.7745100259780884
2024-02-07,1.7635300159454346,1.7654500007629395,1.7590700387954712,1.7635300159454346
2024-02-08,1.7636100053787231,1.769070029258728,1.7609100341796875,1.7636100053787231
2024-02-09,1.7645000219345093,1.764549970626831,1.7512799501419067,1.7645000219345093
2024-02-12,1.756410002708435,1.7616900205612183,1.755270004272461,1.756410002708435
2024-02-13,1.757930040359497,1.7695499658584595,1.7563999891281128,1.7575600147247314
2024-02-14,1.7677799463272095,1.7697900533676147,1.7583999633789062,1.7677799463272095
2024-02-15,1.761989951133728,1.7643400430679321,1.7589000463485718,1.761989951133728
2024-02-16,1.7627999782562256,1.7672499418258667,1.7598400115966797,1.7627999782562256
2024-02-19,1.7577500343322754,1.7577500343322754,1.751099944114685,1.7574700117111206
2024-02-20,1.7541199922561646,1.7556300163269043,1.7485100030899048,1.7541199922561646
2024-02-21,1.7527600526809692,1.7527899742126465,1.7441799640655518,1.7527600526809692
2024-02-22,1.7507400512695312,1.751539945602417,1.745300054550171,1.7507400512695312
2024-02-23,1.7473100423812866,1.750349998474121,1.7440999746322632,1.7473100423812866
2024-02-26,1.7491300106048584,1.7589399814605713,1.748270034790039,1.748769998550415
2024-02-27,1.7593599557876587,1.763260006904602,1.7569999694824219,1.7596299648284912
2024-02-28,1.757099986076355,1.7812299728393555,1.755519986152649,1.757099986076355
2024-02-29,1.777609944343567,1.78371000289917,1.7733999490737915,1.7776800394058228
2024-03-01,1.7753100395202637,1.7772200107574463,1.77183997631073,1.7753100395202637
2024-03-04,1.7762800455093384,1.781540036201477,1.7747000455856323,1.7762800455093384
2024-03-05,1.780500054359436,1.7867000102996826,1.7798000574111938,1.780500054359436
2024-03-06,1.7832499742507935,1.7866300344467163,1.7765599489212036,1.7832499742507935
2024-03-07,1.778540015220642,1.7785199880599976,1.7625800371170044,1.778540015220642
2024-03-08,1.772189974784851,1.7761499881744385,1.7650099992752075,1.772189974784851
2024-03-11,1.7708300352096558,1.7742600440979004,1.7689000368118286,1.7708300352096558
2024-03-12,1.7714799642562866,1.7771999835968018,1.7690000534057617,1.7714799642562866
2024-03-13,1.7768299579620361,1.778380036354065,1.7706999778747559,1.7768299579620361
2024-03-14,1.7766200304031372,1.7777400016784668,1.7723000049591064,1.7766200304031372
2024-03-15,1.776900053024292,1.7882499694824219,1.77701997756958,1.776900053024292
2024-03-18,1.7877999544143677,1.7898999452590942,1.7851999998092651,1.7877999544143677
2024-03-19,1.7875900268554688,1.7967300415039062,1.7877399921417236,1.7875900268554688
2024-03-20,1.7950999736785889,1.7990299463272095,1.7936999797821045,1.7950999736785889
2024-03-21,1.7960599660873413,1.7972400188446045,1.7892299890518188,1.7960599660873413
2024-03-22,1.7964600324630737,1.8040499687194824,1.794600009918213,1.7964600324630737
2024-03-25,1.8041499853134155,1.8058700561523438,1.7991000413894653,1.8041499853134155
2024-03-26,1.805840015411377,1.8070800304412842,1.8000999689102173,1.805840015411377
2024-03-27,1.8031200170516968,1.807569980621338,1.7999999523162842,1.8031200170516968
2024-03-28,1.8035999536514282,1.8097399473190308,1.8025000095367432,1.8035999536514282
2024-03-29,1.806399941444397,1.8062800168991089,1.8020999431610107,1.806399941444397
2024-04-01,1.802780032157898,1.806879997253418,1.8004000186920166,1.802780032157898
2024-04-02,1.8032000064849854,1.8064600229263306,1.8006000518798828,1.8032000064849854
2024-04-03,1.803820013999939,1.808750033378601,1.8020000457763672,1.803820013999939
2024-04-04,1.8019299507141113,1.8020600080490112,1.795300006866455,1.8019299507141113
2024-04-05,1.797819972038269,1.8038699626922607,1.7972999811172485,1.797819972038269
2024-04-08,1.803689956665039,1.8042199611663818,1.7962000370025635,1.803689956665039
2024-04-09,1.80007004737854,1.7999600172042847,1.7903000116348267,1.80007004737854
2024-04-10,1.7901999950408936,1.7974799871444702,1.784999966621399,1.7901999950408936
2024-04-11,1.7978099584579468,1.7984399795532227,1.7866100072860718,1.7978099584579468
2024-04-12,1.7874699831008911,1.7908999919891357,1.7836999893188477,1.7874699831008911
2024-04-15,1.7899999618530273,1.7970199584960938,1.7889000177383423,1.7899999618530273
2024-04-16,1.8000500202178955,1.8098900318145752,1.7985999584197998,1.8000500202178955
2024-04-17,1.8026399612426758,1.8036600351333618,1.7962900400161743,1.8026399612426758
2024-04-18,1.8043299913406372,1.8055200576782227,1.7985600233078003,1.8043299913406372
2024-04-19,1.802940011024475,1.813289999961853,1.8025399446487427,1.802940011024475
2024-04-22,1.8063299655914307,1.8066099882125854,1.799299955368042,1.8063600063323975
2024-04-23,1.799430012702942,1.8073400259017944,1.7972999811172485,1.799430012702942
2024-04-24,1.8020000457763672,1.8046599626541138,1.798200011253357,1.8020000457763672
2024-04-25,1.8024699687957764,1.8055700063705444,1.7976000308990479,1.8024699687957764
2024-04-26,1.7996000051498413,1.8039300441741943,1.7959200143814087,1.7996000051498413
2024-04-29,1.800130009651184,1.801609992980957,1.791599988937378,1.800130009651184
2024-04-30,1.794100046157837,1.8115899562835693,1.7937999963760376,1.794100046157837
2024-05-01,1.81413996219635,1.814560055732727,1.8086999654769897,1.81413996219635
2024-05-02,1.8073999881744385,1.810189962387085,1.8011000156402588,1.8073999881744385
2024-05-03,1.7989599704742432,1.8004599809646606,1.786679983139038,1.7989599704742432
2024-05-06,1.7898999452590942,1.7949999570846558,1.7874000072479248,1.7898999452590942
2024-05-07,1.7916899919509888,1.7929799556732178,1.7878999710083008,1.7916899919509888
2024-05-08,1.7925900220870972,1.7966099977493286,1.7905999422073364,1.7925900220870972
2024-05-09,1.7898600101470947,1.7924200296401978,1.786620020866394,1.7898600101470947
2024-05-10,1.786180019378662,1.7924400568008423,1.7853000164031982,1.786180019378662
2024-05-13,1.7895100116729736,1.7945599555969238,1.7879999876022339,1.7895100116729736
2024-05-14,1.7908999919891357,1.7952300310134888,1.7889000177383423,1.7908999919891357
2024-05-15,1.7894799709320068,1.7902300357818604,1.7797800302505493,1.7894799709320068
2024-05-16,1.7762199640274048,1.7807899713516235,1.7738300561904907,1.7762199640274048
2024-05-17,1.7745800018310547,1.7776700258255005,1.7716000080108643,1.7745800018310547
2024-05-20,1.770900011062622,1.780500054359436,1.771399974822998,1.770900011062622
2024-05-21,1.7771999835968018,1.782080054283142,1.7764999866485596,1.7771999835968018
2024-05-22,1.7812999486923218,1.7813899517059326,1.7646000385284424,1.7812999486923218
2024-05-23,1.7745699882507324,1.7746599912643433,1.7681000232696533,1.7745699882507324
2024-05-24,1.7733500003814697,1.7761399745941162,1.7714999914169312,1.7733500003814697
2024-05-27,1.7719500064849854,1.772189974784851,1.7634999752044678,1.7719500064849854
2024-05-28,1.7654099464416504,1.7684500217437744,1.7618000507354736,1.7654099464416504
2024-05-29,1.7671899795532227,1.7718900442123413,1.7641600370407104,1.7671899795532227
2024-05-30,1.766800045967102,1.7728099822998047,1.7666800022125244,1.766800045967102
2024-05-31,1.7709499597549438,1.77114999294281,1.7635999917984009,1.7709499597549438
2024-06-03,1.7650599479675293,1.7684199810028076,1.7574599981307983,1.7650599479675293
2024-06-04,1.7610299587249756,1.7651100158691406,1.7592999935150146,1.7610299587249756
2024-06-05,1.7622599601745605,1.7626299858093262,1.7542999982833862,1.7622599601745605
2024-06-06,1.7549899816513062,1.76187002658844,1.7524000406265259,1.7549899816513062
2024-06-07,1.7575600147247314,1.7699099779129028,1.7554999589920044,1.7575600147247314
2024-06-10,1.7651499509811401,1.7667700052261353,1.7542999982833862,1.7651499509811401
2024-06-11,1.7554999589920044,1.7595800161361694,1.7489999532699585,1.7554999589920044
2024-06-12,1.747499942779541,1.7523800134658813,1.7423499822616577,1.747499942779541
2024-06-13,1.747730016708374,1.7520699501037598,1.7416000366210938,1.747730016708374
2024-06-14,1.7429499626159668,1.7480599880218506,1.740399956703186,1.7429499626159668
2024-06-17,1.7430000305175781,1.7539900541305542,1.743299961090088,1.7430000305175781
2024-06-18,1.750309944152832,1.7583500146865845,1.7482000589370728,1.750309944152832
2024-06-19,1.7487599849700928,1.7532800436019897,1.7470999956130981,1.7487200498580933
2024-06-20,1.7506200075149536,1.7530699968338013,1.7480000257492065,1.7506200075149536
2024-06-21,1.7487200498580933,1.7504500150680542,1.7419999837875366,1.7487200498580933
2024-06-24,1.748829960823059,1.7544499635696411,1.7476999759674072,1.748829960823059
2024-06-25,1.7532700300216675,1.7546299695968628,1.748610019683838,1.7532700300216675
2024-06-26,1.7504500150680542,1.7580000162124634,1.7479000091552734,1.7504500150680542
2024-06-27,1.7566100358963013,1.7593799829483032,1.7517999410629272,1.7566100358963013
2024-06-28,1.7598999738693237,1.7651699781417847,1.7542999982833862,1.7598999738693237
2024-07-01,1.7600699663162231,1.7679100036621094,1.7597999572753906,1.7600699663162231
2024-07-02,1.7701599597930908,1.7745699882507324,1.76596999168396,1.7701599597930908
2024-07-03,1.7672499418258667,1.7730400562286377,1.7646600008010864,1.7672499418258667
2024-07-04,1.7661999464035034,1.7675399780273438,1.763100028038025,1.7661999464035034
2024-07-05,1.7683199644088745,1.7701799869537354,1.763100028038025,1.7683199644088745
2024-07-08,1.7627899646759033,1.767109990119934,1.7598999738693237,1.7627899646759033
2024-07-09,1.766469955444336,1.7697399854660034,1.7655999660491943,1.766469955444336
2024-07-10,1.7650699615478516,1.7827600240707397,1.763200044631958,1.7650699615478516
2024-07-11,1.77947998046875,1.7839000225067139,1.7762000560760498,1.77947998046875
2024-07-12,1.783869981765747,1.7882599830627441,1.778939962387085,1.783869981765747
2024-07-15,1.785770058631897,1.7927700281143188,1.7842999696731567,1.785770058631897
2024-07-16,1.793470025062561,1.8013900518417358,1.7930999994277954,1.793470025062561
2024-07-17,1.7963299751281738,1.800860047340393,1.792199969291687,1.7963299751281738
2024-07-18,1.7991100549697876,1.802970051765442,1.7961000204086304,1.7991100549697876
2024-07-19,1.8035900592803955,1.8100700378417969,1.8028199672698975,1.8035900592803955
2024-07-22,1.8091800212860107,1.8211100101470947,1.808899998664856,1.8091800212860107
2024-07-23,1.8206000328063965,1.8256399631500244,1.819700002670288,1.8206000328063965
2024-07-24,1.82260000705719,1.8336199522018433,1.8226399421691895,1.82260000705719
2024-07-25,1.8284800052642822,1.841439962387085,1.8286800384521484,1.8284800052642822
2024-07-26,1.8423800468444824,1.8449300527572632,1.8373500108718872,1.8423800468444824
2024-07-29,1.8421000242233276,1.845170021057129,1.840399980545044,1.8421000242233276
2024-07-30,1.8408499956130981,1.843309998512268,1.831279993057251,1.8408499956130981
2024-07-31,1.83256995677948,1.8359999656677246,1.8198800086975098,1.83256995677948
2024-08-01,1.8185700178146362,1.8207499980926514,1.8075100183486938,1.8185700178146362
2024-08-02,1.8171700239181519,1.8303699493408203,1.8116899728775024,1.8171700239181519
2024-08-05,1.834589958190918,1.862630009651184,1.8323700428009033,1.8308000564575195
2024-08-06,1.8402899503707886,1.8485599756240845,1.8315399885177612,1.8402899503707886
2024-08-07,1.8288899660110474,1.8291000127792358,1.8111000061035156,1.8288899660110474
2024-08-08,1.8254499435424805,1.8251399993896484,1.81482994556427,1.8254499435424805
2024-08-09,1.8164000511169434,1.8183399438858032,1.8092999458312988,1.8164000511169434
2024-08-12,1.820430040359497,1.820770025253296,1.8108999729156494,1.820430040359497
2024-08-13,1.8153200149536133,1.8161200284957886,1.8062000274658203,1.8153200149536133
2024-08-14,1.8087300062179565,1.836150050163269,1.8071099519729614,1.8087300062179565
2024-08-15,1.8351099491119385,1.838670015335083,1.8266500234603882,1.8351099491119385
2024-08-16,1.834630012512207,1.8344199657440186,1.8217999935150146,1.834630012512207
2024-08-19,1.8193000555038452,1.8217799663543701,1.8137199878692627,1.8193000555038452
2024-08-20,1.8120900392532349,1.8125499486923218,1.8025000095367432,1.8120900392532349
2024-08-21,1.8073300123214722,1.8118000030517578,1.805109977722168,1.8073300123214722
2024-08-22,1.81017005443573,1.8132599592208862,1.8052699565887451,1.81017005443573
2024-08-23,1.8094300031661987,1.8097599744796753,1.7985299825668335,1.8094300031661987
2024-08-26,1.7965999841690063,1.8018499612808228,1.7960000038146973,1.7965999841690063
2024-08-27,1.799149990081787,1.8015600442886353,1.7898099422454834,1.7991299629211426
2024-08-28,1.78997004032135,1.7913399934768677,1.7800999879837036,1.78997004032135
2024-08-29,1.7806899547576904,1.780419945716858,1.7649999856948853,1.7806899547576904
2024-08-30,1.7690600156784058,1.7724000215530396,1.7649999856948853,1.7690600156784058
2024-09-02,1.7679599523544312,1.7780400514602661,1.767300009727478,1.7679599523544312
2024-09-03,1.776170015335083,1.7874000072479248,1.7747100591659546,1.776170015335083
2024-09-04,1.7856600284576416,1.7912399768829346,1.7824000120162964,1.7856600284576416
2024-09-05,1.7908600568771362,1.7925299406051636,1.7828999757766724,1.7908600568771362
2024-09-06,1.7850600481033325,1.7953100204467773,1.7821400165557861,1.7850600481033325
2024-09-09,1.7965199947357178,1.8027000427246094,1.7906999588012695,1.7965199947357178
2024-09-10,1.7966099977493286,1.7989000082015991,1.7899999618530273,1.7966300249099731
2024-09-11,1.7918800115585327,1.8021299839019775,1.791890025138855,1.7918800115585327
2024-09-12,1.795549988746643,1.798490047454834,1.7890000343322754,1.795549988746643
2024-09-13,1.7906299829483032,1.7987099885940552,1.7894999980926514,1.7906299829483032
2024-09-16,1.798799991607666,1.8015799522399902,1.79489004611969,1.798799991607666
2024-09-17,1.7961699962615967,1.7993700504302979,1.792199969291687,1.7961699962615967
2024-09-18,1.7957199811935425,1.796180009841919,1.7856999635696411,1.7957199811935425
2024-09-19,1.7898199558258057,1.7921500205993652,1.7822999954223633,1.7898199558258057
2024-09-20,1.7892299890518188,1.794319987297058,1.7847000360488892,1.7892299890518188
2024-09-23,1.7760000228881836,1.7799999713897705,1.7746299505233765,1.7895699739456177
2024-09-24,1.7729899883270264,1.7777400016784668,1.7622300386428833,1.7729899883270264
2024-09-25,1.7617900371551514,1.7758100032806396,1.7608000040054321,1.7617900371551514
2024-09-26,1.7788399457931519,1.7804800271987915,1.7653900384902954,1.7788399457931519
2024-09-27,1.7644000053405762,1.772510051727295,1.7553999423980713,1.7644000053405762
2024-09-30,1.7589800357818604,1.7633600234985352,1.7502000331878662,1.7589800357818604
2024-10-01,1.7550400495529175,1.7628999948501587,1.7532999515533447,1.7550400495529175
2024-10-02,1.7608200311660767,1.7629499435424805,1.7530699968338013,1.7608200311660767
2024-10-03,1.7642899751663208,1.7757600545883179,1.764780044555664,1.7642899751663208
2024-10-04,1.7749099731445312,1.7831699848175049,1.7731000185012817,1.7749099731445312
2024-10-07,1.7808500528335571,1.7930799722671509,1.7776999473571777,1.7808500528335571
2024-10-08,1.7907600402832031,1.7970199584960938,1.7869600057601929,1.7907600402832031
2024-10-09,1.7901099920272827,1.807860016822815,1.7878299951553345,1.7901099920272827
2024-10-10,1.8022600412368774,1.8039300441741943,1.7943999767303467,1.8022600412368774
2024-10-11,1.7936099767684937,1.7963500022888184,1.7898999452590942,1.7936099767684937
2024-10-14,1.79312002658844,1.796929955482483,1.7892999649047852,1.79312002658844
2024-10-15,1.7907999753952026,1.793280005455017,1.7875900268554688,1.7907999753952026
2024-10-16,1.7971099615097046,1.8009599447250366,1.7908999919891357,1.7971099615097046
2024-10-17,1.7921899557113647,1.7946900129318237,1.7828999757766724,1.7921899557113647
2024-10-18,1.7867799997329712,1.7899099588394165,1.7835999727249146,1.7867799997329712
2024-10-21,1.7885299921035767,1.7948800325393677,1.7854000329971313,1.7885299921035767
2024-10-22,1.7956000566482544,1.7960699796676636,1.783619999885559,1.7956000566482544
2024-10-23,1.7858400344848633,1.7960400581359863,1.7839000225067139,1.7858400344848633
2024-10-24,1.794819951057434,1.7991100549697876,1.7879999876022339,1.794819951057434
2024-10-25,1.8014700412750244,1.8070499897003174,1.8004000186920166,1.8014700412750244
2024-10-28,1.8056800365447998,1.8110100030899048,1.8035000562667847,1.8056800365447998
2024-10-29,1.806730031967163,1.8122299909591675,1.8051999807357788,1.806730031967163
2024-10-30,1.8120700120925903,1.8167599439620972,1.8057500123977661,1.8120700120925903
2024-10-31,1.8185700178146362,1.8273999691009521,1.8141000270843506,1.8185700178146362
2024-11-01,1.8226399421691895,1.824120044708252,1.813599944114685,1.8226399421691895
2024-11-04,1.8161200284957886,1.8218599557876587,1.812000036239624,1.8161200284957886
2024-11-05,1.8170000314712524,1.8205100297927856,1.8169000148773193,1.8202500343322754
2024-11-06,1.81728994846344,1.8181500434875488,1.7972099781036377,1.81728994846344
2024-11-07,1.8070800304412842,1.808459997177124,1.7905999422073364,1.8070800304412842
2024-11-08,1.7925399541854858,1.7994600534439087,1.791200041770935,1.7925399541854858
2024-11-11,1.7958300113677979,1.7971700429916382,1.7847000360488892,1.7958300113677979
2024-11-12,1.7861299514770508,1.7914199829101562,1.7836999893188477,1.7861299514770508
2024-11-13,1.7923200130462646,1.7958699464797974,1.7886099815368652,1.7923200130462646
2024-11-14,1.7957600355148315,1.8006900548934937,1.7930999994277954,1.7957600355148315
2024-11-15,1.800089955329895,1.8021999597549438,1.795799970626831,1.800089955329895
2024-11-18,1.7965500354766846,1.8072199821472168,1.7948999404907227,1.7965500354766846
2024-11-19,1.798509955406189,1.8013800382614136,1.7901999950408936,1.798509955406189
2024-11-20,1.7918599843978882,1.7958400249481201,1.7901999950408936,1.7918599843978882
2024-11-21,1.7933900356292725,1.7972500324249268,1.7891099452972412,1.7933900356292725
2024-11-22,1.787369966506958,1.796339988708496,1.7749199867248535,1.787369966506958
2024-11-25,1.787619948387146,1.796090006828308,1.7861000299453735,1.787619948387146
2024-11-26,1.7971500158309937,1.8025200366973877,1.792099952697754,1.7971500158309937
2024-11-27,1.797320008277893,1.798930048942566,1.7812000513076782,1.797320008277893
2024-11-28,1.7913000583648682,1.793239951133728,1.7877899408340454,1.7919000387191772
2024-11-29,1.7911399602890015,1.7921199798583984,1.7812399864196777,1.7911399602890015
2024-12-02,1.7853800058364868,1.7872200012207031,1.778499960899353,1.7851099967956543
2024-12-03,1.7836999893188477,1.7903399467468262,1.7818000316619873,1.7836999893188477
2024-12-04,1.7867900133132935,1.7994500398635864,1.784999966621399,1.7867900133132935
2024-12-05,1.7948299646377563,1.8019299507141113,1.7905000448226929,1.7948299646377563
2024-12-06,1.7995400428771973,1.8123300075531006,1.7973999977111816,1.7995400428771973
2024-12-09,1.8094700574874878,1.8152799606323242,1.7970999479293823,1.8094700574874878
2024-12-10,1.8014099597930908,1.813349962234497,1.8014700412750244,1.8014099597930908
2024-12-11,1.815060019493103,1.8206000328063965,1.811750054359436,1.815060019493103
2024-12-12,1.8131999969482422,1.816409945487976,1.8075000047683716,1.8131999969482422
2024-12-13,1.8145899772644043,1.823099970817566,1.8128999471664429,1.8145899772644043
2024-12-16,1.8211699724197388,1.8234000205993652,1.8161100149154663,1.8211699724197388
2024-12-17,1.8157299757003784,1.8252700567245483,1.815000057220459,1.8157299757003784
2024-12-18,1.8224999904632568,1.8332699537277222,1.822100043296814,1.8224999904632568
2024-12-19,1.842479944229126,1.8477200269699097,1.8347899913787842,1.842479944229126
2024-12-20,1.8417099714279175,1.8461600542068481,1.8390899896621704,1.8417099714279175
2024-12-23,1.8459500074386597,1.8481199741363525,1.8385000228881836,1.8459500074386597
2024-12-24,1.8427599668502808,1.8450000286102295,1.8389999866485596,1.8427599668502808
2024-12-25,1.864799976348877,1.864799976348877,1.8288999795913696,1.864799976348877
2024-12-26,1.8400399684906006,1.8518099784851074,1.8372000455856323,1.8400399684906006
2024-12-27,1.8526699542999268,1.8540799617767334,1.8480000495910645,1.8526699542999268
2024-12-30,1.8492900133132935,1.8502099514007568,1.840399980545044,1.8492900133132935
2024-12-31,1.8453500270843506,1.853659987449646,1.843000054359436,1.8453500270843506
2025-01-02,1.8490500450134277,1.8499799966812134,1.8285800218582153,1.8490500450134277
2025-01-03,1.8357499837875366,1.8380999565124512,1.829800009727478,1.8357499837875366
2025-01-06,1.8348599672317505,1.8430500030517578,1.829859972000122,1.8348599672317505
2025-01-07,1.8413399457931519,1.8415499925613403,1.830899953842163,1.8413399457931519
2025-01-08,1.8354300260543823,1.8400499820709229,1.8335000276565552,1.8354300260543823
2025-01-09,1.8399800062179565,1.8457000255584717,1.8392000198364258,1.8399800062179565
2025-01-10,1.8401000499725342,1.8476699590682983,1.8387000560760498,1.8401000499725342
2025-01-13,1.8408199548721313,1.8436000347137451,1.8352999687194824,1.8408199548721313
2025-01-14,1.8317099809646606,1.839269995689392,1.823199987411499,1.8317099809646606
2025-01-15,1.8393700122833252,1.840019941329956,1.830399990081787,1.8393700122833252
2025-01-16,1.829110026359558,1.8387500047683716,1.8281400203704834,1.829110026359558
2025-01-17,1.8368899822235107,1.8459099531173706,1.8352999687194824,1.8368899822235107
2025-01-20,1.839359998703003,1.8425099849700928,1.8346999883651733,1.839359998703003
2025-01-21,1.8339600563049316,1.841599941253662,1.833490014076233,1.8339600563049316
2025-01-22,1.838170051574707,1.8420599699020386,1.8368200063705444,1.838170051574707
2025-01-23,1.8376599550247192,1.8407200574874878,1.8343000411987305,1.8376599550247192
2025-01-24,1.8351800441741943,1.8392200469970703,1.8284000158309937,1.8351800441741943
2025-01-27,1.8388099670410156,1.8487199544906616,1.83774995803833,1.8388099670410156
2025-01-28,1.8426300287246704,1.8452500104904175,1.8407000303268433,1.8426300287246704
2025-01-29,1.8406800031661987,1.844689965248108,1.8401000499725342,1.8406800031661987
2025-01-30,1.8401199579238892,1.8489500284194946,1.8392000198364258,1.8401199579238892
2025-01-31,1.8445500135421753,1.8461500406265259,1.8344000577926636,1.8445500135421753
2025-02-03,1.839769959449768,1.851349949836731,1.8380399942398071,1.839769959449768
2025-02-04,1.8351399898529053,1.8450599908828735,1.8339899778366089,1.8351399898529053
2025-02-05,1.8362900018692017,1.837499976158142,1.8270200490951538,1.8362900018692017
2025-02-06,1.8317999839782715,1.833631992340088,1.8279999494552612,1.828029990196228
2025-02-07,1.829990029335022,1.830839991569519,1.8248000144958496,1.829990029335022
2025-02-10,1.8258299827575684,1.8264800310134888,1.8214999437332153,1.8258299827575684
2025-02-11,1.8280999660491943,1.8302899599075317,1.8223700523376465,1.8280999660491943
2025-02-12,1.8313000202178955,1.8441799879074097,1.8271000385284424,1.8313000202178955
2025-02-13,1.8419300317764282,1.8492200374603271,1.840999960899353,1.8419300317764282
2025-02-14,1.8416999578475952,1.8423199653625488,1.8306299448013306,1.8416999578475952
2025-02-17,1.8295799493789673,1.8303300142288208,1.8249000310897827,1.8295799493789673
2025-02-18,1.8289300203323364,1.8357199430465698,1.8284000158309937,1.8289300203323364
2025-02-19,1.8313499689102173,1.8391300439834595,1.821470022201538,1.8313499689102173
2025-02-20,1.827720046043396,1.8296400308609009,1.8172999620437622,1.827720046043396
2025-02-21,1.8215899467468262,1.8222700357437134,1.81659996509552,1.8215899467468262
2025-02-24,1.8212300539016724,1.8290200233459473,1.8199000358581543,1.8212300539016724
2025-02-25,1.8266299962997437,1.83951997756958,1.8248000144958496,1.8266299962997437
2025-02-26,1.8356800079345703,1.8430999517440796,1.8350000381469727,1.8356800079345703
2025-02-27,1.8401299715042114,1.8458800315856934,1.8382999897003174,1.8401299715042114
2025-02-28,1.8471800088882446,1.8592499494552612,1.846500039100647,1.8471800088882446
2025-03-03,1.857759952545166,1.8673700094223022,1.855049967765808,1.857759952545166
2025-03-04,1.8677300214767456,1.875249981880188,1.8665000200271606,1.8677300214767456
2025-03-05,1.8764599561691284,1.8893200159072876,1.8743000030517578,1.8764599561691284
2025-03-06,1.8839399814605713,1.8884899616241455,1.8797800540924072,1.8839399814605713
2025-03-07,1.8803399801254272,1.9046399593353271,1.8792999982833862,1.8803399801254272
2025-03-10,1.9017599821090698,1.9023900032043457,1.886680006980896,1.9017599821090698
2025-03-11,1.9031399488449097,1.9167100191116333,1.9012999534606934,1.9031399488449097
2025-03-12,1.9105700254440308,1.9122200012207031,1.9042999744415283,1.9105700254440308
2025-03-13,1.8974299430847168,1.908310055732727,1.8957500457763672,1.8974299430847168
2025-03-14,1.9033499956130981,1.9055500030517578,1.8920600414276123,1.9033499956130981
2025-03-17,1.8913500308990479,1.89260995388031,1.878499984741211,1.8913500308990479
2025-03-18,1.8744900226593018,1.8819400072097778,1.871399998664856,1.8744900226593018
2025-03-19,1.8799799680709839,1.885830044746399,1.878000020980835,1.8799799680709839
2025-03-20,1.8734999895095825,1.892359972000122,1.8741999864578247,1.8734999895095825
2025-03-21,1.884179949760437,1.8877400159835815,1.8801000118255615,1.884179949760437
2025-03-24,1.8858799934387207,1.8932900428771973,1.8846999406814575,1.8858799934387207
2025-03-25,1.8864200115203857,1.8884600400924683,1.881500005722046,1.8864200115203857
2025-03-26,1.881500005722046,1.8851399421691895,1.8723000288009644,1.881500005722046
2025-03-27,1.8782000541687012,1.8807300329208374,1.8734300136566162,1.8782000541687012
2025-03-28,1.8828500509262085,1.892259955406189,1.8824000358581543,1.8828500509262085
2025-03-31,1.8964799642562866,1.9099400043487549,1.893970012664795,1.8964799642562866
2025-04-01,1.9078099727630615,1.9108599424362183,1.893630027770996,1.9078099727630615
2025-04-02,1.8892799615859985,1.8933600187301636,1.8795000314712524,1.8892799615859985
2025-04-03,1.9038100242614746,1.9109300374984741,1.8975000381469727,1.9038100242614746
2025-04-04,1.9074000120162964,1.9728599786758423,1.9068399667739868,1.9083900451660156
2025-04-07,1.9818899631500244,1.9827500581741333,1.946179986000061,1.9818899631500244
2025-04-08,1.9712200164794922,1.9763599634170532,1.9429999589920044,1.9712200164794922
2025-04-09,1.9896700382232666,2.00039005279541,1.9729000329971313,1.9896700382232666
2025-04-10,1.9423500299453735,1.9567699432373047,1.9234700202941895,1.9423500299453735
2025-04-11,1.9585299491882324,1.9744600057601929,1.9453699588775635,1.9585299491882324
2025-04-14,1.9434499740600586,1.9527599811553955,1.9313000440597534,1.9434499740600586
2025-04-15,1.9325499534606934,1.9326000213623047,1.9043300151824951,1.9325499534606934
2025-04-16,1.9155100584030151,1.9253900051116943,1.9135099649429321,1.9155100584030151
2025-04-17,1.9199700355529785,1.9255199432373047,1.902899980545044,1.9199700355529785
2025-04-22,1.9185199737548828,1.9194899797439575,1.9110599756240845,1.9185199737548828
2025-04-23,1.9044300317764282,1.9103200435638428,1.894320011138916,1.9044300317764282
2025-04-24,1.9027800559997559,1.9091299772262573,1.896880030632019,1.9027800559997559
2025-04-25,1.8989200592041016,1.9076100587844849,1.8910800218582153,1.8989200592041016
2025-04-28,1.9065300226211548,1.9130200147628784,1.903290033340454,1.9065300226211548
2025-04-29,1.9103100299835205,1.9241000413894653,1.9068000316619873,1.9103100299835205
2025-04-30,1.9183299541473389,1.926010012626648,1.909909963607788,1.9183299541473389
2025-05-01,1.9069199562072754,1.913640022277832,1.9007200002670288,1.9069199562072754
2025-05-02,1.9102200269699097,1.9142099618911743,1.9011000394821167,1.9102200269699097
2025-05-05,1.902250051498413,1.9043699502944946,1.892199993133545,1.902250051498413
2025-05-06,1.8976600170135498,1.8980400562286377,1.8889000415802002,1.8976600170135498
2025-05-07,1.8855500221252441,1.9009000062942505,1.8838399648666382,1.8855500221252441
2025-05-08,1.9032399654388428,1.9083199501037598,1.895840048789978,1.9032399654388428
2025-05-09,1.9024900197982788,1.9106099605560303,1.9017800092697144,1.9024900197982788
2025-05-12,1.8966399431228638,1.8999099731445312,1.8865699768066406,1.8966399431228638
2025-05-13,1.8929100036621094,1.8986799716949463,1.881309986114502,1.8929100036621094
2025-05-14,1.8843300342559814,1.8954600095748901,1.8804999589920044,1.8843300342559814
2025-05-15,1.8964200019836426,1.9084399938583374,1.8930200338363647,1.8964200019836426
2025-05-16,1.9054700136184692,1.909909963607788,1.8940999507904053,1.9054700136184692
2025-05-19,1.90024995803833,1.9095799922943115,1.8956999778747559,1.90024995803833
2025-05-20,1.893839955329895,1.9069700241088867,1.8924000263214111,1.893839955329895
2025-05-21,1.9043200016021729,1.9129999876022339,1.9008599519729614,1.9043200016021729
2025-05-22,1.9095799922943115,1.9153900146484375,1.907349944114685,1.9095799922943115
2025-05-23,1.9128199815750122,1.9137799739837646,1.8971999883651733,1.9128199815750122
2025-05-26,1.8978899717330933,1.9006600379943848,1.890679955482483,1.8978899717330933
2025-05-27,1.8996200561523438,1.90857994556427,1.8984400033950806,1.8996200561523438
2025-05-28,1.9058599472045898,1.9099700450897217,1.8916900157928467,1.9058599472045898
2025-05-29,1.8849999904632568,1.9018900394439697,1.8845000267028809,1.8849999904632568
2025-05-30,1.9030699729919434,1.9050400257110596,1.8970400094985962,1.9030699729919434
2025-06-02,1.9004000425338745,1.9003299474716187,1.8925199508666992,1.9004000425338745
2025-06-03,1.8935999870300293,1.9063800573349,1.8895800113677979,1.8935999870300293
2025-06-04,1.895359992980957,1.8979300260543823,1.8909900188446045,1.895359992980957
2025-06-05,1.894950032234192,1.8950899839401245,1.8860399723052979,1.894950032234192
2025-06-06,1.8954800367355347,1.8973699808120728,1.8901000022888184,1.8954800367355347
2025-06-09,1.8938699960708618,1.8948099613189697,1.8839000463485718,1.893489956855774
2025-06-10,1.8884999752044678,1.890570044517517,1.8824000358581543,1.8884999752044678
2025-06-11,1.8875900506973267,1.9023799896240234,1.8866699934005737,1.8875900506973267
2025-06-12,1.9064899682998657,1.9188200235366821,1.9057999849319458,1.9064899682998657
2025-06-13,1.9123400449752808,1.923140048980713,1.9110000133514404,1.9123400449752808
2025-06-16,1.9178999662399292,1.9208300113677979,1.9062999486923218,1.9178999662399292
2025-06-17,1.9094300270080566,1.9102599620819092,1.9017000198364258,1.9094300270080566
2025-06-18,1.9074699878692627,1.9107600450515747,1.904379963874817,1.9074699878692627
2025-06-19,1.903749942779541,1.9235399961471558,1.9026999473571777,1.903749942779541
2025-06-20,1.918280005455017,1.9305100440979004,1.9169600009918213,1.918280005455017
2025-06-23,1.9288300275802612,1.9486500024795532,1.927090048789978,1.9288300275802612
2025-06-24,1.934689998626709,1.9352799654006958,1.9212000370025635,1.934689998626709
2025-06-25,1.9317200183868408,1.933210015296936,1.923200011253357,1.9317200183868408
2025-06-26,1.9295400381088257,1.9350700378417969,1.9286999702453613,1.9295400381088257
2025-06-27,1.9296499490737915,1.937459945678711,1.9249999523162842,1.9296499490737915
2025-06-30,1.9338300228118896,1.9347100257873535,1.926300048828125,1.9338300228118896
2025-07-01,1.934630036354065,1.9380799531936646,1.9273200035095215,1.934630036354065
2025-07-02,1.9348299503326416,1.9428900480270386,1.9316999912261963,1.9348299503326416
2025-07-03,1.9379600286483765,1.9440499544143677,1.9369499683380127,1.9379600286483765
2025-07-04,1.9358700513839722,1.9465700387954712,1.9341000318527222,1.9358700513839722
2025-07-07,1.9467400312423706,1.9583699703216553,1.9467999935150146,1.9467400312423706
2025-07-08,1.9534300565719604,1.9549000263214111,1.9482899904251099,1.9534300565719604
2025-07-09,1.955199956893921,1.9581999778747559,1.9491499662399292,1.955199956893921
2025-07-10,1.9556599855422974,1.9568300247192383,1.9409899711608887,1.9556599855422974
2025-07-11,1.9366899728775024,1.948259949684143,1.9353400468826294,1.9366899728775024
2025-07-14,1.9446699619293213,1.955530047416687,1.9430099725723267,1.9446699619293213
2025-07-15,1.9527000188827515,1.9541900157928467,1.9452999830245972,1.9527000188827515
2025-07-16,1.9494199752807617,1.9629600048065186,1.9457000494003296,1.9494199752807617
2025-07-17,1.9569100141525269,1.9646799564361572,1.9545999765396118,1.9569100141525269
2025-07-18,1.9539899826049805,1.9550299644470215,1.9471299648284912,1.9539899826049805
2025-07-21,1.9537299871444702,1.9584499597549438,1.9500000476837158,1.9537299871444702
2025-07-22,1.9589699506759644,1.9676200151443481,1.9556599855422974,1.9589699506759644
2025-07-23,1.9564199447631836,1.9570900201797485,1.939479947090149,1.9564199447631836
2025-07-24,1.9467500448226929,1.9486000537872314,1.9400999546051025,1.9467500448226929
2025-07-25,1.9471999406814575,1.9551700353622437,1.9464999437332153,1.9471999406814575
2025-07-28,1.9530400037765503,1.9556900262832642,1.9437199831008911,1.9530400037765503
2025-07-29,1.9418200254440308,1.943750023841858,1.9358099699020386,1.9418200254440308
2025-07-30,1.9397300481796265,1.9408899545669556,1.9351400136947632,1.9397300481796265
2025-07-31,1.9344899654388428,1.9407000541687012,1.9276000261306763,1.9344899654388428
2025-08-01,1.9398000240325928,1.9595799446105957,1.9385000467300415,1.9398000240325928
2025-08-04,1.9589699506759644,1.9589099884033203,1.9533300399780273,1.9589699506759644
2025-08-05,1.9576499462127686,1.964110016822815,1.9551000595092773,1.9576499462127686
2025-08-06,1.9593600034713745,1.9637700319290161,1.9536999464035034,1.9593600034713745
2025-08-07,1.9671200513839722,1.9676200151443481,1.9537999629974365,1.9671200513839722
2025-08-08,1.9558000564575195,1.9592399597167969,1.9519000053405762,1.9558000564575195
2025-08-11,1.9578100442886353,1.962339997291565,1.9548399448394775,1.9578100442886353
2025-08-12,1.9555699825286865,1.9646600484848022,1.9538999795913696,1.9555699825286865
2025-08-13,1.9599299430847168,1.9641200304031372,1.9556000232696533,1.9599299430847168
2025-08-14,1.9583200216293335,1.9690899848937988,1.9550800323486328,1.9583200216293335
2025-08-15,1.9676200151443481,1.9747400283813477,1.9666999578475952,1.9676200151443481
2025-08-18,1.9743499755859375,1.9742200374603271,1.9659500122070312,1.9743499755859375
2025-08-19,1.969539999961853,1.976449966430664,1.964900016784668,1.969539999961853
2025-08-20,1.9740400314331055,2.0031299591064453,1.9728000164031982,1.9740400314331055
2025-08-21,1.9990899562835693,2.003000020980835,1.9943599700927734,1.9990899562835693
2025-08-22,1.9943900108337402,1.9995100498199463,1.9931000471115112,1.9943900108337402
2025-08-25,1.9960099458694458,1.9985899925231934,1.9887499809265137,1.996269941329956
2025-08-26,1.985610008239746,1.9943699836730957,1.985450029373169,1.985610008239746
2025-08-27,1.986549973487854,1.9904299974441528,1.9844900369644165,1.986549973487854
2025-08-28,1.9872100353240967,1.9890899658203125,1.983199954032898,1.9872100353240967
2025-08-29,1.9848500490188599,1.9848899841308594,1.9780700206756592,1.9848500490188599
2025-09-01,1.9816999435424805,1.9895399808883667,1.9795600175857544,1.9816999435424805
2025-09-02,1.9835599660873413,1.9923299551010132,1.982010006904602,1.9835599660873413
2025-09-03,1.984529972076416,1.9890899658203125,1.9829000234603882,1.984529972076416
2025-09-04,1.982640027999878,1.995609998703003,1.9804999828338623,1.982640027999878
2025-09-05,1.9921900033950806,1.9920400381088257,1.9843100309371948,1.9921900033950806
2025-09-08,1.9882999658584595,1.9895600080490112,1.9745999574661255,1.9882999658584595
2025-09-09,1.979599952697754,1.9817299842834473,1.9728000164031982,1.979599952697754
2025-09-10,1.974560022354126,1.9744999408721924,1.966040015220642,1.974560022354126
2025-09-11,1.9689300060272217,1.9739700555801392,1.9638999700546265,1.9689300060272217
2025-09-12,1.9627399444580078,1.9706100225448608,1.961899995803833,1.9627399444580078
2025-09-15,1.9696099758148193,1.9737800359725952,1.9663000106811523,1.9696099758148193
2025-09-16,1.9707599878311157,1.982699990272522,1.9700599908828735,1.9707599878311157
2025-09-17,1.9811999797821045,1.986009955406189,1.9771000146865845,1.9811999797821045
2025-09-18,1.9919999837875366,2.0072999000549316,1.9914000034332275,1.9919999837875366
2025-09-19,2.0010900497436523,2.009399890899658,1.9996000528335571,2.0010900497436523
2025-09-22,2.0058000087738037,2.0110599994659424,2.0009000301361084,2.0058000087738037
2025-09-23,2.0106000900268555,2.0176000595092773,2.0095999240875244,2.0106000900268555
2025-09-24,2.0170600414276123,2.0201199054718018,2.0113000869750977,2.0170600414276123
2025-09-25,2.018899917602539,2.0245800018310547,2.0141000747680664,2.018899917602539
2025-09-26,2.023469924926758,2.028209924697876,2.0230000019073486,2.023469924926758
2025-09-29,2.025789976119995,2.0307400226593018,2.0223801136016846,2.025789976119995
2025-09-30,2.0291099548339844,2.0297000408172607,2.0206799507141113,2.0291099548339844
2025-10-01,2.024739980697632,2.0281898975372314,2.0160999298095703,2.024739980697632
2025-10-02,2.014899969100952,2.0179100036621094,2.0105199813842773,2.014899969100952
2025-10-03,2.0137999057769775,2.0157999992370605,2.0100998878479004,2.0137999057769775
2025-10-06,2.01065993309021,2.0119099617004395,2.0002899169921875,2.01065993309021
2025-10-07,2.004610061645508,2.0113000869750977,2.003959894180298,2.004610061645508
2025-10-08,2.010040044784546,2.0255799293518066,2.007999897003174,2.010040044784546
2025-10-09,2.010809898376465,2.014630079269409,2.0048999786376953,2.010809898376465
2025-10-10,2.0105199813842773,2.030400037765503,2.0090999603271484,2.0105199813842773
2025-10-13,2.025629997253418,2.027139902114868,2.017699956893921,2.025629997253418
2025-10-14,2.0229599475860596,2.0346200466156006,2.0185000896453857,2.0229599475860596
2025-10-15,2.030630111694336,2.033799886703491,2.028599977493286,2.030630111694336
2025-10-16,2.0372300148010254,2.038909912109375,2.027899980545044,2.0372300148010254
2025-10-17,2.042840003967285,2.048409938812256,2.0348498821258545,2.042840003967285
2025-10-20,2.0337600708007812,2.0351099967956543,2.0261800289154053,2.0337600708007812
2025-10-21,2.02620005607605,2.0348498821258545,2.01990008354187,2.02620005607605
2025-10-22,2.0199999809265137,2.021939992904663,2.015199899673462,2.0199999809265137
2025-10-23,2.0234100818634033,2.024669885635376,2.016200065612793,2.0234100818634033
2025-10-24,2.018549919128418,2.0256800651550293,2.016779899597168,2.018549919128418
2025-10-27,2.01921010017395,2.021509885787964,2.0148000717163086,2.01921010017395
2025-10-28,2.0173099040985107,2.0224900245666504,2.01459002494812,2.0173099040985107
2025-10-29,2.0155398845672607,2.017169952392578,2.0074000358581543,2.0155398845672607
2025-10-30,2.0129098892211914,2.0195798873901367,2.008699893951416,2.0129098892211914
2025-10-31,2.014090061187744,2.023210048675537,2.011460065841675,2.014090061187744
2025-11-03,2.013849973678589,2.021820068359375,2.012079954147339,2.013849973678589
2025-11-04,2.0183300971984863,2.0325000286102295,2.0181000232696533,2.0183300971984863
2025-11-05,2.035290002822876,2.0398199558258057,2.0278398990631104,2.035290002822876
2025-11-06,2.028549909591675,2.050539970397949,2.0284600257873535,2.028549909591675
2025-11-07,2.0479800701141357,2.0638599395751953,2.0467000007629395,2.0479800701141357
2025-11-10,2.0527501106262207,2.054379940032959,2.046999931335449,2.051330089569092
2025-11-11,2.0475099086761475,2.052000045776367,2.045490026473999,2.0475399494171143
2025-11-12,2.0486199855804443,2.049410104751587,2.0425000190734863,2.0480899810791016
2025-11-13,2.047070026397705,2.0548999309539795,2.044300079345703,2.047110080718994
2025-11-14,2.05826997756958,2.0592401027679443,2.0405800342559814,2.0579700469970703
2025-11-17,2.046370029449463,2.049839973449707,2.041029930114746,2.046149969100952
2025-11-18,2.0501298904418945,2.0560100078582764,2.0425000190734863,2.0495998859405518
2025-11-19,2.046180009841919,2.0608999729156494,2.046180009841919,2.0463099479675293
2025-11-20,2.0550100803375244,2.060539960861206,2.0464999675750732,2.0543999671936035
2025-11-21,2.062920093536377,2.063839912414551,2.0508499145507812,2.062580108642578
2025-11-24,2.0500800609588623,2.059809923171997,2.0500800609588623,2.0500600337982178
2025-11-25,2.0526599884033203,2.06742000579834,2.0502800941467285,2.0519700050354004
2025-11-26,2.0556600093841553,2.0564301013946533,2.033829927444458,2.0560998916625977
2025-11-27,2.033220052719116,2.033220052719116,2.023200035095215,2.033519983291626
2025-11-28,2.024369955062866,2.0279300212860107,2.0205299854278564,2.0243499279022217
2025-12-01,2.0222599506378174,2.028700113296509,2.020699977874756,2.0223500728607178
2025-12-02,2.026979923248291,2.031630039215088,2.02020001411438,2.027009963989258
2025-12-03,2.025099992752075,2.0335299968719482,2.0208001136779785,2.0250000953674316
2025-12-04,2.0205299854278564,2.024369955062866,2.0184600353240967,2.0204598903656006
2025-12-05,2.0214099884033203,2.0216898918151855,2.0136001110076904,2.0209999084472656
2025-12-08,2.015470027923584,2.0186500549316406,2.010999917984009,2.0149199962615967
2025-12-09,2.0150699615478516,2.0172200202941895,2.0073699951171875,2.0143001079559326
2025-12-10,2.011630058288574,2.0172200202941895,2.009000062942505,2.0117900371551514
2025-12-11,2.0116400718688965,2.021359920501709,2.0100998878479004,2.0113399028778076
2025-12-12,2.0207200050354004,2.026789903640747,2.0160200595855713,2.020780086517334
2025-12-15,2.022670030593872,2.0343899726867676,2.020250082015991,2.022830009460449
2025-12-16,2.031219959259033,2.0397000312805176,2.028700113296509,2.03125
2025-12-17,2.0309200286865234,2.034130096435547,2.026700019836426,2.0311899185180664
2025-12-18,2.0348498821258545,2.03941011428833,2.02839994430542,2.034670114517212
2025-12-19,2.029900074005127,2.041179895401001,2.027630090713501,2.029910087585449
2025-12-22,2.034019947052002,2.0343499183654785,2.026099920272827,2.0341899394989014
2025-12-23,2.029400110244751,2.029400110244751,2.017620086669922,2.0292699337005615
2025-12-24,2.0183000564575195,2.0209898948669434,2.0153000354766846,2.0185999870300293
2025-12-26,2.019059896469116,2.0242300033569336,2.0169999599456787,2.018970012664795
2025-12-29,2.020250082015991,2.032059907913208,2.017899990081787,2.0203099250793457
2025-12-30,2.027050018310547,2.0300400257110596,2.022599935531616,2.0269200801849365
2025-12-31,2.028170108795166,2.0438098907470703,2.0269999504089355,2.0282399654388428
2026-01-02,2.0405900478363037,2.042680025100708,2.0292000770568848,2.0406699180603027
2026-01-05,2.033489942550659,2.0356199741363525,2.021699905395508,2.0335099697113037
2026-01-06,2.0243899822235107,2.0260400772094727,2.0197501182556152,2.02455997467041
2026-01-07,2.0210399627685547,2.0233800411224365,2.016900062561035,2.0208001136779785
2026-01-08,2.022170066833496,2.0327699184417725,2.0220999717712402,2.0223100185394287
2026-01-09,2.0273098945617676,2.0343799591064453,2.026900053024292,2.0264999866485596
2026-01-12,2.0289199352264404,2.0315299034118652,2.024199962615967,2.0285699367523193
2026-01-13,2.0201001167297363,2.0290000438690186,2.016700029373169,2.020859956741333
2026-01-14,2.028599977493286,2.030489921569824,2.024399995803833,2.0285398960113525
2026-01-15,2.026700019836426,2.0306100845336914,2.0196499824523926,2.027139902114868
2026-01-16,2.020750045776367,2.020750045776367,2.013700008392334,2.0210700035095215
2026-01-19,2.0161800384521484,2.018589973449707,2.007499933242798,2.0168399810791016
2026-01-20,2.00888991355896,2.0126900672912598,1.9982999563217163,2.0089499950408936
2026-01-21,2.012160062789917,2.013629913330078,1.999079942703247,2.0124599933624268
2026-01-22,1.9996000528335571,2.0006799697875977,1.9879000186920166,1.99931001663208
2026-01-23,1.9863899946212769,1.9912300109863281,1.9838999509811401,1.9865599870681763
2026-01-26,1.9894200563430786,1.9912199974060059,1.9823100566864014,1.9893699884414673
2026-01-27,1.9889400005340576,1.992460012435913,1.9874999523162842,1.9889099597930908
2026-01-28,1.993880033493042,1.995479941368103,1.9789400100708008,1.9934200048446655
2026-01-29,1.9747400283813477,1.978350043296814,1.9653500318527222,1.9746299982070923
2026-01-30,1.968999981880188,1.9734400510787964,1.9606300592422485,1.9694099426269531
2026-02-02,1.970479965209961,1.9772100448608398,1.9640100002288818,1.970020055770874
2026-02-03,1.961400032043457,1.964709997177124,1.9494999647140503,1.962820053100586
2026-02-04,1.9558099508285522,1.9686000347137451,1.9545700550079346,1.955430030822754
2026-02-05,1.9675300121307373,1.9740999937057495,1.9637999534606934,1.967329978942871
2026-02-06,1.98294997215271,1.9852099418640137,1.9611999988555908,1.9830399751663208
2026-02-09,1.9606800079345703,1.9766099452972412,1.9603500366210938,1.9602899551391602
2026-02-10,1.96589994430542,1.9733200073242188,1.96589994430542,1.966599941253662
2026-02-11,1.9676599502563477,1.9680399894714355,1.9567899703979492,1.9677499532699585
2026-02-12,1.9631600379943848,1.9652800559997559,1.955299973487854,1.9632699489593506
2026-02-13,1.9667999744415283,1.9699900150299072,1.9629000425338745,1.9672900438308716
2026-02-16,1.9668500423431396,1.9682300090789795,1.9609999656677246,1.966770052909851
2026-02-17,1.964460015296936,1.966860055923462,1.9572999477386475,1.9644399881362915
2026-02-18,1.9592900276184082,1.976580023765564,1.9581999778747559,1.9591599702835083
2026-02-19,1.9753400087356567,1.9778000116348267,1.968500018119812,1.9752600193023682
2026-02-20,1.9707000255584717,1.979140043258667,1.9702999591827393,1.9701999425888062
2026-02-23,1.9712599515914917,1.9787399768829346,1.9710500240325928,1.971060037612915
2026-02-24,1.9781800508499146,1.9803400039672852,1.9732099771499634,1.9786499738693237
2026-02-25,1.9740899801254272,1.9753199815750122,1.969670057296753,1.973680019378662
2026-02-26,1.9688600301742554,1.977489948272705,1.9658900499343872,1.9688299894332886
2026-02-27,1.973230004310608,1.9746700525283813,1.9674299955368042,1.9735100269317627
2026-03-02,1.9737399816513062,1.975909948348999,1.9670300483703613,1.9737600088119507
2026-03-03,1.965499997138977,1.9772299528121948,1.9645999670028687,1.966130018234253
2026-03-04,1.971850037574768,1.975350022315979,1.961150050163269,1.9708000421524048
2026-03-05,1.9597300291061401,1.9686800241470337,1.9561899900436401,1.9594099521636963
2026-03-06,1.9682600498199463,1.9723299741744995,1.9631999731063843,1.9681299924850464
2026-03-09,1.9693599939346313,1.9693599939346313,1.954300045967102,1.969539999961853
2026-03-10,1.9599699974060059,1.9658499956130981,1.9536000490188599,1.959879994392395
2026-03-11,1.9594299793243408,1.9608700275421143,1.951490044593811,1.9597400426864624
2026-03-12,1.9570000171661377,1.9661500453948975,1.9524999856948853,1.9578200578689575
2026-03-13,1.9680500030517578,1.9766299724578857,1.965399980545044,1.968269944190979
2026-03-16,1.9724400043487549,1.9736000299453735,1.9624300003051758,1.9723700284957886
2026-03-17,1.9642900228500366,1.974310040473938,1.9629000425338745,1.9643900394439697
2026-03-18,1.9693100452423096,1.976789951324463,1.96589994430542,1.9693700075149536
2026-03-19,1.9780199527740479,1.9806100130081177,1.9692399501800537,1.9777400493621826
2026-03-20,1.9720799922943115,1.9777799844741821,1.9630999565124512,1.972790002822876
2026-03-23,1.9818999767303467,1.9934099912643433,1.9752000570297241,1.982450008392334
2026-03-24,1.9822900295257568,1.9914799928665161,1.982100009918213,1.9828799962997437
2026-03-25,1.9897899627685547,1.9955999851226807,1.9880000352859497,1.9894499778747559
2026-03-26,1.9905999898910522,1.9981600046157837,1.9904999732971191,1.9911500215530396
2026-03-27,2.001800060272217,2.003959894180298,1.9950000047683716,2.001300096511841
2026-03-30,2.00570011138916,2.009819984436035,2.003159999847412,2.0063400268554688
2026-03-31,2.0037100315093994,2.020169973373413,2.002120018005371,2.003849983215332
2026-04-01,2.0110700130462646,2.0171499252319336,2.0081000328063965,2.0102999210357666
2026-04-02,2.0151000022888184,2.021589994430542,2.0136001110076904,2.0157198905944824
2026-04-03,2.018359899520874,2.024019956588745,2.0171000957489014,2.0179998874664307
2026-04-06,2.023509979248047,2.023699998855591,2.0169999599456787,2.024019956588745
2026-04-07,2.0190000534057617,2.031019926071167,2.0190000534057617,2.0196499824523926
2026-04-08,2.0105700492858887,2.016479969024658,1.9997999668121338,2.0111498832702637
2026-04-09,2.0009100437164307,2.003350019454956,1.994439959526062,2.0014100074768066
2026-04-10,1.9980299472808838,2.006730079650879,1.9961999654769897,1.9983099699020386
2026-04-13,2.0107998847961426,2.0116500854492188,2.0023999214172363,2.010999917984009
2026-04-14,2.0039799213409424,2.0078001022338867,1.9940999746322632,2.0039000511169434
2026-04-15,1.9974000453948975,1.999690055847168,1.9946000576019287,1.9976999759674072
2026-04-16,1.9967999458312988,2.0007801055908203,1.9944000244140625,1.997040033340454
2026-04-17,2.001310110092163,2.0050899982452393,1.99590003490448,2.0009000301361084
2026-04-20,2.0011401176452637,2.0045599937438965,1.9982000589370728,2.0007998943328857
2026-04-21,1.9945100545883179,1.9954700469970703,1.9880399703979492,1.9944000244140625
2026-04-22,1.9904600381851196,1.9904600381851196,1.9811999797821045,1.9911799430847168
2026-04-23,1.9821699857711792,1.9918400049209595,1.9812999963760376,1.9811999797821045
2026-04-24,1.995129942893982,1.9987599849700928,1.9925999641418457,1.9959299564361572
2026-04-27,1.9939299821853638,1.9939299821853638,1.981909990310669,1.9931999444961548
2026-04-28,1.9824299812316895,1.9918899536132812,1.9809000492095947,1.982800006866455
2026-04-29,1.9883999824523926,2.004300117492676,1.9878000020980835,1.989799976348877
2026-04-30,2.0007901191711426,2.003469944000244,1.9875999689102173,2.000610113143921
2026-05-01,1.9852999448776245,1.9937399625778198,1.9850000143051147,1.9855899810791016
2026-05-04,1.9855400323867798,1.992550015449524,1.9803999662399292,1.9853500127792358
2026-05-05,1.9902000427246094,1.9937000274658203,1.982800006866455,1.9901000261306763
2026-05-06,1.984820008277893,1.984820008277893,1.9691799879074097,1.9845800399780273
2026-05-07,1.9731299877166748,1.9739899635314941,1.965999960899353,1.973039984703064
2026-05-08,1.9748200178146362,1.9776599407196045,1.9710999727249146,1.9753600358963013
2026-05-11,1.9776300191879272,1.9795500040054321,1.973099946975708,1.977579951286316
2026-05-12,1.9744700193405151,1.9777899980545044,1.9708000421524048,1.974429965019226
2026-05-13,1.9711799621582031,1.976789951324463,1.9671000242233276,1.9715499877929688
2026-05-14,1.975160002708435,1.9762099981307983,1.9711999893188477,1.974910020828247
2026-05-15,1.975100040435791,1.9909800291061401,1.9737999439239502,1.9753899574279785
2026-05-18,1.990689992904663,1.9933500289916992,1.9814300537109375,1.991170048713684
2026-05-19,1.983739972114563,1.9933300018310547,1.983739972114563,1.9840600490570068
2026-05-20,1.9901599884033203,1.9934500455856323,1.9775999784469604,1.9895000457763672
2026-05-21,1.980780005455017,1.9850300550460815,1.976699948310852,1.9809499979019165
2026-05-22,1.9766000509262085,1.9831199645996094,1.9753999710083008,1.9758599996566772
2026-05-25,1.9818999767303467,1.9837700128555298,1.9793000221252441,1.9822100400924683
2026-05-26,1.9848699569702148,1.9921400547027588,1.9848699569702148,1.9847300052642822
2026-05-27,1.9914900064468384,1.9925899505615234,1.9708499908447266,1.9912999868392944
2026-05-28,1.9713300466537476,1.9764800071716309,1.9646999835968018,1.9716600179672241
2026-05-29,1.9602400064468384,1.960479974746704,1.944599986076355,1.9598400592803955
2026-06-01,1.947659969329834,1.9637099504470825,1.9472999572753906,1.9466999769210815
2026-06-02,1.9602999687194824,1.9664900302886963,1.9592000246047974,1.9595799446105957
2026-06-03,1.9624300003051758,1.9777300357818604,1.9585000276565552,1.962249994277954
2026-06-04,1.9773199558258057,1.9800699949264526,1.975119948387146,1.9773099422454834
2026-06-05,1.9780499935150146,1.9869099855422974,1.9780499935150146,1.9780399799346924
2026-06-08,1.9879499673843384,1.9896399974822998,1.9771900177001953,1.9874999523162842
2026-06-09,1.98649001121521,1.9876500368118286,1.9749000072479248,1.986199975013733
2026-06-10,1.9853099584579468,1.9889600276947021,1.9809999465942383,1.986240029335022
2026-06-11,1.9902299642562866,1.996809959411621,1.9890999794006348,1.990820050239563
2026-06-12,1.9851100444793701,1.9893100261688232,1.9836000204086304,1.984179973602295
2026-06-15,1.9811999797821045,1.9889999628067017,1.9810999631881714,1.981600046157837
2026-06-16,1.9882999658584595,1.9970999956130981,1.986199975013733,1.989050030708313
2026-06-17,1.9912500381469727,1.995959997177124,1.9899200201034546,1.9908499717712402
2026-06-18,1.9920799732208252,1.992650032043457,1.98580002784729,1.9923499822616577
2026-06-19,1.990880012512207,2.0000898838043213,1.988800048828125,1.9905999898910522
2026-06-22,1.998810052871704,2.0011301040649414,1.9951000213623047,1.998479962348938
2026-06-23,2.0005500316619873,2.0093600749969482,2.0005500316619873,2.0006299018859863
2026-06-24,2.0083200931549072,2.013469934463501,2.0064001083374023,2.008430004119873
2026-06-25,2.01200008392334,2.0166399478912354,2.0100300312042236,2.0114998817443848
2026-06-26,2.0129899978637695,2.021859884262085,2.0120999813079834,2.0132899284362793
2026-06-29,2.018850088119507,2.0235700607299805,2.014699935913086,2.0184500217437744
2026-06-30,2.0208799839019775,2.022599935531616,2.0088000297546387,2.0199999809265137
2026-07-01,2.0109100341796875,2.014159917831421,2.0039401054382324,2.0110299587249756
2026-07-02,2.0047900676727295,2.0107600688934326,2.0027999877929688,2.0047600269317627
2026-07-03,2.0064098834991455,2.0071699619293213,2.0000998973846436,2.0064799785614014
2026-07-06,2.006279945373535,2.0108699798583984,2.0048000812530518,2.0053300857543945
2026-07-07,2.0062999725341797,2.010970115661621,2.005199909210205,2.0067501068115234
2026-07-08,2.0092499256134033,2.0093300342559814,1.996399998664856,2.008729934692383
2026-07-09,1.9981399774551392,1.9982600212097168,1.985450029373169,1.997499942779541
2026-07-10,1.9840500354766846,1.984910011291504,1.9778000116348267,1.9837000370025635
2026-07-13,1.980370044708252,1.9820400476455688,1.9740999937057495,1.9803800582885742
2026-07-14,1.974679946899414,1.976040005683899,1.961400032043457,1.9749300479888916
2026-07-15,1.9653300046920776,1.9680099487304688,1.957550048828125,1.9651800394058228
2026-07-16,1.961169958114624,1.9645299911499023,1.954699993133545,1.9607000350952148
2026-07-17,1.95878005027771,1.963539958000183,1.9562599658966064,1.959089994430542
2026-07-20,1.9573099613189697,1.9576400518417358,1.9500999450683594,1.9567400217056274
2026-07-21,1.9504200220108032,1.95864999294281,1.9437099695205688,1.9502999782562256
2026-07-22,1.9565999507904053,1.9623600244522095,1.954699993133545,1.9570900201797485
2026-07-23,1.9627100229263306,1.9725799560546875,1.9607000350952148,1.9622100591659546
2026-07-24,1.969499945640564,1.970710039138794,1.962399959564209,1.969849944114685
2026-07-27,1.9644700288772583,1.9696099758148193,1.9628000259399414,1.964400053024292
2026-07-28,1.970579981803894,1.9718600511550903,1.9658000469207764,1.970289945602417
2026-07-29,1.9688700437545776,1.9734599590301514,1.966920018196106,1.9692100286483765
2026-07-30,1.9752999544143677,1.9769099950790405,1.9591000080108643,1.9752999544143677
2026-07-31,1.9613900184631348,1.9635100364685059,1.9551500082015991,1.9610899686813354
2026-08-03,1.9567699432373047,1.9662699699401855,1.9551899433135986,1.9571199417114258
2026-08-04,1.9606000185012817,1.962380051612854,1.9551000595092773,1.9605000019073486
2026-08-05,1.9623899459838867,1.9684699773788452,1.9607000350952148,1.9623299837112427
2026-08-06,1.9630500078201294,1.966539978981018,1.9600000381469727,1.9628100395202637
2026-08-07,1.9638999700546265,1.9653899669647217,1.9602199792861938,1.963819980621338
2026-08-10,1.962630033493042,1.9643399715423584,1.9592000246047974,1.961899995803833
2026-08-11,1.960919976234436,1.9650499820709229,1.9579999446868896,1.9608099460601807
2026-08-12,1.9632799625396729,1.9696400165557861,1.962499976158142,1.9631999731063843
2026-08-13,1.9673899412155151,1.9773499965667725,1.9660999774932861,1.966729998588562
2026-08-14,1.9701499938964844,1.9701499938964844,1.962380051612854,1.9701199531555176
2026-08-17,1.9639300107955933,1.9639300107955933,1.9562000036239624,1.964709997177124
2026-08-18,1.960960030555725,1.9702800512313843,1.9596999883651733,1.961210012435913
2026-08-19,1.9714399576187134,1.9753400087356567,1.9658000469207764,1.970810055732727
2026-08-20,1.9665800333023071,1.9669699668884277,1.9599000215530396,1.9666600227355957
2026-08-21,1.962630033493042,1.9632400274276733,1.9519000053405762,1.9629199504852295
2026-08-24,1.9540799856185913,1.9586600065231323,1.9524999856948853,1.9541499614715576
2026-08-25,1.9555200338363647,1.9603899717330933,1.953529953956604,1.955680012702942
2026-08-26,1.9536199569702148,1.96274995803833,1.952299952507019,1.9534800052642822
2026-08-27,1.9589999914169312,1.961590051651001,1.9560999870300293,1.9592000246047974
2026-08-28,1.956820011138916,1.961459994316101,1.9519000053405762,1.9569400548934937
2026-08-31,1.9574799537658691,1.965019941329956,1.9566999673843384,1.9574300050735474
2026-09-01,1.9616700410842896,1.9676799774169922,1.9600000381469727,1.9616299867630005
2026-09-02,1.966670036315918,1.993649959564209,1.9635499715805054,1.96628999710083
2026-09-03,1.979490041732788,1.9823800325393677,1.9744999408721924,1.9799100160598755
2026-09-04,1.9758199453353882,1.978309988975525,1.9701999425888062,1.9756100177764893
2026-09-07,1.9736700057983398,1.9788399934768677,1.9736700057983398,1.974179983139038
2026-09-08,1.9763699769973755,1.9887399673461914,1.9759999513626099,1.9765100479125977
2026-09-09,1.9842900037765503,1.99344003200531,1.983199954032898,1.9845099449157715
2026-09-10,1.9905400276184082,2.0027499198913574,1.9871000051498413,1.9904299974441528
2026-09-11,1.9994900226593018,1.9994900226593018,1.989300012588501,1.9997700452804565
2026-09-14,1.9951599836349487,2.002840042114258,1.9951599836349487,1.99481999874115
2026-09-15,1.998479962348938,2.007240056991577,1.9970999956130981,1.9985100030899048
2026-09-16,2.006350040435791,2.0109100341796875,2.0006000995635986,2.0059800148010254
2026-09-17,2.0047199726104736,2.0064899921417236,1.9981000423431396,2.0051300525665283
2026-09-18,2.00393009185791,2.009079933166504,2.001430034637451,2.0034000873565674
2026-09-21,2.005889892578125,2.008310079574585,2.00219988822937,2.0063600540161133
2026-09-22,2.007469892501831,2.0132699012756348,1.9942500591278076,2.0072100162506104
2026-09-23,2.000109910964966,2.0094799995422363,2.0000998973846436,1.9997899532318115
2026-09-24,2.00531005859375,2.0111899375915527,2.0012199878692627,2.0056400299072266
2026-09-25,2.010580062866211,2.0146400928497314,2.0071001052856445,2.0107600688934326
2026-09-28,2.0132999420166016,2.0137100219726562,2.0035600662231445,2.0131900310516357
2026-09-29,2.007819890975952,2.0126900672912598,2.0020999908447266,2.007730007171631
2026-09-30,2.010740041732788,2.0139200687408447,2.005000114440918,2.0106499195098877
2026-10-01,2.009510040283203,2.016400098800659,2.0013699531555176,2.0036098957061768
