date,open,high,low,close
2020-06-01,22.177099227905273,22.185340881347656,21.918399810791016,22.182300567626953
2020-06-02,22.041200637817383,22.111120223999023,21.580520629882812,22.042400360107422
2020-06-03,21.73225975036621,21.732900619506836,21.50510025024414,21.723800659179688
2020-06-04,21.72348976135254,21.984729766845703,21.705909729003906,21.720800399780273
2020-06-05,21.905630111694336,21.90703010559082,21.487899780273438,21.90247917175293
2020-06-08,21.50227928161621,21.71755027770996,21.476499557495117,21.474899291992188
2020-06-09,21.484600067138672,21.90093994140625,21.449800491333008,21.472999572753906
2020-06-10,21.886449813842773,22.04107093811035,21.68280029296875,21.88743019104004
2020-06-11,21.9596004486084,22.58292007446289,21.875200271606445,21.976980209350586
2020-06-12,22.829700469970703,22.941940307617188,22.19540023803711,22.854660034179688
2020-06-15,22.46817970275879,22.74704933166504,22.4335994720459,22.488540649414062
2020-06-16,22.15369987487793,22.329320907592773,21.885299682617188,22.155460357666016
2020-06-17,22.263900756835938,22.459190368652344,22.155000686645508,22.26922035217285
2020-06-18,22.35865020751953,22.674570083618164,22.191099166870117,22.341400146484375
2020-06-19,22.677000045776367,22.754789352416992,22.500579833984375,22.67639923095703
2020-06-22,22.624000549316406,22.672199249267578,22.30297088623047,22.64150047302246
2020-06-23,22.41180992126465,22.672029495239258,22.285770416259766,22.399099349975586
2020-06-24,22.39052963256836,22.72241973876953,22.306400299072266,22.389150619506836
2020-06-25,22.789609909057617,22.96950912475586,22.732799530029297,22.790279388427734
2020-06-26,22.687829971313477,23.04467010498047,22.6471004486084,22.679399490356445
2020-06-29,23.03820037841797,23.189599990844727,22.926000595092773,23.05470085144043
2020-06-30,23.04400062561035,23.2237491607666,23.021299362182617,23.056570053100586
2020-07-01,23.01556968688965,23.085420608520508,22.68115997314453,23.004499435424805
2020-07-02,22.691699981689453,22.74087905883789,22.404279708862305,22.711599349975586
2020-07-03,22.475549697875977,22.58517074584961,22.379470825195312,22.477819442749023
2020-07-06,22.374799728393555,22.386049270629883,22.141799926757812,22.38545036315918
2020-07-07,22.336570739746094,22.7096004486084,22.241199493408203,22.31100082397461
2020-07-08,22.814470291137695,22.894140243530273,22.67009925842285,22.792699813842773
2020-07-09,22.68199920654297,22.759849548339844,22.534000396728516,22.67180061340332
2020-07-10,22.59950065612793,22.823850631713867,22.489099502563477,22.60260009765625
2020-07-13,22.487150192260742,22.543750762939453,22.36009979248047,22.488399505615234
2020-07-14,22.721189498901367,22.764999389648438,22.563100814819336,22.709800720214844
2020-07-15,22.386999130249023,22.45536994934082,22.243099212646484,22.395999908447266
2020-07-16,22.343280792236328,22.44890022277832,22.272199630737305,22.318199157714844
2020-07-17,22.413480758666992,22.49934959411621,22.372499465942383,22.411680221557617
2020-07-20,22.483200073242188,22.705780029296875,22.447099685668945,22.492469787597656
2020-07-21,22.485149383544922,22.502059936523438,22.286500930786133,22.488540649414062
2020-07-22,22.2903995513916,22.420860290527344,22.188400268554688,22.29680061340332
2020-07-23,22.368759155273438,22.54438018798828,22.246299743652344,22.37017059326172
2020-07-24,22.490100860595703,22.61659049987793,22.342500686645508,22.478200912475586
2020-07-27,22.30389976501465,22.30389976501465,21.957000732421875,22.287200927734375
2020-07-28,21.941099166870117,22.103200912475586,21.885400772094727,21.936100006103516
2020-07-29,21.92930030822754,22.028369903564453,21.83769989013672,21.933399200439453
2020-07-30,21.984630584716797,22.234769821166992,21.950000762939453,21.97249984741211
2020-07-31,22.004440307617188,22.23900032043457,21.97249984741211,21.995399475097656
2020-08-03,22.26909065246582,22.634639739990234,22.240999221801758,22.26059913635254
2020-08-04,22.62700080871582,22.906450271606445,22.531999588012695,22.625699996948242
2020-08-05,22.62849998474121,22.64954948425293,22.37350082397461,22.628400802612305
2020-08-06,22.35849952697754,22.60487937927246,22.299800872802734,22.371639251708984
2020-08-07,22.39229965209961,22.592300415039062,22.36280059814453,22.402849197387695
2020-08-10,22.388900756835938,22.53636932373047,22.340900421142578,22.404619216918945
2020-08-11,22.468399047851562,22.511449813842773,22.24850082397461,22.45709991455078
2020-08-12,22.410900115966797,22.489160537719727,22.25860023498535,22.411399841308594
2020-08-13,22.33884048461914,22.378700256347656,22.253999710083008,22.340900421142578
2020-08-14,22.153799057006836,22.233539581298828,22.004009246826172,22.153900146484375
2020-08-17,21.947250366210938,22.067079544067383,21.89929962158203,21.933500289916992
2020-08-18,22.15570068359375,22.201250076293945,22.00779914855957,22.142200469970703
2020-08-19,22.13452911376953,22.184219360351562,22.009300231933594,22.13129997253418
2020-08-20,22.17715072631836,22.32084083557129,22.115100860595703,22.174789428710938
2020-08-21,22.06839942932129,22.169450759887695,21.986299514770508,22.088300704956055
2020-08-24,21.958999633789062,22.002300262451172,21.86709976196289,21.95966911315918
2020-08-25,21.991199493408203,22.010250091552734,21.867300033569336,21.972999572753906
2020-08-26,21.910400390625,21.97985076904297,21.867300033569336,21.894699096679688
2020-08-27,21.931400299072266,22.178699493408203,21.82971954345703,21.930870056152344
2020-08-28,22.136930465698242,22.153850555419922,21.82309913635254,22.13290023803711
2020-08-31,21.751209259033203,21.93037986755371,21.731199264526367,21.749900817871094
2020-09-01,21.90974998474121,21.910350799560547,21.674400329589844,21.91254997253418
2020-09-02,21.74496078491211,21.889490127563477,21.737300872802734,21.74530029296875
2020-09-03,21.73564910888672,21.793010711669922,21.544099807739258,21.726900100708008
2020-09-04,21.70425033569336,21.71306037902832,21.492599487304688,21.698699951171875
2020-09-07,21.55820083618164,21.65452003479004,21.5177001953125,21.552949905395508
2020-09-08,21.60689926147461,21.86840057373047,21.557300567626953,21.594200134277344
2020-09-09,21.854400634765625,21.935630798339844,21.486600875854492,21.872419357299805
2020-09-10,21.3868408203125,21.45870018005371,21.200599670410156,21.386999130249023
2020-09-11,21.430849075317383,21.45132064819336,21.233999252319336,21.436649322509766
2020-09-14,21.2623291015625,21.291250228881836,21.03420066833496,21.267499923706055
2020-09-15,21.083099365234375,21.113439559936523,20.94809913635254,21.064800262451172
2020-09-16,21.156330108642578,21.16868019104004,20.988000869750977,21.142000198364258
2020-09-17,20.980609893798828,21.14263916015625,20.951000213623047,20.97916030883789
2020-09-18,20.8927001953125,21.0008602142334,20.831199645996094,20.8927001953125
2020-09-21,21.09910011291504,21.574600219726562,21.035400390625,21.111759185791016
2020-09-22,21.34794044494629,21.62148094177246,21.285999298095703,21.344839096069336
2020-09-23,21.66412925720215,22.157609939575195,21.654300689697266,21.67449951171875
2020-09-24,22.393590927124023,22.690059661865234,22.270200729370117,22.390399932861328
2020-09-25,22.133560180664062,22.52720069885254,21.976600646972656,22.138439178466797
2020-09-28,22.311540603637695,22.5674991607666,22.158279418945312,22.309370040893555
2020-09-29,22.365400314331055,22.534849166870117,22.185199737548828,22.34910011291504
2020-09-30,22.379249572753906,22.525339126586914,22.04932975769043,22.37350082397461
2020-10-01,22.074499130249023,22.109209060668945,21.789600372314453,22.081600189208984
2020-10-02,21.84680938720703,22.057769775390625,21.65329933166504,21.844730377197266
2020-10-05,21.597200393676758,21.613229751586914,21.30055046081543,21.594999313354492
2020-10-06,21.38456916809082,21.554100036621094,21.25217056274414,21.363250732421875
2020-10-07,21.692190170288086,21.722620010375977,21.362300872802734,21.688230514526367
2020-10-08,21.4601993560791,21.49924087524414,21.344900131225586,21.449800491333008
2020-10-09,21.354700088500977,21.367250442504883,21.135900497436523,21.35586929321289
2020-10-12,21.1497802734375,21.301210403442383,21.114099502563477,21.148590087890625
2020-10-13,21.202499389648438,21.461200714111328,21.155380249023438,21.19890022277832
2020-10-14,21.327739715576172,21.444719314575195,21.242000579833984,21.333480834960938
2020-10-15,21.31839942932129,21.521209716796875,21.305870056152344,21.326169967651367
2020-10-16,21.284040451049805,21.347049713134766,21.129499435424805,21.284099578857422
2020-10-19,21.100650787353516,21.14678955078125,21.03569984436035,21.08880043029785
2020-10-20,21.195409774780273,21.263349533081055,21.037399291992188,21.207250595092773
2020-10-21,21.10485076904297,21.12299919128418,20.984800338745117,21.092599868774414
2020-10-22,21.152999877929688,21.2248592376709,20.971599578857422,21.149269104003906
2020-10-23,20.954999923706055,21.036800384521484,20.857999801635742,20.954200744628906
2020-10-26,20.903249740600586,21.129350662231445,20.875600814819336,20.90243911743164
2020-10-27,20.95722007751465,20.967939376831055,20.827800750732422,20.963790893554688
2020-10-28,21.03084945678711,21.35696029663086,21.0,21.01930046081543
2020-10-29,21.235000610351562,21.476219177246094,21.124300003051758,21.235599517822266
2020-10-30,21.340299606323242,21.491849899291992,21.170400619506836,21.345600128173828
2020-11-02,21.265899658203125,21.494850158691406,21.210500717163086,21.274450302124023
2020-11-03,21.359899520874023,21.38966941833496,21.008499145507812,21.371950149536133
2020-11-04,21.011070251464844,21.946399688720703,20.914600372314453,21.035709381103516
2020-11-05,20.951099395751953,21.038450241088867,20.633649826049805,20.93440055847168
2020-11-06,20.74675941467285,20.851459503173828,20.57052993774414,20.75550079345703
2020-11-09,20.516420364379883,20.54884910583496,20.03689956665039,20.520360946655273
2020-11-10,20.341480255126953,20.475130081176758,20.27574920654297,20.33530044555664
2020-11-11,20.33095932006836,20.59684944152832,20.234399795532227,20.322099685668945
2020-11-12,20.461050033569336,20.625080108642578,20.423599243164062,20.46430015563965
2020-11-13,20.603260040283203,20.6898193359375,20.448299407958984,20.60325050354004
2020-11-16,20.34678077697754,20.374910354614258,20.154909133911133,20.34473991394043
2020-11-17,20.260089874267578,20.42576026916504,20.22960090637207,20.259950637817383
2020-11-18,20.3075008392334,20.33138084411621,20.16069984436035,20.279489517211914
2020-11-19,20.329500198364258,20.429019927978516,20.162029266357422,20.312679290771484
2020-11-20,20.243980407714844,20.256149291992188,20.0669002532959,20.233400344848633
2020-11-23,20.08547019958496,20.1299991607666,19.944299697875977,20.086719512939453
2020-11-24,20.10243034362793,20.13360023498535,19.990249633789062,20.10154914855957
2020-11-25,20.030099868774414,20.091039657592773,19.954500198364258,20.02511978149414
2020-11-26,19.974409103393555,20.060649871826172,19.923500061035156,19.957599639892578
2020-11-27,20.029699325561523,20.086109161376953,19.965959548950195,20.02910041809082
2020-11-30,20.03675079345703,20.16200065612793,20.00909996032715,20.038070678710938
2020-12-01,20.143800735473633,20.1643009185791,19.996999740600586,20.16160011291504
2020-12-02,20.033119201660156,20.142080307006836,19.98710060119629,20.028749465942383
2020-12-03,19.999149322509766,20.026199340820312,19.85865020751953,19.992399215698242
2020-12-04,19.899599075317383,19.907089233398438,19.726600646972656,19.899200439453125
2020-12-07,19.783050537109375,19.96636962890625,19.765199661254883,19.7810001373291
2020-12-08,19.89512062072754,19.907140731811523,19.69879913330078,19.891019821166992
2020-12-09,19.786649703979492,19.88425064086914,19.687299728393555,19.775999069213867
2020-12-10,19.87752914428711,20.04258918762207,19.80699920654297,19.87611961364746
2020-12-11,19.99340057373047,20.190399169921875,19.941499710083008,19.990699768066406
2020-12-14,20.080400466918945,20.24612045288086,19.98550033569336,20.077800750732422
2020-12-15,20.228849411010742,20.258949279785156,20.06760025024414,20.228239059448242
2020-12-16,19.91659927368164,19.982900619506836,19.810199737548828,19.928279876708984
2020-12-17,19.873769760131836,19.881179809570312,19.73699951171875,19.871240615844727
2020-12-18,19.82360076904297,20.03430938720703,19.794099807739258,19.821500778198242
2020-12-21,20.090879440307617,20.645200729370117,20.03683090209961,20.09394073486328
2020-12-22,19.9822998046875,20.153060913085938,19.95870018005371,19.98240089416504
2020-12-23,20.105419158935547,20.204870223999023,20.01177978515625,20.10379981994629
2020-12-24,20.04129981994629,20.069950103759766,19.821800231933594,20.048900604248047
2020-12-25,19.864160537719727,19.879499435424805,19.844100952148438,19.868000030517578
2020-12-28,19.866840362548828,20.116989135742188,19.8346004486084,19.869680404663086
2020-12-29,20.00263023376465,20.055940628051758,19.861499786376953,20.006250381469727
2020-12-30,19.93708038330078,20.026670455932617,19.800100326538086,19.934999465942383
2020-12-31,19.890010833740234,19.937009811401367,19.83885955810547,19.890899658203125
2021-01-01,19.874500274658203,19.874500274658203,19.866600036621094,19.874500274658203
2021-01-04,19.853750228881836,19.943880081176758,19.72450065612793,19.84749984741211
2021-01-05,19.941749572753906,20.09705924987793,19.80389976501465,19.94244956970215
2021-01-06,19.905099868774414,19.987449645996094,19.690799713134766,19.90220069885254
2021-01-07,19.662460327148438,19.938499450683594,19.618999481201172,19.65576934814453
2021-01-08,20.000699996948242,20.052349090576172,19.87236976623535,20.000099182128906
2021-01-11,20.0556697845459,20.256389617919922,20.03230094909668,20.05048942565918
2021-01-12,20.058929443359375,20.112239837646484,19.91670036315918,20.062400817871094
2021-01-13,19.791160583496094,19.886110305786133,19.738529205322266,19.794429779052734
2021-01-14,19.840740203857422,19.88545036315918,19.717100143432617,19.836349487304688
2021-01-15,19.723209381103516,19.889219284057617,19.685199737548828,19.723350524902344
2021-01-18,19.845149993896484,19.96339988708496,19.709699630737305,19.84351921081543
2021-01-19,19.682300567626953,19.727630615234375,19.584199905395508,19.695650100708008
2021-01-20,19.647380828857422,19.66642951965332,19.544300079345703,19.63599967956543
2021-01-21,19.585060119628906,19.750059127807617,19.53689956665039,19.585010528564453
2021-01-22,19.73579978942871,19.994150161743164,19.710800170898438,19.737060546875
2021-01-25,19.945899963378906,20.234800338745117,19.841699600219727,19.942880630493164
2021-01-26,20.110929489135742,20.28891944885254,19.93852996826172,20.10516929626465
2021-01-27,19.98780059814453,20.309389114379883,19.982900619506836,19.988300323486328
2021-01-28,20.319860458374023,20.45318031311035,20.223060607910156,20.33152961730957
2021-01-29,20.259349822998047,20.364469528198242,20.087900161743164,20.25225067138672
2021-02-01,20.49696922302246,20.50695037841797,20.253999710083008,20.50528907775879
2021-02-02,20.37158966064453,20.385360717773438,20.12558937072754,20.368160247802734
2021-02-03,20.140169143676758,20.239849090576172,20.064599990844727,20.137680053710938
2021-02-04,20.19247055053711,20.488719940185547,20.166000366210938,20.197080612182617
2021-02-05,20.392669677734375,20.417150497436523,20.086660385131836,20.387189865112305
2021-02-08,20.111669540405273,20.242290496826172,20.073640823364258,20.11138916015625
2021-02-09,20.09079933166504,20.142520904541016,20.009899139404297,20.103069305419922
2021-02-10,20.083480834960938,20.14505958557129,20.004070281982422,20.083850860595703
2021-02-11,20.031240463256836,20.054689407348633,19.891799926757812,20.02928924560547
2021-02-12,19.952499389648438,20.08361053466797,19.91629981994629,19.966279983520508
2021-02-15,19.940589904785156,19.97648048400879,19.87849998474121,19.936769485473633
2021-02-16,19.9622802734375,20.245559692382812,19.898099899291992,19.94930076599121
2021-02-17,20.22991943359375,20.379650115966797,20.150299072265625,20.225540161132812
2021-02-18,20.212810516357422,20.46841049194336,20.132400512695312,20.212539672851562
2021-02-19,20.308019638061523,20.462610244750977,20.253049850463867,20.308229446411133
2021-02-22,20.487009048461914,20.823749542236328,20.44659996032715,20.487449645996094
2021-02-23,20.735599517822266,20.76317024230957,20.514400482177734,20.742029190063477
2021-02-24,20.514589309692383,20.550600051879883,20.348289489746094,20.513269424438477
2021-02-25,20.383989334106445,20.912460327148438,20.37470054626465,20.377559661865234
2021-02-26,20.923389434814453,21.044309616088867,20.771099090576172,20.910900115966797
2021-03-01,20.787700653076172,20.867919921875,20.57740020751953,20.789569854736328
2021-03-02,20.656600952148438,20.78635025024414,20.5841007232666,20.654029846191406
2021-03-03,20.605609893798828,20.928159713745117,20.54439926147461,20.603410720825195
2021-03-04,20.96735954284668,20.96735954284668,20.7585391998291,20.956090927124023
2021-03-05,21.130859375,21.409210205078125,21.074499130249023,21.13340950012207
2021-03-08,21.259130477905273,21.63170051574707,21.213680267333984,21.255300521850586
2021-03-09,21.491230010986328,21.567699432373047,21.21044921875,21.492490768432617
2021-03-10,21.208999633789062,21.278200149536133,20.9512996673584,21.188819885253906
2021-03-11,20.902259826660156,20.92262077331543,20.69131088256836,20.90212059020996
2021-03-12,20.618989944458008,20.924959182739258,20.582199096679688,20.614999771118164
2021-03-15,20.709590911865234,20.823989868164062,20.63010025024414,20.711580276489258
2021-03-16,20.66472053527832,20.728260040283203,20.541200637817383,20.666690826416016
2021-03-17,20.60280990600586,20.808820724487305,20.587499618530273,20.599300384521484
2021-03-18,20.362150192260742,20.589460372924805,20.27739906311035,20.362770080566406
2021-03-19,20.469100952148438,20.546180725097656,20.294200897216797,20.48390007019043
2021-03-22,20.656150817871094,20.827619552612305,20.53849983215332,20.66080093383789
2021-03-23,20.574819564819336,20.830110549926758,20.541860580444336,20.575389862060547
2021-03-24,20.792009353637695,20.882640838623047,20.659299850463867,20.807910919189453
2021-03-25,20.890899658203125,20.9398193359375,20.768299102783203,20.882999420166016
2021-03-26,20.672100067138672,20.7273006439209,20.532800674438477,20.683029174804688
2021-03-29,20.63188934326172,20.785160064697266,20.58049964904785,20.632530212402344
2021-03-30,20.606300354003906,20.701169967651367,20.543699264526367,20.607379913330078
2021-03-31,20.561500549316406,20.631610870361328,20.404399871826172,20.576000213623047
2021-04-01,20.432050704956055,20.493799209594727,20.269800186157227,20.429100036621094
2021-04-02,20.279600143432617,20.3399600982666,20.26140022277832,20.29138946533203
2021-04-05,20.31178092956543,20.343379974365234,20.216899871826172,20.305219650268555
2021-04-06,20.30438995361328,20.375499725341797,20.130800247192383,20.30573081970215
2021-04-07,20.164199829101562,20.221920013427734,20.137800216674805,20.17445945739746
2021-04-08,20.20330047607422,20.21739959716797,20.060699462890625,20.211299896240234
2021-04-09,20.0846004486084,20.222930908203125,20.069499969482422,20.098939895629883
2021-04-12,20.164609909057617,20.214750289916992,20.062999725341797,20.160409927368164
2021-04-13,20.134000778198242,20.21795082092285,20.03529930114746,20.14443016052246
2021-04-14,20.06719970703125,20.125280380249023,20.00629997253418,20.0674991607666
2021-04-15,20.07309913635254,20.095460891723633,19.89150047302246,20.0860595703125
2021-04-16,19.944650650024414,19.98995018005371,19.894399642944336,19.93589973449707
2021-04-19,19.92959976196289,19.93655014038086,19.791799545288086,19.91830062866211
2021-04-20,19.802400588989258,19.929710388183594,19.769699096679688,19.81344985961914
2021-04-21,19.959089279174805,19.98685073852539,19.854700088500977,19.94700050354004
2021-04-22,19.88559913635254,19.9781494140625,19.85689926147461,19.886600494384766
2021-04-23,19.929149627685547,19.93630027770996,19.810199737548828,19.933000564575195
2021-04-26,19.850950241088867,19.883209228515625,19.78689956665039,19.8525390625
2021-04-27,19.861099243164062,20.013919830322266,19.851200103759766,19.858600616455078
2021-04-28,20.044490814208984,20.080270767211914,19.929500579833984,20.03260040283203
2021-04-29,19.89345932006836,20.155010223388672,19.856300354003906,19.89167022705078
2021-04-30,20.034910202026367,20.210420608520508,20.004310607910156,20.02429962158203
2021-05-03,20.212200164794922,20.314380645751953,20.14349937438965,20.19580078125
2021-05-04,20.175399780273438,20.323299407958984,20.175399780273438,20.18779945373535
2021-05-05,20.203449249267578,20.2514705657959,20.152799606323242,20.193899154663086
2021-05-06,20.247079849243164,20.2922306060791,20.144899368286133,20.251169204711914
2021-05-07,20.09119987487793,20.109439849853516,19.845600128173828,20.085100173950195
2021-05-10,19.90690040588379,19.955299377441406,19.85300064086914,19.89240074157715
2021-05-11,19.89579963684082,19.964250564575195,19.81399917602539,19.91295051574707
2021-05-12,19.962650299072266,20.15591049194336,19.91510009765625,19.96368980407715
2021-05-13,20.149139404296875,20.20890998840332,20.047019958496094,20.142000198364258
2021-05-14,19.952329635620117,19.9685001373291,19.73979949951172,19.95039939880371
2021-05-17,19.86280059814453,19.94654083251953,19.782800674438477,19.870399475097656
2021-05-18,19.774259567260742,19.8575496673584,19.706499099731445,19.76129913330078
2021-05-19,19.848329544067383,19.942550659179688,19.7903995513916,19.84787940979004
2021-05-20,19.941200256347656,19.944839477539062,19.825300216674805,19.933000564575195
2021-05-21,19.872100830078125,19.970720291137695,19.85919952392578,19.8887996673584
2021-05-24,19.938949584960938,19.986900329589844,19.836200714111328,19.937349319458008
2021-05-25,19.87042999267578,19.900400161743164,19.798599243164062,19.874000549316406
2021-05-26,19.894899368286133,19.91786003112793,19.819000244140625,19.905799865722656
2021-05-27,19.887409210205078,19.98339080810547,19.81399917602539,19.870800018310547
2021-05-28,19.952199935913086,20.073320388793945,19.922300338745117,19.95185089111328
2021-05-31,19.939760208129883,19.950450897216797,19.874099731445312,19.92609977722168
2021-06-01,19.91550064086914,19.93368911743164,19.8341007232666,19.917499542236328
2021-06-02,19.961320877075195,20.01228904724121,19.870399475097656,19.961200714111328
2021-06-03,19.907150268554688,20.080049514770508,19.881099700927734,19.894800186157227
2021-06-04,20.153810501098633,20.205249786376953,19.907699584960938,20.140399932861328
2021-06-07,19.95840072631836,19.96215057373047,19.725200653076172,19.943899154663086
2021-06-08,19.824199676513672,19.85239028930664,19.738399505615234,19.822399139404297
2021-06-09,19.701980590820312,19.70680046081543,19.58769989013672,19.70207977294922
2021-06-10,19.736600875854492,19.769649505615234,19.647899627685547,19.73027992248535
2021-06-11,19.702699661254883,19.961610794067383,19.624740600585938,19.70319938659668
2021-06-14,19.858999252319336,19.9345703125,19.826499938964844,19.870899200439453
2021-06-15,19.938400268554688,20.191410064697266,19.871700286865234,19.943099975585938
2021-06-16,20.033899307250977,20.129539489746094,19.94300079345703,20.021299362182617
2021-06-17,20.39150047302246,20.617399215698242,20.316299438476562,20.39788055419922
2021-06-18,20.419599533081055,20.741289138793945,20.374540328979492,20.41069984436035
2021-06-21,20.626300811767578,20.70680046081543,20.52899932861328,20.621999740600586
2021-06-22,20.509279251098633,20.665620803833008,20.49690055847168,20.505849838256836
2021-06-23,20.348960876464844,20.403350830078125,20.211959838867188,20.33930015563965
2021-06-24,20.193660736083984,20.211050033569336,20.005300521850586,20.19586944580078
2021-06-25,19.851999282836914,19.887990951538086,19.703100204467773,19.846900939941406
2021-06-28,19.820789337158203,19.89777946472168,19.742300033569336,19.80820083618164
2021-06-29,19.805999755859375,19.881040573120117,19.76810073852539,19.817169189453125
2021-06-30,19.815410614013672,19.93906021118164,19.769100189208984,19.8031005859375
2021-07-01,19.936649322509766,20.073150634765625,19.897499084472656,19.934429168701172
2021-07-02,20.010129928588867,20.04129981994629,19.79990005493164,20.010099411010742
2021-07-05,19.791400909423828,19.86549949645996,19.772300720214844,19.79810905456543
2021-07-06,19.843299865722656,20.023700714111328,19.7637996673584,19.824899673461914
2021-07-07,20.01409912109375,20.09494972229004,19.89389991760254,20.011659622192383
2021-07-08,19.950790405273438,20.154539108276367,19.93440055847168,19.95039939880371
2021-07-09,19.96649932861328,20.031829833984375,19.861099243164062,19.98110008239746
2021-07-12,19.874799728393555,20.003509521484375,19.82819938659668,19.860700607299805
2021-07-13,19.839000701904297,20.051990509033203,19.800800323486328,19.82740020751953
2021-07-14,20.04199981689453,20.05525016784668,19.876300811767578,20.042200088500977
2021-07-15,19.890100479125977,19.967449188232422,19.85460090637207,19.900949478149414
2021-07-16,19.928369522094727,19.95170021057129,19.825389862060547,19.92938995361328
2021-07-19,19.92169952392578,20.059099197387695,19.90089988708496,19.904199600219727
2021-07-20,20.041900634765625,20.189130783081055,19.98579978942871,20.03809928894043
2021-07-21,20.135499954223633,20.245159149169922,20.09910011291504,20.136049270629883
2021-07-22,20.14706039428711,20.218229293823242,20.099899291992188,20.147140502929688
2021-07-23,20.099899291992188,20.14628028869629,19.992000579833984,20.102750778198242
2021-07-26,20.0492000579834,20.158769607543945,19.983800888061523,20.058300018310547
2021-07-27,20.02790069580078,20.13585090637207,19.934900283813477,20.02429962158203
2021-07-28,19.966270446777344,20.00589942932129,19.911500930786133,19.954099655151367
2021-07-29,19.912500381469727,19.929380416870117,19.80900001525879,19.913799285888672
2021-07-30,19.860370635986328,19.904600143432617,19.787399291992188,19.85140037536621
2021-08-02,19.878389358520508,19.899259567260742,19.793800354003906,19.865699768066406
2021-08-03,19.888099670410156,19.925819396972656,19.81450080871582,19.90169906616211
2021-08-04,19.862499237060547,19.976470947265625,19.807300567626953,19.862600326538086
2021-08-05,19.9606990814209,19.99268913269043,19.881200790405273,19.960399627685547
2021-08-06,19.929500579833984,20.03618049621582,19.893600463867188,19.928260803222656
2021-08-09,20.081100463867188,20.113929748535156,19.98259925842285,20.069799423217773
2021-08-10,20.07155990600586,20.164859771728516,20.03730010986328,20.069869995117188
2021-08-11,20.070600509643555,20.11039924621582,19.92300033569336,20.070499420166016
2021-08-12,19.926300048828125,19.954519271850586,19.866500854492188,19.929500579833984
2021-08-13,19.951379776000977,19.97538948059082,19.825599670410156,19.951379776000977
2021-08-16,19.86370086669922,19.917200088500977,19.835100173950195,19.85770034790039
2021-08-17,19.894699096679688,19.998859405517578,19.858800888061523,19.88010025024414
2021-08-18,19.98509979248047,20.023969650268555,19.938800811767578,19.997549057006836
2021-08-19,20.029199600219727,20.19662094116211,20.026399612426758,20.039039611816406
2021-08-20,20.180099487304688,20.45220947265625,20.13159942626953,20.167200088500977
2021-08-23,20.377099990844727,20.440399169921875,20.26613998413086,20.381500244140625
2021-08-24,20.317129135131836,20.360830307006836,20.238399505615234,20.317949295043945
2021-08-25,20.20240020751953,20.34758949279785,20.160600662231445,20.206100463867188
2021-08-26,20.22886085510254,20.38450050354004,20.21190071105957,20.216100692749023
2021-08-27,20.369300842285156,20.423139572143555,20.191200256347656,20.366500854492188
2021-08-30,20.172199249267578,20.222700119018555,20.10569953918457,20.1643009185791
2021-08-31,20.13728904724121,20.14349937438965,20.025299072265625,20.139249801635742
2021-09-01,20.059499740600586,20.09709930419922,19.917200088500977,20.059600830078125
2021-09-02,19.99464988708496,20.012649536132812,19.91710090637207,19.99774932861328
2021-09-03,19.94879913330078,19.980499267578125,19.843599319458008,19.962350845336914
2021-09-06,19.922550201416016,19.932050704956055,19.857999801635742,19.909000396728516
2021-09-07,19.888900756835938,19.963809967041016,19.873300552368164,19.888099670410156
2021-09-08,19.939599990844727,19.980180740356445,19.881200790405273,19.927799224853516
2021-09-09,19.927000045776367,19.963159561157227,19.86549949645996,19.927499771118164
2021-09-10,19.925600051879883,19.944000244140625,19.847000122070312,19.921600341796875
2021-09-13,19.86549949645996,19.90719985961914,19.835500717163086,19.86549949645996
2021-09-14,19.864099502563477,19.920299530029297,19.84239959716797,19.86199951171875
2021-09-15,19.908950805664062,19.91884994506836,19.852100372314453,19.897300720214844
2021-09-16,19.8572998046875,19.962270736694336,19.835599899291992,19.844499588012695
2021-09-17,19.927799224853516,20.01593017578125,19.89299964904785,19.940549850463867
2021-09-20,20.017669677734375,20.201129913330078,20.002399444580078,20.01849937438965
2021-09-21,20.122180938720703,20.156539916992188,20.04990005493164,20.118940353393555
2021-09-22,20.127899169921875,20.1439208984375,20.011430740356445,20.128700256347656
2021-09-23,20.068899154663086,20.118610382080078,19.972200393676758,20.086759567260742
2021-09-24,20.052080154418945,20.18910026550293,20.036100387573242,20.052900314331055
2021-09-27,20.05430030822754,20.14841079711914,19.996999740600586,20.053499221801758
2021-09-28,20.089799880981445,20.33776092529297,20.082700729370117,20.089500427246094
2021-09-29,20.32716941833496,20.496959686279297,20.272199630737305,20.329769134521484
2021-09-30,20.51289939880371,20.577350616455078,20.441999435424805,20.501100540161133
2021-10-01,20.62837028503418,20.725610733032227,20.467199325561523,20.615400314331055
2021-10-04,20.406999588012695,20.60457992553711,20.406999588012695,20.41819953918457
2021-10-05,20.502099990844727,20.605899810791016,20.483699798583984,20.50160026550293
2021-10-06,20.58139991760254,20.880599975585938,20.56376075744629,20.570199966430664
2021-10-07,20.546199798583984,20.644670486450195,20.4512996673584,20.5575008392334
2021-10-08,20.64189910888672,20.78215980529785,20.534500122070312,20.654130935668945
2021-10-11,20.71150016784668,20.809650421142578,20.683500289916992,20.7231502532959
2021-10-12,20.85757064819336,20.899349212646484,20.749099731445312,20.847000122070312
2021-10-13,20.783100128173828,20.793649673461914,20.638399124145508,20.780000686645508
2021-10-14,20.54330062866211,20.656049728393555,20.50510025024414,20.553699493408203
2021-10-15,20.541900634765625,20.590740203857422,20.432199478149414,20.541799545288086
2021-10-18,20.361900329589844,20.49271011352539,20.31797981262207,20.347000122070312
2021-10-19,20.39579963684082,20.413400650024414,20.239099502563477,20.397499084472656
2021-10-20,20.222000122070312,20.277599334716797,20.155399322509766,20.22209930419922
2021-10-21,20.22170066833496,20.312509536743164,20.186399459838867,20.221500396728516
2021-10-22,20.304759979248047,20.327499389648438,20.121700286865234,20.29319953918457
2021-10-25,20.184999465942383,20.22705078125,20.141599655151367,20.188899993896484
2021-10-26,20.169300079345703,20.21969985961914,20.106000900268555,20.170499801635742
2021-10-27,20.191659927368164,20.254600524902344,20.14546012878418,20.196910858154297
2021-10-28,20.293399810791016,20.371299743652344,20.253799438476562,20.304800033569336
2021-10-29,20.379600524902344,20.56584930419922,20.364900588989258,20.378400802612305
2021-11-01,20.548900604248047,20.865549087524414,20.539499282836914,20.55270004272461
2021-11-02,20.835500717163086,20.90876007080078,20.70775032043457,20.839599609375
2021-11-03,20.78019905090332,20.976470947265625,20.71809959411621,20.78030014038086
2021-11-04,20.543359756469727,20.64672088623047,20.49945068359375,20.531700134277344
2021-11-05,20.545570373535156,20.6330509185791,20.405799865722656,20.545900344848633
2021-11-08,20.373300552368164,20.41883087158203,20.311599731445312,20.372800827026367
2021-11-09,20.332189559936523,20.37150001525879,20.24850082397461,20.332950592041016
2021-11-10,20.305299758911133,20.470029830932617,20.298900604248047,20.319150924682617
2021-11-11,20.600299835205078,20.686370849609375,20.44499969482422,20.606399536132812
2021-11-12,20.635400772094727,20.717519760131836,20.4555606842041,20.636430740356445
2021-11-15,20.525999069213867,20.67919921875,20.457799911499023,20.52419090270996
2021-11-16,20.607269287109375,20.84486961364746,20.54170036315918,20.59480094909668
2021-11-17,20.76099967956543,20.799549102783203,20.646299362182617,20.753799438476562
2021-11-18,20.645099639892578,20.88574981689453,20.626800537109375,20.64539909362793
2021-11-19,20.774599075317383,20.885700225830078,20.66699981689453,20.75950050354004
2021-11-22,20.86083984375,20.977859497070312,20.80109977722168,20.86083984375
2021-11-23,20.995500564575195,21.285449981689453,20.970300674438477,20.99370002746582
2021-11-24,21.260799407958984,21.592199325561523,21.194799423217773,21.265499114990234
2021-11-25,21.40180015563965,21.57097053527832,21.349199295043945,21.40089988708496
2021-11-26,21.636199951171875,22.149980545043945,21.624000549316406,21.624500274658203
2021-11-29,21.728900909423828,21.988399505615234,21.67169952392578,21.72960090637207
2021-11-30,21.678499221801758,21.83139991760254,21.28219985961914,21.68079948425293
2021-12-01,21.404699325561523,21.435319900512695,21.117599487304688,21.411800384521484
2021-12-02,21.462900161743164,21.47797966003418,21.239980697631836,21.471569061279297
2021-12-03,21.296100616455078,21.486099243164062,21.152999877929688,21.30854034423828
2021-12-06,21.223499298095703,21.29475975036621,21.159900665283203,21.22100067138672
2021-12-07,21.234600067138672,21.29578971862793,21.039649963378906,21.22369956970215
2021-12-08,21.017900466918945,21.031999588012695,20.878599166870117,21.028200149536133
2021-12-09,20.925600051879883,21.071149826049805,20.891399383544922,20.925800323486328
2021-12-10,20.949899673461914,21.052539825439453,20.84429931640625,20.950700759887695
2021-12-13,20.87653923034668,20.9737491607666,20.83139991760254,20.876300811767578
2021-12-14,20.99209976196289,21.225109100341797,20.95669937133789,20.993600845336914
2021-12-15,21.21649932861328,21.278249740600586,21.14699935913086,21.218900680541992
2021-12-16,21.031959533691406,21.079099655151367,20.84469985961914,21.033199310302734
2021-12-17,20.81917953491211,20.861570358276367,20.690500259399414,20.819400787353516
2021-12-20,20.83489990234375,20.949880599975586,20.689199447631836,20.829299926757812
2021-12-21,20.741500854492188,20.8270206451416,20.69969940185547,20.755399703979492
2021-12-22,20.818410873413086,20.856050491333008,20.725099563598633,20.822500228881836
2021-12-23,20.72100067138672,20.731599807739258,20.63949966430664,20.710399627685547
2021-12-24,20.62529945373535,20.641399383544922,20.567699432373047,20.62809944152832
2021-12-27,20.608999252319336,20.74020004272461,20.576200485229492,20.607200622558594
2021-12-28,20.693199157714844,20.72330093383789,20.550899505615234,20.6835994720459
2021-12-29,20.651899337768555,20.669599533081055,20.541200637817383,20.662200927734375
2021-12-30,20.5575008392334,20.60810089111328,20.476900100708008,20.558000564575195
2021-12-31,20.462200164794922,20.49597930908203,20.32476043701172,20.4591007232666
2022-01-03,20.481599807739258,20.646020889282227,20.408100128173828,20.481599807739258
2022-01-04,20.49839973449707,20.632129669189453,20.415109634399414,20.486000061035156
2022-01-05,20.522300720214844,20.56049919128418,20.329999923706055,20.52199935913086
2022-01-06,20.57084083557129,20.750410079956055,20.397600173950195,20.56369972229004
2022-01-07,20.505599975585938,20.515649795532227,20.356199264526367,20.493099212646484
2022-01-10,20.39069938659668,20.52012062072754,20.34079933166504,20.390470504760742
2022-01-11,20.368940353393555,20.44845962524414,20.32699966430664,20.358200073242188
2022-01-12,20.387100219726562,20.440629959106445,20.318119049072266,20.39051055908203
2022-01-13,20.360700607299805,20.411399841308594,20.323200225830078,20.362850189208984
2022-01-14,20.324499130249023,20.351449966430664,20.26849937438965,20.333669662475586
2022-01-17,20.301000595092773,20.3518009185791,20.26729965209961,20.301000595092773
2022-01-18,20.29129981994629,20.403560638427734,20.266799926757812,20.289499282836914
2022-01-19,20.396499633789062,20.480600357055664,20.318099975585938,20.398799896240234
2022-01-20,20.50200080871582,20.51580047607422,20.371299743652344,20.500499725341797
2022-01-21,20.522319793701172,20.553560256958008,20.432809829711914,20.530719757080078
2022-01-24,20.451370239257812,20.67612075805664,20.42300033569336,20.448150634765625
2022-01-25,20.572900772094727,20.690420150756836,20.56130027770996,20.573829650878906
2022-01-26,20.607620239257812,20.670700073242188,20.539600372314453,20.60700035095215
2022-01-27,20.713130950927734,20.806699752807617,20.655170440673828,20.71540069580078
2022-01-28,20.766660690307617,20.89657974243164,20.70210075378418,20.76740074157715
2022-01-31,20.830400466918945,20.836999893188477,20.606000900268555,20.82900047302246
2022-02-01,20.625900268554688,20.645780563354492,20.494600296020508,20.625900268554688
2022-02-02,20.53339958190918,20.636579513549805,20.470500946044922,20.545700073242188
2022-02-03,20.60856056213379,20.649389266967773,20.506000518798828,20.601200103759766
2022-02-04,20.565919876098633,20.787080764770508,20.52899932861328,20.564599990844727
2022-02-07,20.65570068359375,20.69502067565918,20.573699951171875,20.653600692749023
2022-02-08,20.580299377441406,20.68383026123047,20.57939910888672,20.580799102783203
2022-02-09,20.58489990234375,20.6205997467041,20.471900939941406,20.597620010375977
2022-02-10,20.487239837646484,20.535490036010742,20.350439071655273,20.48784065246582
2022-02-11,20.5585994720459,20.631969451904297,20.358699798583984,20.557199478149414
2022-02-14,20.514549255371094,20.568099975585938,20.38629913330078,20.510440826416016
2022-02-15,20.392000198364258,20.445220947265625,20.33989906311035,20.40899085998535
2022-02-16,20.384599685668945,20.409099578857422,20.298999786376953,20.383800506591797
2022-02-17,20.292299270629883,20.351659774780273,20.231000900268555,20.286399841308594
2022-02-18,20.307050704956055,20.333650588989258,20.24574089050293,20.29159927368164
2022-02-21,20.29450035095215,20.311649322509766,20.235200881958008,20.295249938964844
2022-02-22,20.325199127197266,20.369979858398438,20.25670051574707,20.322980880737305
2022-02-23,20.281700134277344,20.29557991027832,20.146499633789062,20.29439926147461
2022-02-24,20.239599227905273,20.677520751953125,20.231199264526367,20.231700897216797
2022-02-25,20.561859130859375,20.56934928894043,20.379289627075195,20.563369750976562
2022-02-28,20.569950103759766,20.611560821533203,20.310100555419922,20.573139190673828
2022-03-01,20.46339988708496,20.585729598999023,20.377899169921875,20.4606990814209
2022-03-02,20.629499435424805,20.79199981689453,20.615930557250977,20.64310073852539
2022-03-03,20.642160415649414,20.751699447631836,20.615699768066406,20.642549514770508
2022-03-04,20.628599166870117,20.96725082397461,20.628599166870117,20.63939094543457
2022-03-07,20.971519470214844,21.26129913330078,20.94879913330078,20.96925926208496
2022-03-08,21.30030059814453,21.462690353393555,21.246400833129883,21.305349349975586
2022-03-09,21.350990295410156,21.358999252319336,20.92569923400879,21.362390518188477
2022-03-10,20.90452003479004,21.060039520263672,20.89109992980957,20.905189514160156
2022-03-11,20.919069290161133,21.046499252319336,20.841299057006836,20.91200065612793
2022-03-14,20.902099609375,20.97757911682129,20.820600509643555,20.887510299682617
2022-03-15,20.89604949951172,20.92613983154297,20.823400497436523,20.90036964416504
2022-03-16,20.827909469604492,20.84950065612793,20.656919479370117,20.812599182128906
2022-03-17,20.638999938964844,20.663009643554688,20.55286979675293,20.630699157714844
2022-03-18,20.514110565185547,20.539579391479492,20.39590072631836,20.514089584350586
2022-03-21,20.385059356689453,20.410810470581055,20.258499145507812,20.381149291992188
2022-03-22,20.386089324951172,20.417409896850586,20.242000579833984,20.381900787353516
2022-03-23,20.267499923706055,20.285289764404297,20.146400451660156,20.272199630737305
2022-03-24,20.211299896240234,20.234039306640625,20.112699508666992,20.226640701293945
2022-03-25,20.079299926757812,20.09136962890625,19.90995979309082,20.066299438476562
2022-03-28,20.030149459838867,20.184179306030273,20.004499435424805,20.030149459838867
2022-03-29,20.091249465942383,20.111270904541016,19.914400100708008,20.091249465942383
2022-03-30,19.965599060058594,19.973100662231445,19.813499450683594,19.965599060058594
2022-03-31,19.878150939941406,19.964599609375,19.806299209594727,19.878150939941406
2022-04-01,19.875200271606445,19.9300594329834,19.750999450683594,19.875200271606445
2022-04-04,19.8572998046875,19.868200302124023,19.723100662231445,19.8572998046875
2022-04-05,19.8093204498291,19.939559936523438,19.754899978637695,19.8093204498291
2022-04-06,19.98259925842285,20.0748291015625,19.96150016784668,19.98259925842285
2022-04-07,20.161460876464844,20.187999725341797,20.094999313354492,20.161460876464844
2022-04-08,20.130319595336914,20.185100555419922,20.065000534057617,20.130319595336914
2022-04-11,20.064849853515625,20.121139526367188,19.99090003967285,20.064849853515625
2022-04-12,19.941940307617188,19.943880081176758,19.776399612426758,19.941940307617188
2022-04-13,19.80328941345215,19.827470779418945,19.73349952697754,19.80328941345215
2022-04-14,19.76129913330078,20.009979248046875,19.717500686645508,19.76129913330078
2022-04-15,19.962299346923828,19.973499298095703,19.92970085144043,19.962299346923828
2022-04-18,19.95359992980957,20.00497055053711,19.881999969482422,19.95359992980957
2022-04-19,19.79520034790039,20.068239212036133,19.753299713134766,19.79520034790039
2022-04-20,20.018110275268555,20.066850662231445,19.9330997467041,20.018110275268555
2022-04-21,19.97369956970215,20.201210021972656,19.970199584960938,19.97369956970215
2022-04-22,20.184650421142578,20.376720428466797,20.15920066833496,20.184650421142578
2022-04-25,20.23200035095215,20.474159240722656,20.229400634765625,20.23200035095215
2022-04-26,20.214599609375,20.442949295043945,20.180599212646484,20.214599609375
2022-04-27,20.380319595336914,20.52872085571289,20.312999725341797,20.380319595336914
2022-04-28,20.372299194335938,20.631549835205078,20.335899353027344,20.372299194335938
2022-04-29,20.441299438476562,20.449499130249023,20.289100646972656,20.441299438476562
2022-05-02,20.41737937927246,20.48031997680664,20.331199645996094,20.41737937927246
2022-05-03,20.448200225830078,20.473730087280273,20.271900177001953,20.448200225830078
2022-05-04,20.280059814453125,20.30171012878418,20.177099227905273,20.280059814453125
2022-05-05,20.038259506225586,20.31175994873047,19.992599487304688,20.038259506225586
2022-05-06,20.21470069885254,20.29400062561035,20.071500778198242,20.21470069885254
2022-05-09,20.176300048828125,20.388500213623047,20.18600082397461,20.176300048828125
2022-05-10,20.3635196685791,20.43195915222168,20.26799964904785,20.3635196685791
2022-05-11,20.380359649658203,20.455379486083984,20.220199584960938,20.380359649658203
2022-05-12,20.319730758666992,20.467300415039062,20.257699966430664,20.319730758666992
2022-05-13,20.172700881958008,20.250810623168945,20.120899200439453,20.172700881958008
2022-05-16,20.09126091003418,20.175500869750977,20.034900665283203,20.09126091003418
2022-05-17,20.019100189208984,20.037330627441406,19.915300369262695,20.019100189208984
2022-05-18,19.93549919128418,20.007980346679688,19.869600296020508,19.93549919128418
2022-05-19,20.023000717163086,20.067230224609375,19.862600326538086,20.023000717163086
2022-05-20,19.923599243164062,19.96002960205078,19.824899673461914,19.923599243164062
2022-05-23,19.84942054748535,19.8885498046875,19.77815055847168,19.84942054748535
2022-05-24,19.917959213256836,19.939050674438477,19.78510093688965,19.917959213256836
2022-05-25,19.84269905090332,19.926149368286133,19.8080997467041,19.84269905090332
2022-05-26,19.818199157714844,19.862199783325195,19.750099182128906,19.818199157714844
2022-05-27,19.75189971923828,19.786100387573242,19.539899826049805,19.75189971923828
2022-05-30,19.56999969482422,19.586679458618164,19.412099838256836,19.56999969482422
2022-05-31,19.531299591064453,19.732059478759766,19.521900177001953,19.531299591064453
2022-06-01,19.648740768432617,19.765300750732422,19.59040069580078,19.648740768432617
2022-06-02,19.71306037902832,19.720300674438477,19.51759910583496,19.71306037902832
2022-06-03,19.52790069580078,19.609790802001953,19.486799240112305,19.52790069580078
2022-06-06,19.54521942138672,19.596460342407227,19.4606990814209,19.54521942138672
2022-06-07,19.555299758911133,19.629940032958984,19.499099731445312,19.555299758911133
2022-06-08,19.57670021057129,19.679349899291992,19.55229949951172,19.57670021057129
2022-06-09,19.587099075317383,19.625120162963867,19.518600463867188,19.587099075317383
2022-06-10,19.676300048828125,19.96380043029785,19.605199813842773,19.676300048828125
2022-06-13,20.019460678100586,20.496200561523438,20.002099990844727,20.019460678100586
2022-06-14,20.466800689697266,20.68613052368164,20.341400146484375,20.466800689697266
2022-06-15,20.560659408569336,20.684249877929688,20.51799964904785,20.560659408569336
2022-06-16,20.222150802612305,20.697250366210938,20.208799362182617,20.222150802612305
2022-06-17,20.397199630737305,20.571800231933594,20.295499801635742,20.397199630737305
2022-06-20,20.294309616088867,20.372699737548828,20.218700408935547,20.294309616088867
2022-06-21,20.26849937438965,20.281110763549805,20.116300582885742,20.26849937438965
2022-06-22,20.136999130249023,20.245119094848633,19.997800827026367,20.136999130249023
2022-06-23,20.04949951171875,20.138669967651367,19.993200302124023,20.04949951171875
2022-06-24,20.009899139404297,20.076200485229492,19.824920654296875,20.009899139404297
2022-06-27,19.892559051513672,19.937509536743164,19.8080997467041,19.892559051513672
2022-06-28,19.90290069580078,20.021099090576172,19.860700607299805,19.90290069580078
2022-06-29,20.1466007232666,20.20599937438965,20.061599731445312,20.1466007232666
2022-06-30,20.130359649658203,20.256479263305664,20.112499237060547,20.130359649658203
2022-07-01,20.102949142456055,20.449689865112305,20.08839988708496,20.102949142456055
2022-07-04,20.250200271606445,20.334569931030273,20.204599380493164,20.250200271606445
2022-07-05,20.268400192260742,20.601980209350586,20.222000122070312,20.268400192260742
2022-07-06,20.522899627685547,20.782970428466797,20.480499267578125,20.522899627685547
2022-07-07,20.64109992980957,20.672710418701172,20.512500762939453,20.64109992980957
2022-07-08,20.493999481201172,20.584030151367188,20.365190505981445,20.493999481201172
2022-07-11,20.46269989013672,20.78154945373535,20.453399658203125,20.46269989013672
2022-07-12,20.721200942993164,20.9254207611084,20.719900131225586,20.721200942993164
2022-07-13,20.8664608001709,20.99049949645996,20.70808982849121,20.8664608001709
2022-07-14,20.790800094604492,21.04184913635254,20.74970054626465,20.790800094604492
2022-07-15,20.805889129638672,20.886489868164062,20.553300857543945,20.805889129638672
2022-07-18,20.49959945678711,20.520259857177734,20.32029914855957,20.49959945678711
2022-07-19,20.44502067565918,20.46826934814453,20.307199478149414,20.44502067565918
2022-07-20,20.519800186157227,20.587820053100586,20.43440055847168,20.519800186157227
2022-07-21,20.54210090637207,20.695199966430664,20.47566032409668,20.54210090637207
2022-07-22,20.65410041809082,20.71879005432129,20.490100860595703,20.65410041809082
2022-07-25,20.53459930419922,20.578659057617188,20.38909912109375,20.53459930419922
2022-07-26,20.450700759887695,20.534400939941406,20.398300170898438,20.450700759887695
2022-07-27,20.453699111938477,20.56039047241211,20.36989974975586,20.453699111938477
2022-07-28,20.373300552368164,20.442899703979492,20.295499801635742,20.373300552368164
2022-07-29,20.281200408935547,20.37809944152832,20.195100784301758,20.281200408935547
2022-08-01,20.374500274658203,20.420799255371094,20.23040008544922,20.374500274658203
2022-08-02,20.383499145507812,20.529010772705078,20.383699417114258,20.383499145507812
2022-08-03,20.810909271240234,20.82468032836914,20.553199768066406,20.810909271240234
2022-08-04,20.492700576782227,20.496599197387695,20.290870666503906,20.492700576782227
2022-08-05,20.323699951171875,20.48724937438965,20.30270004272461,20.323699951171875
2022-08-08,20.42140007019043,20.436500549316406,20.244300842285156,20.42140007019043
2022-08-09,20.2406005859375,20.299270629882812,20.187700271606445,20.2406005859375
2022-08-10,20.239999771118164,20.26675033569336,19.904399871826172,20.239999771118164
2022-08-11,20.015100479125977,20.044200897216797,19.89430046081543,20.015100479125977
2022-08-12,19.93320083618164,19.97410011291504,19.855600357055664,19.93320083618164
2022-08-15,19.85363006591797,20.005090713500977,19.821800231933594,19.85363006591797
2022-08-16,19.808300018310547,19.96360969543457,19.802900314331055,19.808300018310547
2022-08-17,19.903539657592773,20.08102035522461,19.88290023803711,19.903539657592773
2022-08-18,19.970399856567383,20.09164047241211,19.916500091552734,19.970399856567383
2022-08-19,20.130159378051758,20.263830184936523,20.117000579833984,20.130159378051758
2022-08-22,20.189050674438477,20.236520767211914,20.13479995727539,20.189050674438477
2022-08-23,20.12689971923828,20.158090591430664,19.9424991607666,20.12689971923828
2022-08-24,19.983680725097656,20.00666046142578,19.8794002532959,19.983680725097656
2022-08-25,19.902599334716797,19.957820892333984,19.837099075317383,19.902599334716797
2022-08-26,19.919099807739258,19.969419479370117,19.858200073242188,19.919099807739258
2022-08-29,20.067800521850586,20.1452693939209,19.964099884033203,20.067800521850586
2022-08-30,19.984800338745117,20.140300750732422,19.89859962463379,19.984800338745117
2022-08-31,20.127300262451172,20.236879348754883,20.07029914855957,20.127300262451172
2022-09-01,20.186660766601562,20.290620803833008,20.133399963378906,20.186660766601562
2022-09-02,20.166900634765625,20.199310302734375,19.912399291992188,20.166900634765625
2022-09-05,19.970500946044922,20.022600173950195,19.933900833129883,19.970500946044922
2022-09-06,19.965599060058594,20.166790008544922,19.9345703125,19.965599060058594
2022-09-07,20.131500244140625,20.185380935668945,20.005699157714844,20.131500244140625
2022-09-08,19.981800079345703,20.095399856567383,19.939699172973633,19.981800079345703
2022-09-09,19.933500289916992,19.94499969482422,19.8572998046875,19.933500289916992
2022-09-12,19.859100341796875,19.88365936279297,19.74250030517578,19.859100341796875
2022-09-13,19.830020904541016,20.09122085571289,19.77280044555664,19.830020904541016
2022-09-14,20.03190040588379,20.066659927368164,19.940799713134766,20.03190040588379
2022-09-15,19.95159912109375,20.0814208984375,19.939699172973633,19.95159912109375
2022-09-16,20.08099937438965,20.15753936767578,20.00819969177246,20.08099937438965
2022-09-19,20.03022003173828,20.15644073486328,19.971599578857422,20.03022003173828
2022-09-20,19.903099060058594,20.075620651245117,19.88755989074707,19.903099060058594
2022-09-21,19.976299285888672,20.039779663085938,19.960399627685547,19.976299285888672
2022-09-22,20.044099807739258,20.074630737304688,19.833499908447266,20.044099807739258
2022-09-23,19.919200897216797,20.18560028076172,19.89430046081543,19.919200897216797
2022-09-26,20.211259841918945,20.371030807495117,20.1875,20.211259841918945
2022-09-27,20.37074089050293,20.42392921447754,20.2544002532959,20.37074089050293
2022-09-28,20.368629455566406,20.575759887695312,20.273500442504883,20.368629455566406
2022-09-29,20.18494987487793,20.274110794067383,20.106300354003906,20.18494987487793
2022-09-30,20.12455940246582,20.191410064697266,20.04330062866211,20.12455940246582
2022-10-03,20.117389678955078,20.13088035583496,19.95730972290039,20.117389678955078
2022-10-04,20.00670051574707,20.044240951538086,19.94849967956543,20.00670051574707
2022-10-05,19.965190887451172,20.149709701538086,19.929800033569336,19.965190887451172
2022-10-06,20.03380012512207,20.15233039855957,19.999399185180664,20.03380012512207
2022-10-07,20.100099563598633,20.131200790405273,20.007999420166016,20.100099563598633
2022-10-10,20.029800415039062,20.05462074279785,19.934499740600586,20.029800415039062
2022-10-11,19.94029998779297,20.018009185791016,19.935800552368164,19.94029998779297
2022-10-12,20.06555938720703,20.1112003326416,19.996700286865234,20.06555938720703
2022-10-13,19.97319984436035,20.147899627685547,19.937000274658203,19.97319984436035
2022-10-14,19.97570037841797,20.10218048095703,19.950199127197266,19.97570037841797
2022-10-17,20.015899658203125,20.043149948120117,19.96030044555664,20.015899658203125
2022-10-18,19.971799850463867,20.050199508666992,19.947599411010742,19.971799850463867
2022-10-19,20.01889991760254,20.16830062866211,19.999900817871094,20.01889991760254
2022-10-20,20.127410888671875,20.156400680541992,20.010400772094727,20.127410888671875
2022-10-21,20.042760848999023,20.136520385742188,19.893909454345703,20.042760848999023
2022-10-24,19.9325008392334,20.001850128173828,19.916799545288086,19.9325008392334
2022-10-25,19.908100128173828,19.936859130859375,19.845699310302734,19.908100128173828
2022-10-26,19.866600036621094,19.888580322265625,19.797399520874023,19.866600036621094
2022-10-27,19.943029403686523,20.036130905151367,19.804500579833984,19.943029403686523
2022-10-28,19.840309143066406,19.888469696044922,19.800100326538086,19.840309143066406
2022-10-31,19.820199966430664,19.91568946838379,19.795820236206055,19.820199966430664
2022-11-01,19.79319953918457,19.806400299072266,19.66790008544922,19.79319953918457
2022-11-02,19.724899291992188,19.737350463867188,19.648799896240234,19.724899291992188
2022-11-03,19.67840003967285,19.77630043029785,19.625999450683594,19.67840003967285
2022-11-04,19.670270919799805,19.670000076293945,19.445999145507812,19.670270919799805
2022-11-07,19.5633602142334,19.574739456176758,19.436500549316406,19.5633602142334
2022-11-08,19.443099975585938,19.50598907470703,19.423200607299805,19.443099975585938
2022-11-09,19.537620544433594,19.629150390625,19.497400283813477,19.537620544433594
2022-11-10,19.56209945678711,19.597389221191406,19.328899383544922,19.56209945678711
2022-11-11,19.315509796142578,19.584199905395508,19.25659942626953,19.315509796142578
2022-11-14,19.514429092407227,19.569969177246094,19.374099731445312,19.514429092407227
2022-11-15,19.33919906616211,19.393470764160156,19.251100540161133,19.33919906616211
2022-11-16,19.34119987487793,19.39742088317871,19.269500732421875,19.34119987487793
2022-11-17,19.33333969116211,19.470399856567383,19.30229949951172,19.33333969116211
2022-11-18,19.399900436401367,19.530080795288086,19.375699996948242,19.399900436401367
2022-11-21,19.443199157714844,19.54467010498047,19.408300399780273,19.443199157714844
2022-11-22,19.531600952148438,19.56679916381836,19.434799194335938,19.531600952148438
2022-11-23,19.441909790039062,19.447650909423828,19.322099685668945,19.441909790039062
2022-11-24,19.334999084472656,19.36989974975586,19.325000762939453,19.334999084472656
2022-11-25,19.38129997253418,19.418100357055664,19.315500259399414,19.38129997253418
2022-11-28,19.34354019165039,19.364320755004883,19.28529930114746,19.34354019165039
2022-11-29,19.296300888061523,19.31913948059082,19.026899337768555,19.296300888061523
2022-11-30,19.23200035095215,19.453189849853516,19.185100555419922,19.23200035095215
2022-12-01,19.264850616455078,19.34345054626465,19.119300842285156,19.264850616455078
2022-12-02,19.128299713134766,19.381549835205078,19.108800888061523,19.128299713134766
2022-12-05,19.38298988342285,19.856000900268555,19.334299087524414,19.38298988342285
2022-12-06,19.721399307250977,19.85342025756836,19.620899200439453,19.721399307250977
2022-12-07,19.7544002532959,19.826080322265625,19.642499923706055,19.7544002532959
2022-12-08,19.666900634765625,19.734439849853516,19.635700225830078,19.666900634765625
2022-12-09,19.621559143066406,19.836200714111328,19.594900131225586,19.621559143066406
2022-12-12,19.786699295043945,19.868799209594727,19.716699600219727,19.786699295043945
2022-12-13,19.847299575805664,19.881450653076172,19.60700035095215,19.847299575805664
2022-12-14,19.542020797729492,19.742250442504883,19.502700805664062,19.542020797729492
2022-12-15,19.609399795532227,19.842100143432617,19.608699798583984,19.609399795532227
2022-12-16,19.74959945678711,19.880199432373047,19.72960090637207,19.74959945678711
2022-12-19,19.79690933227539,19.834320068359375,19.698400497436523,19.79690933227539
2022-12-20,19.787599563598633,19.89525032043457,19.674699783325195,19.787599563598633
2022-12-21,19.754199981689453,19.791650772094727,19.646499633789062,19.754199981689453
2022-12-22,19.659589767456055,19.678939819335938,19.53969955444336,19.659589767456055
2022-12-23,19.559499740600586,19.579479217529297,19.401199340820312,19.559499740600586
2022-12-26,19.337390899658203,19.41710090637207,19.313379287719727,19.337390899658203
2022-12-27,19.363069534301758,19.450170516967773,19.326000213623047,19.363069534301758
2022-12-28,19.462099075317383,19.4950008392334,19.372400283813477,19.462099075317383
2022-12-29,19.422300338745117,19.4375,19.295900344848633,19.422300338745117
2022-12-30,19.457599639892578,19.585750579833984,19.393800735473633,19.457599639892578
2023-01-02,19.44659996032715,19.517549514770508,19.4431095123291,19.44659996032715
2023-01-03,19.458799362182617,19.52873992919922,19.38661003112793,19.458799362182617
2023-01-04,19.40760040283203,19.409929275512695,19.24329948425293,19.40760040283203
2023-01-05,19.38680076599121,19.43004035949707,19.326099395751953,19.38680076599121
2023-01-06,19.31855010986328,19.34341049194336,19.132699966430664,19.31855010986328
2023-01-09,19.124300003051758,19.190500259399414,19.089599609375,19.124300003051758
2023-01-10,19.124500274658203,19.173460006713867,19.077299118041992,19.124500274658203
2023-01-11,19.059600830078125,19.1099796295166,19.000410079956055,19.059600830078125
2023-01-12,18.942399978637695,18.978540420532227,18.816429138183594,18.942399978637695
2023-01-13,18.844310760498047,18.910980224609375,18.755800247192383,18.844310760498047
2023-01-16,18.774200439453125,18.851919174194336,18.718799591064453,18.774200439453125
2023-01-17,18.77790069580078,18.82900047302246,18.71969985961914,18.77790069580078
2023-01-18,18.64150047302246,18.76922035217285,18.555599212646484,18.64150047302246
2023-01-19,18.874059677124023,19.074499130249023,18.856300354003906,18.874059677124023
2023-01-20,18.98270034790039,19.017749786376953,18.871000289916992,18.98270034790039
2023-01-23,18.874189376831055,18.88850975036621,18.78030014038086,18.857770919799805
2023-01-24,18.81325912475586,18.886899948120117,18.775279998779297,18.81325912475586
2023-01-25,18.783599853515625,18.848339080810547,18.7539005279541,18.783599853515625
2023-01-26,18.776199340820312,18.89525032043457,18.772300720214844,18.776199340820312
2023-01-27,18.79669952392578,18.827590942382812,18.705400466918945,18.79669952392578
2023-01-30,18.768749237060547,18.804399490356445,18.73579978942871,18.768749237060547
2023-01-31,18.75860023498535,18.84708023071289,18.723800659179688,18.75860023498535
2023-02-01,18.842870712280273,18.870410919189453,18.69729995727539,18.842870712280273
2023-02-02,18.58289909362793,18.63089942932129,18.497600555419922,18.58289909362793
2023-02-03,18.641399383544922,18.956100463867188,18.63050079345703,18.641399383544922
2023-02-06,18.990869522094727,19.28611946105957,18.99057960510254,18.990869522094727
2023-02-07,19.167999267578125,19.175270080566406,19.022199630737305,19.167999267578125
2023-02-08,18.881500244140625,18.979509353637695,18.81679916381836,18.881500244140625
2023-02-09,18.934450149536133,18.991390228271484,18.831899642944336,18.934450149536133
2023-02-10,18.77829933166504,18.828950881958008,18.638900756835938,18.77829933166504
2023-02-13,18.67840003967285,18.722110748291016,18.602500915527344,18.67840003967285
2023-02-14,18.565040588378906,18.67074966430664,18.505630493164062,18.565040588378906
2023-02-15,18.50480079650879,18.741840362548828,18.493000030517578,18.50480079650879
2023-02-16,18.584550857543945,18.680299758911133,18.506399154663086,18.584550857543945
2023-02-17,18.54871940612793,18.67251968383789,18.410200119018555,18.54871940612793
2023-02-20,18.36737060546875,18.434959411621094,18.315500259399414,18.36737060546875
2023-02-21,18.38520050048828,18.44615936279297,18.329999923706055,18.38520050048828
2023-02-22,18.429899215698242,18.47709083557129,18.324649810791016,18.429899215698242
2023-02-23,18.364580154418945,18.45347023010254,18.286399841308594,18.364580154418945
2023-02-24,18.36865997314453,18.49312973022461,18.33880043029785,18.36865997314453
2023-02-27,18.39133071899414,18.419950485229492,18.31279945373535,18.39133071899414
2023-02-28,18.366899490356445,18.41027069091797,18.297399520874023,18.366899490356445
2023-03-01,18.300939559936523,18.327009201049805,18.06399917602539,18.300939559936523
2023-03-02,18.115970611572266,18.190269470214844,18.088699340820312,18.115970611572266
2023-03-03,18.105300903320312,18.115699768066406,17.982839584350586,18.105300903320312
2023-03-06,17.97800064086914,18.03605079650879,17.93670082092285,17.97800064086914
2023-03-07,18.00135040283203,18.16999053955078,17.955699920654297,18.00135040283203
2023-03-08,18.100099563598633,18.12179946899414,17.904340744018555,18.100099563598633
2023-03-09,17.97075080871582,18.098899841308594,17.885499954223633,17.97075080871582
2023-03-10,18.329639434814453,18.580459594726562,18.25670051574707,18.329639434814453
2023-03-13,18.31702995300293,19.144630432128906,18.229299545288086,18.31702995300293
2023-03-14,18.91908073425293,19.14777946472168,18.588600158691406,18.91908073425293
2023-03-15,18.600500106811523,19.018400192260742,18.58970069885254,18.600500106811523
2023-03-16,18.991899490356445,19.174449920654297,18.90180015563965,18.991899490356445
2023-03-17,18.769390106201172,18.979799270629883,18.636859893798828,18.769390106201172
2023-03-20,18.843420028686523,19.224950790405273,18.790019989013672,18.843420028686523
2023-03-21,18.814599990844727,18.87523078918457,18.63629913330078,18.814599990844727
2023-03-22,18.62405014038086,18.650400161743164,18.50320053100586,18.62405014038086
2023-03-23,18.593360900878906,18.605520248413086,18.45330047607422,18.593360900878906
2023-03-24,18.567899703979492,18.794950485229492,18.494670867919922,18.567899703979492
2023-03-27,18.427059173583984,18.452180862426758,18.31599998474121,18.427059173583984
2023-03-28,18.318599700927734,18.35407066345215,18.229999542236328,18.318599700927734
2023-03-29,18.219200134277344,18.233240127563477,18.08009910583496,18.219200134277344
2023-03-30,18.094030380249023,18.15665054321289,18.035600662231445,18.094030380249023
2023-03-31,18.089550018310547,18.119029998779297,17.991899490356445,18.089550018310547
2023-04-03,18.03915023803711,18.1289005279541,17.953100204467773,18.03915023803711
2023-04-04,18.087570190429688,18.1748104095459,17.999500274658203,18.087570190429688
2023-04-05,18.112499237060547,18.386749267578125,18.08919906616211,18.112499237060547
2023-04-06,18.308799743652344,18.37470054626465,18.199399948120117,18.308799743652344
2023-04-07,18.227100372314453,18.264999389648438,18.088899612426758,18.227100372314453
2023-04-10,18.134700775146484,18.275779724121094,18.062000274658203,18.134700775146484
2023-04-11,18.14310073852539,18.21541976928711,18.095800399780273,18.14310073852539
2023-04-12,18.158899307250977,18.189390182495117,18.011199951171875,18.158899307250977
2023-04-13,18.055099487304688,18.117809295654297,18.00872039794922,18.055099487304688
2023-04-14,18.018999099731445,18.118419647216797,17.99169921875,18.018999099731445
2023-04-17,17.99287986755371,18.15096092224121,17.94610023498535,17.99287986755371
2023-04-18,18.03219985961914,18.093719482421875,17.954700469970703,18.03219985961914
2023-04-19,18.043489456176758,18.15015983581543,18.02429962158203,18.043489456176758
2023-04-20,18.04050064086914,18.119239807128906,17.980199813842773,18.04050064086914
2023-04-21,17.997909545898438,18.040550231933594,17.965299606323242,17.997909545898438
2023-04-24,17.997140884399414,18.045700073242188,17.971599578857422,17.997140884399414
2023-04-25,17.965200424194336,18.090700149536133,17.94339942932129,17.965200424194336
2023-04-26,18.0403995513916,18.181320190429688,18.02829933166504,18.0403995513916
2023-04-27,18.158550262451172,18.189369201660156,18.045499801635742,18.158550262451172
2023-04-28,18.024499893188477,18.106719970703125,17.962200164794922,18.024499893188477
2023-05-01,17.99139976501465,18.01824951171875,17.90959930419922,17.99139976501465
2023-05-02,17.93769073486328,18.071880340576172,17.887300491333008,17.93769073486328
2023-05-03,17.97426986694336,17.98542022705078,17.88640022277832,17.97426986694336
2023-05-04,17.956100463867188,18.00657081604004,17.843900680541992,17.956100463867188
2023-05-05,17.89937973022461,17.944110870361328,17.741300582885742,17.89937973022461
2023-05-08,17.76626968383789,17.83740997314453,17.726999282836914,17.76626968383789
2023-05-09,17.787580490112305,17.82868003845215,17.73040008544922,17.787580490112305
2023-05-10,17.743499755859375,17.765539169311523,17.593799591064453,17.743499755859375
2023-05-11,17.537200927734375,17.697309494018555,17.516799926757812,17.537200927734375
2023-05-12,17.57469940185547,17.64310073852539,17.558300018310547,17.57469940185547
2023-05-15,17.596250534057617,17.616159439086914,17.52739906311035,17.596250534057617
2023-05-16,17.4330997467041,17.532550811767578,17.414100646972656,17.4330997467041
2023-05-17,17.480300903320312,17.68450927734375,17.469499588012695,17.480300903320312
2023-05-18,17.606769561767578,17.771080017089844,17.581499099731445,17.606769561767578
2023-05-19,17.715700149536133,17.738689422607422,17.61639976501465,17.715700149536133
2023-05-22,17.7460994720459,17.956079483032227,17.74049949645996,17.7460994720459
2023-05-23,17.879899978637695,17.99534034729004,17.852100372314453,17.879899978637695
2023-05-24,17.958200454711914,17.978099822998047,17.76300048828125,17.958200454711914
2023-05-25,17.799930572509766,17.86815071105957,17.741600036621094,17.799930572509766
2023-05-26,17.84630012512207,17.86086082458496,17.641769409179688,17.84630012512207
2023-05-29,17.60219955444336,17.61639976501465,17.521099090576172,17.60219955444336
2023-05-30,17.598819732666016,17.686870574951172,17.527599334716797,17.598819732666016
2023-05-31,17.65570068359375,17.764999389648438,17.62649917602539,17.65570068359375
2023-06-01,17.67650032043457,17.7237606048584,17.526899337768555,17.67650032043457
2023-06-02,17.538799285888672,17.56671905517578,17.418249130249023,17.538799285888672
2023-06-05,17.550399780273438,17.59450912475586,17.444400787353516,17.550399780273438
2023-06-06,17.445899963378906,17.49509048461914,17.40513038635254,17.445899963378906
2023-06-07,17.367700576782227,17.38311004638672,17.300100326538086,17.367700576782227
2023-06-08,17.355289459228516,17.437299728393555,17.313400268554688,17.355289459228516
2023-06-09,17.37220001220703,17.39566993713379,17.273000717163086,17.37220001220703
2023-06-12,17.27090072631836,17.327699661254883,17.231599807739258,17.27090072631836
2023-06-13,17.2841796875,17.31553077697754,17.204700469970703,17.2841796875
2023-06-14,17.233789443969727,17.237239837646484,17.099700927734375,17.233789443969727
2023-06-15,17.127399444580078,17.248790740966797,17.090999603271484,17.127399444580078
2023-06-16,17.12636947631836,17.186819076538086,17.068199157714844,17.12636947631836
2023-06-19,17.0669002532959,17.16887092590332,17.05109977722168,17.0669002532959
2023-06-20,17.072999954223633,17.193349838256836,17.0669002532959,17.072999954223633
2023-06-21,17.20363998413086,17.253570556640625,17.140300750732422,17.20363998413086
2023-06-22,17.11750030517578,17.199100494384766,17.102399826049805,17.11750030517578
2023-06-23,17.170000076293945,17.261789321899414,17.13170051574707,17.170000076293945
2023-06-26,17.1471004486084,17.171600341796875,17.101499557495117,17.1471004486084
2023-06-27,17.117000579833984,17.13633918762207,17.045000076293945,17.117000579833984
2023-06-28,17.076499938964844,17.121810913085938,17.032499313354492,17.076499938964844
2023-06-29,17.08289909362793,17.15130043029785,17.055400848388672,17.08289909362793
2023-06-30,17.10610008239746,17.158979415893555,17.030899047851562,17.10610008239746
2023-07-03,17.12080955505371,17.146739959716797,17.03890037536621,17.12080955505371
2023-07-04,17.047000885009766,17.058950424194336,16.999990463256836,17.047000885009766
2023-07-05,17.035499572753906,17.07200050354004,16.968799591064453,17.035499572753906
2023-07-06,17.006080627441406,17.263320922851562,16.985200881958008,17.006080627441406
2023-07-07,17.231609344482422,17.391599655151367,17.08639907836914,17.231609344482422
2023-07-10,17.147850036621094,17.171619415283203,17.035600662231445,17.147850036621094
2023-07-11,17.0447998046875,17.10219955444336,17.031700134277344,17.0447998046875
2023-07-12,17.028900146484375,17.062360763549805,16.799699783325195,17.028900146484375
2023-07-13,16.89642906188965,16.95758056640625,16.848499298095703,16.89642906188965
2023-07-14,16.846630096435547,16.915159225463867,16.802099227905273,16.846630096435547
2023-07-17,16.73870086669922,16.892900466918945,16.69339942932129,16.73870086669922
2023-07-18,16.713699340820312,16.759620666503906,16.68709945678711,16.713699340820312
2023-07-19,16.75214958190918,16.78338050842285,16.711299896240234,16.75214958190918
2023-07-20,16.711870193481445,16.866439819335938,16.690900802612305,16.711870193481445
2023-07-21,16.86590003967285,17.0410099029541,16.849700927734375,16.86590003967285
2023-07-24,16.974300384521484,17.00358009338379,16.800600051879883,16.974300384521484
2023-07-25,16.826099395751953,16.936349868774414,16.789899826049805,16.826099395751953
2023-07-26,16.926700592041016,16.981380462646484,16.816970825195312,16.926700592041016
2023-07-27,16.86244010925293,16.863059997558594,16.70771026611328,16.86244010925293
2023-07-28,16.84709930419922,16.944520950317383,16.615800857543945,16.84709930419922
2023-07-31,16.68090057373047,16.778579711914062,16.654199600219727,16.68090057373047
2023-08-01,16.738100051879883,16.862279891967773,16.72480010986328,16.738100051879883
2023-08-02,16.8735294342041,17.0589599609375,16.83506965637207,16.8735294342041
2023-08-03,17.00079917907715,17.406579971313477,16.984500885009766,17.00079917907715
2023-08-04,17.318199157714844,17.42314910888672,16.996999740600586,17.318199157714844
2023-08-07,17.08099937438965,17.14129066467285,17.015199661254883,17.08099937438965
2023-08-08,17.064699172973633,17.271299362182617,17.057600021362305,17.064699172973633
2023-08-09,17.106399536132812,17.18560028076172,17.05769920349121,17.106399536132812
2023-08-10,17.059289932250977,17.075389862060547,16.905799865722656,17.059289932250977
2023-08-11,17.067699432373047,17.110780715942383,16.951000213623047,17.067699432373047
2023-08-14,16.993989944458008,17.125200271606445,16.95840072631836,16.993989944458008
2023-08-15,17.045299530029297,17.183429718017578,17.033599853515625,17.045299530029297
2023-08-16,17.12866973876953,17.152530670166016,17.03190040588379,17.12866973876953
2023-08-17,17.14409065246582,17.203659057617188,17.060199737548828,17.14409065246582
2023-08-18,17.09787940979004,17.12696075439453,17.040000915527344,17.09787940979004
2023-08-21,17.026100158691406,17.076650619506836,17.003799438476562,17.026100158691406
2023-08-22,17.012800216674805,17.027099609375,16.882600784301758,17.012800216674805
2023-08-23,16.906450271606445,16.909709930419922,16.786300659179688,16.906450271606445
2023-08-24,16.77910041809082,16.853540420532227,16.756099700927734,16.77910041809082
2023-08-25,16.830610275268555,16.838449478149414,16.74711036682129,16.830610275268555
2023-08-28,16.718799591064453,16.747840881347656,16.683700561523438,16.718799591064453
2023-08-29,16.785999298095703,16.88235092163086,16.741899490356445,16.785999298095703
2023-08-30,16.786699295043945,16.800939559936523,16.721399307250977,16.786699295043945
2023-08-31,16.757129669189453,16.98390007019043,16.702699661254883,16.757129669189453
2023-09-01,16.998220443725586,17.193960189819336,16.9601993560791,16.998220443725586
2023-09-04,17.073270797729492,17.191089630126953,17.032100677490234,17.073270797729492
2023-09-05,17.17608070373535,17.392179489135742,17.161399841308594,17.17608070373535
2023-09-06,17.382600784301758,17.640750885009766,17.381999969482422,17.382600784301758
2023-09-07,17.578899383544922,17.703750610351562,17.422969818115234,17.578899383544922
2023-09-08,17.577299118041992,17.59477996826172,17.434799194335938,17.577299118041992
2023-09-11,17.543140411376953,17.59099006652832,17.345849990844727,17.543140411376953
2023-09-12,17.281030654907227,17.37417984008789,17.245100021362305,17.281030654907227
2023-09-13,17.21339988708496,17.270099639892578,17.089399337768555,17.21339988708496
2023-09-14,17.130599975585938,17.191749572753906,17.090200424194336,17.130599975585938
2023-09-15,17.106359481811523,17.12055015563965,17.042800903320312,17.106359481811523
2023-09-18,17.047399520874023,17.175369262695312,17.015499114990234,17.047399520874023
2023-09-19,17.11669921875,17.140260696411133,17.04360008239746,17.11669921875
2023-09-20,17.06485939025879,17.094690322875977,17.007699966430664,17.06485939025879
2023-09-21,17.092159271240234,17.244550704956055,17.056499481201172,17.092159271240234
2023-09-22,17.21109962463379,17.23236083984375,17.08930015563965,17.21109962463379
2023-09-25,17.173599243164062,17.434049606323242,17.161300659179688,17.173599243164062
2023-09-26,17.3843994140625,17.561870574951172,17.358600616455078,17.3843994140625
2023-09-27,17.54500961303711,17.718469619750977,17.468399047851562,17.54500961303711
2023-09-28,17.68695068359375,17.731979370117188,17.584009170532227,17.68695068359375
2023-09-29,17.5389404296875,17.55912971496582,17.352449417114258,17.5389404296875
2023-10-02,17.39539909362793,17.564720153808594,17.371999740600586,17.39539909362793
2023-10-03,17.662500381469727,17.97075080871582,17.592899322509766,17.662500381469727
2023-10-04,18.0093994140625,18.213510513305664,17.848560333251953,18.0093994140625
2023-10-05,17.978099822998047,18.365100860595703,17.92609977722168,17.978099822998047
2023-10-06,18.278139114379883,18.449729919433594,18.128400802612305,18.278139114379883
2023-10-09,18.22800064086914,18.378080368041992,18.206289291381836,18.22800064086914
2023-10-10,18.207679748535156,18.29660987854004,17.95240020751953,18.207679748535156
2023-10-11,17.934030532836914,17.95438003540039,17.784400939941406,17.934030532836914
2023-10-12,17.837169647216797,17.969249725341797,17.741899490356445,17.837169647216797
2023-10-13,17.97064971923828,18.067419052124023,17.843740463256836,17.97064971923828
2023-10-16,18.049999237060547,18.04681968688965,17.903900146484375,18.049999237060547
2023-10-17,17.90700912475586,18.07278060913086,17.86680030822754,17.90700912475586
2023-10-18,18.001800537109375,18.298599243164062,17.952800750732422,18.001800537109375
2023-10-19,18.235200881958008,18.39361000061035,18.230300903320312,18.235200881958008
2023-10-20,18.308500289916992,18.45673942565918,18.20359992980957,18.308500289916992
2023-10-23,18.201099395751953,18.370100021362305,18.07990074157715,18.201099395751953
2023-10-24,18.132299423217773,18.284900665283203,18.072200775146484,18.132299423217773
2023-10-25,18.259069442749023,18.387409210205078,18.222999572753906,18.259069442749023
2023-10-26,18.32740020751953,18.421340942382812,18.168100357055664,18.32740020751953
2023-10-27,18.136199951171875,18.17181968688965,17.9960994720459,18.136199951171875
2023-10-30,18.10548973083496,18.11338996887207,17.95359992980957,18.10548973083496
2023-10-31,18.048099517822266,18.109189987182617,17.92365074157715,18.048099517822266
2023-11-01,18.04669952392578,18.07526969909668,17.893800735473633,18.04669952392578
2023-11-02,17.76235008239746,17.785829544067383,17.542400360107422,17.76235008239746
2023-11-03,17.527000427246094,17.55525016784668,17.283899307250977,17.527000427246094
2023-11-06,17.472129821777344,17.578350067138672,17.39310073852539,17.472129821777344
2023-11-07,17.53529930114746,17.590770721435547,17.452999114990234,17.53529930114746
2023-11-08,17.470199584960938,17.574039459228516,17.460960388183594,17.470199584960938
2023-11-09,17.52519989013672,17.597570419311523,17.468599319458008,17.52519989013672
2023-11-10,17.78936004638672,17.935850143432617,17.69403076171875,17.78936004638672
2023-11-13,17.656400680541992,17.722000122070312,17.565099716186523,17.656400680541992
2023-11-14,17.600099563598633,17.628299713134766,17.344900131225586,17.600099563598633
2023-11-15,17.332500457763672,17.408750534057617,17.292600631713867,17.332500457763672
2023-11-16,17.29616928100586,17.330209732055664,17.206100463867188,17.29616928100586
2023-11-17,17.225799560546875,17.25731086730957,17.181299209594727,17.225799560546875
2023-11-20,17.219680786132812,17.248300552368164,17.105199813842773,17.219680786132812
2023-11-21,17.110740661621094,17.221609115600586,17.05120086669922,17.110740661621094
2023-11-22,17.189599990844727,17.248340606689453,17.153900146484375,17.189599990844727
2023-11-23,17.1951904296875,17.20155906677246,17.132999420166016,17.1951904296875
2023-11-24,17.186500549316406,17.186870574951172,17.08169937133789,17.186500549316406
2023-11-27,17.113859176635742,17.19420051574707,17.020599365234375,17.113859176635742
2023-11-28,17.158599853515625,17.209550857543945,17.106800079345703,17.158599853515625
2023-11-29,17.121000289916992,17.22705078125,17.100500106811523,17.121000289916992
2023-11-30,17.282800674438477,17.496280670166016,17.24410057067871,17.282800674438477
2023-12-01,17.376300811767578,17.38715934753418,17.177200317382812,17.376300811767578
2023-12-04,17.18876075744629,17.42435073852539,17.176799774169922,17.18876075744629
2023-12-05,17.454099655151367,17.561250686645508,17.41349983215332,17.454099655151367
2023-12-06,17.358299255371094,17.37841033935547,17.233600616455078,17.358299255371094
2023-12-07,17.287460327148438,17.444639205932617,17.26689910888672,17.287460327148438
2023-12-08,17.472049713134766,17.508020401000977,17.295400619506836,17.472049713134766
2023-12-11,17.34709930419922,17.462749481201172,17.336000442504883,17.34709930419922
2023-12-12,17.36989974975586,17.43400001525879,17.28849983215332,17.36989974975586
2023-12-13,17.303760528564453,17.457860946655273,17.291400909423828,17.303760528564453
2023-12-14,17.26226043701172,17.39369010925293,17.20210075378418,17.26226043701172
2023-12-15,17.190380096435547,17.3389892578125,17.156999588012695,17.190380096435547
2023-12-18,17.221200942993164,17.296350479125977,17.195199966430664,17.221200942993164
2023-12-19,17.162700653076172,17.166160583496094,17.02199935913086,17.162700653076172
2023-12-20,17.059799194335938,17.105649948120117,17.014799118041992,17.059799194335938
2023-12-21,17.133169174194336,17.134319305419922,17.027999877929688,17.133169174194336
2023-12-22,17.031269073486328,17.04882049560547,16.918899536132812,17.031269073486328
2023-12-25,16.978370666503906,16.996200561523438,16.97146987915039,16.978370666503906
2023-12-26,16.975200653076172,16.995880126953125,16.933300018310547,16.975200653076172
2023-12-27,16.973600387573242,16.994590759277344,16.89389991760254,16.973600387573242
2023-12-28,16.91360092163086,16.93004035949707,16.847000122070312,16.91360092163086
2023-12-29,16.951200485229492,16.987850189208984,16.880699157714844,16.951200485229492
2024-01-01,16.96343994140625,16.96343994140625,16.963340759277344,16.96343994140625
2024-01-02,16.962509155273438,17.064510345458984,16.895299911499023,16.962509155273438
2024-01-03,17.019399642944336,17.098249435424805,17.003599166870117,17.019399642944336
2024-01-04,17.012149810791016,17.08370018005371,16.965499877929688,17.012149810791016
2024-01-05,17.00860023498535,17.06682014465332,16.87030029296875,17.00860023498535
2024-01-08,16.880939483642578,16.907150268554688,16.7731990814209,16.880939483642578
2024-01-09,16.83370018005371,16.95779037475586,16.803800582885742,16.83370018005371
2024-01-10,16.966659545898438,17.01959991455078,16.939899444580078,16.966659545898438
2024-01-11,16.981660842895508,17.053529739379883,16.938499450683594,16.981660842895508
2024-01-12,16.901559829711914,16.91960906982422,16.819700241088867,16.901559829711914
2024-01-15,16.869070053100586,16.910629272460938,16.853200912475586,16.869070053100586
2024-01-16,16.88479995727539,17.20155906677246,16.885099411010742,16.88479995727539
2024-01-17,17.197900772094727,17.381650924682617,17.197799682617188,17.197900772094727
2024-01-18,17.19260025024414,17.23240089416504,17.141700744628906,17.19260025024414
2024-01-19,17.168359756469727,17.18733024597168,17.098400115966797,17.168359756469727
2024-01-22,17.093149185180664,17.17099952697754,17.05120086669922,17.093149185180664
2024-01-23,17.174699783325195,17.375179290771484,17.141199111938477,17.174699783325195
2024-01-24,17.306060791015625,17.31528091430664,17.12660026550293,17.306060791015625
2024-01-25,17.234159469604492,17.264009475708008,17.159700393676758,17.234159469604492
2024-01-26,17.18950080871582,17.21508026123047,17.121000289916992,17.18950080871582
2024-01-29,17.16861915588379,17.247350692749023,17.132400512695312,17.16861915588379
2024-01-30,17.219560623168945,17.252229690551758,17.158599853515625,17.219560623168945
2024-01-31,17.1527099609375,17.200849533081055,17.096450805664062,17.1527099609375
2024-02-01,17.217529296875,17.2822208404541,17.087900161743164,17.217529296875
2024-02-02,17.0674991607666,17.17923927307129,17.02630043029785,17.0674991607666
2024-02-05,17.15069007873535,17.277379989624023,17.11440086364746,17.15069007873535
2024-02-06,17.109100341796875,17.123519897460938,17.01289939880371,17.109100341796875
2024-02-07,17.027999877929688,17.06652069091797,16.992950439453125,17.027999877929688
2024-02-08,17.045400619506836,17.12755012512207,17.02720069885254,17.045400619506836
2024-02-09,17.13170051574707,17.172250747680664,17.062400817871094,17.13170051574707
2024-02-12,17.075429916381836,17.083749771118164,17.03380012512207,17.075429916381836
2024-02-13,17.067760467529297,17.22149085998535,17.05419921875,17.067760467529297
2024-02-14,17.202009201049805,17.20256996154785,17.081199645996094,17.202009201049805
2024-02-15,17.075199127197266,17.1002197265625,17.031400680541992,17.075199127197266
2024-02-16,17.040170669555664,17.094810485839844,17.015300750732422,17.040170669555664
2024-02-19,17.045299530029297,17.06174087524414,17.018999099731445,17.042930603027344
2024-02-20,17.03420066833496,17.062850952148438,16.98040008544922,17.03420066833496
2024-02-21,17.059799194335938,17.07369041442871,17.026399612426758,17.059799194335938
2024-02-22,17.033100128173828,17.151899337768555,16.997900009155273,17.033100128173828
2024-02-23,17.10733985900879,17.150310516357422,17.05780029296875,17.10733985900879
2024-02-26,17.109920501708984,17.14082908630371,17.067699432373047,17.113929748535156
2024-02-27,17.08169937133789,17.10301971435547,17.031299591064453,17.08169937133789
2024-02-28,17.066959381103516,17.109350204467773,17.05190086364746,17.066959381103516
2024-02-29,17.087299346923828,17.09954071044922,17.04129981994629,17.087299346923828
2024-03-01,17.050060272216797,17.056640625,16.9867000579834,17.050060272216797
2024-03-04,17.009370803833008,17.019929885864258,16.95159912109375,17.009370803833008
2024-03-05,16.95507049560547,16.978620529174805,16.8927001953125,16.95507049560547
2024-03-06,16.932100296020508,16.950010299682617,16.837099075317383,16.932100296020508
2024-03-07,16.867799758911133,16.91914939880371,16.835500717163086,16.867799758911133
2024-03-08,16.864700317382812,16.885570526123047,16.75550079345703,16.864700317382812
2024-03-11,16.803619384765625,16.82284927368164,16.76799964904785,16.803619384765625
2024-03-12,16.798969268798828,16.846580505371094,16.767900466918945,16.798969268798828
2024-03-13,16.784299850463867,16.797760009765625,16.728599548339844,16.784299850463867
2024-03-14,16.669330596923828,16.724750518798828,16.636899948120117,16.669330596923828
2024-03-15,16.701860427856445,16.735200881958008,16.65410041809082,16.701860427856445
2024-03-18,16.720399856567383,16.79281997680664,16.66900062561035,16.720399856567383
2024-03-19,16.830860137939453,16.943809509277344,16.803800582885742,16.830860137939453
2024-03-20,16.79990005493164,16.84674072265625,16.761699676513672,16.79990005493164
2024-03-21,16.667699813842773,16.769819259643555,16.654800415039062,16.667699813842773
2024-03-22,16.7268009185791,16.823320388793945,16.683799743652344,16.7268009185791
2024-03-25,16.75830078125,16.766469955444336,16.68269920349121,16.75830078125
2024-03-26,16.670700073242188,16.712610244750977,16.651599884033203,16.670700073242188
2024-03-27,16.63159942626953,16.6730899810791,16.510299682617188,16.63159942626953
2024-03-28,16.55069923400879,16.62540054321289,16.529199600219727,16.55069923400879
2024-03-29,16.602840423583984,16.610300064086914,16.532699584960938,16.602840423583984
2024-04-01,16.555450439453125,16.668149948120117,16.521499633789062,16.555450439453125
2024-04-02,16.608800888061523,16.650150299072266,16.55769920349121,16.608800888061523
2024-04-03,16.54990005493164,16.613149642944336,16.53190040588379,16.54990005493164
2024-04-04,16.527000427246094,16.559799194335938,16.495500564575195,16.527000427246094
2024-04-05,16.573200225830078,16.600730895996094,16.430400848388672,16.573200225830078
2024-04-08,16.45199966430664,16.491390228271484,16.309900283813477,16.45199966430664
2024-04-09,16.314300537109375,16.36639976501465,16.247699737548828,16.314300537109375
2024-04-10,16.383310317993164,16.518020629882812,16.29800033569336,16.383310317993164
2024-04-11,16.452499389648438,16.48685073852539,16.37529945373535,16.452499389648438
2024-04-12,16.42609977722168,16.740110397338867,16.412099838256836,16.42609977722168
2024-04-15,16.611080169677734,16.72064971923828,16.527299880981445,16.611080169677734
2024-04-16,16.694400787353516,17.081249237060547,16.694499969482422,16.694400787353516
2024-04-17,17.033340454101562,17.078319549560547,16.86495018005371,17.033340454101562
2024-04-18,16.956300735473633,17.16080093383789,16.90730094909668,16.956300735473633
2024-04-19,17.074960708618164,17.817689895629883,17.05940055847168,17.074960708618164
2024-04-22,17.092100143432617,17.233999252319336,16.99920082092285,17.091999053955078
2024-04-23,17.136980056762695,17.145349502563477,16.956600189208984,17.136980056762695
2024-04-24,16.949199676513672,17.114070892333984,16.902099609375,16.949199676513672
2024-04-25,17.070100784301758,17.341869354248047,17.019800186157227,17.070100784301758
2024-04-26,17.201810836791992,17.277549743652344,17.10449981689453,17.201810836791992
2024-04-29,17.16404914855957,17.245849609375,17.00510025024414,17.16404914855957
2024-04-30,17.011560440063477,17.079349517822266,16.948200225830078,17.011560440063477
2024-05-01,17.149919509887695,17.159250259399414,17.00200080871582,17.149919509887695
2024-05-02,16.928600311279297,16.983259201049805,16.893800735473633,16.928600311279297
2024-05-03,16.961700439453125,17.025829315185547,16.82309913635254,16.961700439453125
2024-05-06,16.980260848999023,16.98154067993164,16.881000518798828,16.980260848999023
2024-05-07,16.88334083557129,16.92144012451172,16.82819938659668,16.88334083557129
2024-05-08,16.90406036376953,16.975250244140625,16.868000030517578,16.90406036376953
2024-05-09,16.9160099029541,16.961299896240234,16.848800659179688,16.9160099029541
2024-05-10,16.779499053955078,16.812149047851562,16.711299896240234,16.779499053955078
2024-05-13,16.767200469970703,16.814449310302734,16.722400665283203,16.767200469970703
2024-05-14,16.783199310302734,16.875049591064453,16.75790023803711,16.783199310302734
2024-05-15,16.844160079956055,16.89604949951172,16.672300338745117,16.844160079956055
2024-05-16,16.681060791015625,16.736629486083984,16.66189956665039,16.681060791015625
2024-05-17,16.678159713745117,16.714950561523438,16.599199295043945,16.678159713745117
2024-05-20,16.586299896240234,16.636699676513672,16.550500869750977,16.586299896240234
2024-05-21,16.552570343017578,16.600419998168945,16.515100479125977,16.552570343017578
2024-05-22,16.606599807739258,16.682449340820312,16.578699111938477,16.606599807739258
2024-05-23,16.661630630493164,16.731449127197266,16.61389923095703,16.661630630493164
2024-05-24,16.730369567871094,16.75041961669922,16.666400909423828,16.730369567871094
2024-05-27,16.673799514770508,16.697799682617188,16.631500244140625,16.673799514770508
2024-05-28,16.6623592376709,16.73859977722168,16.622400283813477,16.6623592376709
2024-05-29,16.781400680541992,16.98444938659668,16.736299514770508,16.781400680541992
2024-05-30,17.017580032348633,17.125139236450195,16.9064998626709,17.017580032348633
2024-05-31,17.00581932067871,17.068260192871094,16.9064998626709,17.00581932067871
2024-06-03,16.97260093688965,17.710739135742188,16.90690040588379,16.97260093688965
2024-06-04,17.700429916381836,18.149349212646484,17.537500381469727,17.700429916381836
2024-06-05,17.81191062927246,17.82615089416504,17.48870086669922,17.81191062927246
2024-06-06,17.50349998474121,17.643369674682617,17.434200286865234,17.50349998474121
2024-06-07,17.879959106445312,18.36132049560547,17.806140899658203,17.879959106445312
2024-06-10,18.325849533081055,18.610740661621094,18.24959945678711,18.325849533081055
2024-06-11,18.57221031188965,18.556499481201172,18.296499252319336,18.57221031188965
2024-06-12,18.58061981201172,18.97361946105957,18.542699813842773,18.58061981201172
2024-06-13,18.754140853881836,18.838319778442383,18.510299682617188,18.754140853881836
2024-06-14,18.415180206298828,18.673730850219727,18.381799697875977,18.415180206298828
2024-06-17,18.455799102783203,18.628799438476562,18.41710090637207,18.455799102783203
2024-06-18,18.52090072631836,18.554359436035156,18.30076026916504,18.52090072631836
2024-06-19,18.399099349975586,18.47170066833496,18.361900329589844,18.399099349975586
2024-06-20,18.427440643310547,18.45808982849121,18.3656005859375,18.427440643310547
2024-06-21,18.34238052368164,18.361900329589844,18.17807960510254,18.34238052368164
2024-06-24,18.129789352416992,18.143329620361328,17.993200302124023,18.129789352416992
2024-06-25,17.944719314575195,18.19481086730957,17.881999969482422,17.944719314575195
2024-06-26,18.111299514770508,18.31821060180664,18.055500030517578,18.111299514770508
2024-06-27,18.301000595092773,18.450849533081055,18.268299102783203,18.301000595092773
2024-06-28,18.42976951599121,18.579959869384766,18.235580444335938,18.42976951599121
2024-07-01,18.265300750732422,18.443099975585938,18.252500534057617,18.265300750732422
2024-07-02,18.36639976501465,18.489139556884766,18.207500457763672,18.36639976501465
2024-07-03,18.252199172973633,18.297969818115234,18.096399307250977,18.252199172973633
2024-07-04,18.174360275268555,18.175739288330078,18.044599533081055,18.174360275268555
2024-07-05,18.080400466918945,18.189250946044922,18.002750396728516,18.080400466918945
2024-07-08,18.088279724121094,18.100910186767578,17.970699310302734,18.088279724121094
2024-07-09,17.973600387573242,18.049850463867188,17.901100158691406,17.973600387573242
2024-07-10,17.895339965820312,17.899839401245117,17.7593994140625,17.895339965820312
2024-07-11,17.836530685424805,17.88327980041504,17.71031951904297,17.836530685424805
2024-07-12,17.753259658813477,17.80167007446289,17.63610076904297,17.753259658813477
2024-07-15,17.69873046875,17.855810165405273,17.667299270629883,17.69873046875
2024-07-16,17.71579933166504,17.804880142211914,17.640300750732422,17.71579933166504
2024-07-17,17.650419235229492,17.80522918701172,17.624670028686523,17.650419235229492
2024-07-18,17.720199584960938,17.865619659423828,17.685800552368164,17.720199584960938
2024-07-19,17.958499908447266,18.02741050720215,17.822219848632812,17.958499908447266
2024-07-22,17.970619201660156,18.10679054260254,17.885299682617188,17.970619201660156
2024-07-23,17.930599212646484,18.0981502532959,17.91710090637207,17.930599212646484
2024-07-24,18.163150787353516,18.422199249267578,18.143999099731445,18.163150787353516
2024-07-25,18.360319137573242,18.57508087158203,18.310400009155273,18.360319137573242
2024-07-26,18.439899444580078,18.492950439453125,18.29129981994629,18.439899444580078
2024-07-29,18.42729949951172,18.700660705566406,18.40169906616211,18.42729949951172
2024-07-30,18.640899658203125,18.81584930419922,18.564199447631836,18.640899658203125
2024-07-31,18.75279998779297,18.94120979309082,18.571409225463867,18.75279998779297
2024-08-01,18.640039443969727,18.721609115600586,18.429279327392578,18.640039443969727
2024-08-02,18.923799514770508,19.17460060119629,18.87190055847168,18.923799514770508
2024-08-05,19.528430938720703,20.147790908813477,19.37225914001465,19.528430938720703
2024-08-06,19.19502067565918,19.508729934692383,19.13888931274414,19.19502067565918
2024-08-07,19.58378028869629,19.58819007873535,19.106599807739258,19.58378028869629
2024-08-08,19.33470916748047,19.354759216308594,19.08209991455078,19.33470916748047
2024-08-09,18.86026954650879,18.911239624023438,18.7726993560791,18.86026954650879
2024-08-12,18.822189331054688,19.050689697265625,18.77750015258789,18.822189331054688
2024-08-13,19.059799194335938,19.092350006103516,18.922199249267578,19.059799194335938
2024-08-14,18.998079299926758,19.014659881591797,18.79829978942871,18.998079299926758
2024-08-15,18.81170082092285,18.838150024414062,18.62809944152832,18.81170082092285
2024-08-16,18.636199951171875,18.741329193115234,18.600500106811523,18.636199951171875
2024-08-19,18.6258602142334,18.83254051208496,18.598400115966797,18.6258602142334
2024-08-20,18.665109634399414,18.92984962463379,18.64259910583496,18.665109634399414
2024-08-21,19.009849548339844,19.31121063232422,18.916799545288086,19.009849548339844
2024-08-22,19.277130126953125,19.52849006652832,19.263900756835938,19.277130126953125
2024-08-23,19.49020004272461,19.52376937866211,19.02140998840332,19.49020004272461
2024-08-26,19.212249755859375,19.41122055053711,19.138999938964844,19.212249755859375
2024-08-27,19.374500274658203,19.69205093383789,19.33970069885254,19.374500274658203
2024-08-28,19.77079963684082,19.781999588012695,19.42597007751465,19.77079963684082
2024-08-29,19.664400100708008,19.95013999938965,19.557100296020508,19.664400100708008
2024-08-30,19.834199905395508,19.869539260864258,19.61989974975586,19.834199905395508
2024-09-02,19.699800491333008,19.804969787597656,19.614299774169922,19.699800491333008
2024-09-03,19.83639907836914,19.978429794311523,19.715999603271484,19.83639907836914
2024-09-04,19.795400619506836,19.914899826049805,19.66200065612793,19.795400619506836
2024-09-05,19.948749542236328,20.146099090576172,19.88935089111328,19.948749542236328
2024-09-06,19.881380081176758,20.074899673461914,19.74920082092285,19.881380081176758
2024-09-09,19.940200805664062,20.009700775146484,19.808950424194336,19.940200805664062
2024-09-10,19.89137077331543,20.129770278930664,19.87070083618164,19.89137077331543
2024-09-11,20.08941078186035,20.14150047302246,19.768980026245117,20.08941078186035
2024-09-12,19.795900344848633,19.837020874023438,19.600799560546875,19.795900344848633
2024-09-13,19.52079963684082,19.564300537109375,19.21969985961914,19.52079963684082
2024-09-16,19.15220069885254,19.38372039794922,19.14590072631836,19.15220069885254
2024-09-17,19.20560073852539,19.3995304107666,19.200599670410156,19.20560073852539
2024-09-18,19.115530014038086,19.286060333251953,19.05470085144043,19.115530014038086
2024-09-19,19.243270874023438,19.392940521240234,19.134599685668945,19.243270874023438
2024-09-20,19.299999237060547,19.48253059387207,19.25819969177246,19.299999237060547
2024-09-23,19.37656021118164,19.497079849243164,19.303199768066406,19.37656021118164
2024-09-24,19.4153995513916,19.437480926513672,19.23914909362793,19.4153995513916
2024-09-25,19.30820083618164,19.633310317993164,19.2987003326416,19.30820083618164
2024-09-26,19.636600494384766,19.65106964111328,19.46445083618164,19.636600494384766
2024-09-27,19.61591911315918,19.66044044494629,19.52120018005371,19.61591911315918
2024-09-30,19.63050079345703,19.734909057617188,19.54490089416504,19.63050079345703
2024-10-01,19.66360092163086,19.779949188232422,19.61090087890625,19.66360092163086
2024-10-02,19.626440048217773,19.65665054321289,19.33884048461914,19.626440048217773
2024-10-03,19.408199310302734,19.565000534057617,19.391599655151367,19.408199310302734
2024-10-04,19.335500717163086,19.389909744262695,19.110979080200195,19.335500717163086
2024-10-07,19.27667999267578,19.422399520874023,19.186899185180664,19.27667999267578
2024-10-08,19.289670944213867,19.442279815673828,19.222400665283203,19.289670944213867
2024-10-09,19.345399856567383,19.442659378051758,19.30590057373047,19.345399856567383
2024-10-10,19.467449188232422,19.610279083251953,19.429229736328125,19.467449188232422
2024-10-11,19.438400268554688,19.48724937438965,19.375890731811523,19.438400268554688
2024-10-14,19.29953956604004,19.36614990234375,19.22640037536621,19.29953956604004
2024-10-15,19.425949096679688,19.667490005493164,19.368200302124023,19.425949096679688
2024-10-16,19.695100784301758,19.932329177856445,19.66309928894043,19.695100784301758
2024-10-17,19.898700714111328,20.024229049682617,19.82229995727539,19.898700714111328
2024-10-18,19.816810607910156,19.84535026550293,19.64069938659668,19.816810607910156
2024-10-21,19.868560791015625,20.060260772705078,19.859399795532227,19.868560791015625
2024-10-22,19.960800170898438,19.965070724487305,19.76910972595215,19.960800170898438
2024-10-23,19.936199188232422,20.093000411987305,19.908100128173828,19.936199188232422
2024-10-24,19.832460403442383,19.893299102783203,19.74690055847168,19.832460403442383
2024-10-25,19.814199447631836,19.92314910888672,19.762500762939453,19.814199447631836
2024-10-28,19.946569442749023,20.0898494720459,19.936199188232422,19.946569442749023
2024-10-29,20.02873992919922,20.068660736083984,19.95319938659668,20.02873992919922
2024-10-30,20.05377960205078,20.217960357666016,19.99340057373047,20.05377960205078
2024-10-31,20.1639404296875,20.181699752807617,20.020700454711914,20.1639404296875
2024-11-01,20.050689697265625,20.07706069946289,19.92591094970703,20.050689697265625
2024-11-04,20.081819534301758,20.165599822998047,19.947099685668945,20.081819534301758
2024-11-05,20.093900680541992,20.34808921813965,20.07200050354004,20.093900680541992
2024-11-06,20.13159942626953,20.79949951171875,20.134700775146484,20.13159942626953
2024-11-07,20.167009353637695,20.202890396118164,19.76020050048828,20.167009353637695
2024-11-08,19.793569564819336,20.227630615234375,19.76650047302246,19.793569564819336
2024-11-11,20.13759994506836,20.562969207763672,20.11389923095703,20.13759994506836
2024-11-12,20.339500427246094,20.611289978027344,20.33839988708496,20.339500427246094
2024-11-13,20.582700729370117,20.64529037475586,20.42639923095703,20.582700729370117
2024-11-14,20.518400192260742,20.668149948120117,20.463329315185547,20.518400192260742
2024-11-15,20.438600540161133,20.494020462036133,20.313400268554688,20.438600540161133
2024-11-18,20.356170654296875,20.43773078918457,20.25200080871582,20.356170654296875
2024-11-19,20.213289260864258,20.336959838867188,20.1289005279541,20.213289260864258
2024-11-20,20.10972023010254,20.313020706176758,20.084800720214844,20.10972023010254
2024-11-21,20.274620056152344,20.45244026184082,20.247900009155273,20.274620056152344
2024-11-22,20.414119720458984,20.541349411010742,20.36319923400879,20.414119720458984
2024-11-25,20.350839614868164,20.44182014465332,20.238100051879883,20.350839614868164
2024-11-26,20.580469131469727,20.746599197387695,20.435800552368164,20.580469131469727
2024-11-27,20.65250015258789,20.777610778808594,20.59280014038086,20.65250015258789
2024-11-28,20.598169326782227,20.599159240722656,20.201250076293945,20.598169326782227
2024-11-29,20.436199188232422,20.466440200805664,20.248130798339844,20.436199188232422
2024-12-02,20.3806095123291,20.591739654541016,20.379789352416992,20.378610610961914
2024-12-03,20.40690040588379,20.423519134521484,20.281400680541992,20.40690040588379
2024-12-04,20.30389976501465,20.379749298095703,20.25160026550293,20.30389976501465
2024-12-05,20.308639526367188,20.306760787963867,20.154699325561523,20.308639526367188
2024-12-06,20.19179916381836,20.24587059020996,20.096500396728516,20.19179916381836
2024-12-09,20.170900344848633,20.20461082458496,20.09939956665039,20.170900344848633
2024-12-10,20.245899200439453,20.31998062133789,20.138900756835938,20.245899200439453
2024-12-11,20.1607608795166,20.25518035888672,20.120819091796875,20.1607608795166
2024-12-12,20.114200592041016,20.21453094482422,20.087400436401367,20.114200592041016
2024-12-13,20.191099166870117,20.254579544067383,20.107799530029297,20.191099166870117
2024-12-16,20.105419158935547,20.205299377441406,20.082420349121094,20.105419158935547
2024-12-17,20.133819580078125,20.271780014038086,20.087299346923828,20.133819580078125
2024-12-18,20.173749923706055,20.20886993408203,20.0734806060791,20.173749923706055
2024-12-19,20.37470054626465,20.503000259399414,20.2992000579834,20.37470054626465
2024-12-20,20.333999633789062,20.350400924682617,20.05364990234375,20.333999633789062
2024-12-23,20.063430786132812,20.219449996948242,20.03619956970215,20.063430786132812
2024-12-24,20.169300079345703,20.210119247436523,20.110000610351562,20.169300079345703
2024-12-25,20.153799057006836,20.159900665283203,20.144699096679688,20.153799057006836
2024-12-26,20.156639099121094,20.19856071472168,20.12299919128418,20.156639099121094
2024-12-27,20.20479965209961,20.398469924926758,20.18790054321289,20.20479965209961
2024-12-30,20.313169479370117,20.564170837402344,20.309499740600586,20.313169479370117
2024-12-31,20.632200241088867,20.87598991394043,20.632600784301758,20.632200241088867
2025-01-02,20.83024024963379,20.857179641723633,20.60770034790039,20.83024024963379
2025-01-03,20.592899322509766,20.692039489746094,20.507999420166016,20.592899322509766
2025-01-06,20.620149612426758,20.663379669189453,20.24247932434082,20.620149612426758
2025-01-07,20.32080078125,20.390239715576172,20.262990951538086,20.32080078125
2025-01-08,20.32733917236328,20.52145004272461,20.299299240112305,20.32733917236328
2025-01-09,20.410959243774414,20.511770248413086,20.388999938964844,20.410959243774414
2025-01-10,20.506359100341797,20.742610931396484,20.47249984741211,20.506359100341797
2025-01-13,20.70178985595703,20.864139556884766,20.691299438476562,20.70178985595703
2025-01-14,20.61046028137207,20.674549102783203,20.43950080871582,20.61046028137207
2025-01-15,20.503999710083008,20.55816078186035,20.36680030822754,20.503999710083008
2025-01-16,20.455310821533203,20.831340789794922,20.441600799560547,20.455310821533203
2025-01-17,20.83272933959961,20.935169219970703,20.671100616455078,20.83272933959961
2025-01-20,20.791290283203125,20.89521026611328,20.438419342041016,20.791290283203125
2025-01-21,20.49724006652832,20.792829513549805,20.466899871826172,20.49724006652832
2025-01-22,20.66119956970215,20.666139602661133,20.469900131225586,20.66119956970215
2025-01-23,20.48710060119629,20.517879486083984,20.34712028503418,20.48710060119629
2025-01-24,20.37883949279785,20.387300491333008,20.132450103759766,20.37883949279785
2025-01-27,20.436969757080078,20.715200424194336,20.384639739990234,20.436969757080078
2025-01-28,20.7283992767334,20.77273941040039,20.52100944519043,20.7283992767334
2025-01-29,20.540000915527344,20.659799575805664,20.463899612426758,20.540000915527344
2025-01-30,20.501800537109375,20.53554916381836,20.39940071105957,20.501800537109375
2025-01-31,20.674470901489258,20.743419647216797,20.570999145507812,20.674470901489258
2025-02-03,21.16939926147461,21.287729263305664,20.41444969177246,21.16939926147461
2025-02-04,20.385129928588867,20.508699417114258,20.31089973449707,20.385129928588867
2025-02-05,20.512420654296875,20.70343017578125,20.456199645996094,20.512420654296875
2025-02-06,20.573720932006836,20.647850036621094,20.468000411987305,20.573720932006836
2025-02-07,20.44339942932129,20.619619369506836,20.41790008544922,20.44339942932129
2025-02-10,20.600309371948242,20.696269989013672,20.5403995513916,20.600309371948242
2025-02-11,20.624610900878906,20.655960083007812,20.524900436401367,20.624610900878906
2025-02-12,20.546720504760742,20.6224308013916,20.464399337768555,20.546720504760742
2025-02-13,20.543489456176758,20.64215087890625,20.46660041809082,20.543489456176758
2025-02-14,20.415189743041992,20.433530807495117,20.25029945373535,20.415189743041992
2025-02-17,20.312389373779297,20.422090530395508,20.262800216674805,20.312389373779297
2025-02-18,20.272600173950195,20.332679748535156,20.20050048828125,20.272600173950195
2025-02-19,20.23780059814453,20.456600189208984,20.18869972229004,20.23780059814453
2025-02-20,20.45240020751953,20.46773910522461,20.33169937133789,20.45240020751953
2025-02-21,20.29400062561035,20.360300064086914,20.287599563598633,20.29400062561035
2025-02-24,20.382829666137695,20.513349533081055,20.34493064880371,20.382829666137695
2025-02-25,20.48111915588379,20.531869888305664,20.38920021057129,20.48111915588379
2025-02-26,20.457509994506836,20.545330047607422,20.398399353027344,20.457509994506836
2025-02-27,20.394800186157227,20.542490005493164,20.34980010986328,20.394800186157227
2025-02-28,20.457599639892578,20.54450035095215,20.371000289916992,20.457599639892578
2025-03-03,20.514450073242188,20.53388023376465,20.380470275878906,20.514450073242188
2025-03-04,20.72570037841797,20.98274040222168,20.690000534057617,20.72570037841797
2025-03-05,20.530500411987305,20.660490036010742,20.350099563598633,20.530500411987305
2025-03-06,20.402780532836914,20.493839263916016,20.211339950561523,20.402780532836914
2025-03-07,20.27794075012207,20.3314208984375,20.216699600219727,20.27794075012207
2025-03-10,20.26021957397461,20.299579620361328,20.1737003326416,20.26021957397461
2025-03-11,20.35137939453125,20.39715003967285,20.283000946044922,20.35137939453125
2025-03-12,20.270299911499023,20.300060272216797,20.152099609375,20.270299911499023
2025-03-13,20.17443084716797,20.19556999206543,20.049699783325195,20.17443084716797
2025-03-14,20.082849502563477,20.11764907836914,19.83970069885254,20.082849502563477
2025-03-17,19.92527961730957,19.956369400024414,19.853099822998047,19.92527961730957
2025-03-18,19.95507049560547,20.092029571533203,19.905099868774414,19.95507049560547
2025-03-19,19.904159545898438,20.0660400390625,19.889699935913086,19.904159545898438
2025-03-20,20.0231990814209,20.258190155029297,20.014299392700195,20.0231990814209
2025-03-21,20.127500534057617,20.27294921875,20.118160247802734,20.127500534057617
2025-03-24,20.21017074584961,20.238540649414062,20.07415008544922,20.21017074584961
2025-03-25,20.037870407104492,20.078899383544922,19.95737075805664,20.037870407104492
2025-03-26,20.031999588012695,20.165159225463867,20.03190040588379,20.031999588012695
2025-03-27,20.257049560546875,20.3631591796875,20.123170852661133,20.257049560546875
2025-03-28,20.281999588012695,20.452749252319336,20.25950050354004,20.281999588012695
2025-03-31,20.380090713500977,20.468740463256836,20.321399688720703,20.380090713500977
2025-04-01,20.474029541015625,20.540449142456055,20.319679260253906,20.474029541015625
2025-04-02,20.328340530395508,20.50882911682129,20.303199768066406,20.328340530395508
2025-04-03,20.25830078125,20.277910232543945,19.839099884033203,20.25830078125
2025-04-04,19.93221092224121,20.553800582885742,19.89259910583496,19.93221092224121
2025-04-07,20.621700286865234,20.80340003967285,20.508329391479492,20.621700286865234
2025-04-08,20.696550369262695,20.711610794067383,20.475820541381836,20.696550369262695
2025-04-09,20.836240768432617,21.076120376586914,20.742700576782227,20.836240768432617
2025-04-10,20.33354949951172,20.571269989013672,20.269899368286133,20.33354949951172
2025-04-11,20.594459533691406,20.617149353027344,20.285499572753906,20.594459533691406
2025-04-14,20.276779174804688,20.29400062561035,20.01420021057129,20.276779174804688
2025-04-15,20.07990074157715,20.105560302734375,19.919599533081055,20.07990074157715
2025-04-16,20.125429153442383,20.12955093383789,19.95669937133789,20.125429153442383
2025-04-17,19.915300369262695,19.949190139770508,19.789400100708008,19.915300369262695
2025-04-22,19.70330047607422,19.719860076904297,19.55579948425293,19.70330047607422
2025-04-23,19.615190505981445,19.668659210205078,19.48740005493164,19.615190505981445
2025-04-24,19.624399185180664,19.63330078125,19.54669952392578,19.624399185180664
2025-04-25,19.600000381469727,19.68486976623535,19.529399871826172,19.600000381469727
2025-04-28,19.535160064697266,19.583890914916992,19.475400924682617,19.535160064697266
2025-04-29,19.57309913635254,19.64841079711914,19.544200897216797,19.57309913635254
2025-04-30,19.540199279785156,19.6488094329834,19.50589942932129,19.540199279785156
2025-05-01,19.589000701904297,19.6783504486084,19.58139991760254,19.589000701904297
2025-05-02,19.600889205932617,19.69179916381836,19.536399841308594,19.600889205932617
2025-05-05,19.610090255737305,19.641700744628906,19.537500381469727,19.610090255737305
2025-05-06,19.673200607299805,19.777299880981445,19.66790008544922,19.673200607299805
2025-05-07,19.644620895385742,19.676340103149414,19.564899444580078,19.644620895385742
2025-05-08,19.60308074951172,19.62063980102539,19.503000259399414,19.60308074951172
2025-05-09,19.518699645996094,19.543359756469727,19.462299346923828,19.518699645996094
2025-05-12,19.441640853881836,19.663049697875977,19.416200637817383,19.441640853881836
2025-05-13,19.60740089416504,19.641300201416016,19.413400650024414,19.60740089416504
2025-05-14,19.39310073852539,19.421159744262695,19.29170036315918,19.39310073852539
2025-05-15,19.383060455322266,19.498580932617188,19.31369972229004,19.383060455322266
2025-05-16,19.471399307250977,19.56089973449707,19.423200607299805,19.471399307250977
2025-05-19,19.451169967651367,19.48402976989746,19.345699310302734,19.451169967651367
2025-05-20,19.284900665283203,19.32585906982422,19.24329948425293,19.284900665283203
2025-05-21,19.269319534301758,19.371749877929688,19.2460994720459,19.269319534301758
2025-05-22,19.36680030822754,19.45439910888672,19.308900833129883,19.36680030822754
2025-05-23,19.32110023498535,19.372140884399414,19.240299224853516,19.32110023498535
2025-05-26,19.20479965209961,19.245880126953125,19.174400329589844,19.20479965209961
2025-05-27,19.245559692382812,19.282690048217773,19.17639923095703,19.245559692382812
2025-05-28,19.252700805664062,19.41781997680664,19.24519920349121,19.252700805664062
2025-05-29,19.385150909423828,19.41510009765625,19.297100067138672,19.385150909423828
2025-05-30,19.300100326538086,19.416400909423828,19.243200302124023,19.300100326538086
2025-06-02,19.422500610351562,19.43115997314453,19.187400817871094,19.422500610351562
2025-06-03,19.19219970703125,19.270750045776367,19.18899917602539,19.19219970703125
2025-06-04,19.224300384521484,19.24264907836914,19.151500701904297,19.224300384521484
2025-06-05,19.199350357055664,19.22197914123535,19.136699676513672,19.199350357055664
2025-06-06,19.151159286499023,19.21445083618164,19.094650268554688,19.151159286499023
2025-06-09,19.09762954711914,19.10650062561035,19.034400939941406,19.09762954711914
2025-06-10,19.037799835205078,19.095399856567383,19.018199920654297,19.037799835205078
2025-06-11,19.058759689331055,19.06587028503418,18.841949462890625,19.058759689331055
2025-06-12,18.897050857543945,18.973859786987305,18.84630012512207,18.897050857543945
2025-06-13,18.883209228515625,19.098960876464844,18.871700286865234,18.883209228515625
2025-06-16,18.947799682617188,18.971450805664062,18.81049919128418,18.947799682617188
2025-06-17,18.923349380493164,18.988449096679688,18.908199310302734,18.923349380493164
2025-06-18,19.019420623779297,19.021299362182617,18.937999725341797,19.019420623779297
2025-06-19,19.00749969482422,19.114299774169922,19.013399124145508,19.00749969482422
2025-06-20,19.02050018310547,19.14514923095703,18.993900299072266,19.02050018310547
2025-06-23,19.210100173950195,19.281850814819336,19.13629913330078,19.210100173950195
2025-06-24,19.071199417114258,19.087980270385742,18.93899917602539,19.071199417114258
2025-06-25,18.99176025390625,19.027050018310547,18.898799896240234,18.99176025390625
2025-06-26,18.89859962463379,18.935380935668945,18.833099365234375,18.89859962463379
2025-06-27,18.87881088256836,18.89636993408203,18.796600341796875,18.87881088256836
2025-06-30,18.7992000579834,18.89592933654785,18.78499984741211,18.7992000579834
2025-07-01,18.738000869750977,18.75840950012207,18.65060043334961,18.738000869750977
2025-07-02,18.737899780273438,18.8116397857666,18.70680046081543,18.737899780273438
2025-07-03,18.763700485229492,18.82196044921875,18.643199920654297,18.763700485229492
2025-07-04,18.645910263061523,18.66819953918457,18.60379981994629,18.645910263061523
2025-07-07,18.60633087158203,18.765600204467773,18.590599060058594,18.60633087158203
2025-07-08,18.643329620361328,18.7226505279541,18.597700119018555,18.643329620361328
2025-07-09,18.612340927124023,18.623760223388672,18.540300369262695,18.612340927124023
2025-07-10,18.623769760131836,18.700050354003906,18.58289909362793,18.623769760131836
2025-07-11,18.601259231567383,18.74519920349121,18.600860595703125,18.601259231567383
2025-07-14,18.65760040283203,18.773170471191406,18.641300201416016,18.65760040283203
2025-07-15,18.748369216918945,18.810609817504883,18.644699096679688,18.748369216918945
2025-07-16,18.80171012878418,18.845149993896484,18.67966079711914,18.80171012878418
2025-07-17,18.718759536743164,18.835599899291992,18.716299057006836,18.718759536743164
2025-07-18,18.752620697021484,18.764150619506836,18.67919921875,18.752620697021484
2025-07-21,18.705299377441406,18.73419952392578,18.61549949645996,18.705299377441406
2025-07-22,18.656099319458008,18.697830200195312,18.591249465942383,18.656099319458008
2025-07-23,18.643930435180664,18.683300018310547,18.566499710083008,18.643930435180664
2025-07-24,18.53668975830078,18.58793067932129,18.516700744628906,18.53668975830078
2025-07-25,18.538549423217773,18.589399337768555,18.50979995727539,18.538549423217773
2025-07-28,18.50309944152832,18.74176025390625,18.49690055847168,18.50309944152832
2025-07-29,18.746999740600586,18.83245086669922,18.747900009155273,18.746999740600586
2025-07-30,18.747159957885742,18.8458309173584,18.68779945373535,18.747159957885742
2025-07-31,18.842899322509766,18.90239906311035,18.758699417114258,18.842899322509766
2025-08-01,18.86471939086914,18.977649688720703,18.748350143432617,18.86471939086914
2025-08-04,18.868009567260742,18.8974609375,18.75320053100586,18.868009567260742
2025-08-05,18.871400833129883,18.942440032958984,18.757600784301758,18.871400833129883
2025-08-06,18.733230590820312,18.739349365234375,18.56760025024414,18.733230590820312
2025-08-07,18.60154914855957,18.728660583496094,18.571460723876953,18.60154914855957
2025-08-08,18.60795021057129,18.63960075378418,18.510400772094727,18.60795021057129
2025-08-11,18.582210540771484,18.69127082824707,18.55451011657715,18.582210540771484
2025-08-12,18.656200408935547,18.682979583740234,18.524999618530273,18.656200408935547
2025-08-13,18.572799682617188,18.662050247192383,18.50909996032715,18.572799682617188
2025-08-14,18.619300842285156,18.833070755004883,18.615400314331055,18.619300842285156
2025-08-15,18.801259994506836,18.805160522460938,18.66699981689453,18.801259994506836
2025-08-18,18.72348976135254,18.864839553833008,18.704999923706055,18.72348976135254
2025-08-19,18.765499114990234,18.862829208374023,18.762699127197266,18.765499114990234
2025-08-20,18.818700790405273,18.842599868774414,18.730899810791016,18.818700790405273
2025-08-21,18.768699645996094,18.80916976928711,18.72719955444336,18.768699645996094
2025-08-22,18.736299514770508,18.77199935913086,18.566099166870117,18.736299514770508
2025-08-25,18.59326934814453,18.652700424194336,18.552349090576172,18.59326934814453
2025-08-26,18.683229446411133,18.70039939880371,18.608299255371094,18.683229446411133
2025-08-27,18.6585693359375,18.793949127197266,18.641000747680664,18.6585693359375
2025-08-28,18.651199340820312,18.6866397857666,18.59600067138672,18.651199340820312
2025-08-29,18.650239944458008,18.715150833129883,18.630300521850586,18.650239944458008
2025-09-01,18.65846061706543,18.666749954223633,18.587299346923828,18.65846061706543
2025-09-02,18.648099899291992,18.85593032836914,18.63920021057129,18.648099899291992
2025-09-03,18.728700637817383,18.77669906616211,18.656600952148438,18.728700637817383
2025-09-04,18.706600189208984,18.79850959777832,18.69230079650879,18.706600189208984
2025-09-05,18.725799560546875,18.7322998046875,18.58264923095703,18.725799560546875
2025-09-08,18.726360321044922,18.73457908630371,18.63035011291504,18.726360321044922
2025-09-09,18.652870178222656,18.653139114379883,18.577699661254883,18.652870178222656
2025-09-10,18.62350082397461,18.647560119628906,18.562599182128906,18.62350082397461
2025-09-11,18.580799102783203,18.651639938354492,18.506999969482422,18.580799102783203
2025-09-12,18.45400047302246,18.511709213256836,18.447599411010742,18.45400047302246
2025-09-15,18.446989059448242,18.451799392700195,18.332849502563477,18.446989059448242
2025-09-16,18.361520767211914,18.384950637817383,18.275609970092773,18.361520767211914
2025-09-17,18.28580093383789,18.349639892578125,18.259599685668945,18.28580093383789
2025-09-18,18.30780029296875,18.38266944885254,18.221599578857422,18.30780029296875
2025-09-19,18.364200592041016,18.465309143066406,18.331899642944336,18.364200592041016
2025-09-22,18.42020034790039,18.43709945678711,18.340940475463867,18.42020034790039
2025-09-23,18.357690811157227,18.382850646972656,18.291900634765625,18.357690811157227
2025-09-24,18.346500396728516,18.45046043395996,18.328399658203125,18.346500396728516
2025-09-25,18.418739318847656,18.497610092163086,18.388099670410156,18.418739318847656
2025-09-26,18.484119415283203,18.50904083251953,18.334880828857422,18.484119415283203
2025-09-29,18.358549118041992,18.36479949951172,18.28499984741211,18.358549118041992
2025-09-30,18.358999252319336,18.378400802612305,18.30660057067871,18.358999252319336
2025-10-01,18.31382942199707,18.364730834960938,18.242019653320312,18.31382942199707
2025-10-02,18.382360458374023,18.51255989074707,18.326900482177734,18.382360458374023
2025-10-03,18.41200065612793,18.434219360351562,18.360000610351562,18.41200065612793
2025-10-06,18.433330535888672,18.486169815063477,18.339500427246094,18.433330535888672
2025-10-07,18.337589263916016,18.412710189819336,18.31460952758789,18.337589263916016
2025-10-08,18.388530731201172,18.43301010131836,18.32379913330078,18.388530731201172
2025-10-09,18.334150314331055,18.409000396728516,18.293500900268555,18.334150314331055
2025-10-10,18.38343048095703,18.583799362182617,18.351200103759766,18.38343048095703
2025-10-13,18.522390365600586,18.54068946838379,18.404800415039062,18.522390365600586
2025-10-14,18.45829963684082,18.626190185546875,18.435199737548828,18.45829963684082
2025-10-15,18.504369735717773,18.504589080810547,18.426300048828125,18.504369735717773
2025-10-16,18.45509910583496,18.47085952758789,18.34510040283203,18.45509910583496
2025-10-17,18.430299758911133,18.5492000579834,18.403799057006836,18.430299758911133
2025-10-20,18.364700317382812,18.412830352783203,18.3439998626709,18.364700317382812
2025-10-21,18.399370193481445,18.484500885009766,18.376699447631836,18.399370193481445
2025-10-22,18.434099197387695,18.433700561523438,18.367450714111328,18.434099197387695
2025-10-23,18.43950080871582,18.45009994506836,18.382600784301758,18.43950080871582
2025-10-24,18.393600463867188,18.41550064086914,18.341299057006836,18.393600463867188
2025-10-27,18.418739318847656,18.446199417114258,18.35449981689453,18.418739318847656
2025-10-28,18.38932991027832,18.45924949645996,18.37220001220703,18.38932991027832
2025-10-29,18.425260543823242,18.45941925048828,18.395099639892578,18.425260543823242
2025-10-30,18.465700149536133,18.602230072021484,18.439599990844727,18.465700149536133
2025-10-31,18.525400161743164,18.59433937072754,18.50860023498535,18.525400161743164
2025-11-03,18.554079055786133,18.563499450683594,18.464799880981445,18.554079055786133
2025-11-04,18.491670608520508,18.66107940673828,18.482099533081055,18.491670608520508
2025-11-05,18.675500869750977,18.768699645996094,18.580799102783203,18.675500869750977
2025-11-06,18.590700149536133,18.655860900878906,18.546899795532227,18.590700149536133
2025-11-07,18.556299209594727,18.585100173950195,18.47100067138672,18.556299209594727
2025-11-10,18.4424991607666,18.449199676513672,18.356599807739258,18.443740844726562
2025-11-11,18.37849998474121,18.39579963684082,18.306800842285156,18.378599166870117
2025-11-12,18.305200576782227,18.327899932861328,18.26420021057129,18.316650390625
2025-11-13,18.299400329589844,18.308300018310547,18.241500854492188,18.287799835205078
2025-11-14,18.314800262451172,18.400070190429688,18.28420066833496,18.315000534057617
2025-11-17,18.307260513305664,18.3759708404541,18.287099838256836,18.30643081665039
2025-11-18,18.433910369873047,18.489299774169922,18.351999282836914,18.43269920349121
2025-11-19,18.340900421142578,18.36240005493164,18.298599243164062,18.34040069580078
2025-11-20,18.32939910888672,18.392850875854492,18.296600341796875,18.31679916381836
2025-11-21,18.37350082397461,18.530370712280273,18.351900100708008,18.36590003967285
2025-11-24,18.474559783935547,18.522680282592773,18.40410041809082,18.473880767822266
2025-11-25,18.506099700927734,18.52720069885254,18.409000396728516,18.493600845336914
2025-11-26,18.385400772094727,18.409000396728516,18.326400756835938,18.385700225830078
2025-11-27,18.338899612426758,18.35940933227539,18.3174991607666,18.338970184326172
2025-11-28,18.34164047241211,18.378589630126953,18.279300689697266,18.329599380493164
2025-12-01,18.285200119018555,18.31089973449707,18.243200302124023,18.284500122070312
2025-12-02,18.30514907836914,18.325180053710938,18.26650047302246,18.30590057373047
2025-12-03,18.275999069213867,18.281360626220703,18.235599517822266,18.27526092529297
2025-12-04,18.287460327148438,18.30150032043457,18.21299934387207,18.27519989013672
2025-12-05,18.230390548706055,18.231800079345703,18.141199111938477,18.218599319458008
2025-12-08,18.171199798583984,18.249149322509766,18.146299362182617,18.171600341796875
2025-12-09,18.260879516601562,18.307880401611328,18.16550064086914,18.26059913635254
2025-12-10,18.19540023803711,18.22711944580078,18.17140007019043,18.1825008392334
2025-12-11,18.15730094909668,18.220399856567383,18.025449752807617,18.157400131225586
2025-12-12,18.031400680541992,18.07135009765625,17.987300872802734,18.031539916992188
2025-12-15,18.00527000427246,18.0137996673584,17.956899642944336,18.00322914123535
2025-12-16,17.98150062561035,17.994300842285156,17.918399810791016,17.981300354003906
2025-12-17,17.965900421142578,18.04669952392578,17.943300247192383,17.956100463867188
2025-12-18,17.999900817871094,18.020999908447266,17.958099365234375,18.011760711669922
2025-12-19,17.993099212646484,18.03700065612793,17.97410011291504,17.99342918395996
2025-12-22,18.015790939331055,18.02280044555664,17.94700050354004,18.015600204467773
2025-12-23,17.975799560546875,17.976499557495117,17.909099578857422,17.964099884033203
2025-12-24,17.892499923706055,17.938100814819336,17.874900817871094,17.90428924560547
2025-12-26,17.932409286499023,17.953460693359375,17.8700008392334,17.932069778442383
2025-12-29,17.897090911865234,17.965839385986328,17.870800018310547,17.896459579467773
2025-12-30,17.960100173950195,17.996400833129883,17.911500930786133,17.97216033935547
2025-12-31,17.978900909423828,18.00909996032715,17.943500518798828,17.97879981994629
2026-01-02,17.983200073242188,17.9862003326416,17.862899780273438,17.98465919494629
2026-01-05,17.912460327148438,18.03445053100586,17.866500854492188,17.91115951538086
2026-01-06,17.90489959716797,17.985689163208008,17.86009979248047,17.915700912475586
2026-01-07,17.98310089111328,17.993000030517578,17.935199737548828,17.983400344848633
2026-01-08,17.97783088684082,18.01715087890625,17.941200256347656,17.978200912475586
2026-01-09,17.96269989013672,18.039199829101562,17.949140548706055,17.962299346923828
2026-01-12,17.974199295043945,17.975400924682617,17.877700805664062,17.974109649658203
2026-01-13,17.922100067138672,17.93000030517578,17.83530044555664,17.909099578857422
2026-01-14,17.823829650878906,17.831300735473633,17.790199279785156,17.82360076904297
2026-01-15,17.796899795532227,17.833240509033203,17.65093994140625,17.785499572753906
2026-01-16,17.64900016784668,17.727699279785156,17.631000518798828,17.65329933166504
2026-01-19,17.634170532226562,17.662839889526367,17.57819938659668,17.63265037536621
2026-01-20,17.589099884033203,17.656190872192383,17.553499221801758,17.57710075378418
2026-01-21,17.590099334716797,17.605899810791016,17.416900634765625,17.591999053955078
2026-01-22,17.493900299072266,17.51194953918457,17.43470001220703,17.482500076293945
2026-01-23,17.468700408935547,17.493749618530273,17.422500610351562,17.46809959411621
2026-01-26,17.37335968017578,17.395309448242188,17.24530029296875,17.370479583740234
2026-01-27,17.356599807739258,17.358600616455078,17.20244026184082,17.35540008544922
2026-01-28,17.147600173950195,17.257299423217773,17.141010284423828,17.162500381469727
2026-01-29,17.1648006439209,17.337400436401367,17.101299285888672,17.149900436401367
2026-01-30,17.22480010986328,17.3710994720459,17.20490074157715,17.22517967224121
2026-02-02,17.466480255126953,17.568479537963867,17.353410720825195,17.466890335083008
2026-02-03,17.375099182128906,17.403799057006836,17.206960678100586,17.37529945373535
2026-02-04,17.239500045776367,17.33970069885254,17.19860076904297,17.238399505615234
2026-02-05,17.312299728393555,17.463050842285156,17.284799575805664,17.32438087463379
2026-02-06,17.51888084411621,17.561100006103516,17.251399993896484,17.503599166870117
2026-02-09,17.249799728393555,17.276599884033203,17.14349937438965,17.251699447631836
2026-02-10,17.207799911499023,17.27079963684082,17.169200897216797,17.208799362182617
2026-02-11,17.195810317993164,17.26325035095215,17.122100830078125,17.183900833129883
2026-02-12,17.194719314575195,17.252220153808594,17.11720085144043,17.19301986694336
2026-02-13,17.219499588012695,17.25079917907715,17.148099899291992,17.207000732421875
2026-02-16,17.158079147338867,17.178850173950195,17.133800506591797,17.161109924316406
2026-02-17,17.165599822998047,17.232980728149414,17.145999908447266,17.166149139404297
2026-02-18,17.130800247192383,17.154930114746094,17.0718994140625,17.11840057373047
2026-02-19,17.20871925354004,17.296600341796875,17.1781005859375,17.20854949951172
2026-02-20,17.24519920349121,17.286500930786133,17.123449325561523,17.256729125976562
2026-02-23,17.103500366210938,17.240909576416016,17.099599838256836,17.09827995300293
2026-02-24,17.26020050048828,17.299419403076172,17.160539627075195,17.259559631347656
2026-02-25,17.18206024169922,17.220699310302734,17.133399963378906,17.17889976501465
2026-02-26,17.16762924194336,17.27199935913086,17.14430046081543,17.157529830932617
2026-02-27,17.202600479125977,17.251569747924805,17.155000686645508,17.202899932861328
2026-03-02,17.320999145507812,17.3966007232666,17.218399047851562,17.316999435424805
2026-03-03,17.30660057067871,17.868200302124023,17.281400680541992,17.30327033996582
2026-03-04,17.675769805908203,17.770299911499023,17.524599075317383,17.670869827270508
2026-03-05,17.598100662231445,17.758859634399414,17.56839942932129,17.593059539794922
2026-03-06,17.704530715942383,17.915599822998047,17.635700225830078,17.702600479125977
2026-03-09,17.99074935913086,18.019899368286133,17.74340057373047,17.992300033569336
2026-03-10,17.682289123535156,17.694419860839844,17.44985008239746,17.673099517822266
2026-03-11,17.590299606323242,17.675369262695312,17.514400482177734,17.589780807495117
2026-03-12,17.749799728393555,17.88896942138672,17.68021011352539,17.744600296020508
2026-03-13,17.83650016784668,17.94413948059082,17.74995994567871,17.834299087524414
2026-03-16,17.880050659179688,17.894079208374023,17.731199264526367,17.886369705200195
2026-03-17,17.697799682617188,17.735139846801758,17.603300094604492,17.6835994720459
2026-03-18,17.652870178222656,17.753469467163086,17.590499877929688,17.65298080444336
2026-03-19,17.85569953918457,17.95639991760254,17.77549934387207,17.842899322509766
2026-03-20,17.74176025390625,17.953310012817383,17.700599670410156,17.738100051879883
2026-03-23,17.926679611206055,18.08209991455078,17.691099166870117,17.938600540161133
2026-03-24,17.780630111694336,17.898700714111328,17.776540756225586,17.783649444580078
2026-03-25,17.72949981689453,17.80109977722168,17.68779945373535,17.72909927368164
2026-03-26,17.762699127197266,17.859500885009766,17.7450008392334,17.777240753173828
2026-03-27,17.913299560546875,18.095640182495117,17.869699478149414,17.91390037536621
2026-03-30,18.13736915588379,18.158000946044922,18.029800415039062,18.143220901489258
2026-03-31,18.13610076904297,18.159299850463867,17.933500289916992,18.13960075378418
2026-04-01,17.892499923706055,17.910499572753906,17.79755973815918,17.884580612182617
2026-04-02,17.823999404907227,17.958080291748047,17.791400909423828,17.823200225830078
2026-04-03,17.844959259033203,17.872900009155273,17.789979934692383,17.84712028503418
2026-04-06,17.874799728393555,17.874799728393555,17.748920440673828,17.880399703979492
2026-04-07,17.76930046081543,17.796300888061523,17.695100784301758,17.76650047302246
2026-04-08,17.51141929626465,17.54800033569336,17.354799270629883,17.51409912109375
2026-04-09,17.451000213623047,17.488800048828125,17.33639907836914,17.446399688720703
2026-04-10,17.37150001525879,17.40180015563965,17.249399185180664,17.371200561523438
2026-04-13,17.435699462890625,17.43950080871582,17.324800491333008,17.430500030517578
2026-04-14,17.294200897216797,17.308910369873047,17.197099685668945,17.277999877929688
2026-04-15,17.256500244140625,17.312000274658203,17.22960090637207,17.253999710083008
2026-04-16,17.243499755859375,17.2933292388916,17.20870018005371,17.243600845336914
2026-04-17,17.249799728393555,17.2549991607666,17.125240325927734,17.249399185180664
2026-04-20,17.370800018310547,17.37299919128418,17.30069923400879,17.372299194335938
2026-04-21,17.307899475097656,17.343599319458008,17.27829933166504,17.309799194335938
2026-04-22,17.31385040283203,17.345800399780273,17.26799964904785,17.32029914855957
2026-04-23,17.34160041809082,17.403600692749023,17.31839942932129,17.340700149536133
2026-04-24,17.414499282836914,17.45170021057129,17.379899978637695,17.41469955444336
2026-04-27,17.41230010986328,17.41230010986328,17.33639907836914,17.41345977783203
2026-04-28,17.36440086364746,17.46299934387207,17.358200073242188,17.37700080871582
2026-04-29,17.37980079650879,17.49920082092285,17.367399215698242,17.384599685668945
2026-04-30,17.525299072265625,17.580400466918945,17.47909927368164,17.52589988708496
2026-05-01,17.46150016784668,17.483400344848633,17.37150001525879,17.45989990234375
2026-05-04,17.44729995727539,17.518400192260742,17.408300399780273,17.44659996032715
2026-05-05,17.521099090576172,17.530899047851562,17.36039924621582,17.519899368286133
2026-05-06,17.338199615478516,17.338199615478516,17.193899154663086,17.33769989013672
2026-05-07,17.253299713134766,17.259599685668945,17.18589973449707,17.253999710083008
2026-05-08,17.27669906616211,17.296600341796875,17.181100845336914,17.27750015258789
2026-05-11,17.215299606323242,17.22760009765625,17.15239906311035,17.214599609375
2026-05-12,17.197599411010742,17.278060913085938,17.181900024414062,17.191600799560547
2026-05-13,17.228500366210938,17.24799919128418,17.177400588989258,17.228500366210938
2026-05-14,17.167600631713867,17.240299224853516,17.14900016784668,17.167400360107422
2026-05-15,17.230449676513672,17.39699935913086,17.226499557495117,17.230430603027344
2026-05-18,17.35420036315918,17.36680030822754,17.259300231933594,17.341899871826172
2026-05-19,17.271799087524414,17.406700134277344,17.268999099731445,17.27264976501465
2026-05-20,17.407400131225586,17.427400588989258,17.258779525756836,17.402799606323242
2026-05-21,17.316499710083008,17.38245964050293,17.279199600219727,17.304800033569336
2026-05-22,17.30331039428711,17.34779930114746,17.286500930786133,17.297700881958008
2026-05-25,17.25909996032715,17.303499221801758,17.232099533081055,17.25950050354004
2026-05-26,17.291200637817383,17.33989906311035,17.260799407958984,17.29170036315918
2026-05-27,17.29319953918457,17.393699645996094,17.27090072631836,17.296100616455078
2026-05-28,17.383499145507812,17.437400817871094,17.319700241088867,17.384199142456055
2026-05-29,17.305299758911133,17.406400680541992,17.293800354003906,17.308300018310547
2026-06-01,17.34988021850586,17.397600173950195,17.305500030517578,17.342500686645508
2026-06-02,17.351900100708008,17.362199783325195,17.253999710083008,17.352949142456055
2026-06-03,17.298599243164062,17.33013916015625,17.26759910583496,17.298250198364258
2026-06-04,17.324129104614258,17.330299377441406,17.253400802612305,17.3262996673584
2026-06-05,17.279600143432617,17.51919937133789,17.25309944152832,17.277700424194336
2026-06-08,17.46491050720215,17.495399475097656,17.3976993560791,17.46269989013672
2026-06-09,17.466899871826172,17.469900131225586,17.36520004272461,17.46769905090332
2026-06-10,17.452199935913086,17.486509323120117,17.364999771118164,17.45401954650879
2026-06-11,17.412099838256836,17.433900833129883,17.365400314331055,17.421100616455078
2026-06-12,17.249040603637695,17.267969131469727,17.171199798583984,17.246610641479492
2026-06-15,17.161500930786133,17.213600158691406,17.14590072631836,17.16629981994629
2026-06-16,17.21269989013672,17.23430061340332,17.168500900268555,17.21269989013672
2026-06-17,17.211610794067383,17.232500076293945,17.166900634765625,17.206510543823242
2026-06-18,17.2898006439209,17.395700454711914,17.23550033569336,17.297700881958008
2026-06-19,17.35070037841797,17.399139404296875,17.29829978942871,17.354740142822266
2026-06-22,17.34149932861328,17.365800857543945,17.306100845336914,17.347200393676758
2026-06-23,17.368000030517578,17.56599998474121,17.354000091552734,17.36389923095703
2026-06-24,17.539499282836914,17.673200607299805,17.529600143432617,17.553600311279297
2026-06-25,17.624849319458008,17.654529571533203,17.528200149536133,17.62070083618164
2026-06-26,17.50429916381836,17.554990768432617,17.418899536132812,17.509899139404297
2026-06-29,17.50790023803711,17.547000885009766,17.458099365234375,17.504899978637695
2026-06-30,17.47570037841797,17.500600814819336,17.43083953857422,17.472000122070312
2026-07-01,17.494400024414062,17.55940055847168,17.481700897216797,17.492900848388672
2026-07-02,17.553499221801758,17.56679916381836,17.431499481201172,17.554349899291992
2026-07-03,17.47640037536621,17.480609893798828,17.40530014038086,17.476299285888672
2026-07-06,17.479400634765625,17.494220733642578,17.43720054626465,17.476680755615234
2026-07-07,17.38249969482422,17.50119972229004,17.363100051879883,17.38129997253418
2026-07-08,17.529800415039062,17.640600204467773,17.475500106811523,17.524200439453125
2026-07-09,17.56760025024414,17.575199127197266,17.514999389648438,17.56800079345703
2026-07-10,17.540000915527344,17.54290008544922,17.468700408935547,17.53820037841797
2026-07-13,17.504810333251953,17.53030014038086,17.4601993560791,17.500520706176758
2026-07-14,17.517200469970703,17.52869987487793,17.381799697875977,17.518800735473633
2026-07-15,17.42140007019043,17.43000030517578,17.37220001220703,17.418800354003906
2026-07-16,17.368799209594727,17.458049774169922,17.36720085144043,17.3700008392334
2026-07-17,17.405000686645508,17.553129196166992,17.403400421142578,17.406700134277344
2026-07-20,17.54265022277832,17.5433292388916,17.440580368041992,17.54046058654785
2026-07-21,17.41444969177246,17.421600341796875,17.3612003326416,17.415000915527344
2026-07-22,17.405960083007812,17.430580139160156,17.377899169921875,17.403400421142578
2026-07-23,17.40329933166504,17.536710739135742,17.365400314331055,17.40089988708496
2026-07-24,17.51335906982422,17.520099639892578,17.438379287719727,17.513219833374023
2026-07-27,17.431699752807617,17.48431968688965,17.39940071105957,17.438199996948242
2026-07-28,17.457000732421875,17.490440368652344,17.410999298095703,17.44179916381836
2026-07-29,17.44059944152832,17.525699615478516,17.414499282836914,17.436800003051758
2026-07-30,17.43869972229004,17.481300354003906,17.321199417114258,17.442100524902344
2026-07-31,17.343799591064453,17.38697052001953,17.30459976196289,17.344600677490234
2026-08-03,17.306249618530273,17.33919906616211,17.281700134277344,17.302719116210938
2026-08-04,17.323999404907227,17.329750061035156,17.24169921875,17.326799392700195
2026-08-05,17.24370002746582,17.257699966430664,17.190200805664062,17.2549991607666
2026-08-06,17.232799530029297,17.266199111938477,17.19831085205078,17.23200035095215
2026-08-07,17.203250885009766,17.211910247802734,17.09239959716797,17.204130172729492
2026-08-10,17.14080047607422,17.159299850463867,17.118799209594727,17.138399124145508
2026-08-11,17.133329391479492,17.155710220336914,17.097700119018555,17.13330078125
2026-08-12,17.07159996032715,17.07469940185547,17.012399673461914,17.072999954223633
2026-08-13,17.05769920349121,17.077699661254883,17.01490020751953,17.058900833129883
2026-08-14,17.03059959411621,17.03569984436035,16.971099853515625,17.030000686645508
2026-08-17,17.016300201416016,17.044160842895508,16.98259925842285,17.019060134887695
2026-08-18,17.0314998626709,17.07200050354004,17.016599655151367,17.030000686645508
2026-08-19,17.060409545898438,17.066850662231445,16.943500518798828,17.059829711914062
2026-08-20,16.951499938964844,16.99449920654297,16.931900024414062,16.951000213623047
2026-08-21,16.947500228881836,16.94809913635254,16.87809944152832,16.94540023803711
2026-08-24,16.913999557495117,16.966550827026367,16.903099060058594,16.915000915527344
2026-08-25,16.945999145507812,16.964000701904297,16.914600372314453,16.94420051574707
2026-08-26,16.94392967224121,16.973230361938477,16.909500122070312,16.943500518798828
2026-08-27,16.94260025024414,16.994739532470703,16.9330997467041,16.94300079345703
2026-08-28,16.962200164794922,17.043460845947266,16.932300567626953,16.963499069213867
2026-08-31,17.033100128173828,17.036699295043945,16.98940086364746,17.030649185180664
2026-09-01,16.99720001220703,17.0179500579834,16.93709945678711,16.998910903930664
2026-09-02,16.994600296020508,17.025699615478516,16.96179962158203,16.990070343017578
2026-09-03,16.986709594726562,17.027490615844727,16.94659996032715,16.987199783325195
2026-09-04,16.910499572753906,16.92340087890625,16.84869956970215,16.910160064697266
2026-09-07,16.885189056396484,16.92276954650879,16.869600296020508,16.885509490966797
2026-09-08,16.94659996032715,16.987560272216797,16.899200439453125,16.94729995727539
2026-09-09,16.907649993896484,16.91551971435547,16.871299743652344,16.909799575805664
2026-09-10,16.890300750732422,17.01296043395996,16.872400283813477,16.890390396118164
2026-09-11,16.983339309692383,17.00033950805664,16.92793083190918,16.984939575195312
2026-09-14,16.99020004272461,17.188230514526367,16.967500686645508,16.97559928894043
2026-09-15,17.13409996032715,17.18910026550293,17.098100662231445,17.120800018310547
2026-09-16,17.14699935913086,17.157989501953125,17.094600677490234,17.146400451660156
2026-09-17,17.239459991455078,17.271099090576172,17.152050018310547,17.240280151367188
2026-09-18,17.1648006439209,17.26259994506836,17.121599197387695,17.163440704345703
2026-09-21,17.227100372314453,17.230379104614258,17.17020034790039,17.227500915527344
2026-09-22,17.21599006652832,17.314250946044922,17.19580078125,17.21596908569336
2026-09-23,17.286300659179688,17.496240615844727,17.282499313354492,17.285600662231445
2026-09-24,17.541109085083008,17.695180892944336,17.48819923400879,17.54129981994629
2026-09-25,17.744449615478516,17.77189064025879,17.632099151611328,17.738679885864258
2026-09-28,17.744529724121094,17.883060455322266,17.705299377441406,17.748659133911133
2026-09-29,17.97319984436035,18.077980041503906,17.876800537109375,17.972030639648438
2026-09-30,18.046030044555664,18.1468505859375,17.93931007385254,18.04361915588379
2026-10-01,18.07550048828125,18.421920776367188,18.05459976196289,18.077199935913086
2026-10-02,18.311729431152344,18.342689514160156,18.10984992980957,18.314340591430664
2026-10-05,18.145999908447266,18.257049560546875,18.065099716186523,18.160900115966797
