fichier,id_message,date_message,paire,unite_temps,publication_utc,entree,stop,objectif,sens,tp_lus,sl_lus,entrees_lues
ChatExport_2026-10-01/photos/photo_1191@04-01-2021_15-42-23.jpg,3237,2021-01-04T15:42:23,,,,,,,,0.9,0.89318,0.955 0.95 0.945 0.94 0.935 0.93 0.925 0.92 0.915 0.91 0.885
ChatExport_2026-10-01/photos/photo_1192@04-01-2021_15-42-35.jpg,3238,2021-01-04T15:42:35,,,,,,,,,,0.909 0.90785 0.9067 0.90555 0.9044 0.90325 0.9021 0.90095 0.8998 0.89865 0.8975 0.89635 0.8952 0.89405
assets/tradingview/2021-01/2021-01-06_05h40_msg3240_Wk4J316H.png,3240,2021-01-06T05:40:41,EURGBP,5,,,,,,,0.90326 0.90122 0.903,0.9075 0.907 0.9065 0.906 0.9055 0.905 0.9045 0.904 0.9035 0.9025 0.902 0.90182 0.9015 0.901 0.9005 0.9 0.8995 0.899 0.8985 0.898
assets/tradingview/2021-01/2021-01-06_05h40_msg3241_B84I46HD.png,3241,2021-01-06T05:40:53,EURGBP,5,2021-01-06T05:30:00,0.90182,0.90122,0.9035,achat,0.9035,0.90122,0.907 0.9065 0.906 0.9055 0.905 0.9045 0.904 0.903 0.9025 0.902 0.90182 0.9015 0.901 0.9005 0.9 0.8995 0.899 0.8985
assets/tradingview/2021-01/2021-01-06_15h51_msg3243_xkdRKrGu.png,3243,2021-01-06T15:51:18,XAUUSD,4h,2021-01-04T14:59:00,1971.769,1972.987,1957.068,vente,1957.068 1950.077 1942.616,1972.987 1969.642,2040.0 2030.0 2020.0 2010.0 2000.0 1990.0 1980.0 1971.769 1968.622 1932.342 1920.0 1910.0 1900.0 1890.0 1880.0 1870.0 1860.0 1850.0 1840.0 1830.0 1820.0 1810.0 1800.0 1790.0 1780.0 1770.0
assets/tradingview/2021-01/2021-01-06_15h51_msg3244_L6U61aem.png,3244,2021-01-06T15:51:40,XAUUSD,1h,2021-01-06T15:50:00,,,,,1828.236,1866.917,2000.0 1990.0 1980.0 1970.0 1960.0 1950.0 1940.0 1930.0 1920.0 1900.0 1890.0 1880.0 1864.065 1862.19 1850.0 1840.0 1820.0 1810.0 1800.0 1870.0
ChatExport_2026-10-01/photos/photo_1194@11-01-2021_17-15-01.jpg,3259,2021-01-11T17:15:01,,,,,,,,,,7.45 51.17 7.31 43.86 700.04
ChatExport_2026-10-01/photos/photo_1195@11-01-2021_17-15-01.jpg,3260,2021-01-11T17:15:01,XAUUSD,,,,,,,,,1906.4 1899.9 1893.4 1886.9 1880.4 1867.4 1860.9 1854.4 1841.4 1834.9 1828.4 1821.9 1873.9
ChatExport_2026-10-01/photos/photo_1196@11-01-2021_17-19-33.jpg,3263,2021-01-11T17:19:33,,,,,,,,,,
ChatExport_2026-10-01/photos/photo_1198@12-01-2021_13-56-53.jpg,3267,2021-01-12T13:56:53,,,,,,,,,,87.44 0.0
ChatExport_2026-10-01/photos/photo_1200@13-01-2021_13-58-23.jpg,3271,2021-01-13T13:58:23,,,,,,,,,62.06,
ChatExport_2026-10-01/photos/photo_1201@13-01-2021_14-04-07.jpg,3273,2021-01-13T14:04:07,,,,,,,,,,0.77845 0.7777 0.7762 0.77545 0.7747 0.77395 0.77245 0.77095 0.7702 0.76945 0.7687 1816.64
assets/tradingview/2021-01/2021-01-13_14h04_msg3276_JC0uvH0l.png,3276,2021-01-13T14:04:54,NZDUSD,,2021-01-11T21:44:00,,,,,,0.71953 0.71842,0.7205 0.72 0.71936 0.719 0.71852 0.71829 0.7175 0.717 0.7155 0.714 0.7135 70.0 60.0 50.0 40.0 30.0 20.0
assets/tradingview/2021-01/2021-01-14_00h30_msg3278_rUYvf6xC.png,3278,2021-01-14T00:30:24,EURJPY,,,,,,,126.393,,126.6 126.55 126.5 126.45 126.35 126.3 126.25 126.2 126.15 126.1 126.05 126.0 125.95 125.9
ChatExport_2026-10-01/photos/photo_1202@14-01-2021_11-30-10.jpg,3280,2021-01-14T11:30:10,,,,,,,,,,0.8918 0.8914 0.8912 0.891 0.8908 0.8906 0.8902 0.89 0.8898 0.8896 0.8894 0.8892 0.8888
ChatExport_2026-10-01/photos/photo_1203@14-01-2021_11-30-10.jpg,3281,2021-01-14T11:30:10,USDJPY,,,,,,,,,0.0 1.14
assets/tradingview/2021-01/2021-01-14_11h55_msg3282_rHT8yb5B.png,3282,2021-01-14T11:55:11,EURJPY,2,2021-01-14T11:54:00,126.55,126.365,126.767,achat,126.767,126.365 126.18,126.85 126.8 126.75 126.7 126.65 126.6 126.55 126.5 126.45 126.4 126.3 126.25 126.2 126.15 126.1 126.05 126.0 125.95
assets/tradingview/2021-01/2021-01-14_17h26_msg3284_jrQkjHBQ.png,3284,2021-01-14T17:26:23,USDJPY,5,2021-01-14T17:24:00,104.105,104.145,103.691,vente,103.71 103.691,104.145 104.117,104.26 104.24 104.22 104.2 104.18 104.158 104.105 104.08 104.06 104.04 104.02 104.0 103.98 103.96 103.94 103.92 103.9 103.88 103.86 103.84 103.82 103.8 103.78 103.76 103.74 103.72 103.68 103.66 103.64 103.62
ChatExport_2026-10-01/photos/photo_1204@14-01-2021_17-27-33.jpg,3285,2021-01-14T17:27:33,,,,,,,,,,104.18 104.15 104.12 104.09 104.06 104.03 104.0 103.97 103.94 103.91 103.88 103.85 103.82 103.79 53.386
assets/tradingview/2021-01/2021-01-15_17h50_msg3288_lsg9P3Bh.png,3288,2021-01-15T17:50:31,GBPUSD,3,2021-01-15T17:19:00,1.36963,1.37015,1.35752,vente,1.35752,1.37015,1.36963 1.3725 1.372 1.3715 1.371 1.3705 1.369 1.3685 1.368 1.3675 1.367 1.3665 1.366 1.3655 1.365 1.3645 1.364 1.3635 1.363 1.3625 1.362 1.3615 1.361 1.3605 1.36 1.359 1.3585 1.358
assets/tradingview/2021-01/2021-01-18_11h58_msg3296_PEoepSvm.png,3296,2021-01-18T11:58:31,GBPCAD,1,2021-01-18T11:58:00,1.7305,1.7287,1.7344,achat,1.7344,1.7287,1.731 1.7305 1.73 1.7297 1.7295 1.729 1.7285 1.728 1.7275 1.727 1.7265 1.737 1.7365 1.736 1.7355 1.735 1.734 1.7335 1.733 1.7325 1.732
ChatExport_2026-10-01/photos/photo_1206@18-01-2021_11-59-02.jpg,3297,2021-01-18T11:59:02,GBPCAD,,,,,,,,,1.73115 1.73045 1.7301 1.72975 1.73255 1.73185 11.7301
assets/tradingview/2021-01/2021-01-18_16h16_msg3299_QQvph9cO.png,3299,2021-01-18T16:16:33,GBPJPY,4h,2021-01-18T11:44:00,,,,,,,144.2 144.0 143.8 143.6 143.4 143.2 143.0 142.8 142.6 142.4 142.2 142.0 141.8 141.6 141.4 141.2 141.0 140.8 140.2 140.0 139.8 139.6 139.4 139.2 139.0 138.8 138.6 138.4 138.2 138.0 137.8
assets/tradingview/2021-01/2021-01-18_16h16_msg3300_3rBF0PW8.png,3300,2021-01-18T16:16:33,GBPJPY,1,2021-01-18T11:45:00,,,,,,,140.98 140.96 140.94 140.92 140.9 140.88 140.86 140.84 140.82 140.8 140.78 140.76 140.74 140.72 140.7 140.68 140.66 140.64 140.62 140.6 140.58 140.557 140.52 140.5 140.48 140.46 140.44 140.42 140.4 140.38 140.36 140.34 140.32 140.3 140.28 140.26 140.24
assets/tradingview/2021-01/2021-01-18_16h16_msg3301_cTeqWiR7.png,3301,2021-01-18T16:16:34,GBPJPY,5,2021-01-18T16:15:00,,,,,0.789,140.387,140.7 140.65 140.6 140.55 140.5 140.45 140.427 140.35 140.3
assets/tradingview/2021-01/2021-01-18_16h17_msg3303_O3EUx2g5.png,3303,2021-01-18T16:17:57,GBPAUD,,2021-01-18T16:17:00,1.76573,1.76671,1.76293,vente,1.76293,1.76671,1.7675 1.767 1.766 1.7655 1.765 1.7645 1.764 1.7635 1.76573
ChatExport_2026-10-01/photos/photo_1207@20-01-2021_01-44-51.jpg,3316,2021-01-20T01:44:51,,,,,,,,,,
ChatExport_2026-10-01/photos/photo_1208@20-01-2021_01-45-07.jpg,3317,2021-01-20T01:45:07,GBPCAD,,,,,,,,,1.7378 1.737 1.7362 1.7354 1.73465 1.73385 1.73305 1.7323 1.7315 1.7307 1.7299 1.7291 1.7283 1.7275
assets/tradingview/2021-01/2021-01-20_10h58_msg3319_HToBZCmO.png,3319,2021-01-20T10:58:14,AUDJPY,5,2021-01-20T10:19:00,,,,,,,
ChatExport_2026-10-01/photos/photo_1210@21-01-2021_11-54-46.jpg,3326,2021-01-21T11:54:46,GBPAUD,,,,,,,,,1.73482 0.98016 2.08524 0.9801 1.77048
ChatExport_2026-10-01/photos/photo_1211@21-01-2021_11-54-46.jpg,3327,2021-01-21T11:54:46,GBPAUD,,,,,,,,,1.7734 1.7686 1.7676 1.767 1.7662 1.7654 1.7646 1.7638 1.763 1.7622 1.7614 1.7606 1.7726 1.771 1.7702 1.7694 1.7684 1.7596 1.759 1.76973
assets/tradingview/2021-01/2021-01-21_15h09_msg3329_0VGOfH38.png,3329,2021-01-21T15:09:08,AUDCAD,1h,2021-01-21T03:45:00,,,,,,,0.988 0.9875 0.987 0.9865 0.986 0.9855 0.985 0.9845 0.984 0.9835 0.983 0.9825 0.982 0.9815 0.981 0.98 0.9795 0.979 0.9785 0.978 0.9775 0.977 0.9765 0.976 0.9755
ChatExport_2026-10-01/photos/photo_1212@21-01-2021_15-09-29.jpg,3330,2021-01-21T15:09:29,,,,,,,,,,10.9832 10.9828 10.982 0.08171 10.9812 10.9804 10.9796 10.9792 10.9784 10.9776
ChatExport_2026-10-01/photos/photo_1213@21-01-2021_15-09-42.jpg,3331,2021-01-21T15:09:42,,,,,,,,,,0.9832 0.9828 0.9824 0.982 0.9816 0.9812 0.9808 0.9804 0.98 0.9796 10.9832 10.9828 10.9816 10.9812 10.9804 10.9796 10.9784 10.9776
assets/tradingview/2021-01/2021-01-21_15h16_msg3334_TUyxxRpe.png,3334,2021-01-21T15:16:19,EURNZD,,2021-01-21T03:36:00,,,,,,,1.73 1.728 1.726 1.724 1.722 1.72 1.718 1.716 1.714 1.712 1.71 1.708 1.706 1.704 1.702 1.7 1.698 1.696 1.694 1.692 1.69 1.688 1.686 1.68 1.678 1.676 1.674 1.672 1.67
assets/tradingview/2021-01/2021-01-21_15h17_msg3337_kMi1LBmF.png,3337,2021-01-21T15:17:42,EURNZD,,2021-01-21T11:45:00,,,,,0.35,,1.6865 1.686 1.6855 1.685 1.6845 1.684 1.6835 1.683 1.682 1.6815 1.681 1.6805 1.68
assets/tradingview/2021-01/2021-01-21_15h17_msg3338_HvGRVBDl.png,3338,2021-01-21T15:17:42,EURNZD,1,2021-01-21T11:45:00,,,,,,,1.685 1.6848 1.6846 1.6844 1.6842 1.684 1.6838 1.6836 1.6834 1.6832 1.683 1.6828 1.6824 1.6822 1.682 1.6818 1.6816 1.6814
assets/tradingview/2021-01/2021-01-21_15h17_msg3339_lwcTelWu.png,3339,2021-01-21T15:17:42,EURNZD,,2021-01-21T11:43:00,,,,,,,1.685 1.6845 1.684 1.6835 1.6825 1.682 1.6815
assets/tradingview/2021-01/2021-01-21_15h18_msg3340_biy9OmYJ.png,3340,2021-01-21T15:18:05,EURNZD,1h,2021-01-21T15:14:00,1.6817,1.68109,1.68806,achat,1.68806,1.68109,1.71 1.708 1.706 1.704 1.702 1.7 1.698 1.696 1.694 1.692 1.69 1.684 1.6817
assets/tradingview/2021-01/2021-01-21_16h28_msg3343_XX1CugSe.png,3343,2021-01-21T16:28:28,GBPNZD,,2021-01-21T16:25:00,,,,,1.90773,1.90575,1.905 1.90424 1.903 1.902 1.901 1.89933 1.898 1.897
assets/tradingview/2021-01/2021-01-22_20h11_msg3345_HOVbF0Un.png,3345,2021-01-22T20:11:38,XAUUSD,,2021-01-22T13:45:00,,,,,,1837.445,1860.0 1859.0 1858.0 1856.0 1855.0 1853.655 1852.0 1851.0 1850.0 1849.0 1848.0 1847.0 1846.0 1845.0 1844.0 1843.0 1842.0 1841.0 1840.0 1839.0 1836.0
ChatExport_2026-10-01/photos/photo_1215@22-01-2021_20-12-36.jpg,3347,2021-01-22T20:12:36,,,,,,,,,,1.57615 1.54537 0.89123 0.71936 0.71665 0.72254 80.191
assets/tradingview/2021-01/2021-01-25_07h38_msg3354_BjFh1nZX.png,3354,2021-01-25T07:38:06,GBPCHF,1h,,,,,,,,1.227 1.226 1.225 1.224 1.223 1.222 1.221 1.22 1.219 1.218 1.217 1.216 1.215 1.213 1.212 1.211 1.21 1.209 1.208 1.207 1.206 1.205 1.204 1.203 1.202 1.201
assets/tradingview/2021-01/2021-01-25_07h38_msg3355_UKLQLUzJ.png,3355,2021-01-25T07:38:16,GBPCHF,1h,2021-01-25T07:37:00,,,,,,,1.23 1.228 1.226 1.224 1.222 1.22 1.218 1.216 1.21 1.208 1.206 1.204 1.202 1.2 1.198 1.196 1.194
assets/tradingview/2021-01/2021-01-26_16h12_msg3361_svr8cL3c.png,3361,2021-01-26T16:12:18,USDCHF,15,2021-01-26T16:11:00,0.88517,0.88457,0.89301,achat,0.89301,0.88457,0.892 0.891 0.89 0.889 0.888 0.886 0.88517 0.884 0.883
assets/tradingview/2021-01/2021-01-27_16h14_msg3364_ZL5XTduv.png,3364,2021-01-27T16:14:13,US30,1,2021-01-27T16:11:00,30667.48,30688.53,30381.28,vente,30381.28,30688.53,30800.0 30775.0 30750.0 30725.0 30700.0 30667.48 30650.0 30625.0 30601.07 30575.0 30550.0 30525.0 30500.0 30475.0 30450.0 30425.0 30400.0 30350.0 30325.0 30300.0 30275.0
ChatExport_2026-10-01/photos/photo_1216@27-01-2021_16-15-06.jpg,3366,2021-01-27T16:15:06,,,,,,,,,,30675.5 657.5 30639.5 621.5 30585.5 30567.5 30549.5 30531.5 30513.5 30595.5 478.0 3060.0 30442.0 30406.0 30388.0 370.0 352.0 30638.5 30548.5 30495.5 30478.0 388.0 30370.0
ChatExport_2026-10-01/photos/photo_1217@27-01-2021_16-25-12.jpg,3367,2021-01-27T16:25:12,US30,,,,,,,,,30808.3 30779.75 30751.2 30722.65 30694.1 30665.55 30637.0 30608.45 30551.35 30522.8 30494.25 30465.7 30437.15 30408.6 30380.05 130779.75 130751.2 130694.1 130665.55 130608.45 130494.25 130437.15 130408.6
ChatExport_2026-10-01/photos/photo_1218@27-01-2021_17-12-34.jpg,3369,2021-01-27T17:12:34,US30,,,,,,,,,30733.4 30519.2 30495.4 30471.6 30447.8 30424.0 30400.2 30376.4 130614.4 130471.6
ChatExport_2026-10-01/photos/photo_1219@27-01-2021_19-34-20.jpg,3370,2021-01-27T19:34:20,,,,,,,,,,30672.8 30652.85 30632.9 30612.95 30593.0 30573.05 30553.1 30533.15 30513.2 30493.25 30473.3 30453.35 30433.4 30413.45 30393.5 130652.85 130632.9 130612.95 130553.1 130533.15 130493.25 130473.3 130453.35 130433.4 130413.45
assets/tradingview/2021-01/2021-01-27_19h52_msg3374_SgZVQ2hJ.png,3374,2021-01-27T19:52:35,US30,1,2021-01-27T19:52:00,30667.48,30688.53,30260.93,vente,30260.93,30688.53,30775.0 30750.0 30725.0 30700.0 30667.48 30650.0 30625.0 30600.0 30575.0 30550.0 30525.0 30500.0 30475.0 30450.0 30425.0 30400.0 30375.0 30350.0 30322.53 30275.0 30225.0
assets/tradingview/2021-01/2021-01-29_07h05_msg3377_NNNEYyJc.png,3377,2021-01-29T07:05:32,USDCAD,1,2021-01-29T07:04:00,,,,,,1.28763,1.2854 1.2884 1.2882 1.288 1.2878 1.287 1.2868 1.2866 1.2864 1.2862 1.286
assets/tradingview/2021-01/2021-01-29_07h40_msg3380_6hSsRrvU.png,3380,2021-01-29T07:40:45,USDCAD,2,2021-01-29T07:40:00,,,,,,1.28763,1.2878 1.287 1.2868 1.2866 1.2864 1.2862 1.2858 1.2856 1.2854 1.2852 1.285 1.2848 1.2846 1.2844
assets/tradingview/2021-01/2021-01-29_08h22_msg3384_5dBc3EK6.png,3384,2021-01-29T08:22:45,EURUSD,15,2021-01-29T06:23:00,,,,,,1.20915,1.20975 1.208 1.207 1.216 1.215 1.214 1.213 1.212 1.211 1.206
ChatExport_2026-10-01/photos/photo_1220@29-01-2021_08-23-20.jpg,3386,2021-01-29T08:23:20,EURUSD,,,,,,,,,1.21135 1.2112
assets/tradingview/2021-01/2021-01-29_08h25_msg3388_2yySqMTM.png,3388,2021-01-29T08:25:00,EURUSD,1,2021-01-29T08:24:00,,,,,,1.20917,1.2096 1.2094 1.2124 1.2122 1.212 1.2118 1.2116 1.2114 1.2112 1.2108 1.2106 1.2104 1.2102 1.21 1.20977
assets/tradingview/2021-01/2021-01-29_09h09_msg3391_jngIFyVD.png,3391,2021-01-29T09:09:46,USDCAD,1,2021-01-29T09:08:00,1.28723,1.28763,1.28326,vente,1.28326,1.28763,1.289 1.288 1.28723 1.287 1.2865 1.286 1.2855 1.285 1.2845 1.2835 1.283 1.2825
ChatExport_2026-10-01/photos/photo_1221@29-01-2021_12-42-18.jpg,3396,2021-01-29T12:42:18,,,,,,,,,,1.217 1.216 1.215 1.213 1.212 1.211 1.209 1.208 1.20978
assets/tradingview/2021-01/2021-01-29_12h44_msg3397_w0FNv4Gz.png,3397,2021-01-29T12:44:27,USDCAD,,2021-01-29T12:44:00,1.28723,1.28763,1.27867,vente,1.27867,1.28763,1.28723 1.2865 1.286 1.2855 1.285 1.2845 1.284 1.2835 1.283 1.2825 1.282 1.2815 1.281 1.2805 1.28 1.2795 1.27922 1.288
ChatExport_2026-10-01/photos/photo_1223@02-02-2021_20-11-01.jpg,3402,2021-02-02T20:11:01,,,,,,,,,30804.14,31300.0 31250.0 200.0 31150.0 31100.0 50.0 30850.0 30750.0 30700.0 30650.0 30600.0 30550.0 30500.0 30450.0 30400.0 31200.0 31050.0 31000.0
assets/tradingview/2021-02/2021-02-03_00h59_msg3403_Kr9s3nbD.png,3403,2021-02-03T00:59:36,GBPJPY,5,,143.686,143.747,142.463,vente,142.463,143.747,144.2 144.1 144.0 143.9 143.8 143.6 43.473 143.3 143.2 143.1 143.0 142.9 142.8 142.7 142.6 142.4 142.3 142.2 142.1 143.686
assets/tradingview/2021-02/2021-02-03_01h26_msg3407_5olJ2C2c.png,3407,2021-02-03T01:26:09,EURNZD,15,2021-02-03T01:25:00,,,,,,,1.698 1.696 1.694 1.692 1.69 1.688 1.686 1.684 1.682 1.68 1.678 1.676 1.674 1.672 1.668 1.666 1.664 1.662 1.66 1.658
assets/tradingview/2021-02/2021-02-03_01h26_msg3408_sIuCNQGP.png,3408,2021-02-03T01:26:59,GBPJPY,5,2021-02-03T01:12:00,,,,,143.45,,143.75 43.65 143.632 43.6 43.55 43.5 43.4 43.35 43.3 43.25 43.2 43.15 43.1 43.05 43.0 42.95 143.65 143.6 143.55 143.5 143.4 143.35 143.3 143.25 143.2 143.15 143.1 143.05 143.0 142.95
assets/tradingview/2021-02/2021-02-03_08h17_msg3409_MSqLKhWR.png,3409,2021-02-03T08:17:36,GBPJPY,,2021-02-03T08:17:00,,,,,,143.745,143.72 143.7 143.686 143.66 143.64 143.62 143.58 143.56 143.54 143.52 143.5 143.48 143.46 143.44 143.42 43.68
assets/tradingview/2021-02/2021-02-03_08h28_msg3413_sE6tjs7f.png,3413,2021-02-03T08:28:19,NZDUSD,1h,,,,,,,0.72383,0.726 0.725 0.72313 0.722 0.72 0.719 0.718 0.717 0.716 0.715 0.714 0.713 0.712 0.711
assets/tradingview/2021-02/2021-02-03_09h07_msg3415_SWMGtMcb.png,3415,2021-02-03T09:07:10,GBPJPY,35,,143.686,143.741,143.105,vente,143.105,143.741,143.02 143.8 143.65 143.6 143.55 143.5 143.35 143.3 143.25 143.2 143.15 143.05 143.0 142.95 142.9 142.85 143.03 143.686
assets/tradingview/2021-02/2021-02-03_10h07_msg3421_ffHvcmev.png,3421,2021-02-03T10:07:06,EURNZD,15,2021-02-03T10:05:00,,,,,,,1.702 1.7 1.698 1.696 1.694 1.692 1.69 1.688 1.686 1.684 1.682 1.68 1.678 1.676 1.674 1.672 1.668 1.666 1.664 1.662 1.66 1.658 1.656 1.654
assets/tradingview/2021-02/2021-02-03_11h20_msg3423_0YO1rUek.png,3423,2021-02-03T11:20:44,GBPJPY,15,2021-02-03T11:20:00,143.686,143.741,143.217,vente,143.217,143.741,143.9 143.8 143.686 143.6 143.5 143.4 143.1 143.0 142.9 142.8 144.0
assets/tradingview/2021-02/2021-02-03_15h43_msg3425_o3iOS1G6.png,3425,2021-02-03T15:43:28,GBPJPY,,2021-02-03T15:42:00,143.686,143.741,143.128,vente,143.128,143.741,144.1 144.0 143.9 143.8 143.6 143.5 143.4 143.3 143.2 143.0 143.686
assets/tradingview/2021-02/2021-02-04_06h21_msg3428_Icwk6zG4.png,3428,2021-02-04T06:21:26,AUDCHF,,2021-02-04T06:19:00,,,,,,0.68764,0.6878 0.6874 0.68724 0.687 0.6868 0.6864 0.6862 0.686 0.6858 0.6856 0.6854
assets/tradingview/2021-02/2021-02-04_08h58_msg3430_8o8eh0cC.png,3430,2021-02-04T08:58:54,AUDCHF,1,2021-02-04T08:58:00,,,,,0.68593,0.68768,0.688 0.6878 0.6876 0.6874 0.687 0.6868 0.6866 0.6864 0.6862 0.6858 0.6856 0.6854 0.6852
ChatExport_2026-10-01/photos/photo_1224@04-02-2021_08-59-32.jpg,3432,2021-02-04T08:59:32,AUDCHF,,,,,,,,,2.04 0.0
assets/tradingview/2021-02/2021-02-04_09h01_msg3434_LgVG0ECx.png,3434,2021-02-04T09:01:01,GBPJPY,15,2021-02-04T09:00:00,143.686,143.741,142.839,vente,142.839,143.741,144.1 144.0 143.9 143.8 143.6 143.5 143.4 143.3 143.2 143.1 143.0 142.7 142.6 142.5 143.686
assets/tradingview/2021-02/2021-02-04_09h54_msg3441_cK5oRu49.png,3441,2021-02-04T09:54:35,USDCHF,,2021-02-04T09:54:00,0.88532,0.88472,0.90319,achat,0.90319,0.88472,0.904 0.90152 0.898 0.896 0.894 0.892 0.89 0.888 0.88532 0.882 0.88 0.878
assets/tradingview/2021-02/2021-02-04_09h59_msg3442_GbkV3LSJ.png,3442,2021-02-04T09:59:28,,15,2021-02-04T09:59:00,,,,,20.59945,20.10261,20.55 20.5 20.45 20.4 20.35 20.3 20.25 20.14437 20.05 20.0 19.95
assets/tradingview/2021-02/2021-02-04_14h47_msg3444_DYWLfpcw.png,3444,2021-02-04T14:47:55,EURAUD,,,1.59356,1.59461,1.56969,vente,1.59595 1.5778 1.56969,1.58594 1.57401 1.59461,1.598 1.59356 1.592 1.58651 1.584 1.582 1.58 1.576 1.57435 1.572 1.568
assets/tradingview/2021-02/2021-02-04_14h48_msg3445_CExf8axt.png,3445,2021-02-04T14:48:14,EURAUD,,,1.59356,1.59461,1.56969,vente,1.5778 1.56969 1.5685,1.59461 1.59369 1.57401,1.598 1.59356 1.5932 1.588 1.584 1.582 1.58 1.576 1.57435 1.566
ChatExport_2026-10-01/photos/photo_1225@04-02-2021_14-48-26.jpg,3446,2021-02-04T14:48:26,,,,,,,,,,1.57194 4.5712
assets/tradingview/2021-02/2021-02-05_19h15_msg3449_C57BouzW.png,3449,2021-02-05T19:15:12,NZDUSD,5,2021-02-05T19:07:00,0.71396,0.71351,0.72007,achat,0.72007,0.71351,0.727 0.726 0.725 0.724 0.723 0.722 0.721 0.718 0.717 0.716 0.715 0.71396 0.713 0.712 0.711 0.71 0.709 0.708
assets/tradingview/2021-02/2021-02-06_01h08_msg3451_NLBZGhLv.png,3451,2021-02-06T01:08:59,AUDCHF,,,,,,,0.6903,0.69111,0.27299 0.693 0.692 0.69052 0.689 0.688 0.687 0.686 0.685 0.684 0.683 0.682 0.681 0.68 0.679 0.677 0.676 0.675 0.674 0.673 0.672
ChatExport_2026-10-01/photos/photo_1227@08-02-2021_11-34-53.jpg,3455,2021-02-08T11:34:53,,,,,,,,0.6856,0.8695,0.693 0.6925 0.692 0.6915 0.689 0.6885 0.688 0.6875 0.687 0.6865 0.686 0.685 0.6845 0.69057
assets/tradingview/2021-02/2021-02-16_18h50_msg3470_XEw0e4vg.png,3470,2021-02-16T18:50:49,AUDCHF,,,,,,,0.6929,,0.6946 0.6944 0.6942 0.694 0.69352 0.6932 0.693 0.6926 0.6924 0.6922 0.692 0.6916 0.6914 0.6912 0.691
assets/tradingview/2021-02/2021-02-16_18h51_msg3471_fYe1CziQ.png,3471,2021-02-16T18:51:06,AUDCHF,,,,,,,0.69181,0.69252,0.694 0.6936 0.69352 0.6932 0.693 0.6928 0.6926 0.6922 0.692 0.6914
assets/tradingview/2021-02/2021-02-19_18h40_msg3474_gbNyU3ou.png,3474,2021-02-19T18:40:10,AUDUSD,,,,,,,,0.77694,0.784 0.783 0.782 0.781 0.78 0.779 0.778 0.776 0.774 0.773 0.772 0.771 0.77678
assets/tradingview/2021-02/2021-02-19_18h40_msg3475_4IzweJSr.png,3475,2021-02-19T18:40:20,AUDUSD,,,0.77678,0.77245,0.78512,achat,0.78512 0.703,0.77694 0.77245,0.786 0.784 0.783 0.782 0.781 0.78 0.779 0.778 0.776 0.775 0.774 0.772 0.771 0.77678 0.7315
assets/tradingview/2021-02/2021-02-19_18h47_msg3476_yFFU39ww.png,3476,2021-02-19T18:47:21,USDJPY,15,2021-02-19T18:47:00,105.601,105.239,106.188,achat,106.188,105.239,106.4 106.3 106.1 106.0 105.9 105.8 105.7 105.601 105.5 105.4 105.3 105.2 105.1 105.0
assets/tradingview/2021-02/2021-02-19_18h59_msg3479_j4YiGsar.png,3479,2021-02-19T18:59:45,AUDUSD,15,2021-02-19T18:59:00,0.77343,0.77269,0.78564,achat,0.78564,0.77269,0.787 0.78625 0.784 0.783 0.782 0.781 0.78 0.779 0.778 0.777 0.776 0.775 0.774 0.77343 0.771 0.77 0.769 0.768 9.773
assets/tradingview/2021-02/2021-02-23_14h27_msg3481_anJsuiH2.png,3481,2021-02-23T14:27:00,EURJPY,1h,2021-02-23T14:21:00,,,,,,,128.4 128.2 128.023 127.8 127.6 127.4 127.2 127.0 126.8 126.6
assets/tradingview/2021-02/2021-02-23_14h27_msg3482_h1XRWwhE.png,3482,2021-02-23T14:27:00,EURJPY,5,2021-02-23T14:23:00,,,,,,,128.25 128.2 128.15 128.1 128.05 127.95 127.9 127.85 127.8 127.75 127.7 127.65 127.6 127.55 127.5 127.45
assets/tradingview/2021-02/2021-02-24_16h42_msg3484_3fx38LW4.png,3484,2021-02-24T16:42:38,EURUSD,15,2021-02-24T13:17:00,,,,,,,1.2185 1.218 1.209 1.2085 1.21713 1.2165 1.216 1.2155 1.215 1.2145 1.2135 1.213 1.2125 1.212 1.2115 1.211 1.2105 1.21
assets/tradingview/2021-02/2021-02-24_16h43_msg3485_vDSwlNxA.png,3485,2021-02-24T16:43:01,EURUSD,,2021-02-24T15:18:00,,,,,,,1.2185 1.218 1.2115 1.21 1.209 1.2085 1.2165 1.216 1.2155 1.215 1.2145 1.214 1.2135 1.213 1.2125
assets/tradingview/2021-02/2021-02-24_20h18_msg3488_uPiXCyfG.png,3488,2021-02-24T20:18:58,XAUUSD,10,2021-02-24T19:21:00,1813.391,1815.042,1790.325,vente,1790.325,1815.042,1820.0 1818.0 1816.0 1813.391 1812.0 1810.0 1808.0 1806.0 1804.0 1800.0 1796.0 1794.0 1792.0
assets/tradingview/2021-02/2021-02-26_00h15_msg3490_9dL3TCnQ.png,3490,2021-02-26T00:15:06,CADJPY,1D,2021-02-24T16:25:00,,,,,,,93.0 92.0 91.0 90.0 89.0 88.0 87.0 86.0 85.0 83.0 82.0 81.0 80.0 79.0 78.0 77.0 76.0 75.0 74.0 73.0
assets/tradingview/2021-02/2021-02-26_00h15_msg3491_UPidusdR.png,3491,2021-02-26T00:15:40,CADJPY,1h,2021-02-26T00:15:00,,,,,,,85.0 84.5 84.0 83.5 83.0 82.5 82.0 81.5 81.0
assets/tradingview/2021-02/2021-02-26_00h21_msg3493_PUbHoUPa.png,3493,2021-02-26T00:21:03,CADJPY,4,2021-02-26T00:20:00,,,,,,85.107,85.15 85.05 85.0 84.95 84.9 84.85 84.8 84.75 84.7 84.65 85.025
assets/tradingview/2021-03/2021-03-01_08h35_msg3508_yWGawgU8.png,3508,2021-03-01T08:35:33,GBPUSD,15,2021-03-01T08:35:00,1.40936,1.41238,1.40321,vente,1.41237 1.40321 1.39131,1.4176 1.41238 1.40206,1.422 1.42092 1.41988 1.416 1.40936 1.408 1.406 1.40185 1.4 1.394 1.39 1.388 1.386
assets/tradingview/2021-03/2021-03-01_08h37_msg3509_Yw0TbTk4.png,3509,2021-03-01T08:37:17,GBPUSD,5,2021-03-01T08:37:00,,,,,1.40321 1.39131,1.40206,1.407 1.406 1.405 1.404 1.401 1.4 1.399 1.397 1.396 1.394 1.393 1.392 1.39 1.389 1.388 1.40185
assets/tradingview/2021-03/2021-03-01_08h40_msg3510_q9QWILKY.png,3510,2021-03-01T08:40:15,GBPUSD,,2021-03-01T08:40:00,,,,,,1.40207 1.40039,1.4028 1.4026 1.4024 1.4022 1.402 1.4018 1.4016 1.4014 1.4012 1.401 1.4008 1.4006
assets/tradingview/2021-03/2021-03-01_09h27_msg3519_336FHRlm.png,3519,2021-03-01T09:27:14,EURGBP,,,0.8665,0.86678,0.8635,vente,0.8635,0.86678,0.8685 0.868 0.8675 0.867 0.8665 0.866 0.8655 0.8645 0.864
assets/tradingview/2021-03/2021-03-01_09h27_msg3520_kSv7RS1B.png,3520,2021-03-01T09:27:14,EURGBP,,2021-03-01T07:55:00,0.8645,0.86496,0.8635,vente,0.8635,0.86496,0.8685 0.868 0.8675 0.867 0.8665 0.866 0.8655 0.8645 0.864
assets/tradingview/2021-03/2021-03-02_17h14_msg3522_ktHkBvs5.png,3522,2021-03-02T17:14:37,,4h,2021-03-02T17:12:00,,,,,57232.65,47257.0 36613.09,60000.0 56000.0 54000.0 52000.0 50000.0 8000.0 44000.0 42000.0 39355.05 34000.0 32000.0 30000.0 28000.0
assets/tradingview/2021-03/2021-03-02_17h51_msg3526_N8lqGdVu.png,3526,2021-03-02T17:51:55,EURGBP,,2021-03-02T17:38:00,0.86579,0.86639,0.86002,vente,0.86002,0.86639 0.86478,0.866 0.86579 0.8655 0.864 0.8635 0.863 0.8625 0.862 0.8615 0.861 0.8605
ChatExport_2026-10-01/photos/photo_1229@02-03-2021_17-52-14.jpg,3527,2021-03-02T17:52:14,EURGBP,,,,,,,,,0.86585 0.8657 0.86555 0.8654 0.86525 0.8651 0.86495 0.86465 0.8645 0.86435 0.8642 0.86405 0.8639 0.86375 10.86555 10.86465 10.8645 10.86435 10.8642 10.86405 10.8639
ChatExport_2026-10-01/photos/photo_1230@02-03-2021_17-53-46.jpg,3528,2021-03-02T17:53:46,,,,,,,,,,0.8666 0.8664 0.8662 0.866 0.8658 0.8656 0.8654 0.8652 0.865 0.8648 0.8646 0.8644 0.8642 0.864 0.8638
assets/tradingview/2021-03/2021-03-03_13h21_msg3532_OcpWG5P9.png,3532,2021-03-03T13:21:28,AUDCAD,15,2021-03-03T13:21:00,0.987,0.98198,0.98974,achat,0.98974,0.98198,0.989 0.988 0.987 0.986 0.984 0.983 0.981 0.98 0.979 0.978
assets/tradingview/2021-03/2021-03-03_17h31_msg3534_yaZTSizg.png,3534,2021-03-03T17:31:01,GBPUSD,,2021-03-03T12:55:00,1.39789,1.39852,1.39153,vente,1.39153,1.39852,1.402 1.401 1.399 1.397 1.395 1.394 1.393 1.392 1.391 1.39789
assets/tradingview/2021-03/2021-03-03_17h31_msg3535_3aiKZjoy.png,3535,2021-03-03T17:31:09,GBPUSD,15,2021-03-03T17:29:00,1.39789,1.39852,1.39212,vente,1.39212,1.39852,1.401 1.4005 1.3995 1.399 1.3975 1.3925 1.3915 1.391 1.39789 1.397 1.3965 1.396 1.3955 1.395 1.3945 1.394 1.3935
assets/tradingview/2021-03/2021-03-03_17h38_msg3537_HnUr2h4h.png,3537,2021-03-03T17:38:57,EURAUD,4,2021-03-03T13:10:00,1.54342,1.54289,1.55123,achat,1.55123,1.54289,1.556 1.555 1.554 1.553 1.552 1.55 1.549 1.548 1.547 1.546 1.544 1.542 1.541 1.54 1.54342
assets/tradingview/2021-03/2021-03-03_17h39_msg3538_pT5l9G9V.png,3538,2021-03-03T17:39:02,EURAUD,5,2021-03-03T17:38:00,1.54341,1.54264,1.55062,achat,1.55062,1.54264,1.551 1.55 1.549 1.548 1.546 1.545 1.544 1.543 1.542 1.541 1.54 1.54341
assets/tradingview/2021-03/2021-03-03_18h10_msg3539_w7nvBQOi.png,3539,2021-03-03T18:10:45,AUDCAD,9,2021-03-03T18:10:00,0.98259,0.982,0.98976,achat,0.98976,0.982,0.9905 0.99 0.9895 0.989 0.9885 0.988 0.9875 0.987 0.9865 0.986 0.9855 0.985 0.984 0.9835 0.983 0.9815 0.981 0.9805 0.98259
ChatExport_2026-10-01/photos/photo_1231@03-03-2021_21-23-45.jpg,3541,2021-03-03T21:23:45,,,,,,,,,,
assets/tradingview/2021-03/2021-03-03_23h24_msg3548_AhMWkzyP.png,3548,2021-03-03T23:24:18,AUDCAD,15,2021-03-03T23:24:00,0.98259,0.982,0.98976,achat,0.98976,0.982,0.989 0.988 0.987 0.986 0.985 0.984 0.98259 0.98253 0.981 0.98 0.979 0.978
assets/tradingview/2021-03/2021-03-03_23h47_msg3550_3zYEkyyu.png,3550,2021-03-03T23:47:03,AUDCAD,5,2021-03-03T23:46:00,0.98259,0.982,0.98876,achat,0.98876,0.982,0.989 0.9885 0.988 0.9875 0.987 0.9865 0.986 0.9855 0.985 0.9845 0.984 0.983 0.98259
assets/tradingview/2021-03/2021-03-03_23h47_msg3552_yEKP6wIv.png,3552,2021-03-03T23:47:40,AUDCAD,15,2021-03-03T23:47:00,0.98259,0.982,0.98876,achat,0.98876,0.982,0.99 0.989 0.988 0.987 0.986 0.985 0.984 0.983 0.981 0.98 0.98259
ChatExport_2026-10-01/photos/photo_1232@04-03-2021_02-53-48.jpg,3553,2021-03-04T02:53:48,,,,,,,,0.98877,,1.0 0.998 0.996 0.994 0.992 0.99 0.984 0.98 0.978 0.976 0.974 0.972 0.97 0.968 0.98259
ChatExport_2026-10-01/photos/photo_1234@05-03-2021_03-19-47.jpg,3556,2021-03-05T03:19:47,,,,,,,,,,
ChatExport_2026-10-01/photos/photo_1235@05-03-2021_03-20-15.jpg,3557,2021-03-05T03:20:15,,,,,,,,,,
assets/tradingview/2021-03/2021-03-05_07h20_msg3562_olS1t4J3.png,3562,2021-03-05T07:20:07,EURNZD,5,2021-03-04T08:48:00,,,,,,,1.659 1.657 1.656 1.655 1.654 1.653 1.652 1.651 1.67 1.669 1.668 1.667 1.666 1.665 1.664 1.663 1.662 1.661 1.66
assets/tradingview/2021-03/2021-03-05_07h20_msg3563_MUReYbvo.png,3563,2021-03-05T07:20:14,EURNZD,15,2021-03-05T07:15:00,1.6569,1.6559,1.66995,achat,1.66995,1.6559,1.672 1.66763 1.666 1.664 1.662 1.66 1.658 1.654 1.652 1.65 1.648 1.6569
assets/tradingview/2021-03/2021-03-09_02h03_msg3565_BDkPIoQC.png,3565,2021-03-09T02:03:01,EURUSD,4h,2021-03-08T14:45:00,1.21679,1.21729,1.21168,vente,1.21168 1.20884 1.2062 1.18848,1.21729 1.21438 1.21203 1.2101 1.20522,1.21679 1.21388 1.21153 1.2096 1.20488 1.202 1.2 1.198 1.196 1.194 1.192 1.19 1.17
assets/tradingview/2021-03/2021-03-09_02h03_msg3566_s8JKqpEk.png,3566,2021-03-09T02:03:01,EURUSD,1h,2021-03-08T14:46:00,1.21153,1.21203,1.20884,vente,1.21168 1.20884 1.2062 1.20447,1.21203 1.2101 1.20522,1.224 1.222 1.22 1.216 1.21153 1.2096 1.208 1.20488
assets/tradingview/2021-03/2021-03-09_02h03_msg3567_WkYwt4v4.png,3567,2021-03-09T02:03:01,EURUSD,15,2021-03-08T14:47:00,1.20488,1.20522,1.20447,vente,1.20884 1.20447,1.20522,1.21153 1.211 1.2105 1.2085 1.208 1.2075 1.207 1.2065 1.2055 1.20488
assets/tradingview/2021-03/2021-03-09_02h03_msg3568_H7qc3xn1.png,3568,2021-03-09T02:03:01,EURUSD,1,2021-03-08T14:48:00,,,,,1.2062 1.20447,,1.2066 1.2064 1.206 1.2058 1.2056 1.2054 1.205 1.20488 1.2048 1.2046 1.2044 1.2042 1.204 1.2038 1.2036 1.2034 1.2032 1.203 1.2028 1.2026 1.2024 1.2022 1.202 1.2018 1.2016
assets/tradingview/2021-03/2021-03-11_20h07_msg3571_pdZzY3vo.png,3571,2021-03-11T20:07:39,GBPUSD,15,2021-03-11T20:07:00,,,,,,,1.425 1.42 1.415 1.41 1.405 1.4 1.395 1.39 1.385 1.38 1.375
assets/tradingview/2021-03/2021-03-11_20h24_msg3572_Mi0kewT4.png,3572,2021-03-11T20:24:05,GBPUSD,,2021-03-11T18:27:00,,,,,1.398,,1.406 1.404 1.402 1.382 1.378 1.376 1.82 1.4 1.394 1.392 1.39 1.388 1.386 1.384
assets/tradingview/2021-03/2021-03-11_23h11_msg3573_u9Gqji5I.png,3573,2021-03-11T23:11:06,GBPUSD,4h,2021-03-11T23:09:00,,,,,,,1.395 1.439 1.43 1.425 1.42 1.415 1.41 1.405 1.39 1.385 1.38 1.375 1.37 1.365 1.36 1.355 1.35 1.345 1.34 1.335 1.33 1.325 1.32 1.315 1.31 1.305 1.3
assets/tradingview/2021-03/2021-03-11_23h15_msg3576_ht2IvM5z.png,3576,2021-03-11T23:15:26,GBPUSD,1h,2021-03-11T23:15:00,,,,,1.3775,1.39639,1.4 1.394 1.376 1.374 1.428 1.426 1.424 1.422 1.42 1.418 1.416 1.414 1.412 1.41 1.408 1.406 1.404 1.402 1.39589 1.392 1.39 1.388 1.386 1.384 1.382 1.38
assets/tradingview/2021-03/2021-03-12_02h55_msg3577_3cd5V7WA.png,3577,2021-03-12T02:55:32,GBPUSD,5,2021-03-12T02:55:00,,,,,,1.39,1.404 1.403 1.402 1.401 1.4 1.399 1.397 1.396 1.395 1.394 1.393 1.392 1.391 1.39 1.389 1.388 1.387 1.386 1.385 1.384 1.383 1.382 1.381 1.38 1.379 1.378 1.377 1.376
ChatExport_2026-10-01/photos/photo_1236@12-03-2021_07-04-58.jpg,3582,2021-03-12T07:04:58,,,,,,,,,,1.4015 1.4005 1.4 1.395 1.3945 1.394 1.401 1.3995 1.399 1.3985 1.398 1.3975 1.397 1.3965 1.396
assets/tradingview/2021-03/2021-03-15_10h37_msg3585_kS7DIH1l.png,3585,2021-03-15T10:37:06,GBPUSD,15,2021-03-15T10:36:00,1.37958,1.37925,1.38474,achat,1.39237 1.38474 1.38026,1.37925,1.39 1.388 1.386 1.384 1.382 1.37958
assets/tradingview/2021-03/2021-03-15_10h46_msg3591_TgO3gbgW.png,3591,2021-03-15T10:46:05,GBPUSD,,,1.39444,1.39503,1.38026,vente,1.38026 1.37922,1.39503 1.39275 1.37925,1.41 1.405 1.4 1.39444 1.39 1.385 1.37958 1.37 1.365 1.36
assets/tradingview/2021-03/2021-03-15_18h20_msg3595_D44pNWDk.png,3595,2021-03-15T18:20:49,GBPUSD,1h,2021-03-15T18:20:00,1.37958,1.37925,1.38083,achat,1.38083 1.38026,1.37925,1.392 1.388 1.386 1.384 1.382 1.37958 1.376 1.374
assets/tradingview/2021-03/2021-03-16_13h05_msg3596_WMdBQ4OQ.png,3596,2021-03-16T13:05:31,EURGBP,,2021-03-15T04:26:00,,,,,,0.8554,0.863 0.862 0.861 0.86 0.859 0.857 0.855 0.854 0.856
assets/tradingview/2021-03/2021-03-16_13h05_msg3597_sNNC8X9u.png,3597,2021-03-16T13:05:31,EURGBP,,2021-03-16T05:22:00,,,,,0.86075 0.8608,,0.862 0.8615 0.861 0.86 0.8595 0.859 0.8585 0.858 0.8575 0.857 0.8565 0.855 0.8545
ChatExport_2026-10-01/photos/photo_1237@16-03-2021_13-05-31.jpg,3598,2021-03-16T13:05:31,,,,,,,,,,0.8651 0.8644 0.8637 0.863 0.8623 0.8616 0.86 0.8602 0.8595 0.8588 0.8581 0.8574 0.8567 0.856 0.8553 10.8637 10.863 10.8616 10.8602 10.8595 10.8588 10.8553
assets/tradingview/2021-03/2021-03-16_14h44_msg3601_sJ6s66sv.png,3601,2021-03-16T14:44:14,GBPUSD,,2021-03-16T14:43:00,1.39452,1.39502,1.38094,vente,1.38094,1.39502,1.401 1.4 1.399 1.398 1.397 1.396 1.394 1.393 1.392 1.391 1.39 1.389 1.387 1.386 1.385 1.384 1.383 1.382 1.38 1.379 1.378 1.377 1.376 1.375 1.374 1.373 1.372 1.371 1.37 1.369 1.368 1.367 1.366 1.365 1.39452
assets/tradingview/2021-03/2021-03-16_15h52_msg3603_i3ho9DBY.png,3603,2021-03-16T15:52:08,GBPJPY,5,2021-03-16T15:51:00,151.697,151.778,150.805,vente,151.69 150.805,151.778 150.985,152.4 152.3 152.2 152.1 152.0 151.9 151.6 151.5 151.4 151.3 151.2 151.076 150.9 150.7 150.6 150.5 150.4 150.3 150.2 150.1 151.697
ChatExport_2026-10-01/photos/photo_1238@16-03-2021_16-24-32.jpg,3604,2021-03-16T16:24:32,,,,,,,,,,1151.47 1151.455 1151.425 1151.395 1151.38 1151.365 1151.35 1151.32 1151.305 1151.29 1151.275
assets/tradingview/2021-03/2021-03-16_16h26_msg3605_DNAHPjdz.png,3605,2021-03-16T16:26:19,GBPJPY,,2021-03-16T16:26:00,151.448,151.484,151.043,vente,151.043,151.484,151.52 151.5 151.46 151.448 151.44 151.42 151.38 151.06 151.02 151.36 151.34 151.32 151.3 151.28 151.26 151.24 151.22 151.2 151.18 151.16 151.14 151.12 151.1 151.08
assets/tradingview/2021-03/2021-03-16_16h44_msg3606_Lqbnc5hS.png,3606,2021-03-16T16:44:36,GBPJPY,,2021-03-16T16:44:00,,,,,,151.499,151.55 151.492 151.448 151.4 151.35 151.3 151.25 151.2 151.15 151.1
assets/tradingview/2021-03/2021-03-16_16h46_msg3609_2yATMXUN.png,3609,2021-03-16T16:46:59,GBPJPY,10,2021-03-16T16:46:00,,,,,151.686,151.783,152.2 152.1 152.0 151.9 151.702 151.6 151.5 191.4 151.3 151.2 151.1 150.9 150.7
assets/tradingview/2021-03/2021-03-17_13h52_msg3613_9BULU73P.png,3613,2021-03-17T13:52:50,GBPJPY,1,,151.699,151.752,151.029,vente,151.029,151.752 151.708,152.1 152.05 152.0 151.95 151.9 151.85 151.699 151.65 151.55 151.05 151.0 150.95 150.9 150.85 150.8 150.75 150.7
ChatExport_2026-10-01/photos/photo_1239@17-03-2021_20-26-39.jpg,3616,2021-03-17T20:26:39,,,,,,,,,,1.202 1.2 1.196 1.194 1.192 1.184 1.182 1.18 1.174 1.19 1.188 1.186 1.178 1.176
ChatExport_2026-10-01/photos/photo_1240@17-03-2021_20-33-01.jpg,3618,2021-03-17T20:33:01,,,,,,,,,,
assets/tradingview/2021-03/2021-03-17_21h32_msg3620_GBz9rDtl.png,3620,2021-03-17T21:32:19,,4h,2021-03-17T21:27:00,,,,,,,
assets/tradingview/2021-03/2021-03-17_21h32_msg3622_UDeoQN4g.png,3622,2021-03-17T21:32:19,,4h,2021-03-17T21:28:00,,,,,,,88.0 84.0 76.0 72.0 68.0 64.0 60.0 56.0 52.0 48.0 44.0 40.0 36.0 32.0 28.0 24.0 20.0 16.0
assets/tradingview/2021-03/2021-03-17_21h32_msg3625_W73QF81F.png,3625,2021-03-17T21:32:19,,1D,2021-03-17T21:30:00,,,,,,,1.4 1.3 1.2 1.1 1.0 0.8906 0.7 0.6 0.5 0.4 0.3 0.2 0.1
assets/tradingview/2021-03/2021-03-18_05h46_msg3629_wKkRzqhF.png,3629,2021-03-18T05:46:49,EURGBP,,2021-03-18T04:15:00,,,,,0.86338,0.86278,0.864 0.862 0.861 0.86 0.859 0.857 0.854
assets/tradingview/2021-03/2021-03-23_18h25_msg3631_iWcFyPm7.png,3631,2021-03-23T18:25:07,,,2021-03-23T18:24:00,,,,,1.7182,,2.0 1.8 1.5 1.4 1.3 1.2 1.1 1.0 0.6 0.5 0.4 0.3 1.6 0.7
assets/tradingview/2021-03/2021-03-25_23h33_msg3641_spwsb7Jd.png,3641,2021-03-25T23:33:05,EURJPY,1h,2021-03-25T23:32:00,128.411,128.289,128.613,achat,128.613,128.289,130.8 130.4 130.2 130.0 129.8 129.6 129.4 129.2 129.0 128.8 128.411 128.2 128.0 127.8
assets/tradingview/2021-03/2021-03-26_15h51_msg3642_yqGz3uuv.png,3642,2021-03-26T15:51:50,EURJPY,,2021-03-26T15:50:00,,,,,,128.289,130.2 130.0 129.8 129.6 129.2 129.0 128.8 128.6 128.2 128.411
assets/tradingview/2021-03/2021-03-27_01h13_msg3651_qHXoQscC.png,3651,2021-03-27T01:13:47,,,2021-03-27T01:12:00,,,,,,,
ChatExport_2026-10-01/photos/photo_1244@28-03-2021_01-35-00.jpg,3655,2021-03-28T01:35:00,,,,,,,,,,
ChatExport_2026-10-01/photos/photo_1246@29-03-2021_20-07-36.jpg,3661,2021-03-29T20:07:36,,,,,,,,,,
ChatExport_2026-10-01/photos/photo_1248@30-03-2021_13-28-24.jpg,3667,2021-03-30T13:28:24,,,,,,,,,,
assets/tradingview/2021-03/2021-03-30_20h46_msg3668_GUDkqw7C.png,3668,2021-03-30T20:46:11,GBPCAD,,2021-03-30T09:04:00,,,,,,,1.764 1.762 1.761 1.75982 1.758 1.757 1.756
assets/tradingview/2021-03/2021-03-30_20h46_msg3669_7mAgfo4t.png,3669,2021-03-30T20:46:17,USDJPY,,2021-03-30T11:21:00,109.264,109.328,108.769,vente,108.769,109.328,109.3 109.264 109.2 109.1 109.0 108.9 108.8 108.7
assets/tradingview/2021-03/2021-03-30_20h46_msg3670_0ebVJplA.png,3670,2021-03-30T20:46:30,GBPJPY,,2021-03-30T06:28:00,,,,,,,136.2 135.8 135.6 135.4 135.2 135.0 134.8 134.6 134.4 134.236 133.8
ChatExport_2026-10-01/photos/photo_1249@30-03-2021_21-31-16.jpg,3672,2021-03-30T21:31:16,,,,,,,,,,
assets/tradingview/2021-03/2021-03-30_21h37_msg3674_1iWih7bX.png,3674,2021-03-30T21:37:23,EURUSD,1D,2021-03-30T21:37:00,,,,,1.17151,,
assets/tradingview/2021-04/2021-04-01_00h41_msg3693_sNNHudrq.png,3693,2021-04-01T00:41:26,EURJPY,1h,2021-04-01T00:41:00,,,,,130.025,129.863 128.346,130.5 128.386
assets/tradingview/2021-04/2021-04-01_01h34_msg3696_bQCQkUrz.png,3696,2021-04-01T01:34:58,EURJPY,1h,2021-04-01T01:34:00,129.992,130.094,128.305,vente,128.305,130.094 129.838,129.992 130.8 130.6 130.4 129.6 129.4 129.2 129.0 128.8 128.6 128.4 128.2 128.0 127.8 127.6 126.8
assets/tradingview/2021-04/2021-04-01_01h43_msg3697_gXBdoWWf.png,3697,2021-04-01T01:43:17,EURJPY,3,2021-04-01T01:43:00,129.958,130.058,129.535,vente,129.535,130.058,130.2 129.65 130.0 129.958 129.8 129.6 129.5 129.4
ChatExport_2026-10-01/photos/photo_1250@01-04-2021_19-05-54.jpg,3701,2021-04-01T19:05:54,,,,,,,,,,
assets/tradingview/2021-04/2021-04-01_19h18_msg3702_O0kNQsml.png,3702,2021-04-01T19:18:16,,,2021-03-31T18:19:00,,,,,,0.083,
assets/tradingview/2021-04/2021-04-01_19h18_msg3704_8w9zZ4Qk.png,3704,2021-04-01T19:18:47,,,2021-04-01T19:15:00,,,,,,,0.1 0.095 0.09 0.08 0.075 0.07 0.06 0.055 0.05
ChatExport_2026-10-01/photos/photo_1251@03-04-2021_06-04-33.jpg,3715,2021-04-03T06:04:33,,,,,,,,,,
ChatExport_2026-10-01/photos/photo_1252@03-04-2021_13-14-45.jpg,3716,2021-04-03T13:14:45,,,,,,,,,,
assets/tradingview/2021-04/2021-04-04_02h59_msg3727_iPsUyjdp.png,3727,2021-04-04T02:59:30,,1D,2021-04-04T02:59:00,,,,,,,3.5 3.0 2.5 2.0 1.5 1.0 0.5
ChatExport_2026-10-01/photos/photo_1254@06-04-2021_13-29-54.jpg,3736,2021-04-06T13:29:54,,,,,,,,,,
assets/tradingview/2021-04/2021-04-07_05h54_msg3737_rToacFq4.png,3737,2021-04-07T05:54:57,,8h,2021-04-07T05:54:00,,,,,,0.56801,1.6 1.4 1.3 1.2 1.1 1.0 0.9 0.8 0.7 0.6 0.5 0.4 0.3 0.2
ChatExport_2026-10-01/photos/photo_1255@08-04-2021_14-24-50.jpg,3740,2021-04-08T14:24:50,,,,,,,,,,4.01 4.06 4.07 822.42 0.0
ChatExport_2026-10-01/photos/photo_1256@08-04-2021_16-24-27.jpg,3748,2021-04-08T16:24:27,EURUSD,,,,,,,,,1.1945 1.1903 1.1882 1.1861 1.184 1.1819 1.1777 1.1756 1.1735 1.1714 100.0 164.0 50.0 43.0 0.0 1.1693
ChatExport_2026-10-01/photos/photo_1257@08-04-2021_18-13-19.jpg,3753,2021-04-08T18:13:19,,,,,,,,,,
ChatExport_2026-10-01/photos/photo_1258@08-04-2021_18-13-40.jpg,3754,2021-04-08T18:13:40,,,,,,,,,,0.0
assets/tradingview/2021-04/2021-04-08_23h50_msg3761_1hEtefV9.png,3761,2021-04-08T23:50:19,EURJPY,1D,,,,,,,,31.0 30.5 30.0 29.5 29.0 28.5 28.0 27.5 27.0 26.5 26.0 25.5 25.0 131.0 130.5 130.0 129.5 129.0 128.5 128.0 127.5 127.0 126.5 126.0 125.5 125.0
assets/tradingview/2021-04/2021-04-08_23h50_msg3762_bFB76Hpk.png,3762,2021-04-08T23:50:19,EURJPY,1D,,,,,,,,31.6 31.4 31.2 31.0 30.8 30.0 29.8 29.4 29.2 29.0 28.8 28.6 28.4 28.2 28.0 27.8 27.6 131.6 131.4 131.2 131.0 130.8 130.6 130.0 129.8 129.4 129.2 129.0 128.8 128.6 128.4 128.2 128.0 127.8 127.6
assets/tradingview/2021-04/2021-04-08_23h50_msg3763_EKSrsjXM.png,3763,2021-04-08T23:50:20,EURJPY,1h,,,,,,,,31.2 31.1 31.0 30.9 30.8 130.6 130.5 30.2 30.1 30.0 29.9 29.8 29.7 29.6 29.5 29.4 29.3 131.2 131.1 131.0 130.9 130.8 0.4 130.2 130.1 130.0 129.9 129.8 129.7 129.6 129.5 129.4 129.3
assets/tradingview/2021-04/2021-04-08_23h50_msg3764_F5TAUceN.png,3764,2021-04-08T23:50:20,EURJPY,5,,,,,,,,130.8 130.6 130.5 130.4 130.279 30.2 30.1 30.0 29.9 29.8 29.7 29.6 29.5 29.4 130.2 130.1 130.0 129.9 129.8 129.7 129.6 129.5 129.4
assets/tradingview/2021-04/2021-04-08_23h50_msg3765_lc5jrV5b.png,3765,2021-04-08T23:50:20,EURJPY,5,,,,,,,,30.75 130.7 30.6 30.55 30.5 30.45 30.4 30.35 30.3 30.2 30.15 30.1 30.05 30.0 29.95 29.9 29.85 29.8 29.75 29.7 29.65 29.6 29.55 29.5 130.75 130.65 130.6 130.55 130.5 130.45 130.4 130.3 130.2 130.15 130.1 130.05 130.0 129.95 129.9 129.85 129.8 129.75 129.7 129.65 129.6 129.55 129.5
assets/tradingview/2021-04/2021-04-09_00h31_msg3769_dbW1sWzN.png,3769,2021-04-09T00:31:34,EURJPY,5,2021-04-09T00:31:00,,,,,,,30.55 30.5 30.45 30.4 30.35 30.25 30.2 30.15 30.1 30.05 30.0 29.95 29.9 29.85 29.8 29.75 29.7 29.65 29.6 29.55 29.5 130.55 130.5 130.45 130.4 130.35 130.25 130.2 130.15 130.1 130.05 130.0 129.95 129.9 129.85 129.8 129.75 129.7 129.65 129.6 129.55 129.5
assets/tradingview/2021-04/2021-04-09_00h34_msg3772_OixjZ78l.png,3772,2021-04-09T00:34:58,EURJPY,5,,,,,,,,30.55 30.5 30.45 30.4 30.35 30.25 30.2 30.15 30.1 30.05 30.0 29.95 29.9 29.85 29.8 29.75 29.7 29.65 29.6 29.55 29.5 130.55 130.5 130.45 130.4 130.35 130.25 130.2 130.15 130.1 130.05 130.0 129.95 129.9 129.85 129.8 129.75 129.7 129.65 129.6 129.55 129.5
assets/tradingview/2021-04/2021-04-09_00h45_msg3773_NpOtMIQV.png,3773,2021-04-09T00:45:16,GBPJPY,1h,2021-04-09T00:43:00,,,,,,,54.5 54.0 53.5 53.0 52.5 52.0 51.5 51.0 50.5 50.0 49.5 49.0 48.5 147.5 147.0 154.5 154.0 153.5 153.0 152.5 152.0 151.5 151.0 150.5 150.0 149.5 149.0 148.5
assets/tradingview/2021-04/2021-04-09_00h52_msg3774_OKdUlRVp.png,3774,2021-04-09T00:52:38,GBPNZD,4h,2021-04-09T00:52:00,,,,,,,2.015 2.01 2.005 2.0 1.995 1.99 1.985 1.98 1.975 1.97 1.965 1.96 1.955 1.95 1.94 1.935 1.93 1.925 1.92 1.915 1.91 1.905 1.9 1.895
assets/tradingview/2021-04/2021-04-09_05h47_msg3775_Hmulco2O.png,3775,2021-04-09T05:47:33,EURJPY,5,2021-04-09T05:47:00,,,,,,,130.5 130.4 130.3 130.2 130.0 129.9 129.8 129.7 129.6 129.5
assets/tradingview/2021-04/2021-04-09_08h02_msg3778_BUsXfOE9.png,3778,2021-04-09T08:02:55,NZDUSD,1h,2021-04-09T08:02:00,,,,,,,0.712 0.711 0.71 0.709 0.708 0.707 0.706 0.705 0.704 0.7028 0.701 0.7 0.699 0.698 0.697 0.696 0.695 0.694
ChatExport_2026-10-01/photos/photo_1262@09-04-2021_16-06-57.jpg,3779,2021-04-09T16:06:57,,,,,,,,,,1760.0 1757.5 1752.5 1744.56 1742.5 1740.0 1737.5 1735.0 1732.5 1730.0 1727.5 1725.0 1722.5 1720.0 1750.0
ChatExport_2026-10-01/photos/photo_1263@09-04-2021_16-13-32.jpg,3780,2021-04-09T16:13:32,XAUUSD,,,,,,,,,4.09 759.35 0.0
ChatExport_2026-10-01/photos/photo_1264@09-04-2021_16-17-53.jpg,3782,2021-04-09T16:17:53,,,,,,,,1743.696 1745.818,,1760.0 1757.5 1752.5 1745.861 1740.0 1737.5 1735.0 1727.5 1725.0 1722.5 1720.0 1717.5 1743.696
assets/tradingview/2021-04/2021-04-09_17h52_msg3788_RPFmzy0E.png,3788,2021-04-09T17:52:26,GBPCAD,5,2021-03-27T21:10:00,1.74684,1.74934,1.71748,vente,1.71748 1.71263,1.74533 1.74934,1.74684 1.74109 1.695
assets/tradingview/2021-04/2021-04-09_17h53_msg3790_dupDmG9r.png,3790,2021-04-09T17:53:07,GBPCAD,1h,2021-04-09T17:52:00,,,,,,,1.745 1.74 1.735 1.73 1.725 1.715 1.71 1.705 1.7 1.695 1.79 1.785 1.77 1.765 1.76 1.755 1.75
assets/tradingview/2021-04/2021-04-09_21h38_msg3792_ag6t3QbF.png,3792,2021-04-09T21:38:14,NZDUSD,1,2021-04-09T21:37:00,0.70504,0.70529,0.70404,vente,0.70404,0.70529 0.70493,0.707 0.7065 0.706 0.7055 0.70504 0.7025 0.702 0.7015
ChatExport_2026-10-01/photos/photo_1265@13-04-2021_14-26-08.jpg,3797,2021-04-13T14:26:08,,,,,,,,,,
ChatExport_2026-10-01/photos/photo_1266@13-04-2021_15-14-06.jpg,3801,2021-04-13T15:14:06,,,,,,,,,,1776.0 1772.0 1768.0 1764.0 1760.0 1742.84 1736.0 1732.0 1728.0 1724.0 1720.0 1716.0 1712.0 1708.0 1704.0
ChatExport_2026-10-01/photos/photo_1267@14-04-2021_15-45-51.jpg,3806,2021-04-14T15:45:51,EURUSD,,,,,,,,,4.08 4.09 4.12 4.13 155.02 0.0
ChatExport_2026-10-01/photos/photo_1271@15-04-2021_20-22-41.jpg,3820,2021-04-15T20:22:41,,,,,,,,,,
assets/tradingview/2021-04/2021-04-16_00h54_msg3825_xCgG8obx.png,3825,2021-04-16T00:54:29,GBPNZD,,2021-04-16T00:54:00,,,,,,,2.01 2.0 1.91 1.9 1.89 1.88 1.87 1.86 1.99 1.98 1.97 1.96 1.95 1.94 1.93
assets/tradingview/2021-04/2021-04-16_05h29_msg3827_ACe6G9h8.png,3827,2021-04-16T05:29:05,EURUSD,,2021-04-16T05:28:00,,,,,,,1.19 1.185 1.18 1.175 1.17 1.225 1.22 1.215 1.21 1.205
assets/tradingview/2021-04/2021-04-17_04h05_msg3828_5mgAftqS.png,3828,2021-04-17T04:05:38,GBPUSD,4h,2021-04-17T04:05:00,,,,,,1.36686,1.364 1.404 1.402 1.4 1.398 1.396 1.394 1.392 1.39 1.388 1.386 1.382 1.38 1.378 1.376 1.374 1.372 1.37 1.368
assets/tradingview/2021-04/2021-04-17_04h13_msg3829_SpQIGhGX.png,3829,2021-04-17T04:13:33,USDJPY,4h,2021-04-17T04:13:00,,,,,,108.37,112.5 112.0 111.5 111.0 110.5 110.0 109.5 109.0 108.736 108.0 107.5 107.0 106.5 106.0 105.5 105.0 104.5 104.0
assets/tradingview/2021-04/2021-04-17_04h51_msg3830_JrJZiop4.png,3830,2021-04-17T04:51:44,AUDCAD,1h,2021-04-17T04:51:00,,,,,,,0.974 0.972 0.97 0.968 0.966 0.964 0.962 0.96 0.958 0.956 0.954 0.952 0.95 0.948
ChatExport_2026-10-01/photos/photo_1272@17-04-2021_15-41-16.jpg,3831,2021-04-17T15:41:16,,,,,,,,,,
ChatExport_2026-10-01/photos/photo_1274@17-04-2021_19-29-39.jpg,3837,2021-04-17T19:29:39,,,,,,,,,,
assets/tradingview/2021-04/2021-04-19_15h01_msg3846_HrVeNfJt.png,3846,2021-04-19T15:01:49,EURUSD,1h,2021-04-19T14:59:00,1.21318,1.21133,1.21522,achat,1.21522 1.20897 1.20387,1.19907 1.21317 1.21133 1.2074,1.21318 1.21103 1.2069 1.225 1.195 1.19 1.185 1.18 1.175 1.17
assets/tradingview/2021-04/2021-04-19_15h04_msg3847_a6TA1ngJ.png,3847,2021-04-19T15:04:33,EURUSD,4,2021-04-19T15:04:00,,,,,1.20387,1.19907,1.206 1.205 1.203 1.201 1.2 1.198 1.197 1.196 1.195 1.2069
assets/tradingview/2021-04/2021-04-20_04h39_msg3859_ntTEJNZh.png,3859,2021-04-20T04:39:30,EURUSD,15,2021-04-20T04:39:00,1.20625,1.2074,1.20387,vente,1.20387,1.2074 1.19907,1.208 1.2069 1.20625 1.205 1.203 1.202 1.201 1.2 1.198 1.197 1.196 1.195 1.194
assets/tradingview/2021-04/2021-04-20_06h38_msg3863_tUeY405W.png,3863,2021-04-20T06:38:58,GBPNZD,1h,2021-04-20T06:37:00,,,,,,,1.935 1.93 1.925 1.92 1.915 1.965 1.96 1.955 1.95 1.945
assets/tradingview/2021-04/2021-04-20_06h57_msg3865_qRwRxGlB.png,3865,2021-04-20T06:57:49,EURGBP,1h,2021-04-20T06:56:00,,,,,,,0.872 0.87 0.868 0.866 0.864 0.86 0.858 0.856 0.854 0.852 0.85 0.848
assets/tradingview/2021-04/2021-04-21_14h49_msg3866_7q3wgkbA.png,3866,2021-04-21T14:49:03,GBPJPY,4h,2021-04-21T05:35:00,,,,,,149.823,154.0 153.0 152.0 151.0 149.0 148.0 147.0 146.0 145.0 144.0 143.0 142.0 141.0 140.0 139.0 138.0 137.0
assets/tradingview/2021-04/2021-04-21_14h49_msg3867_iRm2geZB.png,3867,2021-04-21T14:49:03,GBPJPY,1h,2021-04-21T05:35:00,,,,,,149.823,153.5 153.0 152.5 152.0 151.5 151.0 150.0 149.5
assets/tradingview/2021-04/2021-04-21_14h49_msg3868_9SPNxN4k.png,3868,2021-04-21T14:49:03,GBPJPY,15,2021-04-21T05:36:00,,,,,,149.823,152.0 151.8 151.6 151.4 151.2 151.0 150.8 150.6 150.2 150.0 149.6 149.4 149.2
assets/tradingview/2021-04/2021-04-21_14h49_msg3869_GSfAPWFr.png,3869,2021-04-21T14:49:03,GBPJPY,15,2021-04-21T14:47:00,,,,,,149.823,152.0 151.8 151.6 151.4 151.2 151.0 150.6 150.4 150.2 150.0 149.6 149.4 149.2
assets/tradingview/2021-04/2021-04-23_20h57_msg3876_bjAJT9S4.png,3876,2021-04-23T20:57:36,EURJPY,4h,2021-04-23T20:57:00,,,,,,,131.2 131.0 130.8 130.6 130.2 130.0 129.8 129.6 129.4 129.2 129.0 128.8 128.6 128.4 128.2 128.0
assets/tradingview/2021-04/2021-04-23_20h58_msg3877_LNqgPfp1.png,3877,2021-04-23T20:58:03,EURJPY,15,2021-04-23T20:57:00,,,,,,,131.0 130.9 130.8 130.7 130.6 130.4 130.3 130.2 130.1 130.0 129.9 129.8 129.7 129.6 129.5
assets/tradingview/2021-04/2021-04-26_19h36_msg3879_QuoKt2mb.png,3879,2021-04-26T19:36:01,XAUUSD,1D,2021-04-26T19:30:00,,,,,,,2120.0 2080.0 2040.0 2000.0 960.0 920.0 880.0 840.0 800.0 720.0 680.0 640.0 600.0 560.0 520.0 480.0 440.0 400.0 360.0 320.0 280.0 1960.0 1920.0 1880.0 1840.0 1800.0 1720.0 1680.0 1640.0 1600.0 1560.0 1520.0 1480.0 1440.0 1400.0 1360.0 1320.0 1280.0
assets/tradingview/2021-04/2021-04-26_19h36_msg3880_peCt3LOs.png,3880,2021-04-26T19:36:01,XAUUSD,1h,2021-04-26T19:35:00,,,,,,,184.0 1800.0 1796.0 1792.0 1788.0 1784.0 1776.0 1772.0 1768.0 1764.0 1760.0 1756.0 1752.0 1748.0 1744.0 1740.0 1736.0 1732.0 1728.0 1724.0 1720.0
assets/tradingview/2021-04/2021-04-28_16h57_msg3884_tIEAJZ40.png,3884,2021-04-28T16:57:48,EURNZD,1D,2021-04-28T04:37:00,,,,,,,1.66 1.64 1.62 1.88 1.86 1.84 1.82 1.8 1.78 1.76 1.74 1.72 1.7
assets/tradingview/2021-04/2021-04-28_16h57_msg3885_3oeB2tWx.png,3885,2021-04-28T16:57:48,EURNZD,4h,2021-04-28T04:38:00,,,,,,,1.74 1.73 1.72 1.71 1.7 1.69 1.68 1.67 1.66 1.65 1.64 1.63
assets/tradingview/2021-04/2021-04-28_16h57_msg3886_RarMkUxP.png,3886,2021-04-28T16:57:48,EURNZD,1h,2021-04-28T04:39:00,,,,,,,1.7 1.695 1.69 1.685 1.68 67.17 1.67 1.665 1.66 1.655 1.65 1.645 1.64 1.635 1.63
assets/tradingview/2021-04/2021-04-28_16h57_msg3887_80ZONz1l.png,3887,2021-04-28T16:57:48,EURNZD,,,,,,,,,1.69 1.688 1.686 1.684 1.682 1.68 1.678 1.674 1.672 1.67 1.668 1.666 1.664 1.662 1.66
assets/tradingview/2021-04/2021-04-28_16h58_msg3888_CO63bsUX.png,3888,2021-04-28T16:58:18,EURNZD,1h,2021-04-28T16:58:00,,,,,,,1.66937 1.666 1.664 1.7 1.698 1.696 1.694 1.692 1.69 1.688 1.686 1.684 1.682 1.68 1.678 1.676 1.674 1.672
ChatExport_2026-10-01/photos/photo_1278@29-04-2021_07-25-28.jpg,3893,2021-04-29T07:25:28,,,,,,,,,,55.03 216.87 148.84 68.03 145.7 0.0
ChatExport_2026-10-01/photos/photo_1279@29-04-2021_07-25-28.jpg,3894,2021-04-29T07:25:28,GBPJPY,,,150.5,148.881,151.975,achat,151.975,148.881 148.816,153.0 152.5 151.5 151.0 150.5 150.0 149.5 148.5 148.0 147.5 147.0
ChatExport_2026-10-01/photos/photo_1280@29-04-2021_07-31-20.jpg,3898,2021-04-29T07:31:20,,,,,,,,,,
assets/tradingview/2021-04/2021-04-30_00h32_msg3900_s8iA4xQ7.png,3900,2021-04-30T00:32:29,XAUUSD,1h,2021-04-30T00:32:00,,,,,,,804.0 800.0 796.0 792.0 788.0 784.0 780.0 776.0 1770.892 764.0 760.0 756.0 752.0 748.0 744.0 740.0 736.0 732.0 728.0 724.0 720.0 184.0 1800.0 1796.0 1792.0 1788.0 1784.0 1780.0 1776.0 1764.0 1760.0 1756.0 1752.0 1748.0 1744.0 174.0 1736.0 1732.0 1728.0 1724.0 1720.0
assets/tradingview/2021-05/2021-05-05_13h30_msg3912_DrNA0ADP.png,3912,2021-05-05T13:30:17,EURUSD,1D,2021-05-05T13:20:00,1.19995,1.19902,1.21391,achat,1.21391,1.19902,1.2005 1.19995 1.24 1.23 1.22 1.21 1.18 1.17 1.16 1.15 1.14 1.13 1.12 1.11 1.1 1.09
assets/tradingview/2021-05/2021-05-05_13h30_msg3913_aDMkbi5U.png,3913,2021-05-05T13:30:18,EURUSD,4h,2021-05-05T13:21:00,1.19995,1.19902,1.21391,achat,1.21391,1.19902,1.228 1.226 1.224 1.222 1.22 1.218 1.216 1.212 1.21 1.208 1.206 1.204 1.202 1.19995 1.196 1.194 1.192 1.19 1.188 1.186 1.184 1.182 1.18 1.178
assets/tradingview/2021-05/2021-05-05_13h30_msg3914_4qNBaZ8Q.png,3914,2021-05-05T13:30:18,EURUSD,15,2021-05-05T13:23:00,,,,,,1.19902,1.19995 1.207 1.206 1.205 1.204 1.203 1.202 1.201 1.198 1.197 1.196 1.195 1.194 1.193 1.192 1.191 1.19
assets/tradingview/2021-05/2021-05-05_13h30_msg3915_h0QekRk5.png,3915,2021-05-05T13:30:18,EURUSD,3,2021-05-05T13:25:00,,,,,,1.19861,1.2 1.199 1.2025 1.202 1.2015 1.201 1.2005 1.1995 1.1985 1.198 1.1975
assets/tradingview/2021-05/2021-05-05_13h30_msg3918_gnQjGW1c.png,3918,2021-05-05T13:30:18,EURUSD,1h,2021-05-05T13:29:00,1.19932,1.19861,1.21445,achat,1.21445,1.19861,1.23 1.228 1.226 1.224 1.222 1.22 1.218 1.212 1.21 1.208 1.206 1.204 1.202 1.19932 1.196 1.194 1.192 1.19 1.188 1.186
ChatExport_2026-10-01/photos/photo_1282@05-05-2021_13-30-18.jpg,3916,2021-05-05T13:30:18,,,,,,,,,,1.2075
ChatExport_2026-10-01/photos/photo_1283@05-05-2021_13-30-18.jpg,3917,2021-05-05T13:30:18,,,,,,,,,,1.1559 1.199
assets/tradingview/2021-05/2021-05-05_13h50_msg3920_1evOFII1.png,3920,2021-05-05T13:50:22,GBPNZD,1D,2021-05-05T13:40:00,,,,,,,2.2 2.18 2.16 2.14 2.12 2.1 2.08 2.06 2.04 2.02 2.0 1.96 1.94 1.9317 1.9 1.88 1.86 1.84 1.82 1.8
assets/tradingview/2021-05/2021-05-05_13h50_msg3921_GGp47gTV.png,3921,2021-05-05T13:50:22,GBPNZD,4h,2021-05-05T13:41:00,,,,,,,1.985 1.975 1.97 1.965 1.96 1.955 1.95 1.945 1.94 1.935 1.925 1.92 1.915 1.91 1.905 1.9 1.895 1.89
assets/tradingview/2021-05/2021-05-05_13h50_msg3922_8xBUzTkj.png,3922,2021-05-05T13:50:22,GBPNZD,1h,2021-05-05T13:42:00,,,,,,,1.985 1.93125 1.975 1.97 1.965 1.96 1.955 1.95 1.945 1.94 1.935 1.925 1.92 1.915 1.91 1.905 1.9
assets/tradingview/2021-05/2021-05-05_13h50_msg3923_f49MjFsy.png,3923,2021-05-05T13:50:22,GBPNZD,15,2021-05-05T13:44:00,,,,,,,1.93042 1.918 1.964 1.962 1.96 1.958 1.956 1.954 1.952 1.95 1.948 1.946 1.944 1.942 1.94 1.938 1.936 1.934 1.932 1.928 1.926 1.924 1.922 1.92 1.916 1.914
assets/tradingview/2021-05/2021-05-05_13h50_msg3924_6Kmgyjgr.png,3924,2021-05-05T13:50:22,GBPNZD,3,2021-05-05T13:45:00,,,,,,,1.949 1.948 1.947 1.946 1.945 1.944 1.943 1.942 1.941 1.94 1.939 1.938 1.937 1.936
assets/tradingview/2021-05/2021-05-05_13h50_msg3925_KpZ7bhvf.png,3925,2021-05-05T13:50:22,GBPNZD,2,2021-05-05T13:48:00,,,,,,,1.947 1.94248 1.942 1.941 1.94 1.939 1.93 1.946 1.945 1.944 1.938 1.937 1.936 1.935 1.934 1.933 1.932
assets/tradingview/2021-05/2021-05-05_13h50_msg3926_9MWhKcfz.png,3926,2021-05-05T13:50:22,GBPNZD,2,2021-05-05T13:48:00,,,,,1.91714,1.94318,1.95206 1.95 1.948 1.946 1.94 1.94248 1.914 1.912 1.952 1.938 1.936 1.934 1.932 1.928 1.926 1.924 1.922 1.92 1.918
assets/tradingview/2021-05/2021-05-05_13h53_msg3930_qPDNdHaA.png,3930,2021-05-05T13:53:27,EURJPY,,,131.442,131.463,131.13,vente,131.48 131.13,131.463,131.7 131.65 131.6 131.55 131.442 131.3 131.25 131.2 131.05 130.95 130.9 130.85 130.8
assets/tradingview/2021-05/2021-05-05_14h01_msg3932_FR35tWfW.png,3932,2021-05-05T14:01:40,EURUSD,5,2021-05-05T14:01:00,,,,,,,1.19932 1.199 1.1975 1.1965 1.206 1.2055 1.205 1.2045 1.204 1.2035 1.203 1.2025 1.202 1.2015 1.201 1.2005 1.2 1.198 1.197
assets/tradingview/2021-05/2021-05-06_12h57_msg3935_FOWzNQQU.png,3935,2021-05-06T12:57:55,EURUSD,5,,,,,,,,1.207 1.2065 1.2055 1.1995 1.199 1.198 1.1975 1.2075 1.205 1.2045 1.204 1.2035 1.203 1.2025 1.202 1.2015 1.201 1.2005 1.2
assets/tradingview/2021-05/2021-05-06_13h03_msg3939_6fPey5ne.png,3939,2021-05-06T13:03:32,NZDUSD,4h,2021-05-06T04:39:00,,,,,,,0.75 0.745 0.74 0.735 0.73 0.725 0.715 0.71 0.705 0.7 0.695 0.69
assets/tradingview/2021-05/2021-05-06_13h03_msg3940_53fMOOEf.png,3940,2021-05-06T13:03:32,NZDUSD,1h,2021-05-06T04:41:00,,,,,,,0.732 0.73 0.728 0.726 0.724 0.722 0.718 0.716 0.714 0.712 0.71
assets/tradingview/2021-05/2021-05-06_13h03_msg3941_0IyRysnj.png,3941,2021-05-06T13:03:32,NZDUSD,5,2021-05-06T04:43:00,,,,,,,0.723 0.7225 0.722 0.7215 0.721 0.72 0.7195 0.719 0.7185 0.718 0.7175 0.717 0.7255
assets/tradingview/2021-05/2021-05-06_13h03_msg3942_Hd0rVeME.png,3942,2021-05-06T13:03:32,NZDUSD,15,2021-05-06T12:55:00,,,,,,0.72289,0.722 0.7215 0.721 0.7205 0.7155 0.7255 0.725 0.7245 0.724 0.7235 0.72239 0.7195 0.719 0.7185 0.718 0.7175 0.717 0.7165 0.716
assets/tradingview/2021-05/2021-05-06_13h34_msg3945_3IqRinOy.png,3945,2021-05-06T13:34:35,AUDCAD,,2021-04-29T21:35:00,0.96806,0.9701,0.95432,vente,0.95432,0.9701,0.975 0.965 0.96 0.95 0.96806
assets/tradingview/2021-05/2021-05-06_13h34_msg3946_BsSAoqQB.png,3946,2021-05-06T13:34:49,AUDCAD,5,2021-05-06T13:30:00,,,,,,,0.972 0.944
assets/tradingview/2021-05/2021-05-07_04h39_msg3951_E3rAfN85.png,3951,2021-05-07T04:39:23,NZDUSD,5,2021-05-07T04:39:00,,,,,,0.72289,0.725 0.724 0.722 0.721 0.72 0.719 0.718 0.717 0.716 0.715 0.72239
assets/tradingview/2021-05/2021-05-07_04h40_msg3953_TQNnAAOY.png,3953,2021-05-07T04:40:50,GBPNZD,,2021-05-07T04:40:00,,,,,1.91763,1.94318,1.95 1.945 1.94 1.935 1.93 1.925 1.92 1.915 1.91 1.94248
assets/tradingview/2021-05/2021-05-08_04h54_msg3968_WBXOMKYB.png,3968,2021-05-08T04:54:12,EURUSD,15,2021-05-08T04:49:00,,,,,1.21438,,1.218 1.217 1.215 1.213 1.2 1.198 1.212 1.211 1.21 1.209 1.208 1.207 1.206 1.205 1.204 1.203 1.202 1.201 1.197
ChatExport_2026-10-01/photos/photo_1290@10-05-2021_17-07-45.jpg,3976,2021-05-10T17:07:45,EURGBP,45,2021-05-09T13:05:00,,,,,,,0.874 0.868 0.866 0.864 0.862 0.86 0.858 0.856 0.87039
ChatExport_2026-10-01/photos/photo_1291@10-05-2021_17-08-15.jpg,3977,2021-05-10T17:08:15,EURGBP,1h,2021-05-10T18:14:00,,,,,,,0.873 0.872 0.869 0.868 0.867 0.866 0.865 0.864 0.863 0.862 0.858 0.857 0.856 0.855
ChatExport_2026-10-01/photos/photo_1292@10-05-2021_17-13-17.jpg,3980,2021-05-10T17:13:17,GBPCHF,,,,,,,,,
assets/tradingview/2021-05/2021-05-11_13h48_msg3991_DyP91uUQ.png,3991,2021-05-11T13:48:50,AUDCAD,15,2021-05-11T13:48:00,0.94749,0.94689,0.94816,achat,0.94816 0.9556,0.94689,0.956 0.955 0.954 0.953 0.952 0.951 0.95 0.949 0.94749 0.946 0.945 0.944
ChatExport_2026-10-01/photos/photo_1293@13-05-2021_16-10-51.jpg,3996,2021-05-13T16:10:51,,1D,,,,,,,,64000.0 36000.0 24000.0 8000.0
assets/tradingview/2021-05/2021-05-13_16h24_msg4002_QthXJbMm.png,4002,2021-05-13T16:24:40,AUDCAD,15,2021-05-13T16:24:00,0.94782,0.94718,0.95593,achat,0.95593,0.94718,0.957 0.955 0.954 0.953 0.952 0.951 0.95 0.949 0.946 0.945 0.944 0.943 0.942 0.941 0.94 0.939 0.937 0.936 0.935 0.934 0.933 0.932 0.94782
assets/tradingview/2021-05/2021-05-15_10h01_msg4020_tydUA2mq.png,4020,2021-05-15T10:01:52,EURUSD,1h,2021-05-15T10:01:00,,,,,,,1.222 1.22 1.218 1.216 1.212 1.21 1.208 1.206 1.204 1.202 1.2 1.198 1.196 1.194 1.192 1.19 1.188 1.186 1.184 1.182 1.18 1.178 1.176 1.174 1.172 1.17
assets/tradingview/2021-05/2021-05-18_09h10_msg4033_c5buDBIi.png,4033,2021-05-18T09:10:14,EURCHF,,2021-05-18T08:05:00,,,,,,,1.102 1.101 1.1 1.099 1.098 1.097 1.096 1.094 1.093 1.092
assets/tradingview/2021-05/2021-05-19_03h56_msg4036_kdscuJGZ.png,4036,2021-05-19T03:56:27,,1D,2021-05-19T03:56:00,,,,,,,70000.0 68000.0 66000.0 64000.0 62000.0 60000.0 58000.0 56000.0 54000.0 52000.0 50000.0 48000.0 46000.0 44000.0 42000.0 38000.0 36000.0 34000.0 32000.0 30000.0 28000.0 26000.0 24000.0 22000.0 20000.0 8000.0 6000.0 4000.0 2000.0 18000.0 16000.0 14000.0 12000.0 10000.0
assets/tradingview/2021-05/2021-05-19_08h16_msg4040_kDu26BpR.png,4040,2021-05-19T08:16:04,EURCHF,,2021-05-19T08:15:00,,,,,,,1.102 1.101 1.099 1.098 1.097 1.096 1.095 1.094 1.093
ChatExport_2026-10-01/photos/photo_1298@20-05-2021_23-54-57.jpg,4045,2021-05-20T23:54:57,EURJPY,,,,,,,,,
ChatExport_2026-10-01/photos/photo_1299@20-05-2021_23-54-57.jpg,4046,2021-05-20T23:54:57,,,,,,,,,,5.21 5.2 5.18
ChatExport_2026-10-01/photos/photo_1304@03-06-2021_19-46-26.jpg,4069,2021-06-03T19:46:26,NZDUSD,,,,,,,,,5.31 6.02 6.03 16.02 16.03 999.91 0.0
assets/tradingview/2021-06/2021-06-14_17h49_msg4125_3CL9ZNpX.png,4125,2021-06-14T17:49:33,USDCAD,4h,2021-06-14T17:49:00,,,,,,,1.234 1.232 1.23 1.228 1.226 1.224 1.222 1.22 1.218 1.216 1.212 1.21 1.208 1.206 1.204 1.202 1.198 1.196 1.194 1.192 1.19
assets/tradingview/2021-06/2021-06-14_17h53_msg4126_2VEju7sl.png,4126,2021-06-14T17:53:52,USDCAD,1h,2021-06-14T17:53:00,,,,,,1.214,1.213 1.212 1.211 1.209 1.201 1.199 1.226 1.225 1.224 1.223 1.222 1.221 1.22 1.219 1.218 1.217 1.216 1.215 1.208 1.207 1.206 1.205 1.204 1.203 1.202
assets/tradingview/2021-06/2021-06-16_18h28_msg4130_6Tns7Erh.png,4130,2021-06-16T18:28:05,USDCAD,1h,2021-06-16T18:27:00,,,,,,,1.22 1.218 1.216 1.214 1.212 1.208 1.206 1.204 1.202 1.198 1.238 1.236 1.234 1.232 1.23 1.228 1.226 1.224
assets/tradingview/2021-06/2021-06-16_19h04_msg4133_BEjyeeOK.png,4133,2021-06-16T19:04:19,EURJPY,1h,2021-06-16T19:02:00,,,,,132.697,132.759,134.4 134.2 133.8 133.4 133.2 133.0 32.6 32.4 32.2 32.0 30.8
assets/tradingview/2021-06/2021-06-16_19h08_msg4134_Sqqu6xe2.png,4134,2021-06-16T19:08:47,EURJPY,5,2021-06-16T19:08:00,133.576,133.617,132.85,vente,132.85,133.617,33.75 33.7 33.65 33.6 33.55 33.5 33.25 33.2 33.1 33.05 33.0 32.95 32.9 132.8 132.75 133.75 133.7 133.65 133.6 133.576 133.55 133.5 133.45 133.4 133.35 133.3 133.25 133.2 133.15 133.1 133.05 133.0 132.95 132.9
assets/tradingview/2021-06/2021-06-16_19h25_msg4137_k3VXNOqU.png,4137,2021-06-16T19:25:13,GBPUSD,1h,2021-06-16T19:24:00,,,,,1.40159,1.4,1.38
assets/tradingview/2021-06/2021-06-16_19h26_msg4138_NxBNe1fJ.png,4138,2021-06-16T19:26:19,GBPUSD,4h,2021-06-16T19:26:00,,,,,,1.40171 1.4,1.43 1.428 1.426 1.424 1.422 1.42 1.418 1.416 1.414 1.412 1.41 1.408 1.406 1.404 1.398 1.396 1.394 1.392 1.39 1.388 1.386 1.384 1.382 1.38 1.378 1.376 1.374 1.372 1.37 1.368 1.366 1.364 1.362
assets/tradingview/2021-06/2021-06-16_19h29_msg4143_SGEEE1Jr.png,4143,2021-06-16T19:29:56,GBPUSD,1h,2021-06-16T19:29:00,,,,,1.4012,1.4,1.402
assets/tradingview/2021-06/2021-06-17_12h42_msg4148_H9cBpLyh.png,4148,2021-06-17T12:42:26,GBPNZD,5,,1.98498,1.98599,1.96867,vente,1.99071 1.96867 1.96856,1.98599 1.985 1.9828,1.992 1.989 1.988 1.984 1.987 1.98498 1.98182 1.981 1.98 1.979 1.978 1.977 1.976 1.975 1.974 1.973 1.972 1.971 1.97 1.967 1.966 1.965 1.964 1.963 1.962 1.961 1.96
ChatExport_2026-10-01/photos/photo_1313@17-06-2021_14-24-29.jpg,4156,2021-06-17T14:24:29,GBPCAD,,,,,,,,,1.71795 1.7169 11.72075 11.7204 11.72005 4.7197 11.7183 11.7176 11.71725 4.71655 4.7162 11.71585
assets/tradingview/2021-06/2021-06-17_23h08_msg4158_qbcla98E.png,4158,2021-06-17T23:08:58,GBPCAD,1,2021-06-17T23:08:00,,,,,4.72629 4.72557,1.71714 1.71601 4.715,1.7265 1.727 1.726 1.725 1.7245 1.724 1.7235 1.723 1.7225 1.722 1.7215 1.721 1.7205 1.719 1.7185 1.71794 1.7175 1.7165 1.7155 1.7145 1.714 1.7135 1.713 1.7125 1.712 1.7115 1.711 1.7105
ChatExport_2026-10-01/photos/photo_1314@17-06-2021_23-12-28.jpg,4161,2021-06-17T23:12:28,GBPCAD,,,,,,,,,1.7205 1.7202 1.7199 1.7196 14.7199
ChatExport_2026-10-01/photos/photo_1316@17-06-2021_23-15-28.jpg,4163,2021-06-17T23:15:28,,,,,,,,,,396.47 722.56 227.24 495.32 398.42
assets/tradingview/2021-06/2021-06-18_11h08_msg4164_J4yC1LD8.png,4164,2021-06-18T11:08:40,USDCAD,1h,,,,,,,,1.21 1.205 1.195 1.19 1.26 1.255 1.25 1.245 1.24 1.235 1.23 1.225 1.22 1.215
assets/tradingview/2021-06/2021-06-21_16h30_msg4176_TQX5aiZe.png,4176,2021-06-21T16:30:44,EURUSD,4h,,1.18516,1.18466,1.19175,achat,1.19175 1.19114,1.18466 1.18457 1.18346,1.18516 1.238 1.236 1.234 1.232 1.23 1.228 1.226 1.224 1.222 1.22 1.218 1.216 1.214 1.212 1.21 1.208 1.206 1.204 1.202 1.2 1.198 1.196 1.194 1.188 1.186 1.18 1.178 1.176 1.174 1.172
assets/tradingview/2021-06/2021-06-21_16h32_msg4177_VEYDbE55.png,4177,2021-06-21T16:32:06,EURUSD,5,,1.18516,1.18466,1.19249,achat,1.19249,1.19246 1.18466 1.18457 1.18346,1.192 1.184 1.183 1.1825 1.182 1.195 1.1945 1.194 1.1935 1.193 1.191 1.1905 1.19 1.1895 1.189 1.1885 1.188 1.1875 1.187 1.1865 1.186 1.1855 1.18516
assets/tradingview/2021-06/2021-06-22_10h17_msg4181_LovlwEks.png,4181,2021-06-22T10:17:20,USDJPY,4,,,,,,110.423,,110.8 110.75 110.7 110.65 110.6 110.55 110.434 110.35 110.3 110.25 110.2 110.15 110.1 110.05 110.0 109.95 109.9 109.85 109.8 109.75 109.7 109.65 109.6 109.55 109.5 109.45
assets/tradingview/2021-06/2021-06-25_03h57_msg4189_3VUbPAA8.png,4189,2021-06-25T03:57:14,EURUSD,1h,2021-06-25T03:57:00,1.19282,1.19247,1.19404,achat,1.19404,1.19247,1.19282 1.19277 1.188 1.186 1.184
assets/tradingview/2021-06/2021-06-25_03h58_msg4190_7Jnsn9yl.png,4190,2021-06-25T03:58:33,EURUSD,,2021-06-25T03:58:00,1.19282,1.19247,1.1956,achat,1.1956,1.19247,1.195 1.1945 1.1935 1.193 1.19282 1.19277 1.192
ChatExport_2026-10-01/photos/photo_1319@25-06-2021_04-01-23.jpg,4191,2021-06-25T04:01:23,EURUSD,,,,,,,,,1.19455 1.1944 1.19425 1.1941 1.19395 11.1944 14.19425 11.1938 1.19365 1.1935 1.19335 11.1932 4.19305
ChatExport_2026-10-01/photos/photo_1320@25-06-2021_13-05-51.jpg,4192,2021-06-25T13:05:51,EURUSD,,,,,,,,,1.1958 11.1964 11.1958 11.1955 11.1952 11.1949 11.1946 1.1943 11.194 4.1937 11.1934 11.1931 11.1925 14.1922
assets/tradingview/2021-06/2021-06-28_14h07_msg4194_6Swb1oau.png,4194,2021-06-28T14:07:35,NZDUSD,15,2021-06-28T01:46:00,0.70919,0.70969,0.70018,vente,0.70018,0.70969 0.69994,0.716 0.714 0.712 0.708 0.704 0.702 0.698 0.696 0.694 0.692 0.70919
assets/tradingview/2021-06/2021-06-28_14h07_msg4195_0KgcKDKM.png,4195,2021-06-28T14:07:35,NZDUSD,2,2021-06-28T01:48:00,,,,,,0.70962,0.7105 0.71 0.709 0.7085 0.708 0.7075 0.707 0.706
assets/tradingview/2021-06/2021-06-28_14h07_msg4196_ASIzwcMb.png,4196,2021-06-28T14:07:35,NZDUSD,2,2021-06-28T14:03:00,0.70924,0.70964,0.70354,vente,0.70354,0.70964 0.70906,0.71 0.708 0.7075 0.707 0.7065 0.706 0.7055 0.705 0.704 0.703 0.70924 0.70856
ChatExport_2026-10-01/photos/photo_1321@30-06-2021_11-09-43.jpg,4201,2021-06-30T11:09:43,,,,,,,,,,
assets/tradingview/2021-06/2021-06-30_11h09_msg4202_Yzofql0e.png,4202,2021-06-30T11:09:45,EURNZD,5,2021-06-30T11:09:00,,,,,,1.70483,1.703 1.702 1.7 1.699 1.698 1.697 1.696 1.695 1.694
assets/tradingview/2021-06/2021-06-30_12h24_msg4204_yPWwcG74.png,4204,2021-06-30T12:24:19,NZDUSD,5,2021-06-30T12:24:00,0.70924,0.70964,0.69834,vente,0.69834 0.69759,0.70964 0.70906 0.698,0.70924 0.70856 0.708 0.707 0.706 0.705 0.704 0.703 0.702 0.701 0.7 0.699
assets/tradingview/2021-06/2021-06-30_18h32_msg4207_oZpmRbAM.png,4207,2021-06-30T18:32:42,EURNZD,5,2021-06-30T18:32:00,,,,,,1.69679 1.70483,1.70383 1.703 1.702 1.701 1.7 1.699 1.698 1.696 1.695 1.694 1.693 1.691 1.69
ChatExport_2026-10-01/photos/photo_1322@30-06-2021_18-34-15.jpg,4210,2021-06-30T18:34:15,,,,,,,,,,
assets/tradingview/2021-06/2021-06-30_18h35_msg4212_7MqnIDmM.png,4212,2021-06-30T18:35:38,EURJPY,4,2021-06-30T18:35:00,131.315,131.261,132.151,achat,132.151,131.649 131.261,132.2 132.1 132.0 131.9 131.8 131.7 131.5 131.4 131.2 131.1 131.315
ChatExport_2026-10-01/photos/photo_1323@30-06-2021_18-42-07.jpg,4215,2021-06-30T18:42:07,,,,,,,,,,0.0
ChatExport_2026-10-01/photos/photo_1324@30-06-2021_18-45-28.jpg,4216,2021-06-30T18:45:28,,,,,,,,,,
assets/tradingview/2021-07/2021-07-01_17h31_msg4222_k40gWhNU.png,4222,2021-07-01T17:31:19,USDCAD,3,2021-07-01T17:30:00,,,,,1.24337,1.2432,1.242 1.241 1.24 1.239 1.238 1.237 1.236 1.235 1.234 1.233
assets/tradingview/2021-07/2021-07-06_10h18_msg4230_JoR9EUxH.png,4230,2021-07-06T10:18:13,EURNZD,15,2021-07-06T10:17:00,,,,,1.67035,1.67116,1.70382
ChatExport_2026-10-01/photos/photo_1325@06-07-2021_10-21-38.jpg,4233,2021-07-06T10:21:38,,,,,,,,,,
assets/tradingview/2021-07/2021-07-06_13h13_msg4235_Yp1ZY64Z.png,4235,2021-07-06T13:13:45,GBPCHF,5,2021-07-06T13:13:00,,,,,,,1.2825 1.2815 1.28074 1.2805 1.28 1.279 1.2785 1.278 1.2775 1.277 1.2765 1.276 4.2755 4.275 1.2745 1.274 1.2735 1.273 4.2725 1.272 1.2715 4.271 1.2705 4.27 1.2695 1.269
assets/tradingview/2021-07/2021-07-06_13h15_msg4237_nheLjJl8.png,4237,2021-07-06T13:15:26,GBPCHF,1h,2021-07-06T13:15:00,1.28074,1.28204,1.26532,vente,1.26532,1.28204,1.28 1.287 1.286 1.285 1.284 1.283 1.28074 1.278 1.277 1.276 1.275 1.274 1.273 1.272 1.271 1.27 1.269 1.268 1.267 1.266 1.264 1.263 1.262
assets/tradingview/2021-07/2021-07-06_14h54_msg4239_PNvTl9S3.png,4239,2021-07-06T14:54:35,GBPCHF,5,2021-07-06T14:54:00,,,,,1.27644,,1.2815 1.28074 1.2805 1.28 1.2795 1.279 1.278 1.277 1.276 1.2785 1.2775 1.2755 1.275 1.2745 1.274 1.2735 1.273 1.2725 1.272 1.2715
assets/tradingview/2021-07/2021-07-07_01h08_msg4247_P4r6Zf8d.png,4247,2021-07-07T01:08:14,GBPCHF,15,2021-07-07T01:07:00,1.28075,1.28195,1.27591,vente,1.27591 1.27116,1.28195,1.287 1.2865 1.286 1.2855 1.285 1.2845 1.284 1.2835 1.283 1.2825 1.2815 1.28075 1.28074 1.2805 1.28 1.2795 1.279 1.2785 1.278 1.2775 1.277 1.2765 1.275 1.2745 1.274 1.2735 1.273 1.2725 1.272 1.2715 1.2705 1.27
assets/tradingview/2021-07/2021-07-07_13h32_msg4258_6kEsqUuF.png,4258,2021-07-07T13:32:13,USDJPY,1h,2021-07-07T13:32:00,110.536,110.496,111.641,achat,111.641,110.496,111.5 111.0 110.0 109.5 109.0 108.5 110.536
assets/tradingview/2021-07/2021-07-07_13h32_msg4259_jbJmkecO.png,4259,2021-07-07T13:32:39,USDJPY,15,2021-07-07T13:32:00,110.536,110.496,111.641,achat,111.641,110.496,111.7 111.6 111.5 111.4 111.3 111.2 111.1 111.0 110.9 110.7 110.6 110.4 110.3 110.536
assets/tradingview/2021-07/2021-07-07_13h33_msg4260_16qqsMX3.png,4260,2021-07-07T13:33:02,USDJPY,2,2021-07-07T13:32:00,110.536,110.496,110.793,achat,110.793,110.496,110.64 110.82 110.76 110.74 110.72 110.7 110.68 110.66 110.62 110.6 110.58 110.56 110.536 110.52 110.48 110.46
ChatExport_2026-10-01/photos/photo_1326@07-07-2021_13-35-02.jpg,4261,2021-07-07T13:35:02,USDJPY,,,,,,,,,110.74 110.71 110.68 110.65 110.62 110.59 110.56 110.53 110.5 110.47 110.44 110.41 1110.8 1110.65 1110.62 1110.59 1410.56 1110.5 1110.47 1110.44 1110.41
assets/tradingview/2021-07/2021-07-08_07h00_msg4268_q5ezfXEI.png,4268,2021-07-08T07:00:13,EURGBP,3,2021-07-08T01:59:00,0.8575,0.85668,0.8584,achat,0.8584,0.85668 0.85416,0.8595 0.859 0.8585 0.858 0.8575 0.857 0.856 0.8555 0.855 0.8545 0.854 0.8535 0.853 0.8525 0.852 0.8515 0.8547
ChatExport_2026-10-01/photos/photo_1327@08-07-2021_07-01-05.jpg,4269,2021-07-08T07:01:05,EURGBP,,,,,,,,,
assets/tradingview/2021-07/2021-07-08_07h18_msg4273_QEVfwXlV.png,4273,2021-07-08T07:18:33,USDCAD,1h,2021-07-08T07:18:00,,,,,1.26161,1.23016,1.175 1.295 1.29 1.285 1.28 1.275 1.27 1.265 1.26 1.25 1.245 1.24 1.235 1.23117 1.225 1.22 1.215 1.21 1.205 1.2 1.195 1.19 1.185 1.18
assets/tradingview/2021-07/2021-07-08_08h03_msg4275_VfaZISm5.png,4275,2021-07-08T08:03:32,GBPCHF,1h,2021-07-08T08:02:00,1.28075,1.28195,1.26295,vente,1.26295,1.28195,1.262 1.261 1.26 1.259 1.258 1.291 1.29 1.289 1.288 1.287 1.286 1.285 1.284 1.283 1.28075 1.28 1.279 1.278 1.277 1.276 1.275 1.274 1.273 1.272 1.271 1.27 1.269 1.268 1.266 1.265 1.264
assets/tradingview/2021-07/2021-07-08_08h18_msg4282_O65om8kx.png,4282,2021-07-08T08:18:27,XAUUSD,1h,2021-07-08T08:18:00,,,,,7.795,,222.099 828.0 824.0 820.0 16.0 12.0 804.0 800.0 796.0 792.0 788.0 784.0 780.0 776.0 772.0 768.0 764.0 760.0 756.0 752.0 748.0 744.0 740.0 736.0 732.0 728.0 1828.0 1824.0 1820.0 1816.0 1812.0 1804.0 1800.0 1796.0 1792.0 1788.0 1784.0 1780.0 1776.0 1772.0 1768.0 1764.0 1760.0 1756.0 1752.0 1748.0 1744.0 1740.0 1736.0 1732.0 1728.0
assets/tradingview/2021-07/2021-07-08_08h19_msg4285_kECIEKQR.png,4285,2021-07-08T08:19:30,EURJPY,1h,2021-07-08T08:18:00,,,,,,,33.6 33.4 33.2 33.0 32.8 32.6 32.2 32.0 30.8 30.6 30.206 30.0 29.6 29.2 29.0 28.8 28.6 28.4 133.6 133.4 133.2 133.0 132.8 132.6 132.4 132.2 132.0 131.8 131.6 131.4 131.2 131.0 130.8 130.6 130.4 130.2 130.0 129.6 129.4 129.2 129.0 128.8 128.6 128.4
assets/tradingview/2021-07/2021-07-08_08h20_msg4286_Y5BQAcT1.png,4286,2021-07-08T08:20:07,GBPJPY,1h,2021-07-08T08:19:00,153.157,153.127,153.899,achat,153.899 153.492 151.224,153.127 152.61 151.604,54.2 54.0 53.8 53.6 3.4 153.0 152.8 52.4 52.2 52.0 51.8 51.0 50.8 50.6 50.4 30.2 154.4 154.2 154.0 153.8 153.6 153.4 153.157 152.69 152.4 152.2 152.0 151.8 151.563 151.0 150.8 150.6 150.4 0.2
assets/tradingview/2021-07/2021-07-08_08h20_msg4287_ko3dRsFc.png,4287,2021-07-08T08:20:26,USDJPY,1h,2021-07-08T08:20:00,110.554,110.496,110.612,achat,110.612,110.496,11.4 10.9 10.8 110.598 110.554 110.539 110.3 10.1 10.0 9.8 9.7 9.6 9.5 9.4 9.3 9.2
assets/tradingview/2021-07/2021-07-08_08h21_msg4288_QrTYCQMX.png,4288,2021-07-08T08:21:02,CADJPY,1h,2021-07-08T08:20:00,,,,,87.519,,92.8 92.6 92.4 92.2 92.0 90.8 90.6 90.4 90.2 90.0 89.8 89.6 89.4 89.2 89.0 88.8 88.6 88.4 88.2 88.0 87.8 87.6 87.2 87.0 86.8 86.6 86.4 86.2 86.0 85.8 91.8 91.6 91.4 91.2 91.0
assets/tradingview/2021-07/2021-07-08_18h07_msg4290_FqC6YhBE.png,4290,2021-07-08T18:07:01,GBPCHF,1h,2021-07-08T18:06:00,1.28075,1.28195,1.25671,vente,1.25671,1.28195,1.292 1.29 1.288 1.286 1.284 1.28075 1.28 1.278 1.276 1.274 1.272 1.27 1.268 1.266 1.264 1.26 1.258 1.256 1.254 1.252 1.25 1.248
ChatExport_2026-10-01/photos/photo_1328@09-07-2021_13-46-34.jpg,4301,2021-07-09T13:46:34,,,,,,,,,,
ChatExport_2026-10-01/photos/photo_1329@09-07-2021_13-46-52.jpg,4302,2021-07-09T13:46:52,,,,,,,,,,
assets/tradingview/2021-07/2021-07-12_10h21_msg4308_uiDVaaWy.png,4308,2021-07-12T10:21:24,EURJPY,15,2021-07-12T10:21:00,,,,,,,130.95 130.9 130.85 130.8 130.779 130.75 130.7 130.65 130.6 130.55 130.45 130.4 130.35 130.3 130.25 130.2 130.15 130.1 130.05 130.0 129.95 129.9 129.85
ChatExport_2026-10-01/photos/photo_1330@12-07-2021_13-48-50.jpg,4310,2021-07-12T13:48:50,,,,,,,,,,131.15 131.05 131.0 130.95 130.898 30.8 130.75 130.7 130.65 130.6 130.55 130.5 30.45 30.4 130.35 130.3 30.25 130.2 131.1 130.8 130.45 130.4 130.25
ChatExport_2026-10-01/photos/photo_1331@13-07-2021_11-33-19.jpg,4314,2021-07-13T11:33:19,,,,,,,,0.85763,,0.8595 0.859 0.8585 0.858 0.857 0.8565 0.856 0.8555 0.8545 0.853 0.8525 0.852 0.8515 0.85522 0.854
ChatExport_2026-10-01/photos/photo_1332@13-07-2021_11-33-36.jpg,4315,2021-07-13T11:33:36,EURGBP,,,,,,,,,0.8594 0.859 0.8586 0.8582 0.8578 0.8574 0.857 0.8566 0.8562 0.8558 10.8594 10.859 10.8582 10.8578 10.8574 10.8566 10.8562 10.8558 10.8554 0.20021 10.8538
assets/tradingview/2021-07/2021-07-13_12h36_msg4317_TOhzYXIv.png,4317,2021-07-13T12:36:12,EURNZD,5,,1.69486,1.69382,1.70306,achat,1.70306,1.70521 1.69382,1.70249 1.69486 1.708 1.707 1.706 1.70418 1.701 1.7 1.699 1.698 1.697 1.696 1.693 1.692 1.691 1.69 1.689 1.688 1.687 1.686
ChatExport_2026-10-01/photos/photo_1333@13-07-2021_12-37-29.jpg,4319,2021-07-13T12:37:29,,,,,,,,,,
assets/tradingview/2021-07/2021-07-13_12h39_msg4320_8232CdQV.png,4320,2021-07-13T12:39:22,EURGBP,5,2021-07-13T12:39:00,0.85544,0.8536,0.85763,achat,0.85763,0.8536,0.858 0.8575 0.857 0.8565 0.856 0.85544 0.855 0.8545 0.853 0.8525 0.852 0.8515 0.851 0.8505 0.85 0.8495 0.854 0.8935
ChatExport_2026-10-01/photos/photo_1334@13-07-2021_15-37-42.jpg,4322,2021-07-13T15:37:42,,,,,,,,,,789.08 890.54
ChatExport_2026-10-01/photos/photo_1335@16-07-2021_13-03-13.jpg,4330,2021-07-16T13:03:13,,,,,,,,,,932.49 0.0
ChatExport_2026-10-01/photos/photo_1336@16-07-2021_13-03-32.jpg,4331,2021-07-16T13:03:32,,,,,,,,,,
ChatExport_2026-10-01/photos/photo_1337@20-07-2021_13-21-58.jpg,4335,2021-07-20T13:21:58,,,,,,,,,,
ChatExport_2026-10-01/photos/photo_1339@30-07-2021_17-36-24.jpg,4341,2021-07-30T17:36:24,,,,,,,,1.26812,,1.278 1.276 1.274 1.27172 1.27 1.266 1.264 1.25961 1.25783 1.256 1.252 1.26235 1.254 1.25
ChatExport_2026-10-01/photos/photo_1340@30-07-2021_17-37-56.jpg,4345,2021-07-30T17:37:56,,,,,,,,0.861,,0.862 0.86 0.858 0.856 0.854 0.85346 0.852 0.848 0.846 0.844 0.85091
ChatExport_2026-10-01/photos/photo_1341@30-07-2021_17-38-49.jpg,4346,2021-07-30T17:38:49,EURGBP,,,,,,,,,0.8554 0.855 0.8546 0.8542 0.8538 0.8526 0.8522 0.8518 0.8514 0.851 0.8506 0.8502 10.8502
ChatExport_2026-10-01/photos/photo_1342@02-08-2021_15-58-34.jpg,4347,2021-08-02T15:58:34,,,,,,,,,,719.5
ChatExport_2026-10-01/photos/photo_1343@12-08-2021_19-25-54.jpg,4359,2021-08-12T19:25:54,,,,,,,,,,8.1 8.11 27.18 0.0
ChatExport_2026-10-01/photos/photo_1345@12-08-2021_20-26-14.jpg,4365,2021-08-12T20:26:14,EURUSD,,,,,,,,,8.1 8.11 612.07 0.0
ChatExport_2026-10-01/photos/photo_1347@13-08-2021_14-30-28.jpg,4369,2021-08-13T14:30:28,EURJPY,,,,,,,,,8.12 8.13 509.21 0.0
ChatExport_2026-10-01/photos/photo_1349@16-08-2021_15-28-56.jpg,4383,2021-08-16T15:28:56,US30,,,,,,,,,8.16
assets/tradingview/2021-08/2021-08-16_15h29_msg4384_Ct45gCvA.png,4384,2021-08-16T15:29:03,,,,,,,,,,
ChatExport_2026-10-01/photos/photo_1350@18-08-2021_15-48-07.jpg,4391,2021-08-18T15:48:07,,,,,,,,,,
ChatExport_2026-10-01/photos/photo_1351@23-08-2021_00-47-21.jpg,4397,2021-08-23T00:47:21,,,,,,,,,,8.06 8.19 8.18
ChatExport_2026-10-01/photos/photo_1352@23-08-2021_00-47-32.jpg,4398,2021-08-23T00:47:32,,,,,,,,,,
ChatExport_2026-10-01/photos/photo_1353@23-08-2021_12-58-50.jpg,4402,2021-08-23T12:58:50,,,,,,,,,,
assets/tradingview/2021-08/2021-08-23_14h57_msg4406_mIuuqtDV.png,4406,2021-08-23T14:57:58,GBPUSD,4h,2021-08-23T14:57:00,1.36083,1.36007,1.37528,achat,1.37528,1.36007,1.37181 1.365 1.435 1.43 1.425 1.42 1.415 1.41 1.405 1.4 1.395 1.39 1.385 1.38 1.36083 1.355 1.35 1.345 1.34 1.335 1.33 1.325 1.32 1.315 1.31 1.305
assets/tradingview/2021-08/2021-08-23_14h58_msg4407_DtUxN3EA.png,4407,2021-08-23T14:58:36,GBPUSD,1h,,1.36083,1.36007,1.37153,achat,1.37153,1.36007,1.37182 1.358 1.398 1.396 1.394 1.392 1.39 1.388 1.386 1.384 1.382 1.38 1.378 1.376 1.374 1.37 1.368 1.366 1.364 1.362 1.36083
assets/tradingview/2021-08/2021-08-23_15h01_msg4408_woY2QzAm.png,4408,2021-08-23T15:01:02,GBPUSD,5,,1.36091,1.36,1.37153,achat,1.37153,1.36,1.3735 1.373 1.3725 4.37191 1.371 1.3705 1.37 1.3695 1.369 1.3685 1.368 1.3675 1.367 1.3665 1.366 1.3655 1.365 1.3645 1.364 1.3635 1.363 1.3625 1.362 1.3615 1.36091 1.3605 1.3595
ChatExport_2026-10-01/photos/photo_1356@24-08-2021_09-23-35.jpg,4412,2021-08-24T09:23:35,,,,,,,,,,
assets/tradingview/2021-08/2021-08-25_13h18_msg4415_gTzbQl7k.png,4415,2021-08-25T13:18:28,EURJPY,5,2021-08-25T13:17:00,,,,,,128.757,129.4 129.35 129.3 129.25 129.2 129.15 129.1 129.0 128.95 128.9 128.85 128.65 128.45 128.797 128.6 128.55 128.5
ChatExport_2026-10-01/photos/photo_1357@25-08-2021_17-09-07.jpg,4417,2021-08-25T17:09:07,,,,,,,,,,
ChatExport_2026-10-01/photos/photo_1358@25-08-2021_17-09-16.jpg,4418,2021-08-25T17:09:16,,,,,,,,,,
ChatExport_2026-10-01/photos/photo_1359@27-08-2021_16-08-58.jpg,4428,2021-08-27T16:08:58,,,,,,,,,1.21364 1.21138,1.21259 1.21163 1.205 1.2 1.195 1.19 1.185 1.175 1.17 1.165 1.16 1.155 1.15 1.145
assets/tradingview/2021-08/2021-08-27_16h18_msg4429_HEcf4k88.png,4429,2021-08-27T16:18:15,EURUSD,4h,,,,,,,,1.204 1.202 1.2 1.198 1.196 1.194 1.192 1.19 1.188 1.186 1.184 1.182 1.18 1.176 1.174 1.172 1.17 1.168 1.166 1.164 1.162 1.16 1.158 1.156 1.154 1.152 1.15 1.148 1.146
ChatExport_2026-10-01/photos/photo_1360@31-08-2021_14-11-05.jpg,4437,2021-08-31T14:11:05,,,,,,,,,,
ChatExport_2026-10-01/photos/photo_1362@01-09-2021_14-53-12.jpg,4441,2021-09-01T14:53:12,,,,,,,,,,
ChatExport_2026-10-01/photos/photo_1363@01-09-2021_14-55-11.jpg,4442,2021-09-01T14:55:11,,,,,,,,,,
ChatExport_2026-10-01/photos/photo_1364@01-09-2021_14-56-50.jpg,4443,2021-09-01T14:56:50,,,,,,,,,,
ChatExport_2026-10-01/photos/photo_1365@01-09-2021_14-59-04.jpg,4447,2021-09-01T14:59:04,,5,,,,,,,,
ChatExport_2026-10-01/photos/photo_1366@02-09-2021_17-17-10.jpg,4449,2021-09-02T17:17:10,,,,,,,,,,3.5 3.0 2.5 2.0 1.5 0.9041 0.5 0.0
ChatExport_2026-10-01/photos/photo_1367@03-09-2021_14-09-17.jpg,4450,2021-09-03T14:09:17,,,,,,,,,,1890.0 1880.0 1870.0 1860.0 1850.0 1840.0 1830.0 1823.51 1810.0 1800.0 1790.0 1780.0
ChatExport_2026-10-01/photos/photo_1368@03-09-2021_15-04-46.jpg,4453,2021-09-03T15:04:46,XAUUSD,,,,,,,,,1855.0 1850.0 1845.0 1840.0 1835.0 1830.615 1825.0 1820.0 1815.0 1810.0 1800.0 1795.0 1790.0 1785.0 1780.0 1775.0 1770.0 1806.68 1804.08
assets/tradingview/2021-09/2021-09-09_13h08_msg4471_mZfZzMMU.png,4471,2021-09-09T13:08:25,EURJPY,4h,2021-09-09T13:05:00,128.779,128.697,130.682,achat,130.682,128.697,131.5 131.0 130.5 130.0 129.5 129.0 128.779 128.778 128.0 127.5
ChatExport_2026-10-01/photos/photo_1371@09-09-2021_13-12-22.jpg,4472,2021-09-09T13:12:22,EURJPY,,,,,,,,,130.74 130.575 130.41 130.245 130.08 129.75 129.585 129.42 129.255 129.09 128.925 128.76 128.595 128.43 128.265
assets/tradingview/2021-09/2021-09-09_13h23_msg4473_4GC3yxY3.png,4473,2021-09-09T13:23:23,EURJPY,1h,2021-09-09T13:23:00,,,,,,128.697,130.0 129.884 129.4 129.2 129.0 128.696 128.4 128.2 128.0 127.8 127.6 179.884 129.606 128.778
assets/tradingview/2021-09/2021-09-09_13h24_msg4475_o9uPE6Bs.png,4475,2021-09-09T13:24:33,EURJPY,30,2021-09-09T13:24:00,129.897,128.697,130.695,achat,130.695,128.697,130.8 130.6 130.4 130.2 130.0 129.897 129.6 129.4 129.2 129.0 128.778 128.696 128.4
assets/tradingview/2021-09/2021-09-15_14h32_msg4484_E085XGoU.png,4484,2021-09-15T14:32:43,AUDCAD,5,2021-09-15T14:31:00,,,,,0.92692,,0.935 0.9345 0.934 0.9335 0.933 0.9325 0.932 0.9315 0.931 0.9305 0.929 0.9285 0.928 0.9275 0.92698 0.926 0.9255 0.925 0.9245 0.924 0.92963
assets/tradingview/2021-09/2021-09-15_16h56_msg4494_5P0M8YRd.png,4494,2021-09-15T16:56:47,AUDCAD,4h,2021-09-15T16:56:00,0.92963,0.93013,0.92692,vente,0.92692,0.93013,0.939 0.938 0.937 0.936 0.935 0.934 0.933 0.932 0.931 0.929 0.928 0.925 0.924 0.923 0.922 0.921 0.92 0.919 0.92963 0.918 0.917 0.916 0.915 0.914 0.913
assets/tradingview/2021-09/2021-09-15_19h49_msg4498_sSzQMGsU.png,4498,2021-09-15T19:49:09,NZDUSD,15,2021-09-15T19:48:00,0.71083,0.71056,0.71456,achat,0.71456 0.69276,0.71056 0.70973,0.716 0.7155 0.715 0.714 0.7135 0.713 0.7125 0.712 0.7115 0.71083 0.70995 0.70966 0.709 0.7085 0.708 0.7075 0.69258
assets/tradingview/2021-09/2021-09-15_19h53_msg4502_prnytTMR.png,4502,2021-09-15T19:53:57,GBPUSD,1h,2021-09-15T19:52:00,,,,,,1.40895,1.392 1.40956 1.388 1.386 1.38443 1.382 1.366 1.38 1.378 1.376 1.374 1.372 1.37 1.368
assets/tradingview/2021-09/2021-09-15_19h55_msg4504_B5whphxj.png,4504,2021-09-15T19:55:45,GBPAUD,1h,2021-09-15T19:55:00,,,,,,,1.9 1.895 1.89 1.88833 1.885 1.88 1.875 1.87 1.865 1.86 1.855
assets/tradingview/2021-09/2021-09-22_19h01_msg4522_yWYzj1TE.png,4522,2021-09-22T19:01:53,,30,2021-09-22T18:59:00,,,,,,,0.735 0.734 0.733 0.732 0.731 0.73 0.729 0.728 0.727 0.726 0.725 0.723 0.722 0.721 0.72
assets/tradingview/2021-09/2021-09-23_02h55_msg4525_Ltrx2Xa4.png,4525,2021-09-23T02:55:05,AUDUSD,,2021-09-23T02:54:00,0.72396,0.7243,0.72137,vente,0.72137,0.7243,0.726 0.7255 0.725 0.7245 0.7235 0.723 0.722 0.7215 0.721 0.72396
assets/tradingview/2021-09/2021-09-30_18h29_msg4539_CXVnVizy.png,4539,2021-09-30T18:29:33,,1h,2021-09-30T18:29:00,,,,,,,840.0 830.0 820.0 810.0 800.0 790.0 780.0 770.0 760.0 1756.335 750.0 740.0 730.0 720.0 710.0 700.0 690.0 680.0 670.0 1840.0 1830.0 1820.0 1810.0 1800.0 1790.0 1780.0 1770.0 1760.0 1750.0 1740.0 1730.0 1720.0 1710.0 1700.0 1690.0 1680.0 1670.0
assets/tradingview/2021-09/2021-09-30_18h34_msg4544_Itm2AHOs.png,4544,2021-09-30T18:34:41,,5,2021-09-30T18:34:00,,,,,,1723.156,762.0 758.0 754.0 752.0 750.0 748.0 746.0 744.0 742.0 740.0 738.0 736.0 734.0 732.0 730.0 728.0 726.0 722.0 720.0 718.0 1762.0 1758.0 1754.0 1752.0 1750.0 1748.0 1746.0 1744.0 1742.0 1740.0 1738.0 1736.0 1734.0 1732.0 1730.0 1728.0 1726.0 1724.119 1722.0 1720.0 1718.0
assets/tradingview/2021-09/2021-09-30_18h38_msg4546_E2OKcl6F.png,4546,2021-09-30T18:38:03,AUDUSD,1h,2021-09-30T18:37:00,0.73111,0.7315,0.72267,vente,0.72267,0.7315,0.748 0.746 0.744 0.742 0.74 0.738 0.736 0.734 0.73 0.728 0.726 0.724 0.72222 0.72 0.718 0.716 0.73111
assets/tradingview/2021-09/2021-09-30_18h47_msg4550_fnBUronu.png,4550,2021-09-30T18:47:45,EURUSD,4h,2021-09-30T18:47:00,,,,,1.14473,1.13994,1.15771 1.164 1.163 1.162 1.161 1.16 1.159 1.1571 1.156 1.155 1.154 1.153 1.152 1.151 1.149 1.148 1.147 1.146 1.144 1.143 1.142 1.141 1.13995
assets/tradingview/2021-09/2021-09-30_18h50_msg4551_zqNS9UFc.png,4551,2021-09-30T18:50:13,EURUSD,,2021-09-30T18:50:00,1.17688,1.18057,1.17091,vente,1.17091,1.18057 1.17689,1.18 1.179 1.178 1.176 1.174 1.173 1.172 1.17688 1.17 1.169 1.167 1.166 1.165 1.164 1.163 1.162 1.161
assets/tradingview/2021-10/2021-10-03_23h39_msg4555_WTX6uuDo.png,4555,2021-10-03T23:39:52,AUDUSD,1h,2021-10-03T23:39:00,0.73111,0.7315,0.72267,vente,0.7267 0.72267,0.7315,0.735 0.734 0.733 0.732 0.73 0.729 0.727 0.726 0.725 0.724 0.722 0.721 0.72 0.73111 0.719 0.718 0.717 0.716 0.715 0.714
assets/tradingview/2021-10/2021-10-03_23h41_msg4558_wCTmW92s.png,4558,2021-10-03T23:41:20,,5,2021-10-03T23:41:00,,,,,,1763.775,782.0 780.0 778.0 776.0 774.0 772.0 770.0 768.0 766.0 762.0 760.0 758.0 756.0 754.0 752.0 750.0 748.0 746.0 744.0 742.0 740.0 738.0 736.0 1782.0 1780.0 1778.0 1776.0 1774.0 1772.0 1770.0 1768.0 1766.0 1762.0 1760.0 1758.0 1756.0 1754.0 1752.0 1750.0 1748.0 1746.0 1744.0 1742.0 1740.0 1738.0 1736.0
assets/tradingview/2021-10/2021-10-04_00h21_msg4562_pE5M36Cg.png,4562,2021-10-04T00:21:02,AUDUSD,1,2021-10-03T23:57:00,0.72515,0.7248,0.7281,achat,0.7281,0.7248,0.7286 0.7284 0.7282 0.728 0.7278 0.7276 0.72752 0.7272 0.727 0.7268 0.7266 0.7264 0.7262 0.726 0.7258 0.7256 0.7254 0.725 0.7246 0.7244 0.7242 0.724 0.7238 0.7236 0.72515
assets/tradingview/2021-10/2021-10-04_00h27_msg4564_48cQ8ku8.png,4564,2021-10-04T00:27:16,AUDUSD,1,2021-10-04T00:27:00,,,,,,0.7248,0.7278 0.7276 0.727 0.7268 0.7266 0.7264 0.7262 0.726 0.7258 0.7256 0.725 0.72 0.7238 0.7236 0.7234 0.7232 0.723 0.7228 0.7272 0.7254 0.72515 0.7246 0.7244 0.7242 0.724
assets/tradingview/2021-10/2021-10-04_14h22_msg4567_qBbaJILN.png,4567,2021-10-04T14:22:32,XAUUSD,15,2021-10-04T14:22:00,1748.889,1748.223,1764.074,achat,1764.074,1748.223,1768.0 1759.276 1756.0 1752.0 1748.889 1744.0 1740.0 1736.0 1732.0 1728.0 1724.0 1720.0
assets/tradingview/2021-10/2021-10-04_14h23_msg4568_qnXgE8kj.png,4568,2021-10-04T14:23:47,XAUUSD,5,2021-10-04T14:23:00,1748.889,1748.223,1763.705,achat,1763.705,1748.223,1766.0 1762.0 1759.92 1758.0 1756.0 1754.0 1752.0 1750.0 1746.0 1744.0 1748.889
assets/tradingview/2021-10/2021-10-04_14h41_msg4573_DwEUdakF.png,4573,2021-10-04T14:41:32,EURJPY,1h,2021-10-03T23:51:00,,,,,,128.793,30.8 30.6 30.4 30.2 30.0 29.8 29.6 29.4 29.2 29.0 28.6 28.4 28.2 28.0 27.8 130.8 130.6 130.4 130.2 130.0 129.8 129.6 129.4 129.2 129.0 128.6 128.4 128.2 128.0 127.8
assets/tradingview/2021-10/2021-10-04_14h41_msg4574_jJSv9c3F.png,4574,2021-10-04T14:41:50,EURJPY,15,2021-10-04T14:38:00,129.337,129.366,128.987,vente,128.987,129.366,130.0 129.9 129.8 129.7 129.6 129.5 129.337 129.3 129.2 129.1 128.99 128.8 128.7 128.6 128.5 128.4
assets/tradingview/2021-10/2021-10-04_14h42_msg4575_ngiiphsA.png,4575,2021-10-04T14:42:04,EURJPY,1,2021-10-04T14:40:00,129.337,129.366,128.939,vente,128.939,129.366,129.4 129.337 129.3 129.25 129.2 129.15 129.1 129.05 129.021 128.95 128.9
assets/tradingview/2021-10/2021-10-05_13h06_msg4576_styAc0dm.png,4576,2021-10-05T13:06:41,USDJPY,15,2021-10-05T13:05:00,111.223,111.248,110.847,vente,110.847,111.248 111.106,111.9 111.223 111.137 111.0 110.9 110.8
assets/tradingview/2021-10/2021-10-05_13h10_msg4577_daPnbHHp.png,4577,2021-10-05T13:10:53,USDJPY,2,2021-10-05T13:10:00,111.223,111.106,111.316,achat,111.316,111.248 111.106,111.35 111.33 111.2 111.15 111.05 111.0 110.95 111.223 111.137
assets/tradingview/2021-10/2021-10-05_13h21_msg4579_ZcC0ddJI.png,4579,2021-10-05T13:21:09,,5,2021-10-05T13:20:00,,,,,,,1772.5 1770.0 1767.5 1765.0 1762.5 1760.0 1757.5 1755.0 1752.995 1747.5 1745.0 1742.5 1740.0 1737.5 1735.0 1732.5 1730.0 1727.5 1725.0 1722.5
assets/tradingview/2021-10/2021-10-05_13h32_msg4581_tMCzrzIt.png,4581,2021-10-05T13:32:50,EURGBP,1h,2021-10-05T13:32:00,,,,,0.8555,0.85651,0.868 0.866 0.864 0.862 0.86 0.858 0.8565 0.856 0.854 0.85199 0.85 0.848 0.846 0.844
assets/tradingview/2021-10/2021-10-05_13h49_msg4584_cwSHS7Ca.png,4584,2021-10-05T13:49:04,EURNZD,,2021-10-05T13:48:00,1.66616,1.66396,1.67243,achat,1.67243 1.67138 1.671 1.66598 1.66402,1.6647 1.66396 1.66178,1.66616 1.672 1.67 1.669 1.668 1.667 1.665 1.66466 1.66307 1.66247 1.661
assets/tradingview/2021-10/2021-10-05_13h50_msg4585_YeHPlaum.png,4585,2021-10-05T13:50:09,,4h,2021-10-05T13:49:00,,,,,1.69563 1.69464 1.67243 1.67138 1.671 1.65452 1.65119 1.68299 1.66598 1.66402,,1.705 1.7 1.68971 1.67291 1.66637 1.65831 1.65486 1.6874 1.68013 1.67761 1.66466 1.66307 1.66247
assets/tradingview/2021-10/2021-10-05_13h54_msg4587_lo8RLUF6.png,4587,2021-10-05T13:54:19,EURGBP,1,2021-10-05T13:52:00,0.85201,0.85221,0.85049,vente,0.85049,0.85221,0.8528 0.8526 0.8524 0.8518 0.8516 0.8514 0.851 0.8508 0.8506 0.8504 0.8502 0.85 0.85201
assets/tradingview/2021-10/2021-10-05_15h43_msg4590_B5bNJsx0.png,4590,2021-10-05T15:43:11,,5,2021-10-05T15:43:00,,,,,,,1778.0 1776.0 1774.0 1772.0 1770.0 1768.0 1766.0 1764.0 1762.0 1760.796 1758.0 1756.0 1754.0 1752.0 1746.0 1744.0 1742.0 1740.0 1738.0
ChatExport_2026-10-01/photos/photo_1374@05-10-2021_16-24-36.jpg,4592,2021-10-05T16:24:36,,,,,,,,,,
ChatExport_2026-10-01/photos/photo_1375@05-10-2021_16-54-02.jpg,4594,2021-10-05T16:54:02,XAUUSD,,,,,,,,,
assets/tradingview/2021-10/2021-10-06_14h11_msg4601_MBMEMDWa.png,4601,2021-10-06T14:11:16,GBPUSD,1h,2021-10-06T07:32:00,,,,,,,1.355 1.35 1.345 1.34 1.385 1.38 1.375 1.37 1.365 1.36
ChatExport_2026-10-01/photos/photo_1376@06-10-2021_14-11-39.jpg,4602,2021-10-06T14:11:39,,,,,,,,,,1.35588 1.362 1.361 1.36 1.359 1.358 1.357 1.355 1.354 1.353 1.352
assets/tradingview/2021-10/2021-10-08_15h28_msg4608_n50sSV79.png,4608,2021-10-08T15:28:28,XAUUSD,15,2021-10-08T15:26:00,1757.615,1754.187,1780.697,achat,1780.697,1754.187,1777.5 1775.0 1772.5 1770.0 1767.5 1765.0 1762.5 1760.0 1757.615 1754.697 1752.5 1750.0 1747.5 1745.0 1742.5 1740.0
assets/tradingview/2021-10/2021-10-08_15h38_msg4610_EFxcqbYh.png,4610,2021-10-08T15:38:38,,1,2021-10-08T15:38:00,,,,,,1754.2,1768.0 1767.0 1766.0 1765.0 1764.0 1763.0 1762.0 1761.0 1760.0 1759.0 1758.0 1757.635 1756.0 1754.77 1753.0
assets/tradingview/2021-10/2021-10-15_16h45_msg4619_qY5g1hdI.png,4619,2021-10-15T16:45:15,EURUSD,5,2021-10-15T16:44:00,1.16086,1.16111,1.15853,vente,1.15853,1.16111,1.1625 1.162 1.1615 1.1605 1.16 1.1595 1.159 1.158 1.1575 1.157 1.1565 1.16086
assets/tradingview/2021-10/2021-10-15_16h48_msg4622_i0GSdF18.png,4622,2021-10-15T16:48:14,EURUSD,4h,2021-10-15T16:48:00,1.15963,1.16111,1.15853,vente,1.15853,1.16111,1.15963 1.155 1.15 1.19 1.185 1.18 1.175 1.17 1.165 1.16086
assets/tradingview/2021-10/2021-10-15_16h50_msg4624_8AZMAvMC.png,4624,2021-10-15T16:50:23,EURUSD,1h,2021-10-15T16:50:00,1.16086,1.16111,1.15853,vente,1.15853,1.16111,1.163 1.162 1.16086 1.16 1.1594
assets/tradingview/2021-10/2021-10-15_16h53_msg4626_Q3QQVI3i.png,4626,2021-10-15T16:53:09,EURUSD,5,2021-10-15T16:53:00,1.15947,1.16111,1.15853,vente,1.15853,1.16111,1.162 1.1618 1.1616 1.1614 1.1612 1.161 1.1606 1.1604 1.1602 1.16 1.1598 1.1596 1.15947 1.1592 1.159 1.1588 1.16086
assets/tradingview/2021-10/2021-10-19_04h51_msg4630_4eaqzBIW.png,4630,2021-10-19T04:51:00,XAUUSD,1h,2021-10-19T04:50:00,1761.587,1761.116,1774.95,achat,1774.95,1761.116,804.0 802.0 798.0 796.0 794.0 792.0 790.0 788.0 786.0 784.0 782.0 778.0 776.0 772.0 770.0 768.0 766.0 764.0 1761.587 1758.0 1756.0 752.0 750.0 748.0 746.0 744.0 742.0
assets/tradingview/2021-10/2021-10-19_04h57_msg4631_lchVXQwV.png,4631,2021-10-19T04:57:28,,3,2021-10-19T04:57:00,,,,,,1761.206,1762.0 1761.5 1761.0 1760.5 1760.0 1759.5 1772.0 1771.5 1771.0 1770.5 1770.0 1769.5 1769.0 1768.5 1768.0 1767.5 1767.0 1766.5 1766.0 1765.5 1765.0 1764.5 1764.0 1763.5 1763.0 1762.5 1761.677
assets/tradingview/2021-10/2021-10-19_04h59_msg4634_P9pElmKc.png,4634,2021-10-19T04:59:22,,15,2021-10-19T04:59:00,,,,,1799.7 1780.665,1761.206,1804.0 1802.0 798.0 796.0 794.0 792.0 790.0 788.0 786.0 784.0 782.0 780.0 778.0 776.0 772.0 770.0 768.0 766.0 764.0 1760.0 1758.0 1798.0 1796.0 1794.0 1792.0 1790.0 1788.0 1786.0 1784.0 1782.0 1780.0 1778.0 176.0 1772.0 1770.0 1768.0 1766.0 1764.0 1761.67
assets/tradingview/2021-10/2021-10-19_15h15_msg4637_RAT3r02q.png,4637,2021-10-19T15:15:24,,4h,2021-10-19T15:15:00,,,,,93.719,,94.7 94.6 94.5 94.4 94.3 94.2 94.1 94.0 93.9 93.8 93.6 93.5 93.4 93.3 93.2 93.1 93.0 92.9 92.8 92.7 92.6
ChatExport_2026-10-01/photos/photo_1378@19-10-2021_17-50-33.jpg,4640,2021-10-19T17:50:33,,,,,,,,,,
assets/tradingview/2021-10/2021-10-24_03h35_msg4643_rtlIn0F8.png,4643,2021-10-24T03:35:37,,4h,2021-10-24T03:35:00,,,,,,,0.54 0.52 0.5 0.48 0.46 0.44 0.42 0.4 0.38 0.36 0.34 0.32 0.28 0.26 0.24 0.22 0.2 0.18 0.16 0.14 0.12 0.1 0.08 0.06
ChatExport_2026-10-01/photos/photo_1380@24-10-2021_03-40-21.jpg,4647,2021-10-24T03:40:21,,,,,,,,,,
assets/tradingview/2021-10/2021-10-25_16h44_msg4653_CucPo8K7.png,4653,2021-10-25T16:44:08,,4h,2021-10-25T16:43:00,,,,,1807.67 800.0,,930.0 920.0 910.0 900.0 890.0 880.0 870.0 860.0 850.0 840.0 830.0 820.0 790.0 780.0 770.0 760.0 750.0 740.0 730.0 720.0 710.0 700.0 690.0 1670.0 1660.0 1930.0 1920.0 1910.0 1900.0 1890.0 1880.0 1870.0 1860.0 1850.0 1840.0 1830.0 1820.0 1800.0 1790.0 1780.0 1770.0 1760.0 1750.0 1740.0 1730.0 1720.0 1710.0 1700.0 1690.0
assets/tradingview/2021-10/2021-10-25_16h48_msg4654_iJ3o4iFX.png,4654,2021-10-25T16:48:18,XAUUSD,5,2021-10-25T16:48:00,1812.249,1814.275,1783.196,vente,1783.196,1807.67 1814.275,1818.0 1816.0 1810.0 806.0 804.0 802.0 800.0 798.0 796.0 794.0 792.0 790.0 788.0 786.0 784.0 782.0 780.0 1812.249 1806.0 1804.0 1802.0 1800.0 1798.0 1796.0 1794.0 1792.0 1790.0 1788.0 1786.0 1784.0 1782.0 1780.0
assets/tradingview/2021-10/2021-10-26_16h14_msg4660_UDsiv8UX.png,4660,2021-10-26T16:14:30,XAUUSD,5,2021-10-26T16:13:00,1812.132,1814.158,1783.079,vente,1783.079,1814.158,1816.0 810.0 808.0 806.0 804.0 802.0 800.0 798.0 796.0 794.0 790.0 788.0 786.0 784.0 782.0 780.0 778.0 776.0 1812.132 1810.0 1808.0 1806.0 1804.0 1802.0 1800.0 1798.0 1796.0 1794.0 1790.0 1788.0 1786.0 1784.0 1782.0 1780.0 1778.0 1776.0
ChatExport_2026-10-01/photos/photo_1382@27-10-2021_22-31-32.jpg,4663,2021-10-27T22:31:32,,,,,,,,,,
ChatExport_2026-10-01/photos/photo_1383@27-10-2021_22-32-10.jpg,4664,2021-10-27T22:32:10,,,,,,,,,,
ChatExport_2026-10-01/photos/photo_1384@29-10-2021_03-07-44.jpg,4669,2021-10-29T03:07:44,,,,,,,,,,
ChatExport_2026-10-01/photos/photo_1385@29-10-2021_03-55-21.jpg,4670,2021-10-29T03:55:21,EURCAD,1D,2021-10-29T03:43:00,,,,,,,1.6 1.59 1.58 1.55 1.54 1.52 1.5 1.49 1.45
ChatExport_2026-10-01/photos/photo_1386@29-10-2021_03-55-21.jpg,4671,2021-10-29T03:55:21,EURCAD,45,2021-10-29T03:45:00,,,,,,,
ChatExport_2026-10-01/photos/photo_1387@29-10-2021_03-55-21.jpg,4672,2021-10-29T03:55:21,EURCAD,,2021-10-29T03:49:00,,,,,,,
ChatExport_2026-10-01/photos/photo_1390@29-10-2021_16-39-14.jpg,4680,2021-10-29T16:39:14,EURUSD,30,2021-10-29T16:05:00,,,,,,,
ChatExport_2026-10-01/photos/photo_1391@31-10-2021_00-21-45.jpg,4685,2021-10-31T00:21:45,,,,,,,,,,
ChatExport_2026-10-01/photos/photo_1392@31-10-2021_00-22-45.jpg,4688,2021-10-31T00:22:45,,,,,,,,,,
ChatExport_2026-10-01/photos/photo_1393@31-10-2021_00-24-15.jpg,4690,2021-10-31T00:24:15,,,,,,,,0.46,,0.56 0.54 0.52 0.5 0.44 0.42 0.4 0.38 0.36 0.34 0.32 0.3 0.28 0.26 0.24
assets/tradingview/2021-10/2021-10-31_06h30_msg4694_bzJoO1eN.png,4694,2021-10-31T06:30:56,,1D,2021-10-31T06:30:00,,,,,,,24.0 22.0 20.0 18.0 16.0 14.0 12.0 10.0 8.0 6.0 4.0 2.0 0.0
ChatExport_2026-10-01/photos/photo_1395@31-10-2021_16-15-45.jpg,4696,2021-10-31T16:15:45,,,,,,,,,,
ChatExport_2026-10-01/photos/photo_1396@31-10-2021_20-21-45.jpg,4698,2021-10-31T20:21:45,,,,,,,,,,
ChatExport_2026-10-01/photos/photo_1397@31-10-2021_20-22-49.jpg,4699,2021-10-31T20:22:49,,,,,,,,,,
ChatExport_2026-10-01/photos/photo_1398@01-11-2021_17-52-58.jpg,4700,2021-11-01T17:52:58,,,,,,,,,,
assets/tradingview/2021-11/2021-11-04_15h01_msg4714_EMZjPoUS.png,4714,2021-11-04T15:01:30,GBPUSD,1h,2021-11-04T15:00:00,1.37637,1.37559,1.38298,achat,1.38298,1.37559,1.385 1.38 1.37 1.365 1.36 1.355 1.345 1.34 1.37637
assets/tradingview/2021-11/2021-11-04_15h02_msg4716_7PJwyOcj.png,4716,2021-11-04T15:02:25,GBPUSD,4h,2021-11-04T15:02:00,1.37637,1.37559,1.38298,achat,1.38298,1.35015 1.37559,1.345 1.34 1.4 1.395 1.39 1.385 1.38 1.37637 1.37 1.365 1.36 1.355
assets/tradingview/2021-11/2021-11-04_15h20_msg4719_ORTKalnX.png,4719,2021-11-04T15:20:49,USDCAD,4h,2021-11-04T15:20:00,,,,,,,1.3 1.295 1.29 1.285 1.28 1.275 1.27 1.265 1.26 1.255 1.25 1.24 1.235 1.23 1.225 1.22 1.215 1.21 1.205 1.2
assets/tradingview/2021-11/2021-11-04_15h22_msg4720_YCevER7c.png,4720,2021-11-04T15:22:03,USDCAD,,2021-11-04T15:21:00,,,,,,,1.251 1.25 1.249 1.248 1.247 1.246 1.244 1.243 1.242 1.241 1.24 1.239 1.238 1.237 1.236 1.235 1.234 1.233 1.232 1.231 1.23 1.229 1.228 1.227
assets/tradingview/2021-11/2021-11-05_14h47_msg4725_2M217Jgb.png,4725,2021-11-05T14:47:18,GBPUSD,15,2021-11-05T14:46:00,,,,,,,1.368 1.366 1.364 1.362 1.36 1.358 1.356 1.354 1.352 1.35 1.346 1.344 1.342 1.34 1.338 1.336 1.334 1.332 1.33 1.328 1.326 1.324
ChatExport_2026-10-01/photos/photo_1401@05-11-2021_17-09-50.jpg,4730,2021-11-05T17:09:50,,,,,,,,,,
assets/tradingview/2021-11/2021-11-07_18h34_msg4731_MBRiPLOj.png,4731,2021-11-07T18:34:49,,1D,2021-11-07T18:34:00,,,,,,,3.0 2.8 2.6 2.4 2.2 2.0 1.8 1.6 1.4 1.2 0.8 0.6 0.4 0.2
assets/tradingview/2021-11/2021-11-08_14h33_msg4734_kpJjM4Bx.png,4734,2021-11-08T14:33:21,EURJPY,15,2021-11-08T14:33:00,131.659,131.547,132.398,achat,132.398 131.002 130.75,131.547 131.388,133.0 132.8 132.6 132.2 132.0 131.8 131.659 131.327 131.2 130.6 130.4 130.2
assets/tradingview/2021-11/2021-11-08_14h34_msg4737_fPlKE2sz.png,4737,2021-11-08T14:34:49,EURJPY,5,2021-11-08T14:34:00,131.327,131.547,130.991,vente,130.991,131.547 131.388,131.6 130.9 130.85 130.8 131.5 131.45 131.35 131.327 131.3 131.25 131.2 131.15 131.1 131.05 0.95
assets/tradingview/2021-11/2021-11-08_14h42_msg4740_p0eoSUFC.png,4740,2021-11-08T14:42:14,GBPJPY,1h,2021-11-08T14:41:00,,,,,,153.269,158.5 158.0 157.5 157.0 156.5 156.0 155.5 155.0 154.5 154.0 153.5 152.5 152.0 151.5 151.0 150.5
assets/tradingview/2021-11/2021-11-08_14h43_msg4741_9zMs1S98.png,4741,2021-11-08T14:43:05,GBPJPY,5,2021-11-08T14:42:00,,,,,,,153.8 153.7 153.6 153.5 153.4 153.2 153.1 153.0 152.9 152.8 152.7
assets/tradingview/2021-11/2021-11-08_14h50_msg4744_O46uBZIQ.png,4744,2021-11-08T14:50:45,,1D,2021-11-08T14:50:00,,,,,1.1266,,3.0 2.8 2.6 2.4 2.2 2.0 1.8 1.6 1.2 0.8 0.6 0.4 0.2
ChatExport_2026-10-01/photos/photo_1402@08-11-2021_14-55-37.jpg,4747,2021-11-08T14:55:37,EURJPY,,,,,,,,,131.06 131.02 130.98 130.964 130.94 130.9 130.86 131.26 131.22 131.18 131.14 131.1
assets/tradingview/2021-11/2021-11-08_18h31_msg4751_IgKCcRey.png,4751,2021-11-08T18:31:09,GBPUSD,15,2021-11-08T18:31:00,,,,,,,1.372 1.37 1.368 1.366 1.364 1.362 1.36 1.358 1.352 1.35 1.348 1.346 1.344 1.342 1.34
assets/tradingview/2021-11/2021-11-08_18h34_msg4753_4MViEpHC.png,4753,2021-11-08T18:34:00,GBPUSD,3,2021-11-08T18:33:00,,,,,,,1.359 1.358 1.357 1.356 1.354 1.353 1.352 1.351 1.35 1.349 1.348 1.347 1.346 1.345 1.344
assets/tradingview/2021-11/2021-11-08_18h40_msg4756_eECDTnTX.png,4756,2021-11-08T18:40:57,GBPUSD,1h,2021-11-08T18:40:00,,,,,,1.37559,1.378 1.377 1.37637 1.375 1.374 1.373 1.372 1.371 1.37 1.369 1.368 1.367 1.366 1.365 1.364 1.363 1.362 1.361 1.36 1.359 1.358
assets/tradingview/2021-11/2021-11-09_15h18_msg4761_62WmS5Ld.png,4761,2021-11-09T15:18:55,GBPUSD,15,2021-11-09T15:18:00,,,,,,,1.362 1.361 1.36 1.359 1.358 1.357 1.356 1.355 1.354 1.352 1.351 1.35
assets/tradingview/2021-11/2021-11-09_15h23_msg4764_G61RStyj.png,4764,2021-11-09T15:23:29,GBPUSD,15,2021-11-09T15:23:00,,,,,,1.35344 1.36081,1.352 1.35 1.348 1.346 1.344 1.37 1.366 1.364 1.362 1.36 1.356
assets/tradingview/2021-11/2021-11-09_15h36_msg4775_szjUzWOl.png,4775,2021-11-09T15:36:01,,4h,2021-11-09T15:34:00,,,,,,1.2346,3.0 2.8 2.6 2.4 2.2 2.0 1.8 1.6 1.0 0.8 0.6 0.4 0.2
ChatExport_2026-10-01/photos/photo_1405@09-11-2021_15-38-47.jpg,4776,2021-11-09T15:38:47,,,,,,,,,,
assets/tradingview/2021-11/2021-11-11_03h42_msg4782_GVukfakl.png,4782,2021-11-11T03:42:11,GBPUSD,1h,2021-11-11T03:41:00,1.36003,1.36084,1.34044,vente,1.34044 1.33888,1.36084,1.366 1.364 1.362 1.358 1.338 1.336 1.334 1.36003 1.356 1.354 1.352 1.35 1.348 1.346 1.344 1.342
ChatExport_2026-10-01/photos/photo_1406@11-11-2021_15-44-28.jpg,4785,2021-11-11T15:44:28,,,,,,,,,,
assets/tradingview/2021-11/2021-11-11_17h15_msg4795_hMOurz17.png,4795,2021-11-11T17:15:49,USDCAD,,2021-11-11T17:14:00,1.23899,1.23722,1.25921,achat,1.25921 1.25871,1.23722,1.26 1.256 1.254 1.252 1.25 1.248 1.246 1.244 1.242 1.24 1.23899 1.238 1.236 1.234 1.232
assets/tradingview/2021-11/2021-11-11_17h19_msg4799_64wwjkkM.png,4799,2021-11-11T17:19:17,NZDUSD,1h,2021-11-11T17:19:00,0.71739,0.71829,0.70736,vente,0.70736,0.71829,0.724 0.722 0.72 0.716 0.714 0.712 0.71 0.706 0.704 0.7 0.698 0.696 0.694 0.692 0.69 0.688 0.686 0.71739
assets/tradingview/2021-11/2021-11-11_17h22_msg4801_nKEeMX5L.png,4801,2021-11-11T17:22:10,AUDJPY,1h,2021-11-11T17:21:00,,,,,,83.17,86.6 86.4 86.2 86.0 85.8 85.6 85.4 85.2 85.0 84.8 84.6 84.4 84.2 84.0 83.8 83.6 83.4 82.8 82.6 82.4 82.2 82.0 81.8
assets/tradingview/2021-11/2021-11-11_17h25_msg4802_IZNfdGZq.png,4802,2021-11-11T17:25:17,AUDJPY,5,2021-11-11T17:25:00,,,,,,83.158 82.967,84.1 84.0 83.9 83.8 83.7 83.6 83.5 83.4 83.3 83.2 83.0 82.9 82.8 82.7 82.6 82.5 82.4 83.07
assets/tradingview/2021-11/2021-11-11_23h27_msg4803_hhpixQLN.png,4803,2021-11-11T23:27:31,USDJPY,1h,2021-11-11T23:27:00,114.2,114.305,114.071,vente,114.071 112.872,114.305,114.8 114.6 114.4 114.2 113.8 113.6 113.4 113.2 113.0 112.6 112.4 112.2 112.0 111.8 111.6 111.4 111.2 111.0
assets/tradingview/2021-11/2021-11-12_00h57_msg4804_EuO14RLe.png,4804,2021-11-12T00:57:01,USDJPY,5,2021-11-12T00:56:00,,,,,114.23,,114.25 114.2 114.15 114.1 114.05 114.0 113.95 113.9 113.85 113.8
assets/tradingview/2021-11/2021-11-12_01h14_msg4808_rWlpNEbI.png,4808,2021-11-12T01:14:12,USDJPY,1,2021-11-12T01:14:00,,,,,,114.281,114.3 114.26 114.24 114.22 114.2 114.18 114.16 114.14 114.12 114.1 114.08 114.06 114.04 114.02
assets/tradingview/2021-11/2021-11-12_13h55_msg4811_TbfAHA1O.png,4811,2021-11-12T13:55:02,USDJPY,1h,2021-11-12T13:54:00,,,,,,,114.8 114.6 114.4 114.2 114.0 113.8 113.6 113.4 113.2 113.0 112.8
assets/tradingview/2021-11/2021-11-12_20h03_msg4817_6g6g65vs.png,4817,2021-11-12T20:03:24,AUDJPY,15,2021-11-12T20:03:00,83.05,82.947,84.186,achat,84.186,82.947,84.3 84.1 84.0 83.9 83.8 83.7 83.6 83.4 83.3 83.2 83.1 83.0 82.9 82.8 82.7 82.6 82.5 82.4 83.05
assets/tradingview/2021-11/2021-11-12_20h05_msg4820_1xsUrrQ4.png,4820,2021-11-12T20:05:47,USDJPY,15,2021-11-12T20:05:00,,,,,,,114.4 114.3 114.2 114.1 114.0 113.8 113.7 113.6 113.5 113.4 113.3 113.2 113.1 113.0 112.9 112.8 112.7
assets/tradingview/2021-11/2021-11-13_19h12_msg4823_aa3RWb7Y.png,4823,2021-11-13T19:12:38,EURNZD,1h,2021-11-13T19:11:00,,,,,,,1.644 1.642 1.64 1.638 1.636 1.634 1.632 1.63 1.628 1.626 1.622 1.62 1.618 1.616 1.614 1.612 1.61 1.608 1.606 1.604
assets/tradingview/2021-11/2021-11-13_19h14_msg4826_bsvAC4vw.png,4826,2021-11-13T19:14:20,,,2021-11-13T19:14:00,,,,,,1.6238,1.675 1.67 1.665 1.66 1.655 1.65 1.645 1.64 1.635 1.63 1.62 1.615 1.61 1.605 1.6
ChatExport_2026-10-01/photos/photo_1408@14-11-2021_23-48-57.jpg,4834,2021-11-14T23:48:57,,,,,,,,,,
assets/tradingview/2021-11/2021-11-15_16h38_msg4837_0qHZQAwC.png,4837,2021-11-15T16:38:11,AUDUSD,1h,2021-11-15T16:37:00,,,,,0.73,,0.758 0.756 0.754 0.752 0.75 0.748 0.746 0.744 0.742 0.74 0.738 0.734 0.732 0.73 0.728 0.726 0.724 0.722 0.72 0.718 0.716 0.714 0.712
assets/tradingview/2021-11/2021-11-15_16h40_msg4840_7jZVrQnp.png,4840,2021-11-15T16:40:28,USDCAD,,2021-11-15T16:40:00,,,,,,,1.03 1.28 1.275 1.27 1.265 1.26 1.255 1.245 1.24 1.235 1.23 1.225 1.22
assets/tradingview/2021-11/2021-11-15_16h41_msg4842_TujLPUQW.png,4842,2021-11-15T16:41:39,AUDJPY,1h,2021-11-15T16:41:00,83.05,82.947,84.186,achat,3.91 84.186,82.947,84.7 84.6 84.5 84.4 84.3 84.1 84.0 83.8 83.7 83.6 83.5 83.4 83.3 83.2 83.1 83.0 82.9 82.8 82.7 82.6 82.5 82.4 83.05
assets/tradingview/2021-11/2021-11-15_16h42_msg4844_PtbFLu9f.png,4844,2021-11-15T16:42:43,EURNZD,1h,2021-11-15T16:42:00,,,,,,1.61709,1.614 1.612 1.61 1.608 1.642 1.64 1.638 1.636 1.634 1.632 1.63 1.628 1.626 1.624 1.622 1.62 1.618
assets/tradingview/2021-11/2021-11-16_17h45_msg4847_jEOFvJo1.png,4847,2021-11-16T17:45:21,GBPUSD,15,2021-11-16T17:44:00,1.34107,1.34038,1.34756,achat,1.34756,1.34038,1.34107 1.356 1.355 1.354 1.353 1.352 1.351 1.35 1.349 1.348 1.347 1.346 1.345 1.344 1.339 1.338 1.337 1.336 1.335 1.334 1.333
assets/tradingview/2021-11/2021-11-16_17h50_msg4849_3ioTBp4H.png,4849,2021-11-16T17:50:28,GBPUSD,15,2021-11-16T17:50:00,1.34107,1.34038,1.34804,achat,1.34804,1.34038,1.35 1.349 1.347 1.346 1.345 1.344 1.343 1.342 1.34107 1.34 1.339 1.338 1.337 1.336
assets/tradingview/2021-11/2021-11-17_00h27_msg4852_Dm8Chu6w.png,4852,2021-11-17T00:27:08,AUDUSD,1h,2021-11-17T00:26:00,,,,,,,0.748 0.746 0.744 0.742 0.74 0.738 0.736 0.734 0.732 0.728 0.726 0.724 0.722
assets/tradingview/2021-11/2021-11-17_03h44_msg4855_vafXkMSX.png,4855,2021-11-17T03:44:16,GBPUSD,,2021-11-17T03:44:00,1.34107,1.34038,1.34804,achat,1.34804,1.34038 1.34018,1.293 1.352 1.351 1.35 1.349 1.34107 1.347 1.346 1.345 1.344 1.343 1.342 1.339 1.338 1.337 1.336 1.335 1.334 1.333 1.332 1.331
assets/tradingview/2021-11/2021-11-17_11h42_msg4859_4rYUXGHy.png,4859,2021-11-17T11:42:07,GBPUSD,15,2021-11-17T11:41:00,1.34097,1.34015,1.34742,achat,1.34742,1.34015,1.348 1.347 1.346 1.345 1.344 1.343 1.342 1.339 1.338 1.337 1.34097
assets/tradingview/2021-11/2021-11-17_11h51_msg4863_rTUocY5D.png,4863,2021-11-17T11:51:34,NZDJPY,15,2021-11-17T11:51:00,,,,,,80.647,80.7 80.55 80.5 80.4 80.35 80.3 80.25 80.2 80.15 80.1 80.05 80.0 79.95 79.9 80.595
ChatExport_2026-10-01/photos/photo_1410@17-11-2021_11-54-06.jpg,4864,2021-11-17T11:54:06,,,,,,,,,,80.52 80.45 780.345 780.31 780.24 80.625 80.59 80.555 80.485 80.415 80.38 80.345 80.31 80.275 80.24 80.205 80.17 80.135
assets/tradingview/2021-11/2021-11-17_12h24_msg4865_bkI8A5G9.png,4865,2021-11-17T12:24:41,NZDJPY,1h,2021-11-17T12:24:00,80.595,80.647,79.814,vente,79.814,80.647 80.392,81.4 81.3 81.2 81.1 81.0 80.9 80.8 80.595 80.5 80.3 80.2 80.1 80.0 79.9 79.7 79.6
ChatExport_2026-10-01/photos/photo_1411@17-11-2021_17-18-38.jpg,4867,2021-11-17T17:18:38,GBPUSD,,,,,,,,,1.34895 1.3458 1.34535 1.3449 1.34355 1.3413 1.3494 1.3485 1.3476 1.34715 1.3467 1.34625 1.34445 1.344 1.3431 1.34265 1.34175 1.34085
assets/tradingview/2021-11/2021-11-17_17h27_msg4869_cjE4zzXV.png,4869,2021-11-17T17:27:00,NZDJPY,1h,2021-11-17T17:26:00,80.595,80.647,79.814,vente,79.814,80.647 79.969,81.1 81.0 80.9 80.8 80.595 80.5 80.4 80.3 80.2 80.1 79.7 79.6 79.5 79.4 79.3
ChatExport_2026-10-01/photos/photo_1412@17-11-2021_17-29-00.jpg,4871,2021-11-17T17:29:00,NZDJPY,,,,,,,,,80.53 780.23 80.63 80.58 80.48 80.43 80.38 80.33 80.28 80.23 80.18 80.13 80.08 80.03
assets/tradingview/2021-11/2021-11-17_17h43_msg4876_ZfnD2eqZ.png,4876,2021-11-17T17:43:20,GBPUSD,15,2021-11-17T17:43:00,1.34097,1.34015,1.34742,achat,1.34742,1.34928 1.34015,1.352 1.351 1.35 1.348 1.347 1.346 1.345 1.344 1.343 1.342 1.34097 1.339 1.338 1.337 1.336 1.335
assets/tradingview/2021-11/2021-11-18_02h19_msg4879_pKZBoAno.png,4879,2021-11-18T02:19:27,,1D,2021-11-18T02:13:00,,,,,60453.23,,70000.0 67500.0 65000.0 62500.0 57500.0 55000.0 52500.0 50000.0 47500.0 45000.0 42500.0 40000.0 37500.0 35000.0 32500.0 30000.0 27500.0
assets/tradingview/2021-11/2021-11-18_02h26_msg4884_5BjFwU27.png,4884,2021-11-18T02:26:03,,4h,2021-11-18T02:25:00,,,,,25.063,,29.0 28.0 27.0 26.0 24.0 23.0 22.0 21.0 20.0 19.0 18.0 17.0 16.0 15.0 14.0 13.0 12.0 11.0 10.0 9.0 8.0
assets/tradingview/2021-11/2021-11-18_07h09_msg4887_opFLRhZF.png,4887,2021-11-18T07:09:58,,4h,2021-11-18T07:09:00,,,,,,1864.901,1980.0 1960.0 1940.0 1920.0 1900.0 1840.0 1820.0 1800.0 1780.0 1760.0 1740.0 1720.0 1700.0 1680.0 1660.0
assets/tradingview/2021-11/2021-11-18_07h11_msg4888_c3udK9hH.png,4888,2021-11-18T07:11:22,,15,2021-11-18T07:11:00,,,,,,,1876.0 1872.0 1868.0 1860.0 1856.0 1852.0 1848.0 1844.0 1840.0 1836.0 1832.0 1828.0 1824.0 1820.0 1816.0 1812.0 1808.0
assets/tradingview/2021-11/2021-11-18_07h16_msg4889_ktIilhkK.png,4889,2021-11-18T07:16:23,XAUUSD,5,2021-11-18T07:16:00,1874.615,1878.616,1846.758,vente,1846.758,1878.616,1877.5 1874.615 1872.5 1870.0 1867.5 1862.5 1860.0 1857.5 1855.0 1852.5 1850.0 1845.0 1842.5 1840.0 1837.5 1835.0
assets/tradingview/2021-11/2021-11-18_07h16_msg4890_cJNfTKkl.png,4890,2021-11-18T07:16:47,,15,2021-11-18T07:16:00,,,,,46.75,1878.616 1865.131,1885.0 1882.5 1877.5 1874.615 1872.5 1870.0 1867.5 1862.5 1860.0 1857.5 1855.0 1852.5 1850.0 1845.0 1842.5 1840.0
ChatExport_2026-10-01/photos/photo_1414@18-11-2021_15-19-34.jpg,4892,2021-11-18T15:19:34,,,,,,,,,,1.66 1.655 1.65 1.645 1.64 1.635 1.63 1.625 1.62 1.61 1.605 1.6 1.595 1.59 1.585 1.58
ChatExport_2026-10-01/photos/photo_1415@18-11-2021_15-23-31.jpg,4894,2021-11-18T15:23:31,EURUSD,5,2021-11-18T07:40:00,,,,,,,1.134 1.1336 1.133 1.1328 1.1326 1.1324 1.1322 1.132 1.1318 1.1316 1.1315
ChatExport_2026-10-01/photos/photo_1416@18-11-2021_15-23-31.jpg,4895,2021-11-18T15:23:31,,,,,,,,,,71.1338 1.1336 1.1332 1.1312 1.133 1.1328 1.1326 1.1322 1.132 1.1318 1.1314
ChatExport_2026-10-01/photos/photo_1417@18-11-2021_15-59-56.jpg,4896,2021-11-18T15:59:56,,,,,,,,,,76000.0 72000.0 68000.0 64000.0 52000.0 48000.0 44000.0 40000.0 36000.0 32000.0 28000.0
assets/tradingview/2021-11/2021-11-18_20h27_msg4898_IOdr0TU3.png,4898,2021-11-18T20:27:04,,1,2021-11-18T14:36:00,,,,,1864.46,,1872.0 1866.0 1862.0 1860.0 1858.0 1856.0 1867.41
assets/tradingview/2021-11/2021-11-18_20h27_msg4899_vntGb9jh.png,4899,2021-11-18T20:27:04,,5,2021-11-18T15:42:00,,,,,,,1868.0 1864.0 1862.0 1860.0 1856.0 1854.0 18.82 1867.41 1858.0
assets/tradingview/2021-11/2021-11-18_20h27_msg4900_QdEUIV1L.png,4900,2021-11-18T20:27:04,,2,2021-11-18T16:09:00,,,,,,,1868.0 1864.0 1863.0 1862.0 1860.0 1859.0 1858.0 1857.0 1867.41
ChatExport_2026-10-01/photos/photo_1418@18-11-2021_20-27-04.jpg,4901,2021-11-18T20:27:04,,,,,,,,,,1.3498 1.34955 1.3493 1.34905 1.3488 1.34855 1.3483 1.34805 1.3478 1.34755 1.3473 1.34705 1.3468
ChatExport_2026-10-01/photos/photo_1419@19-11-2021_02-13-38.jpg,4902,2021-11-19T02:13:38,,,,,,,,1.614,,1.632 1.63 1.628 1.626 1.624 1.622 1.62 1.618 1.616 1.608 1.606 1.604 1.602 1.6
assets/tradingview/2021-11/2021-11-19_14h14_msg4903_agVY1Le5.png,4903,2021-11-19T14:14:14,GBPUSD,15,2021-11-19T08:36:00,1.35062,1.35297,1.34568,vente,1.35193 1.34568,1.35297,1.35062 1.35194 1.347 1.346
assets/tradingview/2021-11/2021-11-19_14h14_msg4905_XljPxIOM.png,4905,2021-11-19T14:14:14,USDJPY,15,2021-11-19T10:38:00,114.112,114.041,114.694,achat,114.694 114.006 112.928 113.885,114.041,114.615 114.112 114.095 114.048 113.944 113.943 113.9 113.873
assets/tradingview/2021-11/2021-11-19_14h14_msg4907_qoQnmQzy.png,4907,2021-11-19T14:14:14,,30,2021-11-19T10:41:00,,,,,79.874 79.77,,80.9 80.8 80.52 80.4 80.3 80.2 80.1 80.0 79.7 80.675 80.625 80.604 80.554
ChatExport_2026-10-01/photos/photo_1420@19-11-2021_14-14-14.jpg,4906,2021-11-19T14:14:14,,,,,,,,,,1.351 1.349 1.348 1.347 1.346 1.345 1.344 1.343 1.34985
ChatExport_2026-10-01/photos/photo_1421@19-11-2021_14-15-36.jpg,4908,2021-11-19T14:15:36,,1h,2021-11-19T11:08:00,,,,,,80.541,80.8 80.7 80.6 80.4 80.3 80.2 80.1 80.0 79.9 79.8 79.6 80.509
assets/tradingview/2021-11/2021-11-19_18h25_msg4911_JaG7P9fP.png,4911,2021-11-19T18:25:08,EURNZD,1h,2021-11-19T18:24:00,1.60884,1.60601,1.63353,achat,1.63353,1.60601,1.638 1.636 1.632 1.63 1.628 1.626 1.624 1.622 1.62 1.618 1.616 1.61 1.60884 1.604 1.602 1.6 1.598 1.596 1.594 1.592 1.59
assets/tradingview/2021-11/2021-11-22_05h07_msg4919_JqbYHaGB.png,4919,2021-11-22T05:07:36,EURJPY,1D,2021-11-22T05:07:00,,,,,128.7,,134.0 133.0 132.0 131.0 130.0 129.0 128.0 127.0 126.0 125.0
assets/tradingview/2021-11/2021-11-22_05h13_msg4922_2V0gtLea.png,4922,2021-11-22T05:13:07,,4h,2021-11-22T05:12:00,,,,,,,70000.0 68000.0 66000.0 64000.0 62000.0 60000.0 54000.0 52000.0 50000.0 48000.0 46000.0 44000.0 42000.0 40000.0
assets/tradingview/2021-11/2021-11-22_05h28_msg4926_DJxAk6n2.png,4926,2021-11-22T05:28:34,,1D,2021-11-22T05:28:00,,,,,,1.9851,3.6 3.4 3.2 3.0 2.8 2.6 2.4 2.2 1.8 1.6 1.4 1.2 1.0 0.8 0.6 0.4 0.2
assets/tradingview/2021-11/2021-11-22_08h24_msg4931_jHmKuanb.png,4931,2021-11-22T08:24:22,EURNZD,15,2021-11-22T08:24:00,,,,,,1.60886 1.60608,1.60708 1.622 1.62 1.618 1.616 1.614 1.612 1.61
ChatExport_2026-10-01/photos/photo_1423@22-11-2021_08-26-58.jpg,4932,2021-11-22T08:26:58,EURNZD,,,,,,,,,1.6131 1.61265 1.6122 1.61175 1.6113 1.61085 1.6104 1.60995 1.6095 1.60905 1.60815 1.6077 1.60725
ChatExport_2026-10-01/photos/photo_1424@22-11-2021_15-31-18.jpg,4934,2021-11-22T15:31:18,EURNZD,,,,,,,,,1.6148 1.6143 1.6138 1.6133 1.6128 1.6123 1.6118 1.6113 1.6108 1.6103 1.6098 1.6093 1.6088 1.6083 1.6078 1.6073
assets/tradingview/2021-11/2021-11-22_17h29_msg4936_zjPMa6BV.png,4936,2021-11-22T17:29:33,EURNZD,1h,2021-11-22T17:28:00,1.60708,1.60608,1.62325,achat,1.62325 1.61689,1.60608,1.635 1.63 1.625 1.62 1.615 1.61 1.60708 1.6 1.595
assets/tradingview/2021-11/2021-11-22_18h37_msg4941_eDSKjHao.png,4941,2021-11-22T18:37:04,,1h,2021-11-22T18:36:00,,,,,,,895.0 890.0 885.0 875.0 870.0 865.0 860.0 855.0 850.0 845.0 840.0 835.0 830.0 825.0 820.0 815.0 810.0 800.0 795.0 790.0 785.0 780.0 775.0 770.0 1895.0 1890.0 1885.0 1875.0 1870.0 1865.0 1860.0 1855.0 1850.0 1845.0 1840.0 1835.0 1830.0 1825.0 1820.0 1815.0 1810.0 1800.0 1795.0 1790.0 1785.0 1780.0 1775.0 1770.0
ChatExport_2026-10-01/photos/photo_1426@22-11-2021_21-48-51.jpg,4944,2021-11-22T21:48:51,,,,,,,,,,
ChatExport_2026-10-01/photos/photo_1427@23-11-2021_06-20-05.jpg,4946,2021-11-23T06:20:05,,,,,,,,,,1.64 1.635 1.63 1.625 1.615 1.61 1.6 1.60708
ChatExport_2026-10-01/photos/photo_1428@23-11-2021_14-20-50.jpg,4947,2021-11-23T14:20:50,,,,,,,,,61.55745,1.59 1.585 1.58 1.575 1.56411 1.56 1.55 1.54 1.535 1.53
assets/tradingview/2021-11/2021-11-23_17h26_msg4950_HFUgJwiz.png,4950,2021-11-23T17:26:57,EURAUD,1h,2021-11-23T17:23:00,1.56411,1.5655,1.54426,vente,1.54426,1.5655,1.56411 1.555 1.55 1.54 1.535
ChatExport_2026-10-01/photos/photo_1429@23-11-2021_17-28-26.jpg,4951,2021-11-23T17:28:26,USDCAD,5,2021-11-22T22:59:00,,,,,,1.26937,1.271 1.2705 1.26982 1.269 1.2685 1.268 1.2675 1.267 1.2665 1.266 1.2655 1.265 1.2645 1.264 1.2635 1.263 1.2625
ChatExport_2026-10-01/photos/photo_1430@23-11-2021_17-28-26.jpg,4952,2021-11-23T17:28:26,USDCAD,5,2021-11-23T08:19:00,,,,,,1.26939,1.274 1.2735 1.2725 1.272 1.2715 1.271 1.2705 1.269 1.2685 1.268 1.2675 1.267 1.2665 1.266
ChatExport_2026-10-01/photos/photo_1431@23-11-2021_17-28-26.jpg,4953,2021-11-23T17:28:26,USDCAD,,,,,,,,,1.2741 1.27385 1.2736 1.27335 1.2731 1.27285 1.2726 1.27235 1.2721 1.27185 1.2716 1.27135 1.2711 1.27085 1.2706 1.27035
assets/tradingview/2021-11/2021-11-24_17h05_msg4955_Wk90b2qq.png,4955,2021-11-24T17:05:13,CADJPY,4h,2021-11-24T17:04:00,,,,,91.097,,94.0 93.5 93.0 92.5 92.0 91.5 90.5 90.0 89.5 89.0 88.5 88.0 87.5 87.0 86.5 86.0
assets/tradingview/2021-11/2021-11-24_17h07_msg4958_AheNEyd6.png,4958,2021-11-24T17:07:54,AUDUSD,4h,2021-11-24T17:07:00,0.71822,0.71695,0.73716,achat,0.73716 0.71962,0.71695,0.755 0.75 0.745 0.735 0.73 0.725 0.71822 0.715 0.71 0.705 0.7
assets/tradingview/2021-11/2021-11-24_21h43_msg4961_Yx88r4tq.png,4961,2021-11-24T21:43:12,EURNZD,1h,2021-11-24T21:41:00,1.60708,1.60608,1.63198,achat,1.63198,1.60608,1.60708 1.6 1.595 1.65 1.645 1.64 1.635 1.625 1.62 1.615 1.61
ChatExport_2026-10-01/photos/photo_1432@25-11-2021_02-17-37.jpg,4962,2021-11-25T02:17:37,AUDJPY,30,2021-11-25T02:16:00,,,,,82.31,53.33,84.0 83.9 83.8 83.7 83.0 82.8 82.6 82.4 82.0
ChatExport_2026-10-01/photos/photo_1433@25-11-2021_02-27-06.jpg,4964,2021-11-25T02:27:06,GBPCHF,10,2021-11-25T02:19:00,,,,,1.245,,1.25075 1.2505
ChatExport_2026-10-01/photos/photo_1434@25-11-2021_11-14-02.jpg,4966,2021-11-25T11:14:02,,,,,,,,,,0.732 0.73 0.728 0.726 0.724 0.722 0.72 0.716 0.714 0.712 0.71
ChatExport_2026-10-01/photos/photo_1435@25-11-2021_16-31-45.jpg,4968,2021-11-25T16:31:45,AUDUSD,1,2021-11-25T11:53:00,,,,,,0.71912,0.7073 0.7194 0.7193 0.7192 0.719 0.71894 0.7189 0.7188 0.7187 0.7186 0.7185 0.7183 0.7182 0.718 0.7179 0.18
ChatExport_2026-10-01/photos/photo_1436@25-11-2021_16-31-45.jpg,4969,2021-11-25T16:31:45,,,,,,,,,,0.7189 0.7188 0.7187 0.7186 0.7185 0.7184 0.7183 0.7182 0.7181 0.718
assets/tradingview/2021-11/2021-11-26_00h42_msg4972_rtd2PRzj.png,4972,2021-11-26T00:42:24,AUDUSD,1h,2021-11-26T00:41:00,0.71814,0.7167,0.73604,achat,0.73604 0.71744,0.7167,0.758 0.756 0.754 0.752 0.75 0.748 0.746 0.744 0.742 0.74 0.734 0.732 0.73 0.728 0.726 0.724 0.722 0.72 0.71814 0.714
assets/tradingview/2021-11/2021-11-28_18h29_msg4977_cvP1YjS3.png,4977,2021-11-28T18:29:43,,1D,2021-11-28T18:29:00,,,,,,53706.99,72000.0 70000.0 68000.0 66000.0 64000.0 62000.0 60000.0 56000.0 52000.0 50000.0 48000.0 46000.0 44000.0 42000.0 40000.0 38000.0 36000.0 34000.0 32000.0 30000.0 28000.0 26000.0
ChatExport_2026-10-01/photos/photo_1438@28-11-2021_18-41-06.jpg,4984,2021-11-28T18:41:06,,,,,,,,,,
ChatExport_2026-10-01/photos/photo_1439@29-11-2021_15-05-56.jpg,4985,2021-11-29T15:05:56,,3,2021-11-29T13:00:00,,,,,,1.5812,1.582 1.5815 1.58081 1.5805 1.58 1.5795 1.578 1.5775 1.577 1.5765 1.576 1.579
ChatExport_2026-10-01/photos/photo_1440@29-11-2021_15-05-56.jpg,4986,2021-11-29T15:05:56,EURAUD,,,,,,,,,4.5814 1.581 1.5806 1.5802 1.5798 1.5794 1.579 1.5782 1.5814 11.581 1.5778 1.5774 1.577 71.5766 1.5762 1.5758 1.575
ChatExport_2026-10-01/photos/photo_1441@29-11-2021_15-05-56.jpg,4987,2021-11-29T15:05:56,EURAUD,3,2021-11-29T14:03:00,,,,,,1.5812,1.5815 1.58081 1.5805 1.58 1.5795 1.579 1.5785 1.578 1.5775 1.577 1.5765 1.576
assets/tradingview/2021-11/2021-11-29_18h51_msg4990_OA8NHJ6m.png,4990,2021-11-29T18:51:44,EURJPY,4h,2021-11-29T18:51:00,,,,,,,35.0 34.0 33.0 32.0 31.0 30.0 29.0 27.0 26.0 25.0 24.0 23.0 22.0 21.0 135.0 134.0 133.0 132.0 131.0 130.0 129.0 127.0 126.0 125.0 124.0 123.0 122.0 121.0
assets/tradingview/2021-11/2021-11-29_18h53_msg4992_XQh7CNy8.png,4992,2021-11-29T18:53:57,EURJPY,,2021-11-29T18:53:00,127.606,127.479,129.542,achat,8.197 129.542,127.479,131.5 31.0 30.5 30.0 129.0 128.5 127.0 126.5 126.0 131.0 130.5 130.0 127.606
assets/tradingview/2021-11/2021-11-29_18h56_msg4994_HmaDhLDm.png,4994,2021-11-29T18:56:49,AUDUSD,15,2021-11-29T18:56:00,,,,,,,0.725 0.724 0.723 0.722 0.721 0.72 0.719 0.714 0.712 0.711 0.71 0.709 0.708 0.707 0.718 0.717 0.716 0.715
ChatExport_2026-10-01/photos/photo_1442@30-11-2021_14-20-32.jpg,5003,2021-11-30T14:20:32,EURUSD,,,,,,,,,11.25 11.29 11.3 645.28 0.0 11.26
ChatExport_2026-10-01/photos/photo_1443@30-11-2021_14-20-32.jpg,5004,2021-11-30T14:20:32,,,,,,,,,,
ChatExport_2026-10-01/photos/photo_1444@30-11-2021_14-46-03.jpg,5010,2021-11-30T14:46:03,CHFJPY,15,2021-11-29T23:35:00,,,,,,123.373 123.308,123.6 123.32 123.2 123.0 122.8 122.6 122.4 122.2
ChatExport_2026-10-01/photos/photo_1445@30-11-2021_14-46-03.jpg,5011,2021-11-30T14:46:03,CHFJPY,15,2021-11-30T09:03:00,,,,,,123.373 122.688,123.5 123.2 123.1 123.0 122.9 122.8 122.6 122.5 122.4 122.3 123.32
ChatExport_2026-10-01/photos/photo_1446@30-11-2021_14-46-03.jpg,5012,2021-11-30T14:46:03,,,,,,,,,,123.42 123.26 123.18 123.1 123.02 122.94 122.86 122.78 122.62 122.54 122.46 122.38 122.3 122.22 122.14 122.06
assets/tradingview/2021-11/2021-11-30_17h10_msg5016_n8iYZX0x.png,5016,2021-11-30T17:10:53,AUDUSD,15,2021-11-30T17:10:00,,,,,,0.70863,0.724 0.722 0.72 0.718 0.716 0.714 0.712 0.71 0.706 0.704
assets/tradingview/2021-11/2021-11-30_17h55_msg5023_iGPXUlRg.png,5023,2021-11-30T17:55:02,EURJPY,5,2021-11-30T17:54:00,127.61,127.479,129.542,achat,129.542,127.479,30.0 29.8 29.4 29.2 29.0 28.8 28.6 28.4 28.2 127.8 27.4 27.2 27.0 26.8 26.6 26.4 130.0 129.8 129.4 129.2 129.0 128.8 128.6 128.4 128.2 127.61 127.4 127.2 127.0 126.8 126.6 126.4
assets/tradingview/2021-12/2021-12-01_04h36_msg5031_HLtZGbhe.png,5031,2021-12-01T04:36:00,EURJPY,1h,2021-12-01T04:35:00,127.615,127.484,129.941,achat,129.941,127.484,32.0 31.5 31.0 30.5 129.5 129.0 128.0 27.0 26.5 26.0 25.5 132.0 131.5 131.0 130.5 127.615 127.0 126.5 126.0 125.5
assets/tradingview/2021-12/2021-12-01_04h39_msg5037_enTlS6YC.png,5037,2021-12-01T04:39:57,AUDUSD,1h,2021-12-01T04:39:00,,,,,0.71665,,0.728 0.726 0.724 0.722 0.72 0.718 0.714 0.712 0.71 0.708 0.706 0.704 0.702 0.7
assets/tradingview/2021-12/2021-12-01_18h31_msg5040_MLWYz7Wg.png,5040,2021-12-01T18:31:29,,2,,,,,,,,1.951 1.949 1.948 1.947 1.945 1.944 1.943 1.942 1.94 1.9494
assets/tradingview/2021-12/2021-12-01_18h31_msg5042_eIfQmYIu.png,5042,2021-12-01T18:31:29,GBPNZD,5,,,,,,,,1.951 1.95 1.949 1.94832 1.94777 1.947 1.946 1.945 1.944 1.943 1.942 1.94041 1.939 1.9494
assets/tradingview/2021-12/2021-12-01_18h31_msg5043_U5pYgz3h.png,5043,2021-12-01T18:31:29,,,,,,,,113.801 113.763 113.739 113.726 113.683 113.636 113.611 2.83 112.833 112.924 112.834 112.623,,113.735 413.207 113.188 113.133 12.28 113.684 113.573 113.478 113.472 113.386 113.207 113.093 112.923 112.884 112.834 112.816 112.624
ChatExport_2026-10-01/photos/photo_1449@01-12-2021_18-31-29.jpg,5041,2021-12-01T18:31:29,GBPNZD,,,,,,,,,1.9475 1.947 1.9465 1.946 1.9455 1.945 1.9445 1.944 1.9435 1.943 1.942 1.9415 1.941 1.948
ChatExport_2026-10-01/photos/photo_1450@01-12-2021_18-31-29.jpg,5044,2021-12-01T18:31:29,,,,,,,,,,114.05 113.9 113.75 113.6 113.3 113.0 112.85 112.4 113.15
assets/tradingview/2021-12/2021-12-02_00h40_msg5058_besRbwII.png,5058,2021-12-02T00:40:39,EURJPY,15,2021-12-02T00:38:00,127.622,127.416,129.87,achat,129.87,127.416,130.0 129.5 129.0 128.5 128.0 127.0 126.5 126.0 127.622
ChatExport_2026-10-01/photos/photo_1456@02-12-2021_00-44-48.jpg,5059,2021-12-02T00:44:48,,,,,,,,,,128.78 128.7 128.54 128.46 128.38 128.3 128.22 128.14 128.06 127.98 127.9 127.74 127.66 127.58
ChatExport_2026-10-01/photos/photo_1458@02-12-2021_14-54-48.jpg,5062,2021-12-02T14:54:48,,,,,,,,,,
ChatExport_2026-10-01/photos/photo_1459@02-12-2021_15-17-25.jpg,5064,2021-12-02T15:17:25,,,,,,,,,0.70607,0.73 0.725 0.72 0.715 0.70861 0.7 0.695 0.69
assets/tradingview/2021-12/2021-12-02_15h23_msg5067_MQ8wm0hW.png,5067,2021-12-02T15:23:03,AUDUSD,15,2021-12-02T15:21:00,0.715,0.71073,0.71714,achat,0.71714,0.71073 0.70819,0.722 0.721 0.72 0.719 0.718 0.716 0.715 0.714 0.713 0.712 0.709 0.707 0.705 0.704 0.703
ChatExport_2026-10-01/photos/photo_1460@02-12-2021_16-38-04.jpg,5071,2021-12-02T16:38:04,USDJPY,5,2021-12-02T15:52:00,,,,,,,113.6 113.5 113.45 113.35 113.3 113.2 113.15 113.1 113.05 113.0
assets/tradingview/2021-12/2021-12-02_17h15_msg5076_6QPBQ6Td.png,5076,2021-12-02T17:15:45,GBPJPY,1h,2021-12-02T17:15:00,151.5,152.54,150.687,vente,150.687 149.592,152.54,54.5 54.0 53.5 53.0 152.0 151.5 151.0 150.0 149.0 148.5 148.0 154.5 154.0 153.5 153.0 152.5 47.9
assets/tradingview/2021-12/2021-12-02_17h20_msg5079_oquIKZVm.png,5079,2021-12-02T17:20:11,GBPJPY,4h,2021-12-02T17:20:00,151.5,152.54,149.592,vente,149.592,152.54,59.0 58.5 58.0 55.0 54.5 54.0 53.5 52.0 51.5 51.0 50.0 49.0 48.5 48.0 159.0 158.5 158.0 157.5 157.0 156.5 156.0 155.5 155.0 154.5 154.0 153.5 152.5 152.0 151.5 151.0 150.0 149.0 148.5 148.0
assets/tradingview/2021-12/2021-12-02_17h29_msg5083_uReb73tC.png,5083,2021-12-02T17:29:10,USDJPY,1h,2021-12-02T17:29:00,112.779,112.629,114.041,achat,114.041,112.629,15.5 15.0 114.5 113.5 113.0 112.779 112.0 111.5 111.0 110.5 115.5 115.0
assets/tradingview/2021-12/2021-12-02_17h31_msg5084_Yi7yOF1T.png,5084,2021-12-02T17:31:26,USDJPY,15,2021-12-02T17:31:00,,,,,,112.622,14.4 14.2 14.0 13.8 13.6 13.4 113.0 112.8 112.745 12.4 12.2 12.0 114.4 114.2 114.0 113.8 113.6 113.4 112.4 112.2 112.0 111.8 111.6 111.4 111.2
ChatExport_2026-10-01/photos/photo_1461@02-12-2021_17-40-56.jpg,5085,2021-12-02T17:40:56,,,,,,,,,,
ChatExport_2026-10-01/photos/photo_1462@02-12-2021_17-45-07.jpg,5088,2021-12-02T17:45:07,EURNZD,,,,,,,,,1.6944 1.6803 1.6756 1.6709 1.6662 1.6615 1.6568 51.6427 1.638 1.6333 1.6286 1.6239 1.6192 1.6098 1.6897 1.685 1.6521 1.6474 1.6427 1.6051 1.6004
ChatExport_2026-10-01/photos/photo_1463@02-12-2021_17-47-00.jpg,5090,2021-12-02T17:47:00,EURNZD,,,,,,,,,1.6803 1.6756 1.6662 1.6615 1.6568 1.638 1.6333 1.6286 1.6239 1.6192 1.6098 1.6944 1.6897 1.685 1.6709 1.6521 1.6474 1.6427 1.6051 1.6004
ChatExport_2026-10-01/photos/photo_1464@02-12-2021_17-47-36.jpg,5091,2021-12-02T17:47:36,,,,,,,,,,1.66045 1.64345 1.6392 1.63495 1.6307 1.62645 1.6222 1.6817 1.67745 1.6732 1.66895 1.6647 1.65195 1.6477 1.61795 1.6137 1.60945 1.6052 1.60095
assets/tradingview/2021-12/2021-12-02_17h57_msg5093_AHCePIPQ.png,5093,2021-12-02T17:57:29,AUDUSD,5,2021-12-02T17:56:00,0.714,0.70809,0.71714,achat,0.70954 0.71714,0.70809,0.718 0.716 0.715 0.714 0.713 0.712 0.711 0.71 0.709 0.707 0.705 0.704 0.703
ChatExport_2026-10-01/photos/photo_1465@02-12-2021_19-19-17.jpg,5095,2021-12-02T19:19:17,,,,,,,,,,
ChatExport_2026-10-01/photos/photo_1466@02-12-2021_19-19-25.jpg,5096,2021-12-02T19:19:25,,,,,,,,,,
ChatExport_2026-10-01/photos/photo_1467@03-12-2021_15-15-51.jpg,5101,2021-12-03T15:15:51,,,,,,,,0.92144,0.92142,0.9218 0.9216 0.9212 0.921 0.9208 0.9206 0.9204 0.9202
ChatExport_2026-10-01/photos/photo_1468@03-12-2021_15-16-05.jpg,5102,2021-12-03T15:16:05,USDCHF,,,,,,,,,0.9217 0.9216 0.9215 0.9214 0.9213 0.9212 0.9211 0.921 0.9209 0.9208 0.9207 0.9206 0.9205 0.9204 0.9203
assets/tradingview/2021-12/2021-12-04_05h11_msg5106_gLejtJ9d.png,5106,2021-12-04T05:11:53,,1D,2021-12-04T05:10:00,,,,,,49298.27,72500.0 70000.0 67500.0 65000.0 62500.0 55000.0 52500.0 45000.0 42500.0 40000.0 37500.0 35000.0 32500.0 30000.0 27500.0 25000.0 22500.0 20000.0 17500.0 15000.0 12500.0 10000.0
assets/tradingview/2021-12/2021-12-04_05h15_msg5109_PblSeZT1.png,5109,2021-12-04T05:15:37,,4h,2021-12-04T05:15:00,,,,,,0.44,1.05 1.0 0.95 0.9 0.85 0.8 0.75 0.7 0.65 0.6 0.55 0.5 0.35 0.3 0.25 0.2 0.15 0.4
assets/tradingview/2021-12/2021-12-04_05h16_msg5111_VxvSDRyU.png,5111,2021-12-04T05:16:24,,,2021-12-04T05:16:00,,,,,,,
assets/tradingview/2021-12/2021-12-04_05h20_msg5113_ObGPdjdY.png,5113,2021-12-04T05:20:14,,4h,2021-12-04T05:20:00,,,,,,,4.0 3.8 3.6 3.4 3.2 3.0 2.8 2.6 2.4 2.2 2.0 0.8 0.6 0.4 0.2 0.0 1.8 1.6 1.2 1.0
assets/tradingview/2021-12/2021-12-04_05h22_msg5117_ah5esfN5.png,5117,2021-12-04T05:22:35,,4h,2021-12-04T05:22:00,,,,,,0.01591,0.032 0.031 0.03 0.029 0.028 0.027 0.026 0.025 0.024 0.023 0.022 0.021 0.02 0.019 0.018 0.017 0.014 0.013 0.012 0.011 0.01 0.009 0.008 0.007 0.006
assets/tradingview/2021-12/2021-12-04_05h31_msg5119_qbfypjOt.png,5119,2021-12-04T05:31:42,,1D,2021-12-04T05:31:00,,,,,,45516.29,72000.0 70000.0 68000.0 66000.0 64000.0 62000.0 60000.0 56000.0 54000.0 52000.0 50000.0 48000.0 42000.0 40000.0 38000.0 36000.0 34000.0 32000.0 30000.0 28000.0 26000.0 24000.0
ChatExport_2026-10-01/photos/photo_1472@06-12-2021_22-29-25.jpg,5136,2021-12-06T22:29:25,,,,,,,,0.4,,1.6 1.4 1.2 1.0 0.8 0.6 0.2 0.0
assets/tradingview/2021-12/2021-12-06_22h32_msg5139_gHm9Nly6.png,5139,2021-12-06T22:32:31,,4h,2021-12-06T22:31:00,,,,,,,
assets/tradingview/2021-12/2021-12-06_22h35_msg5143_cKXIcWxR.png,5143,2021-12-06T22:35:12,,4h,2021-12-06T22:35:00,,,,,0.01758,,0.028 0.026 0.024 0.022 0.02 0.016 0.014 0.012 0.01
assets/tradingview/2021-12/2021-12-09_04h25_msg5155_3XPcKcqz.png,5155,2021-12-09T04:25:53,,1,,,,,,,,0.647 0.6465 0.646 0.6455 0.645 0.6445 0.644 0.6435 0.643 0.6425 0.642
assets/tradingview/2021-12/2021-12-09_04h25_msg5156_mauaUjzM.png,5156,2021-12-09T04:25:53,,5,,,,,,,0.66,0.664 0.662 0.658 0.656 0.654 0.652 0.65 0.648 0.646 0.644 0.64
ChatExport_2026-10-01/photos/photo_1477@13-12-2021_09-19-11.jpg,5187,2021-12-13T09:19:11,,,,,,,,,,
ChatExport_2026-10-01/photos/photo_1479@15-12-2021_21-19-23.jpg,5196,2021-12-15T21:19:23,XAUUSD,,,,,,,,,1780.8 1779.1 1775.7 1774.0 1770.6 1768.9 1767.2 1765.5 1763.8 1762.1 1760.4 1757.0 1755.3
ChatExport_2026-10-01/photos/photo_1480@15-12-2021_21-21-10.jpg,5198,2021-12-15T21:21:10,,,,,,,,,,1.338 1.31 1.336 1.334 1.332 1.33 1.328 1.324 1.322 1.32 1.316 1.314 1.312
assets/tradingview/2021-12/2021-12-16_07h21_msg5204_EKp32t5Z.png,5204,2021-12-16T07:21:45,,1D,2021-12-16T07:21:00,,,,,,,190.0 170.0 160.0 150.0 140.0 130.0 120.0 110.0 100.0 90.0 80.0 70.0 60.0 50.0
ChatExport_2026-10-01/photos/photo_1482@16-12-2021_12-52-40.jpg,5213,2021-12-16T12:52:40,,,,,,,,0.85877 0.85237,,0.87 0.865 0.86 0.85557 0.85 0.84 0.835 0.83 0.84598
ChatExport_2026-10-01/photos/photo_1483@16-12-2021_12-54-49.jpg,5215,2021-12-16T12:54:49,,,,,,,,0.85237 0.85877,,0.88 0.875 0.87 0.865 0.85557 0.85 0.84 0.835 0.83 0.825 0.82
ChatExport_2026-10-01/photos/photo_1484@16-12-2021_12-56-47.jpg,5216,2021-12-16T12:56:47,EURGBP,,,,,,,,,0.8522 0.8517 0.8512 0.8507 0.8502 0.8527 0.8497 0.8492 0.8487 0.8482 0.8477 0.8472 0.8467 0.8462 0.8457
assets/tradingview/2021-12/2021-12-16_23h35_msg5226_A5Y4pPq2.png,5226,2021-12-16T23:35:46,GBPJPY,1h,2021-12-16T23:35:00,152.0,152.54,149.592,vente,149.592,152.54,54.5 54.0 53.5 53.0 152.0 151.0 150.5 150.0 49.0 48.5 48.0 47.5 154.5 154.0 153.5 153.0 152.5 149.0 148.5 148.0 147.5
ChatExport_2026-10-01/photos/photo_1485@17-12-2021_11-52-17.jpg,5231,2021-12-17T11:52:17,,,,,,,,149.592,,156.5 156.0 155.5 155.0 154.5 154.0 153.5 152.5 152.0 151.5 151.0 150.0 149.0 148.5
ChatExport_2026-10-01/photos/photo_1486@17-12-2021_11-56-51.jpg,5232,2021-12-17T11:56:51,XAUUSD,,,,,,,,,1799.25 1774.4 1806.35 1802.8 1795.7 1792.15 1788.6 1785.05 1781.5 1777.95 1770.85 1767.3 1763.75 1760.2 1756.65
ChatExport_2026-10-01/photos/photo_1490@17-12-2021_13-10-03.jpg,5245,2021-12-17T13:10:03,,,,,,,,,,
assets/tradingview/2021-12/2021-12-21_01h24_msg5252_tOjc9GDq.png,5252,2021-12-21T01:24:14,NZDUSD,1h,2021-12-21T01:22:00,,,,,,0.67117,0.683 0.682 0.681 0.68 0.679 0.678 0.677 0.676 0.675 0.674 0.673 0.672 0.67117 0.67046 0.67019 0.67011 0.668
assets/tradingview/2021-12/2021-12-21_01h25_msg5253_U2jnga5t.png,5253,2021-12-21T01:25:52,NZDUSD,5,2021-12-21T01:25:00,0.67011,0.67004,0.67111,achat,0.67111,0.67004,0.6785 0.678 0.6775 0.677 0.6765 0.676 0.6755 0.675 0.6745 0.674 0.6735 0.673 0.6725 0.672 0.67117 0.67102 0.67011
ChatExport_2026-10-01/photos/photo_1491@21-12-2021_14-21-04.jpg,5255,2021-12-21T14:21:04,,,,,,,,0.68118,,0.685 0.684 0.683 0.682 0.68 0.679 0.678 0.677 0.676 0.674 0.673 0.672 0.67117 0.67102 0.67011 0.669 0.668
ChatExport_2026-10-01/photos/photo_1492@21-12-2021_14-33-19.jpg,5256,2021-12-21T14:33:19,,,,,,,,,,0.6729 0.67255 0.6722 0.67185 0.6715 0.67115
assets/tradingview/2021-12/2021-12-22_17h09_msg5259_2hxEY5Uo.png,5259,2021-12-22T17:09:18,NZDUSD,1h,2021-12-22T17:08:00,0.67117,0.67004,0.68187,achat,0.68187 0.68165,0.67004,0.688 0.686 0.684 0.68 0.678 0.676 0.674 0.672 0.67117 0.67102 0.67011 0.668
ChatExport_2026-10-01/photos/photo_1493@22-12-2021_17-11-15.jpg,5261,2021-12-22T17:11:15,NZDUSD,,,,,,,,,0.6835 0.68265 0.68095 0.6801 0.67925 0.6784 0.67755 0.6767 0.67585 0.675 0.67415 0.6733 0.67245 10.6716 0.67075
assets/tradingview/2021-12/2021-12-23_05h31_msg5263_BVvhQpkC.png,5263,2021-12-23T05:31:20,EURNZD,4h,2021-12-23T05:31:00,1.67,1.66472,1.68078,achat,1.68078,1.66472,1.72 1.71 1.7 1.69 1.67 1.65
assets/tradingview/2021-12/2021-12-23_05h31_msg5264_gJn1Fodv.png,5264,2021-12-23T05:31:45,EURNZD,1h,2021-12-23T05:31:00,1.65675,1.65475,1.68078,achat,1.68078,1.6647 1.65475,1.662 1.66 1.658 1.65675 1.65668 1.654 1.684 1.682 1.68 1.678 1.676 1.674 1.672 1.67 1.668 1.666
assets/tradingview/2021-12/2021-12-23_12h17_msg5266_cvKJmpNF.png,5266,2021-12-23T12:17:31,EURNZD,1h,2021-12-23T12:16:00,1.65675,1.65475,1.68078,achat,1.68078,1.65475,1.65675 1.65668 1.652 1.65 1.648 1.646 1.684 1.682 1.678 1.676 1.674 1.672 1.67 1.668 1.666 1.664 1.662 1.66
ChatExport_2026-10-01/photos/photo_1494@23-12-2021_13-41-52.jpg,5267,2021-12-23T13:41:52,EURNZD,,,,,,,,,1.6686 1.66775 1.6669 1.66605 1.6652 1.66435 1.6635 1.66265 1.6618 1.66095 1.6601 1.65925 1.6584 1.65755 1.6567 1.65585
assets/tradingview/2021-12/2021-12-24_04h26_msg5274_y7GzXXNI.png,5274,2021-12-24T04:26:00,EURNZD,1h,2021-12-24T04:25:00,1.65675,1.65475,1.66323,achat,1.66323,1.65475,1.66 1.658 1.65675 1.65668 1.654
assets/tradingview/2021-12/2021-12-29_04h06_msg5304_1a8FpLxo.png,5304,2021-12-29T04:06:17,NZDUSD,30,2021-12-29T02:34:00,0.6794,0.67857,0.68472,achat,0.68472 0.67966,0.67857,0.684 0.683 0.682 0.681 0.68 0.6794 0.678 0.677 0.676 0.675 0.674 0.673 0.672 0.671 0.67 0.669
assets/tradingview/2021-12/2021-12-29_04h06_msg5305_bU5zcuT7.png,5305,2021-12-29T04:06:31,NZDUSD,30,2021-12-29T04:05:00,0.6794,0.67857,0.68472,achat,0.68472 0.68096,0.67857,0.684 0.683 0.682 0.68 0.6794 0.679 0.678 0.677 0.676 0.675 0.674 0.673 0.672 0.671 0.67
assets/tradingview/2021-12/2021-12-29_04h07_msg5307_QjYj2rkE.png,5307,2021-12-29T04:07:46,AUDUSD,30,2021-12-29T02:33:00,0.72132,0.72046,0.72614,achat,0.72614 0.72237,0.72046,0.727 0.725 0.724 0.723 0.72132 0.72 0.719 0.718 0.717 0.716 0.715 0.714 0.713 0.712 0.711
assets/tradingview/2021-12/2021-12-29_04h08_msg5308_mSSQdNhp.png,5308,2021-12-29T04:08:07,AUDUSD,30,2021-12-29T04:08:00,0.72132,0.72046,0.72614,achat,0.72614 0.72334,0.72046,0.727 0.725 0.724 0.722 0.72132 0.72 0.719 0.718 0.717 0.716 0.715 0.714 0.713 0.712 0.711
assets/tradingview/2021-12/2021-12-29_18h24_msg5311_D2E2Ad7A.png,5311,2021-12-29T18:24:37,AUDUSD,30,2021-12-29T18:21:00,0.723,0.72048,0.7247,achat,0.72 0.7247,0.72048,0.728 0.727 0.723 0.722 0.72 0.719 0.718 0.717 0.716 0.715 0.714 0.713 0.712 0.711
assets/tradingview/2021-12/2021-12-29_18h25_msg5313_PaVPDnvy.png,5313,2021-12-29T18:25:54,NZDUSD,30,2021-12-29T18:25:00,0.67929,0.67872,0.68369,achat,0.68369 0.68302,0.67872,0.685 0.682 0.681 0.68 0.67929 0.678 0.677 0.676 0.675 0.674 0.673 0.672 0.671 0.67
ChatExport_2026-10-01/photos/photo_1497@30-12-2021_11-44-03.jpg,5317,2021-12-30T11:44:03,,,,,,,,,1.12722,1.15 1.145 1.14 1.135 1.1281 1.125 1.12 1.115 1.11
assets/tradingview/2021-12/2021-12-30_13h19_msg5325_dVdvsM8r.png,5325,2021-12-30T13:19:34,USDCAD,1h,2021-12-30T13:19:00,1.27764,1.2766,1.28833,achat,1.28833,1.2766,1.298 1.296 1.294 1.292 1.29 1.286 1.284 1.282 1.28 1.27764 1.274 1.272 1.27 1.268 1.266 1.264 1.262 1.26 1.258
ChatExport_2026-10-01/photos/photo_1499@30-12-2021_15-39-16.jpg,5329,2021-12-30T15:39:16,USDCAD,,,,,,,,,1.279 1.28075 1.2805 1.28025 1.28 1.27975 1.2795 1.27925 1.27875 1.2785 1.27825 1.278 1.27775 1.2775 1.27725
assets/tradingview/2021-12/2021-12-30_22h11_msg5337_HHvpa8CK.png,5337,2021-12-30T22:11:34,USDCAD,1h,2021-12-30T22:11:00,1.27756,1.27653,1.29403,achat,1.27381 1.29403,1.27653,1.27756 1.272 1.27 1.268 1.266 1.298 1.296 1.292 1.29 1.288 1.286 1.284 1.282 1.28
ChatExport_2026-10-01/photos/photo_1502@05-01-2022_17-55-35.jpg,5367,2022-01-05T17:55:35,,,,,,,,,,1.146 1.144 1.142 1.14 1.138 1.114 1.112 1.136 1.132 1.13 1.128 1.126 1.124 1.122 1.12 1.118 1.116
assets/tradingview/2022-01/2022-01-06_21h12_msg5379_oWXBv9gJ.png,5379,2022-01-06T21:12:56,AUDUSD,1h,2022-01-06T21:12:00,,,,,,,0.75 0.745 0.74 0.735 0.73 0.725 0.72 0.71 0.705 0.7 0.695
ChatExport_2026-10-01/photos/photo_1503@06-01-2022_21-15-48.jpg,5382,2022-01-06T21:15:48,,,,,,,,,,
ChatExport_2026-10-01/photos/photo_1504@07-01-2022_21-20-29.jpg,5383,2022-01-07T21:20:29,,,,,,,,,,
assets/tradingview/2022-01/2022-01-10_15h43_msg5391_cw0Wpez2.png,5391,2022-01-10T15:43:06,USDCAD,,2022-01-10T15:42:00,1.2625,1.26068,1.269,achat,1.269,1.26068,1.266 1.264 1.2625 1.26 1.258 1.256 1.254
ChatExport_2026-10-01/photos/photo_1505@10-01-2022_18-15-05.jpg,5392,2022-01-10T18:15:05,,,,,,,,,,178.97 79.12 78.97 78.82 78.67 78.52 78.37 78.22 78.07 77.92 177.62 77.47 77.32 77.17 77.02
ChatExport_2026-10-01/photos/photo_1506@10-01-2022_18-52-47.jpg,5393,2022-01-10T18:52:47,,,,,,,,,,178.97 79.12 78.97 78.82 78.67 78.52 78.37 78.22 78.07 77.92 77.77 177.62 77.47 77.32 77.17 77.02
assets/tradingview/2022-01/2022-01-11_04h29_msg5394_THOd7A4Q.png,5394,2022-01-11T04:29:25,AUDUSD,1h,2022-01-11T04:29:00,,,,,,,0.735 0.73 0.725 0.72 0.715 0.71 0.705 0.7
assets/tradingview/2022-01/2022-01-11_16h22_msg5397_mpqKxdoq.png,5397,2022-01-11T16:22:06,USDCAD,1h,2022-01-11T16:21:00,1.26232,1.26031,1.28064,achat,1.28064,1.2606 1.26031,1.258 1.294 1.292 1.29 1.288 1.286 1.284 1.282 1.278 1.276 1.274 1.272 1.27 1.268 1.266 1.264 1.26232
ChatExport_2026-10-01/photos/photo_1507@11-01-2022_19-18-16.jpg,5398,2022-01-11T19:18:16,,,,,,,,,,79.0 78.9 78.8 78.7 78.6 78.5 78.2 78.1 78.0 77.9 77.8 77.7 77.5 77.4 77.3 77.2
ChatExport_2026-10-01/photos/photo_1508@12-01-2022_13-46-25.jpg,5404,2022-01-12T13:46:25,,,,,,,,,,158.0 157.9 157.8 157.6 157.4 157.3 157.2 157.1 157.0 156.9 156.8 156.7 156.6 156.5 156.4 156.3 156.2
assets/tradingview/2022-01/2022-01-12_14h06_msg5407_Z1UXq5aK.png,5407,2022-01-12T14:06:56,GBPJPY,1h,2022-01-12T14:06:00,,,,,157.71,,58.0 57.8 57.6 57.4 56.8 56.6 56.4 56.2 56.0 55.8 55.0 54.8 157.8 157.6 157.4 157.2 157.0 156.8 156.6 156.4 156.2 156.0 155.8 155.6 155.4 155.2 155.0 154.8
assets/tradingview/2022-01/2022-01-12_14h12_msg5409_YJRRfTWA.png,5409,2022-01-12T14:12:02,AUDUSD,1h,2022-01-12T14:11:00,,,,,,,0.73 0.728 0.726 0.722 0.72 0.718 0.716 0.714 0.712 0.71 0.708 0.706 0.704 0.702 0.7 0.698
ChatExport_2026-10-01/photos/photo_1509@12-01-2022_14-44-33.jpg,5411,2022-01-12T14:44:33,,,,,,,,,,1.6801 1.67845 1.6768 1.67515 1.6735 1.6702 1.66855 1.6669 1.66525 1.6636 1.66195 1.6603 1.65865 1.657 1.67215
assets/tradingview/2022-01/2022-01-12_16h01_msg5413_XqR02n2S.png,5413,2022-01-12T16:01:48,GBPJPY,1h,2022-01-12T16:01:00,157.4,157.165,157.71,achat,157.71,157.165,157.8 157.6 157.4 57.0 56.8 56.6 56.4 56.2 56.0 55.8 55.0 157.0 156.8 156.6 156.4 156.2 156.0 155.8 155.6 155.4 155.2 155.0
assets/tradingview/2022-01/2022-01-12_22h20_msg5414_rRXBmw4s.png,5414,2022-01-12T22:20:55,GBPJPY,1h,2022-01-12T22:20:00,157.507,157.665,155.924,vente,157.71 155.924,157.665,58.0 57.8 57.6 56.8 56.6 56.4 56.2 56.0 55.8 55.0 54.8 158.0 157.8 157.6 157.507 157.4 157.2 156.8 156.6 156.4 156.2 156.0 155.8 155.6 155.4 155.2 155.0 154.8
assets/tradingview/2022-01/2022-01-12_22h29_msg5420_4YLcxp66.png,5420,2022-01-12T22:29:14,GBPJPY,1h,2022-01-12T22:29:00,,,,,157.71,157.665,158.0 57.4 57.2 56.8 56.6 56.4 56.2 56.0 55.8 55.0 54.8 54.6 54.4 54.2 54.0 53.8
ChatExport_2026-10-01/photos/photo_1510@13-01-2022_12-35-05.jpg,5423,2022-01-13T12:35:05,,,,,,,,157.71 156.493,,158.6 158.4 158.2 158.0 157.4 157.2 156.8 156.6 156.4 156.2 156.0 155.8 155.6 155.4 157.5
ChatExport_2026-10-01/photos/photo_1511@13-01-2022_12-42-30.jpg,5427,2022-01-13T12:42:30,,,,,,,,,,157.53 157.415 157.3 157.185 157.07 156.84 156.725 156.61 156.495 156.38 156.265 156.15 156.035
ChatExport_2026-10-01/photos/photo_1512@13-01-2022_19-31-04.jpg,5428,2022-01-13T19:31:04,,,,,,,,156.286,,159.2 159.0 158.8 158.6 158.4 158.2 158.0 157.5 157.4 157.2 157.0 156.8 156.6 156.0 155.8 155.6
ChatExport_2026-10-01/photos/photo_1514@13-01-2022_19-42-06.jpg,5434,2022-01-13T19:42:06,,,,,,,,1551.72,,157.8 157.357 157.2 156.6 156.4 156.2 156.0 155.8 155.4 155.2 155.0
ChatExport_2026-10-01/photos/photo_1515@13-01-2022_19-42-06.jpg,5435,2022-01-13T19:42:06,GBPJPY,1h,2022-01-12T23:55:00,157.301,157.486,157.174,vente,157.174,157.486 157.431,157.301 156.0 155.5 155.0
ChatExport_2026-10-01/photos/photo_1516@13-01-2022_19-42-06.jpg,5436,2022-01-13T19:42:06,GBPJPY,,,,,,,,,157.8 156.6
ChatExport_2026-10-01/photos/photo_1517@13-01-2022_19-42-06.jpg,5437,2022-01-13T19:42:06,,,,,,,,,,158.0 157.5 156.5 156.0 155.0 154.5
assets/tradingview/2022-01/2022-01-13_21h11_msg5442_6lcVJl6C.png,5442,2022-01-13T21:11:32,EURUSD,4h,2022-01-13T21:10:00,,,,,,,1.18 1.175 1.17 1.165 1.16 1.155 1.15 1.14 1.135 1.13 1.125 1.12 1.115
ChatExport_2026-10-01/photos/photo_1519@17-01-2022_08-54-27.jpg,5453,2022-01-17T08:54:27,GBPAUD,,,,,,,,,2.0 1.98 1.96 1.94 1.92 1.88 1.86 1.82 1.8 1.78
assets/tradingview/2022-01/2022-01-20_06h01_msg5459_BKfNMftE.png,5459,2022-01-20T06:01:59,AUDUSD,1h,2022-01-20T06:01:00,,,,,,,0.731 0.729 0.727 0.723 0.721 0.719 0.717 0.715 0.713
assets/tradingview/2022-01/2022-01-20_07h17_msg5463_AyBETkbM.png,5463,2022-01-20T07:17:10,EURGBP,,2022-01-20T07:16:00,0.83646,0.83795,0.83309,vente,0.83309 0.82495,0.83795,0.844 0.842 0.84 0.834 0.83 0.828 0.826 0.822 0.83646
ChatExport_2026-10-01/photos/photo_1520@20-01-2022_16-14-03.jpg,5468,2022-01-20T16:14:03,,,,,,,,0.68612,,0.698 0.696 0.694 0.692 0.69 0.688 0.684 0.682 0.678 0.67602 0.672 0.67 0.668 0.666 0.664
ChatExport_2026-10-01/photos/photo_1521@20-01-2022_16-14-42.jpg,5470,2022-01-20T16:14:42,NZDUSD,,,,,,,,,0.686 0.683 0.689 0.688 0.687 0.685 0.684 0.682 0.681 0.679 0.678 0.677 10.676 0.675 0.674
ChatExport_2026-10-01/photos/photo_1522@20-01-2022_16-14-58.jpg,5471,2022-01-20T16:14:58,,,,,,,,,,0.83086
ChatExport_2026-10-01/photos/photo_1523@21-01-2022_20-27-12.jpg,5475,2022-01-21T20:27:12,,,,,,,,0.82593,,0.844 0.842 0.84 0.83744 0.834 0.832 0.83 0.828 0.824 0.822
ChatExport_2026-10-01/photos/photo_1524@21-01-2022_20-28-10.jpg,5476,2022-01-21T20:28:10,EURGBP,,,,,,,,,0.8365 0.8341 0.8317 0.8377 0.8361 0.8357 0.8353 0.8349 0.8345 0.8337 0.8333 0.8329 0.8325 0.8321
ChatExport_2026-10-01/photos/photo_1525@23-01-2022_22-22-44.jpg,5484,2022-01-23T22:22:44,,,,,,,,,0.83726,0.8372 0.83715 0.8371 0.83705 0.837 0.83695 0.8369 0.83685 0.8368 0.83675 0.8367
assets/tradingview/2022-01/2022-01-24_03h23_msg5486_velnYyRv.png,5486,2022-01-24T03:23:54,EURGBP,1h,2022-01-24T03:23:00,0.83745,0.83819,0.82506,vente,0.82506,0.83819 0.83585,0.841 0.84 0.839 0.83745 0.837 0.835 0.834 0.833 0.832 0.831 0.83 0.829 0.828 0.827 0.826 0.824 0.823
ChatExport_2026-10-01/photos/photo_1526@24-01-2022_03-25-45.jpg,5488,2022-01-24T03:25:45,,,,,,,,,,0.8369 0.8364 0.8349 0.8344 0.8319 0.8379 0.8374 0.8354 0.8339 0.8334 0.8329 0.8324 0.8314 0.8309
assets/tradingview/2022-01/2022-01-24_21h36_msg5491_7nyIYWTi.png,5491,2022-01-24T21:36:30,EURUSD,4h,2022-01-22T02:28:00,,,,,,,1.164 1.162 1.16 1.158 1.156 1.154 1.152 1.15 1.148 1.146 1.144 1.142 1.14 1.138 1.136 1.132 1.13 1.128 1.126 1.124 1.122 1.12 1.118 1.116
assets/tradingview/2022-01/2022-01-24_21h36_msg5492_4TxFWmOg.png,5492,2022-01-24T21:36:41,EURUSD,1h,,1.12948,1.12818,1.14417,achat,1.14417 1.13258,1.12818,1.148 1.146 1.142 1.14 1.138 1.136 1.134 1.12948 1.126 1.124 1.122 1.12 1.118 1.116
assets/tradingview/2022-01/2022-01-25_03h00_msg5495_aE6m22Qa.png,5495,2022-01-25T03:00:00,NZDJPY,1D,2022-01-25T02:59:00,,,,,,,83.0 82.0 81.0 80.0 79.0 78.0 77.0 74.0 73.0 72.0 71.0 70.0 69.0 68.0
ChatExport_2026-10-01/photos/photo_1527@25-01-2022_15-57-52.jpg,5496,2022-01-25T15:57:52,,,,,,,,,,
assets/tradingview/2022-01/2022-01-27_19h50_msg5507_vmKVDX9E.png,5507,2022-01-27T19:50:43,AUDUSD,1h,2022-01-27T19:50:00,,,,,,,0.732 0.73 0.728 0.726 0.724 0.722 0.72 0.718 0.716 0.714 0.712 0.71 0.708 0.706 0.704
assets/tradingview/2022-01/2022-01-27_19h51_msg5509_hVH5f7M7.png,5509,2022-01-27T19:51:44,AUDUSD,1h,2022-01-27T19:51:00,,,,,,,0.732 0.73 0.728 0.726 0.724 0.722 0.72 0.718 0.716 0.714 0.712 0.71 0.708 0.706 0.704 0.2
ChatExport_2026-10-01/photos/photo_1530@30-01-2022_00-18-45.jpg,5516,2022-01-30T00:18:45,XAUUSD,,,,,,,,,91.25 11.25
assets/tradingview/2022-01/2022-01-30_00h20_msg5519_yEKzwePr.png,5519,2022-01-30T00:20:19,,4h,2022-01-30T00:20:00,,,,,,,870.0 865.0 860.0 855.0 845.0 840.0 835.0 830.0 825.0 820.0 815.0 810.0 805.0 800.0 795.0 785.0 780.0 770.0 765.0 760.0 755.0 750.0 1870.0 1865.0 1860.0 1855.0 1845.0 1840.0 1835.0 1830.0 1825.0 1820.0 1815.0 1810.0 1805.0 1800.0 1795.0 1785.0 1780.0 170.0 1765.0 1760.0 1755.0 1750.0
assets/tradingview/2022-01/2022-01-30_00h27_msg5520_FmDEaUQX.png,5520,2022-01-30T00:27:55,,3,2022-01-30T00:27:00,,,,,,1852.001,859.0 858.0 857.0 856.0 855.0 854.0 853.0 851.0 849.0 1848.0 847.0 846.0 845.0 844.0 843.0 842.0 841.0 840.0 839.0 838.0 837.0 836.0 835.0 834.0 833.0 1859.0 1858.0 1857.0 1856.0 1855.0 1854.0 1853.0 1851.0 1849.0 1847.0 1846.0 1845.0 1844.0 1843.0 1842.0 1841.0 1840.0 1839.0 1838.0 1837.0 1836.0 1835.0 1834.0 1833.0
assets/tradingview/2022-01/2022-01-30_01h36_msg5522_DC8qifXa.png,5522,2022-01-30T01:36:43,XAUUSD,15,,1829.993,1827.717,1850.729,achat,1850.729,1827.92 1827.717,1854.0 1852.0 1848.0 1846.0 1843.7 2.0 840.0 838.0 836.0 834.0 832.0 1824.0 1822.0 1842.0 1840.0 1838.0 1836.0 1834.0 1832.0 1829.993 1827.127 826.0
ChatExport_2026-10-01/photos/photo_1531@31-01-2022_06-38-27.jpg,5524,2022-01-31T06:38:27,,,,,,,,,,0.735 0.73 0.72 0.715 0.71 0.695 0.69 0.685 0.68
ChatExport_2026-10-01/photos/photo_1532@31-01-2022_06-40-48.jpg,5525,2022-01-31T06:40:48,,,,,,,,,,1.338 1.36 1.358 1.356 1.354 1.352 1.348 1.346 1.344 1.34
ChatExport_2026-10-01/photos/photo_1533@31-01-2022_06-42-06.jpg,5526,2022-01-31T06:42:06,,,,,,,,,,1.735 1.725 1.72 1.715 1.71 1.705 1.695 1.69 1.685 1.68 1.675 1.73
ChatExport_2026-10-01/photos/photo_1534@31-01-2022_06-44-47.jpg,5527,2022-01-31T06:44:47,,,,,,,,,,1.295 1.29 1.285 1.28 1.265 1.26 1.255 1.245 1.24 1.235
ChatExport_2026-10-01/photos/photo_1535@31-01-2022_06-46-25.jpg,5528,2022-01-31T06:46:25,,,,,,,,,,1.405 1.345 1.335 1.33 1.32 1.4 1.395 1.39 1.385 1.38 1.37 1.365 1.36 1.355
ChatExport_2026-10-01/photos/photo_1536@31-01-2022_06-48-49.jpg,5529,2022-01-31T06:48:49,,,,,,,,,,134.5 134.0 133.5 133.0 132.5 132.0 131.5 131.0 130.5 130.0 129.5 128.0 127.0 126.5 126.0 125.5 125.0
assets/tradingview/2022-01/2022-01-31_15h34_msg5534_e6JyvtRj.png,5534,2022-01-31T15:34:36,EURJPY,,2022-01-31T15:23:00,,,,,129.201,,129.8 129.7 129.6 129.5 129.4 129.3 129.1 129.0 128.9 128.8 128.7 128.6 128.5 128.4 128.3 128.2
ChatExport_2026-10-01/photos/photo_1538@31-01-2022_15-34-36.jpg,5532,2022-01-31T15:34:36,,,,,,,,,,
ChatExport_2026-10-01/photos/photo_1539@31-01-2022_15-34-36.jpg,5533,2022-01-31T15:34:36,,,,,,,,,,130.8 130.6 130.4 130.2 130.0 429.8 129.6 129.4 129.2 128.6 128.4 128.2 128.0 127.8 127.6
ChatExport_2026-10-01/photos/photo_1540@31-01-2022_16-52-13.jpg,5539,2022-01-31T16:52:13,,,,,,,,154.828,,155.6 155.4 155.128 154.6 154.4 154.2 154.0 153.8 153.6
ChatExport_2026-10-01/photos/photo_1541@31-01-2022_16-52-58.jpg,5541,2022-01-31T16:52:58,GBPJPY,,,,,,,,,1.31 0.0
ChatExport_2026-10-01/photos/photo_1542@31-01-2022_17-56-57.jpg,5542,2022-01-31T17:56:57,EURGBP,2h,2022-01-30T18:03:00,,,,,,,0.838
ChatExport_2026-10-01/photos/photo_1543@31-01-2022_17-57-09.jpg,5543,2022-01-31T17:57:09,EURGBP,,,,,,,0.83512,,0.842 0.841 0.84 0.839 0.838 0.837 0.836 0.834 0.833 0.832 0.831 0.83
ChatExport_2026-10-01/photos/photo_1544@31-01-2022_18-13-56.jpg,5544,2022-01-31T18:13:56,,15,2022-01-30T13:54:00,,,,,,,115.8 115.581 115.4 115.0 114.6 114.4
ChatExport_2026-10-01/photos/photo_1545@31-01-2022_18-13-56.jpg,5545,2022-01-31T18:13:56,USDJPY,15,2022-01-31T17:39:00,,,,,115.177 115.1,,115.581 115.5 115.4 115.3 115.0 114.9 114.8 114.7
ChatExport_2026-10-01/photos/photo_1546@01-02-2022_15-03-05.jpg,5548,2022-02-01T15:03:05,XAUUSD,,,,,,,,,1811.8 1809.8 1807.8 1805.8 1803.8 1801.8 1799.8 1795.8 1793.8 1791.8 1789.8 1787.8 1785.8 1783.8 1781.8 71809.8
ChatExport_2026-10-01/photos/photo_1547@01-02-2022_15-03-47.jpg,5549,2022-02-01T15:03:47,,,,,,,,,,1813.0 1812.0 1811.0 1809.0 1807.0 1806.0 1805.0 1804.0 1803.0 1802.0 1801.0 1798.0 1797.0 1796.0 795.0 1794.0 1007.57 1795.0
ChatExport_2026-10-01/photos/photo_1548@01-02-2022_16-45-53.jpg,5551,2022-02-01T16:45:53,XAUUSD,,,,,,,,,1808.9 1807.9 1806.9 1805.9 1803.9 1802.9 1801.9 1800.9 1799.9 1798.9 1797.9 1796.9 1795.9 1794.9 1793.9
ChatExport_2026-10-01/photos/photo_1549@01-02-2022_16-46-25.jpg,5552,2022-02-01T16:46:25,,,,,,,,,,
ChatExport_2026-10-01/photos/photo_1550@01-02-2022_18-43-57.jpg,5553,2022-02-01T18:43:57,XAUUSD,,,,,,,,,1809.0 1808.1 1807.2 1806.3 1805.4 1804.5 1803.6 1802.7 1800.9 1800.0 1799.1 1798.2 1796.4
ChatExport_2026-10-01/photos/photo_1551@01-02-2022_18-44-24.jpg,5554,2022-02-01T18:44:24,,,,,,,,,,
ChatExport_2026-10-01/photos/photo_1552@02-02-2022_04-05-42.jpg,5563,2022-02-02T04:05:42,,,,,,,,,,
assets/tradingview/2022-02/2022-02-02_06h09_msg5565_QX3DWFP7.png,5565,2022-02-02T06:09:24,EURJPY,1h,2022-02-02T06:09:00,,,,,,129.55 129.347 129.555,131.2 131.0 130.8 130.6 130.4 130.2 130.0 129.8 129.465 129.2 129.0 128.8 128.6 128.4 128.2 128.0 1517.4
assets/tradingview/2022-02/2022-02-02_06h12_msg5568_HbXd44lN.png,5568,2022-02-02T06:12:39,EURJPY,5,2022-02-02T06:12:00,129.45,129.55,129.361,vente,129.361,129.55,129.6 129.5 129.4 129.3 129.2 129.1 129.0 128.9 128.8 128.7 128.6 128.5 128.4 128.3 129.45
ChatExport_2026-10-01/photos/photo_1553@02-02-2022_08-12-19.jpg,5570,2022-02-02T08:12:19,XAUUSD,,,,,,,,,2.01 62.66 0.0
ChatExport_2026-10-01/photos/photo_1554@02-02-2022_08-24-39.jpg,5574,2022-02-02T08:24:39,,,,,,,,,,83.5 83.0 82.01 81.5 81.0 80.5 79.5
ChatExport_2026-10-01/photos/photo_1555@02-02-2022_12-49-01.jpg,5576,2022-02-02T12:49:01,,,,,,,,,,129.8 129.7 129.6 129.5 129.4 129.2 129.1 129.0 128.9 128.8 128.7 128.6 128.5
assets/tradingview/2022-02/2022-02-02_15h01_msg5579_sCe9KwM5.png,5579,2022-02-02T15:01:23,EURJPY,15,2022-02-02T15:01:00,,,,,,129.55,129.6 129.5 129.4 129.3 129.2 129.0 128.9 128.8 128.7 128.6 128.5 128.4 128.3 129.45
ChatExport_2026-10-01/photos/photo_1556@02-02-2022_15-04-45.jpg,5581,2022-02-02T15:04:45,,,,,,,,,,129.45 129.41 129.37 129.29 129.25 129.21 129.17 129.13 129.09 129.05 129.01 128.97 128.93 128.89
ChatExport_2026-10-01/photos/photo_1557@04-02-2022_15-14-37.jpg,5583,2022-02-04T15:14:37,XAUUSD,,,,,,,,,1812.05 1810.7 1809.35 1808.0 1805.3 1803.95 1802.6 1801.25 1799.9 1798.55 1797.2 1795.85 1794.5 1793.15 1813.4
ChatExport_2026-10-01/photos/photo_1558@04-02-2022_15-15-05.jpg,5584,2022-02-04T15:15:05,,,,,,,,,,
ChatExport_2026-10-01/photos/photo_1562@04-02-2022_18-03-06.jpg,5591,2022-02-04T18:03:06,,,,,,,,,,
assets/tradingview/2022-02/2022-02-04_18h06_msg5594_L7h9NH0o.png,5594,2022-02-04T18:06:44,,1W,2022-02-04T18:06:00,,,,,40440.0,,20000.0 15000.0 10000.0 5000.0 95000.0 90000.0 85000.0 80000.0 75000.0 70000.0 65000.0 60000.0 55000.0 50000.0 45000.0 35000.0 30000.0 25000.0 0.0 120000.0 115000.0 110000.0 105000.0 100000.0
ChatExport_2026-10-01/photos/photo_1563@07-02-2022_16-44-45.jpg,5597,2022-02-07T16:44:45,,,,,,,,,,
assets/tradingview/2022-02/2022-02-08_04h39_msg5601_BksoTlEc.png,5601,2022-02-08T04:39:06,NZDUSD,5,2022-02-08T04:38:00,0.66483,0.66552,0.65918,vente,0.65918,0.66478 0.66552,0.669 0.6685 0.668 0.6675 0.667 0.6665 0.666 0.66483 0.664 0.6635 0.663 0.6625 0.662 0.6615 0.661 0.6605 0.66 0.6595 0.6585
assets/tradingview/2022-02/2022-02-08_05h19_msg5603_oPO8uFvy.png,5603,2022-02-08T05:19:46,NZDUSD,5,2022-02-08T05:19:00,0.66483,0.66552,0.66371,vente,0.66371 0.65918,0.66552,0.7429 0.665 0.66483 0.6645 0.664 0.663 0.6625 0.662 0.6615 0.661 0.6605 0.66 0.6595 0.659 0.6585
ChatExport_2026-10-01/photos/photo_1564@08-02-2022_05-22-47.jpg,5605,2022-02-08T05:22:47,NZDUSD,,,,,,,,,0.6653 0.66495 0.66425 0.6639 0.66355 0.6632 0.66285 0.6625 0.66215 0.6618 0.66145 0.6611 0.66075
assets/tradingview/2022-02/2022-02-11_05h18_msg5607_dvXy7JiA.png,5607,2022-02-11T05:18:36,NZDJPY,1h,2022-02-11T05:17:00,77.913,78.033,77.059,vente,77.059 76.113,78.033,78.2 77.8 76.8 76.6 76.4 76.2 76.0 75.8 75.6 75.4 75.2 75.0 77.913 77.6 77.4 77.2
ChatExport_2026-10-01/photos/photo_1565@11-02-2022_18-57-08.jpg,5608,2022-02-11T18:57:08,,,,,,,,,,1900.0 1890.0 1880.0 1870.0 1850.0 1840.0 1830.0 1820.0 1810.0 1800.0 1790.0
assets/tradingview/2022-02/2022-02-11_19h12_msg5611_KYue0fSw.png,5611,2022-02-11T19:12:53,NZDJPY,1h,2022-02-11T19:12:00,77.913,78.033,76.113,vente,76.113,78.033,78.4 78.2 77.8 76.8 76.4 76.2 76.0 75.8 75.6 75.4 73.2 77.913 77.6 77.4 77.2 77.0
assets/tradingview/2022-02/2022-02-16_22h14_msg5615_cdQFQ0ZN.png,5615,2022-02-16T22:14:16,EURUSD,1h,2022-02-16T22:13:00,,,,,1.13744,,1.15 1.148 1.146 1.144 1.142 1.14 1.136 1.134 1.132 1.13 1.128 1.126
ChatExport_2026-10-01/photos/photo_1566@18-02-2022_18-41-17.jpg,5619,2022-02-18T18:41:17,NZDUSD,,,0.67255,0.67385,0.6573,vente,0.6573,0.67385,0.69 0.685 0.665 0.66 0.655 0.65 0.645 0.64 0.67255
ChatExport_2026-10-01/photos/photo_1567@18-02-2022_18-41-28.jpg,5620,2022-02-18T18:41:28,,,,,,,,0.6696,0.67357,0.69 0.685 0.665 0.655 0.65 0.645
assets/tradingview/2022-02/2022-02-21_19h29_msg5626_lLD88ZY1.png,5626,2022-02-21T19:29:15,NZDJPY,1h,2022-02-21T19:29:00,77.882,78.033,75.079,vente,7.079 75.079,78.033 76.901,79.4 79.2 79.0 78.8 78.6 78.4 78.2 77.6 76.6 76.4 76.2 76.0 75.8 75.6 75.4 75.2 77.882 7.8 77.4 77.2 77.0
ChatExport_2026-10-01/photos/photo_1569@25-02-2022_16-26-46.jpg,5638,2022-02-25T16:26:46,,,,,,,,,,2040.0 2020.0 2000.0 1980.0 1960.0 1940.0 1920.0 1900.0 1860.0 1840.0 1820.0 1800.0 1780.0 1760.0 1740.0 1720.0
ChatExport_2026-10-01/photos/photo_1571@01-03-2022_16-05-16.jpg,5644,2022-03-01T16:05:16,,,,,,,,0.70893,,0.75 0.745 0.74 0.735 0.72729 0.72 0.715 0.705 0.7 0.695
ChatExport_2026-10-01/photos/photo_1572@01-03-2022_16-05-33.jpg,5645,2022-03-01T16:05:33,,,,,,,,115.866,114.565,117.0 116.5 116.0 115.5 114.0 113.5 113.0
ChatExport_2026-10-01/photos/photo_1573@01-03-2022_16-06-00.jpg,5646,2022-03-01T16:06:00,,,,,,,,,,79.5 79.0 78.5 78.0 77.0 76.5 76.0 75.5
ChatExport_2026-10-01/photos/photo_1574@01-03-2022_16-06-14.jpg,5647,2022-03-01T16:06:14,,,,,,,,,,0.688 0.686 0.684 0.682 0.68 0.678 0.672 0.67 0.668 0.666 0.664 0.662 0.66 0.658
assets/tradingview/2022-03/2022-03-02_15h50_msg5654_S2seabbl.png,5654,2022-03-02T15:50:17,USDJPY,1h,2022-03-02T15:50:00,114.697,114.596,115.734,achat,115.734 115.501,114.596,116.4 116.2 116.0 115.8 115.6 115.2 115.0 114.8 114.697 114.4 114.2 114.0
assets/tradingview/2022-03/2022-03-02_15h51_msg5656_bj6u2cF7.png,5656,2022-03-02T15:51:22,AUDUSD,1h,2022-03-02T15:51:00,0.72705,0.7292,0.70869,vente,0.70869,0.7292 0.72545,0.73 0.728 0.72705 0.726 0.724 0.722 0.72 0.718 0.716 0.714 0.712 0.71 0.708
assets/tradingview/2022-03/2022-03-28_18h10_msg5674_jHyXJAwt.png,5674,2022-03-28T18:10:10,,1h,2022-03-28T18:09:00,,,,,2075.052,1933.035,2100.0 2080.0 2060.0 2040.0 2020.0 2000.0 1980.0 1960.0 1940.0 1920.629 1900.0 1880.0 1860.0
assets/tradingview/2022-03/2022-03-30_11h41_msg5680_UMQJtk1V.png,5680,2022-03-30T11:41:29,USDJPY,1h,2022-03-30T11:40:00,,,,,,121.709,127.0 126.0 124.0 123.0 122.0 121.0 119.0 118.0 117.0 116.0
assets/tradingview/2022-03/2022-03-30_11h42_msg5682_RwtMbtFQ.png,5682,2022-03-30T11:42:36,EURJPY,1h,2022-03-30T11:42:00,,,,,,,140.5 140.0 139.5 139.0 138.5 138.0 137.0 136.5 136.0 134.5 134.0 133.5 133.0 132.5
ChatExport_2026-10-01/photos/photo_1579@20-04-2022_16-36-41.jpg,5723,2022-04-20T16:36:41,,,,,,,,166.876,167.78,171.0 170.5 70.0 169.5 69.0 68.5 64.5 164.0 163.0 62.5 162.0 170.0 169.0 168.5 165.5 164.5 163.5 162.5
ChatExport_2026-10-01/photos/photo_1580@20-04-2022_16-38-07.jpg,5724,2022-04-20T16:38:07,GBPJPY,,,,,,,,,168.34 168.21 168.08 167.95 167.82 167.69 167.56 167.43 167.17 167.04 166.91 166.65 166.52
assets/tradingview/2022-04/2022-04-20_17h18_msg5726_SZYam86g.png,5726,2022-04-20T17:18:59,GBPJPY,15,2022-04-20T17:18:00,167.624,167.78,166.043,vente,166.043,167.78 166.777,168.5 168.0 167.624 167.0 166.5 165.5 164.5
assets/tradingview/2022-04/2022-04-20_17h23_msg5727_M1ixh8pz.png,5727,2022-04-20T17:23:11,GBPJPY,1,2022-04-20T17:23:00,167.664,167.78,167.049,vente,167.049,167.78,168.1 168.0 167.9 167.7 167.6 167.4 167.3 167.2 167.1 167.0 166.9 166.8 166.6 167.664
assets/tradingview/2022-04/2022-04-20_17h23_msg5728_mASSL8hu.png,5728,2022-04-20T17:23:32,,,2022-04-20T17:23:00,,,,,,167.78,167.9 167.7 167.664 167.6 167.4 167.3 167.2 167.1 167.0 166.9 166.8 166.6 166.5 166.4
assets/tradingview/2022-04/2022-04-21_07h11_msg5734_bdlsFKnP.png,5734,2022-04-21T07:11:49,USDCHF,5,2022-04-21T04:31:00,0.95118,0.95168,0.94563,vente,0.94563,0.95028 0.95168,0.954 0.953 0.952 0.95 0.949 0.948 0.947 0.946 0.945 0.944 0.943 0.942 0.941 0.95118
assets/tradingview/2022-04/2022-04-21_07h12_msg5735_3xPjUCh1.png,5735,2022-04-21T07:12:02,USDCHF,3,2022-04-21T04:34:00,,,,,,0.95036,0.95 0.9508 0.9506 0.9502 0.9498 0.9496 0.9494 0.9492 0.949 0.9488 0.9516 0.9514 0.9512 0.951
assets/tradingview/2022-04/2022-04-21_07h12_msg5736_ddZAgzkf.png,5736,2022-04-21T07:12:12,USDCHF,1,2022-04-21T07:08:00,0.95103,0.95158,0.94841,vente,0.94841 0.94673,0.95158,0.9525 0.952 0.95103 0.9505 0.95 0.9495 0.949 0.948 0.9475 0.947 0.9465
ChatExport_2026-10-01/photos/photo_1581@21-04-2022_17-17-38.jpg,5744,2022-04-21T17:17:38,,,,,,,,,,1.096 1.094 1.085 1.084
ChatExport_2026-10-01/photos/photo_1582@21-04-2022_17-18-50.jpg,5745,2022-04-21T17:18:50,EURUSD,3,2022-04-21T11:12:00,,,,,,,1.093 1.0915 1.091 1.0905 1.09 1.0895 1.0885 1.088 1.0875 1.087 1.0921
ChatExport_2026-10-01/photos/photo_1583@21-04-2022_17-19-11.jpg,5746,2022-04-21T17:19:11,EURUSD,,,,,,,,,1.0931 1.0928 1.0925 1.0922 1.0919 1.0916 1.0913 1.091 1.0907 1.0904 1.0901 1.0898 1.0895 1.0889 1.0886 71.091
assets/tradingview/2022-04/2022-04-21_17h30_msg5748_8m25JLzd.png,5748,2022-04-21T17:30:06,EURJPY,15,2022-04-21T17:29:00,,,,,,,139.5 139.0 138.5 138.0 137.5 137.0 136.5 136.0 135.5
assets/tradingview/2022-04/2022-04-21_17h31_msg5750_O8gKdMMr.png,5750,2022-04-21T17:31:51,AUDJPY,1h,2022-04-21T17:31:00,,,,,,94.751,96.0 95.5 94.0 93.5 93.0 92.5 92.0 91.5 91.0 90.5
assets/tradingview/2022-04/2022-04-21_17h33_msg5751_dGKTusDQ.png,5751,2022-04-21T17:33:06,GBPUSD,1h,2022-04-21T17:33:00,,,,,,,1.302 1.298 1.296 1.318 1.316 1.314 1.312 1.31 1.308 1.306
assets/tradingview/2022-04/2022-04-22_18h03_msg5752_8OamrANK.png,5752,2022-04-22T18:03:25,AUDUSD,1,2022-04-22T13:48:00,,,,,0.74317,,0.746 0.7456 0.7454 0.7452 0.7448 0.7444 0.7442 0.744 0.74369 0.74366 0.74365 0.74353 0.7434 0.74333 0.74318 0.743 0.7428 0.7426 0.7424 0.7422 0.742 0.7418 0.74473 0.74457 0.7439 0.74291 0.74272 0.74233
ChatExport_2026-10-01/photos/photo_1584@25-04-2022_03-47-54.jpg,5753,2022-04-25T03:47:54,AUDUSD,,,,,,,,,0.7666 0.7627 0.7588 0.7549 0.751 0.7432 0.7393 0.7354 0.7315 0.7276 0.7237 0.7198 0.712 0.7081
ChatExport_2026-10-01/photos/photo_1585@26-04-2022_07-15-32.jpg,5757,2022-04-26T07:15:32,,1h,,,,,,,137.445,136.928 136.5 136.0 135.5 137.416 136.799
ChatExport_2026-10-01/photos/photo_1586@26-04-2022_07-15-32.jpg,5758,2022-04-26T07:15:32,,2,,,,,,,,137.05 137.0 136.95 136.85
ChatExport_2026-10-01/photos/photo_1587@26-04-2022_07-15-32.jpg,5759,2022-04-26T07:15:32,,,,,,,,,,137.5 137.435 137.37 137.305 137.24 137.175 137.11 137.045 136.98 136.915 136.85 136.785
assets/tradingview/2022-04/2022-04-28_16h58_msg5774_9IW3LDec.png,5774,2022-04-28T16:58:22,AUDUSD,1W,2022-04-28T15:01:00,,,,,0.74317 0.7142 0.70594,,0.86 0.85 0.84 0.83 0.82 0.81 0.8 0.79 0.78 0.74688 0.74665 0.74366 0.74353 0.72173 0.72134 0.71867 0.71857 0.69 0.68 0.67 0.66 0.65 0.64 0.63 0.62 0.61 0.6 0.59 0.58 0.57 0.56 0.55 0.54
assets/tradingview/2022-04/2022-04-28_16h58_msg5774_AFex32JT.png,5774,2022-04-28T16:58:22,AUDUSD,1D,2022-04-28T15:10:00,,,,,0.74317 0.7142 0.70594,,0.805 0.8 0.795 0.79 0.785 0.78 0.775 0.77 0.765 0.76 0.755 0.74688 0.74665 0.74366 0.74353 0.74 0.735 0.73 0.72173 0.72134 0.71867 0.71857 0.7 0.695 0.69 0.685 0.68 0.675 0.67 0.665
assets/tradingview/2022-04/2022-04-28_16h58_msg5774_lQT8DL9X.png,5774,2022-04-28T16:58:22,AUDUSD,4h,2022-04-28T15:16:00,,,,,0.74317 0.7142 0.70594,,0.766 0.764 0.762 0.76 0.758 0.756 0.754 0.752 0.75 0.74688 0.74366 0.74353 0.742 0.74 0.738 0.736 0.734 0.732 0.73 0.728 0.726 0.72173 0.72134 0.71867 0.71857 0.716 0.712 0.71 0.704 0.702 0.74665
assets/tradingview/2022-04/2022-04-28_16h58_msg5774_YtsPl9fS.png,5774,2022-04-28T16:58:22,AUDUSD,,2022-04-28T15:31:00,,,,,0.74317,,0.754 0.753 0.752 0.751 0.75 0.749 0.748 0.747 0.746 0.745 0.74366 0.74353 0.742 0.741 0.74 0.739 0.738 0.737 0.736 0.735 0.734 0.733 0.732 0.731 0.73
assets/tradingview/2022-04/2022-04-28_16h58_msg5774_QiEDKMcr.png,5774,2022-04-28T16:58:22,AUDUSD,30,2022-04-28T15:32:00,,,,,0.74317,,0.754 0.753 0.752 0.751 0.75 0.749 0.748 0.747 0.746 0.745 0.74366 0.74353 0.742 0.741 0.74 0.739 0.738 0.737 0.736 0.735 0.734 0.733 0.732 0.731
assets/tradingview/2022-04/2022-04-28_16h58_msg5774_EfyiW8Ml.png,5774,2022-04-28T16:58:22,AUDUSD,5,2022-04-28T15:36:00,,,,,0.74317 0.73917 0.73427,,0.751 0.75 0.749 0.748 0.746 0.74497 0.74474 0.74473 0.74456 0.74366 0.74353 0.742 0.741 0.74 0.738 0.737 0.736 0.735 0.734 0.733 0.732 0.731 0.74688 0.74665
assets/tradingview/2022-04/2022-04-28_16h58_msg5774_oThtKgVq.png,5774,2022-04-28T16:58:22,AUDUSD,2,2022-04-28T15:40:00,,,,,0.74317,,0.7475 0.747 0.7465 0.746 0.7455 0.74497 0.74474 0.74473 0.744 0.743 0.7425 0.742 0.741 0.7405 0.74 0.74688 0.74665 0.74456 0.74366 0.74353
assets/tradingview/2022-04/2022-04-28_16h58_msg5774_NRDz8GgW.png,5774,2022-04-28T16:58:22,AUDUSD,1,2022-04-28T15:46:00,,,,,0.74317,,0.7462 0.746 0.7458 0.7456 0.7454 0.7452 0.74456 0.7444 0.7442 0.744 0.7438 0.7436 0.7434 0.743 0.7428 0.7426 0.74497 0.74474 0.74472 0.74366 0.74353
ChatExport_2026-10-01/photos/photo_1596@12-05-2022_08-42-58.jpg,5785,2022-05-12T08:42:58,,,,,,,,,,
assets/tradingview/2022-05/2022-05-12_08h43_msg5788_OikM083t.png,5788,2022-05-12T08:43:44,AUDUSD,,2022-05-11T13:37:00,,,,,0.69675,,0.7035 0.703 0.7025 0.7015 0.701 0.7005 0.7 0.6995 0.699 0.6985 0.698 0.6975 0.697 0.696 0.6955 0.695 0.6945 0.694 0.6935 0.6925 0.692 0.6915 0.69317 0.69294
ChatExport_2026-10-01/photos/photo_1597@12-05-2022_08-43-44.jpg,5787,2022-05-12T08:43:44,,3,,,,,,1.73451 1.23451,,1.235 1.233 1.232 1.231 1.229 1.228 1.226 1.225 1.22707
ChatExport_2026-10-01/photos/photo_1598@12-05-2022_08-43-44.jpg,5789,2022-05-12T08:43:44,GBPUSD,1,2022-05-11T14:58:00,,,,,,1.23751,1.241 1.24 1.238 1.236 1.235 1.233 1.232 1.231 1.23 1.23853
ChatExport_2026-10-01/photos/photo_1599@12-05-2022_08-43-44.jpg,5790,2022-05-12T08:43:44,GBPUSD,1,2022-05-11T17:04:00,,,,,,,1.24 1.239 1.236 1.235 1.234 1.233 1.232 1.231 1.23 1.22853
ChatExport_2026-10-01/photos/photo_1600@13-05-2022_09-49-38.jpg,5798,2022-05-13T09:49:38,,,,,,,,,,
ChatExport_2026-10-01/photos/photo_1601@13-05-2022_10-37-00.jpg,5805,2022-05-13T10:37:00,GBPUSD,,,,,,,,,1.223 1.221 1.2208 1.2206 1.2204 1.22 1.2228 1.2226 1.2222 1.222 1.2218 1.2216 1.2214 1.2212
ChatExport_2026-10-01/photos/photo_1602@13-05-2022_10-37-07.jpg,5806,2022-05-13T10:37:07,,1,,,,,,,1.22285,1.2227 1.22257 1.222 1.2215 1.221 1.2205 1.22 4.221
assets/tradingview/2022-05/2022-05-18_11h22_msg5819_gu5a12hx.png,5819,2022-05-18T11:22:09,GBPUSD,1h,2022-05-18T11:20:00,,,,,,,1.29 1.285 1.28 1.275 1.27 1.265 1.26 1.255 1.245 1.235 1.23 1.225 1.22 1.215 1.21 1.205 1.2 1.195 1.19
assets/tradingview/2022-05/2022-05-18_11h27_msg5822_29XrbuH0.png,5822,2022-05-18T11:27:47,GBPJPY,1h,2022-05-18T11:27:00,,,,,,,69.0 68.0 67.0 66.0 64.0 59.0 58.0 57.0 56.0 55.0 169.0 168.0 167.0 166.0 165.0 164.0 163.0 162.0 161.0 159.0 158.0 157.0 156.0 155.0
ChatExport_2026-10-01/photos/photo_1603@18-05-2022_11-30-35.jpg,5823,2022-05-18T11:30:35,,5,,,,,,,,0.703 0.7025 0.702 0.701 0.7005 0.7 0.6995 0.699 0.6985 0.698
ChatExport_2026-10-01/photos/photo_1604@18-05-2022_11-30-35.jpg,5824,2022-05-18T11:30:35,AUDUSD,,,,,,,,,0.7038 0.70345 0.7031 0.70275 0.7024 0.70205 0.7017 0.70131 0.701 0.70065 0.7003 0.69995
assets/tradingview/2022-05/2022-05-18_11h34_msg5827_0BG1dnZJ.png,5827,2022-05-18T11:34:46,USDCAD,1D,2022-05-18T11:34:00,,,,,1.2839,,1.19 1.37 1.36 1.35 1.34 1.33 1.32 1.31 1.3 1.29 1.28138 1.27 1.26 1.25 1.24 1.23 1.22 1.21 1.2
assets/tradingview/2022-05/2022-05-18_11h36_msg5829_ZBznT1kX.png,5829,2022-05-18T11:36:42,USDCAD,4h,2022-05-18T11:36:00,,,,,,1.28406,1.335 1.33 1.325 1.32 1.315 1.31 1.305 1.3 1.295 1.29 1.28138 1.275 1.27 1.265 1.26 1.255 1.25 1.245 1.24 1.235 1.23 1.225 1.22 1.215
assets/tradingview/2022-05/2022-05-18_11h38_msg5830_uwUyIx12.png,5830,2022-05-18T11:38:53,USDCAD,1h,2022-05-18T11:38:00,,,,,1.28418,,1.298 1.296 1.294 1.292 1.29 1.28 1.276 1.274 1.272 1.27 1.316 1.314 1.312 1.31 1.308 1.306 1.304 1.302 1.3 1.288 1.286 1.28138 1.278
assets/tradingview/2022-05/2022-05-18_11h40_msg5831_94LXeqa6.png,5831,2022-05-18T11:40:44,,15,2022-05-18T11:40:00,,,,,1.28419,,1.298 1.296 1.294 1.292 1.29 1.288 1.286 1.282 1.28 1.276 1.274 1.304 1.302 1.3 1.28138 1.278
assets/tradingview/2022-05/2022-05-18_11h42_msg5833_XcdQivcc.png,5833,2022-05-18T11:42:25,USDCAD,15,2022-05-18T11:42:00,,,,,1.28404,,1.294 1.293 1.292 1.291 1.29 1.289 1.288 1.287 1.286 1.285 1.283 1.282 1.281 1.28 1.279 1.277 1.276 1.275 1.28138 1.278
assets/tradingview/2022-05/2022-05-18_22h22_msg5835_ev7JQ6e3.png,5835,2022-05-18T22:22:26,,,2022-05-18T22:21:00,,,,,,1.28774,1.286 1.284 1.282 1.28 1.278 1.276 1.274 1.304 1.302 1.3 1.298 1.296 1.294 1.292 1.29 1.28138 1.272
ChatExport_2026-10-01/photos/photo_1609@01-06-2022_19-11-38.jpg,5851,2022-06-01T19:11:38,,,,,,,,,,
ChatExport_2026-10-01/photos/photo_1610@01-06-2022_19-12-11.jpg,5852,2022-06-01T19:12:11,,,,,,,,,,
assets/tradingview/2022-06/2022-06-30_19h55_msg5901_TslMA82P.png,5901,2022-06-30T19:55:18,EURUSD,,2022-06-30T19:42:00,,,,,,1.04752 1.03819,1.036 1.074 1.072 1.07 1.068 1.066 1.064 1.062 1.06 1.058 1.056 1.054 1.052 1.05 1.04668 1.044 1.042 1.04 1.03869 1.034 1.032 1.03 1.028 1.026
assets/tradingview/2022-06/2022-06-30_19h55_msg5902_FUapu33J.png,5902,2022-06-30T19:55:18,EURUSD,1,2022-06-30T19:44:00,1.03873,1.03823,1.04672,achat,1.04672,1.04801 1.03823,1.047 1.0465 1.046 1.0455 1.045 1.0445 1.044 1.0435 1.043 1.0425 1.042 1.0415 1.041 1.0405 1.04 1.0395 1.039 1.03873 1.0385 1.038 1.0375 1.037
ChatExport_2026-10-01/photos/photo_1612@05-07-2022_09-49-53.jpg,5909,2022-07-05T09:49:53,,,,,,,,,,
ChatExport_2026-10-01/photos/photo_1613@05-07-2022_09-50-02.jpg,5910,2022-07-05T09:50:02,,,,,,,,,,
ChatExport_2026-10-01/photos/photo_1614@05-07-2022_10-00-55.jpg,5914,2022-07-05T10:00:55,,,,,,,,,,
ChatExport_2026-10-01/photos/photo_1615@05-07-2022_10-01-05.jpg,5915,2022-07-05T10:01:05,,,,,,,,,,
ChatExport_2026-10-01/photos/photo_1616@05-07-2022_10-33-16.jpg,5917,2022-07-05T10:33:16,,,,,,,,,,
ChatExport_2026-10-01/photos/photo_1617@05-07-2022_10-33-25.jpg,5918,2022-07-05T10:33:25,,,,,,,,,,
ChatExport_2026-10-01/photos/photo_1618@05-07-2022_16-19-57.jpg,5920,2022-07-05T16:19:57,,,,,,,,,,
ChatExport_2026-10-01/photos/photo_1619@06-07-2022_00-54-35.jpg,5922,2022-07-06T00:54:35,,,,,,,,,,
ChatExport_2026-10-01/photos/photo_1620@06-07-2022_00-54-43.jpg,5923,2022-07-06T00:54:43,,,,,,,,,,
ChatExport_2026-10-01/photos/photo_1621@06-07-2022_11-42-46.jpg,5927,2022-07-06T11:42:46,,,,,,,,,,
ChatExport_2026-10-01/photos/photo_1622@06-07-2022_11-42-58.jpg,5928,2022-07-06T11:42:58,,,,,,,,,,
ChatExport_2026-10-01/photos/photo_1623@07-07-2022_12-25-34.jpg,5932,2022-07-07T12:25:34,,,,,,,,,,
ChatExport_2026-10-01/photos/photo_1624@07-07-2022_13-24-11.jpg,5936,2022-07-07T13:24:11,,,,,,,,,,
ChatExport_2026-10-01/photos/photo_1625@08-07-2022_02-03-12.jpg,5939,2022-07-08T02:03:12,,,,,,,,,,
ChatExport_2026-10-01/photos/photo_1626@08-07-2022_02-03-36.jpg,5940,2022-07-08T02:03:36,,,,,,,,,,
ChatExport_2026-10-01/photos/photo_1627@08-07-2022_14-53-30.jpg,5947,2022-07-08T14:53:30,,,,,,,,,,
ChatExport_2026-10-01/photos/photo_1628@14-07-2022_11-52-17.jpg,5955,2022-07-14T11:52:17,,,,,,,,,,
ChatExport_2026-10-01/photos/photo_1629@14-07-2022_11-52-26.jpg,5956,2022-07-14T11:52:26,,,,,,,,,,
ChatExport_2026-10-01/photos/photo_1630@14-07-2022_18-00-10.jpg,5958,2022-07-14T18:00:10,,,,,,,,,,
ChatExport_2026-10-01/photos/photo_1631@14-07-2022_18-00-10.jpg,5959,2022-07-14T18:00:10,,,,,,,,,,
ChatExport_2026-10-01/photos/photo_1632@15-07-2022_17-03-46.jpg,5961,2022-07-15T17:03:46,,,,,,,,,,
ChatExport_2026-10-01/photos/photo_1633@15-07-2022_17-03-59.jpg,5962,2022-07-15T17:03:59,,,,,,,,,,
assets/tradingview/2022-07/2022-07-20_12h08_msg5992_JncfvoI4.png,5992,2022-07-20T12:08:01,EURUSD,5,2022-07-20T12:07:00,,,,,1.01814,1.01958,1.017 1.016 1.015 1.014
assets/tradingview/2022-07/2022-07-20_12h09_msg5996_EmcmhZiR.png,5996,2022-07-20T12:09:58,GBPUSD,5,2022-07-20T12:09:00,1.2028,1.20425,1.19769,vente,1.19769,1.20425,1.208 1.206 1.2028 1.202 1.2 1.196
ChatExport_2026-10-01/photos/photo_1634@20-07-2022_12-11-34.jpg,5997,2022-07-20T12:11:34,,,,,,,,,,
ChatExport_2026-10-01/photos/photo_1635@20-07-2022_12-12-03.jpg,5998,2022-07-20T12:12:03,GBPUSD,,,,,,,,,1.20305 1.2026 1.20215 1.2017 1.20125 1.20035 1.1999 1.19945 1.199 1.19855 1.1981 1.19765 1.1972 1.19675
ChatExport_2026-10-01/photos/photo_1638@20-07-2022_19-52-44.jpg,6009,2022-07-20T19:52:44,NZDUSD,,,,,,,,,0.6154 0.6149 0.6144 0.6139 0.6134 0.6129 0.6124 0.6119 0.6114 0.6109 0.6104 0.6099 0.6094 0.6089 0.6084 0.6159
assets/tradingview/2022-07/2022-07-20_19h55_msg6011_PgVyyXoH.png,6011,2022-07-20T19:55:39,NZDUSD,1h,2022-07-20T19:55:00,0.626,0.61009,0.6355,achat,0.6355,0.61009,0.64 0.638 0.634 0.632 0.63 0.628 0.626 0.624 0.622 0.62 0.618 0.616 0.614 0.612 0.608 0.606
assets/tradingview/2022-07/2022-07-20_19h57_msg6014_30fTEpEZ.png,6014,2022-07-20T19:57:37,NZDUSD,,2022-07-20T19:57:00,,,,,0.6355 0.62261,,0.64 0.638 0.634 0.632 0.63 0.628 0.626 0.624 0.62 0.618 0.616 0.614 0.612 0.61 0.608 0.606 0.604
assets/tradingview/2022-07/2022-07-21_12h24_msg6027_b8ZD9orK.png,6027,2022-07-21T12:24:23,EURUSD,15,2022-07-21T12:24:00,,,,,1.02434,,1.028 1.027 1.026 1.025 1.023 1.022 1.021 1.02 1.019 1.018 1.017 1.016 1.015
ChatExport_2026-10-01/photos/photo_1639@21-07-2022_12-27-52.jpg,6029,2022-07-21T12:27:52,,,,,,,,,,
assets/tradingview/2022-07/2022-07-21_12h35_msg6034_1pEUn8e5.png,6034,2022-07-21T12:35:56,GBPUSD,15,2022-07-21T12:35:00,,,,,1.19603,,1.214 1.212 1.21 1.208 1.206 1.204 1.202 1.2 1.198 1.194 1.192 1.19 1.188 1.186 1.184 1.182 1.18 1.178
assets/tradingview/2022-07/2022-07-21_20h00_msg6042_cZ8m7sAE.png,6042,2022-07-21T20:00:07,NZDUSD,1h,2022-07-21T20:00:00,0.628,0.62371,0.63243,achat,0.63243,0.62371,0.638 0.634 0.63 0.628 0.626 0.622 0.616 0.614 0.612 0.61 0.608
assets/tradingview/2022-07/2022-07-21_20h02_msg6043_KP4BS03u.png,6043,2022-07-21T20:02:22,NZDUSD,2,2022-07-21T20:02:00,0.6215,0.61844,0.62349,achat,0.62349,0.61844,0.6255 0.625 0.6245 0.624 0.623 0.6225 0.622 0.6215 0.621 0.6205 0.62 0.6194 0.619 0.618 0.6175 0.617 0.6165
ChatExport_2026-10-01/photos/photo_1640@21-07-2022_20-03-26.jpg,6044,2022-07-21T20:03:26,NZDUSD,,,,,,,,,0.6239 0.6231 0.6227 0.6223 0.6219 0.6215 0.6211 0.6207 0.6203 0.6199 0.6195 0.6191 0.6187
ChatExport_2026-10-01/photos/photo_1641@21-07-2022_20-05-02.jpg,6045,2022-07-21T20:05:02,,,,,,,,,,
ChatExport_2026-10-01/photos/photo_1642@22-07-2022_10-32-41.jpg,6052,2022-07-22T10:32:41,,,,,,,,,,
assets/tradingview/2022-07/2022-07-22_11h59_msg6056_25MfnMyF.png,6056,2022-07-22T11:59:30,NZDUSD,1h,2022-07-22T11:59:00,,,,,0.6355 0.63214 0.62635,,0.64 0.638 0.634 0.63 0.628 0.624 0.622 0.616 0.614 0.612 0.61 0.608 0.606 0.6194
ChatExport_2026-10-01/photos/photo_1643@22-07-2022_12-00-24.jpg,6057,2022-07-22T12:00:24,NZDUSD,,,,,,,,,0.6271 0.62655 0.626 0.62545 0.6238 0.6227 0.6205 0.61885 0.6249 0.62435 0.62325 0.62215 0.6216 0.62105 0.61995 0.6194
ChatExport_2026-10-01/photos/photo_1644@22-07-2022_12-03-12.jpg,6058,2022-07-22T12:03:12,,,,,,,,,,
assets/tradingview/2022-07/2022-07-22_13h51_msg6063_5FwedK61.png,6063,2022-07-22T13:51:40,NZDUSD,1h,2022-07-22T13:51:00,0.6194,0.61844,0.63218,achat,0.63218 0.62992 0.6355,0.61844,0.638 0.634 0.628 0.626 0.624 0.622 0.6194 0.616 0.614 0.612 0.61 0.608 0.62
ChatExport_2026-10-01/photos/photo_1646@23-07-2022_11-23-07.jpg,6071,2022-07-23T11:23:07,,,,,,,,,,
assets/tradingview/2022-07/2022-07-26_13h56_msg6083_i11svnkw.png,6083,2022-07-26T13:56:12,EURUSD,1h,2022-07-26T13:56:00,1.00933,1.00733,1.0296,achat,1.0296,1.0 1.00733,1.005 1.0 0.995 1.045 1.04 1.035 1.025 1.02 1.015 1.00933
ChatExport_2026-10-01/photos/photo_1647@27-07-2022_18-41-20.jpg,6095,2022-07-27T18:41:20,EURUSD,,,,,,,,,97.27 0.0 7.27
assets/tradingview/2022-07/2022-07-27_19h06_msg6096_YGDNQZK9.png,6096,2022-07-27T19:06:53,EURUSD,15,2022-07-27T19:06:00,1.0158,1.0173,0.99966,vente,0.99966,1.0173,1.028 1.026 1.024 1.022 1.018 1.014 1.012 1.01 1.008 1.006 1.004 1.002 0.998 0.996 0.994 0.992 1.0158
ChatExport_2026-10-01/photos/photo_1648@28-07-2022_12-02-03.jpg,6097,2022-07-28T12:02:03,,,,,,,,,,1.016 0.998 0.996 1.032 1.03 1.028 1.026 1.024 1.022 1.02 1.018 1.01 1.008 1.006 1.004 1.002
ChatExport_2026-10-01/photos/photo_1649@28-07-2022_12-18-34.jpg,6099,2022-07-28T12:18:34,EURUSD,4h,2022-07-28T12:15:00,,,,,,,1.028 1.026 1.024 1.022 1.02 1.018 1.016 1.014 1.01 1.008
ChatExport_2026-10-01/photos/photo_1650@28-07-2022_12-35-33.jpg,6102,2022-07-28T12:35:33,EURUSD,15,2022-07-28T12:30:00,,,,,,1.02531,1.02209
assets/tradingview/2022-08/2022-08-02_12h37_msg6109_4g2INuOh.png,6109,2022-08-02T12:37:03,AUDJPY,4h,2022-08-02T12:36:00,,,,,90.65,,97.0 96.0 95.0 94.0 93.0 92.0 91.0 90.0 89.0 88.0 87.0 86.0 85.0 84.0
assets/tradingview/2022-08/2022-08-02_12h37_msg6110_VxYojCAZ.png,6110,2022-08-02T12:37:48,CHFJPY,4h,2022-08-02T12:37:00,141.964,143.306,141.163,vente,141.163 127.447,143.306 141.965 137.32,143.12 141.964 140.0 139.0 138.0 136.0 135.0 134.0 133.0 132.0 131.0 130.0 129.0 128.0 127.0 6.0
assets/tradingview/2022-08/2022-08-02_12h38_msg6111_NDoF92pz.png,6111,2022-08-02T12:38:21,EURJPY,4h,2022-08-02T12:38:00,,,,,,133.545,145.0 144.0 143.0 142.0 141.0 140.0 139.0 138.0 137.0 136.0 135.0 134.0 132.0
assets/tradingview/2022-08/2022-08-02_12h39_msg6112_AQFuKrBK.png,6112,2022-08-02T12:39:02,USDJPY,4h,2022-08-02T12:38:00,,,,,,130.809,140.0 139.0 138.0 137.0 136.0 135.0 134.0 133.0 132.0 130.0 129.0 128.0 127.0 126.0
ChatExport_2026-10-01/photos/photo_1655@04-08-2022_15-04-12.jpg,6120,2022-08-04T15:04:12,EURAUD,45,2022-08-03T03:37:00,,,,,,,
assets/tradingview/2022-08/2022-08-04_15h04_msg6121_hyFpvidH.png,6121,2022-08-04T15:04:44,EURAUD,1h,2022-08-04T15:01:00,1.45671,1.4525,1.46738,achat,1.4814 1.46738,1.4525,1.495 1.49 1.485 1.48 1.475 1.47 1.46 1.45671 1.455 1.45 1.445 1.44
assets/tradingview/2022-08/2022-08-04_16h21_msg6123_YppkOvKf.png,6123,2022-08-04T16:21:01,USDJPY,4h,2022-08-04T16:06:00,,,,,,,140.0 139.0 138.0 137.0 136.0 134.0 132.0 131.0 130.0 129.0 128.0 127.0 126.0
assets/tradingview/2022-08/2022-08-04_16h21_msg6124_0AYmmMfu.png,6124,2022-08-04T16:21:01,GBPJPY,1h,2022-08-04T16:08:00,,,,,,,166.0 165.5 165.0 164.5 164.0 163.5 163.0 162.0 161.0 160.5 160.0 159.5 159.0 158.5 158.0 157.5
assets/tradingview/2022-08/2022-08-04_16h21_msg6125_gxAWqBME.png,6125,2022-08-04T16:21:01,GBPJPY,1h,2022-08-04T16:09:00,,,,,,161.787,166.0 165.5 165.0 164.5 164.0 163.5 163.0 162.0 161.0 160.5 160.0 159.5 159.0 158.5 158.0 157.5
assets/tradingview/2022-08/2022-08-04_16h21_msg6126_YwSBZuX3.png,6126,2022-08-04T16:21:01,EURJPY,1h,2022-08-04T16:13:00,,,,,,136.149,140.5 140.0 139.5 139.0 138.5 138.0 137.0 136.5 135.5 135.0 134.5 134.0 133.5 133.0
assets/tradingview/2022-08/2022-08-04_16h21_msg6127_SLDjTTPO.png,6127,2022-08-04T16:21:01,NZDJPY,1h,2022-08-04T16:16:00,,,,,,83.872,86.5 86.0 85.5 84.5 84.0 83.5 83.0 82.5 82.0
assets/tradingview/2022-08/2022-08-05_12h38_msg6130_JzQDs8Mh.png,6130,2022-08-05T12:38:42,EURUSD,1h,2022-08-05T12:38:00,,,,,,1.01761,1.03 1.028 1.026 1.024 1.022 1.02 1.016 1.014 1.012 1.01 1.008
assets/tradingview/2022-08/2022-08-05_12h39_msg6131_OjTdzvJ3.png,6131,2022-08-05T12:39:38,GBPUSD,1h,2022-08-05T12:39:00,,,,,,1.20794,1.23 1.22 1.215 1.21 1.205 1.2 1.195 1.19 1.185
assets/tradingview/2022-08/2022-08-05_12h55_msg6134_bYbZdqOs.png,6134,2022-08-05T12:55:17,GBPJPY,15,2022-08-05T12:54:00,161.5,162.111,159.4,vente,159.4,162.75 162.111,164.5 164.0 163.5 163.0 162.5 161.5 161.0 160.5 160.0 159.0
assets/tradingview/2022-08/2022-08-05_12h57_msg6137_VXBKX9tc.png,6137,2022-08-05T12:57:49,EURJPY,1h,2022-08-05T12:56:00,,,,,136.882,,141.0 140.5 140.0 139.5 139.0 138.5 138.0 136.5 136.0 135.5 135.0 134.5 134.0 133.5 133.0
assets/tradingview/2022-08/2022-08-08_18h16_msg6150_HoVRL2K5.png,6150,2022-08-08T18:16:27,EURAUD,1h,2022-08-08T18:15:00,1.45418,1.4526,1.47445,achat,1.47445,1.4526,1.494 1.492 1.49 1.488 1.486 1.484 1.482 1.48 1.478 1.476 1.472 1.47 1.468 1.466 1.464 1.462 1.45 1.448 1.446 1.444 1.442 1.45418
ChatExport_2026-10-01/photos/photo_1656@09-08-2022_16-18-33.jpg,6152,2022-08-09T16:18:33,,,,,,,,,,
assets/tradingview/2022-08/2022-08-09_17h08_msg6155_PsZmCUNj.png,6155,2022-08-09T17:08:30,EURAUD,15,2022-08-09T17:08:00,1.45418,1.4526,1.47445,achat,1.47445,1.4526,1.484 1.482 1.48 1.478 1.476 1.472 1.47 1.466 1.464 1.462 1.46 1.458 1.45 1.45418
assets/tradingview/2022-08/2022-08-10_13h13_msg6160_IG4SMpVG.png,6160,2022-08-10T13:13:03,USDJPY,4h,2022-08-10T13:12:00,134.973,135.245,133.237,vente,133.237 132.742,135.245,140.0 139.0 138.0 137.0 136.0 134.973 134.0 132.0 131.0 130.0 129.0 128.0 127.0
assets/tradingview/2022-08/2022-08-10_13h14_msg6161_M9WjQj5Z.png,6161,2022-08-10T13:14:01,USDJPY,1h,2022-08-10T13:13:00,134.973,135.245,133.249,vente,133.249 132.742,135.245,137.5 137.0 136.5 136.0 134.973 134.5 134.0 133.5 132.5 132.0 131.5 131.0 130.5 130.0
assets/tradingview/2022-08/2022-08-10_13h26_msg6164_xhI8UI6M.png,6164,2022-08-10T13:26:12,USDJPY,1h,2022-08-10T13:24:00,,,,,,,136.0 135.5 134.5 134.0 133.5 132.5 132.0 131.5 131.0 130.5 130.0
assets/tradingview/2022-08/2022-08-12_14h57_msg6167_W29j0D2c.png,6167,2022-08-12T14:57:01,EURJPY,1h,2022-08-12T14:56:00,137.423,137.726,136.651,vente,136.651,137.726 137.183,139.5 139.0 138.5 138.0 137.423 136.5 136.0 135.5 135.0 134.5 134.0 133.5
ChatExport_2026-10-01/photos/photo_1657@12-08-2022_14-57-25.jpg,6168,2022-08-12T14:57:25,EURJPY,,,,,,,,,138.42 138.285 138.15 138.015 137.88 137.745 137.61 137.475 137.34 137.205 136.8 136.665 136.53 136.395
ChatExport_2026-10-01/photos/photo_1658@12-08-2022_14-59-11.jpg,6169,2022-08-12T14:59:11,,,,,,,,,,
ChatExport_2026-10-01/photos/photo_1659@14-08-2022_23-56-42.jpg,6171,2022-08-14T23:56:42,EURJPY,,,,,,,,,8.12 291.25 0.0
assets/tradingview/2022-08/2022-08-17_06h48_msg6175_7Zsh75lH.png,6175,2022-08-17T06:48:15,NZDCAD,4h,2022-08-17T06:48:00,,,,,,0.81438,0.885 0.88 0.875 0.87 0.865 0.86 0.855 0.85 0.845 0.84 0.835 0.83 0.82 0.81 0.805 0.8 0.795 0.79 0.785
assets/tradingview/2022-08/2022-08-17_06h54_msg6176_JttEwuXL.png,6176,2022-08-17T06:54:53,NZDCAD,5,2022-08-17T06:54:00,,,,,,,0.827 0.8265 0.826 0.8255 0.824 0.8235 0.8231 0.8225 0.822 0.8215 0.821 0.8205 0.82 0.8195 0.819 0.8185 0.818
assets/tradingview/2022-08/2022-08-17_06h55_msg6177_cX8MFund.png,6177,2022-08-17T06:55:25,NZDCAD,15,2022-08-17T06:55:00,0.8231,0.8244,0.81489,vente,0.81489 0.81387,0.8244,0.828 0.827 0.826 0.824 0.8231 0.822 0.821 0.82 0.819 0.818 0.817 0.816
ChatExport_2026-10-01/photos/photo_1660@18-08-2022_02-40-27.jpg,6179,2022-08-18T02:40:27,,,,,,,,,,
ChatExport_2026-10-01/photos/photo_1661@24-08-2022_15-30-44.jpg,6202,2022-08-24T15:30:44,,1h,,,,,,1.30037 1.294 1.29331,1.27,1.306 1.30239 1.30196 1.29982 1.29546 1.29148
ChatExport_2026-10-01/photos/photo_1662@24-08-2022_15-30-44.jpg,6203,2022-08-24T15:30:44,NZDUSD,30,,0.62187,0.61763,0.62495,achat,0.62495 0.61407 0.61067,0.61763 0.61556,0.62 0.612 0.62187 0.61604 0.61
ChatExport_2026-10-01/photos/photo_1663@24-08-2022_15-31-12.jpg,6205,2022-08-24T15:31:12,NZDUSD,,,0.61706,0.62358,0.6106,vente,0.6106,0.62358,0.632 0.63 0.628 0.61706 0.612 0.608
ChatExport_2026-10-01/photos/photo_1664@24-08-2022_15-31-12.jpg,6206,2022-08-24T15:31:12,,,,,,,,1.30037 1.29395 1.29331 1.29326,,1.308 1.306 1.3 1.292 1.28977 1.30239 1.30196 1.29977 1.29575 1.29546
ChatExport_2026-10-01/photos/photo_1665@25-08-2022_12-20-54.jpg,6208,2022-08-25T12:20:54,,,,,,,,,,137.645 137.52 137.395 137.27 137.145 137.02 136.895 136.645 136.52 136.395 136.27 136.145 136.02 135.895
ChatExport_2026-10-01/photos/photo_1666@25-08-2022_12-40-10.jpg,6210,2022-08-25T12:40:10,,,,,,,,,,
ChatExport_2026-10-01/photos/photo_1667@25-08-2022_12-47-42.jpg,6218,2022-08-25T12:47:42,,,,,,,,,,
assets/tradingview/2022-08/2022-08-26_14h30_msg6220_sU3ImUac.png,6220,2022-08-26T14:30:08,NZDUSD,1h,2022-08-26T14:03:00,0.62267,0.62368,0.61608,vente,0.61608,0.62368 0.61942,0.636 0.634 0.632 0.63 0.628 0.626 0.62267 0.622 0.62 0.618 0.614 0.612
ChatExport_2026-10-01/photos/photo_1668@26-08-2022_14-30-08.jpg,6221,2022-08-26T14:30:08,NZDUSD,,,,,,,,,0.6209 0.6185 0.6251 0.6245 0.6239 0.6233 0.6227 0.6215 0.6203 0.6197 0.6179 0.6173 0.6167
assets/tradingview/2022-08/2022-08-26_15h21_msg6222_aeiDJZUL.png,6222,2022-08-26T15:21:08,NZDUSD,1h,2022-08-26T15:18:00,,,,,,0.62372 0.61617,0.63 0.629 0.628 0.627 0.626 0.625 0.6227 0.622 0.621 0.62 0.619 0.618 0.617 0.615 0.614 0.613 0.612
ChatExport_2026-10-01/photos/photo_1669@26-08-2022_15-21-15.jpg,6223,2022-08-26T15:21:15,,,,,,,,,,
ChatExport_2026-10-01/photos/photo_1670@26-08-2022_19-57-31.jpg,6227,2022-08-26T19:57:31,,,,,,,,,,
ChatExport_2026-10-01/photos/photo_1671@29-08-2022_00-36-35.jpg,6236,2022-08-29T00:36:35,,,,,,,,,,
assets/tradingview/2022-09/2022-09-02_12h32_msg6253_SXawSHKM.png,6253,2022-09-02T12:32:30,EURUSD,3,2022-09-02T12:32:00,,,,,1.00078 1.00009,,1.0045 1.004 1.0035 1.003 1.0025 1.002 1.0015 1.001 0.9995 0.999 0.9985 0.998 0.9975 0.997 0.9965 0.996 0.9955
assets/tradingview/2022-09/2022-09-07_18h23_msg6269_8V3aku3e.png,6269,2022-09-07T18:23:52,EURUSD,15,2022-09-07T18:20:00,,,,,1.00009,0.99891,1.004 1.003 1.002 1.001 0.99858 0.997 0.996 0.995 0.994 0.993 0.992 0.991 0.99 0.989 0.988 0.987 0.986 0.985
ChatExport_2026-10-01/photos/photo_1674@08-09-2022_11-59-03.jpg,6277,2022-09-08T11:59:03,,,,,,,,,,
ChatExport_2026-10-01/photos/photo_1675@08-09-2022_12-21-39.jpg,6283,2022-09-08T12:21:39,,,,,,,,,,
assets/tradingview/2022-09/2022-09-08_13h15_msg6291_tLEE1ifu.png,6291,2022-09-08T13:15:06,EURUSD,5,2022-09-08T13:14:00,1.00086,1.004,0.987,vente,0.987 0.986 1.00009,1.004,1.007 1.006 1.005 1.003 1.002 0.999 0.998 0.997 0.996 0.995 0.992 0.991 0.99 0.989 0.988 0.985 0.984 0.983 0.982 1.00086 0.987
ChatExport_2026-10-01/photos/photo_1676@08-09-2022_13-16-42.jpg,6293,2022-09-08T13:16:42,,,,,,,,,,
assets/tradingview/2022-09/2022-09-13_21h19_msg6313_K6m2PKpj.png,6313,2022-09-13T21:19:22,,1h,2022-09-13T12:33:00,,,,,108.837,,111.0 110.5 110.0 109.5 109.0 108.5 108.0 107.5 107.0 106.5 106.0 105.5
assets/tradingview/2022-09/2022-09-13_21h19_msg6314_gRZlRr96.png,6314,2022-09-13T21:19:33,,1h,2022-09-13T20:55:00,,,,,109.925,,112.0 111.5 111.0 110.5 109.5 109.0 108.5 108.0 107.5 107.0 106.5 106.0 105.5 105.0 104.5 104.0
assets/tradingview/2022-09/2022-09-13_21h19_msg6315_znoSKxMI.png,6315,2022-09-13T21:19:59,AUDUSD,4h,2022-09-13T01:49:00,,,,,0.67427 0.6684,,0.716 0.712 0.71 0.708 0.706 0.704 0.702 0.7 0.698 0.696 0.694 0.692 0.69 0.686 0.684 0.682 0.68 0.678 0.67731 0.67712 0.672 0.67 0.666 0.664 0.71328 0.71301 0.68798
ChatExport_2026-10-01/photos/photo_1678@13-09-2022_21-20-00.jpg,6316,2022-09-13T21:20:00,,,,,,,,,,0.69 0.6911 0.6833
ChatExport_2026-10-01/photos/photo_1679@13-09-2022_21-20-00.jpg,6317,2022-09-13T21:20:00,,,,,,,,,,0.686 0.68248 0.681 0.0938 9.692 0.6875 0.082 0.6815
ChatExport_2026-10-01/photos/photo_1680@13-09-2022_21-20-00.jpg,6318,2022-09-13T21:20:00,,,,,,,,,,71.0198 11.015 11.0134 1.0102 11.0086 11.0038 71.0022 70.9958 1.0198 1.0182 1.0166 1.015 1.0134 1.0118 1.0086 1.007 1.0054 1.0038 1.0022 1.0006 0.999 0.9974 0.9958 0.9942
ChatExport_2026-10-01/photos/photo_1682@14-09-2022_18-55-17.jpg,6326,2022-09-14T18:55:17,AUDUSD,,,,,,,,,
ChatExport_2026-10-01/photos/photo_1683@14-09-2022_18-55-18.jpg,6327,2022-09-14T18:55:18,AUDUSD,,,,,,,,,41.0 0.0
ChatExport_2026-10-01/photos/photo_1684@15-09-2022_13-31-32.jpg,6332,2022-09-15T13:31:32,,,,,,,,,,1.1496 1.1489 1.1476
ChatExport_2026-10-01/photos/photo_1685@15-09-2022_13-31-32.jpg,6333,2022-09-15T13:31:32,,,,,,,,,,1.1515 1.1512 1.1506 1.1503 1.15 1.1497 1.1494 1.1491 1.1485 1.1482 1.1479 1.1476 1.1473
ChatExport_2026-10-01/photos/photo_1686@15-09-2022_13-31-32.jpg,6335,2022-09-15T13:31:32,,,,,,,,,,1696.0 1695.0 1694.0 1693.0 1690.0 1689.0 1688.0 1687.0 1686.0 1685.0 1684.0 1681.6 1680.8 1680.0 692.0
assets/tradingview/2022-09/2022-09-16_21h34_msg6342_uW3fTRIf.png,6342,2022-09-16T21:34:04,,10,2022-09-16T21:33:00,,,,,1.00387 1.00009,0.99678,1.008 0.999 0.998 0.996 0.995 0.994 0.993 1.007 1.006 1.005 1.003 1.00232 1.002 1.001
assets/tradingview/2022-09/2022-09-20_20h12_msg6345_NB88XKjJ.png,6345,2022-09-20T20:12:55,,,,,,,,,,143.63 143.62 143.61 143.6 143.59 143.57 143.56 143.55 143.54 143.53 143.52 143.51 143.49 143.48 143.47 143.46 143.45 143.44 143.579
assets/tradingview/2022-09/2022-09-20_20h12_msg6348_8yAOIwZo.png,6348,2022-09-20T20:12:55,,,2022-09-20T18:42:00,,,,,0.97581 0.97538,0.97505,0.98 0.978 0.97437 0.972 0.97 0.968 0.964 0.962 0.958 0.956 0.954
assets/tradingview/2022-09/2022-09-20_20h12_msg6349_TkREoO9Q.png,6349,2022-09-20T20:12:55,EURUSD,,2022-09-20T19:02:00,0.995,0.99634,0.99256,vente,0.99712 0.99256,0.99634,1.01 1.009 1.008 1.007 1.006 1.004 1.003 1.002 1.001 1.0 0.999 0.998 0.995 0.994 0.993 0.992 0.991
ChatExport_2026-10-01/photos/photo_1687@20-09-2022_20-12-55.jpg,6344,2022-09-20T20:12:55,EURJPY,,,,,,,,,143.6 143.68 143.66 143.64 143.62 143.58 143.52 143.5
ChatExport_2026-10-01/photos/photo_1688@20-09-2022_20-12-55.jpg,6346,2022-09-20T20:12:55,,,,,,,,,0.99993,1.0008 1.0006 1.0004 1.0002 0.9998 0.9994 0.9992 0.999 0.9988 0.9984 0.9982 0.998 0.9978 0.9976 0.99742 0.99724 0.9996
ChatExport_2026-10-01/photos/photo_1689@20-09-2022_20-12-55.jpg,6347,2022-09-20T20:12:55,EURJPY,,,,,,,,,143.69 143.67 143.65 143.63 143.61 143.59 143.57 143.55 143.53 143.51 143.49 143.47 143.45
ChatExport_2026-10-01/photos/photo_1691@21-09-2022_11-05-33.jpg,6360,2022-09-21T11:05:33,EURUSD,,,,,,,,,1.0018 1.0005 0.99725 1.00505 1.0044 1.00375 1.0031 1.00245 1.00115 0.99985 0.9992 0.99855 0.9979 0.9966 0.99595
ChatExport_2026-10-01/photos/photo_1692@21-09-2022_11-06-47.jpg,6362,2022-09-21T11:06:47,,,,,,,,,,1.005 1.00395 1.0029 1.00185 1.0008 0.99975 0.9987 0.99765 0.9966 0.99555 0.9945 0.99345 0.99135 0.9903 0.98925 0.9924
ChatExport_2026-10-01/photos/photo_1693@21-09-2022_12-48-42.jpg,6363,2022-09-21T12:48:42,EURJPY,,,,,,,,,9.2 9.21 0.0 313.97
assets/tradingview/2022-09/2022-09-21_16h34_msg6371_H1xvA9Sk.png,6371,2022-09-21T16:34:28,,1h,2022-09-21T16:18:00,,,,,0.58835 0.58779,,0.616 0.612 0.608 0.606 0.604 0.598 0.596 0.594 0.592 0.59 0.586 0.584 0.61415 0.60958 0.60001
ChatExport_2026-10-01/photos/photo_1697@21-09-2022_16-34-53.jpg,6372,2022-09-21T16:34:53,USDJPY,15,2022-09-21T16:11:00,,,,,,,
assets/tradingview/2022-09/2022-09-22_14h02_msg6378_FeY9R5Ek.png,6378,2022-09-22T14:02:41,EURUSD,,2022-09-22T14:02:00,0.99999,1.00977,0.98752,vente,1.00387 1.00009 0.98752,1.00977 1.00212 0.98341,1.016 1.014 1.012 1.008 1.006 0.99999 0.998 0.996 0.994 0.992 0.99 0.986 0.982 1.00976 0.984 0.98
assets/tradingview/2022-09/2022-09-22_14h11_msg6381_6sn0ophX.png,6381,2022-09-22T14:11:38,USDJPY,1h,2022-09-22T14:11:00,140.74,140.134,141.887,achat,141.887,140.134,146.5 146.0 145.5 144.5 144.0 143.5 143.0 141.0 140.5 139.5 139.0 138.5 138.0 137.5 137.0 136.5 136.0 135.5 144.955 140.74
ChatExport_2026-10-01/photos/photo_1700@22-09-2022_14-13-26.jpg,6382,2022-09-22T14:13:26,,,,,,,,,,9.22 65.55 0.0
assets/tradingview/2022-09/2022-09-22_14h16_msg6384_jixvYLuz.png,6384,2022-09-22T14:16:55,EURJPY,1h,2022-09-22T14:16:00,,,,,,144.567,146.0 145.5 143.5 143.0 142.0 141.5 141.0 140.5 140.0 138.0 137.5 137.0 136.5 136.0 135.5 144.059 138.67
assets/tradingview/2022-09/2022-09-23_10h43_msg6397_IYsQ4Hhb.png,6397,2022-09-23T10:43:44,GBPCAD,4h,2022-09-23T10:42:00,,,,,1.49617,1.49777,1.575 1.5 1.49
assets/tradingview/2022-09/2022-09-23_10h43_msg6398_O4NsjASK.png,6398,2022-09-23T10:43:44,GBPCAD,15,2022-09-23T10:42:00,1.494,1.49,1.49617,achat,1.49617,1.49,1.494 1.492
ChatExport_2026-10-01/photos/photo_1702@23-09-2022_10-43-44.jpg,6394,2022-09-23T10:43:44,,,2022-09-23T04:32:00,,,,,,1.12327,1.1228 1.1224 1.1222
ChatExport_2026-10-01/photos/photo_1703@23-09-2022_10-43-44.jpg,6395,2022-09-23T10:43:44,GBPUSD,,,,,,,,,1.12415 1.124 1.12385 1.1237 1.12355 1.1234 1.12325 1.12295 1.1228 1.12265
ChatExport_2026-10-01/photos/photo_1704@23-09-2022_10-43-44.jpg,6396,2022-09-23T10:43:44,,,,,,,,,,1.16 1.155 1.15 1.145 1.14 1.13483 1.12734 1.12413 1.12225 1.1221 1.11874 1.11 1.105 1.1
ChatExport_2026-10-01/photos/photo_1705@26-09-2022_13-27-05.jpg,6408,2022-09-26T13:27:05,EURUSD,,,,,,,,,0.9697 0.9692 0.9687 0.9682 0.9677 0.9672 0.9667 0.9652 0.9647 0.9642 0.9637 0.9632 0.9627 0.9622 0.9702 0.9657
ChatExport_2026-10-01/photos/photo_1706@26-09-2022_13-27-05.jpg,6409,2022-09-26T13:27:05,EURUSD,,,,,,,,,
assets/tradingview/2022-09/2022-09-26_13h51_msg6410_gQN73MAa.png,6410,2022-09-26T13:51:56,AUDUSD,1,2022-09-26T13:48:00,,,,,,,0.6545 0.654 0.6535 0.653 0.6525 0.652 0.651 0.6505 0.65 0.6495 0.649 0.6485 0.648 0.6475 0.64986 0.64964
ChatExport_2026-10-01/photos/photo_1707@26-09-2022_15-09-39.jpg,6411,2022-09-26T15:09:39,EURUSD,,,,,,,,,0.9646 0.9637 0.9628 0.9619 0.961 0.9601 0.9592 0.9583 0.9574 0.9565 0.9556 0.97 0.9682 0.9673 0.9664
ChatExport_2026-10-01/photos/photo_1708@26-09-2022_15-09-39.jpg,6412,2022-09-26T15:09:39,EURUSD,,,,,,,,,0.9661 0.9642 0.96325 0.9623 0.96135 0.9604 0.95945 0.9585 0.95755 0.9566 0.95565 0.97085 0.9699 0.96895 0.96705
assets/tradingview/2022-09/2022-09-26_15h09_msg6413_EpjOjMsv.png,6413,2022-09-26T15:09:53,,,2022-09-26T14:52:00,,,,,,,0.978 0.977 0.976 0.975 0.974 0.973 0.972 0.971 0.969 0.968 0.967 0.966 0.965 0.961 0.96 0.959 0.958 0.957 0.956 0.955
assets/tradingview/2022-09/2022-09-26_18h45_msg6416_KDBL8bP9.png,6416,2022-09-26T18:45:13,AUDJPY,15,2022-09-26T18:44:00,93.623,93.824,93.245,vente,93.245 91.553,93.824 91.529,95.0 94.5 94.0 93.5 93.0 92.5 92.0 91.0 93.623
assets/tradingview/2022-09/2022-09-27_00h53_msg6426_jcc1R3B6.png,6426,2022-09-27T00:53:39,AUDJPY,1h,2022-09-27T00:53:00,,,,,93.722,93.824,96.5 96.0 95.5 94.5 94.0 93.623 93.0 92.5 92.0 91.0
assets/tradingview/2022-09/2022-09-28_13h16_msg6436_l05RQlAW.png,6436,2022-09-28T13:16:39,,5,2022-09-28T12:55:00,,,,,,,
assets/tradingview/2022-09/2022-09-28_13h16_msg6438_F4fTzfNM.png,6438,2022-09-28T13:16:39,,5,2022-09-28T13:12:00,,,,,,,
ChatExport_2026-10-01/photos/photo_1711@28-09-2022_13-16-39.jpg,6435,2022-09-28T13:16:39,,5,2022-09-28T03:31:00,,,,,,,0.644 0.6435 0.643 0.6425 0.642 0.6415 0.6405
ChatExport_2026-10-01/photos/photo_1712@28-09-2022_13-16-39.jpg,6437,2022-09-28T13:16:39,,,2022-09-28T13:06:00,,,,,,1.0637,
ChatExport_2026-10-01/photos/photo_1713@28-09-2022_14-02-22.jpg,6440,2022-09-28T14:02:22,,,,,,,,,,
assets/tradingview/2022-09/2022-09-29_12h44_msg6442_yhPlvbPQ.png,6442,2022-09-29T12:44:59,,5,2022-09-29T12:34:00,,,,,,0.65051,0.65065 0.65005
ChatExport_2026-10-01/photos/photo_1714@29-09-2022_12-44-59.jpg,6441,2022-09-29T12:44:59,,15,2022-09-29T12:10:00,,,,,,0.6505 0.65051,0.65065 0.65005 0.65
assets/tradingview/2022-09/2022-09-29_13h35_msg6446_LLQjfAtI.png,6446,2022-09-29T13:35:47,,,2022-09-29T12:49:00,,,,,0.97012 0.96377,0.96887 0.96381,0.973 0.972 0.971 0.968 0.967 0.966 0.965 0.9627 0.962 0.90438
ChatExport_2026-10-01/photos/photo_1715@29-09-2022_13-36-14.jpg,6447,2022-09-29T13:36:14,NZDUSD,5,2022-09-29T12:53:00,0.5674,0.57185,0.56477,vente,0.56477,0.57185,0.574 0.573 0.571 0.569 0.568 0.5674 0.5662 0.5656
assets/tradingview/2022-10/2022-10-04_13h25_msg6485_VZSOqhuD.png,6485,2022-10-04T13:25:34,AUDUSD,1h,2022-10-04T13:25:00,0.64981,0.65144,0.63871,vente,0.63871,0.65144 0.64745,0.662 0.66 0.658 0.656 0.654 0.64981 0.646 0.644 0.642 0.64 0.638 0.636 0.634
assets/tradingview/2022-10/2022-10-04_16h57_msg6488_2YEdfKhH.png,6488,2022-10-04T16:57:41,AUDUSD,1h,2022-10-04T16:57:00,,,,,,0.64724,0.657 0.656 0.655 0.654 0.653 0.652 0.651 0.649 0.648 0.646 0.645 0.644 0.643 0.642 0.641 0.64 0.639
assets/tradingview/2022-10/2022-10-04_18h34_msg6490_7GXBxmys.png,6490,2022-10-04T18:34:49,EURJPY,4h,2022-10-04T18:34:00,,,,,143.853,,49.0 48.0 47.0 46.0 43.0 42.0 41.0 40.0 39.0 38.0 37.0 36.0 35.0 34.0 149.0 148.0 147.0 146.0 143.0 142.0 141.0 140.0 139.0 138.0 137.0 136.0 135.0 134.0
ChatExport_2026-10-01/photos/photo_1720@05-10-2022_02-41-56.jpg,6502,2022-10-05T02:41:56,,,,,,,,,,10.78 8.13 7.58 7.38 5.5 5.33 5.23 4.62 4.61 4.5
assets/tradingview/2022-10/2022-10-05_12h24_msg6511_e7bxR9w6.png,6511,2022-10-05T12:24:12,AUDUSD,4h,2022-10-05T12:23:00,,,,,,0.6445,0.658 0.656 0.654 0.652 0.648 0.646 0.642 0.64 0.638
assets/tradingview/2022-10/2022-10-05_12h27_msg6516_bg39uU8Y.png,6516,2022-10-05T12:27:51,EURUSD,,2022-10-05T10:21:00,0.99916,1.00009,0.99136,vente,0.99136,1.00009 0.99116,1.001 0.99916 0.998 0.997 0.996 0.995 0.994 0.993 0.992 0.99 0.989
assets/tradingview/2022-10/2022-10-05_12h46_msg6520_vd0ksR7z.png,6520,2022-10-05T12:46:50,EURUSD,4h,2022-10-05T12:46:00,,,,,,,1.02 1.015 1.01 1.005 0.995 0.985 0.98 0.975 0.97 0.965 0.96 0.955
assets/tradingview/2022-10/2022-10-05_12h54_msg6523_4mUTCMHj.png,6523,2022-10-05T12:54:55,,4h,2022-10-05T12:54:00,,,,,,,1.17 1.165 1.16 1.155 1.145 1.14 1.135 1.125 1.12 1.115 1.11 1.105 1.1 1.095 1.09 1.085
assets/tradingview/2022-10/2022-10-05_12h56_msg6524_C3lXA9dX.png,6524,2022-10-05T12:56:03,USDCAD,4h,2022-10-05T12:55:00,,,,,1.36187,,1.4 1.39 1.38 1.37 1.34 1.33 1.32 1.31
assets/tradingview/2022-10/2022-10-05_12h57_msg6525_4zwAtYee.png,6525,2022-10-05T12:57:15,USDJPY,4h,2022-10-05T12:57:00,,,,,144.495,,145.8 145.6 145.4 145.2 144.8 144.6 144.2 144.0 143.8 143.6 143.4 143.2
assets/tradingview/2022-10/2022-10-05_12h57_msg6526_IigTzPNa.png,6526,2022-10-05T12:57:50,GBPJPY,4h,2022-10-05T12:57:00,165.024,164.846,165.578,achat,165.578,164.846 163.486,168.0 167.0 166.0 165.024 164.0 163.0 162.0 161.0 160.0 159.0
assets/tradingview/2022-10/2022-10-05_12h59_msg6527_qnrWi7dz.png,6527,2022-10-05T12:59:15,,4h,2022-10-05T12:59:00,,,,,,,0.59 0.585 0.58 0.565 0.56 0.555
ChatExport_2026-10-01/photos/photo_1721@05-10-2022_14-38-45.jpg,6531,2022-10-05T14:38:45,,,,,,,,,,115.0 114.5 14.0 13.5 113.0 12.5 112.0 111.0 110.5 109.5 109.0 108.5 108.0 107.5 7.0 114.0 113.5 112.5 107.0
assets/tradingview/2022-10/2022-10-11_19h25_msg6561_qWf4STmK.png,6561,2022-10-11T19:25:54,,1h,2022-10-11T19:24:00,,,,,0.97121,,0.988 0.986 0.984 0.982 0.98 0.978 0.976 0.972 0.97 0.968 0.966 0.964
assets/tradingview/2022-10/2022-10-12_01h38_msg6564_z1KI5jga.png,6564,2022-10-12T01:38:48,EURUSD,,2022-10-12T01:35:00,0.97119,0.97146,0.96906,vente,0.96906,0.97146,2000.0 0.971 0.9706 0.9702 0.9698 0.9694 0.9688 0.96855 0.9683 0.96806 0.97119
ChatExport_2026-10-01/photos/photo_1726@12-10-2022_01-38-48.jpg,6565,2022-10-12T01:38:48,EURUSD,,,,,,,,,
ChatExport_2026-10-01/photos/photo_1727@12-10-2022_01-39-07.jpg,6566,2022-10-12T01:39:07,EURUSD,,,,,,,,,10.11 294.54 0.0
ChatExport_2026-10-01/photos/photo_1728@12-10-2022_01-39-43.jpg,6567,2022-10-12T01:39:43,,5,2022-10-11T17:14:00,,,,,,,
assets/tradingview/2022-10/2022-10-12_01h39_msg6568_iXzuQnRq.png,6568,2022-10-12T01:39:51,NZDCAD,5,2022-10-11T16:25:00,0.77249,0.77136,0.77634,achat,0.77634 0.77616 0.76854 0.76785,0.77136 0.7713 0.76649 0.76645,0.777 0.773 0.77249 0.77211 0.77 0.769 0.76685 0.76676 0.765 80.0 40.0 20.0
ChatExport_2026-10-01/photos/photo_1729@12-10-2022_01-40-18.jpg,6569,2022-10-12T01:40:18,,,,,,,,,,0.996
ChatExport_2026-10-01/photos/photo_1730@12-10-2022_01-40-33.jpg,6570,2022-10-12T01:40:33,,,,,,,,,,
ChatExport_2026-10-01/photos/photo_1731@12-10-2022_01-40-42.jpg,6571,2022-10-12T01:40:42,,1,2022-10-11T14:04:00,,,,,,,
ChatExport_2026-10-01/photos/photo_1732@12-10-2022_01-41-30.jpg,6572,2022-10-12T01:41:30,XAUUSD,,,,,,,,,1673.6 1673.2 1672.8 1672.4 1672.0 1671.6 1671.2 1670.8 1670.4 1670.0 1669.6 1669.2 1668.8 1668.4
ChatExport_2026-10-01/photos/photo_1733@12-10-2022_01-41-41.jpg,6573,2022-10-12T01:41:41,EURUSD,,,,,,,,,0.9721 0.9719 0.9717 0.9715 0.9713 0.9711 0.9709 0.9707 0.9705 0.9703 0.9701 0.9699 0.9697 0.96954 0.96 0.9695
ChatExport_2026-10-01/photos/photo_1734@12-10-2022_01-41-49.jpg,6574,2022-10-12T01:41:49,,,,,,,,,,0.629
assets/tradingview/2022-10/2022-10-12_04h39_msg6578_6yIxOmsb.png,6578,2022-10-12T04:39:58,EURUSD,15,2022-10-12T04:37:00,,,,,,0.97111,0.984 0.982 0.98 0.978 0.976 0.972 0.97 0.968 0.966 0.964 0.962 0.96
assets/tradingview/2022-10/2022-10-12_12h33_msg6584_YPyD7htC.png,6584,2022-10-12T12:33:13,EURUSD,15,2022-10-12T12:32:00,,,,,,0.9691,0.984 0.982 0.98 0.978 0.976 0.972 0.97 0.968 0.966 0.964 0.962 0.96
assets/tradingview/2022-10/2022-10-12_16h07_msg6587_R65jhNRN.png,6587,2022-10-12T16:07:02,NZDJPY,4h,2022-10-12T16:06:00,82.497,82.76,82.319,vente,82.319 80.603,82.76,87.5 87.0 86.5 86.0 85.5 85.0 84.5 84.0 83.5 82.497 81.5 81.0 80.0 79.5 79.0 78.5
assets/tradingview/2022-10/2022-10-13_12h37_msg6596_HHSgF3cp.png,6596,2022-10-13T12:37:52,AUDUSD,,2022-10-13T12:33:00,,,,,,,0.6298 0.6296 0.6294 0.6292 0.6288 0.6286 0.6284 0.6282 0.628 0.6278 0.6276 0.6274 0.6272 0.627 0.6268 0.6266 0.6264 0.6262 0.626 0.6258 0.6254
ChatExport_2026-10-01/photos/photo_1737@13-10-2022_12-37-52.jpg,6597,2022-10-13T12:37:52,,,,,,,,,,0.6262 0.6259
ChatExport_2026-10-01/photos/photo_1738@13-10-2022_12-39-21.jpg,6599,2022-10-13T12:39:21,EURUSD,,,,,,,,,10.13 66.57 0.0
assets/tradingview/2022-10/2022-10-13_12h46_msg6604_7reukfuS.png,6604,2022-10-13T12:46:08,EURUSD,1h,2022-10-13T12:45:00,,,,,,0.96457,0.99 0.988 0.986 0.984 0.982 0.98 0.978 0.976 0.974 0.972 0.97 0.968 0.966 0.962 0.992
ChatExport_2026-10-01/photos/photo_1739@13-10-2022_14-42-33.jpg,6609,2022-10-13T14:42:33,,,,,,,,,,
ChatExport_2026-10-01/photos/photo_1740@13-10-2022_14-42-40.jpg,6610,2022-10-13T14:42:40,,,,,,,,,,165.3 165.23 165.16 165.09 165.02 164.95 164.81 164.74 164.67 164.6 164.53 164.46 164.39 164.32 164.25 164.18
ChatExport_2026-10-01/photos/photo_1741@13-10-2022_14-42-51.jpg,6611,2022-10-13T14:42:51,NZDJPY,,,82.945,83.095,82.14,vente,82.14,83.095 82.871 82.174 81.887,84.5 82.945 82.511 82.5 82.234 82.037 81.0 79.5
ChatExport_2026-10-01/photos/photo_1742@13-10-2022_14-43-24.jpg,6612,2022-10-13T14:43:24,NZDUSD,,,0.57019,0.57315,0.56584,vente,0.56584 0.56494 0.56284 0.56249 0.55337,0.57315 0.5721 0.57 0.56884 0.56172 0.56606,0.5715 0.5707 0.57019 0.56784 0.56872 0.56 0.558 0.556 0.55 0.548 0.546 0.56406 0.56372
ChatExport_2026-10-01/photos/photo_1743@13-10-2022_17-05-26.jpg,6619,2022-10-13T17:05:26,USDCAD,,,,,,,,,0.69 0.68 1.32 41.31
assets/tradingview/2022-10/2022-10-14_13h42_msg6625_vZYIPb26.png,6625,2022-10-14T13:42:53,AUDUSD,15,2022-10-14T13:41:00,0.62506,0.62255,0.63525,achat,0.63525,0.62859 0.62255,0.638 0.636 0.634 0.632 0.63 0.626 0.62506 0.622 0.62 0.618 0.616
assets/tradingview/2022-10/2022-10-14_14h01_msg6628_mG2Gtm1D.png,6628,2022-10-14T14:01:27,AUDUSD,1h,2022-10-14T14:01:00,0.62506,0.62457,0.63525,achat,0.64041 0.63525,0.62457,0.648 0.646 0.644 0.642 0.638 0.636 0.634 0.632 0.63 0.628 0.62506 0.62 0.618 0.616
assets/tradingview/2022-10/2022-10-14_14h36_msg6630_KNq0w8r5.png,6630,2022-10-14T14:36:29,,,2022-10-14T13:48:00,,,,,0.63488,0.62663,0.634 0.632 0.63 0.629 0.627 0.62568 0.625 0.624 0.623 0.622 0.621 0.62 0.619 0.618 0.617 0.616
assets/tradingview/2022-10/2022-10-14_14h36_msg6631_U3AjG5z4.png,6631,2022-10-14T14:36:29,,,2022-10-14T13:58:00,,,,,0.87117 0.87056,0.86976,0.882 0.878 0.876 0.868 0.866 0.858 0.856 0.854
ChatExport_2026-10-01/photos/photo_1744@14-10-2022_14-36-29.jpg,6632,2022-10-14T14:36:29,GBPJPY,5,2022-10-14T14:26:00,,,,,166.971,,
ChatExport_2026-10-01/photos/photo_1745@14-10-2022_14-36-29.jpg,6633,2022-10-14T14:36:29,,,,,,,,,,
ChatExport_2026-10-01/photos/photo_1746@14-10-2022_15-34-40.jpg,6634,2022-10-14T15:34:40,,,,,,,,,,167.6 167.4 167.2 166.8 166.6 166.4 166.2 166.0 165.8 165.6 165.2 165.0
ChatExport_2026-10-01/photos/photo_1747@14-10-2022_15-34-40.jpg,6635,2022-10-14T15:34:40,,,,,,,,,,166.983
assets/tradingview/2022-10/2022-10-14_18h45_msg6644_KNGEU5Pv.png,6644,2022-10-14T18:45:40,NZDJPY,,2022-10-14T18:45:00,82.497,82.76,80.166,vente,80.166,82.76 82.6,86.5 86.0 85.5 85.0 84.5 84.0 83.5 83.0 82.497 81.5 81.0 80.5 80.0 79.5
ChatExport_2026-10-01/photos/photo_1748@14-10-2022_18-49-19.jpg,6645,2022-10-14T18:49:19,NZDJPY,,,,,,,,,83.58 83.42 83.26 83.1 82.94 82.78 82.46 82.3 82.14 81.98 81.82 81.66 81.5 81.34 83.74
ChatExport_2026-10-01/photos/photo_1752@18-10-2022_08-39-07.jpg,6664,2022-10-18T08:39:07,EURAUD,1,2022-10-18T03:18:00,,,,,,1.56593,1.5655 1.563
ChatExport_2026-10-01/photos/photo_1753@18-10-2022_08-39-07.jpg,6665,2022-10-18T08:39:07,EURAUD,1,2022-10-18T03:55:00,,,,,,1.56593,1.5655 1.563
ChatExport_2026-10-01/photos/photo_1754@18-10-2022_08-39-07.jpg,6666,2022-10-18T08:39:07,EURUSD,,,,,,,,,
assets/tradingview/2022-10/2022-10-20_13h00_msg6680_ogHcY6LQ.png,6680,2022-10-20T13:00:06,GBPUSD,1h,2022-10-20T12:59:00,,,,,1.1258,,1.145 1.14 1.135 1.13 1.12 1.115 1.11 1.105 1.1 1.095 1.09
assets/tradingview/2022-10/2022-10-20_17h52_msg6696_0CWcZx4f.png,6696,2022-10-20T17:52:17,,4h,2022-10-18T00:00:00,,,,,,,1740.0 1730.0 1720.0 1710.0 1700.0 1690.0 1680.0 1670.0 1660.0 1650.0 1640.0 1630.0 1620.0 1610.0
ChatExport_2026-10-01/photos/photo_1757@20-10-2022_17-52-17.jpg,6693,2022-10-20T17:52:17,,,2022-10-20T01:09:00,,,,,,,1626.019
ChatExport_2026-10-01/photos/photo_1758@20-10-2022_17-52-17.jpg,6694,2022-10-20T17:52:17,,,,,,,,,,1629.2 1628.9 1628.6 1628.3 1628.0 1627.7 1627.4 1627.1 1626.8 1626.2
ChatExport_2026-10-01/photos/photo_1759@20-10-2022_17-52-17.jpg,6695,2022-10-20T17:52:17,,,2022-10-20T02:14:00,,,,,,,0.642 0.64 0.638 0.636 0.63 0.628 0.626 0.622 0.618
ChatExport_2026-10-01/photos/photo_1760@20-10-2022_17-52-17.jpg,6697,2022-10-20T17:52:17,,,,,,,,,,1650.0 1647.5 1640.0 1637.5 1635.0 1632.5 1630.0 1627.5 1625.0 1620.0 1617.5 1615.0
ChatExport_2026-10-01/photos/photo_1761@20-10-2022_17-52-17.jpg,6698,2022-10-20T17:52:17,XAUUSD,,,,,,,,,1682.3 1678.5 1674.7 1670.9 1667.1 1663.3 1659.5 1655.7 1651.9 1648.1 1644.3 1640.5 1632.9 1629.1 1625.3
ChatExport_2026-10-01/photos/photo_1762@20-10-2022_17-52-17.jpg,6701,2022-10-20T17:52:17,AUDCAD,,,,,,,,,0.87067
ChatExport_2026-10-01/photos/photo_1763@20-10-2022_17-52-17.jpg,6702,2022-10-20T17:52:17,,,,,,,,,,
ChatExport_2026-10-01/photos/photo_1764@21-10-2022_09-49-22.jpg,6705,2022-10-21T09:49:22,,,,,,,,,,1.165 1.16 1.155 1.15 1.145 1.14 1.135 1.13 1.12 1.115 1.105 1.1 1.095 1.09 1.085 1.08
assets/tradingview/2022-10/2022-10-21_14h02_msg6712_kLmcl3jn.png,6712,2022-10-21T14:02:10,GBPUSD,1h,2022-10-21T14:01:00,,,,,1.09212,1.11765,1.15 1.12 1.11 1.105 1.1 1.095 1.09212
assets/tradingview/2022-10/2022-10-24_11h54_msg6721_10IGx9jF.png,6721,2022-10-24T11:54:26,GBPUSD,15,2022-10-24T11:53:00,,,,,1.12982,1.13082,1.145 1.14 1.135 1.12 1.115 1.11 1.105 1.1 1.095 1.085
assets/tradingview/2022-10/2022-10-26_15h26_msg6725_gInPb0ww.png,6725,2022-10-26T15:26:49,XAUUSD,5,2022-10-25T01:34:00,1654.465,1655.749,1644.79,vente,1644.79 164.79,1655.749,1654.465 1654.0 1653.0 1652.0 1651.0 1649.865 1648.0 1647.0 1646.0 1644.0 1643.0 1642.0 1641.0 1640.0 1639.0 1638.0 649.0
assets/tradingview/2022-10/2022-10-26_15h26_msg6727_s1ZxwOrg.png,6727,2022-10-26T15:26:49,EURUSD,1,2022-10-25T13:14:00,,,,,,,0.992 0.9915 0.991 0.9905 0.9895 0.989 0.9885 0.988 0.9875 0.987 0.9865 0.986 0.9855 0.985 0.9845 0.984 0.98585 0.98563
assets/tradingview/2022-10/2022-10-26_15h26_msg6728_TiLSBeqS.png,6728,2022-10-26T15:26:49,,1,2022-10-25T13:27:00,,,,,,,
assets/tradingview/2022-10/2022-10-26_15h26_msg6731_nE3bpagk.png,6731,2022-10-26T15:26:49,AUDUSD,5,,,,,,,,0.645 0.644 0.643 0.642 0.641 0.64 0.637 0.636 0.633 0.632 0.63079 0.63062 0.63 0.629 0.628 0.627 0.626 0.62961 0.62936
assets/tradingview/2022-10/2022-10-26_15h26_msg6736_e73waZMI.png,6736,2022-10-26T15:26:49,USDCAD,2h,2022-10-26T14:43:00,,,,,1.35093 1.35038,1.35024,1.41 1.405 1.4 1.395 1.38453 1.38 1.375 1.37 1.365 1.355 1.34 1.335
assets/tradingview/2022-10/2022-10-26_15h26_msg6737_8GIL8Es8.png,6737,2022-10-26T15:26:49,AUDUSD,2,2022-10-26T14:49:00,,,,,,,0.651 0.6505 0.65 0.6495 0.64908 0.648 0.6475 0.647 0.6465 0.646 0.6455 0.6451 0.6445 0.644 0.6435 0.643 0.6425 0.642 0.6415 0.641 0.6405 0.64 0.64582
ChatExport_2026-10-01/photos/photo_1768@26-10-2022_15-26-49.jpg,6726,2022-10-26T15:26:49,,,,,,,,,,
ChatExport_2026-10-01/photos/photo_1769@26-10-2022_15-26-49.jpg,6729,2022-10-26T15:26:49,,,,,,,,,,
ChatExport_2026-10-01/photos/photo_1770@26-10-2022_15-26-49.jpg,6730,2022-10-26T15:26:49,,5,2022-10-25T13:52:00,,,,,,,
ChatExport_2026-10-01/photos/photo_1771@26-10-2022_15-26-49.jpg,6732,2022-10-26T15:26:49,,,,,,,,,,1676.0 1675.5 1674.5 1673.5 1673.0 1672.5 1672.0 1671.5
ChatExport_2026-10-01/photos/photo_1772@26-10-2022_15-26-49.jpg,6733,2022-10-26T15:26:49,,,,,,,,,,170.31 170.285 170.26 170.235 170.21 170.185 170.16 170.135 170.11 170.085 170.06 170.035 170.01 169.985
ChatExport_2026-10-01/photos/photo_1773@26-10-2022_15-26-49.jpg,6734,2022-10-26T15:26:49,CADCHF,,,,,,,,,0.736 0.735 0.734 0.733 0.731 0.73 0.729 0.728 0.727 0.726 0.725 0.723 0.721 0.72
ChatExport_2026-10-01/photos/photo_1774@26-10-2022_15-26-49.jpg,6735,2022-10-26T15:26:49,,15,2022-10-26T14:06:00,,,,,11683.64,,11414.65
assets/tradingview/2022-10/2022-10-26_15h26_msg6738_t33Uty3t.png,6738,2022-10-26T15:26:50,NZDCAD,1,2022-10-26T14:53:00,,,,,,,0.7945 0.794 0.7935 0.793 0.7925 0.792 0.7915 0.791 0.79052 0.79027 0.79 0.78987 0.7895 0.789 0.7885 0.788 0.7875 0.787 0.7865 0.786 0.7855 0.785 0.7845
assets/tradingview/2022-10/2022-10-26_15h26_msg6739_iKMgy9xi.png,6739,2022-10-26T15:26:50,AUDCAD,3,2022-10-26T14:58:00,0.87786,0.87702,0.88335,achat,0.88335,0.87702,0.884 0.882 0.87786 0.876 0.874 0.872 0.87 0.868 40.0 20.0
assets/tradingview/2022-10/2022-10-26_15h26_msg6741_s9x0j2S6.png,6741,2022-10-26T15:26:50,AUDUSD,2,2022-10-26T15:07:00,,,,,0.6494 0.64623,,0.6505 0.65 0.649 0.6485 0.648 0.6475 0.647 0.6465 0.646 0.645 0.64572
assets/tradingview/2022-10/2022-10-26_15h26_msg6742_T7PHVZfh.png,6742,2022-10-26T15:26:50,AUDUSD,,2022-10-26T15:16:00,,,,,,,0.65 0.6499 0.6497 0.6496 0.6495 0.6494 0.6493 0.649 0.6489 0.6488 0.6487 0.6486 0.6485 0.6484 0.6483 0.6482 0.64919 0.6491
ChatExport_2026-10-01/photos/photo_1775@26-10-2022_15-26-50.jpg,6740,2022-10-26T15:26:50,AUDUSD,,,,,,,,0.6509,0.65046 0.64841
ChatExport_2026-10-01/photos/photo_1776@26-10-2022_15-53-29.jpg,6746,2022-10-26T15:53:29,,15,2022-10-26T15:35:00,,,,,,,
ChatExport_2026-10-01/photos/photo_1777@26-10-2022_15-53-29.jpg,6747,2022-10-26T15:53:29,,,,,,,,,,
ChatExport_2026-10-01/photos/photo_1778@26-10-2022_15-53-44.jpg,6748,2022-10-26T15:53:44,,,,,,,,,,1.3587 1.35835 1.358 1.35765 1.3573 1.35695 1.3566 1.35625 1.3559 1.35555 1.3552 1.35485 1.3545 1.35415 1.3538 1.35345
ChatExport_2026-10-01/photos/photo_1779@26-10-2022_15-53-58.jpg,6749,2022-10-26T15:53:58,,1h,2022-10-26T15:52:00,,,,,,,1695.0 1680.0 675.0 1673.761 1672.571 1645.0
ChatExport_2026-10-01/photos/photo_1780@26-10-2022_15-53-58.jpg,6750,2022-10-26T15:53:58,,1,2022-10-26T15:53:00,,,,,,,
ChatExport_2026-10-01/photos/photo_1781@26-10-2022_16-03-00.jpg,6751,2022-10-26T16:03:00,XAUUSD,,,,,,,,,11667.3 1672.3 1671.3 1670.3 1669.3 1668.3 1667.3 1666.3 1665.3 1664.3 1663.3 1662.3 1661.3
assets/tradingview/2022-10/2022-10-27_10h33_msg6783_CikFICNh.png,6783,2022-10-27T10:33:12,AUDUSD,5,2022-10-27T00:47:00,,,,,0.64128,,0.654 0.653 0.652 0.651 0.65014 0.64935 0.649 0.64864 0.647 0.644 0.643 0.642 0.641 0.64 0.639 0.64582 0.6451 12.0
assets/tradingview/2022-10/2022-10-27_10h33_msg6784_SkPjmFdn.png,6784,2022-10-27T10:33:12,EURUSD,1,2022-10-27T00:55:00,,,,,1.00599,,1.0106 1.0104 1.0102 1.01 1.0098 1.0096 1.0092 1.0088 1.0086 1.0084 1.0082 1.008 1.0074 1.0072 1.007 1.0068 1.0066 1.0064 1.0062 1.0058 1.0056 1.0054 1.0052 1.005 1.0048 1.00938 1.00907
assets/tradingview/2022-10/2022-10-27_10h33_msg6786_wg7q6l0p.png,6786,2022-10-27T10:33:12,AUDUSD,1,2022-10-27T03:17:00,0.65002,0.65012,0.64831,vente,0.64831,0.65012 0.64955,0.65002 0.64962 0.649 0.6485 0.648 0.647 80.0 50.0 40.0 30.0
ChatExport_2026-10-01/photos/photo_1782@27-10-2022_10-33-12.jpg,6785,2022-10-27T10:33:12,AUDUSD,,,,,,,,,0.6502 0.65 0.6498 0.6496 0.6494 0.6492 0.649 0.6488 0.6486 0.6484 0.6482 0.648 0.6478
ChatExport_2026-10-01/photos/photo_1783@27-10-2022_10-33-12.jpg,6787,2022-10-27T10:33:12,XAUUSD,,,,,,,,,11674.55 1668.85 1666.0 1663.15 1660.3 1657.45 1654.6 1651.75 1648.9 1646.05 1643.2 1640.35 1674.55
ChatExport_2026-10-01/photos/photo_1784@27-10-2022_10-33-12.jpg,6788,2022-10-27T10:33:12,EURUSD,5,2022-10-27T09:09:00,1.00778,1.00849,1.00249,vente,1.00249,1.00849,1.00937 1.00887 1.00778 1.00776 1.00618 1.00543 1.00509
ChatExport_2026-10-01/photos/photo_1785@27-10-2022_10-33-12.jpg,6789,2022-10-27T10:33:12,EURUSD,,,,,,,1.00537,,1.0123 1.0117 1.0111 1.0105 1.0099 1.0093 1.0087 1.0081 1.0075 1.0069 1.0063 1.0057 1.0051 1.0045 1.0039 1.0033 1.0027 4.0075
ChatExport_2026-10-01/photos/photo_1790@27-10-2022_13-21-18.jpg,6795,2022-10-27T13:21:18,XAUUSD,,,,,,,,,0.26 0.0 462.08
ChatExport_2026-10-01/photos/photo_1791@27-10-2022_13-26-58.jpg,6796,2022-10-27T13:26:58,,,,,,,,,,1666.6 1665.9 1665.2 1664.5 1663.8 1662.4 1661.7 1661.0 1660.3 1659.6 1658.9 1658.2 1657.5 1656.8 1656.1 1655.4
ChatExport_2026-10-01/photos/photo_1792@27-10-2022_13-27-05.jpg,6797,2022-10-27T13:27:05,,,,,,,,,,11660.7 1666.7 1665.95 1665.2 1664.45 1663.7 1662.95 1662.2 1661.45 1660.7 1659.95 1659.2 1658.45 1657.7 1656.95 1656.2 1655.45
ChatExport_2026-10-01/photos/photo_1794@01-11-2022_16-36-03.jpg,6841,2022-11-01T16:36:03,,,,,,,,,,
assets/tradingview/2022-11/2022-11-01_16h48_msg6849_9DQtlEQ3.png,6849,2022-11-01T16:48:51,NZDJPY,1,2022-11-01T14:07:00,,,,,,,86.95 86.85 86.75 86.7 86.65 86.6 86.55 86.5 86.45 86.4 86.35 86.3 86.25
assets/tradingview/2022-11/2022-11-01_16h48_msg6851_Lqg0L6dF.png,6851,2022-11-01T16:48:51,XAUUSD,,2022-11-01T14:11:00,1654.0,1657.35,1644.5,vente,1644.5,1657.35,1660.0 1658.0 1654.0 1652.0 1650.0 1648.0 1646.0 1642.0 1640.0 1638.0 1636.0 1634.0 1632.0
assets/tradingview/2022-11/2022-11-01_16h48_msg6853_bkopdIvg.png,6853,2022-11-01T16:48:51,EURUSD,10,2022-11-01T16:03:00,,,,,0.9871 0.99002,,0.9995 0.999 0.9985 0.998 0.9975 0.997 0.9965 0.996 0.9955 0.995 0.9945 0.9935 0.993 0.9925 0.992 0.9915 0.991 0.9905 0.9895 0.989 0.9885 0.988 0.98754 0.9865 0.986 0.9855 0.985 0.99422 0.99387
ChatExport_2026-10-01/photos/photo_1795@01-11-2022_16-48-51.jpg,6847,2022-11-01T16:48:51,XAUUSD,,,,,,,,,
ChatExport_2026-10-01/photos/photo_1796@01-11-2022_16-48-51.jpg,6848,2022-11-01T16:48:51,,,,,,,,,,0.9954 70.9939 70.9929 70.9919 0.99515 0.9949 0.99465 0.9944 0.99415 0.9939 0.99365 0.9934 0.99315 0.9929 0.99265 0.9924 0.9919 0.99165
ChatExport_2026-10-01/photos/photo_1797@01-11-2022_16-48-51.jpg,6850,2022-11-01T16:48:51,,,,,,,,,,0.9954 70.9948 10.9936 70.9933 70.993 70.9921 70.9915 0.9951 0.9948 0.9945 0.9942 0.9939 0.9936 0.9933 0.993 0.9927 0.9924 0.9921 0.9918 0.9915 0.9912 0.9909 0.9906
ChatExport_2026-10-01/photos/photo_1798@01-11-2022_16-48-51.jpg,6852,2022-11-01T16:48:51,US30,,,,,,,,,
assets/tradingview/2022-11/2022-11-11_16h30_msg6862_hMWdVaec.png,6862,2022-11-11T16:30:44,AUDUSD,1,2022-11-07T13:05:00,,,,,,,0.6484 0.6482 0.648 0.6476 0.6474 0.6472 0.647 0.6468 0.6466 0.6464 0.6462 0.646 0.6458 0.6456 0.6452 0.645 0.6448 0.6446 0.6444 0.6442 0.644 0.6438 0.6436 0.6434 0.6432 0.64572 0.64537
ChatExport_2026-10-01/photos/photo_1800@11-11-2022_16-30-44.jpg,6859,2022-11-11T16:30:44,AUDUSD,,,,,,,,,0.6471 0.647 0.6469 0.6468 0.6467 0.6466 0.6465 0.6464 0.6463 0.6462 0.6461 0.646 0.6459 70.6465 0.6457 0.6456 0.6455
ChatExport_2026-10-01/photos/photo_1801@11-11-2022_16-30-44.jpg,6860,2022-11-11T16:30:44,AUDUSD,15,2022-11-06T22:42:00,0.64934,0.65093,0.6424,vente,0.6424,0.65093 0.64868,0.67 0.665 0.66 0.64934 0.64798 0.635 0.63 0.625 0.62
ChatExport_2026-10-01/photos/photo_1802@11-11-2022_16-30-44.jpg,6861,2022-11-11T16:30:44,AUDUSD,,,,,,,,,
ChatExport_2026-10-01/photos/photo_1803@11-11-2022_16-30-44.jpg,6863,2022-11-11T16:30:44,EURUSD,,,,,,,,,1.00025 0.99995 0.9998 0.99965 0.9995 0.99935 0.9992 0.99905 0.9989 0.99875 0.9986 3.99845 0.9983 0.99815 9.99845
ChatExport_2026-10-01/photos/photo_1804@11-11-2022_16-30-44.jpg,6864,2022-11-11T16:30:44,,5,,,,,,,,
ChatExport_2026-10-01/photos/photo_1805@11-11-2022_16-30-44.jpg,6865,2022-11-11T16:30:44,EURUSD,,,,,,,,,1.00055 1.0005 1.00045 1.0004 1.00035 1.0003 1.00025 1.0002 1.00015 1.0001 1.00005 1.0 0.99995 0.9999 0.99985 0.9998 0.99975 0.9997
ChatExport_2026-10-01/photos/photo_1806@11-11-2022_16-30-44.jpg,6866,2022-11-11T16:30:44,,,2022-11-08T09:55:00,,,,,,,1.0012 1.0006 1.0004 1.0002 1.0 0.9996 0.9992 1.00055 1.00048 0.99977 0.99939
ChatExport_2026-10-01/photos/photo_1807@11-11-2022_16-30-44.jpg,6867,2022-11-11T16:30:44,,,,,,,,,,1.6935 1.6911 1.6903 1.6895 1.6887 1.6879 1.6871 1.6863 1.6847 1.6839 1.6831 1.6823 1.6927
assets/tradingview/2022-11/2022-11-11_16h30_msg6869_3ZoQc20A.png,6869,2022-11-11T16:30:45,AUDUSD,1,2022-11-08T15:09:00,,,,,,,0.652 0.6515 0.651 0.6505 0.65 0.6495 0.649 0.6485 0.648 0.6475 0.647 0.6465 0.646 0.6455 0.645 0.6445 0.644 0.6435 0.64724 0.64686
assets/tradingview/2022-11/2022-11-11_16h30_msg6874_akDtsQA8.png,6874,2022-11-11T16:30:45,,,2022-11-09T09:36:00,,,,,39.07 0.98584,0.99387 0.98382,0.995 0.99319 0.992 0.991 0.99 0.989 0.988 0.987 0.985 0.983
assets/tradingview/2022-11/2022-11-11_16h30_msg6877_1FXf6hn9.png,6877,2022-11-11T16:30:45,EURGBP,15,2022-11-09T13:11:00,,,,,0.87,0.86973,0.88 0.879 0.8785 0.878 0.8765 0.876 0.8755 0.875 0.8745 0.874 0.873 0.8725 0.872 0.8715 0.871 0.8705 0.87029 0.87 0.8695 0.869 0.8685
assets/tradingview/2022-11/2022-11-11_16h30_msg6878_2sIecU6I.png,6878,2022-11-11T16:30:45,AUDUSD,5,2022-11-09T15:41:00,,,,,,,0.656 0.655 0.654 0.653 0.652 0.651 0.65 0.649 0.648 0.647 0.646 0.645 0.643 0.642 0.641 0.64 0.639 0.638
assets/tradingview/2022-11/2022-11-11_16h30_msg6880_oSCpR920.png,6880,2022-11-11T16:30:45,XAUUSD,,2022-11-09T23:34:00,1704.853,1704.363,1706.192,achat,1706.192,1704.363,1706.8 1706.6 1706.4 1705.8 1705.6 1705.4 1705.2 1705.0 1704.6 1704.2 1700.8 1704.853
ChatExport_2026-10-01/photos/photo_1808@11-11-2022_16-30-45.jpg,6868,2022-11-11T16:30:45,,,2022-11-08T15:07:00,,,,,1.0021,1.0 0.99987,1.00312 1.00297 1.00278 1.00218 1.00067 0.99956 0.99918
ChatExport_2026-10-01/photos/photo_1809@11-11-2022_16-30-45.jpg,6870,2022-11-11T16:30:45,,,,,,,,,,0.8786 0.8779 0.8772 0.8765 0.8758 0.8751 0.8744 0.8737 0.873 0.8723 0.8716 0.8709 0.8695
ChatExport_2026-10-01/photos/photo_1810@11-11-2022_16-30-45.jpg,6871,2022-11-11T16:30:45,,,,,,,,,,0.8786 0.8779 0.8772 0.8765 0.8758 0.8751 0.8744 0.8737 0.873 0.8723 0.8716 0.8709 0.8702 0.8695
ChatExport_2026-10-01/photos/photo_1811@11-11-2022_16-30-45.jpg,6873,2022-11-11T16:30:45,,,,,,,,,,0.99365 0.9931 0.99255 0.992 0.99145 0.9909 0.99035 0.9898 0.98925 0.9887 0.98815 0.9876 0.98705 0.98595 0.9854 0.98485 0.9865
ChatExport_2026-10-01/photos/photo_1812@11-11-2022_16-30-45.jpg,6875,2022-11-11T16:30:45,,,,,,,,,,
ChatExport_2026-10-01/photos/photo_1813@11-11-2022_16-30-45.jpg,6876,2022-11-11T16:30:45,EURGBP,15,2022-11-08T16:05:00,,,,,0.87356,,0.879 0.878 0.877 0.876 0.875 0.874 0.873 0.872 0.87 0.869 0.87029
ChatExport_2026-10-01/photos/photo_1814@11-11-2022_16-30-45.jpg,6879,2022-11-11T16:30:45,AUDUSD,6,2022-11-09T16:40:00,,,,,,0.6509,0.65046
ChatExport_2026-10-01/photos/photo_1815@11-11-2022_16-30-45.jpg,6881,2022-11-11T16:30:45,XAUUSD,,,,,,,,,
ChatExport_2026-10-01/photos/photo_1816@11-11-2022_16-30-45.jpg,6882,2022-11-11T16:30:45,,,,,,,,,,1.0034 1.0032 1.003 1.0028 1.0024 1.0022 1.002 1.0018 1.0016 1.0014 1.00121 1.0008 1.0006
ChatExport_2026-10-01/photos/photo_1817@11-11-2022_16-30-45.jpg,6883,2022-11-11T16:30:45,EURUSD,,,1.00121,0.99922,1.00966,achat,1.00966 0.99768 0.9955 0.99403 0.99268,1.00102 0.99922 0.99238 0.98929 0.98924 1.01231,1.025 1.02 1.005 1.00121 0.99484 0.99458 0.98967 1.01263 0.99885 0.98914 0.98599
assets/tradingview/2022-11/2022-11-11_16h37_msg6886_D8LdtIGb.png,6886,2022-11-11T16:37:30,EURUSD,1h,2022-11-11T16:37:00,0.99493,0.99219,1.01984,achat,1.01984,1.03211 0.99219,1.04 1.025 1.015 1.01 1.005 1.0 0.99493 0.99 0.985 0.98 0.975 0.97 0.965 0.96 0.955 0.95
assets/tradingview/2022-11/2022-11-11_16h41_msg6888_tb83ymkG.png,6888,2022-11-11T16:41:34,EURUSD,1D,2022-11-11T16:41:00,0.99493,0.99219,1.01984,achat,1.01984,0.99219,1.12 1.01 1.0 0.99493 0.98 0.97 0.96 0.95 0.94
assets/tradingview/2022-11/2022-11-11_16h45_msg6892_sNAuyjWg.png,6892,2022-11-11T16:45:29,EURUSD,1h,2022-11-11T16:45:00,0.99389,0.99115,1.0188,achat,1.0188,0.99115,1.015 1.01 1.005 1.0 0.995 0.99 0.985 0.98 0.99389
assets/tradingview/2022-11/2022-11-11_16h49_msg6894_tMxeqv05.png,6894,2022-11-11T16:49:08,EURUSD,1h,2022-11-11T16:49:00,0.99389,0.99115,1.00333,achat,1.00333,0.99115,1.005 1.0 0.995 0.99 0.985 0.98 0.975 0.97 0.965 0.96 0.99389
assets/tradingview/2022-11/2022-11-15_20h48_msg6904_TdOuT6pn.png,6904,2022-11-15T20:48:48,EURUSD,1h,2022-11-15T16:05:00,,,,,1.02547,,1.055 1.045 1.04 1.03763 1.03 1.02 1.015 1.03623
assets/tradingview/2022-11/2022-11-15_20h48_msg6905_v6h2WBuT.png,6905,2022-11-15T20:48:48,EURUSD,1h,2022-11-15T20:40:00,,,,,,,1.055 1.045 1.04 1.0367 1.03 1.025 1.02 1.015
assets/tradingview/2022-11/2022-11-16_15h35_msg6914_VbFJPP23.png,6914,2022-11-16T15:35:07,GBPUSD,1h,2022-11-16T14:47:00,,,,,,,1.225 1.195 1.19 1.22 1.215 1.21 1.205 1.18 1.175 1.17 1.165
assets/tradingview/2022-11/2022-11-16_15h35_msg6915_xpTd0DpV.png,6915,2022-11-16T15:35:07,EURUSD,1h,2022-11-16T14:51:00,,,,,1.0 1.00141,1.00328 1.00066 1.00023 0.99968,1.07 1.065 1.06 1.055 1.015 1.01 1.00229 1.00096 0.99942 0.99881 0.99868
assets/tradingview/2022-11/2022-11-16_15h35_msg6916_AwtxzKpz.png,6916,2022-11-16T15:35:07,,1h,2022-11-16T14:54:00,,,,,,,1.33028 1.362 1.36 1.358 1.356 1.354 1.352 1.35 1.348 1.346 1.344 1.342 1.34 1.338 1.336 1.334 1.332 1.326 1.322 1.32 1.318 1.316 1.314 1.312
assets/tradingview/2022-11/2022-11-16_15h35_msg6917_GtaHDyQc.png,6917,2022-11-16T15:35:07,USDJPY,,2022-11-16T14:56:00,,,,,,,49.0 48.0 47.0 46.0 44.0 38.0 37.0 36.0 35.0 34.0 33.0 32.0 151.0 150.0 149.0 148.0 147.0 146.0 145.0 144.0 143.0 142.0 141.0 140.0 138.0 137.0 136.0 135.0 134.0 133.0 132.0
assets/tradingview/2022-11/2022-11-16_15h35_msg6918_RHwBwu2n.png,6918,2022-11-16T15:35:07,EURJPY,4h,2022-11-16T14:58:00,,,,,144.003,,149.0 148.0 147.0 146.0 143.5 143.0 142.0 141.5 141.0 149.5 148.5 146.5 145.5 142.668
assets/tradingview/2022-11/2022-11-16_15h35_msg6919_wGDLdb16.png,6919,2022-11-16T15:35:07,NZDJPY,4h,2022-11-16T15:00:00,,,,,,,92.0 91.5 91.0 90.5 90.0 89.5 89.0 88.5 88.0 87.0 86.5 85.5 85.0 84.5 84.0 83.5 83.0 82.5 82.0 81.5 81.0 80.5
ChatExport_2026-10-01/photos/photo_1819@18-11-2022_16-02-10.jpg,6923,2022-11-18T16:02:10,,,,,,,,,,
ChatExport_2026-10-01/photos/photo_1820@18-11-2022_16-07-29.jpg,6924,2022-11-18T16:07:29,,,2022-11-17T11:16:00,,,,,,0.65 0.685 0.675 0.66736,0.67511 0.66662
assets/tradingview/2022-11/2022-11-18_16h07_msg6925_SSt1xI8Y.png,6925,2022-11-18T16:07:53,AUDUSD,1h,2022-11-18T16:07:00,0.67167,0.67319,0.6629,vente,0.6629,0.66882 0.67319,0.68 0.679 0.678 0.677 0.676 0.674 0.671 0.67 0.668 0.667 0.666 0.665 0.664 0.662 0.67167
ChatExport_2026-10-01/photos/photo_1821@18-11-2022_21-16-45.jpg,6926,2022-11-18T21:16:45,,,,,,,,,,
assets/tradingview/2022-11/2022-11-21_18h15_msg6928_iyWClEqM.png,6928,2022-11-21T18:15:57,AUDUSD,1h,2022-11-21T18:15:00,0.65255,0.65368,0.65191,vente,0.6605 0.65191 0.63858,0.6734 0.65368,0.685 0.68 0.67167 0.67 0.665 0.655 0.65255 0.645 0.64
ChatExport_2026-10-01/photos/photo_1822@21-11-2022_18-16-55.jpg,6929,2022-11-21T18:16:55,,,,,,,,,,
assets/tradingview/2022-11/2022-11-29_00h10_msg6950_QgJvu2kA.png,6950,2022-11-29T00:10:19,EURCHF,4h,2022-11-29T00:10:00,1.00229,1.00328,1.00141,vente,1.0039 1.00141 0.99 0.99266,1.00328 1.00066 1.00023 0.99968 0.99821 0.99722 0.99303,1.055 1.045 1.04 1.03 1.025 1.015 1.01 1.00229 1.00096 0.99942 0.99881 0.99868 0.99682
assets/tradingview/2022-11/2022-11-29_00h10_msg6952_TsWWriGa.png,6952,2022-11-29T00:10:47,USDJPY,4h,2022-11-29T00:10:00,,,,,,138.712,0.5 40.0 9.5 139.0 138.0 137.0 136.5 136.0 145.0 144.5 144.0 143.5 143.0 142.5 142.0 141.5 141.0 140.5 140.0 139.5
assets/tradingview/2022-11/2022-11-29_00h23_msg6957_zr7f6ZOT.png,6957,2022-11-29T00:23:56,EURUSD,4h,2022-11-29T00:23:00,,,,,,,1.112 1.11 1.108 1.106 1.104 1.102 1.1 1.098 1.096 1.094 1.092 1.09 1.088 1.086 1.084 1.082 1.08 1.078 1.076 1.074 1.072 1.07 1.068 1.066 1.064 1.062
assets/tradingview/2022-11/2022-11-29_00h28_msg6959_QH0QnOSb.png,6959,2022-11-29T00:28:10,EURUSD,4h,2022-11-29T00:28:00,,,,,,,1.108 1.106 1.104 1.102 1.1 1.098 1.096 1.094 1.092 1.09 1.088 1.086 1.084 1.082 1.08 1.078 1.076 1.074 1.072 1.07 1.068 1.066 1.064 1.062 1.06 1.058 1.056
assets/tradingview/2022-11/2022-11-29_00h32_msg6961_mB45eiKe.png,6961,2022-11-29T00:32:28,EURUSD,4h,2022-11-29T00:32:00,,,,,,,1.11 1.108 1.106 1.104 1.102 1.1 1.098 1.096 1.094 1.092 1.09 1.088 1.086 1.084 1.082 1.08 1.078 1.076 1.074 1.072 1.07 1.068 1.066 1.064 1.062 1.06 1.058
assets/tradingview/2022-11/2022-11-29_00h39_msg6964_2uAhZy1x.png,6964,2022-11-29T00:39:55,EURUSD,4h,2022-11-29T00:39:00,,,,,,,1.104 1.102 1.1 1.098 1.096 1.094 1.092 1.09 1.088 1.086 1.084 1.082 1.08 1.078 1.076 1.074 1.072 1.07 1.068 1.066 1.064 1.062 1.06 1.058 1.056 1.054 1.052
assets/tradingview/2022-12/2022-12-02_13h20_msg6985_xWFYvW4Q.png,6985,2022-12-02T13:20:58,EURUSD,1h,2022-12-02T13:20:00,,,,,1.05378,,1.068 1.066 1.064 1.062 1.06 1.058 1.056 1.05 1.048 1.046 1.044 1.042 1.04 1.038 1.036 1.034 1.032 1.03 1.028
assets/tradingview/2022-12/2022-12-02_13h31_msg6995_iIhmNb0E.png,6995,2022-12-02T13:31:48,EURUSD,15,2022-12-02T13:31:00,,,,,,1.04611,1.064 1.044 1.042 1.04 1.038 1.036 1.034 1.032 1.03 1.062 1.06 1.058 1.056 1.054 1.052 1.05 1.048
assets/tradingview/2022-12/2022-12-02_13h33_msg6997_MswuE7Ah.png,6997,2022-12-02T13:33:14,,15,2022-12-02T13:33:00,,,,,,1.21668,1.245 1.24 1.235 1.23 1.225 1.22 1.21 1.205 1.2 1.195
assets/tradingview/2022-12/2022-12-02_13h38_msg6999_JabxUdYd.png,6999,2022-12-02T13:38:35,GBPUSD,4h,2022-12-02T13:37:00,,,,,,1.2162,1.25 1.245 1.24 1.235 1.23 1.22 1.21 1.17 1.205 1.2 1.195 1.19 1.185 1.18 1.175
ChatExport_2026-10-01/photos/photo_1829@13-12-2022_14-24-32.jpg,7033,2022-12-13T14:24:32,,,,,,,,,,1.26 1.255 1.25 1.245 1.235 1.23 1.225 1.22 1.215 1.21 1.205 1.2
ChatExport_2026-10-01/photos/photo_1830@13-12-2022_15-11-14.jpg,7039,2022-12-13T15:11:14,,,,,,,,,,417.83 49.67 591.48
ChatExport_2026-10-01/photos/photo_1832@16-12-2022_13-20-07.jpg,7070,2022-12-16T13:20:07,,4h,,,,,,,,169.0 168.5 168.0 166.0 165.5 164.0
ChatExport_2026-10-01/photos/photo_1834@21-12-2022_14-32-54.jpg,7083,2022-12-21T14:32:54,,,,,,,,,,1.095 1.085 1.075 1.04 1.09 1.08 1.07 1.065 1.055 1.05 1.045 1.035
assets/tradingview/2023-01/2023-01-09_17h07_msg7114_z9DveFbn.png,7114,2023-01-09T17:07:13,GBPJPY,1D,2023-01-09T17:06:00,,,,,166.511 165.232 160.615 153.685,169.755 169.339 156.524,176.0 174.0 172.0 169.359 168.684 168.0 164.0 158.0 156.078 150.0 148.0 146.0 144.0
ChatExport_2026-10-01/photos/photo_1841@09-01-2023_19-09-19.jpg,7117,2023-01-09T19:09:19,,,,,,,,,,
assets/tradingview/2023-01/2023-01-09_19h17_msg7121_oi8TFKL4.png,7121,2023-01-09T19:17:50,AUDUSD,1D,2023-01-09T19:17:00,,,,,0.69266,,0.77 0.76 0.75 0.74 0.73 0.72 0.7 0.68 0.67 0.66 0.65 0.64 0.63 0.62 0.61
ChatExport_2026-10-01/photos/photo_1842@10-01-2023_06-33-23.jpg,7126,2023-01-10T06:33:23,,,,,,,,,,
assets/tradingview/2023-01/2023-01-12_15h37_msg7137_R4tM7MOK.png,7137,2023-01-12T15:37:54,USDJPY,1h,2023-01-12T15:37:00,132.653,132.888,129.508,vente,129.508,132.888 130.032,136.5 136.0 135.5 135.0 134.0 133.5 132.653 132.0 131.5 131.0 130.5 129.0 128.5 128.0 127.5 127.0
assets/tradingview/2023-01/2023-01-12_15h38_msg7139_72poHFEx.png,7139,2023-01-12T15:38:37,CADJPY,4h,2023-01-12T15:38:00,,,,,,97.007,103.5 103.0 102.5 102.0 101.5 101.0 100.5 99.0 98.5 98.0 97.5 96.5 96.0 95.5 95.0 104.0
assets/tradingview/2023-01/2023-01-12_15h39_msg7141_ZFpGXjjq.png,7141,2023-01-12T15:39:15,EURJPY,1h,2023-01-12T15:39:00,,,,,,140.55,147.0 146.0 145.0 144.0 142.0 141.0 140.0 139.0 138.0 137.0
assets/tradingview/2023-01/2023-01-12_15h40_msg7143_TX7QXHzh.png,7143,2023-01-12T15:40:00,GBPJPY,1h,2023-01-12T15:39:00,,,,,166.511 165.232 158.241,169.339 156.524,169.359 8.684 168.0 167.0 166.0 164.0 163.0 162.0 161.0 160.0 159.0 157.0 156.078 155.0
assets/tradingview/2023-01/2023-01-13_06h46_msg7150_2MaqVE1F.png,7150,2023-01-13T06:46:13,GBPUSD,1h,2023-01-13T06:46:00,,,,,1.2203,,1.24 1.235 1.23 1.215 1.21 1.205 1.2 1.195
assets/tradingview/2023-01/2023-01-13_12h15_msg7157_xiJDdLKx.png,7157,2023-01-13T12:15:27,GBPUSD,1h,2023-01-13T12:14:00,,,,,,,1.235 1.23 1.22 1.215 1.21 1.205 1.2
ChatExport_2026-10-01/photos/photo_1843@18-01-2023_03-34-09.jpg,7167,2023-01-18T03:34:09,,,,,,,,,,
ChatExport_2026-10-01/photos/photo_1844@18-01-2023_03-34-56.jpg,7169,2023-01-18T03:34:56,,,,,,,,,,139.0 138.0 137.0 136.0 135.0 134.0 133.0 132.0 130.0 129.0 128.0 127.0 126.0 125.0 124.0 123.0
ChatExport_2026-10-01/photos/photo_1845@18-01-2023_03-35-16.jpg,7170,2023-01-18T03:35:16,,,,,,,,,,144.5 144.0 143.5 143.0 142.5 142.0 140.5 140.0 139.5 139.0 138.5 138.0 137.0 136.5 136.0 135.5
ChatExport_2026-10-01/photos/photo_1846@18-01-2023_03-35-37.jpg,7171,2023-01-18T03:35:37,,,,,,,,,,85.5 84.0 83.5 83.0 82.0 81.5
ChatExport_2026-10-01/photos/photo_1847@18-01-2023_19-16-19.jpg,7176,2023-01-18T19:16:19,,,,,,,,131.463,,136.0 135.0 34.0 133.0 132.0 131.0 130.0 26.0 125.0 124.0 23.0 122.0 134.0 128.0 126.0 123.0
assets/tradingview/2023-01/2023-01-18_21h34_msg7186_7RKiX0vH.png,7186,2023-01-18T21:34:24,,1D,2023-01-16T01:54:00,,,,,,127.706,142.0 140.0 138.0 136.0 134.0 132.0 130.0 124.0
assets/tradingview/2023-01/2023-01-18_21h34_msg7187_mdJSIE6p.png,7187,2023-01-18T21:34:24,AUDUSD,1W,2023-01-16T01:58:00,,,,,0.70102 0.69133,0.67174,0.78 0.77 0.76 0.75 0.74 0.73 0.72 0.67613 0.66 0.65 0.64 0.63 0.62 0.61 0.6
assets/tradingview/2023-01/2023-01-18_21h34_msg7188_eOrm2TwD.png,7188,2023-01-18T21:34:24,AUDUSD,1D,2023-01-16T01:59:00,,,,,0.70133 0.69133,0.67174,0.76 0.75 0.74 0.73 0.72 0.68 0.67613 0.66 0.65 0.64 0.63 0.62 0.61
assets/tradingview/2023-01/2023-01-18_21h35_msg7191_327rRRVO.png,7191,2023-01-18T21:35:07,USDJPY,4h,2023-01-18T21:35:00,127.598,127.049,131.463,achat,131.463 128.838,127.049,140.0 139.0 138.0 137.0 136.0 135.0 134.0 133.0 132.0 131.0 130.0 128.0 127.598 126.0 125.0 4.0
assets/tradingview/2023-01/2023-01-18_21h36_msg7192_lNbyScmB.png,7192,2023-01-18T21:36:12,AUDUSD,1D,2023-01-18T21:36:00,0.69416,0.69271,0.70453,achat,0.70453 0.69133,0.69394 0.69271 0.67174,0.75 0.74 0.73 0.72 0.71 0.69416 0.67613 0.66 0.65 0.64 0.63 0.62
assets/tradingview/2023-01/2023-01-20_06h06_msg7202_YwmPwD5w.png,7202,2023-01-20T06:06:08,EURJPY,1h,2023-01-20T06:06:00,138.212,137.903,140.265,achat,140.265,137.903,42.0 41.5 41.0 40.5 40.0 39.5 39.0 38.5 137.5 137.0 136.5 142.0 141.5 141.0 140.5 140.0 139.5 139.0 138.5 138.212
ChatExport_2026-10-01/photos/photo_1849@20-01-2023_06-10-49.jpg,7205,2023-01-20T06:10:49,,,,,,,,,,141.69 141.45 141.21 140.97 140.73 140.49 140.25 139.77 139.53 139.29 139.05 138.81 138.33 138.09
ChatExport_2026-10-01/photos/photo_1850@20-01-2023_06-12-39.jpg,7206,2023-01-20T06:12:39,,,,,,,,,,695.27 318.26 380.58 937.68 544.15
ChatExport_2026-10-01/photos/photo_1851@20-01-2023_06-13-28.jpg,7207,2023-01-20T06:13:28,,,,,,,,,,
ChatExport_2026-10-01/photos/photo_1852@20-01-2023_06-45-59.jpg,7209,2023-01-20T06:45:59,,,,,,,,,,
assets/tradingview/2023-01/2023-01-20_13h17_msg7213_Brcy3VgG.png,7213,2023-01-20T13:17:47,EURJPY,1h,2023-01-20T13:17:00,138.212,137.903,140.929,achat,140.929 140.265,137.903,141.5 140.5 140.0 139.5 139.0 138.5 138.212 137.5
ChatExport_2026-10-01/photos/photo_1853@20-01-2023_13-18-55.jpg,7215,2023-01-20T13:18:55,,,,,,,,,,1.18 1.19 667.55 0.0
ChatExport_2026-10-01/photos/photo_1854@20-01-2023_13-20-21.jpg,7216,2023-01-20T13:20:21,,,,,,,,,,
assets/tradingview/2023-01/2023-01-24_07h47_msg7231_8M9SzOnt.png,7231,2023-01-24T07:47:30,EURJPY,1D,2023-01-24T07:46:00,138.204,137.903,143.002,achat,143.002,137.903,49.0 48.0 47.0 46.0 45.0 44.0 142.0 140.0 139.0 137.0 136.0 135.0 149.0 148.0 147.0 146.0 145.0 144.0 138.204
assets/tradingview/2023-01/2023-01-24_17h12_msg7239_wEvlXbx1.png,7239,2023-01-24T17:12:07,EURUSD,1h,2023-01-24T10:26:00,1.08451,1.08333,1.09,achat,1.09,1.08602 1.08333,1.09 1.088 1.08451 1.08 1.076 1.072
assets/tradingview/2023-01/2023-01-24_17h12_msg7240_ZRRCYOrG.png,7240,2023-01-24T17:12:26,EURUSD,,2023-01-24T17:12:00,1.08427,1.08307,1.0936,achat,1.0936,1.08307,1.085 1.08427 1.097 1.096 1.095 1.094 1.093 1.092 1.091 1.09 1.089 1.088 1.086 1.082 1.081 1.08 1.079 1.078 1.077 1.076 1.075
ChatExport_2026-10-01/photos/photo_1858@24-01-2023_17-12-48.jpg,7241,2023-01-24T17:12:48,EURUSD,,,,,,,,,1.0928 1.092 1.0912 1.0904 1.0896 1.0888 1.0872 1.0864 1.0848 1.084 1.0824 1.0816 1.0808
ChatExport_2026-10-01/photos/photo_1859@24-01-2023_17-13-21.jpg,7242,2023-01-24T17:13:21,,,,,,,,,,
ChatExport_2026-10-01/photos/photo_1860@24-01-2023_23-54-54.jpg,7245,2023-01-24T23:54:54,,,,,,,,,,
ChatExport_2026-10-01/photos/photo_1861@25-01-2023_14-31-17.jpg,7252,2023-01-25T14:31:17,,4h,2023-01-25T14:30:00,,,,,1.33678,,1.362 1.36 1.358 1.356 1.354 1.352 1.35 1.348 1.344 1.34 1.338 1.334 1.33 1.328 1.326 1.324 1.32 1.318 1.3425
ChatExport_2026-10-01/photos/photo_1862@25-01-2023_15-11-16.jpg,7255,2023-01-25T15:11:16,EURUSD,,,,,,,,,1.0923 1.0917 1.0911 1.0905 1.0899 1.0893 1.0887 1.0881 1.0875 1.0869 1.0863 1.0857 1.0851 1.0845 1.0839
ChatExport_2026-10-01/photos/photo_1863@25-01-2023_15-12-48.jpg,7256,2023-01-25T15:12:48,,,,,,,,,,0.0
assets/tradingview/2023-01/2023-01-25_15h19_msg7257_JsvrAy08.png,7257,2023-01-25T15:19:21,USDCAD,,2023-01-25T15:19:00,1.344,1.34674,1.3401,vente,1.3401,1.34674,1.352 1.35 1.348 1.344 1.338 1.336 1.334 1.33 1.328 1.326 1.324 1.32 1.318
assets/tradingview/2023-01/2023-01-25_18h25_msg7261_cJeGCswm.png,7261,2023-01-25T18:25:54,USDCAD,1h,2023-01-25T18:25:00,,,,,,1.33882 1.34674,1.344 1.3425 1.342 1.34 1.336 1.334
assets/tradingview/2023-01/2023-01-25_18h26_msg7262_ASjjQrMc.png,7262,2023-01-25T18:26:09,USDCAD,444,2023-01-25T18:26:00,,,,,,1.3467 1.34674,1.337 1.345 1.344 1.343 1.3425 1.342 1.341 1.34 1.339 1.336 1.335 1.334 1.333
assets/tradingview/2023-01/2023-01-25_19h37_msg7269_9vAWkEth.png,7269,2023-01-25T19:37:03,GBPUSD,1h,2023-01-25T06:04:00,1.23132,1.22617,1.24531,achat,1.24531,1.23186 1.22617,1.25 1.254 1.252 1.248 1.242 1.238 1.236 1.234 1.23132 1.228 1.224 1.222 1.22 1.218 1.24
ChatExport_2026-10-01/photos/photo_1864@25-01-2023_19-37-03.jpg,7268,2023-01-25T19:37:03,GBPUSD,,,,,,,,1.23191,1.26 1.255 1.25 1.24 1.235 1.225 1.22 1.215 1.21 1.205 1.2 1.195
ChatExport_2026-10-01/photos/photo_1865@25-01-2023_19-37-03.jpg,7270,2023-01-25T19:37:03,GBPUSD,1h,2023-01-25T14:56:00,,,,,1.23576,,1.266 1.262 1.252 1.25 1.248 1.242 1.24 1.234 1.228 1.22 1.218 1.216 1.214 1.212 1.26 1.258 1.256 1.254 1.238 1.23132 1.224 1.222
assets/tradingview/2023-01/2023-01-25_19h38_msg7271_yjXap0RX.png,7271,2023-01-25T19:38:00,GBPUSD,1h,2023-01-25T19:37:00,1.23132,1.22617,1.24531,achat,1.24531 1.23943,1.22617,1.255 1.25 1.235 1.23132 1.225 1.22 1.215 1.21
assets/tradingview/2023-01/2023-01-26_14h18_msg7284_ZAnXdhpK.png,7284,2023-01-26T14:18:00,EURJPY,1h,2023-01-26T08:18:00,142.0,140.931,143.045,achat,143.045 143.002 141.663,140.931,143.5 142.5 142.0 140.5 140.0 139.5
assets/tradingview/2023-01/2023-01-26_14h18_msg7285_7wCXpfGj.png,7285,2023-01-26T14:18:08,EURJPY,1h,2023-01-26T14:17:00,141.345,140.941,143.045,achat,143.045 143.002 141.729,140.941,145.0 144.5 144.0 143.5 142.5 142.0 141.345 140.5 140.0 139.5 139.0 138.5
ChatExport_2026-10-01/photos/photo_1866@26-01-2023_14-20-58.jpg,7286,2023-01-26T14:20:58,EURJPY,,,,,,,,,142.23 142.13 142.03 141.93 141.83 141.73 141.63 141.53 141.43 141.33 141.23 141.13 141.03 140.93 140.83
assets/tradingview/2023-01/2023-01-26_14h25_msg7290_tvxZOxCP.png,7290,2023-01-26T14:25:13,USDCAD,4h,2023-01-26T14:24:00,,,,,1.32299,1.33126,1.37 1.3425 1.325 1.315
assets/tradingview/2023-01/2023-01-31_18h49_msg7325_79p02q5N.png,7325,2023-01-31T18:49:34,EURJPY,1h,2023-01-31T06:27:00,140.909,140.509,143.002,achat,143.002 142.94,140.509,140.909 0.6 144.0 143.8 143.6 143.4 142.8 142.6 142.4 142.2 142.0 141.8 141.6 141.4 40.0 140.4 140.2 140.0 139.8 139.6 139.4
ChatExport_2026-10-01/photos/photo_1870@31-01-2023_18-50-33.jpg,7327,2023-01-31T18:50:33,EURJPY,,,,,,,,,141.96 140.97 140.88 140.79 140.7 140.61 141.87 141.78 141.69 141.6 141.51 141.42 141.33 141.24 141.15 141.06
ChatExport_2026-10-01/photos/photo_1871@31-01-2023_18-52-48.jpg,7328,2023-01-31T18:52:48,,,,,,,,,,
ChatExport_2026-10-01/photos/photo_1872@01-02-2023_05-58-53.jpg,7333,2023-02-01T05:58:53,EURJPY,1h,2023-02-01T05:58:00,140.909,140.6,141.672,achat,142.94 141.672,140.6 140.4,144.0 143.8 143.6 143.4 143.2 142.8 142.6 142.4 142.2 142.0 141.8 141.4 141.2 140.909 140.2 140.0 139.8 139.6 139.4 139.2 139.0 138.8 138.6 41.0 140.6
ChatExport_2026-10-01/photos/photo_1873@01-02-2023_05-59-44.jpg,7334,2023-02-01T05:59:44,EURJPY,,,,,,,,,141.68 140.96 140.9 140.84 140.78 141.62 141.56 141.5 141.44 141.38 141.32 141.26 141.2 141.14 141.08 141.02
ChatExport_2026-10-01/photos/photo_1874@01-02-2023_19-45-00.jpg,7342,2023-02-01T19:45:00,,,,,,,,,,1.11 1.1 1.092 1.09 1.112 1.108 1.106 1.104 1.102 1.088 1.086 1.084 1.082 1.08 1.078 1.076
ChatExport_2026-10-01/photos/photo_1875@02-02-2023_13-35-03.jpg,7353,2023-02-02T13:35:03,EURJPY,,,,,,,,,2.02 0.0
ChatExport_2026-10-01/photos/photo_1876@02-02-2023_13-35-55.jpg,7356,2023-02-02T13:35:55,,,,,,,,,,148.0 147.0 146.0 145.0 144.0 142.0 141.0 139.0 138.0 137.0
ChatExport_2026-10-01/photos/photo_1877@02-02-2023_14-49-37.jpg,7364,2023-02-02T14:49:37,EURJPY,1D,2023-02-02T14:49:00,,,,,,140.28,146.0 145.5 145.0 144.5 144.0 143.5 142.5 142.0 141.5 141.0 139.0 138.5 138.0 137.5 137.0
assets/tradingview/2023-02/2023-02-03_09h50_msg7370_nufA7Zjh.png,7370,2023-02-03T09:50:54,EURJPY,1h,2023-02-03T09:50:00,140.003,139.497,142.645,achat,142.645 140.411,139.497,142.5 142.0 141.5 141.0 140.003 139.0 138.5
ChatExport_2026-10-01/photos/photo_1878@03-02-2023_09-52-47.jpg,7372,2023-02-03T09:52:47,,,,,,,,,,
ChatExport_2026-10-01/photos/photo_1879@03-02-2023_09-53-33.jpg,7373,2023-02-03T09:53:33,EURJPY,,,,,,,,,141.85 141.72 141.59 141.46 141.33 141.2 141.07 140.94 140.81 140.68 140.55 140.29 140.16 140.03
ChatExport_2026-10-01/photos/photo_1880@03-02-2023_14-34-01.jpg,7380,2023-02-03T14:34:01,EURJPY,,,,,,,,,140.8 140.41 140.02 141.84 141.71 141.45 141.32 141.19 141.06 140.93 140.67 140.54 140.28 140.15
ChatExport_2026-10-01/photos/photo_1881@03-02-2023_14-34-28.jpg,7381,2023-02-03T14:34:28,,,,,,,,,,
ChatExport_2026-10-01/photos/photo_1882@03-02-2023_15-50-39.jpg,7385,2023-02-03T15:50:39,EURJPY,,,,,,,,,2.03 337.15 0.0
ChatExport_2026-10-01/photos/photo_1886@07-02-2023_16-45-33.jpg,7407,2023-02-07T16:45:33,AUDJPY,1h,2023-02-07T16:44:00,,,,,,,92.6 92.4 92.2 92.0 91.6 91.4 91.2 90.4 90.2 90.0 89.8 90.928
ChatExport_2026-10-01/photos/photo_1887@07-02-2023_19-08-01.jpg,7408,2023-02-07T19:08:01,,,,,,,,,,
ChatExport_2026-10-01/photos/photo_1888@07-02-2023_20-37-40.jpg,7410,2023-02-07T20:37:40,GBPUSD,15,2023-02-07T20:35:00,,,,,,,1.22 1.218 1.216 1.214 1.212 1.20593 1.2 1.198 1.196 1.194 1.192 1.19 1.188 1.186
ChatExport_2026-10-01/photos/photo_1889@07-02-2023_21-59-02.jpg,7412,2023-02-07T21:59:02,,,,,,,,,90.689,93.0 92.8 92.6 92.4 92.2 91.8 91.4 91.0 90.6 90.4 90.2 90.0 89.8
ChatExport_2026-10-01/photos/photo_1890@07-02-2023_21-59-25.jpg,7413,2023-02-07T21:59:25,,,,,,,,,,90.89 90.79 90.69 90.59 90.49 91.89 91.79 91.69 91.59 91.49 91.39 91.29 91.09 90.99
ChatExport_2026-10-01/photos/photo_1891@07-02-2023_22-00-06.jpg,7414,2023-02-07T22:00:06,,,,,,,,,,
ChatExport_2026-10-01/photos/photo_1892@08-02-2023_01-21-47.jpg,7416,2023-02-08T01:21:47,,,,,,,,,,1.218 1.214 1.212 1.216 1.198 1.196 1.194 1.192 1.19
ChatExport_2026-10-01/photos/photo_1894@08-02-2023_02-38-12.jpg,7420,2023-02-08T02:38:12,AUDJPY,,,91.2,90.689,91.636,achat,91.636,90.689,93.0 92.8 92.6 92.4 92.2 92.0 91.8 91.2 91.0 90.6 90.4 90.2 90.0 89.8 97.0
ChatExport_2026-10-01/photos/photo_1895@08-02-2023_02-46-29.jpg,7423,2023-02-08T02:46:29,,,,,,,,,,
ChatExport_2026-10-01/photos/photo_1896@08-02-2023_06-48-55.jpg,7426,2023-02-08T06:48:55,,,,,,,,,,
ChatExport_2026-10-01/photos/photo_1897@08-02-2023_06-49-37.jpg,7427,2023-02-08T06:49:37,,,,,,,,,,
ChatExport_2026-10-01/photos/photo_1900@14-02-2023_14-17-22.jpg,7453,2023-02-14T14:17:22,,,,,,,,,0.69704,0.73 0.725 0.72 0.71 0.705 0.69 0.685 0.68 0.675 0.665
assets/tradingview/2023-02/2023-02-14_14h50_msg7458_1dCcoGpC.png,7458,2023-02-14T14:50:32,AUDUSD,15,2023-02-14T14:50:00,0.69683,0.70224,0.68061,vente,0.69561 0.68061,0.70224,0.708 0.706 0.704 0.7 0.698 0.69683 0.694 0.692 0.69 0.688 0.686 0.684 0.682
ChatExport_2026-10-01/photos/photo_1902@14-02-2023_19-42-37.jpg,7469,2023-02-14T19:42:37,,,,,,,,,,16.0 15.0 14.0 13.0 12.0 11.0 10.0 9.0 8.0 7.0 6.0
ChatExport_2026-10-01/photos/photo_1903@15-02-2023_05-32-34.jpg,7472,2023-02-15T05:32:34,,,,,,,,,,
ChatExport_2026-10-01/photos/photo_1905@15-02-2023_15-24-39.jpg,7490,2023-02-15T15:24:39,,,,,,,,,,
assets/tradingview/2023-02/2023-02-16_13h48_msg7500_STAG8ieI.png,7500,2023-02-16T13:48:19,AUDUSD,5,2023-02-16T08:41:00,0.69243,0.69385,0.6822,vente,0.6822,0.69385 0.69184,0.698 0.697 0.696 0.695 0.69243 0.691 0.69 0.689 0.688 0.687 0.686 0.685 0.684 0.683
ChatExport_2026-10-01/photos/photo_1907@16-02-2023_13-48-46.jpg,7502,2023-02-16T13:48:46,AUDUSD,,,,,,,,,0.69745 0.6967 0.69595 0.6952 0.69445 0.6937 0.69295 0.6922 0.69145 0.6907 0.68995 0.6892 0.68845 0.68695
ChatExport_2026-10-01/photos/photo_1908@16-02-2023_13-49-42.jpg,7503,2023-02-16T13:49:42,,,,,,,,,,
ChatExport_2026-10-01/photos/photo_1910@16-02-2023_15-07-33.jpg,7507,2023-02-16T15:07:33,,,,,,,,,,253.52 0.0
ChatExport_2026-10-01/photos/photo_1911@16-02-2023_15-09-26.jpg,7508,2023-02-16T15:09:26,,,,,,,,,,39.01 0.0
ChatExport_2026-10-01/photos/photo_1912@17-02-2023_13-24-00.jpg,7522,2023-02-17T13:24:00,,,,,,,,,,
ChatExport_2026-10-01/photos/photo_1914@23-02-2023_09-34-58.jpg,7560,2023-02-23T09:34:58,,,,,,,,,,1.195 1.19 1.16 1.255 1.25 1.245 1.24 1.235 1.23 1.225 1.22 1.215 1.18 1.175 1.17 1.165
ChatExport_2026-10-01/photos/photo_1915@23-02-2023_09-34-58.jpg,7561,2023-02-23T09:34:58,,,,,,,,,1.21026 1.225,1.21357 1.21201 1.2113 1.21024 1.20979 1.20716 1.20634
ChatExport_2026-10-01/photos/photo_1916@23-02-2023_09-34-58.jpg,7562,2023-02-23T09:34:58,,,,,,,,,1.21158 1.20704,1.21201 1.21139 1.2074 1.20716 1.20552
assets/tradingview/2023-02/2023-02-23_09h35_msg7563_mAuBDoKO.png,7563,2023-02-23T09:35:03,GBPUSD,1h,2023-02-23T09:31:00,1.21042,1.21296,1.18468,vente,1.18468,1.21296,1.21042 1.226 1.224 1.222 1.22 1.218 1.216 1.214 1.212 1.206 1.204 1.2 1.198 1.196 1.194 1.192 1.19 1.188 1.186 1.182
ChatExport_2026-10-01/photos/photo_1917@23-02-2023_09-36-37.jpg,7564,2023-02-23T09:36:37,GBPUSD,,,,,,,,,1.2136 1.2121 1.2106 1.2091 1.2076 1.20291 1.2061 1.2046 1.2016 1.2001 1.1986 1.1971 1.1956 1.1941 1.1926
ChatExport_2026-10-01/photos/photo_1919@24-02-2023_05-13-08.jpg,7570,2023-02-24T05:13:08,,,,,,,,,,
assets/tradingview/2023-02/2023-02-24_15h20_msg7576_SP80CVI6.png,7576,2023-02-24T15:20:13,GBPUSD,15,2023-02-24T07:25:00,1.20306,1.20457,1.20212,vente,1.20212 1.19843,1.20457,1.201 1.2 1.199 1.197 1.196 1.211 1.21042 1.21 1.209 1.208 1.207 1.206 1.205 1.204 1.20306
assets/tradingview/2023-02/2023-02-24_15h20_msg7577_SBfFrvHe.png,7577,2023-02-24T15:20:44,GBPUSD,15,2023-02-24T15:20:00,1.20335,1.20487,1.19601,vente,1.19601,1.20487,1.207 1.206 1.204 1.203 1.202 1.201 1.2 1.199 1.198 1.197 1.20335
assets/tradingview/2023-02/2023-02-24_15h43_msg7582_KddFyVXO.png,7582,2023-02-24T15:43:57,,4h,2023-02-24T15:41:00,,,,,,73.4,79.5 78.5 78.0 77.5 77.0 76.5 76.0 75.5 75.0 74.5 74.0 73.0 72.5 72.0
ChatExport_2026-10-01/photos/photo_1921@24-02-2023_15-43-57.jpg,7581,2023-02-24T15:43:57,,,,,,,,,,78.5 78.0 77.5 77.0 76.5 76.0 75.5 75.0 74.5 73.5 73.0 72.5 72.0 71.5 71.0 70.5
assets/tradingview/2023-02/2023-02-28_19h05_msg7601_WRpRNkzD.png,7601,2023-02-28T19:05:15,EURUSD,1h,2023-02-28T19:04:00,1.06272,1.06474,1.05329,vente,1.05329 1.05323,1.06474 1.06472,1.067 1.066 1.064 1.06272 1.06166 1.061 1.06 1.058 1.057 1.056 1.055 1.054 1.052
assets/tradingview/2023-03/2023-03-01_06h59_msg7603_FjVvhWg3.png,7603,2023-03-01T06:59:45,EURUSD,1h,2023-03-01T06:59:00,1.06163,1.06488,1.05324,vente,1.06077 1.05324 1.05304,1.06488 1.06471,1.067 1.066 1.064 1.063 1.06163 1.052 1.06271 1.06 1.059 1.058 1.057 1.056 1.055 1.054
assets/tradingview/2023-03/2023-03-02_05h09_msg7608_TKMK03bG.png,7608,2023-03-02T05:09:30,USDJPY,,2023-03-01T18:54:00,135.907,135.511,136.139,achat,136.93 136.139,135.511,138.0 136.5 135.907 135.0 134.5 134.0
assets/tradingview/2023-03/2023-03-02_05h10_msg7609_jN5sRLUd.png,7609,2023-03-02T05:10:03,USDJPY,4h,2023-03-02T05:09:00,135.907,135.511,136.465,achat,136.93 136.465,135.511,137.6 137.2 136.8 136.6 136.2 136.0 135.907 135.8 135.6 135.4 135.2 135.0 134.8 134.6
ChatExport_2026-10-01/photos/photo_1922@02-03-2023_05-11-11.jpg,7610,2023-03-02T05:11:11,,,,,,,,,,1.24 1.235 1.23 1.225 1.22 1.215 1.205 1.2 1.195 1.19 1.18 1.175 1.17
assets/tradingview/2023-03/2023-03-02_05h11_msg7611_HmAIzP8q.png,7611,2023-03-02T05:11:47,GBPUSD,4h,2023-03-02T05:11:00,1.20727,1.21263,1.19094,vente,1.19094,1.21263 1.20032,1.225 1.22 1.215 1.21 1.20727 1.205 1.195
ChatExport_2026-10-01/photos/photo_1923@02-03-2023_05-14-50.jpg,7613,2023-03-02T05:14:50,,,,,,,,,,
ChatExport_2026-10-01/photos/photo_1924@02-03-2023_07-46-09.jpg,7614,2023-03-02T07:46:09,,,,,,,,,,
ChatExport_2026-10-01/photos/photo_1927@09-03-2023_14-19-46.jpg,7651,2023-03-09T14:19:46,,,,,,,,,,
ChatExport_2026-10-01/photos/photo_1929@10-03-2023_15-28-54.jpg,7665,2023-03-10T15:28:54,,,,,,,,,,
ChatExport_2026-10-01/photos/photo_1930@10-03-2023_15-28-54.jpg,7666,2023-03-10T15:28:54,,,,,,,,,,
ChatExport_2026-10-01/photos/photo_1931@11-03-2023_03-22-29.jpg,7669,2023-03-11T03:22:29,,,,,,,,,,
ChatExport_2026-10-01/photos/photo_1934@15-03-2023_12-39-56.jpg,7683,2023-03-15T12:39:56,,4h,2023-03-15T12:39:00,,,,,,,105.8 105.6 105.4 105.2 105.0 104.8 104.4 104.2 104.0 103.8 103.4 103.2
ChatExport_2026-10-01/photos/photo_1935@15-03-2023_14-39-19.jpg,7687,2023-03-15T14:39:19,,,,,,,,18.25354,,18.45 18.4 18.35 18.2 18.15 18.0 18.5
ChatExport_2026-10-01/photos/photo_1936@15-03-2023_14-39-19.jpg,7688,2023-03-15T14:39:19,,,,,,,,,,85.57 0.0
ChatExport_2026-10-01/photos/photo_1937@15-03-2023_14-39-19.jpg,7689,2023-03-15T14:39:19,,,,,,,,,,150.5 150.0 149.0 148.5 148.0 147.5 147.0 146.5 146.0 145.5 145.0 144.5 144.0 143.0 142.5 142.0
ChatExport_2026-10-01/photos/photo_1938@15-03-2023_14-39-20.jpg,7690,2023-03-15T14:39:20,,,,,,,,,,147.615 147.42 147.225 147.03 146.835 146.64 146.445 146.25 146.055 145.86 145.665 145.47 145.275 144.885 144.69 144.495
ChatExport_2026-10-01/photos/photo_1939@15-03-2023_14-39-48.jpg,7691,2023-03-15T14:39:48,,,2023-03-15T11:52:00,,,,,,,
assets/tradingview/2023-03/2023-03-15_19h39_msg7697_Vt0M8rBD.png,7697,2023-03-15T19:39:33,GBPUSD,1h,2023-03-15T19:38:00,,,,,1.18433,1.20589,1.21292 1.2 1.195 1.19 1.18 1.175 1.17
assets/tradingview/2023-03/2023-03-15_19h41_msg7699_2Qwx0rqh.png,7699,2023-03-15T19:41:06,AUDUSD,1h,2023-03-15T19:40:00,0.66409,0.66978,0.64673,vente,0.64673,0.66978 0.66178,0.678 0.676 0.674 0.672 0.668 0.666 0.66409 0.66 0.658 0.656 0.654 0.652 0.65 0.648 0.644
assets/tradingview/2023-03/2023-03-17_04h24_msg7717_mONGTPeZ.png,7717,2023-03-17T04:24:35,AUDUSD,4h,2023-03-17T04:24:00,,,,,0.67094,0.67132,0.705 0.7 0.695 0.69 0.685 0.68 0.675 0.664 0.66 0.655 0.65006 0.645 0.64 0.635 0.63
ChatExport_2026-10-01/photos/photo_1942@19-03-2023_04-51-16.jpg,7729,2023-03-19T04:51:16,,,,,,,,,,
assets/tradingview/2023-03/2023-03-22_14h37_msg7738_dlhiaKVW.png,7738,2023-03-22T14:37:14,GBPJPY,1h,2023-03-22T14:36:00,161.51,160.805,163.695,achat,163.695,162.254 160.805,164.5 164.0 163.5 163.0 162.5 161.51 161.0 160.5 160.0
assets/tradingview/2023-03/2023-03-22_18h07_msg7746_D4HOfXvg.png,7746,2023-03-22T18:07:33,USDJPY,1h,2023-03-21T19:31:00,,,,,,132.469,135.0 134.5 134.0 133.5 133.0 132.0 131.5 131.0 130.5
assets/tradingview/2023-03/2023-03-22_18h07_msg7747_5gNi1p0d.png,7747,2023-03-22T18:07:54,USDJPY,15,2023-03-22T18:07:00,,,,,,131.864,134.0 133.5 133.0 132.5 132.0 131.5 131.0 130.5
ChatExport_2026-10-01/photos/photo_1946@29-03-2023_14-40-09.jpg,7758,2023-03-29T14:40:09,,,2023-03-29T14:39:00,,,,,,86.764,91.5 91.0 90.5 90.0 89.5 89.0 88.0 87.504 86.5 86.0 85.5
ChatExport_2026-10-01/photos/photo_1947@29-03-2023_14-43-59.jpg,7760,2023-03-29T14:43:59,,,,,,,,,,90.23 89.7 89.435 189.17 88.375 187.58 87.315 86.255 89.965 89.17 88.905 88.11 87.845 87.05 86.785 86.52
ChatExport_2026-10-01/photos/photo_1948@30-03-2023_19-56-20.jpg,7765,2023-03-30T19:56:20,,,,,,,,,,87.62 88.995 88.87 88.745 88.62 88.495 88.37 88.245 88.12 87.995 87.87 87.745 487.62 87.495 87.37 87.245
ChatExport_2026-10-01/photos/photo_1952@02-04-2023_23-16-24.jpg,7777,2023-04-02T23:16:24,,1D,2023-04-02T23:15:00,,,,,,,112.0 108.0 104.0 100.0 96.0 92.0 88.0 84.0 76.0 68.0 60.0 56.0
ChatExport_2026-10-01/photos/photo_1953@03-04-2023_12-15-51.jpg,7781,2023-04-03T12:15:51,,,,,,,,,87.515,93.0 92.5 92.0 91.5 91.0 88.5 88.0 86.0 87.516 85.5 85.0 84.5
ChatExport_2026-10-01/photos/photo_1954@03-04-2023_12-17-49.jpg,7782,2023-04-03T12:17:49,,,,,,,,,,90.23 89.7 89.435 189.17 88.375 187.58 187.315 86.255 89.17 88.905 88.64 88.11 87.845 87.315 87.05 86.785 86.52
assets/tradingview/2023-04/2023-04-03_18h40_msg7790_Pd6Yee5g.png,7790,2023-04-03T18:40:18,,1D,2023-03-22T19:48:00,,,,,,,129.0 128.0 127.0 126.0 125.0 124.0 122.0 121.0 120.0 119.0 118.0 117.0 116.0 115.0 114.0
assets/tradingview/2023-04/2023-04-03_18h40_msg7791_Y6eGqvi9.png,7791,2023-04-03T18:40:24,,1D,2023-04-03T18:38:00,,,,,124.07,,126.0 125.0 122.0 121.0 120.0 119.0 118.0 117.0 116.0 115.0
assets/tradingview/2023-04/2023-04-05_06h19_msg7796_D4uBqldM.png,7796,2023-04-05T06:19:24,AUDUSD,1h,2023-04-04T05:01:00,,,,,,,0.69 0.685 0.68 0.67 0.665 0.66 0.655
assets/tradingview/2023-04/2023-04-05_06h19_msg7797_FrncbHJd.png,7797,2023-04-05T06:19:57,AUDUSD,1h,2023-04-05T06:19:00,,,,,,0.67331,0.684 0.682 0.68 0.676 0.674 0.672 0.67 0.668 0.666 0.664 0.662 0.66
assets/tradingview/2023-04/2023-04-05_06h23_msg7800_QWgGaZ6W.png,7800,2023-04-05T06:23:35,AUDJPY,4h,2023-04-05T06:22:00,,,,,,,91.0 90.5 89.5 89.0 88.0 86.5
assets/tradingview/2023-04/2023-04-05_06h31_msg7803_fUqCP2sO.png,7803,2023-04-05T06:31:29,AUDJPY,4h,2023-04-05T06:31:00,,,,,,88.522,92.5 92.0 91.5 91.0 90.5 90.0 89.5 89.0 86.5 86.0 85.5
assets/tradingview/2023-04/2023-04-05_08h38_msg7809_w43gzyx8.png,7809,2023-04-05T08:38:15,EURNZD,1h,2023-04-04T04:51:00,1.735,1.71996,1.74818,achat,1.74818,1.71996,1.75 1.745 1.74 1.735 1.73 1.715 1.71 1.705 1.7 1.695
assets/tradingview/2023-04/2023-04-05_08h38_msg7814_C9u4X0iN.png,7814,2023-04-05T08:38:43,EURNZD,1h,2023-04-05T08:38:00,1.7252,1.71896,1.75337,achat,1.75337 1.73452,1.71896,1.76 1.75 1.745 1.74 1.73 1.7252 1.715 1.71 1.705
ChatExport_2026-10-01/photos/photo_1956@05-04-2023_08-39-50.jpg,7815,2023-04-05T08:39:50,EURNZD,,,,,,,,,1.7491 11.73446 1.7314 1.72845 1.7255 1.72255 1.7196 1.71665 1.7137 1.71075 1.7078 1.70485 1.74615 1.7432 1.74025 1.7373
ChatExport_2026-10-01/photos/photo_1958@06-04-2023_16-06-22.jpg,7826,2023-04-06T16:06:22,,,,,,,,1.74901,,1.765 1.76 1.725 1.74 1.735 1.73 1.715 1.71 1.705 1.7
assets/tradingview/2023-04/2023-04-07_12h40_msg7830_kZB6Q6EP.png,7830,2023-04-07T12:40:52,USDJPY,1D,2023-04-07T07:50:00,,,,,131.897,,137.5 137.0 136.5 136.0 135.5 135.0 134.5 134.0 132.5 131.0 130.0 129.5 129.0
assets/tradingview/2023-04/2023-04-10_01h57_msg7842_hht7zFpB.png,7842,2023-04-10T01:57:34,GBPJPY,4h,2023-04-06T08:33:00,,,,,163.503,,66.5 65.5 65.0 64.5 64.0 62.0 61.5 61.0 60.5 59.5 59.0 58.5 58.0 57.5 166.5 165.5 165.0 164.5 164.0 162.0 161.5 161.0 160.5 159.5 159.0 158.5 158.0
assets/tradingview/2023-04/2023-04-10_01h57_msg7843_2sDIBrzb.png,7843,2023-04-10T01:57:34,GBPJPY,4h,2023-04-10T01:56:00,,,,,164.712,,166.5 165.5 165.0 164.0 163.5 162.0 161.5 161.0 160.5 159.5 159.0 158.5 158.0
assets/tradingview/2023-04/2023-04-10_16h23_msg7846_GeR284NV.png,7846,2023-04-10T16:23:57,AUDJPY,4h,2023-04-10T16:23:00,87.909,87.533,88.597,achat,88.597,87.533,92.0 91.5 91.0 90.0 89.5 89.0 87.909 86.5 86.0
ChatExport_2026-10-01/photos/photo_1962@10-04-2023_16-25-26.jpg,7847,2023-04-10T16:25:26,AUDJPY,,,,,,,,,90.15 89.89 89.63 89.37 89.11 88.85 88.33 88.07 87.81 87.55 87.29 87.03 86.77 86.51 86.25
ChatExport_2026-10-01/photos/photo_1963@10-04-2023_16-32-11.jpg,7850,2023-04-10T16:32:11,,,,,,,,,75.9,80.0 79.0 75.0 74.0 73.0 72.0 71.0 70.0 69.0 68.0
assets/tradingview/2023-04/2023-04-10_16h32_msg7851_LUuiMx4L.png,7851,2023-04-10T16:32:32,,4h,2023-04-10T16:32:00,,,,,74.78 7.37,,78.0 77.5 77.0 76.5 76.0 75.5 75.0 74.0 73.5 73.0 72.5 72.0
ChatExport_2026-10-01/photos/photo_1964@10-04-2023_17-11-29.jpg,7856,2023-04-10T17:11:29,AUDJPY,15,2023-04-10T17:10:00,,,,,,88.662,
ChatExport_2026-10-01/photos/photo_1966@11-04-2023_01-42-20.jpg,7863,2023-04-11T01:42:20,,,,,,,,,,
assets/tradingview/2023-04/2023-04-12_04h42_msg7869_0MQV6a2Z.png,7869,2023-04-12T04:42:00,AUDJPY,4h,2023-04-12T04:41:00,87.978,87.644,90.479,achat,90.479,87.644,90.0 89.5 85.5 85.0 92.5 92.0 91.5 87.978 87.0 86.5 86.0
ChatExport_2026-10-01/photos/photo_1970@12-04-2023_04-47-28.jpg,7873,2023-04-12T04:47:28,,,,,,,,,,193.07 91.735 89.51 89.065 88.175 86.84 93.07 92.625 92.18 91.29 90.845 90.4 89.955 87.285 86.395
ChatExport_2026-10-01/photos/photo_1971@13-04-2023_08-23-23.jpg,7876,2023-04-13T08:23:23,,,,,,,,,,
assets/tradingview/2023-04/2023-04-13_10h28_msg7878_j6FmI0pC.png,7878,2023-04-13T10:28:40,USDJPY,1h,2023-04-13T10:27:00,133.616,134.075,133.247,vente,133.247 132.239,134.075,4.8 34.6 134.4 4.2 33.4 31.4 134.8 134.6 134.2 133.616 133.4 133.0 132.8 132.6 132.4 132.0 131.8 131.6 131.4
assets/tradingview/2023-04/2023-04-13_13h03_msg7881_76MImVYS.png,7881,2023-04-13T13:03:49,USDJPY,1h,2023-04-13T13:03:00,133.616,134.075,132.239,vente,132.239,134.075 132.457,134.4 134.2 33.4 33.2 33.0 32.8 32.6 32.0 30.8 133.616 133.4 133.2 133.0 132.8 132.6 132.0 131.8 131.6 131.4 131.2 131.0 130.8
ChatExport_2026-10-01/photos/photo_1972@13-04-2023_18-06-19.jpg,7886,2023-04-13T18:06:19,,,,,,,,,,
ChatExport_2026-10-01/photos/photo_1973@13-04-2023_18-53-22.jpg,7893,2023-04-13T18:53:22,,,,,,,,,,0.0 318.34
ChatExport_2026-10-01/photos/photo_1974@13-04-2023_22-44-15.jpg,7898,2023-04-13T22:44:15,,,,,,,,,,
ChatExport_2026-10-01/photos/photo_1975@13-04-2023_22-44-15.jpg,7899,2023-04-13T22:44:15,,,,,,,,,,
ChatExport_2026-10-01/photos/photo_1979@16-04-2023_07-18-31.jpg,7915,2023-04-16T07:18:31,,,,,,,,,,
ChatExport_2026-10-01/photos/photo_1980@18-04-2023_11-40-48.jpg,7928,2023-04-18T11:40:48,,,,,,,,,,
ChatExport_2026-10-01/photos/photo_1981@18-04-2023_16-06-11.jpg,7936,2023-04-18T16:06:11,,,,,,,,,,
ChatExport_2026-10-01/photos/photo_1983@21-04-2023_07-54-49.jpg,7944,2023-04-21T07:54:49,,,,,,,,,,
ChatExport_2026-10-01/photos/photo_1985@26-04-2023_01-37-40.jpg,7958,2023-04-26T01:37:40,AUDUSD,1D,2023-04-26T01:36:00,,,,,,,0.715 0.71 0.705 0.7 0.695 0.69 0.685 0.68 0.675 0.67 0.665 0.655 0.645 0.635 0.63 0.625
assets/tradingview/2023-04/2023-04-27_09h44_msg7968_MBPhvcd8.png,7968,2023-04-27T09:44:24,USDJPY,4h,2023-04-26T08:34:00,,,,,,132.797,135.8 34.8 34.6 34.4 34.2 34.0 33.8 33.0 32.6 32.4 32.2 32.0 31.8 31.6 31.4 31.2 135.6 135.4 134.8 134.6 134.4 134.2 134.0 133.8 133.2 133.0 132.6 132.4 132.2 132.0 131.8 131.6 131.4 131.2
assets/tradingview/2023-04/2023-04-27_09h44_msg7969_kp1kU8iw.png,7969,2023-04-27T09:44:58,USDJPY,1h,2023-04-27T09:44:00,,,,,,133.811 132.744,134.8 134.6 134.4 134.2 134.0 133.6 133.149 133.0 132.6 132.4 132.2 132.0 131.8 131.6 131.4
ChatExport_2026-10-01/photos/photo_1988@27-04-2023_09-45-50.jpg,7970,2023-04-27T09:45:50,,,,,,,,,,1134.34 1133.34 135.14 134.94 134.74 134.54 134.34 133.94 133.54 133.34 132.94 132.74 132.54 132.34
ChatExport_2026-10-01/photos/photo_1989@27-04-2023_09-46-28.jpg,7971,2023-04-27T09:46:28,,,,,,,,,,
ChatExport_2026-10-01/photos/photo_1991@27-04-2023_12-47-21.jpg,7975,2023-04-27T12:47:21,USDJPY,,,,,,,,,1134.56 1134.16 133.36 135.16 134.96 134.76 134.56 134.36 134.16 133.76 133.56 132.96 132.56 132.36 132.16
ChatExport_2026-10-01/photos/photo_1992@27-04-2023_12-49-42.jpg,7976,2023-04-27T12:49:42,,,,,,,,,,
assets/tradingview/2023-04/2023-04-27_18h47_msg7977_JzzesopQ.png,7977,2023-04-27T18:47:32,GBPJPY,4h,2023-04-26T06:02:00,165.003,164.295,166.131,achat,166.131 167.913,164.295,72.0 1.5 1.0 70.5 70.0 69.5 68.5 66.5 65.5 64.5 64.0 63.5 63.0 62.5 62.0 61.5 61.0 60.5 60.0 172.0 171.5 171.0 170.5 170.0 169.5 168.5 167.5 167.0 166.5 165.5 165.003 164.5 164.0 163.5 163.0 162.5 162.0 161.5 161.0 160.5 160.0
assets/tradingview/2023-04/2023-04-27_18h47_msg7978_LYJAt0Ps.png,7978,2023-04-27T18:47:53,GBPJPY,4h,2023-04-27T18:47:00,165.015,164.315,167.921,achat,167.921 167.328,164.315,168.5 167.5 167.0 166.5 166.0 165.015 164.5 164.0 163.5 163.0 162.5 162.0
assets/tradingview/2023-04/2023-04-27_18h55_msg7985_IRgvmF4n.png,7985,2023-04-27T18:55:49,AUDJPY,1W,2023-04-27T18:55:00,88.319,87.947,89.659,achat,89.659,88.846 87.947,100.0 97.5 95.0 92.5 88.319 82.5 80.0 77.5 75.0 72.5 70.0 67.5 65.0 62.5 60.0 57.5
assets/tradingview/2023-04/2023-04-27_18h56_msg7987_5jnkdr5G.png,7987,2023-04-27T18:56:46,AUDJPY,4h,2023-04-27T18:56:00,88.319,87.947,89.659,achat,89.659 88.844,87.947,93.0 92.5 92.0 91.5 91.0 90.5 90.0 88.5 88.319 87.5 87.0 86.5 86.0 85.5
assets/tradingview/2023-04/2023-04-27_18h58_msg7989_WoYQPB9L.png,7989,2023-04-27T18:58:26,AUDJPY,1h,2023-04-27T18:57:00,88.319,87.947,89.659,achat,89.659,87.947,92.0 91.5 91.0 90.5 90.0 89.5 89.0 88.5 87.5 87.0 86.5 86.0 88.319
assets/tradingview/2023-04/2023-04-27_19h00_msg7991_dArMgocu.png,7991,2023-04-27T19:00:11,AUDJPY,1h,2023-04-27T18:59:00,88.319,87.947,89.659,achat,89.659 88.837,87.947,90.2 90.0 89.8 89.4 89.2 89.0 88.6 88.4 88.319 88.2 87.8 87.6 87.4 87.2 87.0
assets/tradingview/2023-04/2023-04-27_19h01_msg7993_SUaag9CG.png,7993,2023-04-27T19:01:42,AUDJPY,1h,2023-04-27T19:01:00,88.319,87.947,89.659,achat,89.659,88.825 87.947,89.8 89.6 89.4 89.2 89.0 88.6 88.4 88.319 88.2 87.8 87.6 87.4
ChatExport_2026-10-01/photos/photo_1993@28-04-2023_04-12-32.jpg,8001,2023-04-28T04:12:32,,,2023-04-28T04:11:00,,,,,,132.744,133.361 133.149
ChatExport_2026-10-01/photos/photo_1994@28-04-2023_05-57-17.jpg,8004,2023-04-28T05:57:17,USDJPY,,,,,,,,,4.26 4.27 265.67 0.0
ChatExport_2026-10-01/photos/photo_1995@02-05-2023_20-15-02.jpg,8015,2023-05-02T20:15:02,,,,,,,,,,
ChatExport_2026-10-01/photos/photo_1996@02-05-2023_23-17-57.jpg,8017,2023-05-02T23:17:57,,,,,,,,,,
assets/tradingview/2023-05/2023-05-05_06h41_msg8040_7FWZopnm.png,8040,2023-05-05T06:41:29,AUDJPY,4h,2023-05-05T06:13:00,89.998,89.509,92.473,achat,92.473,89.509,94.0 93.5 93.0 92.0 91.5 91.0 90.5 89.0 88.5 88.0 87.5 89.998
ChatExport_2026-10-01/photos/photo_1999@05-05-2023_06-41-29.jpg,8041,2023-05-05T06:41:29,,,,,,,,,,192.43 191.85 91.56 91.27 90.98 90.69 89.82 89.24 92.43 92.14 91.85 90.11 89.53 88.95 88.66 88.37 88.08
ChatExport_2026-10-01/photos/photo_2000@05-05-2023_06-41-29.jpg,8042,2023-05-05T06:41:29,,,,,,,,,,
ChatExport_2026-10-01/photos/photo_2001@05-05-2023_22-05-37.jpg,8047,2023-05-05T22:05:37,,,,,,,,,,
ChatExport_2026-10-01/photos/photo_2002@07-05-2023_23-37-36.jpg,8054,2023-05-07T23:37:36,,,,,,,,,,
ChatExport_2026-10-01/photos/photo_2003@08-05-2023_13-30-29.jpg,8059,2023-05-08T13:30:29,,,,,,,,,,4.16 4.26 5.02 5.04 5.05 94.06 0.0 50.0 144.06
ChatExport_2026-10-01/photos/photo_2004@10-05-2023_09-32-05.jpg,8062,2023-05-10T09:32:05,,,,,,,,,,
assets/tradingview/2023-05/2023-05-10_11h09_msg8066_5NLCC8AS.png,8066,2023-05-10T11:09:12,USDJPY,4h,2023-05-10T11:08:00,,,,,,135.252,138.5 37.0 36.0 134.5 133.5 133.0 32.0 31.5 31.0 30.5 137.5 137.0 136.5 136.0 135.5 132.0 131.5 131.0 130.5
ChatExport_2026-10-01/photos/photo_2005@10-05-2023_12-34-46.jpg,8077,2023-05-10T12:34:46,,,2023-05-10T12:30:00,,,,,,,
ChatExport_2026-10-01/photos/photo_2006@10-05-2023_12-36-39.jpg,8080,2023-05-10T12:36:39,,,,,,,,137.896,,139.5 139.0 138.5 37.5 37.0 136.5 136.0 132.0 131.5 131.0 137.5 137.0 135.5 133.0
ChatExport_2026-10-01/photos/photo_2007@10-05-2023_13-09-57.jpg,8082,2023-05-10T13:09:57,,,,,,,,,,134.15 133.845 133.54 133.235 137.81 137.505 137.2 136.895 136.59 136.285 135.98 135.675 135.37 135.065 134.76 1433.54
ChatExport_2026-10-01/photos/photo_2008@10-05-2023_13-23-06.jpg,8084,2023-05-10T13:23:06,,,,,,,,,,99.57 580.0 519.57 465.44
ChatExport_2026-10-01/photos/photo_2009@11-05-2023_14-00-27.jpg,8090,2023-05-11T14:00:27,,,,,,,,,,135.47 134.48 134.37 134.15 134.04 133.93 133.82 135.36 135.25 135.14 135.03 134.92 134.81 134.7 134.59
ChatExport_2026-10-01/photos/photo_2011@12-05-2023_07-40-20.jpg,8096,2023-05-12T07:40:20,USDJPY,,,,,,,,,135.47 135.36 135.25 135.14 135.03 134.92 134.81 134.7 134.59 134.48 134.37 134.26 134.15 134.04 133.93 133.82
ChatExport_2026-10-01/photos/photo_2012@12-05-2023_07-43-11.jpg,8099,2023-05-12T07:43:11,,,,,,,,168.406,,173.0 171.0 170.0 169.0 167.0 166.0 165.0 164.0 163.0
ChatExport_2026-10-01/photos/photo_2013@12-05-2023_07-43-47.jpg,8100,2023-05-12T07:43:47,,,,,,,,,,172.35 171.91 171.47 171.03 170.59 170.15 169.71 169.27 168.83 168.39 167.95 167.51 167.07 166.63 166.19 165.75
ChatExport_2026-10-01/photos/photo_2014@12-05-2023_07-45-30.jpg,8101,2023-05-12T07:45:30,,,,,,,,,,
ChatExport_2026-10-01/photos/photo_2015@12-05-2023_07-46-35.jpg,8103,2023-05-12T07:46:35,,,,,,,,,,
ChatExport_2026-10-01/photos/photo_2016@12-05-2023_14-53-47.jpg,8107,2023-05-12T14:53:47,,,,,,,,,,134.76 134.455 134.15 133.845 133.54 133.235 137.81 137.505 137.2 136.895 136.59 136.285 135.98 135.675 135.37 135.065
ChatExport_2026-10-01/photos/photo_2017@12-05-2023_16-24-55.jpg,8108,2023-05-12T16:24:55,,,,,,,,,,820.9 600.71 580.0 20.71 551.85
ChatExport_2026-10-01/photos/photo_2019@15-05-2023_04-00-15.jpg,8115,2023-05-15T04:00:15,,,,,,,,,,172.3 171.92 171.54 171.16 170.4 170.02 169.26 168.88 168.5 168.12 167.74 167.36 166.98 166.6
ChatExport_2026-10-01/photos/photo_2020@15-05-2023_04-02-42.jpg,8116,2023-05-15T04:02:42,,,,,,,,,,
ChatExport_2026-10-01/photos/photo_2021@15-05-2023_04-07-05.jpg,8117,2023-05-15T04:07:05,,,,,,,,,,820.9 805.76 580.0 225.76 587.2
ChatExport_2026-10-01/photos/photo_2022@15-05-2023_09-50-36.jpg,8119,2023-05-15T09:50:36,GBPJPY,,,,,,,,,5.11 712.38 0.0
assets/tradingview/2023-05/2023-05-16_06h21_msg8129_rLvTxrr5.png,8129,2023-05-16T06:21:08,AUDJPY,1h,2023-05-16T06:20:00,90.398,89.889,92.523,achat,92.523 90.711,89.889 89.591,92.0 91.5 91.0 90.398 89.99 89.0 88.5
assets/tradingview/2023-05/2023-05-16_07h39_msg8134_c0DbnJJs.png,8134,2023-05-16T07:39:41,GBPUSD,4h,2023-05-16T07:39:00,1.25688,1.2637,1.22478,vente,1.22478,1.25068 1.2637,1.275 1.27 1.26 1.25688 1.245 1.24 1.235 1.23 1.22
assets/tradingview/2023-05/2023-05-16_15h23_msg8144_QlcHCtWQ.png,8144,2023-05-16T15:23:12,GBPUSD,1h,2023-05-16T15:22:00,1.245,1.24809,1.22478,vente,1.22478,1.24809,1.27 1.245 1.24 1.235 1.23
assets/tradingview/2023-05/2023-05-16_15h24_msg8146_pjYqxmNS.png,8146,2023-05-16T15:24:13,AUDJPY,1h,2023-05-16T15:24:00,90.38,89.88,92.502,achat,92.502,90.88 89.88,92.0 91.5 91.0 90.38 89.5 89.0 90.5
ChatExport_2026-10-01/photos/photo_2023@16-05-2023_15-36-43.jpg,8149,2023-05-16T15:36:43,USDJPY,,,133.869,133.564,136.636,achat,136.636 137.856,133.564,137.5 137.0 136.0 135.5 134.5 134.0 133.869 133.0
ChatExport_2026-10-01/photos/photo_2024@16-05-2023_22-58-59.jpg,8153,2023-05-16T22:58:59,,,,,,,,,,
assets/tradingview/2023-05/2023-05-17_02h57_msg8155_NyzHvLil.png,8155,2023-05-17T02:57:24,NZDCAD,1h,2023-05-17T02:57:00,0.848,0.84151,0.85332,achat,0.85332,0.84151 0.83679,0.854 0.852 0.85 0.848 0.846 0.844 0.842 0.838 0.836 0.834
ChatExport_2026-10-01/photos/photo_2025@17-05-2023_06-22-34.jpg,8158,2023-05-17T06:22:34,GBPJPY,,,,,,,,,5.11 5.12 5.15 5.17 865.04 170.44 7.82
assets/tradingview/2023-05/2023-05-17_07h50_msg8161_zqT99tI9.png,8161,2023-05-17T07:50:44,NZDCAD,1h,2023-05-17T07:48:00,0.83987,0.83686,0.85339,achat,0.85339 0.84268,0.83686,0.854 0.852 0.85 0.848 0.846 0.844 0.838 0.836 0.834 0.83987
assets/tradingview/2023-05/2023-05-17_08h07_msg8164_bIeCaRI8.png,8164,2023-05-17T08:07:14,GBPUSD,4h,2023-05-17T08:07:00,,,,,1.22478,,1.26 1.25 1.245 1.24 1.235 1.23 1.22 1.25688
ChatExport_2026-10-01/photos/photo_2027@17-05-2023_08-15-49.jpg,8176,2023-05-17T08:15:49,USDJPY,,,,,,,,,136.67 136.4 136.13 135.86 135.59 135.32 135.05 134.78 134.51 134.24 137.75 137.48 137.21 136.94 133.97 133.7
ChatExport_2026-10-01/photos/photo_2028@17-05-2023_08-16-24.jpg,8177,2023-05-17T08:16:24,,,,,,,,,,412.95 332.79 840.0 572.95 349.14 0.84326
ChatExport_2026-10-01/photos/photo_2029@17-05-2023_17-55-35.jpg,8186,2023-05-17T17:55:35,,,,,,,,,,
ChatExport_2026-10-01/photos/photo_2030@17-05-2023_20-21-59.jpg,8188,2023-05-17T20:21:59,,,,,,,,,,
ChatExport_2026-10-01/photos/photo_2031@17-05-2023_20-27-46.jpg,8190,2023-05-17T20:27:46,,,,,,,,,,1.27 0.0
ChatExport_2026-10-01/photos/photo_2033@17-05-2023_21-27-12.jpg,8193,2023-05-17T21:27:12,NZDCAD,,,,,,,,,0.84925 0.8484 0.84755 0.8467 0.84585 0.845 0.84415 0.8433 0.84245 0.8416 0.84075 0.83972 0.83905 0.8382 0.83735
assets/tradingview/2023-05/2023-05-18_05h19_msg8197_BqO1QPUG.png,8197,2023-05-18T05:19:30,NZDCAD,1h,2023-05-18T05:18:00,0.8399,0.83681,0.84312,achat,0.84312,0.83681,0.853 0.852 0.851 0.85 0.849 0.848 0.847 0.846 0.845 0.844 0.841 0.8399 0.838 0.836 0.835 0.834 0.833
ChatExport_2026-10-01/photos/photo_2035@18-05-2023_05-22-15.jpg,8198,2023-05-18T05:22:15,NZDCAD,,,,,,,,,0.853 0.8519 0.8508 0.8497 0.8486 0.8475 0.8464 0.8453 0.8442 0.842 0.8409 0.8398 0.8387 0.8376
ChatExport_2026-10-01/photos/photo_2036@18-05-2023_12-46-28.jpg,8204,2023-05-18T12:46:28,USDJPY,,,,,,,,,5.11 5.18 876.26 0.0
ChatExport_2026-10-01/photos/photo_2037@18-05-2023_12-47-06.jpg,8205,2023-05-18T12:47:06,,,,,,,,,,614.68 0.0
ChatExport_2026-10-01/photos/photo_2038@18-05-2023_12-56-37.jpg,8208,2023-05-18T12:56:37,,,,,,,,,,
assets/tradingview/2023-05/2023-05-19_02h23_msg8209_vCqwdY06.png,8209,2023-05-19T02:23:37,NZDCAD,1h,2023-05-19T02:23:00,,,,,,,0.853 0.852 0.851 0.85 0.849 0.848 0.847 0.846 0.845 0.844 0.843 0.8399 0.838 0.836 0.835
assets/tradingview/2023-05/2023-05-19_08h36_msg8213_8UKkyICr.png,8213,2023-05-19T08:36:33,NZDCAD,1h,2023-05-19T08:36:00,0.846,0.83695,0.85247,achat,0.85247,0.83695,0.856 0.854 0.85 0.848 0.846 0.838 0.836 0.834 0.84
assets/tradingview/2023-05/2023-05-19_08h37_msg8215_07Sy976I.png,8215,2023-05-19T08:37:36,,1h,2023-05-19T08:37:00,,,,,92.493 91.882,,92.8 92.2 92.0 91.6 91.4 91.2 91.0 90.8 90.6 90.393 89.6 89.4 89.2
assets/tradingview/2023-05/2023-05-19_12h21_msg8219_L1nj45eB.png,8219,2023-05-19T12:21:55,NZDCAD,4h,2023-05-19T12:21:00,0.84219,0.8392,0.85342,achat,0.85342 0.84713,0.8392,0.86 0.858 0.856 0.852 0.85 0.848 0.844 0.84 0.838 0.836 0.834 0.832 0.83 0.828 0.84219
assets/tradingview/2023-05/2023-05-23_06h16_msg8231_Ov06s7bw.png,8231,2023-05-23T06:16:13,GBPCAD,1h,2023-05-23T06:15:00,1.68,1.67743,1.69277,achat,1.69277,1.67743 1.67,1.705 1.7 1.695 1.69 1.68 1.675 1.665 1.66
ChatExport_2026-10-01/photos/photo_2042@24-05-2023_06-21-16.jpg,8235,2023-05-24T06:21:16,,1h,,,,,,,,1.7 1.695 1.665 1.66 1.655 1.675
ChatExport_2026-10-01/photos/photo_2043@24-05-2023_15-48-38.jpg,8236,2023-05-24T15:48:38,,,,,,,,,,
assets/tradingview/2023-05/2023-05-30_18h17_msg8251_FxplMyXW.png,8251,2023-05-30T18:17:23,AUDJPY,4h,2023-05-30T18:17:00,91.5,90.961,92.501,achat,92.501,90.961 89.617,92.0 91.5 89.5 89.0 88.5 88.0
assets/tradingview/2023-05/2023-05-30_18h18_msg8253_CvvTA6XJ.png,8253,2023-05-30T18:18:16,GBPCAD,4h,2023-05-30T18:17:00,1.67503,1.67002,1.69005,achat,1.69005 1.6857,1.67002,1.715 1.71 1.705 1.7 1.695 1.68 1.67503 1.665 1.66 1.655 1.65
ChatExport_2026-10-01/photos/photo_2044@01-06-2023_06-54-52.jpg,8261,2023-06-01T06:54:52,AUDJPY,4h,2023-06-01T06:54:00,90.331,89.619,90.905,achat,90.905,89.619,92.0 91.5 90.5 90.331 89.5 89.0
ChatExport_2026-10-01/photos/photo_2045@01-06-2023_06-55-38.jpg,8262,2023-06-01T06:55:38,,,,,,,,,,92.47 92.05 91.84 91.42 91.0 90.79 90.37 190.16 89.95 89.74 89.53 89.32 92.26 91.63 90.58 90.16
ChatExport_2026-10-01/photos/photo_2046@01-06-2023_06-57-16.jpg,8263,2023-06-01T06:57:16,,,,,,,,,,
ChatExport_2026-10-01/photos/photo_2047@01-06-2023_07-01-11.jpg,8265,2023-06-01T07:01:11,AUDJPY,,,,,,,,91.537,92.902
assets/tradingview/2023-06/2023-06-01_07h01_msg8266_pkerCDs3.png,8266,2023-06-01T07:01:12,,4h,,,,,,92.39 92.351 91.529 91.096 90.348 90.231 90.196 90.044 90.786,,92.612 92.5 92.432 92.175 90.402 90.401 90.012 91.093
ChatExport_2026-10-01/photos/photo_2048@01-06-2023_07-01-12.jpg,8267,2023-06-01T07:01:12,,,,,,,,,91.069,91.136 91.039
ChatExport_2026-10-01/photos/photo_2049@01-06-2023_07-01-12.jpg,8268,2023-06-01T07:01:12,AUDJPY,,,91.538,89.859,92.504,achat,92.504 90.651,92.5 89.859,91.538 91.415 90.886 90.688 90.568 90.394 90.392 90.372
ChatExport_2026-10-01/photos/photo_2053@01-06-2023_16-17-46.jpg,8275,2023-06-01T16:17:46,,,,,,,,,,91.88 91.66 91.55 91.33 90.89 90.67 90.56 90.45 90.34 91.0
ChatExport_2026-10-01/photos/photo_2054@01-06-2023_16-18-56.jpg,8276,2023-06-01T16:18:56,,,,,,,,,,329.47 91.26
ChatExport_2026-10-01/photos/photo_2055@01-06-2023_16-19-49.jpg,8277,2023-06-01T16:19:49,,,,,,,,,,91.297
ChatExport_2026-10-01/photos/photo_2056@01-06-2023_16-20-40.jpg,8278,2023-06-01T16:20:40,,,,,,,,,,91.296
ChatExport_2026-10-01/photos/photo_2057@02-06-2023_10-26-36.jpg,8282,2023-06-02T10:26:36,AUDJPY,,,90.608,90.133,92.989,achat,92.989 92.04,90.133,94.5 94.0 93.5 91.5 91.0 90.608 89.5 89.0
ChatExport_2026-10-01/photos/photo_2058@02-06-2023_10-27-57.jpg,8283,2023-06-02T10:27:57,,,,,,,,,,6.3 92.049 75.38
ChatExport_2026-10-01/photos/photo_2059@02-06-2023_13-04-43.jpg,8284,2023-06-02T13:04:43,,,,,,,,,,
ChatExport_2026-10-01/photos/photo_2062@06-06-2023_04-39-46.jpg,8296,2023-06-06T04:39:46,,,,,,,,,,93.14 92.69 92.24 91.34 90.89 90.44 89.99 89.54 89.09 88.64 88.19 87.74 87.29 86.84 86.39
ChatExport_2026-10-01/photos/photo_2063@06-06-2023_04-40-26.jpg,8297,2023-06-06T04:40:26,,,,,,,,,,
assets/tradingview/2023-06/2023-06-06_13h04_msg8299_9OCvrip1.png,8299,2023-06-06T13:04:48,EURUSD,4h,2023-06-06T13:04:00,1.07037,1.06248,1.08058,achat,1.08058 1.06744,1.06248,1.1 1.095 1.09 1.085 1.075 1.07037 1.06548 1.06 1.055
ChatExport_2026-10-01/photos/photo_2064@06-06-2023_16-27-04.jpg,8304,2023-06-06T16:27:04,,,,,,,,,,
ChatExport_2026-10-01/photos/photo_2065@07-06-2023_14-30-12.jpg,8310,2023-06-07T14:30:12,,,,,,,,,,
ChatExport_2026-10-01/photos/photo_2066@07-06-2023_23-28-44.jpg,8313,2023-06-07T23:28:44,,,,,,,,,,
ChatExport_2026-10-01/photos/photo_2069@07-06-2023_23-50-40.jpg,8317,2023-06-07T23:50:40,EURUSD,,,,,,,,,
ChatExport_2026-10-01/photos/photo_2071@08-06-2023_13-24-21.jpg,8320,2023-06-08T13:24:21,EURUSD,,,1.06548,1.06248,1.08058,achat,1.08058 1.07537,1.06248,1.082 1.078 1.074 1.072 1.068 1.06548 1.064 1.06 1.058 1.056
ChatExport_2026-10-01/photos/photo_2082@13-06-2023_13-55-59.jpg,8373,2023-06-13T13:55:59,,,,,,,,,,
assets/tradingview/2023-06/2023-06-13_22h04_msg8378_gfPRCTnt.png,8378,2023-06-13T22:04:58,GBPAUD,,2023-06-13T22:04:00,1.85801,1.85,1.89402,achat,1.89402 1.86341,1.85,1.9 1.89 1.885 1.88 1.875 1.87 1.86 1.85801 1.85647 1.845 1.84 1.835 1.83 1.825
assets/tradingview/2023-06/2023-06-14_14h53_msg8383_T7VghGDU.png,8383,2023-06-14T14:53:05,,1D,2023-06-13T02:52:00,,,,,,103.517,106.0 105.5 105.0 104.5 104.0 103.0 102.5 102.0 101.5 101.0 100.5
ChatExport_2026-10-01/photos/photo_2084@14-06-2023_14-53-14.jpg,8384,2023-06-14T14:53:14,,,,,,,,,102.746,105.5 105.0 104.5 104.0 103.5 103.0 102.0 101.5 101.0 100.5
ChatExport_2026-10-01/photos/photo_2085@14-06-2023_14-55-22.jpg,8386,2023-06-14T14:55:22,EURUSD,,,1.07037,1.06249,1.08553,achat,1.08553 1.08545,1.06249,1.1 1.095 1.09 1.08 1.075 1.07037 1.0655 1.06 1.055 1.05
ChatExport_2026-10-01/photos/photo_2087@14-06-2023_15-17-00.jpg,8388,2023-06-14T15:17:00,,,,,,,,0.62 0.62262,,0.67 0.66 0.63 0.61 0.59 0.58 0.57 0.6
ChatExport_2026-10-01/photos/photo_2088@14-06-2023_16-37-45.jpg,8393,2023-06-14T16:37:45,,,,,,,,,1.85803 1.84995,1.876 1.874 1.872 1.87 1.868 1.866 1.864 1.862 1.86 1.85796 1.85647 1.854 1.852 1.848 1.846
ChatExport_2026-10-01/photos/photo_2089@14-06-2023_17-31-07.jpg,8394,2023-06-14T17:31:07,GBPAUD,,,1.85647,1.84995,1.86051,achat,1.86051,1.84995,1.88 1.878 1.876 1.874 1.872 1.87 1.868 1.866 1.864 1.862 1.85796 1.85647 1.854 1.852 1.848 1.846
ChatExport_2026-10-01/photos/photo_2090@14-06-2023_17-31-57.jpg,8395,2023-06-14T17:31:57,,,,,,,,,,
ChatExport_2026-10-01/photos/photo_2091@14-06-2023_22-18-06.jpg,8397,2023-06-14T22:18:06,,,,,,,,,,
ChatExport_2026-10-01/photos/photo_2093@14-06-2023_22-18-06.jpg,8399,2023-06-14T22:18:06,,,,,,,,4.86765,,
ChatExport_2026-10-01/photos/photo_2094@14-06-2023_22-18-19.jpg,8400,2023-06-14T22:18:19,,,,,,,,,,208.54 779.6 504.92
ChatExport_2026-10-01/photos/photo_2095@15-06-2023_00-44-21.jpg,8403,2023-06-15T00:44:21,,,,,,,,,,500.0 34.42
ChatExport_2026-10-01/photos/photo_2096@15-06-2023_04-32-30.jpg,8412,2023-06-15T04:32:30,,,,,,,,,103.0 103.287,105.5 105.0 104.5 104.0 103.5 102.5 102.0 101.5 101.0 100.5 103.0
assets/tradingview/2023-06/2023-06-15_14h31_msg8416_rKBTkD05.png,8416,2023-06-15T14:31:09,EURNZD,4h,2023-06-15T14:30:00,,,,,1.77269,1.75414,1.785 1.78 1.77 1.765 1.76 1.7501 1.74
ChatExport_2026-10-01/photos/photo_2097@16-06-2023_09-50-14.jpg,8419,2023-06-16T09:50:14,,,,,,,,,,
ChatExport_2026-10-01/photos/photo_2098@16-06-2023_11-53-12.jpg,8421,2023-06-16T11:53:12,,,,,,,,,,
ChatExport_2026-10-01/photos/photo_2099@16-06-2023_13-46-49.jpg,8423,2023-06-16T13:46:49,GBPAUD,,,,,,,,,1.86655 1.8653 1.86405 1.8628 1.86155 1.8603 1.85905 1.8578 1.85655 1.8553 1.85405 1.8528 1.85155 1.8703 1.86905 1.8678
ChatExport_2026-10-01/photos/photo_2100@16-06-2023_13-47-37.jpg,8424,2023-06-16T13:47:37,,,,,,,,,,
ChatExport_2026-10-01/photos/photo_2101@16-06-2023_15-42-55.jpg,8426,2023-06-16T15:42:55,,,,,,,,,,
ChatExport_2026-10-01/photos/photo_2102@16-06-2023_17-32-36.jpg,8431,2023-06-16T17:32:36,,,,,,,,,,
assets/tradingview/2023-06/2023-06-19_10h43_msg8449_YhULTV2v.png,8449,2023-06-19T10:43:41,EURNZD,4h,2023-06-19T10:43:00,1.755,1.745,1.77255,achat,1.77255 1.75927,1.745,1.785 1.78 1.77 1.765 1.755 1.75 1.74 1.735 1.73 1.72
assets/tradingview/2023-06/2023-06-19_10h45_msg8452_UWUdtapH.png,8452,2023-06-19T10:45:20,AUDJPY,4h,2023-06-19T10:45:00,,,,,97.334,97.116 89.773,98.0 96.0 94.0 93.0 92.0 91.0 90.378 89.0 88.0 87.0
ChatExport_2026-10-01/photos/photo_2103@20-06-2023_09-36-52.jpg,8458,2023-06-20T09:36:52,GBPAUD,,,1.85781,1.84941,1.88341,achat,1.88341 1.88222,1.84941,1.915 1.91 1.905 1.9 1.895 1.89 1.875 1.87 1.865 1.86 1.85781 1.85632 1.845 1.84 1.835 1.83 1.825 1.82
ChatExport_2026-10-01/photos/photo_2104@20-06-2023_09-37-19.jpg,8459,2023-06-20T09:37:19,EURNZD,,,1.75009,1.745,1.76805,achat,1.77 1.76805,1.745,1.81 1.805 1.8 1.795 1.79 1.785 1.78 1.76 1.755 1.75009 1.74 1.735 1.73 1.72 1.715
ChatExport_2026-10-01/photos/photo_2105@20-06-2023_13-41-46.jpg,8465,2023-06-20T13:41:46,,,,,,,,,,
ChatExport_2026-10-01/photos/photo_2109@21-06-2023_22-20-34.jpg,8480,2023-06-21T22:20:34,,,,,,,,,,
assets/tradingview/2023-06/2023-06-21_23h11_msg8484_oAnLNE0i.png,8484,2023-06-21T23:11:47,GBPCAD,4h,2023-06-21T23:11:00,1.68075,1.67565,1.70187,achat,1.70187 1.68049,1.67565,1.68075 1.678 1.674 1.672 1.67 1.706 1.704 1.7 1.698 1.696 1.694 1.692 1.69 1.688 1.686 1.684
ChatExport_2026-10-01/photos/photo_2110@21-06-2023_23-12-35.jpg,8485,2023-06-21T23:12:35,GBPCAD,,,,,,,,,1.68125 1.6977 1.69535 1.693 1.69065 1.6883 1.68595 1.6836 1.6789 1.67655 1.6742 1.67185 1.6695 1.66715 1.6648 1.66245
ChatExport_2026-10-01/photos/photo_2111@22-06-2023_10-07-07.jpg,8488,2023-06-22T10:07:07,GBPCAD,,,,,,,,,1.69065 1.6883 1.68595 1.6836 1.6789 1.67655 1.6742 1.67185 1.6695 1.66715 1.6977 1.69535 1.693 1.6648 1.66245
ChatExport_2026-10-01/photos/photo_2112@22-06-2023_10-24-56.jpg,8489,2023-06-22T10:24:56,GBPCAD,,,,,,,,,1.6981 1.69575 1.6934 1.69105 1.6887 1.68635 1.684 1.68165 1.6793 1.67695 1.6746 1.67225 1.6699 1.66755 1.6652 1.66285
ChatExport_2026-10-01/photos/photo_2113@22-06-2023_11-01-51.jpg,8490,2023-06-22T11:01:51,GBPCAD,,,,,,,,,1.6981 1.69575 1.6934 1.69105 1.6887 1.68635 1.684 1.68165 1.6793 1.67695 1.6746 1.67225 1.6699 1.66755 1.6652 1.66285
ChatExport_2026-10-01/photos/photo_2114@22-06-2023_11-02-39.jpg,8491,2023-06-22T11:02:39,,,,,,,,,,216.78 757.09 459.69 196.81 0.0
assets/tradingview/2023-06/2023-06-22_15h24_msg8494_a5omiOHx.png,8494,2023-06-22T15:24:44,,4h,2023-06-22T15:24:00,,,,,,69.57,75.0 74.5 74.0 73.5 73.0 72.5 72.0 71.5 71.0 70.5 70.0 69.0 68.5 68.0 67.5 67.0 66.5 66.0
assets/tradingview/2023-06/2023-06-22_19h00_msg8497_Qw6TpuQu.png,8497,2023-06-22T19:00:58,GBPCAD,4h,2023-06-22T19:00:00,,,,,1.67552,1.676,1.71 1.705 1.7 1.695 1.69 1.685 1.68 1.67 1.665 1.66
ChatExport_2026-10-01/photos/photo_2116@23-06-2023_12-26-08.jpg,8499,2023-06-23T12:26:08,GBPCAD,,,1.68146,1.676,1.69837,achat,1.69837,1.676,1.71 1.705 1.7 1.695 1.69 1.685 1.68146 1.67 1.665 1.66 1.655 1.65
ChatExport_2026-10-01/photos/photo_2117@23-06-2023_12-29-09.jpg,8500,2023-06-23T12:29:09,GBPCAD,,,1.685,1.66994,1.6974,achat,1.6974,1.66994,1.705 1.7 1.695 1.69 1.685 1.665 1.66 1.655
ChatExport_2026-10-01/photos/photo_2118@23-06-2023_14-21-37.jpg,8503,2023-06-23T14:21:37,,,,,,,,,,
ChatExport_2026-10-01/photos/photo_2119@23-06-2023_14-21-37.jpg,8504,2023-06-23T14:21:37,USDJPY,,,,,,,,,2719.05 0.0 719.05
ChatExport_2026-10-01/photos/photo_2120@23-06-2023_14-21-37.jpg,8505,2023-06-23T14:21:37,,,,,,,,,,117.87 0.0
ChatExport_2026-10-01/photos/photo_2122@23-06-2023_14-58-59.jpg,8511,2023-06-23T14:58:59,EURNZD,,,,,,,,,511.35 502.31
ChatExport_2026-10-01/photos/photo_2124@26-06-2023_10-54-11.jpg,8518,2023-06-26T10:54:11,,,,,,,,,,257.42 0.0
assets/tradingview/2023-06/2023-06-27_06h57_msg8521_hDQn6E9d.png,8521,2023-06-27T06:57:02,EURNZD,4h,2023-06-27T06:56:00,1.75562,1.75055,1.78307,achat,1.78307,1.76435 1.75055,1.805 1.8 1.795 1.79 1.78 1.775 1.77 1.76 1.75562 1.745 1.74 1.735 1.73 1.72 1.715 1.71
assets/tradingview/2023-06/2023-06-27_09h27_msg8527_0yUrqrb0.png,8527,2023-06-27T09:27:55,EURNZD,,2023-06-27T09:27:00,,,,,,1.75352,1.786 1.782 1.78 1.778 1.776 1.774 1.768 1.766 1.764 1.762 1.758 1.756 1.752 1.748 1.746 1.744 1.742 1.74 1.738 1.736 1.76054
assets/tradingview/2023-06/2023-06-27_14h08_msg8530_wU93ilG4.png,8530,2023-06-27T14:08:20,EURUSD,4h,2023-06-27T14:07:00,,,,,,1.09533 1.08714,1.098 1.092 1.088 1.086 1.084 1.082 1.08 1.078 1.118 1.116 1.114 1.112 1.11 1.106 1.104 1.102 1.09119 1.09039
assets/tradingview/2023-06/2023-06-28_03h07_msg8531_0dvkp85S.png,8531,2023-06-28T03:07:57,NZDUSD,4h,2023-06-28T03:06:00,0.60871,0.60371,0.63072,achat,0.63072 0.62955,0.61212 0.60371 0.60343,0.64 0.635 0.63035 0.625 0.62 0.615 0.6116 0.611 0.60871 0.605 0.6 0.595
ChatExport_2026-10-01/photos/photo_2126@28-06-2023_08-40-05.jpg,8532,2023-06-28T08:40:05,EURNZD,,,1.76045,1.75352,1.79907,achat,1.79907 1.78386,1.75352,1.81 1.805 1.79 1.775 1.77 1.765 1.76045 1.745 1.74 1.735 1.73
ChatExport_2026-10-01/photos/photo_2127@28-06-2023_09-11-42.jpg,8535,2023-06-28T09:11:42,,,,,,,,,,
ChatExport_2026-10-01/photos/photo_2131@29-06-2023_10-22-41.jpg,8540,2023-06-29T10:22:41,,,,,,,,102.995 102.8,,104.0 103.8 103.6 103.4 103.2 102.6 102.4 102.224 102.0 101.8 101.6 101.4 101.2 101.0 100.8 100.6
ChatExport_2026-10-01/photos/photo_2132@29-06-2023_10-23-13.jpg,8541,2023-06-29T10:23:13,,,,,,,,,102.911,104.0 103.8 103.6 103.4 103.2 103.0 102.6 102.4 102.224 102.0 101.8 101.6 101.4 101.2
ChatExport_2026-10-01/photos/photo_2133@29-06-2023_10-25-58.jpg,8542,2023-06-29T10:25:58,,,,,,,,1.26531,,1.295 1.29 1.285 1.28 1.275 1.27 1.2629 1.255 1.25 1.245 1.24 1.235 1.231 1.23103
ChatExport_2026-10-01/photos/photo_2134@29-06-2023_10-25-58.jpg,8543,2023-06-29T10:25:58,EURUSD,,,1.09039,1.08695,1.10765,achat,1.10765 1.09232,1.08695,1.115 1.11 1.105 1.095 1.091 1.09039 1.08 1.07 1.065 1.06 1.055
assets/tradingview/2023-06/2023-06-29_11h42_msg8546_xi1eVX0e.png,8546,2023-06-29T11:42:28,EURUSD,4h,2023-06-29T11:42:00,1.09039,1.08695,1.09342,achat,1.09342,1.08695,1.115 1.11 1.095 7.091 1.085 1.08 1.07 1.065 1.12 1.105 1.091 1.09039
assets/tradingview/2023-06/2023-06-29_11h43_msg8549_afSwOl24.png,8549,2023-06-29T11:43:16,NZDUSD,,2023-06-29T11:43:00,0.60871,0.60371,0.63072,achat,0.63072 0.60969,0.60371 0.60343,0.628 0.626 0.624 0.622 0.62 0.618 0.616 0.614 0.60871 0.606 0.602 0.6 0.598 0.596 0.63035 0.6116 0.611
ChatExport_2026-10-01/photos/photo_2135@29-06-2023_11-48-23.jpg,8552,2023-06-29T11:48:23,,,,,,,,,,109.25 917.95 191.3 708.52
ChatExport_2026-10-01/photos/photo_2136@29-06-2023_11-48-50.jpg,8553,2023-06-29T11:48:50,,,,,,,,,,174.56 951.22 863.31 87.91 266.83
ChatExport_2026-10-01/photos/photo_2137@29-06-2023_11-49-17.jpg,8554,2023-06-29T11:49:17,,,,,,,,,,862.93 793.62 478.3 315.32 417.62
ChatExport_2026-10-01/photos/photo_2138@29-06-2023_11-49-35.jpg,8555,2023-06-29T11:49:35,,,,,,,,,,60.87 918.14 142.73 707.65
assets/tradingview/2023-06/2023-06-29_13h08_msg8564_inbmsQ73.png,8564,2023-06-29T13:08:53,EURUSD,,2023-06-29T13:08:00,,,,,,1.08772 1.08695,1.118 1.116 1.114 1.11 1.106 1.098 1.096 1.094 1.091 1.112 1.104 1.102 1.09039 1.084 1.082 1.08 1.078 1.076 1.074 1.072 1.07 1.068
ChatExport_2026-10-01/photos/photo_2139@29-06-2023_14-58-40.jpg,8566,2023-06-29T14:58:40,,,,,,,,,,
assets/tradingview/2023-07/2023-07-03_01h06_msg8567_QL88NORB.png,8567,2023-07-03T01:06:11,GBPUSD,4h,2023-07-03T01:05:00,,,,,,,1.285 1.28 1.275 1.27 1.265 1.26 1.255 1.25 1.245 1.24 1.235 1.26295 1.23103
assets/tradingview/2023-07/2023-07-03_01h07_msg8569_EQH46Vde.png,8569,2023-07-03T01:07:20,NZDUSD,4h,2023-07-03T01:07:00,0.60808,0.60307,0.63028,achat,0.63028 0.61297,0.60307,0.64 0.635 0.63035 0.625 0.62 0.615 0.61 0.60808 0.605 0.6 0.595
assets/tradingview/2023-07/2023-07-04_02h00_msg8579_kCh3lh3W.png,8579,2023-07-04T02:00:42,AUDNZD,30,2023-07-04T02:00:00,,,,,,1.07923,1.1 1.08427 1.082 1.08 1.07 1.074 1.102 1.098 1.096 1.094 1.092 1.09 1.088 1.086 1.078 1.07617 1.072 1.068
assets/tradingview/2023-07/2023-07-04_14h25_msg8587_nWvKrcnu.png,8587,2023-07-04T14:25:16,NZDUSD,4h,2023-07-04T14:24:00,0.61045,0.60288,0.63092,achat,0.63092 0.62042,0.60288,0.64 0.635 0.63 0.625 0.615 0.605 0.6 0.595 0.59 0.585 0.58 0.63035 0.61045 0.60793
assets/tradingview/2023-07/2023-07-04_14h28_msg8590_eosthbjD.png,8590,2023-07-04T14:28:02,GBPUSD,1h,2023-07-04T14:27:00,1.26508,1.25904,1.28587,achat,1.28587,1.25904,1.295 1.29 1.28 1.275 1.27 1.255 1.25 1.245 1.24 1.235 1.26508 1.26295
assets/tradingview/2023-07/2023-07-05_18h32_msg8595_Ouxxjkvx.png,8595,2023-07-05T18:32:15,,1D,2023-07-05T18:32:00,,,,,,,4.8 4.6 4.4 4.2 4.0 105.0 104.8 104.6 104.4 104.2 104.0 103.8 103.6 103.2 103.0 102.8 102.6 102.4 102.2 102.0 101.8 101.6 101.4 101.2
assets/tradingview/2023-07/2023-07-05_18h33_msg8596_ISM07us0.png,8596,2023-07-05T18:33:08,GBPUSD,4h,,1.26479,1.25875,1.28556,achat,1.28556,1.26944 1.25875,1.288 1.284 1.282 1.28 1.278 1.276 1.274 1.272 1.266 1.26479 1.264 1.26 1.256 1.254 1.252 1.25 1.248
assets/tradingview/2023-07/2023-07-05_18h35_msg8598_QfKmijum.png,8598,2023-07-05T18:35:42,NZDUSD,1D,,0.61044,0.60305,0.63109,achat,0.63109,0.60305,0.635 0.63 0.625 0.62 0.615 0.61 0.61044 0.605 0.6 0.595 0.59 0.585 0.61045
ChatExport_2026-10-01/photos/photo_2143@06-07-2023_19-54-49.jpg,8602,2023-07-06T19:54:49,,,,,,,,,,
ChatExport_2026-10-01/photos/photo_2144@06-07-2023_19-55-08.jpg,8603,2023-07-06T19:55:08,,,,,,,,,,
ChatExport_2026-10-01/photos/photo_2147@07-07-2023_13-57-13.jpg,8608,2023-07-07T13:57:13,,,,,,,,,142.535,146.5 146.0 145.5 144.5 144.0 143.5 143.0 142.0 141.5 141.0 140.5
ChatExport_2026-10-01/photos/photo_2148@07-07-2023_14-20-20.jpg,8610,2023-07-07T14:20:20,,,,,,,,,102.663,104.8 104.6 104.4 104.2 104.0 103.8 103.6 103.4 103.2 103.0 102.8 102.4 102.2 102.0 101.8 101.6 101.4 101.2 101.035
ChatExport_2026-10-01/photos/photo_2150@10-07-2023_02-40-05.jpg,8624,2023-07-10T02:40:05,,,,,,,,97.685 95.344,,100.0 99.5 99.0 98.5 97.5 97.0 96.5 96.0 95.328 94.0 93.5 93.0
assets/tradingview/2023-07/2023-07-12_21h40_msg8639_DMRyTf0L.png,8639,2023-07-12T21:40:14,,1D,2023-07-12T21:35:00,,,,,,100.571,0.0 101.0 100.0 99.5 105.0 104.5 104.0 103.5 103.0 102.5 102.0 101.5 100.796 100.653
assets/tradingview/2023-07/2023-07-12_21h54_msg8641_9Jj6FvXa.png,8641,2023-07-12T21:54:08,EURNZD,1h,2023-07-12T21:53:00,,,,,1.74958,,1.795 1.79 1.785 1.735 0.0 1.7749 1.77 1.765 1.76 1.755 1.745
ChatExport_2026-10-01/photos/photo_2153@13-07-2023_06-50-34.jpg,8650,2023-07-13T06:50:34,,,,,,,,1.749,1.75655,1.795 1.79 1.785 1.78 1.7749 1.77 1.765 1.76 1.745 1.735 1.73
ChatExport_2026-10-01/photos/photo_2154@17-07-2023_10-27-12.jpg,8656,2023-07-17T10:27:12,,,,,,,,,,
ChatExport_2026-10-01/photos/photo_2155@19-07-2023_10-30-02.jpg,8658,2023-07-19T10:30:02,,,,,,,,,,
ChatExport_2026-10-01/photos/photo_2160@21-07-2023_08-21-20.jpg,8675,2023-07-21T08:21:20,,,,,,,,,,107.0 106.0 105.0 104.0 103.0 102.0 101.0 99.0 98.0 97.0 96.0 95.0 94.0
assets/tradingview/2023-07/2023-07-21_08h22_msg8676_lIixrU27.png,8676,2023-07-21T08:22:26,,4h,2023-07-21T08:22:00,,,,,101.061,,105.0 104.5 104.0 103.5 103.0 102.5 102.0 101.5 100.5 100.0 99.5 99.0 98.5 98.0 97.5 97.0
assets/tradingview/2023-07/2023-07-21_08h23_msg8680_RsEgFR2X.png,8680,2023-07-21T08:23:36,AUDJPY,1h,2023-07-21T08:23:00,94.878,94.579,97.996,achat,97.996 95.701,94.579,98.5 97.5 97.0 96.5 96.0 94.878 94.0 93.5
assets/tradingview/2023-07/2023-07-21_08h24_msg8681_AO0q2i9G.png,8681,2023-07-21T08:24:00,EURJPY,1h,2023-07-21T08:23:00,155.812,155.304,157.989,achat,157.989 157.836,155.304,159.0 158.5 157.0 156.5 156.0 155.812 155.5
ChatExport_2026-10-01/photos/photo_2161@21-07-2023_08-25-00.jpg,8682,2023-07-21T08:25:00,,,,,,,,,,
ChatExport_2026-10-01/photos/photo_2166@25-07-2023_02-56-15.jpg,8719,2023-07-25T02:56:15,,,,,,,,,,88.005 87.51 87.345 87.18 87.015 186.85 86.685 86.52 86.355 88.83 88.665 88.5 88.335 88.17 87.675 86.85
ChatExport_2026-10-01/photos/photo_2167@25-07-2023_02-57-02.jpg,8720,2023-07-25T02:57:02,,,,,,,,,,
assets/tradingview/2023-07/2023-07-25_15h48_msg8729_Uyn6ujXv.png,8729,2023-07-25T15:48:05,,1D,2023-07-25T15:47:00,,,,,,,100.5 100.0 99.5 105.5 105.0 104.5 104.0 103.5 103.0 102.5 102.0 99.0 98.5 98.0 97.5 97.0 96.5 96.0
assets/tradingview/2023-07/2023-07-25_17h23_msg8732_1StHYHTz.png,8732,2023-07-25T17:23:53,AUDUSD,4h,2023-07-24T12:08:00,0.67107,0.66598,0.67378,achat,0.67378 0.672,0.66598,0.696 0.694 0.692 0.688 0.686 0.684 0.682 0.68 0.678 0.67 0.668 0.664 0.662 0.66 0.658 0.656 0.654 0.67107
assets/tradingview/2023-07/2023-07-25_17h25_msg8734_PdaCPBoz.png,8734,2023-07-25T17:25:12,AUDUSD,4h,2023-07-25T17:24:00,0.6718,0.66627,0.67849,achat,0.67849 0.69007,0.66627,0.698 0.696 0.694 0.692 0.688 0.686 0.684 0.682 0.68 0.674 0.6718 0.668 0.664 0.662 0.658 0.6713
assets/tradingview/2023-07/2023-07-26_00h14_msg8741_0aBgeCc3.png,8741,2023-07-26T00:14:31,EURNZD,4h,2023-07-26T00:14:00,1.77173,1.76667,1.80748,achat,1.80748,1.76667,1.825 1.82 1.815 1.84 1.835 1.83 1.805 1.8 1.795 1.79 1.785 1.78 1.77173 1.76 1.755 1.75 1.745 1.735 1.73
ChatExport_2026-10-01/photos/photo_2169@26-07-2023_08-44-30.jpg,8747,2023-07-26T08:44:30,,,,,,,,,101.119,104.0 103.5 103.0 102.5 102.0 101.5 100.5 100.0 99.5 99.0 98.5 98.0
assets/tradingview/2023-07/2023-07-27_02h38_msg8764_VMbPsfEA.png,8764,2023-07-27T02:38:54,AUDUSD,4h,2023-07-27T02:32:00,0.67096,0.66593,0.68973,achat,0.68973 0.68073,0.66593,0.688 0.686 0.684 0.682 0.678 0.676 0.674 0.67096 0.668 0.664 0.662 0.658 0.656
assets/tradingview/2023-07/2023-07-27_07h44_msg8765_71kEwZk6.png,8765,2023-07-27T07:44:51,,1D,2023-07-27T07:44:00,,,,,,100.663,103.0 102.5 102.0 101.5 100.0 99.5 99.0 98.5 98.0 97.5 97.0
assets/tradingview/2023-07/2023-07-27_10h15_msg8769_ZPh1ocsU.png,8769,2023-07-27T10:15:01,EURNZD,4h,2023-07-27T10:14:00,1.77173,1.76667,1.80748,achat,1.80748 1.78527,1.76667,1.805 1.8 1.795 1.79 1.78 1.77173 1.77 1.765 1.76 1.755 1.75 1.745 1.735
ChatExport_2026-10-01/photos/photo_2174@27-07-2023_17-10-56.jpg,8778,2023-07-27T17:10:56,USDJPY,,,,,,,,,141.0 140.8 140.6 140.387 140.2 140.0 139.8
ChatExport_2026-10-01/photos/photo_2175@27-07-2023_17-24-56.jpg,8788,2023-07-27T17:24:56,,,,,,,,,,7.27 388.5 0.0 611.5
assets/tradingview/2023-07/2023-07-27_18h22_msg8792_d5YrZOFZ.png,8792,2023-07-27T18:22:17,AUDJPY,1D,2023-07-27T18:22:00,,,,,97.834 97.584,91.26 91.25,99.0 97.0 96.0 93.0 90.0 89.0 88.0 87.0 86.0 92.499 91.889
ChatExport_2026-10-01/photos/photo_2176@27-07-2023_20-31-37.jpg,8799,2023-07-27T20:31:37,,,,,,,,,,
assets/tradingview/2023-07/2023-07-28_03h36_msg8803_NDoPk176.png,8803,2023-07-28T03:36:49,AUDJPY,4h,2023-07-28T03:36:00,92.499,91.26,97.834,achat,97.834 97.584 94.117,91.26 91.25,97.0 96.5 96.0 95.5 94.5 93.5 93.0 92.499 91.889 91.5 90.5 90.0
assets/tradingview/2023-07/2023-07-28_15h05_msg8810_yrWXSZrV.png,8810,2023-07-28T15:05:07,AUDJPY,4h,2023-07-28T15:04:00,91.889,91.254,97.687,achat,97.687 97.589 93.616,91.26 91.254,97.0 96.5 96.0 95.5 94.5 94.0 93.0 91.889 91.5 90.5 90.0 89.5 88.0 92.504 89.0 88.5
ChatExport_2026-10-01/photos/photo_2177@28-07-2023_15-22-28.jpg,8816,2023-07-28T15:22:28,,,,,,,,1961.975,,2100.0 2080.0 2060.0 2040.0 2020.0 2000.0 1940.0 1920.0 1900.0 1880.0 1860.0 1840.0
assets/tradingview/2023-07/2023-07-28_15h22_msg8817_b5H2Sa5E.png,8817,2023-07-28T15:22:40,,4h,2023-07-28T15:21:00,,,,,,,1980.0 940.0 2010.0 2000.0 1990.0 1970.0 1950.0 1940.0 1930.0 1920.0 1910.0 1900.0 1890.0 1880.0 1870.0
assets/tradingview/2023-07/2023-07-28_15h23_msg8820_Konxd6Xe.png,8820,2023-07-28T15:23:36,EURNZD,4h,2023-07-28T15:23:00,1.77173,1.76667,1.78899,achat,1.78899 1.80757,1.76667,1.83 1.825 1.82 1.815 1.805 1.8 1.795 1.78 1.76 1.75 1.735 1.785 1.77173 1.755 1.745
assets/tradingview/2023-07/2023-07-31_15h58_msg8837_AS3GlXGv.png,8837,2023-07-31T15:58:23,AUDJPY,4h,2023-07-31T15:57:00,92.504,91.254,95.635,achat,95.635 97.729 97.704,91.26 91.254,94.5 94.0 93.5 93.0 92.504 91.889 90.5 90.0 97.0 96.5 96.0 91.5 89.5
assets/tradingview/2023-08/2023-08-02_06h51_msg8851_pKeES0fy.png,8851,2023-08-02T06:51:01,EURUSD,1D,2023-08-02T06:50:00,,,,,1.09936,,1.13 1.125 1.12 1.115 1.11 1.105 1.095 1.09 1.085 1.08 1.075 1.07 1.065 1.06
assets/tradingview/2023-08/2023-08-02_07h05_msg8852_uqoj9BNC.png,8852,2023-08-02T07:05:39,GBPUSD,1D,2023-08-02T07:05:00,1.2896,1.29956,1.259,vente,1.259,1.29956 1.27696,1.27 1.225 1.31 1.305 1.295 1.2896 1.285 1.28 1.265 1.25 1.245 1.24 1.235 1.23
ChatExport_2026-10-01/photos/photo_2182@04-08-2023_13-37-25.jpg,8887,2023-08-04T13:37:25,,,,,,,,,,
ChatExport_2026-10-01/photos/photo_2184@04-08-2023_15-36-03.jpg,8894,2023-08-04T15:36:03,,,,,,,,,,
assets/tradingview/2023-08/2023-08-07_15h53_msg8903_MFQz0J57.png,8903,2023-08-07T15:53:07,,1h,2023-08-07T15:52:00,,,,,,1933.175,972.0 968.0 952.0 948.0 1928.0 1972.0 1968.0 1964.0 1960.0 1956.0 1952.0 1948.0 1944.0 1940.0 1936.0 1924.0 1920.0 1916.0 1908.0 1904.0 1900.0
assets/tradingview/2023-08/2023-08-08_10h29_msg8907_3XbApGeE.png,8907,2023-08-08T10:29:38,,4h,2023-08-08T10:28:00,,,,,,,103.4 3.0 2.8 2.6 103.8 103.2 103.0 102.8 102.6 102.2 101.8 101.6 101.4 101.2 101.0 100.8 100.6 100.4 100.2 100.0
assets/tradingview/2023-08/2023-08-08_10h32_msg8909_GPFzJasT.png,8909,2023-08-08T10:32:07,GBPUSD,4h,2023-08-08T10:31:00,1.28079,1.2858,1.26378,vente,1.26378,1.27221 1.2858,1.295 1.29 1.27 1.265 1.255 1.25 1.245 1.28079
assets/tradingview/2023-08/2023-08-09_15h03_msg8931_Z7XnV0rx.png,8931,2023-08-09T15:03:51,EURJPY,1h,2023-08-08T12:55:00,157.2,156.007,157.958,achat,157.958,156.007,157.8 157.6 157.4 157.2 157.0 156.8 156.2
ChatExport_2026-10-01/photos/photo_2185@09-08-2023_15-04-01.jpg,8932,2023-08-09T15:04:01,,,,,,,,,,157.66 157.39 157.255 157.12 156.985 156.85 156.58 156.445 156.31 156.175 156.04 155.905
ChatExport_2026-10-01/photos/photo_2186@09-08-2023_15-06-32.jpg,8933,2023-08-09T15:06:32,EURJPY,,,156.666,156.3,157.956,achat,157.956,156.3,159.2 159.0 158.8 158.6 158.4 158.2 157.6 157.2 157.0 156.8 156.0 155.8 155.6 156.666 156.4 156.2
ChatExport_2026-10-01/photos/photo_2187@09-08-2023_15-09-43.jpg,8934,2023-08-09T15:09:43,EURJPY,,,,,,,,,8.08 393.11 0.0
ChatExport_2026-10-01/photos/photo_2188@10-08-2023_10-38-09.jpg,8937,2023-08-10T10:38:09,,,,,,,,,,196.59 96.05 193.89 92.81 92.27 97.67 97.13 96.59 95.51 94.97 93.89 93.35 192.81 91.73 90.65 90.11 89.57
assets/tradingview/2023-08/2023-08-10_12h03_msg8941_UJ0LLIQS.png,8941,2023-08-10T12:03:09,GBPUSD,4h,2023-08-10T12:03:00,1.28109,1.28812,1.27677,vente,1.27677,1.28812,1.296 1.294 1.292 1.29 1.286 1.284 1.282 1.28 1.274 1.256 1.28109 1.278 1.272 1.27 1.268 1.266 1.264 1.262
ChatExport_2026-10-01/photos/photo_2189@10-08-2023_12-39-35.jpg,8943,2023-08-10T12:39:35,,,,,,,,1.27905,1.28812,1.295 1.29 1.285 1.28109 1.27 1.265
ChatExport_2026-10-01/photos/photo_2190@10-08-2023_13-24-25.jpg,8944,2023-08-10T13:24:25,,,,,,,,,,1.2997 1.2973 1.2949 1.2925 1.2901 1.2853 1.2829 1.2781 1.2733 1.2709 1.2685 1.2661 1.2637
ChatExport_2026-10-01/photos/photo_2191@10-08-2023_15-05-30.jpg,8945,2023-08-10T15:05:30,,,,,,,,,,
assets/tradingview/2023-08/2023-08-10_21h57_msg8947_F5ruZzDW.png,8947,2023-08-10T21:57:43,GBPUSD,,2023-08-10T21:57:00,1.28109,1.28812,1.26783,vente,1.26783 1.25949,1.28812,1.29 1.286 1.284 1.282 1.28109 1.28 1.278 1.276 1.274 1.272 1.27 1.266 1.264 1.262 1.256 1.254 1.252
ChatExport_2026-10-01/photos/photo_2193@10-08-2023_21-58-37.jpg,8948,2023-08-10T21:58:37,,,,,,,,,,1.2997 1.2973 1.2949 1.2925 1.2901 1.2853 1.2829 1.2781 1.2757 1.2733 1.2709 1.2661 1.2637
ChatExport_2026-10-01/photos/photo_2194@10-08-2023_21-58-42.jpg,8949,2023-08-10T21:58:42,,,,,,,,,,
ChatExport_2026-10-01/photos/photo_2198@12-08-2023_00-37-37.jpg,8966,2023-08-12T00:37:37,,,,,,,,,,
assets/tradingview/2023-08/2023-08-14_07h52_msg8968_ruWT39gA.png,8968,2023-08-14T07:52:28,AUDJPY,4h,2023-08-14T07:51:00,,,,,93.947,,97.0 96.5 96.0 95.5 95.0 94.5 93.5 93.0 92.5 92.0 91.5
ChatExport_2026-10-01/photos/photo_2199@14-08-2023_12-59-02.jpg,8969,2023-08-14T12:59:02,,,,,,,,,,1.25255 1.3143 1.30955 1.3048 1.30005 1.2953 1.29055 1.2858 1.28105 1.2763 1.27155 1.2668 1.26205 1.2573 1.2478 1.24305
assets/tradingview/2023-08/2023-08-15_09h37_msg8970_CPil65lt.png,8970,2023-08-15T09:37:24,AUDJPY,1D,2023-08-15T09:36:00,,,,,,94.227,99.0 98.5 98.0 97.5 97.0 96.5 96.0 95.5 95.0 94.5 93.5 93.0 92.5 91.5 91.0 90.5
assets/tradingview/2023-08/2023-08-15_09h50_msg8972_RDKymNXi.png,8972,2023-08-15T09:50:24,AUDJPY,1D,2023-08-15T09:50:00,94.278,93.576,97.588,achat,97.588,94.31 93.576,98.0 97.0 96.5 96.0 95.5 95.0 94.5 94.278 93.0 92.5 91.5 91.0 90.5 90.0
assets/tradingview/2023-08/2023-08-15_11h11_msg8973_UD0S2eaV.png,8973,2023-08-15T11:11:12,EURUSD,,2023-08-15T11:10:00,1.09599,1.10102,1.09318,vente,1.09318 1.08041,1.10102,1.11 1.105 1.1 1.09599 1.095 1.09 1.085 1.075 1.07
ChatExport_2026-10-01/photos/photo_2200@15-08-2023_20-56-47.jpg,8975,2023-08-15T20:56:47,GBPUSD,4h,,,,,,,,1.27498 1.267 1.263 1.26 1.257 1.2545 1.275
ChatExport_2026-10-01/photos/photo_2201@15-08-2023_20-56-58.jpg,8976,2023-08-15T20:56:58,GBPUSD,,,,,,,,,1.2755 1.27505 1.2746 1.27415 1.2737 1.2728 1.27235 1.2719 1.27145 1.271 1.2701 1.26965 1.2692 1.26875 1.2683 1.26785 1.2674 1.26695
ChatExport_2026-10-01/photos/photo_2207@17-08-2023_17-42-08.jpg,8989,2023-08-17T17:42:08,,,,,,,,,,
assets/tradingview/2023-08/2023-08-22_09h08_msg9027_44xdvwpW.png,9027,2023-08-22T09:08:18,,4h,2023-08-22T09:07:00,,,,,103.141,,104.4 104.2 104.0 3.8 2.8 103.4 103.8 103.2 103.0 102.8 102.6 102.4 102.2 102.0 101.8 101.6 101.4 101.2
assets/tradingview/2023-08/2023-08-22_09h09_msg9028_7vJI0jSI.png,9028,2023-08-22T09:09:04,EURUSD,4h,2023-08-22T09:08:00,1.098,1.09994,1.08292,vente,1.08292,1.09994,1.108 1.106 1.104 1.102 1.098 1.094 1.092 1.088 1.086 1.084 1.08 1.078 1.076 1.074 1.072
assets/tradingview/2023-08/2023-08-23_07h42_msg9039_tWY3rHoY.png,9039,2023-08-23T07:42:35,,4h,2023-08-23T07:39:00,,,,,103.781,,103.4 103.2 103.0 102.8 102.6 102.4 102.2 102.0 101.8 101.6
assets/tradingview/2023-08/2023-08-23_07h44_msg9040_ZTKALIt8.png,9040,2023-08-23T07:44:32,,4h,2023-08-23T07:44:00,,,,,1.08164,1.08213,1.09648 1.075 1.07 1.065
assets/tradingview/2023-08/2023-08-23_10h19_msg9045_CYFqtVqr.png,9045,2023-08-23T10:19:20,GBPCAD,4h,2023-08-23T10:19:00,1.71184,1.70592,1.73546,achat,1.73546,1.71542 1.70592,1.74 1.73 1.725 1.72 1.71184 1.71 1.7
assets/tradingview/2023-08/2023-08-23_11h46_msg9046_Ec8axr5V.png,9046,2023-08-23T11:46:41,,,2023-08-23T11:46:00,,,,,,1.71557 1.70592,1.734 1.732 1.73 1.728 1.726 1.724 1.722 1.72 1.718 1.714 1.71184 1.71 1.708 1.704 1.702 1.7 1.698 1.696
assets/tradingview/2023-08/2023-08-23_13h43_msg9048_V7Q3P5BH.png,9048,2023-08-23T13:43:23,,,2023-08-23T13:43:00,,,,,1.71943 1.73546,1.70592,1.74 1.73 1.725 1.715 1.71 1.7 1.695 1.69 1.685 1.71184
ChatExport_2026-10-01/photos/photo_2222@24-08-2023_13-20-19.jpg,9059,2023-08-24T13:20:19,GBPCAD,,,,,,,1.71405,1.70592,1.735 1.73 1.725 1.72 1.715 1.71184 1.71 1.7
ChatExport_2026-10-01/photos/photo_2223@25-08-2023_06-49-06.jpg,9065,2023-08-25T06:49:06,,,,,,,,,,
ChatExport_2026-10-01/photos/photo_2224@25-08-2023_06-49-06.jpg,9066,2023-08-25T06:49:06,,,,,,,,,,8.24 8.25 5.33 8.54 2.74
ChatExport_2026-10-01/photos/photo_2226@25-08-2023_11-15-42.jpg,9068,2023-08-25T11:15:42,,,,,,,,,,804.52 484.46 320.06 838.0
ChatExport_2026-10-01/photos/photo_2227@25-08-2023_17-37-17.jpg,9070,2023-08-25T17:37:17,GBPCAD,,,,,,,,,8.24 8.25 268.82 0.0
ChatExport_2026-10-01/photos/photo_2228@25-08-2023_17-38-12.jpg,9071,2023-08-25T17:38:12,,,,,,,,,,8.21 8.22 8.23 8.25 0.0 49.77 22.31 948.04
ChatExport_2026-10-01/photos/photo_2234@28-08-2023_09-56-20.jpg,9097,2023-08-28T09:56:20,EURNZD,,,1.82222,1.81489,1.84623,achat,1.84623,1.81489,1.87 1.865 1.86 1.855 1.85 1.84 1.835 1.83 1.82222 1.81 1.805 1.8 1.795 1.79
ChatExport_2026-10-01/photos/photo_2235@28-08-2023_09-56-49.jpg,9098,2023-08-28T09:56:49,EURNZD,,,1.82222,1.81489,1.84539,achat,1.84539 1.83229,1.81489,1.88 1.87 1.86 1.81 1.8 1.79 1.84 1.82222
assets/tradingview/2023-08/2023-08-29_07h30_msg9114_qDobJqEh.png,9114,2023-08-29T07:30:24,GBPCAD,4h,2023-08-29T07:30:00,1.712,1.706,1.71637,achat,1.71637 1.73197,1.706,1.73 1.725 1.72 1.712 1.7 1.695 1.69
ChatExport_2026-10-01/photos/photo_2239@29-08-2023_15-03-18.jpg,9117,2023-08-29T15:03:18,,,,,,,,,,8.29 688.51 0.0 489.0 177.51
ChatExport_2026-10-01/photos/photo_2240@30-08-2023_06-38-50.jpg,9118,2023-08-30T06:38:50,,,,,,,,,,
ChatExport_2026-10-01/photos/photo_2241@30-08-2023_12-20-53.jpg,9120,2023-08-30T12:20:53,GBPCAD,,,1.715,1.706,1.71997,achat,1.7365 1.71997,1.706,1.75 1.745 1.73 1.725 1.715 1.712 1.7 1.695 1.69 1.685
ChatExport_2026-10-01/photos/photo_2242@30-08-2023_12-23-13.jpg,9123,2023-08-30T12:23:13,,,,,,,,,,8.25 144.87 0.0
ChatExport_2026-10-01/photos/photo_2243@30-08-2023_12-26-50.jpg,9124,2023-08-30T12:26:50,,,,,,,,,,8.24 8.25 519.85 0.0
assets/tradingview/2023-08/2023-08-31_13h07_msg9133_kzpU5e6d.png,9133,2023-08-31T13:07:27,GBPCAD,1D,2023-08-31T13:06:00,1.725,1.706,1.735,achat,1.735,1.706,1.735 1.73 1.725 1.72 1.712 1.7 1.695 1.69 1.685 1.68
assets/tradingview/2023-08/2023-08-31_13h22_msg9143_lJIIEN6Z.png,9143,2023-08-31T13:22:30,NZDCAD,4h,2023-08-31T13:22:00,,,,,,0.80486,0.813 0.812 0.811 0.81 0.809 0.808 0.807 0.806 0.804 0.803 0.802 0.801
assets/tradingview/2023-08/2023-08-31_13h22_msg9145_ww2Az1jA.png,9145,2023-08-31T13:22:54,USDCAD,4h,2023-08-31T13:22:00,,,,,,1.35261,1.351 1.35 1.349 1.364 1.363 1.362 1.361 1.36 1.359 1.358 1.357 1.356 1.355 1.354 1.353
assets/tradingview/2023-08/2023-08-31_13h23_msg9147_R4jHtS8q.png,9147,2023-08-31T13:23:25,EURCAD,4h,2023-08-31T13:23:00,,,,,,1.46871,1.482 1.48 1.478 1.476 1.474 1.472 1.47 1.466 1.464 1.462
assets/tradingview/2023-08/2023-08-31_13h24_msg9149_LTVFQoiR.png,9149,2023-08-31T13:24:20,AUDCAD,1h,2023-08-31T13:24:00,0.879,0.87626,0.88243,achat,0.88243,0.87626,0.882 0.881 0.88 0.879 0.878 0.877 0.875 0.874 0.873 0.872 0.871 0.87 0.869
ChatExport_2026-10-01/photos/photo_2245@31-08-2023_23-40-38.jpg,9154,2023-08-31T23:40:38,,,,,,,,,,
assets/tradingview/2023-09/2023-09-01_12h45_msg9164_nfgyWp8i.png,9164,2023-09-01T12:45:10,GBPCAD,4h,2023-09-01T12:44:00,1.71961,1.72484,1.70026,vente,1.71935 1.70026,1.72484,1.73 1.71961 1.715 1.71 1.705 1.695 1.69 1.685
assets/tradingview/2023-09/2023-09-01_13h02_msg9168_0nV0hvZR.png,9168,2023-09-01T13:02:17,GBPCAD,1h,2023-09-01T13:02:00,1.71961,1.72361,1.70026,vente,1.70026,1.72361 1.71795,1.732 1.716 1.73 1.728 1.726 1.722 1.71961 1.714 1.712 1.71 1.708 1.706 1.704 1.702
assets/tradingview/2023-09/2023-09-01_14h31_msg9169_3W2AKKuk.png,9169,2023-09-01T14:31:43,GBPCAD,1h,2023-09-01T14:31:00,1.71961,1.72458,1.70643,vente,1.70643,1.72458 1.71503,1.726 1.722 1.71961 1.718 1.716 1.712 1.71 1.708 1.704 1.702 1.7
assets/tradingview/2023-09/2023-09-01_18h42_msg9178_DK0L9trE.png,9178,2023-09-01T18:42:59,GBPCAD,,2023-09-01T18:42:00,1.71961,1.72458,1.70961,vente,1.70961,1.72458,1.724 1.722 1.718 1.716 1.714 1.71961 1.708 1.706 1.704 1.702 1.7
ChatExport_2026-10-01/photos/photo_2254@03-09-2023_17-27-54.jpg,9195,2023-09-03T17:27:54,,,,,,,,,,
assets/tradingview/2023-09/2023-09-05_22h21_msg9219_HvTHmTDV.png,9219,2023-09-05T22:21:54,USDCAD,,2023-09-05T22:21:00,1.362,1.3638,1.3581,vente,1.3581,1.3638 1.375,1.388 1.386 1.384 1.382 1.38 1.378 1.376 1.374 1.372 1.37 1.368 1.366 1.362 1.36 1.356 1.354 1.352 1.35 1.348 1.346
ChatExport_2026-10-01/photos/photo_2256@06-09-2023_11-03-59.jpg,9220,2023-09-06T11:03:59,,,,,,,,1.97139,,2.0 1.995 1.985 1.98 1.965 1.96 1.955 1.95 1.945 1.94 1.935 1.93 1.925 1.92
ChatExport_2026-10-01/photos/photo_2257@06-09-2023_11-04-24.jpg,9221,2023-09-06T11:04:24,,,,,,,,,1.96355,2.01 2.0 1.98 1.97 1.95 1.94 1.93 1.92
ChatExport_2026-10-01/photos/photo_2259@06-09-2023_11-34-19.jpg,9229,2023-09-06T11:34:19,,,,,,,,,,
assets/tradingview/2023-09/2023-09-06_14h14_msg9235_QtjuV30n.png,9235,2023-09-06T14:14:44,GBPCAD,4h,2023-09-06T14:14:00,1.71935,1.72494,1.70462,vente,1.70462,1.70614 1.72494,1.74 1.735 1.73 1.71935 1.715 1.71 1.7 1.695 1.69 1.685 1.68
ChatExport_2026-10-01/photos/photo_2261@07-09-2023_12-25-30.jpg,9245,2023-09-07T12:25:30,,,,,,,,,,328.85 0.0
ChatExport_2026-10-01/photos/photo_2262@07-09-2023_14-41-25.jpg,9250,2023-09-07T14:41:25,,,,,,,,,,
ChatExport_2026-10-01/photos/photo_2263@08-09-2023_03-49-04.jpg,9258,2023-09-08T03:49:04,USDCAD,,,1.37,1.375,1.3581,vente,1.3581,1.36696 1.375,1.38 1.36 1.355 1.35 1.37
ChatExport_2026-10-01/photos/photo_2264@08-09-2023_07-16-58.jpg,9259,2023-09-08T07:16:58,GBPJPY,,,183.5,183.0,183.877,achat,183.877,183.0,185.5 185.0 184.5 183.5 182.5 182.0 181.5
ChatExport_2026-10-01/photos/photo_2265@08-09-2023_12-47-08.jpg,9260,2023-09-08T12:47:08,,,,,,,,1.3581,1.36119,1.378 1.362 1.356 1.354 1.352 1.35 1.348
ChatExport_2026-10-01/photos/photo_2267@08-09-2023_14-22-57.jpg,9264,2023-09-08T14:22:57,,,,,,,,,,
ChatExport_2026-10-01/photos/photo_2268@12-09-2023_09-23-03.jpg,9277,2023-09-12T09:23:03,,,,,,,,,,840.85 753.88 753.4 969.18
assets/tradingview/2023-09/2023-09-12_12h07_msg9285_UIIrXTcS.png,9285,2023-09-12T12:07:34,EURNZD,4h,2023-09-12T12:06:00,,,,,1.81543,,1.85 1.845 1.84 1.835 1.83 1.82 1.81 1.805 1.8 1.79 1.785 1.78 1.775 1.77 1.765
assets/tradingview/2023-09/2023-09-12_12h17_msg9289_4FCXOP9o.png,9289,2023-09-12T12:17:46,,4h,2023-09-12T12:17:00,,,,,,,27.5 25.5 18.5 18.0 28.0 27.0 26.5 26.0 24.0 23.5 23.0 22.5 22.0 21.5 21.0 20.5 20.0 19.5 19.0
assets/tradingview/2023-09/2023-09-12_12h24_msg9292_NTjv8YW1.png,9292,2023-09-12T12:24:16,USDCAD,4h,2023-09-12T12:23:00,1.374,1.375,1.35737,vente,1.35737,1.35811 1.375,1.37 1.38 1.378 1.376 1.374 1.372 1.368 1.366 1.364 1.362 1.36 1.354 1.352 1.35 1.348 1.346 1.344 1.342
ChatExport_2026-10-01/photos/photo_2271@14-09-2023_18-07-18.jpg,9308,2023-09-14T18:07:18,,,,,,,,,,
assets/tradingview/2023-09/2023-09-15_00h30_msg9313_SAGqZ0TS.png,9313,2023-09-15T00:30:05,EURNZD,4h,2023-09-15T00:29:00,,,,,,1.79956,1.85 1.845 1.84 1.835 1.83 1.82 1.815 1.81 1.805 1.79 1.785 1.78 1.775 1.77 1.765
assets/tradingview/2023-09/2023-09-15_01h05_msg9315_pyRKesIg.png,9315,2023-09-15T01:05:55,GBPJPY,4h,2023-09-15T01:05:00,182.401,181.89,186.732,achat,186.732 183.034,181.89,186.5 186.0 185.5 185.0 184.5 184.0 183.5 182.401 181.5 181.0
assets/tradingview/2023-09/2023-09-15_07h39_msg9320_VBeEj3Ts.png,9320,2023-09-15T07:39:56,GBPJPY,,2023-09-15T07:39:00,182.401,181.898,183.673,achat,183.673,181.898,185.5 185.0 184.5 184.0 183.0 182.5 182.401 182.0 181.5
ChatExport_2026-10-01/photos/photo_2272@15-09-2023_07-51-53.jpg,9324,2023-09-15T07:51:53,,,,,,,,,,
ChatExport_2026-10-01/photos/photo_2273@19-09-2023_08-53-59.jpg,9337,2023-09-19T08:53:59,,,,,,,,,,
assets/tradingview/2023-09/2023-09-20_06h42_msg9349_iYRVoXzD.png,9349,2023-09-20T06:42:55,EURNZD,4h,2023-09-20T06:42:00,,,,,1.79919,,1.84 1.835 1.83 1.82 1.815 1.81 1.805 1.79 1.785 1.78 1.775 1.77 1.765
assets/tradingview/2023-09/2023-09-20_06h47_msg9351_EKWxtfMS.png,9351,2023-09-20T06:47:09,EURNZD,1h,2023-09-20T06:46:00,,,,,,,1.82 1.815 1.81 1.805 1.79 1.785 1.78
ChatExport_2026-10-01/photos/photo_2277@20-09-2023_18-56-49.jpg,9360,2023-09-20T18:56:49,,,,,,,,,,
assets/tradingview/2023-09/2023-09-20_18h57_msg9361_ZuG6tFBN.png,9361,2023-09-20T18:57:32,EURUSD,1h,2023-09-20T18:57:00,1.07174,1.07603,1.05886,vente,1.05886,1.06894 1.07603,1.082 1.08 1.078 1.074 1.07174 1.066 1.062 1.06 1.058 1.056
ChatExport_2026-10-01/photos/photo_2278@20-09-2023_19-44-46.jpg,9363,2023-09-20T19:44:46,,,,,,,,,,226.88 236.88 704.3 532.58 57.46
ChatExport_2026-10-01/photos/photo_2279@20-09-2023_19-47-05.jpg,9366,2023-09-20T19:47:05,,,,,,,,,,
ChatExport_2026-10-01/photos/photo_2280@20-09-2023_20-07-48.jpg,9371,2023-09-20T20:07:48,,,,,,,,,,0.79
ChatExport_2026-10-01/photos/photo_2282@20-09-2023_20-51-16.jpg,9376,2023-09-20T20:51:16,,,,,,,,,,
ChatExport_2026-10-01/photos/photo_2283@20-09-2023_20-51-16.jpg,9377,2023-09-20T20:51:16,,,,,,,,,,
ChatExport_2026-10-01/photos/photo_2284@20-09-2023_21-34-17.jpg,9378,2023-09-20T21:34:17,,,,,,,,,,
assets/tradingview/2023-09/2023-09-21_11h16_msg9384_vqdBoBtr.png,9384,2023-09-21T11:16:02,GBPJPY,4h,2023-09-21T11:11:00,,,,,,181.346,187.0 186.0 185.0 184.0 183.0 182.0 180.0 179.0 178.0
ChatExport_2026-10-01/photos/photo_2289@25-09-2023_07-28-21.jpg,9415,2023-09-25T07:28:21,,,,,,,,,,1.79 1.78 1.77 1.76 1.75 1.74 1.73 1.72 1.71 1.7 1.69 1.68 1.67 1.66 1.64 1.63 1.62
ChatExport_2026-10-01/photos/photo_2290@25-09-2023_18-13-43.jpg,9417,2023-09-25T18:13:43,,,,,,,,,,1.0811 1.0766 1.0736 1.0691 1.0676 1.0661 1.0646 1.0616 1.0586
ChatExport_2026-10-01/photos/photo_2291@26-09-2023_07-01-07.jpg,9418,2023-09-26T07:01:07,,,,,,,,,,
ChatExport_2026-10-01/photos/photo_2294@27-09-2023_11-36-46.jpg,9426,2023-09-27T11:36:46,,,,,,,,,,1.0756 1.0741 1.0726 1.0711 1.0696 1.0681 1.0666 1.0651 1.0636 1.0621 1.0606 1.0591 1.0576 1.0561 1.0771 1.0546
ChatExport_2026-10-01/photos/photo_2295@27-09-2023_11-37-19.jpg,9427,2023-09-27T11:37:19,,,,,,,,,,
ChatExport_2026-10-01/photos/photo_2296@27-09-2023_15-20-33.jpg,9428,2023-09-27T15:20:33,,,,,,,,,,
ChatExport_2026-10-01/photos/photo_2302@29-09-2023_11-33-58.jpg,9445,2023-09-29T11:33:58,EURUSD,1D,2023-09-28T22:59:00,,,,,,1.05651 1.07691,1.09 1.085 1.08 1.075 1.07208 1.065 1.06 1.045 1.04 1.035
ChatExport_2026-10-01/photos/photo_2303@29-09-2023_11-34-11.jpg,9446,2023-09-29T11:34:11,,,,,,,,,,
assets/tradingview/2023-09/2023-09-29_13h47_msg9451_ueUqthCl.png,9451,2023-09-29T13:47:28,EURUSD,15,2023-09-29T13:30:00,,,,,,,1.0605
ChatExport_2026-10-01/photos/photo_2305@29-09-2023_14-09-08.jpg,9454,2023-09-29T14:09:08,,,,,,,,,,
ChatExport_2026-10-01/photos/photo_2306@02-10-2023_10-25-41.jpg,9459,2023-10-02T10:25:41,,,,,,,,,,
ChatExport_2026-10-01/photos/photo_2307@02-10-2023_10-25-55.jpg,9460,2023-10-02T10:25:55,,,,,,,,,,
ChatExport_2026-10-01/photos/photo_2308@02-10-2023_10-26-12.jpg,9461,2023-10-02T10:26:12,EURUSD,,,1.06087,1.06196,1.05226,vente,1.05226 1.04876 1.04863,1.06196 1.05368,1.066 1.06087 1.06 1.056 1.05 1.044 1.042 1.04 1.038 1.036
ChatExport_2026-10-01/photos/photo_2311@02-10-2023_14-42-21.jpg,9466,2023-10-02T14:42:21,,,,,,,,,,9.2 9.21 9.22 9.25 628.55 0.0
ChatExport_2026-10-01/photos/photo_2312@02-10-2023_14-42-21.jpg,9467,2023-10-02T14:42:21,,,,,,,,,,9.2 9.21 9.22 9.25 125.82 0.0
ChatExport_2026-10-01/photos/photo_2313@02-10-2023_14-42-21.jpg,9468,2023-10-02T14:42:21,,,,,,,,,,9.26 9.29 10.02 385.18 0.0
ChatExport_2026-10-01/photos/photo_2314@02-10-2023_14-42-21.jpg,9469,2023-10-02T14:42:21,,,,,,,,,,9.22 9.25 9.29 657.39 0.0
ChatExport_2026-10-01/photos/photo_2315@02-10-2023_14-51-38.jpg,9475,2023-10-02T14:51:38,,,,,,,,,,
ChatExport_2026-10-01/photos/photo_2316@02-10-2023_14-51-39.jpg,9476,2023-10-02T14:51:39,,,,,,,,,,
ChatExport_2026-10-01/photos/photo_2317@03-10-2023_03-33-56.jpg,9479,2023-10-03T03:33:56,GBPAUD,,,1.92531,1.93048,1.90042,vente,1.9044 1.90042 1.89588,1.93048 1.87524,1.96 1.95 1.94 1.92531 1.92 1.89 1.87 1.86 1.85
ChatExport_2026-10-01/photos/photo_2318@03-10-2023_15-47-08.jpg,9487,2023-10-03T15:47:08,,,,,,,,,149.11 149.117,153.5 153.0 152.5 152.0 151.5 151.0 150.5 149.5 148.5 148.0 147.5 147.0 146.5 146.0 145.5 145.0 144.5
ChatExport_2026-10-01/photos/photo_2319@03-10-2023_16-57-29.jpg,9496,2023-10-03T16:57:29,,,,,,,,180.09,,183.5 183.0 182.5 182.0 181.5 181.0 180.5 179.0 178.5 178.0 177.5 177.0 6.5
assets/tradingview/2023-10/2023-10-04_11h23_msg9501_kRkjqc4u.png,9501,2023-10-04T11:23:28,GBPJPY,4h,2023-10-04T11:22:00,,,,,180.679,,183.0 182.5 182.0 181.5 181.0 179.5 179.0 178.5 178.0 177.5
assets/tradingview/2023-10/2023-10-04_11h24_msg9503_9V8jivJm.png,9503,2023-10-04T11:24:33,,,2023-10-04T11:24:00,,,,,180.753,,183.5 183.0 182.5 182.0 181.5 181.0 179.5 179.0 178.5 178.0 177.5 177.0 176.5 176.0
ChatExport_2026-10-01/photos/photo_2320@04-10-2023_12-20-02.jpg,9507,2023-10-04T12:20:02,NZDCAD,,,0.81142,0.81447,0.79827,vente,0.79827,0.81447,0.82 0.818 0.816 0.81142 0.808 0.806 0.804 0.802 0.8 0.796
ChatExport_2026-10-01/photos/photo_2323@05-10-2023_03-04-10.jpg,9513,2023-10-05T03:04:10,NZDCAD,,,0.81142,0.81517,0.79827,vente,0.79827,0.81517 0.81447,0.822 0.82 0.818 0.816 0.81142 0.81 0.808 0.806 0.804 0.802 0.8 0.796 0.794
ChatExport_2026-10-01/photos/photo_2324@06-10-2023_12-23-32.jpg,9521,2023-10-06T12:23:32,,,,,,,,,1.056 1.05603,1.08 1.075 1.07 1.065 1.06 1.05 1.045 1.04 1.035 1.03
ChatExport_2026-10-01/photos/photo_2325@06-10-2023_12-24-37.jpg,9522,2023-10-06T12:24:37,,,,,,,,,,1.075 1.07 1.065 1.06 1.05 1.045 1.04 1.035 1.03
ChatExport_2026-10-01/photos/photo_2326@06-10-2023_12-35-10.jpg,9529,2023-10-06T12:35:10,,,,,,,,,,1.0569 1.0565 1.0561 1.0557 1.0553 1.0549 1.0545 1.0541 1.0537 1.0533 1.0529 1.0525 1.0521 1.0517 1.0513 1.0509
ChatExport_2026-10-01/photos/photo_2327@06-10-2023_12-46-34.jpg,9530,2023-10-06T12:46:34,,,,,,,,,,1.52 1.51 1.5 1.49 1.48 1.47 1.46 7.45 1.43 1.422 1.414 1.406 1.399 1.392
ChatExport_2026-10-01/photos/photo_2328@06-10-2023_12-47-13.jpg,9534,2023-10-06T12:47:13,,,,,,,,,1.44158,1.465 1.46 1.455 1.445 1.435 1.43 1.425 1.42
assets/tradingview/2023-10/2023-10-06_13h39_msg9536_LYoV6HSS.png,9536,2023-10-06T13:39:51,GBPJPY,1D,2023-10-06T13:39:00,,,,,181.502,,187.0 186.0 185.0 184.0 183.0 182.0 179.0 178.0 177.0 176.0
ChatExport_2026-10-01/photos/photo_2330@06-10-2023_14-48-31.jpg,9540,2023-10-06T14:48:31,GBPUSD,,,1.215,1.228,1.20622,vente,1.22021 1.20622,1.228,1.245 1.24 1.235 1.23 1.215 1.2 1.195
ChatExport_2026-10-01/photos/photo_2333@06-10-2023_16-06-39.jpg,9547,2023-10-06T16:06:39,,,,,,,,,,
ChatExport_2026-10-01/photos/photo_2334@06-10-2023_17-12-12.jpg,9548,2023-10-06T17:12:12,,,,,,,,,,1.22515 1.2178 1.2423 1.23985 1.2374 1.23495 1.2325 1.23005 1.22025 1.21535 1.2129 1.21045 1.208 1.20555
ChatExport_2026-10-01/photos/photo_2335@09-10-2023_07-46-23.jpg,9551,2023-10-09T07:46:23,,,,,,,,,,1.2222 1.2317 1.2298 1.226 1.2241 1.2203 1.2184 1.2165 1.2146 1.2127 1.2108 1.2089 1.207 1.2051
ChatExport_2026-10-01/photos/photo_2336@09-10-2023_07-48-40.jpg,9552,2023-10-09T07:48:40,,,,,,,,,,
ChatExport_2026-10-01/photos/photo_2337@10-10-2023_14-18-45.jpg,9553,2023-10-10T14:18:45,,,,,,,,,,
ChatExport_2026-10-01/photos/photo_2338@10-10-2023_18-58-32.jpg,9556,2023-10-10T18:58:32,EURUSD,,,,,,,,,671.29 0.0
ChatExport_2026-10-01/photos/photo_2342@12-10-2023_12-56-32.jpg,9561,2023-10-12T12:56:32,,,,,,,,,1877.975,1910.0 1900.0 1890.0 1870.0 1860.0 1850.0 1840.0 1830.0 1820.0 1810.0
ChatExport_2026-10-01/photos/photo_2343@13-10-2023_14-07-53.jpg,9568,2023-10-13T14:07:53,EURUSD,,,,,,,,,708.84 0.0
assets/tradingview/2023-10/2023-10-17_11h26_msg9577_GkIXFZ16.png,9577,2023-10-17T11:26:11,GBPJPY,4h,2023-10-17T11:05:00,181.241,180.733,183.799,achat,183.799,180.733,183.5 183.0 182.5 181.5 181.241 181.0 180.5 179.5 179.0 178.5 178.0
ChatExport_2026-10-01/photos/photo_2345@17-10-2023_15-44-24.jpg,9582,2023-10-17T15:44:24,,,,,,,,,,
ChatExport_2026-10-01/photos/photo_2346@17-10-2023_18-03-45.jpg,9585,2023-10-17T18:03:45,,,,,,,,,,
ChatExport_2026-10-01/photos/photo_2348@17-10-2023_18-08-23.jpg,9588,2023-10-17T18:08:23,,,,,,,,,,
ChatExport_2026-10-01/photos/photo_2349@18-10-2023_14-48-21.jpg,9592,2023-10-18T14:48:21,,,,,,,,106.567,,107.0 106.9 106.8 106.7 106.4 106.3 106.2 106.0 105.9 105.8 105.7 105.6
ChatExport_2026-10-01/photos/photo_2350@18-10-2023_15-03-39.jpg,9597,2023-10-18T15:03:39,USDJPY,,,149.995,150.492,148.473,vente,149.77 149.6 148.473,150.492,151.4 151.2 151.0 150.8 150.6 150.4 150.2 149.995 149.4 149.2 149.0 148.8 148.6 148.2
ChatExport_2026-10-01/photos/photo_2353@24-10-2023_08-00-02.jpg,9620,2023-10-24T08:00:02,USDJPY,,,150.4,150.507,148.008,vente,148.008,150.507 149.426,150.6 150.4 150.2 149.8 149.6 149.2 149.0 148.8 148.6 148.4 148.2 147.8
ChatExport_2026-10-01/photos/photo_2354@24-10-2023_08-00-22.jpg,9621,2023-10-24T08:00:22,,,,,,,,,,10.18 10.23 255.75 0.0
assets/tradingview/2023-10/2023-10-24_10h37_msg9627_3jqGzWWR.png,9627,2023-10-24T10:37:12,,1D,2023-10-24T10:37:00,,,,,105.84,,5.5 5.0 4.5 4.0 3.5 108.5 107.5 107.0 106.5 106.0 105.5 105.0 104.5 104.0 103.5
ChatExport_2026-10-01/photos/photo_2356@24-10-2023_12-46-31.jpg,9630,2023-10-24T12:46:31,GBPUSD,,,1.215,1.22079,1.203,vente,1.203,1.23 1.22079,1.24 1.235 1.225 1.215 1.21 1.205 1.2
ChatExport_2026-10-01/photos/photo_2357@24-10-2023_12-47-10.jpg,9631,2023-10-24T12:47:10,,,,,,,,,,1.2326 1.231 1.2294 1.2278 1.2262 1.223 1.2214 1.2198 1.2182 1.2166 1.215 1.2134 1.2118 1.2102
ChatExport_2026-10-01/photos/photo_2358@24-10-2023_12-47-32.jpg,9632,2023-10-24T12:47:32,,,,,,,,,,
ChatExport_2026-10-01/photos/photo_2359@24-10-2023_14-58-09.jpg,9634,2023-10-24T14:58:09,,,,,,,,,,
ChatExport_2026-10-01/photos/photo_2360@24-10-2023_17-41-49.jpg,9635,2023-10-24T17:41:49,,,,,,,,,,
ChatExport_2026-10-01/photos/photo_2361@25-10-2023_10-15-16.jpg,9637,2023-10-25T10:15:16,,,,,,,,,,
assets/tradingview/2023-10/2023-10-26_08h21_msg9643_ZpFr0ovD.png,9643,2023-10-26T08:21:30,GBPUSD,4h,2023-10-26T08:21:00,1.225,1.23,1.20918,vente,1.20918 1.20364,1.23,1.24 1.235 1.225 1.22 1.215 1.205 1.2 1.195 1.19
ChatExport_2026-10-01/photos/photo_2362@26-10-2023_08-22-07.jpg,9644,2023-10-26T08:22:07,,,,,,,,,,10.23 591.96 0.0
ChatExport_2026-10-01/photos/photo_2364@27-10-2023_13-11-30.jpg,9659,2023-10-27T13:11:30,EURUSD,,,1.05798,1.06148,1.04548,vente,1.04548,1.06148 1.05479,1.064 1.06 1.05798 1.056 1.052 1.05 1.048 1.042 1.044
ChatExport_2026-10-01/photos/photo_2365@27-10-2023_13-11-43.jpg,9660,2023-10-27T13:11:43,EURUSD,,,1.05798,1.06,1.05693,vente,1.05693,1.06,1.062 1.06 1.05798 1.054 1.052 1.05 1.048 1.046 1.044
ChatExport_2026-10-01/photos/photo_2369@27-10-2023_21-01-08.jpg,9664,2023-10-27T21:01:08,,,,,,,,2006.02 2003.063,1806.606,2100.0 2075.0 2050.0 2025.0 1950.0 1925.0 1900.0 1875.0 1850.0 1821.668 1775.0 1750.0 1725.0 1700.0 975.0
ChatExport_2026-10-01/photos/photo_2370@31-10-2023_11-25-13.jpg,9681,2023-10-31T11:25:13,,,,,,,,,,
assets/tradingview/2023-11/2023-11-01_14h49_msg9686_slqTiAgs.png,9686,2023-11-01T14:49:11,GBPUSD,4h,2023-11-01T14:47:00,,,,,1.21592 1.20302,,1.234 1.232 1.23 1.228 1.224 1.222 1.22059 1.218 1.214 1.212 1.21 1.208 1.206 1.204
ChatExport_2026-10-01/photos/photo_2371@01-11-2023_17-21-44.jpg,9693,2023-11-01T17:21:44,,,,,,,,,,0.68 0.675 0.67 0.665 0.66 0.655 0.65 0.645 0.64 0.63 0.625 0.62 0.615 0.61
ChatExport_2026-10-01/photos/photo_2372@01-11-2023_17-22-45.jpg,9694,2023-11-01T17:22:45,,,,,,,,,,0.596 0.594 0.592 0.59 0.588 0.586 0.584 0.58 0.578 0.576 0.574 0.572 0.57 0.568
ChatExport_2026-10-01/photos/photo_2373@01-11-2023_17-23-06.jpg,9695,2023-11-01T17:23:06,,,,,,,,,,2040.0 2030.0 2020.0 2010.0 2000.0 1990.0 1970.0 1960.0 1950.0 1940.0 1930.0 1920.0 1910.0
ChatExport_2026-10-01/photos/photo_2374@01-11-2023_17-23-20.jpg,9696,2023-11-01T17:23:20,,,,,,,,,1.80807,1.84 1.835 1.83 1.825 1.82 1.815 1.81 1.8 1.795 1.79 1.785 1.78
ChatExport_2026-10-01/photos/photo_2375@01-11-2023_17-23-38.jpg,9697,2023-11-01T17:23:38,,,,,,,,,1.68307,1.705 1.7 1.695 1.69 1.685 1.675 1.67 1.665 1.66 1.655 1.68
ChatExport_2026-10-01/photos/photo_2376@02-11-2023_00-26-25.jpg,9702,2023-11-02T00:26:25,XAUUSD,,,,,,,,,1991.5 1990.35 1989.2 1988.05 1986.9 1985.75 1984.6 1983.45 1982.3 1980.0 1978.85 1977.7 1976.55 1975.4 1974.25 1970.8
assets/tradingview/2023-11/2023-11-02_11h43_msg9705_vUWyauQy.png,9705,2023-11-02T11:43:21,GBPUSD,1h,2023-11-02T11:43:00,,,,,1.21916 1.20302,,1.224 1.216 1.214 1.212 1.21 1.208 1.206 1.204 1.2 1.2215
ChatExport_2026-10-01/photos/photo_2377@02-11-2023_12-26-11.jpg,9714,2023-11-02T12:26:11,,,,,,,,,,3.06 5.06
assets/tradingview/2023-11/2023-11-02_15h02_msg9715_TNyZXSBP.png,9715,2023-11-02T15:02:20,GBPUSD,1h,2023-11-02T15:02:00,,,,,1.20302,,1.23 1.228 1.224 1.216 1.214 1.212 1.21 1.208 1.206 1.204 1.2 1.2215
ChatExport_2026-10-01/photos/photo_2378@03-11-2023_12-31-56.jpg,9725,2023-11-03T12:31:56,,,,,,,,1.22812,,1.24 1.235 1.23 1.215 1.21 1.205 1.2
ChatExport_2026-10-01/photos/photo_2379@03-11-2023_12-35-11.jpg,9728,2023-11-03T12:35:11,,,,,,,,,,125.83 0.0
ChatExport_2026-10-01/photos/photo_2380@03-11-2023_15-38-03.jpg,9730,2023-11-03T15:38:03,,,,,,,,,,5.06 125.83 0.0
ChatExport_2026-10-01/photos/photo_2381@06-11-2023_07-55-57.jpg,9745,2023-11-06T07:55:57,,,,,,,,,,252.55 0.0 3.04
assets/tradingview/2023-11/2023-11-07_13h37_msg9753_blxsBfKV.png,9753,2023-11-07T13:37:18,,1D,2023-11-07T13:37:00,,,,,105.614,,107.4 107.2 107.0 106.8 106.6 106.4 106.2 106.0 105.8 105.4 105.2 105.0 104.8 104.6 104.4 104.2
assets/tradingview/2023-11/2023-11-07_13h39_msg9756_vIHgDjQu.png,9756,2023-11-07T13:39:32,EURUSD,30,2023-11-07T13:39:00,,,,,1.06804,,1.074 1.073 1.072 1.071 1.07 1.069 1.067 1.066 1.065 1.064
assets/tradingview/2023-11/2023-11-07_19h04_msg9758_dX7oELZt.png,9758,2023-11-07T19:04:12,,,2023-11-07T19:03:00,,,,,,,1.08 1.078 1.076 1.074 1.072 1.068 1.066 1.064 1.062 1.06 1.058 1.056 1.054
assets/tradingview/2023-11/2023-11-07_19h04_msg9759_99Y8aMez.png,9759,2023-11-07T19:04:53,,,2023-11-07T19:04:00,,,,,,,5.6 106.2 106.0 105.8 105.6 105.2 105.0 104.8 104.6 104.4 104.2 104.0 103.8
ChatExport_2026-10-01/photos/photo_2382@08-11-2023_12-42-50.jpg,9761,2023-11-08T12:42:50,,,,,,,,,,
ChatExport_2026-10-01/photos/photo_2383@08-11-2023_12-45-17.jpg,9762,2023-11-08T12:45:17,,,,,,,,,,
ChatExport_2026-10-01/photos/photo_2384@08-11-2023_12-45-54.jpg,9763,2023-11-08T12:45:54,,,,,,,,,,4.89
ChatExport_2026-10-01/photos/photo_2385@08-11-2023_12-46-43.jpg,9764,2023-11-08T12:46:43,,,,,,,,,,5.85
ChatExport_2026-10-01/photos/photo_2386@08-11-2023_15-11-46.jpg,9766,2023-11-08T15:11:46,,,,,,,,,,11.02 734.63 0.0
ChatExport_2026-10-01/photos/photo_2388@12-11-2023_13-30-08.jpg,9800,2023-11-12T13:30:08,,,,,,,,,,
ChatExport_2026-10-01/photos/photo_2390@13-11-2023_16-08-25.jpg,9819,2023-11-13T16:08:25,,,,,,,,,,
ChatExport_2026-10-01/photos/photo_2391@13-11-2023_16-23-05.jpg,9821,2023-11-13T16:23:05,,,,,,,,,,910.0 198.0 782.15 415.85 207.27
ChatExport_2026-10-01/photos/photo_2393@14-11-2023_10-31-02.jpg,9826,2023-11-14T10:31:02,EURUSD,,,,,,,,,357.27 0.0
ChatExport_2026-10-01/photos/photo_2394@14-11-2023_10-31-38.jpg,9829,2023-11-14T10:31:38,GBPUSD,,,1.22865,1.22665,1.23012,achat,1.23012,1.22665 1.22657,1.2299 1.22965 1.2294 1.22915 1.2289 1.22865 1.2284 1.2279 1.2274 1.22715 1.2269
ChatExport_2026-10-01/photos/photo_2395@14-11-2023_10-31-38.jpg,9830,2023-11-14T10:31:38,,,,,,,,,,484.8 304.8 4912.64 4572.16 209.76
assets/tradingview/2023-11/2023-11-14_13h33_msg9835_sirLnxe2.png,9835,2023-11-14T13:33:50,EURUSD,15,2023-11-14T13:33:00,1.07049,1.06849,1.07654,achat,1.07654,1.06849,1.078 1.077 1.076 1.075 1.074 1.073 1.072 1.071 1.07 1.069 1.068 1.067 1.066 1.065 1.064 1.079 1.07049
ChatExport_2026-10-01/photos/photo_2396@14-11-2023_13-34-45.jpg,9836,2023-11-14T13:34:45,,,,,,,,,,1.0705 1.07815 1.0773 1.07645 1.0756 1.07475 1.0739 1.07305 1.0722 1.07135 1.06965 1.0688 1.06795 1.0671 1.06625
ChatExport_2026-10-01/photos/photo_2397@14-11-2023_13-39-58.jpg,9837,2023-11-14T13:39:58,,,,,,,,,,
ChatExport_2026-10-01/photos/photo_2398@14-11-2023_14-54-54.jpg,9844,2023-11-14T14:54:54,,,,,,,,,,453.49 0.0
assets/tradingview/2023-11/2023-11-14_15h05_msg9848_8z7HilcM.png,9848,2023-11-14T15:05:53,,1D,2023-11-14T15:05:00,,,,,,,108.5 108.0 107.5 107.0 106.5 106.0 105.5 105.0 104.0 103.5 103.0 102.5 102.0 101.5
ChatExport_2026-10-01/photos/photo_2399@15-11-2023_02-39-34.jpg,9857,2023-11-15T02:39:34,GBPAUD,,,,,,,,,1.9252 1.9187 1.9317 1.9304 1.9291 1.9278 1.9265 1.9239 1.9213 1.92 1.9174 1.9161 1.9148 1.9135 1.9122
ChatExport_2026-10-01/photos/photo_2400@15-11-2023_02-41-47.jpg,9859,2023-11-15T02:41:47,,,,,,,,1.9225 1.92296,,1.9275 1.927 1.9265 1.926 1.9255 1.9245 1.924 1.9235 1.922 1.9215 1.921 1.9205 1.92 1.9195 1.919
assets/tradingview/2023-11/2023-11-15_06h51_msg9860_sVu7V1qs.png,9860,2023-11-15T06:51:27,GBPAUD,1h,2023-11-15T06:51:00,1.924,1.92811,1.91564,vente,1.91564,1.92811 1.91953,1.932 1.93 1.924 1.922 1.92 1.918 1.914
ChatExport_2026-10-01/photos/photo_2401@15-11-2023_07-03-28.jpg,9863,2023-11-15T07:03:28,GBPAUD,,,,,,,,,1.9236 1.9316 1.9308 1.93 1.9292 1.9284 1.9276 1.9268 1.926 1.9252 1.9228 1.922 1.9212 1.9204
ChatExport_2026-10-01/photos/photo_2402@15-11-2023_07-03-48.jpg,9864,2023-11-15T07:03:48,GBPAUD,,,,,,,,,11.15 0.0
assets/tradingview/2023-11/2023-11-15_12h06_msg9867_DraLM3Nn.png,9867,2023-11-15T12:06:54,GBPAUD,4h,2023-11-15T12:05:00,,,,,1.90956,1.91012,1.905 1.9
ChatExport_2026-10-01/photos/photo_2403@15-11-2023_12-08-19.jpg,9868,2023-11-15T12:08:19,,,,,,,,,,838.79 968.31 312.09 656.22 320.74
assets/tradingview/2023-11/2023-11-15_17h05_msg9876_nu908dTy.png,9876,2023-11-15T17:05:19,AUDUSD,4h,2023-11-15T17:05:00,0.64401,0.63895,0.65164,achat,0.6619 0.65164,0.63895,0.69 0.685 0.68 0.675 0.67 0.665 0.66 0.655 0.64401 0.635 0.63 0.625
assets/tradingview/2023-11/2023-11-15_17h16_msg9881_JDqZBKjR.png,9881,2023-11-15T17:16:30,AUDUSD,4h,2023-11-15T17:16:00,0.64401,0.63895,0.65153,achat,0.6619 0.65153,0.63895,0.66 0.658 0.656 0.654 0.648 0.646 0.64401 0.642 0.64 0.638 0.636 0.634 0.632 0.63 0.628
ChatExport_2026-10-01/photos/photo_2405@15-11-2023_17-36-26.jpg,9885,2023-11-15T17:36:26,,,,,,,,,,0.0 137.24 1.15
ChatExport_2026-10-01/photos/photo_2407@16-11-2023_15-23-53.jpg,9901,2023-11-16T15:23:53,,,,,,,,,,350.35 460.8 987.24 473.56 263.89 0.0
ChatExport_2026-10-01/photos/photo_2408@17-11-2023_09-18-48.jpg,9912,2023-11-17T09:18:48,,,,,,,,,,
ChatExport_2026-10-01/photos/photo_2409@17-11-2023_09-28-55.jpg,9917,2023-11-17T09:28:55,,,,,,,,,,1998.0 1996.0 1994.0 1992.0 1988.0 1986.0 1984.0 1982.0 1980.0 1978.0 1976.0 1974.0 1972.0 1970.0 1968.0 1966.0
assets/tradingview/2023-11/2023-11-20_02h38_msg9930_S0QMseRj.png,9930,2023-11-20T02:38:25,AUDUSD,4h,2023-11-20T02:35:00,0.64406,0.63993,0.6535,achat,0.6535,0.63993,0.66 0.658 0.656 0.65 0.648 0.646 0.64406 0.642 0.638 0.636 0.634 0.632 0.63 0.628 0.626 0.624
ChatExport_2026-10-01/photos/photo_2411@23-11-2023_15-54-42.jpg,9936,2023-11-23T15:54:42,,,,,,,,,,164.115 163.87 163.625 163.38 162.89 162.645 162.4 162.155 161.665 161.42 160.93 160.685
ChatExport_2026-10-01/photos/photo_2412@23-11-2023_15-55-07.jpg,9937,2023-11-23T15:55:07,,,,,,,,,,
ChatExport_2026-10-01/photos/photo_2413@23-11-2023_15-58-34.jpg,9941,2023-11-23T15:58:34,,,,,,,,98.102,,100.0 99.5 99.0 98.5 97.0 96.5 96.0 95.5
ChatExport_2026-10-01/photos/photo_2414@23-11-2023_18-53-11.jpg,9942,2023-11-23T18:53:11,,,,,,,,,,
ChatExport_2026-10-01/photos/photo_2415@24-11-2023_12-54-16.jpg,9944,2023-11-24T12:54:16,,,,,,,,,,0.0
ChatExport_2026-10-01/photos/photo_2416@24-11-2023_15-03-25.jpg,9945,2023-11-24T15:03:25,,,,,,,,,,573.13 0.0 7.32
ChatExport_2026-10-01/photos/photo_2417@28-11-2023_10-21-47.jpg,9950,2023-11-28T10:21:47,,,,,,,,,,188.565 188.41 188.255 188.1 187.945 187.635 187.325 187.17 187.015 186.86 186.705 186.55 186.395
ChatExport_2026-10-01/photos/photo_2418@28-11-2023_10-22-24.jpg,9951,2023-11-28T10:22:24,,,,,,,,,,93.85 452.47 641.38 698.35
ChatExport_2026-10-01/photos/photo_2419@28-11-2023_10-30-22.jpg,9953,2023-11-28T10:30:22,,,,,,,,,,
ChatExport_2026-10-01/photos/photo_2420@28-11-2023_15-47-40.jpg,9954,2023-11-28T15:47:40,EURNZD,,,1.804,1.80464,1.7901,vente,1.7901,1.80464 1.79346,1.808 1.806 1.804 1.802 1.798 1.796 1.792 1.788 1.786
ChatExport_2026-10-01/photos/photo_2421@29-11-2023_17-48-09.jpg,9958,2023-11-29T17:48:09,GBPAUD,,,1.91015,1.90628,1.9251,achat,1.9251,1.91768 1.90628,1.93 1.92 1.915 1.905 1.9 1.93413 1.91015
ChatExport_2026-10-01/photos/photo_2422@29-11-2023_17-48-35.jpg,9959,2023-11-29T17:48:35,,,,,,,,,,509.67 520.2 989.47 137.66
assets/tradingview/2023-11/2023-11-30_15h00_msg9965_HgnZEX7X.png,9965,2023-11-30T15:00:37,GBPJPY,4h,2023-11-30T11:43:00,186.293,185.785,186.654,achat,186.654,185.785,188.0 187.0 186.293 184.0 183.0 182.0 181.0
assets/tradingview/2023-11/2023-11-30_15h00_msg9967_pfl0fkZB.png,9967,2023-11-30T15:00:43,GBPJPY,4h,2023-11-30T14:59:00,186.293,185.785,187.329,achat,187.329,185.785,189.5 189.0 188.5 188.0 187.0 186.5 186.293 186.0 185.5 184.5
ChatExport_2026-10-01/photos/photo_2423@30-11-2023_15-03-06.jpg,9968,2023-11-30T15:03:06,,,,,,,,,,188.64 188.375 188.11 187.845 187.58 187.05 186.785 186.52 185.99 185.725 185.46 185.195 184.93 184.665
ChatExport_2026-10-01/photos/photo_2424@01-12-2023_11-32-46.jpg,9977,2023-12-01T11:32:46,,,,,,,,,,
ChatExport_2026-10-01/photos/photo_2425@01-12-2023_11-33-20.jpg,9978,2023-12-01T11:33:20,,,,,,,,,,
ChatExport_2026-10-01/photos/photo_2426@01-12-2023_11-33-52.jpg,9979,2023-12-01T11:33:52,,,,,,,,,,
ChatExport_2026-10-01/photos/photo_2427@01-12-2023_11-34-32.jpg,9980,2023-12-01T11:34:32,,,,,,,,,,
ChatExport_2026-10-01/photos/photo_2428@01-12-2023_13-31-16.jpg,9984,2023-12-01T13:31:16,GBPJPY,,,186.989,186.688,187.223,achat,187.223,186.688,187.9 187.8 187.7 187.6 187.4 187.3 187.1 186.989 186.9 186.8 186.6 186.5 186.4 186.3
ChatExport_2026-10-01/photos/photo_2430@03-12-2023_04-46-18.jpg,9995,2023-12-03T04:46:18,,,,,,,,,,
assets/tradingview/2023-12/2023-12-05_01h55_msg10005_2lE87Qd2.png,10005,2023-12-05T01:55:58,GBPJPY,1h,2023-12-05T01:55:00,185.704,185.287,188.734,achat,188.734,185.287,188.5 188.0 187.5 187.0 186.5 185.704 185.635 185.5 185.0
assets/tradingview/2023-12/2023-12-07_13h10_msg10018_q2ESTYea.png,10018,2023-12-07T13:10:38,,4h,2023-12-07T13:10:00,,,,,103.924,,106.0 105.5 105.0 103.5 103.0 102.5 102.0 101.839 101.0 100.5 104.574 101.5
assets/tradingview/2023-12/2023-12-07_13h12_msg10020_zTxg0ldb.png,10020,2023-12-07T13:12:05,EURUSD,4h,2023-12-07T13:11:00,,,,,,1.07688,1.1 1.095 1.085 1.08 1.07 1.06416 1.06 1.055 1.05 1.09122 1.08657
ChatExport_2026-10-01/photos/photo_2432@08-12-2023_02-28-21.jpg,10026,2023-12-08T02:28:21,,,,,,,,,1.07838,1.096 1.094 1.092 1.09 1.088 1.086 1.084 1.082 1.08 1.076 1.074 1.072
assets/tradingview/2023-12/2023-12-08_12h57_msg10031_uEt1buUr.png,10031,2023-12-08T12:57:12,EURUSD,,2023-12-08T12:56:00,1.07508,1.07008,1.09092,achat,1.09092,1.07774 1.07008,1.096 1.076 1.072 1.068 1.066 1.064 1.094 1.092 1.09 1.088 1.086 1.084 1.082 1.08 1.07508
assets/tradingview/2023-12/2023-12-08_13h54_msg10036_cXQv8zIP.png,10036,2023-12-08T13:54:28,,,2023-12-08T13:54:00,,,,,103.902,,105.4 105.2 105.0 104.8 104.4 104.2 3.6 3.4 3.2 3.0 2.8 2.6 2.4 2.2 2.0 101.839 101.6 101.4 104.574 104.0 103.6 103.4 103.2 103.0 102.8 102.6 102.4 102.2 102.0
ChatExport_2026-10-01/photos/photo_2435@09-12-2023_01-31-59.jpg,10041,2023-12-09T01:31:59,,,,,,,,,1.07952,1.1 1.095 1.09 1.085 1.07 1.06 1.09122 1.08657
assets/tradingview/2023-12/2023-12-09_01h32_msg10042_px58xX7V.png,10042,2023-12-09T01:32:28,EURUSD,1D,2023-12-09T01:32:00,,,,,,,1.1 1.095 1.085 1.08 1.07 1.06 1.055 1.05 1.09122 1.08657 1.0656
assets/tradingview/2023-12/2023-12-09_01h33_msg10044_XlhLbLgm.png,10044,2023-12-09T01:33:59,EURUSD,,2023-12-09T01:33:00,,,,,,,1.1 1.095 1.08657 1.085 1.08 1.07 1.06 1.055 1.05 1.09122 1.0656
ChatExport_2026-10-01/photos/photo_2437@12-12-2023_15-01-08.jpg,10053,2023-12-12T15:01:08,,,,,,,,,,
ChatExport_2026-10-01/photos/photo_2438@13-12-2023_20-19-17.jpg,10055,2023-12-13T20:19:17,,,,,,,,1.08817,,1.115 1.11 1.105 1.1 1.095 1.09122 1.08657 1.08 1.07 1.06 1.055 1.05 1.045 1.04 1.035 1.0656
ChatExport_2026-10-01/photos/photo_2440@13-12-2023_21-28-07.jpg,10064,2023-12-13T21:28:07,,,,,,,,,,
assets/tradingview/2023-12/2023-12-16_17h53_msg10078_KgKtyTTj.png,10078,2023-12-16T17:53:54,AUDUSD,4h,2023-12-16T17:53:00,,,,,,0.66996,0.68 0.675 0.665 0.66 0.655 0.65 0.645 0.64 0.635 0.63 0.625 0.62 0.615
assets/tradingview/2023-12/2023-12-16_18h08_msg10081_fGwgUTp9.png,10081,2023-12-16T18:08:50,,1D,2023-12-16T18:08:00,,,,,,,107.5 107.0 106.5 106.0 105.5 105.0 104.0 103.5 103.0 102.0 101.5 100.5 100.0 99.5 99.0 98.5 98.0 104.574 101.0
assets/tradingview/2023-12/2023-12-16_18h15_msg10085_386YtX1g.png,10085,2023-12-16T18:15:42,EURUSD,1D,2023-12-16T18:15:00,,,,,,1.08937 1.07618,1.13 1.08319 1.125 1.12 1.115 1.11 1.095 1.08 1.07 1.065 1.06 1.055 1.05 1.045 1.04
ChatExport_2026-10-01/photos/photo_2442@19-12-2023_08-05-06.jpg,10090,2023-12-19T08:05:06,,,,,,,,,,89.645 89.395 89.27 89.145 89.02 88.895 88.77 88.645 88.52 88.395 88.27 88.145 88.02 87.895 89.52
ChatExport_2026-10-01/photos/photo_2443@19-12-2023_12-31-08.jpg,10092,2023-12-19T12:31:08,NZDJPY,,,,,,,,,12.19 963.67 0.0
ChatExport_2026-10-01/photos/photo_2444@20-12-2023_14-48-58.jpg,10100,2023-12-20T14:48:58,EURUSD,,,,,,,,,957.35 0.0
ChatExport_2026-10-01/photos/photo_2445@20-12-2023_14-48-58.jpg,10101,2023-12-20T14:48:58,EURUSD,,,,,,,,,346.38 0.0
assets/tradingview/2023-12/2023-12-21_10h37_msg10113_wE5I2vTB.png,10113,2023-12-21T10:37:55,EURNZD,,2023-12-21T10:36:00,1.75501,1.76012,1.75222,vente,1.75222 1.74804 1.73639,1.76012,1.765 1.75 1.745 1.74 1.735 1.73 1.75501 1.755
assets/tradingview/2023-12/2023-12-21_10h38_msg10114_eFFZHAD3.png,10114,2023-12-21T10:38:24,EURNZD,15,2023-12-21T10:38:00,1.75501,1.76012,1.74804,vente,1.7513 1.74804,1.76012,1.768 1.766 1.764 1.762 1.758 1.75501 1.755 1.754 1.746 1.744 1.742 1.74 1.738 1.734 1.732 1.73
ChatExport_2026-10-01/photos/photo_2447@24-12-2023_12-24-49.jpg,10127,2023-12-24T12:24:49,EURUSD,,,,,,,,,76.68 0.0
ChatExport_2026-10-01/photos/photo_2448@24-12-2023_12-24-49.jpg,10128,2023-12-24T12:24:49,EURUSD,,,,,,,,,784.76 0.0
ChatExport_2026-10-01/photos/photo_2449@24-12-2023_15-29-05.jpg,10133,2023-12-24T15:29:05,,,,,,,,,,16.39 0.0
assets/tradingview/2023-12/2023-12-26_01h12_msg10148_3f9smlIp.png,10148,2023-12-26T01:12:03,,1D,2023-12-26T01:11:00,,,,,,101.636,105.5 105.0 104.0 103.5 103.0 102.5 102.0 101.0 100.5 100.0 99.5 99.0 98.5 104.574
ChatExport_2026-10-01/photos/photo_2452@27-12-2023_20-00-45.jpg,10165,2023-12-27T20:00:45,,,,,,,,,,6.5 6.0 5.5 105.0 104.0 103.5 3.0 2.5 2.0 1.5 100.5 100.0 99.5 99.0 98.5 106.5 106.0 105.5 103.0 102.5 102.0 101.5
ChatExport_2026-10-01/photos/photo_2453@28-12-2023_14-56-41.jpg,10168,2023-12-28T14:56:41,,,,,,,,,,102.5 102.0 101.5 101.0 100.5 100.0 99.5 99.0
ChatExport_2026-10-01/photos/photo_2455@28-12-2023_15-12-30.jpg,10175,2023-12-28T15:12:30,,,,,,,,,,1.115 1.07 1.065 1.055 1.105 1.1 1.09 1.085 1.08 1.06
ChatExport_2026-10-01/photos/photo_2456@28-12-2023_19-37-16.jpg,10179,2023-12-28T19:37:16,,,,,,,,,,103.0 102.5 102.0 101.5 107.0 100.5 100.0 99.5
ChatExport_2026-10-01/photos/photo_2458@29-12-2023_10-43-52.jpg,10185,2023-12-29T10:43:52,,,,,,,,,,1.14 1.13 1.12 1.135 1.125 1.115 1.11 1.095 1.09 1.085 1.08 1.07 1.065
ChatExport_2026-10-01/photos/photo_2459@29-12-2023_13-01-02.jpg,10190,2023-12-29T13:01:02,,,,,,,,,,
ChatExport_2026-10-01/photos/photo_2460@29-12-2023_13-01-02.jpg,10191,2023-12-29T13:01:02,EURUSD,,,,,,,,,1.10805 1.10555 1.10505 1.1048 1.10755 1.10705 1.1068 1.10655 1.1063 1.10605 1.1058
ChatExport_2026-10-01/photos/photo_2461@29-12-2023_13-01-03.jpg,10192,2023-12-29T13:01:03,,,,,,,,,,1.1103 1.1097 1.1085 1.1079 1.1073 1.1067 1.1061 1.1055 1.10485 1.1043 1.1037 1.1031
ChatExport_2026-10-01/photos/photo_2462@29-12-2023_13-01-03.jpg,10193,2023-12-29T13:01:03,GBPUSD,,,,,,,,,1.2711 1.2705 1.2771 1.2765 1.2759 1.2753 1.2741 1.2735 1.2729 1.2723
ChatExport_2026-10-01/photos/photo_2463@29-12-2023_13-01-03.jpg,10195,2023-12-29T13:01:03,,,,,,,,,,
ChatExport_2026-10-01/photos/photo_2464@29-12-2023_15-22-56.jpg,10197,2023-12-29T15:22:56,,,,,,,,,,
ChatExport_2026-10-01/photos/photo_2465@29-12-2023_15-31-13.jpg,10198,2023-12-29T15:31:13,,,,,,,,,,33.0
ChatExport_2026-10-01/photos/photo_2466@29-12-2023_18-00-27.jpg,10207,2023-12-29T18:00:27,EURNZD,,,,,,,,,12.29 186.28 0.0
ChatExport_2026-10-01/photos/photo_2468@01-01-2024_19-11-36.jpg,10232,2024-01-01T19:11:36,,,,,,,,,,1.14 1.135 1.13 1.125 1.12 1.115 1.11 1.095 1.09 1.085 1.08 1.07
assets/tradingview/2024-01/2024-01-02_01h02_msg10238_mCbTPPPm.png,10238,2024-01-02T01:02:14,EURUSD,1D,2024-01-02T01:00:00,,,,,1.10368,,1.135 1.13 1.125 1.12 1.115 1.095 1.09 1.085 1.08 1.075 1.07 1.11
assets/tradingview/2024-01/2024-01-02_01h04_msg10240_9G8CZYR5.png,10240,2024-01-02T01:04:10,EURUSD,1D,2024-01-02T01:03:00,,,,,1.10389,,1.125 1.12 1.115 1.11 1.105 1.095 1.09 1.085
ChatExport_2026-10-01/photos/photo_2469@02-01-2024_02-50-20.jpg,10245,2024-01-02T02:50:20,,,,,,,,,,1.118 1.12 1.116 1.114 1.112 1.11 1.108 1.106 1.104 1.098 1.096 1.094 1.092 1.09 1.088 1.086
ChatExport_2026-10-01/photos/photo_2470@02-01-2024_10-14-25.jpg,10246,2024-01-02T10:14:25,,,,,,,,,,1.12 1.115 1.11 1.105 1.095 1.09 1.085
ChatExport_2026-10-01/photos/photo_2471@02-01-2024_10-15-48.jpg,10247,2024-01-02T10:15:48,,,,,,,,,,24.67 96.27
ChatExport_2026-10-01/photos/photo_2472@02-01-2024_10-17-07.jpg,10249,2024-01-02T10:17:07,EURNZD,,,,,,,,,0.0 112.0
ChatExport_2026-10-01/photos/photo_2473@02-01-2024_13-29-57.jpg,10251,2024-01-02T13:29:57,,,,,,,,,,1.135 1.13 1.125 1.12 1.115 1.11 1.105 1.09 1.085
ChatExport_2026-10-01/photos/photo_2475@02-01-2024_13-38-35.jpg,10255,2024-01-02T13:38:35,,,,,,,,,,106.5 106.0 105.5 105.0 104.574 104.0 103.5 103.0 102.5 101.5 101.0 100.5 100.0 99.5 99.0 98.5 98.0 97.5
ChatExport_2026-10-01/photos/photo_2476@02-01-2024_19-28-31.jpg,10259,2024-01-02T19:28:31,,,,,,,,,,
ChatExport_2026-10-01/photos/photo_2477@03-01-2024_10-43-03.jpg,10272,2024-01-03T10:43:03,,,,,,,,,,185.5 85.0 84.5 184.0 183.5 183.0 182.0 81.5 81.0 180.5 79.5 79.0 178.5 78.0 77.5 185.0 184.5 181.5 181.0 179.5 179.0 178.0 177.5
ChatExport_2026-10-01/photos/photo_2479@03-01-2024_14-47-47.jpg,10288,2024-01-03T14:47:47,,,,,,,,,,238.97 0.0
ChatExport_2026-10-01/photos/photo_2480@03-01-2024_15-56-27.jpg,10295,2024-01-03T15:56:27,,,,,,,,,,
ChatExport_2026-10-01/photos/photo_2481@03-01-2024_15-57-18.jpg,10296,2024-01-03T15:57:18,NZDJPY,,,,,,,,,12.19 12.2 12.22 12.26 1.02 706.36 0.0
ChatExport_2026-10-01/photos/photo_2483@03-01-2024_16-50-32.jpg,10306,2024-01-03T16:50:32,GBPJPY,,,,,,,,,12.05 12.21 287.25 0.0 12.04 12.13 12.26
ChatExport_2026-10-01/photos/photo_2489@03-01-2024_19-12-49.jpg,10327,2024-01-03T19:12:49,,,,,,,,,,
ChatExport_2026-10-01/photos/photo_2494@04-01-2024_01-59-23.jpg,10344,2024-01-04T01:59:23,,,,,,,,,,12.27 12.29 1.02 1.04 95.88 0.0
assets/tradingview/2024-01/2024-01-04_18h01_msg10366_qm5Zydj7.png,10366,2024-01-04T18:01:00,EURUSD,1D,2024-01-04T17:58:00,,,,,,,1.125 1.12 1.115 1.11 1.105 1.09 1.085 1.08 1.075 1.07 1.065 1.06 1.055 1.05
ChatExport_2026-10-01/photos/photo_2501@05-01-2024_09-24-55.jpg,10373,2024-01-05T09:24:55,,,,,,,,,,1.108 1.106 1.104 1.102 1.098 1.096 1.094 1.09 1.088 1.086 1.084 1.082 1.08 1.078
ChatExport_2026-10-01/photos/photo_2502@05-01-2024_09-27-32.jpg,10374,2024-01-05T09:27:32,,,,,,,,,,1.11 1.08926 1.088 1.086 1.108 1.106 1.104 1.102 1.098 1.096 1.094 1.09 1.084 1.082 1.08
ChatExport_2026-10-01/photos/photo_2503@05-01-2024_13-46-04.jpg,10377,2024-01-05T13:46:04,,,,,,,,,,1.11 1.105 1.095 1.085 1.08 1.075
ChatExport_2026-10-01/photos/photo_2504@05-01-2024_15-59-58.jpg,10379,2024-01-05T15:59:58,,,,,,,,,,1.122 1.12 1.114 1.108 1.092 1.118 1.116 1.112 1.11 1.106 1.104 1.102 1.096 1.094 1.08926 1.088
ChatExport_2026-10-01/photos/photo_2505@05-01-2024_16-30-12.jpg,10385,2024-01-05T16:30:12,,,,,,,,,,1.086 1.08 1.114 1.112 1.11 1.108 1.106 1.104 1.102 1.098 1.094 1.092 1.08926 1.088 1.084 1.082
assets/tradingview/2024-01/2024-01-05_18h24_msg10387_NEX4Csqp.png,10387,2024-01-05T18:24:22,EURUSD,,2024-01-05T18:24:00,1.09957,1.10257,1.09373,vente,1.09373,1.10257 1.0938,1.106 1.104 1.102 1.09957 1.098 1.096 1.092 1.09 1.08926 1.088 1.086 1.084 1.082
ChatExport_2026-10-01/photos/photo_2508@07-01-2024_22-41-06.jpg,10416,2024-01-07T22:41:06,,,,,,,,,,1.768 1.764 1.762 1.758 1.766 1.756 1.754 1.75 1.748 1.746 1.744 1.742 1.74
ChatExport_2026-10-01/photos/photo_2509@07-01-2024_22-42-47.jpg,10417,2024-01-07T22:42:47,,,,,,,,,,1.15 1.145 1.14 1.135 1.13 1.125 1.14819 1.12
ChatExport_2026-10-01/photos/photo_2510@08-01-2024_01-20-21.jpg,10420,2024-01-08T01:20:21,,,,,,,,,,1.7584 1.75705 1.7557 1.75435 1.753 1.75165 1.7476 1.74625 1.7449 1.74355 1.7422 1.75975 1.7503 1.74895 1.74085
ChatExport_2026-10-01/photos/photo_2511@08-01-2024_01-21-02.jpg,10421,2024-01-08T01:21:02,,,,,,,,,,490.88 0.0
assets/tradingview/2024-01/2024-01-08_11h56_msg10424_TctiKqJ7.png,10424,2024-01-08T11:56:33,EURNZD,1h,2024-01-08T11:56:00,,,,,1.75955,,1.75947 1.756 1.774 1.772 1.77 1.768 1.766 1.764 1.762 1.754 1.752 1.75 1.748 1.746 1.744 1.742 1.74 1.738 1.736
ChatExport_2026-10-01/photos/photo_2516@11-01-2024_14-38-37.jpg,10432,2024-01-11T14:38:37,,,,,,,,1.00658,,1.104 1.103 1.102 1.101 1.099 1.098 1.097 1.095 1.094 1.093 1.092 1.091 1.09 1.089 1.088
ChatExport_2026-10-01/photos/photo_2522@18-01-2024_16-18-05.jpg,10470,2024-01-18T16:18:05,,,,,,,,,,
ChatExport_2026-10-01/photos/photo_2523@18-01-2024_18-17-24.jpg,10472,2024-01-18T18:17:24,,,,,,,,,,
ChatExport_2026-10-01/photos/photo_2524@18-01-2024_18-18-42.jpg,10473,2024-01-18T18:18:42,,,,,,,,,,
ChatExport_2026-10-01/photos/photo_2525@18-01-2024_18-19-17.jpg,10475,2024-01-18T18:19:17,,,,,,,,,,
ChatExport_2026-10-01/photos/photo_2530@22-01-2024_13-10-11.jpg,10488,2024-01-22T13:10:11,,,,,,,,,,259.31 0.0
ChatExport_2026-10-01/photos/photo_2531@22-01-2024_13-10-11.jpg,10489,2024-01-22T13:10:11,,,,,,,,,,73.28 0.0
ChatExport_2026-10-01/photos/photo_2532@23-01-2024_06-20-48.jpg,10494,2024-01-23T06:20:48,,,,,,,,,,188.87 188.81 188.75 188.63 188.57 188.51 188.45 188.39 188.33 188.27 188.21 188.15 188.09 188.03
ChatExport_2026-10-01/photos/photo_2533@23-01-2024_06-21-23.jpg,10495,2024-01-23T06:21:23,,,,,,,,,,29.91 17.73 9.91
ChatExport_2026-10-01/photos/photo_2534@23-01-2024_06-58-00.jpg,10496,2024-01-23T06:58:00,GBPJPY,,,,,,,,,1.23 54.46 0.0
ChatExport_2026-10-01/photos/photo_2535@23-01-2024_07-00-13.jpg,10498,2024-01-23T07:00:13,,,,,,,,,,188.92 188.62 188.52 188.42 188.32 188.22 188.12 188.02 187.92 187.82 187.72 187.62 187.52 188.82 188.72
ChatExport_2026-10-01/photos/photo_2536@23-01-2024_12-23-58.jpg,10504,2024-01-23T12:23:58,,,,,,,,,,99.0 98.8 98.6 98.4 98.2 98.0 97.8 97.6 97.2 97.0 96.8 96.6 96.4 96.2 96.0 95.8 95.6
ChatExport_2026-10-01/photos/photo_2537@24-01-2024_09-01-15.jpg,10510,2024-01-24T09:01:15,,,,,,,,,98.002,99.0 98.5 97.0 96.0 95.5
ChatExport_2026-10-01/photos/photo_2538@24-01-2024_14-26-04.jpg,10512,2024-01-24T14:26:04,,,,,,,,,,70.5 70.0 69.5 69.0 68.5 67.5 67.0 66.5
ChatExport_2026-10-01/photos/photo_2539@24-01-2024_14-28-07.jpg,10513,2024-01-24T14:28:07,AUDJPY,,,96.5,97.985,94.992,vente,94.992,97.985,98.5 96.5 96.0 95.5 94.5
ChatExport_2026-10-01/photos/photo_2542@25-01-2024_18-58-55.jpg,10529,2024-01-25T18:58:55,,,,,,,,,,100.0 99.5 99.0 98.5 96.5 96.0 94.5 94.0 93.5 93.0 92.0
ChatExport_2026-10-01/photos/photo_2543@31-01-2024_14-46-19.jpg,10543,2024-01-31T14:46:19,,,,,,,,,,1.8 1.76 1.75 1.73938 1.73 1.84 1.83 1.82 1.81 1.79 1.78
assets/tradingview/2024-01/2024-01-31_14h46_msg10544_ARb9mJeb.png,10544,2024-01-31T14:46:50,EURNZD,4h,2024-01-31T14:46:00,,,,,,,1.79 1.785 1.78 1.77 1.765 1.76 1.755 1.75 1.745 1.74
assets/tradingview/2024-01/2024-01-31_14h52_msg10546_8Jyt5JCt.png,10546,2024-01-31T14:52:18,NZDUSD,1D,2024-01-31T14:52:00,,,,,0.61668,,0.63 0.628 0.626 0.624 0.622 0.62 0.618 0.612 0.61 0.608 0.604 0.6 0.594 0.592 0.59 0.588 0.586 0.632 0.61489 0.606 0.602 0.598 0.596
ChatExport_2026-10-01/photos/photo_2544@31-01-2024_15-52-55.jpg,10549,2024-01-31T15:52:55,,,,,,,,,,97.51 97.41 97.36 97.21 97.16 97.11 97.06 96.96 96.91 96.86 96.81 20.755 97.46 97.31 97.01
ChatExport_2026-10-01/photos/photo_2545@31-01-2024_16-06-04.jpg,10554,2024-01-31T16:06:04,,,,,,,,,,15.81 0.0
assets/tradingview/2024-02/2024-02-01_08h37_msg10561_uchaXF0I.png,10561,2024-02-01T08:37:18,AUDJPY,4h,2024-02-01T08:36:00,,,,,94.969,95.746,98.5 97.441 97.0 96.5 96.0 95.5 94.5 94.0 93.5
assets/tradingview/2024-02/2024-02-01_08h38_msg10564_dWadfBoM.png,10564,2024-02-01T08:38:38,NZDUSD,1D,2024-02-01T08:38:00,,,,,,0.6 0.60926,0.635 0.63 0.625 0.62 0.605 0.6 0.595 0.61489
assets/tradingview/2024-02/2024-02-01_08h45_msg10567_0hlCtyCp.png,10567,2024-02-01T08:45:08,GBPUSD,1D,2024-02-01T08:45:00,,,,,,1.26546,1.285 1.28 1.275 1.27 1.26 1.255 1.25 1.245 1.24 1.235 1.23 1.225 1.22 1.215 1.21 1.205
assets/tradingview/2024-02/2024-02-01_08h48_msg10569_JGpFjczF.png,10569,2024-02-01T08:48:10,GBPUSD,1D,2024-02-01T08:48:00,,,,,,1.26538,1.285 1.28 1.275 1.27 1.26 1.255 1.25 1.245 1.24 1.235 1.23 1.225 1.22 1.215 1.21 1.205
ChatExport_2026-10-01/photos/photo_2547@01-02-2024_08-53-13.jpg,10572,2024-02-01T08:53:13,,,,,,,,,,474.4 16.73 65.76 950.97 66.8
ChatExport_2026-10-01/photos/photo_2548@01-02-2024_12-06-00.jpg,10579,2024-02-01T12:06:00,GBPAUD,,,,,,,,,89.37 0.0
ChatExport_2026-10-01/photos/photo_2549@01-02-2024_12-06-00.jpg,10580,2024-02-01T12:06:00,GBPAUD,,,,,,,,,674.88 0.0
ChatExport_2026-10-01/photos/photo_2550@01-02-2024_12-06-53.jpg,10581,2024-02-01T12:06:53,,,,,,,,,,98.81 934.95
ChatExport_2026-10-01/photos/photo_2551@01-02-2024_12-06-53.jpg,10582,2024-02-01T12:06:53,GBPJPY,,,,,,,,,1.23 1.31 246.73 0.0
ChatExport_2026-10-01/photos/photo_2552@01-02-2024_12-07-40.jpg,10584,2024-02-01T12:07:40,AUDJPY,,,,,,,,,1.3 134.52 0.0
ChatExport_2026-10-01/photos/photo_2553@01-02-2024_12-07-40.jpg,10585,2024-02-01T12:07:40,AUDJPY,,,,,,,,,1.3 213.71 0.0
ChatExport_2026-10-01/photos/photo_2554@01-02-2024_12-15-37.jpg,10589,2024-02-01T12:15:37,,,,,,,,,,187.5 187.35 187.2 187.05 186.9 186.75 186.6 186.45 186.15 186.0 185.85 185.55 185.4
ChatExport_2026-10-01/photos/photo_2555@01-02-2024_12-46-43.jpg,10592,2024-02-01T12:46:43,,,,,,,,,,2.01 707.77 0.0
ChatExport_2026-10-01/photos/photo_2558@02-02-2024_10-17-39.jpg,10597,2024-02-02T10:17:39,NZDUSD,,,0.61723,0.62269,0.60547,vente,0.61489 0.61575 0.60547,0.62269,0.65 0.645 0.64 0.635 0.63 0.625 0.61723 0.61 0.6 0.595 0.59 0.585 0.58
ChatExport_2026-10-01/photos/photo_2559@02-02-2024_10-20-33.jpg,10599,2024-02-02T10:20:33,,,,,,,,,,
assets/tradingview/2024-02/2024-02-02_13h32_msg10607_3tHcDKLO.png,10607,2024-02-02T13:32:49,,1h,2024-02-02T13:32:00,,,,,103.411,,104.6 104.4 104.2 104.0 103.8 103.6 103.2 103.0 102.8 102.6 102.4 102.2 102.0 104.271
assets/tradingview/2024-02/2024-02-02_13h36_msg10609_1zaEiMVA.png,10609,2024-02-02T13:36:44,NZDUSD,4h,2024-02-02T13:36:00,,,,,,0.6099,0.63 0.625 0.62 0.605 0.6 0.595 0.59 0.61489
assets/tradingview/2024-02/2024-02-05_16h54_msg10616_222uzJTr.png,10616,2024-02-05T16:54:12,EURNZD,4h,2024-02-05T16:53:00,1.77514,1.76996,1.79981,achat,1.79981 1.775,1.76996,1.77514 1.805 1.795 1.79 1.785 1.78 1.765 1.76 1.755 1.75 1.745
assets/tradingview/2024-02/2024-02-06_03h33_msg10619_AYwDHnCK.png,10619,2024-02-06T03:33:53,AUDJPY,,2024-02-06T03:32:00,96.488,96.259,96.674,achat,96.674 96.961,96.259,97.6 97.4 97.2 96.8 96.4 96.2 96.0 95.8 95.6 95.4 96.488
assets/tradingview/2024-02/2024-02-06_12h43_msg10625_djDvqAG0.png,10625,2024-02-06T12:43:41,AUDUSD,,2024-02-06T12:43:00,0.65196,0.65458,0.63943,vente,0.63943,0.65458 0.64937,0.656 0.654 0.65196 0.6504 0.648 0.646 0.644 0.642 0.64 0.638
assets/tradingview/2024-02/2024-02-06_12h44_msg10628_HrasZVSx.png,10628,2024-02-06T12:44:24,EURNZD,1h,2024-02-06T12:44:00,,,,,,1.77293 1.76981,1.782 1.78 1.778 1.776 1.774 1.768 1.766 1.764 1.762 1.76 1.758 1.77499
ChatExport_2026-10-01/photos/photo_2560@06-02-2024_13-40-52.jpg,10630,2024-02-06T13:40:52,,,,,,,,,,
ChatExport_2026-10-01/photos/photo_2561@08-02-2024_12-52-17.jpg,10638,2024-02-08T12:52:17,AUDUSD,,,,,,,,,0.661 0.6601 0.6592 0.6583 0.6574 0.6565 0.6556 0.6547 0.6511 0.6493 0.6484 0.6475 0.6538 0.6529 0.6502
ChatExport_2026-10-01/photos/photo_2562@08-02-2024_12-54-26.jpg,10640,2024-02-08T12:54:26,,,,,,,,,,1.285 1.255 1.245 1.24 1.28 1.275 1.27 1.265 1.235 1.23
assets/tradingview/2024-02/2024-02-08_12h54_msg10641_FBQWmQ7y.png,10641,2024-02-08T12:54:42,,,2024-02-08T12:54:00,,,,,,1.25962,1.275 1.27 1.265 1.255 1.245 1.24 1.235 1.23 1.225
assets/tradingview/2024-02/2024-02-13_11h31_msg10677_11Wmy7OD.png,10677,2024-02-13T11:31:23,EURUSD,4h,2024-02-13T11:31:00,1.07954,1.08716,1.07092,vente,1.07796 1.07092,1.08716,1.092 1.09 1.088 1.086 1.084 1.082 1.07954 1.076 1.074 1.07 1.068 1.066 1.064 1.08312 1.07233
ChatExport_2026-10-01/photos/photo_2590@13-02-2024_13-31-40.jpg,10679,2024-02-13T13:31:40,,,,,,,,,,1.27615 1.2745 1.27285 1.2712 1.26955 1.2679 1.26625 1.2646 1.26295 1.25965 1.258 1.25635 1.2547 1.25305
assets/tradingview/2024-02/2024-02-13_13h32_msg10680_S1XIA1kg.png,10680,2024-02-13T13:32:01,EURUSD,4h,2024-02-13T13:31:00,1.08312,1.08716,1.07092,vente,1.07092,1.08716 1.07316,1.096 1.08312 1.07233 1.068 1.066 1.064 1.062 1.094 1.092 1.09 1.088 1.086 1.084 1.082 1.07954 1.078 1.076 1.074
ChatExport_2026-10-01/photos/photo_2591@13-02-2024_13-33-37.jpg,10682,2024-02-13T13:33:37,,,,,,,,,,4.74
assets/tradingview/2024-02/2024-02-13_13h48_msg10685_hdvtlof2.png,10685,2024-02-13T13:48:19,GBPUSD,4h,2024-02-13T13:48:00,1.26766,1.2716,1.25219,vente,1.25219,1.2716 1.25929,1.29 1.285 1.28 1.27 1.26766 1.265 1.255 1.25 1.245 1.24 1.235
ChatExport_2026-10-01/photos/photo_2593@21-02-2024_15-39-42.jpg,10697,2024-02-21T15:39:42,,,,,,,,,,1.094 1.092 1.09 1.088 1.086 1.084 1.078 1.076 1.074 1.072 1.07 1.068 1.066 1.064 1.062 1.06 1.058 1.056
assets/tradingview/2024-02/2024-02-29_10h35_msg10722_qRK1hv3B.png,10722,2024-02-29T10:35:52,GBPUSD,4h,2024-02-29T10:33:00,1.26923,1.27126,1.26679,vente,1.26679 1.24986,1.27126,1.28 1.275 1.26923 1.26621 1.26 1.255 1.245
assets/tradingview/2024-03/2024-03-01_14h59_msg10730_RbRDaMZX.png,10730,2024-03-01T14:59:12,GBPUSD,1h,2024-03-01T14:59:00,,,,,1.25046 1.25016,1.26716 1.26676,1.274 1.272 1.27 1.26705 1.266 1.264 1.262 1.258 1.256 1.254 1.252 1.248 1.246 1.244 1.242 1.24 1.238
ChatExport_2026-10-01/photos/photo_2604@01-03-2024_14-59-56.jpg,10731,2024-03-01T14:59:56,GBPUSD,,,,,,,,,1.2702 1.2691 1.268 1.2669 1.2658 1.2647 1.2636 1.2625 1.2614 1.2592 1.2581 1.257 1.2559 1.2548
ChatExport_2026-10-01/photos/photo_2605@01-03-2024_15-03-18.jpg,10732,2024-03-01T15:03:18,GBPUSD,,,,,,,,,3.01 986.1 0.0
ChatExport_2026-10-01/photos/photo_2607@14-03-2024_14-21-04.jpg,10768,2024-03-14T14:21:04,AUDUSD,,,,,,,,,0.6636 0.6632 0.6628 0.6624 0.662 0.6616 0.6612 0.6608 0.6604 0.66 0.6596 0.6588 0.658 0.6584
ChatExport_2026-10-01/photos/photo_2608@14-03-2024_14-21-59.jpg,10769,2024-03-14T14:21:59,EURUSD,,,,,,,,,1.09034 1.0961 1.0957 1.0953 1.0949 1.0945 1.0941 1.0937 1.0929 1.0925 1.0921 1.0917 1.0913 1.0909 1.0905
assets/tradingview/2024-03/2024-03-18_15h40_msg10779_zLV1n17Z.png,10779,2024-03-18T15:40:06,AUDJPY,4h,2024-03-18T15:39:00,,,,,99.015,97.895,99.6 99.4 99.2 98.8 98.6 98.4 98.2 98.0 97.4 97.0 96.8 96.6 96.4 96.2 97.598
assets/tradingview/2024-03/2024-03-18_16h00_msg10788_zVG4fjYh.png,10788,2024-03-18T16:00:36,,1D,2024-03-18T16:00:00,,,,,,,0.635 0.63 0.625 0.62 0.615 0.61 0.6 0.595 0.59 0.585 0.58 0.565 0.605 0.575 0.57
ChatExport_2026-10-01/photos/photo_2609@19-03-2024_04-49-05.jpg,10794,2024-03-19T04:49:05,AUDJPY,,,97.601,97.28,98.267,achat,98.267,97.28,99.4 99.2 99.0 98.8 98.6 98.4 97.8 97.601 97.4 97.2 97.0 96.8 98.2 98.0
ChatExport_2026-10-01/photos/photo_2610@19-03-2024_12-26-57.jpg,10797,2024-03-19T12:26:57,AUDJPY,,,97.601,97.28,98.2,achat,98.2,97.28,98.6 98.4 95.0 97.8 97.601 97.4 97.2 97.0 96.8 98.0
assets/tradingview/2024-03/2024-03-19_12h35_msg10801_Hozr24Cz.png,10801,2024-03-19T12:35:58,NZDUSD,4h,2024-03-19T12:35:00,,,,,,,0.63 0.625 0.62 0.615 0.61 0.6 0.595 0.59 0.585 0.58
assets/tradingview/2024-03/2024-03-19_12h38_msg10803_w4T7z5up.png,10803,2024-03-19T12:38:08,,4h,2024-03-19T12:38:00,,,,,,,0.63 0.628 0.626 0.624 0.622 0.62 0.618 0.616 0.614 0.612 0.61 0.608 0.606 0.602 0.6 0.598 0.596 0.594
ChatExport_2026-10-01/photos/photo_2614@20-03-2024_05-49-47.jpg,10811,2024-03-20T05:49:47,,,,,,,,,97.28,100.0 99.5 98.5 98.0 97.601 97.0 96.5 96.0 97.5
ChatExport_2026-10-01/photos/photo_2615@20-03-2024_08-57-07.jpg,10813,2024-03-20T08:57:07,,,,,,,,,,106.5 6.0 5.5 5.0 104.5 103.5 3.0 2.5 2.0 1.5 101.0 100.5 99.5 99.0 106.0 105.5 105.0 103.0 102.5 102.0 101.5 100.0
ChatExport_2026-10-01/photos/photo_2616@20-03-2024_09-05-25.jpg,10817,2024-03-20T09:05:25,GBPUSD,,,,,,,,,
ChatExport_2026-10-01/photos/photo_2617@21-03-2024_20-01-33.jpg,10821,2024-03-21T20:01:33,,,,,,,,,1.27898,1.28 1.278 1.272 1.27 1.268 1.264 1.258 1.29 1.288 1.286 1.284 1.282 1.262 1.26
ChatExport_2026-10-01/photos/photo_2618@21-03-2024_20-01-44.jpg,10822,2024-03-21T20:01:44,,,,,,,,1.26656,,1.295 1.29 1.285 1.27587 1.27 1.26 1.255 1.25 1.245
assets/tradingview/2024-03/2024-03-22_03h24_msg10825_Nrrfr4hw.png,10825,2024-03-22T03:24:33,NZDJPY,4h,2024-03-22T03:23:00,91.067,90.762,92.799,achat,92.799,91.226 90.762,93.6 93.4 93.2 93.0 92.6 92.4 92.2 92.0 91.8 91.6 91.4 91.067 90.6 90.4 90.2
ChatExport_2026-10-01/photos/photo_2619@27-03-2024_18-37-57.jpg,10827,2024-03-27T18:37:57,,,,,,,,,,
assets/tradingview/2024-03/2024-03-28_15h37_msg10829_j6gI8gwA.png,10829,2024-03-28T15:37:38,EURUSD,1h,2024-03-28T15:37:00,,,,,1.08021,,1.094 1.092 1.09 1.088 1.086 1.084 1.082 1.078 1.076 1.074 1.072 1.07 1.068
assets/tradingview/2024-04/2024-04-01_15h10_msg10843_TqyEsx0F.png,10843,2024-04-01T15:10:54,NZDUSD,4h,2024-04-01T15:09:00,,,,,,0.59455,0.635 0.63 0.625 0.62 0.615 0.61 0.605 0.6 0.59 0.585 0.58
assets/tradingview/2024-04/2024-04-02_11h46_msg10845_hHodGN1G.png,10845,2024-04-02T11:46:08,,4h,2024-04-02T11:45:00,,,,,104.935,,2.8 2.6 2.4 2.2 2.0 1.8 106.6 106.4 106.2 106.0 105.8 105.6 105.4 105.2 104.6 104.4 104.2 104.0 103.8 103.6 103.4 103.2 103.0 102.8 102.6 102.4 102.2 102.0 101.8
assets/tradingview/2024-04/2024-04-02_12h01_msg10853_6fqvJXxl.png,10853,2024-04-02T12:01:28,GBPJPY,4h,2024-04-02T12:01:00,190.439,190.03,193.363,achat,193.363 190.716,190.03,95.5 95.0 94.5 94.0 93.0 92.5 92.0 91.5 91.0 190.439 189.5 189.0 88.5 188.0 187.5 187.0 195.5 195.0 194.5 194.0 193.506 193.0 192.5 192.0 191.5 191.0 188.5
ChatExport_2026-10-01/photos/photo_2621@03-04-2024_14-11-37.jpg,10860,2024-04-03T14:11:37,,,,,,,,,,190.6 190.3 190.2
assets/tradingview/2024-04/2024-04-03_14h12_msg10861_gsUpzWMI.png,10861,2024-04-03T14:12:06,GBPJPY,1D,2024-04-03T14:11:00,190.439,190.03,193.462,achat,193.462 191.171,190.03,193.0 192.5 192.0 191.5 190.439 189.5 189.0 188.5 188.0 187.5 187.0 186.5 186.0 185.5 185.0 184.5
ChatExport_2026-10-01/photos/photo_2622@03-04-2024_15-16-28.jpg,10862,2024-04-03T15:16:28,GBPJPY,,,,,,,,,191.6 191.4 191.2 191.0 190.8 190.6 190.4 190.2 190.0 189.8
ChatExport_2026-10-01/photos/photo_2623@03-04-2024_16-35-26.jpg,10865,2024-04-03T16:35:26,,,,,,,,,,
assets/tradingview/2024-04/2024-04-03_17h17_msg10869_txdqPhmD.png,10869,2024-04-03T17:17:28,NZDUSD,1D,2024-04-03T17:17:00,,,,,,,0.63 0.625 0.62 0.615 0.61 0.605 0.595 0.59 0.585 0.58
assets/tradingview/2024-04/2024-04-03_17h23_msg10875_n5OEM26i.png,10875,2024-04-03T17:23:57,,1D,2024-04-03T17:23:00,,,,,,,106.0 105.5 105.0 104.5 104.0 103.0 102.5 102.0 101.5
ChatExport_2026-10-01/photos/photo_2624@04-04-2024_14-49-14.jpg,10880,2024-04-04T14:49:14,,,,,,,,,,192.0 190.2 189.8 191.6 191.2 190.6 190.4
ChatExport_2026-10-01/photos/photo_2625@05-04-2024_01-25-17.jpg,10887,2024-04-05T01:25:17,,,,,,,,1.07905,,1.092 1.09 1.088 1.08 1.078 1.096 1.094 1.082 1.076 1.074
ChatExport_2026-10-01/photos/photo_2626@05-04-2024_12-34-03.jpg,10889,2024-04-05T12:34:03,,,,,,,,1.07926,,1.086 1.08376 1.083 1.082 1.081 1.078 1.077 1.09 1.089 1.088 1.087
ChatExport_2026-10-01/photos/photo_2627@05-04-2024_12-34-20.jpg,10890,2024-04-05T12:34:20,EURUSD,,,,,,,,,1.088 1.087 1.086 1.084 1.078 1.083 1.082 1.079 1.076
ChatExport_2026-10-01/photos/photo_2628@05-04-2024_13-56-31.jpg,10893,2024-04-05T13:56:31,,,,,,,,1.07926,,1.088 1.087 1.083 1.081 1.078 1.077 1.076 1.086 1.08376 1.082
assets/tradingview/2024-04/2024-04-05_14h06_msg10899_z1YvVr6K.png,10899,2024-04-05T14:06:00,,1W,2024-04-05T14:05:00,,,,,1.08013 1.07926,1.08525,1.076 1.074 1.072 1.096 1.094 1.092 1.09 1.088 1.08376 1.082
ChatExport_2026-10-01/photos/photo_2629@05-04-2024_14-37-08.jpg,10906,2024-04-05T14:37:08,,,,,,,,,,
ChatExport_2026-10-01/photos/photo_2630@05-04-2024_15-43-11.jpg,10909,2024-04-05T15:43:11,,,,,,,,1.07926,,1.09 1.082 1.081 1.08 1.078 1.091 1.089 1.088 1.087 1.086 1.077 1.076 1.075
ChatExport_2026-10-01/photos/photo_2631@08-04-2024_13-36-17.jpg,10919,2024-04-08T13:36:17,,,,,,,,,,
assets/tradingview/2024-04/2024-04-10_00h58_msg10928_XpwcVPCB.png,10928,2024-04-10T00:58:40,NZDJPY,1D,2024-04-10T00:58:00,92.505,92.805,91.972,vente,91.972 91.492,92.805,93.5 93.0 91.0 90.5 89.5 92.505
ChatExport_2026-10-01/photos/photo_2632@10-04-2024_13-05-57.jpg,10932,2024-04-10T13:05:57,,,,,,,,,,93.5 93.0 92.5 92.0 91.0 90.5
ChatExport_2026-10-01/photos/photo_2633@10-04-2024_13-11-05.jpg,10934,2024-04-10T13:11:05,,,,,,,,,,105.6 5.4 5.2 5.0 104.6 4.4 4.2 104.0 103.923 3.8 3.6 103.4 3.2 103.0 105.4 105.2 105.0 104.4 104.2 103.8 103.6 103.2
ChatExport_2026-10-01/photos/photo_2634@10-04-2024_13-51-01.jpg,10940,2024-04-10T13:51:01,,,,,,,,,,
ChatExport_2026-10-01/photos/photo_2635@10-04-2024_16-00-57.jpg,10946,2024-04-10T16:00:57,,,,,,,,,,1.096 1.094 1.09 1.08685 1.08625 1.084 1.082 1.07 1.068 1.064 1.06 1.092 1.08 1.078 1.076 1.066 1.062
assets/tradingview/2024-04/2024-04-11_02h31_msg10952_CcYp1KxV.png,10952,2024-04-11T02:31:03,AUDUSD,1D,2024-04-11T02:30:00,,,,,,,0.68 0.675 0.67 0.665 0.64 0.635 0.63 0.625 0.62 0.65915 0.65497 0.64421
ChatExport_2026-10-01/photos/photo_2636@11-04-2024_14-35-46.jpg,10954,2024-04-11T14:35:46,,,,,,,,,,0.68 0.675 0.67 0.665 0.65915 0.64421 0.64 0.635 0.63 0.65497
ChatExport_2026-10-01/photos/photo_2637@12-04-2024_08-43-01.jpg,10961,2024-04-12T08:43:01,,,,,,,,,1.91787,1.93 1.924 1.92041 1.91902 1.932 1.926 1.922 1.916 1.914 1.912
ChatExport_2026-10-01/photos/photo_2638@12-04-2024_13-05-19.jpg,10962,2024-04-12T13:05:19,,,,,,,,,1.91787,1.936 1.934 1.924 11.92041 1.916 1.912 1.91 1.932 1.93 1.926 1.91902 1.914
ChatExport_2026-10-01/photos/photo_2639@12-04-2024_13-45-37.jpg,10963,2024-04-12T13:45:37,GBPAUD,,,,,,,,,1.926 1.924 1.922 1.9215 1.921 1.9195 1.9205 1.918
ChatExport_2026-10-01/photos/photo_2641@12-04-2024_16-05-37.jpg,10965,2024-04-12T16:05:37,,,,,,,,,,
ChatExport_2026-10-01/photos/photo_2642@12-04-2024_16-47-33.jpg,10969,2024-04-12T16:47:33,GBPAUD,,,,,,,,,1.926 1.922 1.9215 1.921 1.92 1.9195 1.9245 1.924 1.9235 1.9225 1.9205 1.918 1.917
ChatExport_2026-10-01/photos/photo_2643@12-04-2024_17-22-10.jpg,10974,2024-04-12T17:22:10,,,,,,,,,,
assets/tradingview/2024-04/2024-04-12_17h35_msg10979_C4H87lvv.png,10979,2024-04-12T17:35:57,NZDJPY,4h,2024-04-12T17:33:00,,,,,90.831,90.9,94.5 92.0 90.5 89.5 89.0
ChatExport_2026-10-01/photos/photo_2649@15-04-2024_02-00-16.jpg,10999,2024-04-15T02:00:16,,,,,,,,,90.695,93.0 92.5 92.0 91.5 91.038 90.5 89.5 89.0
ChatExport_2026-10-01/photos/photo_2650@15-04-2024_02-01-44.jpg,11001,2024-04-15T02:01:44,,,,,,,,,,791.6
ChatExport_2026-10-01/photos/photo_2651@15-04-2024_04-13-36.jpg,11002,2024-04-15T04:13:36,,,,,,,,,90.695,93.0 92.5 92.0 91.038 90.5 89.5 89.0
ChatExport_2026-10-01/photos/photo_2652@15-04-2024_04-14-32.jpg,11003,2024-04-15T04:14:32,,,,,,,,,,
assets/tradingview/2024-04/2024-04-15_18h54_msg11005_XjuUqE6r.png,11005,2024-04-15T18:54:44,USDJPY,30,2024-04-15T18:54:00,,,,,,,55.4 54.6 54.4 154.0 151.8 151.6 151.4 155.4 155.2 155.0 154.8 154.6 154.4 153.8 153.6 153.4 153.2 153.0 152.8 152.6 152.4 152.2
ChatExport_2026-10-01/photos/photo_2653@15-04-2024_18-58-15.jpg,11008,2024-04-15T18:58:15,NZDJPY,,,,,,,,,
assets/tradingview/2024-04/2024-04-15_19h04_msg11009_dSOq1oyr.png,11009,2024-04-15T19:04:38,AUDJPY,4h,2024-04-15T19:04:00,,,,,,98.908 99.332,1.4 1.2 1.0 100.0 99.8 99.6 99.212 99.0 98.8 98.6 98.4 98.2 98.0 97.8 97.6 97.4 97.2 97.0 96.8 101.4 101.2 101.0 100.8 100.6 100.4
ChatExport_2026-10-01/photos/photo_2655@16-04-2024_02-12-20.jpg,11012,2024-04-16T02:12:20,,,,,,,,,1.91787,1.955 1.92055 1.915 1.91 1.95 1.945 1.94 1.93 1.925
ChatExport_2026-10-01/photos/photo_2656@16-04-2024_09-57-17.jpg,11014,2024-04-16T09:57:17,,,,,,,,,98.858,1.0 100.8 100.0 99.8 99.6 99.4 99.212 99.0 98.6 98.4 98.2 98.0 101.0 100.6 100.4 98.785
ChatExport_2026-10-01/photos/photo_2657@16-04-2024_13-24-48.jpg,11015,2024-04-16T13:24:48,,,,,,,,,,1.96 1.95 1.935 1.93 1.925 1.92055 1.915 1.91 1.905 1.9 1.895 1.97 1.965 1.955
ChatExport_2026-10-01/photos/photo_2658@16-04-2024_15-48-28.jpg,11017,2024-04-16T15:48:28,,,,,,,,,,154.8 54.4 54.2 54.0 53.8 53.6 53.4 53.2 53.0 52.8 52.6 152.4 154.4 154.2 154.0 153.8 153.6 153.4 153.2 153.0 152.8 152.6
ChatExport_2026-10-01/photos/photo_2659@16-04-2024_15-48-57.jpg,11018,2024-04-16T15:48:57,,,,,,,,,98.858,100.1 100.0 99.9 99.8 99.7 99.6 99.5 99.4 99.212 98.7 98.6 98.5 100.3 99.3 98.785
assets/tradingview/2024-04/2024-04-17_02h03_msg11022_TffSNzYF.png,11022,2024-04-17T02:03:09,GBPUSD,1D,2024-04-17T02:02:00,,,,,1.24335,,1.32 1.31 1.3 1.29 1.28 1.27 1.25 1.23726 1.23 1.22 1.21 1.2
ChatExport_2026-10-01/photos/photo_2660@17-04-2024_09-26-00.jpg,11032,2024-04-17T09:26:00,,,,,,,,,1.80584,1.82 1.815 1.81 1.795 1.79 1.78 1.77
ChatExport_2026-10-01/photos/photo_2661@17-04-2024_13-28-55.jpg,11035,2024-04-17T13:28:55,,,,,,,,,98.858,101.5 101.0 100.5 100.0 99.0 98.5 98.0 97.5 99.212 98.785
ChatExport_2026-10-01/photos/photo_2662@17-04-2024_13-29-37.jpg,11036,2024-04-17T13:29:37,,,,,,,,1.78574,,1.812 1.81 1.808 1.80126 1.79 1.788 1.784 1.798 1.796 1.794 1.792
ChatExport_2026-10-01/photos/photo_2663@17-04-2024_16-44-40.jpg,11037,2024-04-17T16:44:40,EURNZD,,,1.796,1.80584,1.78574,vente,1.78574,1.80584,1.814 1.796 1.792 1.79 1.788 1.784 1.782 1.78 1.816 1.812 1.81 1.808 1.8 1.798 1.794
ChatExport_2026-10-01/photos/photo_2665@19-04-2024_19-16-59.jpg,11049,2024-04-19T19:16:59,,,,,,,,,,194.5 94.0 193.5 193.0 192.0 191.5 190.5 190.027 89.5 189.0 88.5 88.0 187.0 194.0 189.5 188.5 188.0
ChatExport_2026-10-01/photos/photo_2666@20-04-2024_02-30-32.jpg,11064,2024-04-20T02:30:32,,,,,,,,,,
ChatExport_2026-10-01/photos/photo_2667@20-04-2024_02-39-32.jpg,11068,2024-04-20T02:39:32,,,,,,,,,,
ChatExport_2026-10-01/photos/photo_2669@23-04-2024_07-34-31.jpg,11076,2024-04-23T07:34:31,,,,,,,,,,106.8 106.7 6.6 6.5 6.4 106.3 106.2 106.1 106.0 105.9 5.7 5.6 5.5 5.4 106.6 106.5 106.4 105.7 105.6 105.5 105.4
assets/tradingview/2024-04/2024-04-23_11h51_msg11085_P2knv546.png,11085,2024-04-23T11:51:26,EURJPY,4h,2024-04-23T11:51:00,,,,,,,167.0 66.5 66.0 165.5 162.5 162.0 161.5 166.5 166.0 165.0 164.5 164.0 163.5 163.0
ChatExport_2026-10-01/photos/photo_2670@23-04-2024_13-51-39.jpg,11090,2024-04-23T13:51:39,,,,,,,,,,154.95 54.85 154.8 154.75 54.65 154.6 54.55 154.5 154.45 54.4 154.85 154.65 154.55 154.4
assets/tradingview/2024-04/2024-04-26_12h54_msg11097_C8BiAUf5.png,11097,2024-04-26T12:54:01,EURUSD,30,2024-04-26T12:53:00,1.07505,1.07554,1.07479,vente,1.07485 1.07479,1.07908 1.07808 1.07554 1.07137 1.0713,1.07505 1.075 1.07368 1.073 1.07
assets/tradingview/2024-04/2024-04-26_14h51_msg11101_Nbsdc9ez.png,11101,2024-04-26T14:51:23,EURUSD,15,2024-04-26T14:51:00,1.07505,1.07808,1.06792,vente,1.07485 1.06792 1.06553,1.07808 1.06857 1.07554 1.07137,1.07505 1.075 1.07368 1.06636 1.06187 1.073 1.072 1.071 1.07 1.069 1.066 1.065 1.064 1.063
assets/tradingview/2024-04/2024-04-26_15h43_msg11106_eBMJMYp0.png,11106,2024-04-26T15:43:05,,4h,2024-04-26T15:42:00,,,,,,106.085,106.5 105.5 105.0 104.5 103.5 103.0 102.5 103.923
assets/tradingview/2024-04/2024-04-26_15h44_msg11107_t3NPdVf8.png,11107,2024-04-26T15:44:14,,1D,2024-04-26T15:44:00,,,,,106.075,,109.5 109.0 108.5 108.0 107.0 106.5 105.5 105.0 104.5 103.923 103.5 103.0 102.5 102.0 101.5 101.0 100.5 107.319
assets/tradingview/2024-04/2024-04-26_16h00_msg11114_wbHWsmU7.png,11114,2024-04-26T16:00:06,AUDJPY,1D,2024-04-26T15:59:00,,,,,102.874,,108.0 107.0 106.0 105.0 104.0 101.0 100.0 99.0 98.0 97.0 96.0 95.0 94.0 93.0 92.0 91.0 90.0 89.0 109.0
ChatExport_2026-10-01/photos/photo_2672@29-04-2024_09-55-47.jpg,11120,2024-04-29T09:55:47,,,,,,,,,155.81,162.0 161.0 154.0 153.0 52.0 51.0 150.0 152.0 151.0
assets/tradingview/2024-04/2024-04-29_16h41_msg11132_F1qCF6n2.png,11132,2024-04-29T16:41:10,GBPUSD,1D,2024-04-29T16:40:00,,,,,1.25624,,1.32 1.31 1.3 1.29 1.28 1.27 1.17 1.23 1.22 1.21 1.2 1.19 1.18
ChatExport_2026-10-01/photos/photo_2673@30-04-2024_13-43-15.jpg,11139,2024-04-30T13:43:15,EURUSD,,,1.07505,1.07908,1.06553,vente,1.07485 1.06553 1.05003,1.07137 1.0578 1.05683 1.07908 1.07808 1.05787,1.07505 1.075 1.06636 1.06187 1.05934 1.045 1.04
ChatExport_2026-10-01/photos/photo_2674@30-04-2024_13-44-43.jpg,11140,2024-04-30T13:44:43,EURUSD,,,1.07505,1.07908,1.05894,vente,1.07485 1.05894,1.07908 1.07808 1.05787 1.05683,1.085 1.07505 1.075 1.06636 1.06187 1.05934 1.045 1.04
assets/tradingview/2024-04/2024-04-30_15h48_msg11142_38nFiKKE.png,11142,2024-04-30T15:48:24,EURUSD,,2024-04-30T15:47:00,1.07505,1.07908,1.05894,vente,1.05894,1.07908 1.07808 1.05787,1.07505 1.075 1.074 1.072 1.07 1.064 1.05934 1.056 1.054 1.052 1.048
ChatExport_2026-10-01/photos/photo_2675@30-04-2024_15-50-38.jpg,11143,2024-04-30T15:50:38,,,,,,,,,,
ChatExport_2026-10-01/photos/photo_2676@30-04-2024_16-17-48.jpg,11146,2024-04-30T16:17:48,,,,,,,,,,2280.0
ChatExport_2026-10-01/photos/photo_2677@30-04-2024_23-00-01.jpg,11147,2024-04-30T23:00:01,,,,,,,,,,
assets/tradingview/2024-05/2024-05-02_18h01_msg11158_1H4VWhdP.png,11158,2024-05-02T18:01:01,GBPJPY,1D,2024-05-02T18:00:00,,,,,,197.011,199.0 98.5 98.0 97.0 96.5 96.0 94.5 94.0 88.5 198.5 198.0 197.5 197.0 196.5 196.0 195.5 195.0 194.5 194.0 193.5 193.0 191.5 191.0 190.5 190.0 189.5 189.0 188.5
assets/tradingview/2024-05/2024-05-02_18h38_msg11162_kYOp4kZM.png,11162,2024-05-02T18:38:21,EURUSD,30,2024-05-02T18:37:00,,,,,1.05894,1.05787,1.082 1.07563 1.07505 1.075 1.06 1.05934 1.056 1.054
ChatExport_2026-10-01/photos/photo_2679@03-05-2024_09-48-56.jpg,11165,2024-05-03T09:48:56,EURUSD,,,1.07563,1.07965,1.064,vente,1.064,1.07965 1.07908 1.07808 1.07137,1.086 1.084 1.07563 1.07 1.068 1.06636 1.06
ChatExport_2026-10-01/photos/photo_2680@03-05-2024_12-36-05.jpg,11174,2024-05-03T12:36:05,EURUSD,,,1.07563,1.07908,1.06553,vente,1.07485 1.07479 1.06553,1.07908 1.07808 1.07137 1.07965,1.086 1.084 1.082 1.07563 1.07505 1.07 1.068 1.064 1.06 1.075 1.06636 1.06187 1.05934
ChatExport_2026-10-01/photos/photo_2681@03-05-2024_12-50-52.jpg,11179,2024-05-03T12:50:52,,,,,,,,,,64000.0 63000.0 62000.0 60000.0 59000.0 58000.0 57000.0 56000.0 55000.0
ChatExport_2026-10-01/photos/photo_2682@03-05-2024_12-51-53.jpg,11181,2024-05-03T12:51:53,,,,,,,,,,39100.0 39000.0 38900.0 38800.0 38600.0 38500.0 38400.0 38300.0 38200.0 38100.0 38000.0 37900.0 37800.0 37700.0 37600.0
ChatExport_2026-10-01/photos/photo_2683@03-05-2024_12-52-12.jpg,11182,2024-05-03T12:52:12,NAS100,,,,,,,,,18000.0 17950.0 17900.0 7750.0 7700.0 7650.0 7600.0 7550.0 17500.0 7450.0 7400.0 7350.0 7300.0 7250.0 7200.0 17150.0 7100.0 17850.0 17750.0 17700.0 17650.0 17600.0 17550.0 17450.0 17400.0 17350.0 17300.0 17250.0 17200.0 17100.0
assets/tradingview/2024-05/2024-05-03_15h37_msg11190_p3rjxeb4.png,11190,2024-05-03T15:37:12,GBPUSD,1D,2024-05-03T15:37:00,,,,,,,1.26 1.25 1.245 1.24 1.195 1.3 1.295 1.29 1.285 1.28 1.275 1.27 1.265 1.235 1.23 1.225 1.22 1.215 1.21 1.205 1.2
ChatExport_2026-10-01/photos/photo_2684@05-05-2024_01-56-13.jpg,11203,2024-05-05T01:56:13,,,,,,,,,,
ChatExport_2026-10-01/photos/photo_2685@05-05-2024_01-56-19.jpg,11204,2024-05-05T01:56:19,,,,,,,,,,
ChatExport_2026-10-01/photos/photo_2688@08-05-2024_02-40-28.jpg,11212,2024-05-08T02:40:28,,,,,,,,,,109.0 8.5 8.0 107.0 6.5 6.0 5.0 104.5 104.0 3.5 3.0 2.5 108.5 108.0 106.5 106.0 105.0 103.5 103.0 102.5
assets/tradingview/2024-05/2024-05-08_04h05_msg11215_mocikj2b.png,11215,2024-05-08T04:05:47,EURUSD,4h,2024-05-08T04:05:00,1.07505,1.07908,1.06553,vente,1.07485 1.07479 1.06553 1.05894,1.07908 1.07808 1.07407 1.07137,1.084 1.082 1.08 1.07505 1.075 1.072 1.07 1.068 1.06636 1.064 1.06187 1.06 1.05934
assets/tradingview/2024-05/2024-05-08_16h16_msg11216_77Hl2M6S.png,11216,2024-05-08T16:16:26,GBPUSD,4h,2024-05-08T16:15:00,1.25308,1.25809,1.23749,vente,1.23749,1.25809,1.275 1.27 1.265 1.26 1.255 1.245 1.24 1.235 1.23 1.225 1.22 1.25308
ChatExport_2026-10-01/photos/photo_2689@10-05-2024_21-38-36.jpg,11223,2024-05-10T21:38:36,,,,,,,,,,
ChatExport_2026-10-01/photos/photo_2690@13-05-2024_02-08-29.jpg,11253,2024-05-13T02:08:29,,,,,,,,,,
assets/tradingview/2024-05/2024-05-15_13h20_msg11268_XF5leiTj.png,11268,2024-05-15T13:20:08,EURCHF,4h,2024-05-15T13:19:00,0.97548,0.97248,0.98461,achat,0.98461,0.9811 0.98113 0.97248,0.989 0.988 0.987 0.986 0.984 0.983 0.982 0.98 0.979 0.978 0.977 0.976 0.975 0.974 0.973 0.972 0.971 0.97 0.969 0.968 0.967 0.966 0.97548
ChatExport_2026-10-01/photos/photo_2691@15-05-2024_13-23-47.jpg,11270,2024-05-15T13:23:47,EURCHF,,,,,,,,,0.98
ChatExport_2026-10-01/photos/photo_2692@16-05-2024_19-57-12.jpg,11280,2024-05-16T19:57:12,EURCHF,,,,,,,,,0.983 0.974 0.972
ChatExport_2026-10-01/photos/photo_2702@23-05-2024_20-24-21.jpg,11320,2024-05-23T20:24:21,GBPUSD,,,1.27093,1.27841,1.25826,vente,1.25826,1.27841 1.27498,1.295 1.3 1.29 1.285 1.27093 1.265 1.26 1.25 1.245 1.24
ChatExport_2026-10-01/photos/photo_2703@23-05-2024_20-26-54.jpg,11321,2024-05-23T20:26:54,GBPUSD,,,,,,,,,1.275 1.274 1.273 1.269 1.268
assets/tradingview/2024-05/2024-05-28_17h37_msg11330_2yEVU98f.png,11330,2024-05-28T17:37:26,EURAUD,4h,2024-05-28T17:37:00,,,,,1.63312,1.64058 1.64055,1.644 1.638 1.63526 1.63357
ChatExport_2026-10-01/photos/photo_2705@29-05-2024_20-41-19.jpg,11334,2024-05-29T20:41:19,,,,,,,,,1.64058 1.64,1.65 1.64 1.63543 1.625 1.62 1.61 1.605 1.63357
ChatExport_2026-10-01/photos/photo_2706@29-05-2024_20-42-42.jpg,11335,2024-05-29T20:42:42,EURAUD,,,,,,,,,1.636 1.635 1.634 1.633 1.632 1.63 1.629
ChatExport_2026-10-01/photos/photo_2707@29-05-2024_20-43-58.jpg,11336,2024-05-29T20:43:58,,,,,,,,,,
ChatExport_2026-10-01/photos/photo_2708@30-05-2024_14-00-48.jpg,11337,2024-05-30T14:00:48,EURAUD,,,,,,,,,1.6365 1.636 1.634 1.6335 1.633 1.631 1.637
ChatExport_2026-10-01/photos/photo_2709@30-05-2024_14-01-02.jpg,11338,2024-05-30T14:01:02,,,,,,,,,,
ChatExport_2026-10-01/photos/photo_2710@31-05-2024_03-11-17.jpg,11339,2024-05-31T03:11:17,,,,,,,,,,
ChatExport_2026-10-01/photos/photo_2711@03-06-2024_14-04-05.jpg,11341,2024-06-03T14:04:05,EURAUD,,,1.63543,1.64058,1.61419,vente,1.64 1.61419 1.61342,1.64058 1.64,1.655 1.64 1.63543 1.63357 1.63 1.62 1.605 1.6 1.585 1.61 1.595 1.59
ChatExport_2026-10-01/photos/photo_2712@03-06-2024_14-04-56.jpg,11343,2024-06-03T14:04:56,,,,,,,,,,
ChatExport_2026-10-01/photos/photo_2713@03-06-2024_14-18-25.jpg,11344,2024-06-03T14:18:25,,,,,,,,,,107.0 106.5 106.0 105.5 104.5 103.5 103.0 102.5 107.157 105.178
ChatExport_2026-10-01/photos/photo_2714@04-06-2024_22-23-47.jpg,11357,2024-06-04T22:23:47,,,,,,,,,,
ChatExport_2026-10-01/photos/photo_2715@04-06-2024_22-28-30.jpg,11362,2024-06-04T22:28:30,,,,,,,,,,
ChatExport_2026-10-01/photos/photo_2716@04-06-2024_22-36-57.jpg,11368,2024-06-04T22:36:57,,,,,,,,,,
ChatExport_2026-10-01/photos/photo_2717@04-06-2024_22-42-50.jpg,11370,2024-06-04T22:42:50,,,,,,,,,,
ChatExport_2026-10-01/photos/photo_2718@04-06-2024_22-45-51.jpg,11373,2024-06-04T22:45:51,,,,,,,,,,
assets/tradingview/2024-06/2024-06-04_22h50_msg11376_4Cg9LuSE.png,11376,2024-06-04T22:50:26,,,2024-06-04T22:50:00,,,,,,0.66,0.73 0.72 0.71 0.7 0.69 0.68 0.67 0.65 0.64 0.63 0.62 0.61 0.6 0.59 0.58 0.57
assets/tradingview/2024-06/2024-06-04_22h55_msg11379_Dea1G7NA.png,11379,2024-06-04T22:55:29,NZDJPY,1D,2024-06-04T22:55:00,98.054,97.244,103.478,achat,103.478,102.948 97.244,105.0 104.5 104.0 2.5 2.0 1.5 1.0 99.5 99.0 98.5 97.5 96.5 96.0 95.5 95.0 94.5 94.0 102.5 102.0 101.5 101.0 100.5 100.0 98.054 97.0
assets/tradingview/2024-06/2024-06-10_03h53_msg11396_9JmkxQL7.png,11396,2024-06-10T03:53:06,,1D,2024-06-10T03:52:00,,,,,105.233,,109.0 108.5 108.0 107.5 106.5 106.0 105.5 105.178 104.0 103.5 103.0 102.5 102.0 101.5 101.0 107.157
assets/tradingview/2024-06/2024-06-10_19h04_msg11404_J5AlXLZc.png,11404,2024-06-10T19:04:31,,4h,2024-06-10T19:03:00,,,,,,,109.0 8.5 8.0 107.0 106.0 110.5 110.0 109.5 108.5 108.0 106.5 105.5
assets/tradingview/2024-06/2024-06-10_19h08_msg11407_vQRuKdDE.png,11407,2024-06-10T19:08:08,,,2024-06-10T19:08:00,,,,,,,1.655 1.65 1.605 1.645 1.64 1.635 1.63 1.625 1.62 1.615 1.61
assets/tradingview/2024-06/2024-06-11_16h11_msg11410_Xq25Ch0n.png,11410,2024-06-11T16:11:53,GBPUSD,4h,2024-06-11T16:10:00,,,,,,,1.282 1.28 1.278 1.276 1.274 1.27 1.268 1.266 1.264 1.262 1.26
assets/tradingview/2024-06/2024-06-19_03h14_msg11426_bs8ycGer.png,11426,2024-06-19T03:14:39,EURAUD,,2024-06-19T03:14:00,1.63563,1.64054,1.61391,vente,1.61391,1.61084 1.64054,1.605 1.6 1.655 1.65 1.645 1.63563 1.63 1.625 1.62
assets/tradingview/2024-06/2024-06-20_16h20_msg11430_AQq9Xi5F.png,11430,2024-06-20T16:20:16,GBPAUD,1D,2024-06-20T16:19:00,,,,,,1.90277,1.895 1.86 1.96 1.955 1.95 1.945 1.94 1.935 1.93 1.925 1.92 1.915 1.91 1.905 1.89 1.885 1.88 1.875 1.87 1.865 1.855 1.85
assets/tradingview/2024-06/2024-06-25_14h48_msg11441_eHaF0oL8.png,11441,2024-06-25T14:48:42,GBPAUD,1D,2024-06-25T14:48:00,,,,,,,1.9 1.97 1.96 1.95 1.94 1.93 1.92 1.88 1.87 1.86 1.85 1.84 1.83
assets/tradingview/2024-06/2024-06-26_22h38_msg11449_fEdYflxm.png,11449,2024-06-26T22:38:53,GBPAUD,1D,2024-06-26T22:38:00,,,,,1.89874,,1.96 1.95 1.94 1.93 1.92 1.91 1.88 1.87 1.86 1.85
assets/tradingview/2024-06/2024-06-26_22h41_msg11451_zdSKIgKh.png,11451,2024-06-26T22:41:00,,1D,2024-06-26T22:40:00,,,,,106.049,,109.0 108.5 107.5 107.0 106.5 105.5 104.5 104.0 103.5 103.0 102.5 102.0 101.5 101.0 108.032 105.178
assets/tradingview/2024-07/2024-07-12_04h13_msg11471_BCHaDCYD.png,11471,2024-07-12T04:13:34,AUDNZD,1W,2024-07-12T04:13:00,,,,,1.109,,1.22 1.2 0.98 1.18 1.16 1.14 1.12 1.08 1.06 1.04 1.02 1.0
assets/tradingview/2024-07/2024-07-12_04h15_msg11472_CVPkyDAm.png,11472,2024-07-12T04:15:36,GBPUSD,,2024-07-12T04:15:00,,,,,1.29098,,1.38 1.37 1.36 1.35 1.34 1.33 1.32 1.31 1.3 1.28 1.27 1.26 1.25 1.24 1.23 1.22 1.21 1.2 1.19 1.18 1.17
assets/tradingview/2024-07/2024-07-12_04h17_msg11473_CMJ32wXg.png,11473,2024-07-12T04:17:21,AUDUSD,1D,2024-07-12T04:17:00,0.67598,0.67309,0.70089,achat,0.67688 0.70089,0.67309,0.704 0.698 0.696 0.694 0.692 0.69 0.688 0.686 0.684 0.682 0.68 0.678 0.67598 0.67 0.668 0.666 0.664 0.662 0.66 0.658 0.656
ChatExport_2026-10-01/photos/photo_2730@15-07-2024_11-44-40.jpg,11482,2024-07-15T11:44:40,,,,,,,,,,35.5 35.0 34.5 34.0 33.5 32.5 32.0 31.5 31.0 30.5 30.0 29.5 29.0 28.5 28.0 27.5
ChatExport_2026-10-01/photos/photo_2731@15-07-2024_11-47-16.jpg,11484,2024-07-15T11:47:16,,,,,,,,,,1.11 1.05 1.04 1.02 1.14 1.13 1.12 1.03 1.01
ChatExport_2026-10-01/photos/photo_2732@15-07-2024_11-48-49.jpg,11485,2024-07-15T11:48:49,,,,,,,,,,1.15 1.14 1.13 1.11 1.08 1.07 1.06 1.05 1.04 1.03
ChatExport_2026-10-01/photos/photo_2733@15-07-2024_11-50-52.jpg,11486,2024-07-15T11:50:52,,,,,,,,1.18654,,1.6 1.5 1.4 1.3 1.0 1.17884
assets/tradingview/2024-07/2024-07-23_09h22_msg11506_aLN4joHf.png,11506,2024-07-23T09:22:13,,1D,2024-07-23T09:21:00,,,,,,,23.0 22.0 21.0 20.0 19.0 18.0 17.0 16.0 14.0 13.0 12.0 11.0 10.0 9.0
assets/tradingview/2024-07/2024-07-31_02h26_msg11526_1hpgE5vs.png,11526,2024-07-31T02:26:50,EURJPY,4h,2024-07-31T02:26:00,165.27,163.749,170.051,achat,165.388 170.051,163.749,176.0 175.0 174.0 173.0 172.0 171.0 169.0 168.0 167.0 166.0 165.27 163.0 162.0 161.0
ChatExport_2026-10-01/photos/photo_2739@02-08-2024_00-25-22.jpg,11542,2024-08-02T00:25:22,,,,,,,,,,22.0 20.0 14.0 12.0
ChatExport_2026-10-01/photos/photo_2742@14-08-2024_10-27-51.jpg,11567,2024-08-14T10:27:51,,,,,,,,,,
ChatExport_2026-10-01/photos/photo_2743@27-08-2024_19-42-19.jpg,11621,2024-08-27T19:42:19,,,,,,,,1.78869,,1.806 1.804 1.80001 1.798 1.796 1.79 1.786 1.794 1.792
ChatExport_2026-10-01/photos/photo_2745@27-08-2024_19-53-23.jpg,11628,2024-08-27T19:53:23,,,,,,,,1.64443,,1.652 1.6515 1.651 1.6505 1.6495 1.648 1.6475 1.647 1.646 1.6455 1.645 1.644 1.6435 1.643 1.64872
ChatExport_2026-10-01/photos/photo_2746@28-08-2024_02-04-15.jpg,11629,2024-08-28T02:04:15,,,,,,,,1.64134,,1.662 1.66 1.658 1.656 1.654 1.652 1.64 1.646 1.644 1.638 1.636 1.648
ChatExport_2026-10-01/photos/photo_2747@28-08-2024_02-12-42.jpg,11630,2024-08-28T02:12:42,,,,,,,,,,1.6514 1.65085 1.6503 1.64975 1.6492 1.6436 1.6481 1.64755 1.647 1.64645 1.6459 1.64535 1.6448 1.64425 1.6466 1.8448 1.84425
ChatExport_2026-10-01/photos/photo_2748@28-08-2024_02-14-38.jpg,11632,2024-08-28T02:14:38,,,,,,,,,,
ChatExport_2026-10-01/photos/photo_2749@28-08-2024_12-05-06.jpg,11635,2024-08-28T12:05:06,GBPAUD,,,1.94995,1.95208,1.943,vente,1.943,1.95208,1.958 1.954 1.946 1.938 1.934 1.956 1.94995 1.048 1.944 1.942 1.94 1.936
ChatExport_2026-10-01/photos/photo_2750@28-08-2024_12-25-55.jpg,11638,2024-08-28T12:25:55,,,,,,,,,,1.9538 1.9522 1.9503 1.3483 1.947 1.3457 1.9444 1.3431 1.9418 1.9405 1.9392 1.9373 1.9366 1.9353 1.334 1.9327 1.9314 1.9301 1.9535 1.9483 1.9457 1.9431 1.9379 1.934
ChatExport_2026-10-01/photos/photo_2751@28-08-2024_14-34-13.jpg,11639,2024-08-28T14:34:13,,,,,,,,,,1.9529 1.9513 1.9497 1.9481 1.9449 1.9401 1.9369 1.9337 1.9321 1.94722 1.9433 1.9417 1.9353
ChatExport_2026-10-01/photos/photo_2752@28-08-2024_20-08-32.jpg,11641,2024-08-28T20:08:32,,,,,,,,1.94331,,1.96 1.954 1.95006 1.948 1.946 1.936 1.934 1.932 1.93 1.924 1.958 1.956 1.94 1.938 1.928 1.926
ChatExport_2026-10-01/photos/photo_2753@29-08-2024_01-38-33.jpg,11645,2024-08-29T01:38:33,,,,,,,,,,101.5 101.0 100.5 99.5 99.0 98.5 97.0 96.5 96.0 95.5
ChatExport_2026-10-01/photos/photo_2754@29-08-2024_09-14-10.jpg,11647,2024-08-29T09:14:10,,,,,,,,,,1.955 1.945 1.94 1.93 1.925 1.92 1.915 1.97 1.965 1.96
ChatExport_2026-10-01/photos/photo_2755@29-08-2024_09-25-04.jpg,11651,2024-08-29T09:25:04,,,,,,,,,,101.0 100.5 100.0 99.5 99.0 98.0 97.0 96.5 96.0
ChatExport_2026-10-01/photos/photo_2829@29-08-2024_14-57-24.jpg,11737,2024-08-29T14:57:24,,,,,,,,,,1.345 1.34 1.33 1.32 1.3 1.295 1.29 1.335 1.31 1.305
ChatExport_2026-10-01/photos/photo_2830@29-08-2024_16-17-51.jpg,11738,2024-08-29T16:17:51,,,,,,,,,,1.5 101.0 100.0 99.5 99.0 98.0 97.0 96.5 96.0 101.5 100.5
assets/tradingview/2024-08/2024-08-30_02h18_msg11740_cpoOq9yH.png,11740,2024-08-30T02:18:20,AUDJPY,1h,2024-08-30T02:17:00,98.8,98.338,99.201,achat,99.201,98.338 97.762,99.4 99.0 98.8 98.6 98.4 98.2 98.0 97.6 97.4 97.2 97.0
assets/tradingview/2024-08/2024-08-30_02h20_msg11742_HWcaD2uH.png,11742,2024-08-30T02:20:41,AUDJPY,1h,2024-08-30T02:20:00,98.363,97.762,99.201,achat,99.201,97.762,99.0 98.8 98.6 98.363 98.2 98.0 97.6 97.4 97.2 97.0
ChatExport_2026-10-01/photos/photo_2831@30-08-2024_02-23-35.jpg,11743,2024-08-30T02:23:35,,,,,,,,,,98.33 98.86 98.73 98.6 98.47 98.21 98.08 97.95 97.82 97.69 97.56 97.43 97.3 97.17
ChatExport_2026-10-01/photos/photo_2832@30-08-2024_18-42-54.jpg,11744,2024-08-30T18:42:54,,,,,,,,99.06,,99.8 99.6 99.4 99.2 98.864 98.6 98.4 98.2 98.0 97.8 97.6 97.2 97.0
ChatExport_2026-10-01/photos/photo_2833@02-09-2024_17-01-06.jpg,11763,2024-09-02T17:01:06,,,,,,,,,,
assets/tradingview/2024-09/2024-09-03_09h48_msg11767_6MrsM7Zj.png,11767,2024-09-03T09:48:34,NZDJPY,4h,2024-09-03T09:46:00,,,,,,,92.6 92.4 92.2 92.0 91.8 91.6 91.4 91.2 91.0 90.8 90.6 90.4 89.8 89.6 89.4 89.2 89.0
assets/tradingview/2024-09/2024-09-03_09h57_msg11771_TFWKT0Ai.png,11771,2024-09-03T09:57:04,AUDUSD,4h,2024-09-03T09:56:00,,,,,,0.67362,0.688 0.686 0.684 0.682 0.68 0.678 0.676 0.672 0.67 0.668 0.666 0.664 0.662 0.66
assets/tradingview/2024-09/2024-09-03_10h14_msg11776_sBExhyud.png,11776,2024-09-03T10:14:15,GBPAUD,4h,2024-09-03T10:14:00,,,,,1.94814,,1.94 1.935 1.93 1.925 1.92 1.915 1.91 1.98 1.975 1.97 1.965 1.96 1.955 1.95
ChatExport_2026-10-01/photos/photo_2834@03-09-2024_14-08-43.jpg,11782,2024-09-03T14:08:43,,,,,,,,,,
ChatExport_2026-10-01/photos/photo_2836@03-09-2024_17-33-23.jpg,11795,2024-09-03T17:33:23,,,,,,,,2504.077 482.026 2478.55 2482.026,,2505.159 2504.11 2504.069 2502.0 2500.0 2498.0 496.0 483.908 2481.652 2477.415 2477.389 2475.072 2474.789 2474.761 2473.337 2496.0 2493.93 2490.0 2483.908 2468.0
ChatExport_2026-10-01/photos/photo_2837@03-09-2024_17-33-23.jpg,11796,2024-09-03T17:33:23,,,,,,,,2506.475 2504.077 2464.014,,2505.159 2504.069 500.0 2497.5 2482.5 2477.415 2477.389 2475.072 2474.789 2474.699 2473.337 465.0 2500.0 2493.93 482.5 2465.0 2462.027
ChatExport_2026-10-01/photos/photo_2838@04-09-2024_12-47-59.jpg,11802,2024-09-04T12:47:59,,,,,,,,,,
ChatExport_2026-10-01/photos/photo_2839@04-09-2024_12-59-47.jpg,11806,2024-09-04T12:59:47,,,,,,,,,,
ChatExport_2026-10-01/photos/photo_2840@04-09-2024_14-06-18.jpg,11810,2024-09-04T14:06:18,,,,,,,,144.195,,145.8 45.6 145.2 145.146 144.8 144.6 144.4 144.0 143.8 145.6
ChatExport_2026-10-01/photos/photo_2841@04-09-2024_14-15-10.jpg,11813,2024-09-04T14:15:10,,,,,,,,,,815.26 0.0
assets/tradingview/2024-09/2024-09-04_17h02_msg11819_Ez3LCBtE.png,11819,2024-09-04T17:02:02,,4h,2024-09-04T17:01:00,,,,,,,100.8 100.4 100.2 100.0 99.8 99.6 103.2 103.0 102.8 102.6 102.4 102.2 102.0 101.8 101.6 101.4 101.0
assets/tradingview/2024-09/2024-09-06_01h11_msg11826_17GsS9uf.png,11826,2024-09-06T01:11:00,AUDNZD,4h,2024-09-06T01:10:00,1.08523,1.08769,1.07779,vente,1.07779,1.08769 1.08284,1.092 1.09 1.086 1.08523 1.084 1.076 1.074 1.072
ChatExport_2026-10-01/photos/photo_2842@06-09-2024_16-13-35.jpg,11830,2024-09-06T16:13:35,,,,,,,,,,1.091 1.09 1.089 1.088 1.086 1.084 1.083 1.082 1.079 1.078 1.077 1.08523
assets/tradingview/2024-09/2024-09-10_03h11_msg11842_0FFpOhLt.png,11842,2024-09-10T03:11:54,EURNZD,1h,2024-09-10T03:11:00,1.79758,1.80267,1.78241,vente,1.78241,1.80267 1.79738,1.808 1.806 1.804 1.79758 1.794 1.792 1.79 1.788 1.786 1.784 1.78 1.778 1.776 1.774 1.772
ChatExport_2026-10-01/photos/photo_2843@10-09-2024_07-38-06.jpg,11844,2024-09-10T07:38:06,,,,,,,,1.78283,,1.815 1.81 1.805 1.79805 1.795 1.79 1.785 1.78
ChatExport_2026-10-01/photos/photo_2844@10-09-2024_10-58-46.jpg,11845,2024-09-10T10:58:46,,,,,,,,,,1.2022 1.7984 1.7965 1.7946 1.79153 1.79 1.8003 1.7927 1.7908
ChatExport_2026-10-01/photos/photo_2846@11-09-2024_10-18-47.jpg,11855,2024-09-11T10:18:47,EURNZD,,,1.794,1.80302,1.73049,vente,1.73049,1.80302,1.82 1.818 1.816 1.81 1.808 1.806 1.804 1.8 1.794 1.792 1.788 1.786 1.784 1.814 1.812
assets/tradingview/2024-09/2024-09-11_12h32_msg11856_A1crWkIl.png,11856,2024-09-11T12:32:13,EURNZD,30,2024-09-11T12:31:00,1.802,1.80302,1.79864,vente,1.79864,1.80302,1.804 1.802 1.801 1.8 1.797
ChatExport_2026-10-01/photos/photo_2847@11-09-2024_12-34-03.jpg,11857,2024-09-11T12:34:03,,,,,,,,,,1.8026 1.3015 1.3004 1.7993 1.7982 1.79781 1.7971 1.796 1.7949 1.7938 1.7927 1.7905 1.7894
ChatExport_2026-10-01/photos/photo_2848@11-09-2024_12-34-11.jpg,11858,2024-09-11T12:34:11,,,,,,,,,,1.8026 1.8015 1.8004 1.7982 1.7971 1.7943 1.7938 1.7927 1.7905 1.7894
ChatExport_2026-10-01/photos/photo_2849@11-09-2024_12-35-09.jpg,11859,2024-09-11T12:35:09,,,,,,,,,,
ChatExport_2026-10-01/photos/photo_2850@11-09-2024_18-44-49.jpg,11866,2024-09-11T18:44:49,,,,,,,,1.79071,,1.807 1.806 1.805 1.804 1.803 1.801 1.798 1.797 1.795 1.794 1.793 1.792
assets/tradingview/2024-09/2024-09-11_22h02_msg11867_e0oRG1En.png,11867,2024-09-11T22:02:02,EURNZD,1h,2024-09-11T22:01:00,1.79922,1.80222,1.79065,vente,1.79065,1.80222,1.805 1.793 1.792 1.789 1.788 1.804 1.803 1.801 1.79922 1.798 1.797 1.796 1.795
assets/tradingview/2024-09/2024-09-11_22h54_msg11869_UOSoqx9b.png,11869,2024-09-11T22:54:07,GBPAUD,4h,2024-09-11T22:54:00,,,,,,,1.975 1.97 1.965 1.96 1.955 1.95 1.945 1.94 1.935 1.93
assets/tradingview/2024-09/2024-09-11_22h56_msg11871_CPzCusce.png,11871,2024-09-11T22:56:49,AUDNZD,1h,2024-09-10T11:32:00,1.0825,1.0805,1.08765,achat,1.08765,1.08272 1.0805,1.091 1.0825 1.081 1.079 1.078 1.09 1.089 1.088 1.087 1.086 1.085 1.084
assets/tradingview/2024-09/2024-09-11_22h57_msg11873_JElC0vV9.png,11873,2024-09-11T22:57:38,AUDNZD,4h,2024-09-11T22:55:00,,,,,1.08765,,1.096 1.094 1.092 1.09 1.086 1.084 1.082 1.078 1.076 1.074 1.072
ChatExport_2026-10-01/photos/photo_2851@12-09-2024_07-08-21.jpg,11875,2024-09-12T07:08:21,EURNZD,1h,2024-09-12T07:07:00,,,,,,,1.794 1.79884 1.786 1.784
assets/tradingview/2024-09/2024-09-12_07h12_msg11878_xHgyNIVv.png,11878,2024-09-12T07:12:31,GBPAUD,4h,2024-09-12T07:12:00,,,,,1.95228,,1.97 1.965 1.96 1.955 1.95 1.945 1.94 1.935 1.93 1.925
assets/tradingview/2024-09/2024-09-12_07h17_msg11879_SUBdhx0y.png,11879,2024-09-12T07:17:20,GBPCHF,4h,2024-09-12T07:17:00,,,,,,,1.135 1.13 1.125 1.12 1.115 1.11 1.105 1.1 1.095 1.09
assets/tradingview/2024-09/2024-09-12_11h56_msg11883_z6fmMwtw.png,11883,2024-09-12T11:56:06,GBPUSD,4h,2024-09-12T11:55:00,1.30724,1.30976,1.2996,vente,1.2996,1.30976 1.3041,1.314 1.312 1.308 1.30724 1.306 1.302 1.298 1.296 1.294
ChatExport_2026-10-01/photos/photo_2852@12-09-2024_11-59-54.jpg,11886,2024-09-12T11:59:54,,,,,,,,,,
ChatExport_2026-10-01/photos/photo_2853@12-09-2024_13-26-41.jpg,11889,2024-09-12T13:26:41,,,,,,,,1.2996,,1.313 1.312 1.311 1.308 1.30724 1.306 1.304 1.302 1.301 1.299 1.309 1.303
assets/tradingview/2024-09/2024-09-12_17h57_msg11890_viA0TIut.png,11890,2024-09-12T17:57:09,GBPUSD,4h,2024-09-12T17:57:00,1.30724,1.30976,1.2996,vente,1.31006 1.2996,1.30976,1.314 1.312 1.30724 1.306 1.304 1.302 1.298 1.296
ChatExport_2026-10-01/photos/photo_2854@13-09-2024_17-34-26.jpg,11898,2024-09-13T17:34:26,,,,,,,,,,
ChatExport_2026-10-01/photos/photo_2857@17-09-2024_10-37-42.jpg,11926,2024-09-17T10:37:42,,,,,,,,,1.79885,1.803 1.802 1.801 1.798 1.797 1.794 1.793 1.792 1.791 1.788
ChatExport_2026-10-01/photos/photo_2858@18-09-2024_03-15-35.jpg,11930,2024-09-18T03:15:35,,,,,,,,,,1.81 1.806 1.804 1.79997 1.794 1.788 1.786 1.808 1.798 1.796
ChatExport_2026-10-01/photos/photo_2859@18-09-2024_03-22-59.jpg,11931,2024-09-18T03:22:59,,,,,,,,1.64132,1.0,1.66 1.654 1.648 1.646 1.642 1.64 1.634 1.658 1.656 1.64997 1.638 1.636
ChatExport_2026-10-01/photos/photo_2860@18-09-2024_11-23-15.jpg,11932,2024-09-18T11:23:15,,,,,,,,,1.80194 1.78708,1.808 1.806 1.804 1.798 1.796 1.794 1.792 1.788 1.784 1.79997
ChatExport_2026-10-01/photos/photo_2861@18-09-2024_11-25-22.jpg,11934,2024-09-18T11:25:22,,,,,,,,1.64132,,1.66 1.658 1.656 1.648 1.646 1.644 1.64 1.636 1.634 1.632 1.654 1.64997
assets/tradingview/2024-09/2024-09-18_16h08_msg11942_WLQQ3nfj.png,11942,2024-09-18T16:08:28,GBPAUD,1h,2024-09-18T16:08:00,1.94996,1.94481,1.97102,achat,1.97102,1.94481,1.98 1.955 1.94 1.935 1.975 1.97 1.965 1.96 1.94996
assets/tradingview/2024-09/2024-09-18_16h20_msg11948_p5ZMkLKW.png,11948,2024-09-18T16:20:01,EURUSD,4h,2024-09-18T16:19:00,,,,,1.11237,,1.135 1.13 1.12 1.115 1.11 1.085 1.105 1.1 1.095 1.09
assets/tradingview/2024-09/2024-09-18_16h23_msg11951_KKlsGpgw.png,11951,2024-09-18T16:23:54,EURUSD,1D,2024-09-18T16:23:00,,,,,,,1.09 1.145 1.14 1.135 1.13 1.12 1.115 1.11 1.105 1.1 1.095
ChatExport_2026-10-01/photos/photo_2862@18-09-2024_18-13-22.jpg,11955,2024-09-18T18:13:22,,,,,,,,,,
ChatExport_2026-10-01/photos/photo_2863@19-09-2024_11-05-07.jpg,11968,2024-09-19T11:05:07,,,,,,,,,,
assets/tradingview/2024-09/2024-09-19_13h39_msg11978_Yv0bYApu.png,11978,2024-09-19T13:39:46,,1h,2024-09-19T13:39:00,,,,,,,
assets/tradingview/2024-09/2024-09-19_23h44_msg11979_pYQoamBz.png,11979,2024-09-19T23:44:33,GBPAUD,4h,2024-09-19T23:44:00,1.94481,1.93974,1.96076,achat,1.96076 1.95022,1.93974,1.97 1.965 1.955 1.94481 1.935 1.93
ChatExport_2026-10-01/photos/photo_2864@19-09-2024_23-45-29.jpg,11980,2024-09-19T23:45:29,,,,,,,,,,
ChatExport_2026-10-01/photos/photo_2865@20-09-2024_07-14-01.jpg,11981,2024-09-20T07:14:01,,,,,,,,,,1.99 1.98 1.975 1.97 1.95 1.935 1.93 1.925 1.915 1.985 1.965 1.92 1.91
ChatExport_2026-10-01/photos/photo_2866@20-09-2024_07-16-09.jpg,11983,2024-09-20T07:16:09,,,,,,,,,1.93974,2.01 2.0 1.98 1.94481 1.93 1.92 1.91 1.9 1.89 1.99 1.97
ChatExport_2026-10-01/photos/photo_2867@20-09-2024_07-22-46.jpg,11986,2024-09-20T07:22:46,GBPAUD,,,1.94481,1.93974,1.96095,achat,1.96095,1.93974,1.985 1.98 1.965 1.95 1.94481 1.935 1.93 1.925 1.975 1.97 1.92
ChatExport_2026-10-01/photos/photo_2868@20-09-2024_18-52-44.jpg,11996,2024-09-20T18:52:44,,,,,,,,,,
ChatExport_2026-10-01/photos/photo_2869@20-09-2024_18-52-56.jpg,11997,2024-09-20T18:52:56,,,,,,,,,,
ChatExport_2026-10-01/photos/photo_2873@27-09-2024_13-31-02.jpg,12012,2024-09-27T13:31:02,,,,,,,,,,1.124 1.122 1.132 1.13 1.128 1.126 1.12 1.116 1.114 1.112 1.11 1.108 1.106 1.104 1.102 1.1
assets/tradingview/2024-10/2024-10-07_03h28_msg12040_F7UxsBtl.png,12040,2024-10-07T03:28:27,GBPUSD,1D,2024-10-07T03:27:00,1.32491,1.32993,1.31264,vente,1.31264 1.30011,1.32993,1.34 1.335 1.32491 1.32 1.315 1.305 1.295 1.29 1.285 1.28 1.275
assets/tradingview/2024-10/2024-10-07_03h32_msg12042_XTRLG7dh.png,12042,2024-10-07T03:32:42,GBPJPY,4h,2024-10-07T03:32:00,193.492,192.191,194.898,achat,194.898,192.191,204.0 203.0 202.0 201.0 200.0 199.0 198.0 196.0 194.0 193.492 193.0 191.0 190.0 189.0 188.0 187.0 186.0 185.0
assets/tradingview/2024-10/2024-10-07_03h34_msg12043_XwujFiHs.png,12043,2024-10-07T03:34:41,NZDUSD,1D,2024-10-07T03:34:00,,,,,0.61647,,0.64 0.635 0.63 0.625 0.62 0.61 0.605 0.6 0.595 0.59
assets/tradingview/2024-10/2024-10-07_03h38_msg12045_tdgbQoU3.png,12045,2024-10-07T03:38:03,USDJPY,1D,2024-10-07T03:37:00,,,,,,,162.0 160.0 158.0 156.0 154.0 152.0 150.0 146.0 144.0 142.0 140.0 138.0 136.0
ChatExport_2026-10-01/photos/photo_2880@07-10-2024_12-45-49.jpg,12046,2024-10-07T12:45:49,,,,,,,,,,198.0 197.0 196.0 195.0 194.0 193.492 191.0 190.0 189.0
ChatExport_2026-10-01/photos/photo_2881@07-10-2024_16-36-41.jpg,12050,2024-10-07T16:36:41,GBPJPY,,,193.834,192.907,196.697,achat,196.697,192.907,200.0 199.0 198.0 196.0 195.0 192.0 191.0 190.0 197.0 193.834
ChatExport_2026-10-01/photos/photo_2882@09-10-2024_11-06-34.jpg,12055,2024-10-09T11:06:34,,,,,,,,,,200.0 199.0 198.0 197.0 196.0 193.0 192.0 191.0 190.0 89.0 188.0 128.0 189.0
assets/tradingview/2024-10/2024-10-10_10h55_msg12057_zoiuJXQF.png,12057,2024-10-10T10:55:07,GBPJPY,1h,2024-10-10T10:55:00,,,,,,194.584,200.0 199.0 198.0 197.0 196.0 195.0 194.0 193.0 192.0 191.0 190.0
assets/tradingview/2024-10/2024-10-10_12h39_msg12062_m43RtF4e.png,12062,2024-10-10T12:39:49,EURUSD,,2024-10-10T12:39:00,,,,,,1.09318,1.0985 1.098 1.0975 1.097 1.0965 1.096 1.0955 1.095 1.0945 1.094 1.0935 1.0925 1.092 1.0915 1.091 1.0905 1.09 1.0895 1.089 1.0885
ChatExport_2026-10-01/photos/photo_2911@13-10-2024_12-58-29.jpg,12095,2024-10-13T12:58:29,,,,,,,,,,
assets/tradingview/2024-10/2024-10-16_12h52_msg12102_TTSbmpiw.png,12102,2024-10-16T12:52:11,EURNZD,30,2024-10-16T12:51:00,1.79729,1.80082,1.79488,vente,1.79488 1.75705 1.78705,1.80082,1.799 1.798 1.796 1.786 1.785 1.784 1.802 1.79729 1.794 1.793 1.792 1.791 1.79 1.789 1.788
assets/tradingview/2024-10/2024-10-17_00h59_msg12105_AC6DMDBr.png,12105,2024-10-17T00:59:41,EURNZD,1h,2024-10-17T00:59:00,,,,,,,1.798 1.796 1.794 1.79 1.812 1.81 1.808 1.806 1.804 1.802 1.792 1.788 1.786 1.784 1.782 1.78 1.778 1.776 1.774
assets/tradingview/2024-10/2024-10-17_01h02_msg12109_NLHVJozc.png,12109,2024-10-17T01:02:48,EURAUD,1h,2024-10-17T01:02:00,1.62496,1.6301,1.60927,vente,1.60927,1.6227 1.6301,1.634 1.632 1.628 1.624 1.62 1.606 1.62496 1.618 1.616 1.614 1.612 1.61 1.608
assets/tradingview/2024-10/2024-10-17_11h12_msg12111_hHne9hlz.png,12111,2024-10-17T11:12:29,EURAUD,1h,2024-10-17T11:12:00,1.628,1.63104,1.60997,vente,1.60997,1.63104,1.634 1.632 1.63 1.628 1.624 1.62 1.618 1.616 1.614 1.612 1.608 1.625
assets/tradingview/2024-10/2024-10-17_11h13_msg12113_APR8T2xb.png,12113,2024-10-17T11:13:16,GBPAUD,1h,2024-10-17T11:13:00,1.94649,1.95075,1.94413,vente,1.94413,1.95075 1.94782 1.94237,1.958 1.956 1.954 1.952 1.94649 1.94475 1.94
assets/tradingview/2024-10/2024-10-17_14h10_msg12115_mYJsEu9f.png,12115,2024-10-17T14:10:02,EURAUD,1h,2024-10-17T14:09:00,1.628,1.63104,1.61284,vente,1.61284,1.6182 1.63104,1.634 1.632 1.63 1.628 1.624 1.622 1.62 1.616 1.614 1.625 1.612 1.61 1.608
assets/tradingview/2024-10/2024-10-17_14h57_msg12122_wEQsKEqs.png,12122,2024-10-17T14:57:51,GBPAUD,30,2024-10-17T14:57:00,1.94649,1.95075,1.94413,vente,1.94413 1.92674,1.93994 1.95075 1.94782,1.93 1.96 1.958 1.956 1.954 1.952 1.94649 1.94475 1.942 1.938 1.936 1.934 1.932 1.928 1.924 1.922 1.92 1.918
assets/tradingview/2024-10/2024-10-17_16h21_msg12125_P7RDyWOZ.png,12125,2024-10-17T16:21:49,,1D,2024-10-17T16:21:00,,,,,,,5.0 4.5 4.0 100.0 105.0 104.5 104.0 103.5 103.0 102.5 102.0 101.5 101.0 99.5 99.0 98.5 98.0 97.5 97.0 96.5
assets/tradingview/2024-10/2024-10-22_12h51_msg12146_3Bw1JeO5.png,12146,2024-10-22T12:51:45,EURAUD,1h,2024-10-22T12:50:00,1.62529,1.62778,1.61749,vente,1.61749,1.62778 1.61704,1.632 1.63 1.62529 1.624 1.622 1.62 1.614 1.612 1.61 1.608
assets/tradingview/2024-10/2024-10-22_12h54_msg12148_f7VNqScy.png,12148,2024-10-22T12:54:43,GBPAUD,4h,2024-10-22T12:54:00,1.94649,1.94782,1.94413,vente,1.94413,1.94782 1.93888,1.96 1.955 1.94649 1.94 1.935 1.93 1.925 1.92 1.915 1.91
assets/tradingview/2024-10/2024-10-22_12h55_msg12151_rwCBfKhA.png,12151,2024-10-22T12:55:39,AUDJPY,4h,2024-10-22T12:55:00,100.255,99.398,102.596,achat,102.596 100.858,99.398,103.0 102.0 101.5 101.0 100.5 100.255 100.0 99.0 98.5 98.0 97.5 97.0
assets/tradingview/2024-10/2024-10-22_12h56_msg12152_4fhpGm5G.png,12152,2024-10-22T12:56:18,GBPUSD,4h,2024-10-22T12:56:00,,,,,,,1.32 1.315 1.31 1.305 1.3 1.29 1.285
ChatExport_2026-10-01/photos/photo_2916@23-10-2024_13-59-08.jpg,12159,2024-10-23T13:59:08,,,,,,,,,99.799,102.0 101.0 100.5 99.0 98.5
assets/tradingview/2024-10/2024-10-31_12h15_msg12177_ooPukeDn.png,12177,2024-10-31T12:15:10,GBPJPY,1h,2024-10-31T12:14:00,197.51,197.01,199.537,achat,199.537,198.149 197.01,201.5 201.0 200.5 200.0 199.0 198.5 197.51 196.5 196.0 195.5
assets/tradingview/2024-10/2024-10-31_12h42_msg12181_LwEMMNDl.png,12181,2024-10-31T12:42:08,EURNZD,1D,2024-10-31T12:41:00,,,,,,,1.835 1.83 1.815 1.81 1.805 1.8 1.795 1.79 1.785 1.78 1.775 1.77 1.765 1.76 1.755 1.75
ChatExport_2026-10-01/photos/photo_2917@31-10-2024_14-51-58.jpg,12185,2024-10-31T14:51:58,,,,,,,,,,1.828 1.824 1.836 1.834 1.832 1.83 1.822 1.82 1.818 1.816 1.814 1.812 1.81
ChatExport_2026-10-01/photos/photo_2918@31-10-2024_17-10-34.jpg,12187,2024-10-31T17:10:34,,,,,,,,,,1.845 1.84 1.835 1.83 1.815 1.81 1.805
ChatExport_2026-10-01/photos/photo_2919@31-10-2024_17-12-31.jpg,12188,2024-10-31T17:12:31,,,,,,,,,,1.836 1.828 1.824 1.816 1.814 1.834 1.832 1.83 1.826 1.818 1.812 1.81
ChatExport_2026-10-01/photos/photo_2920@31-10-2024_17-15-09.jpg,12190,2024-10-31T17:15:09,,,,,,,,,,106.5 106.0 105.5 105.0 104.5 103.5 103.0 102.5 102.0
ChatExport_2026-10-01/photos/photo_2921@01-11-2024_12-37-45.jpg,12195,2024-11-01T12:37:45,,,,,,,,,,154.2 54.0 153.8 53.6 53.4 153.2 153.0 152.8 52.6 152.4 52.2 51.6 51.4 51.2 51.0 50.8 50.6 150.4 154.0 153.6 153.4 152.6 152.2 151.6 151.4 151.2 151.0 150.8 150.6
ChatExport_2026-10-01/photos/photo_2922@01-11-2024_14-57-52.jpg,12199,2024-11-01T14:57:52,,,,,,,,,,1.85 1.835 1.83 1.82 1.81 1.805 1.8 1.845 1.84
assets/tradingview/2024-11/2024-11-06_01h09_msg12209_ahtj2GRa.png,12209,2024-11-06T01:09:13,,4h,2024-11-06T01:08:00,,,,,104.303,,105.0 104.8 104.6 104.4 104.0 103.8 103.6 103.4 103.2 103.0 102.8 102.6 102.4 102.2
assets/tradingview/2024-11/2024-11-06_01h12_msg12212_6iI9WKhm.png,12212,2024-11-06T01:12:04,GBPUSD,4h,2024-11-06T01:11:00,,,,,,,1.32 1.315 1.31 1.305 1.3 1.29 1.285 1.28 1.275 1.27
assets/tradingview/2024-11/2024-11-06_01h13_msg12214_3zLfsDaI.png,12214,2024-11-06T01:13:39,,1D,2024-11-06T01:13:00,,,,,,1.08428,1.104 1.082 1.08 1.078 1.076 1.074 1.072 1.102 1.1 1.098 1.096 1.094 1.092 1.09 1.088 1.086
assets/tradingview/2024-11/2024-11-06_02h39_msg12216_txUeq4aC.png,12216,2024-11-06T02:39:42,,,2024-11-06T02:39:00,,,,,1.07432,1.09386,1.08742 1.076 1.072 1.07 1.068 1.066 1.102 1.1 1.096 1.092 1.09 1.086 1.084 1.082 1.08
assets/tradingview/2024-11/2024-11-06_03h30_msg12219_6QVtNftq.png,12219,2024-11-06T03:30:02,EURNZD,4h,2024-11-06T03:29:00,,,,,,1.81198,1.83 1.82 1.815 1.805 1.8 1.795 1.79 1.785 1.78
assets/tradingview/2024-11/2024-11-06_10h13_msg12224_oWIc3Kjf.png,12224,2024-11-06T10:13:11,EURNZD,4h,2024-11-06T10:12:00,,,,,,,1.845 1.84 1.835 1.83 1.82 1.815 1.81 1.805 1.795 1.79 1.785 1.78 1.775 1.77 1.765 1.76
ChatExport_2026-10-01/photos/photo_2925@06-11-2024_10-14-48.jpg,12225,2024-11-06T10:14:48,EURUSD,,,,,,,,,1.8271 1.8245 1.8219 1.8193 1.8167 1.8141 1.8115 1.8089 1.8063 1.7985 1.7959 1.7933 1.7881 1.7855
assets/tradingview/2024-11/2024-11-07_02h41_msg12228_2xlgwyGx.png,12228,2024-11-07T02:41:22,GBPAUD,4h,2024-11-07T02:41:00,1.97519,1.98123,1.9536,vente,1.9536,1.98123 1.95358,1.995 1.99 1.985 1.97519 1.97 1.965 1.96 1.95 1.945 1.94 1.935 1.93 1.925
assets/tradingview/2024-11/2024-11-07_02h57_msg12233_LbQ3OeBQ.png,12233,2024-11-07T02:57:11,EURNZD,1h,2024-11-07T02:57:00,1.81546,1.82203,1.79496,vente,1.79496,1.82203 1.79813,1.83 1.82 1.81546 1.81 1.805 1.8 1.79 1.785
ChatExport_2026-10-01/photos/photo_2928@07-11-2024_16-52-00.jpg,12239,2024-11-07T16:52:00,,,,,,,,,,1.31 1.3 1.295 1.28 1.275 1.27 1.26 1.305 1.29 1.285 1.265
assets/tradingview/2024-11/2024-11-07_18h57_msg12243_DYyshOvq.png,12243,2024-11-07T18:57:15,GBPUSD,1h,2024-11-07T18:56:00,1.29996,1.306,1.28321,vente,1.28321,1.306 1.29743,1.31 1.308 1.304 1.302 1.29996 1.294 1.292 1.29 1.288 1.286 1.284 1.282 1.28 1.278 1.276
ChatExport_2026-10-01/photos/photo_2929@08-11-2024_13-23-20.jpg,12247,2024-11-08T13:23:20,,,,,,,,1.28706,,1.31 1.302 1.30009 1.298 1.296 1.292 1.286 1.284 1.282 1.308 1.306 1.29 1.288 1.28 1.278 1.276
assets/tradingview/2024-11/2024-11-08_17h03_msg12250_R8CTCir9.png,12250,2024-11-08T17:03:23,GBPUSD,1h,2024-11-08T17:03:00,1.30009,1.30409,1.28706,vente,1.28706,1.30409,1.298 1.296 1.294 1.292 1.288 1.286 1.314 1.312 1.31 1.308 1.306 1.302 1.30009 1.284 1.282 1.28 1.278 1.276
ChatExport_2026-10-01/photos/photo_2930@08-11-2024_17-17-41.jpg,12255,2024-11-08T17:17:41,,,,,,,,,,
ChatExport_2026-10-01/photos/photo_2931@11-11-2024_14-13-38.jpg,12263,2024-11-11T14:13:38,,,,,,,,,,
ChatExport_2026-10-01/photos/photo_2933@15-11-2024_02-22-34.jpg,12274,2024-11-15T02:22:34,,,,,,,,,,
assets/tradingview/2024-11/2024-11-15_02h23_msg12275_aCJFqAzx.png,12275,2024-11-15T02:23:06,GBPJPY,1h,2024-11-15T02:22:00,197.504,196.992,199.169,achat,199.169,198.253 196.992,199.6 199.4 199.0 198.8 198.6 198.4 198.0 197.8 197.6 197.2 196.6 196.4 199.703 197.504 196.746
assets/tradingview/2024-11/2024-11-19_02h41_msg12291_UOMniIRx.png,12291,2024-11-19T02:41:43,,,2024-11-19T02:41:00,,,,,,,1.648 1.624 1.622 1.62 1.618 1.616 1.614 1.612 1.646 1.644 1.642 1.64 1.638 1.636 1.634 1.632 1.63
ChatExport_2026-10-01/photos/photo_2941@19-11-2024_08-12-02.jpg,12293,2024-11-19T08:12:02,,,,,,,,,,1.646 1.644 1.638 1.634 1.64 1.636 1.63 1.628 1.626 1.622 1.62 1.618 1.616 1.614
ChatExport_2026-10-01/photos/photo_2942@19-11-2024_08-14-56.jpg,12296,2024-11-19T08:14:56,,,,,,,,1.78893,,1.814 1.812 1.808 1.804 1.80155 1.782 1.78 1.798 1.792 1.79 1.786
assets/tradingview/2024-11/2024-11-19_08h25_msg12299_fvK8sGaU.png,12299,2024-11-19T08:25:02,AUDJPY,1h,2024-11-19T08:24:00,100.8,99.743,101.552,achat,101.552 101.374,100.49 99.743,101.2 101.0 100.8 100.6 99.8 99.6 99.4 99.2
assets/tradingview/2024-11/2024-11-21_14h13_msg12311_qG6RrGiU.png,12311,2024-11-21T14:13:57,USDJPY,4h,2024-11-21T14:12:00,155.836,156.643,154.493,vente,154.493 152.583,156.643,157.5 157.0 156.5 155.836 155.691 155.5 155.0 154.0 153.5 153.0 152.0 151.5 151.0
assets/tradingview/2024-11/2024-11-21_17h11_msg12317_tiz4EsdA.png,12317,2024-11-21T17:11:47,GBPAUD,4h,2024-11-21T17:11:00,,,,,1.93421,1.9349,1.98 1.95217 1.925 1.92 1.915 1.91 1.905
ChatExport_2026-10-01/photos/photo_2945@21-11-2024_18-28-51.jpg,12324,2024-11-21T18:28:51,,,,,,,,,,
assets/tradingview/2024-11/2024-11-22_02h46_msg12334_vE3fTfUM.png,12334,2024-11-22T02:46:05,AUDNZD,4h,2024-11-22T02:45:00,1.10307,1.10061,1.11089,achat,1.11089,1.10061,1.113 1.112 1.11 1.109 1.108 1.107 1.106 1.105 1.104 1.102 1.101 1.099 1.098 1.097 1.10307
assets/tradingview/2024-11/2024-11-25_15h29_msg12360_MCjehORo.png,12360,2024-11-25T15:29:03,NZDJPY,4h,2024-11-25T15:28:00,,,,,,,95.0 94.0 93.0 92.0 91.0 89.0 88.0 87.0 86.0 85.0
assets/tradingview/2024-11/2024-11-25_17h10_msg12366_C2X741eP.png,12366,2024-11-25T17:10:03,,,2024-11-25T17:09:00,,,,,,,1.638 1.636 1.634 1.632 1.63 1.628 1.626 1.624 1.622 1.62 1.618 1.616 1.612 1.61 1.608 1.606 1.604 1.602 1.6 1.598 1.596 1.594
ChatExport_2026-10-01/photos/photo_2962@26-11-2024_00-44-52.jpg,12371,2024-11-26T00:44:52,,,,,,,,,,16.78 0.0
assets/tradingview/2024-11/2024-11-26_01h36_msg12376_JNBFuR3p.png,12376,2024-11-26T01:36:20,NZDJPY,4h,2024-11-26T01:36:00,,,,,,89.646,94.0 93.5 93.0 92.5 92.0 91.5 91.0 90.5 90.0 89.0 88.5 88.0 87.5 87.0 86.5 86.0 85.5
assets/tradingview/2024-11/2024-11-27_00h52_msg12377_LdIXJDcr.png,12377,2024-11-27T00:52:39,NZDJPY,4h,2024-11-27T00:52:00,,,,,,,93.0 92.5 92.0 91.5 91.0 90.5 89.5 88.5 88.0 87.5 87.0 86.5 86.0 85.5 85.0
assets/tradingview/2024-11/2024-11-27_01h02_msg12381_BN2sEOMQ.png,12381,2024-11-27T01:02:34,NZDJPY,15,2024-11-27T01:02:00,,,,,,,91.0 90.8 90.6 90.4 90.2 89.8 89.4 89.2 89.0 88.8 88.6 88.4 88.2 88.0 87.8 87.6 87.4 87.2
assets/tradingview/2024-11/2024-11-27_01h20_msg12384_YrOeQ5sC.png,12384,2024-11-27T01:20:41,NZDJPY,15,2024-11-27T01:20:00,90.006,90.506,88.475,vente,88.475,90.506 89.74,90.8 90.6 90.4 90.2 90.006 89.4 89.2 89.0 88.8 88.6 88.2 88.0 87.8 87.6 87.4 87.2
assets/tradingview/2024-11/2024-11-27_01h30_msg12388_0x8KhcH7.png,12388,2024-11-27T01:30:15,,,2024-11-27T01:30:00,,,,,,1.61919,1.645 1.64 1.635 1.63 1.615 1.61 1.605 1.6 1.595 1.59
assets/tradingview/2024-11/2024-11-27_01h35_msg12389_WY1L8xtf.png,12389,2024-11-27T01:35:23,NZDJPY,5,2024-11-27T01:35:00,90.002,90.508,89.654,vente,89.654 88.287,90.508,90.6 90.4 90.2 90.002 89.8 89.4 89.2 89.0 88.8 88.6 88.4 88.2
ChatExport_2026-10-01/photos/photo_2963@27-11-2024_02-15-46.jpg,12391,2024-11-27T02:15:46,,,,,,,,88.285,,91.5 89.5 89.0 88.5 88.0 87.5 91.0 90.002
ChatExport_2026-10-01/photos/photo_2964@27-11-2024_23-08-29.jpg,12393,2024-11-27T23:08:29,,,,,,,,,,1.645 1.62 1.605 1.6 1.635 1.63 1.615 1.61 1.595
assets/tradingview/2024-11/2024-11-29_04h35_msg12397_yyr94RDA.png,12397,2024-11-29T04:35:32,EURAUD,4h,2024-11-29T04:34:00,1.62292,1.62792,1.60279,vente,1.60279,1.62792 1.62132,1.655 1.645 1.64 1.635 1.63 1.62292 1.615 1.61 1.605 1.6 1.595 1.59
assets/tradingview/2024-11/2024-11-29_07h08_msg12399_yTUaOQIK.png,12399,2024-11-29T07:08:49,NZDJPY,4h,2024-11-29T07:07:00,,,,,88.742,,94.0 93.0 92.0 91.0 89.0 88.0 87.0 86.0 85.0 84.0
ChatExport_2026-10-01/photos/photo_2965@29-11-2024_16-04-00.jpg,12404,2024-11-29T16:04:00,,,,,,,,,,1.64 1.635 1.63 1.615 1.61 1.605 1.6 1.595
ChatExport_2026-10-01/photos/photo_2966@29-11-2024_17-00-59.jpg,12406,2024-11-29T17:00:59,,,,,,,,,,1.6254 1.625 1.6246 1.6242 1.6238 1.6234 1.623 1.6226 1.6222 1.6218 1.6214 1.621 1.6194 1.619 2498.14 6.97 1.6206 1.61966 2522.76 16.97
ChatExport_2026-10-01/photos/photo_2967@02-12-2024_15-44-21.jpg,12414,2024-12-02T15:44:21,,,,,,,,92.225 91.81,,97.0 96.0 95.0 94.0 90.848 89.0 87.0 86.0 85.0 84.0 91.111
assets/tradingview/2024-12/2024-12-03_15h57_msg12419_nSvZ3Qd7.png,12419,2024-12-03T15:57:34,GBPJPY,1D,2024-12-03T15:56:00,,,,,187.756,88.836 191.358,193.5 193.0 192.5 192.0 91.5 191.0 100.057 189.5 188.0 187.5 87.0 86.5 86.0 85.5 85.0 84.5 84.0 190.457 187.0 186.5 186.0 185.5 185.0 184.5 184.0
assets/tradingview/2024-12/2024-12-06_11h31_msg12434_F2l25Usi.png,12434,2024-12-06T11:31:06,EURUSD,,2024-12-06T11:30:00,,,,,,,1.105 1.05 1.04 1.035 1.03 1.025 1.02 1.015 1.01 1.1 1.095 1.09 1.085 1.08 1.075 1.07 1.065 1.04555
assets/tradingview/2024-12/2024-12-06_11h33_msg12435_qHzlstye.png,12435,2024-12-06T11:33:45,EURUSD,4h,2024-12-06T11:33:00,1.05491,1.05187,1.06304,achat,1.06304 1.05818,1.05187,1.07 1.068 1.066 1.064 1.062 1.06 1.056 1.054 1.05 1.048 1.044 1.05491 1.04555
assets/tradingview/2024-12/2024-12-06_13h18_msg12438_QmXX7E9O.png,12438,2024-12-06T13:18:36,EURUSD,,2024-12-06T13:18:00,1.06507,1.07063,1.04715,vente,1.06524 1.04715,1.07063 1.05187,1.075 1.06 1.05 1.04 1.035 1.06507 1.05491 1.04555
assets/tradingview/2024-12/2024-12-06_13h32_msg12441_5LkLEuy7.png,12441,2024-12-06T13:32:50,EURUSD,1h,2024-12-06T13:32:00,1.05491,1.05187,1.06524,achat,1.06524 1.0616,1.05187,1.07 1.068 1.06507 1.064 1.06 1.058 1.056 1.054 1.05 1.048 1.05491
ChatExport_2026-10-01/photos/photo_2969@06-12-2024_14-11-18.jpg,12448,2024-12-06T14:11:18,,,,,,,,1.06524,,1.063 1.061 1.059 1.057 1.056 1.054 1.053 1.051 1.06507 1.064 1.062 1.06
ChatExport_2026-10-01/photos/photo_2970@06-12-2024_15-44-04.jpg,12452,2024-12-06T15:44:04,,,,,,,,1.06524,,1.066 1.063 1.061 1.06 1.059 1.058 1.057 1.056 1.053 1.051 1.064 1.062 1.05491
assets/tradingview/2024-12/2024-12-08_15h53_msg12457_1K4v2F1r.png,12457,2024-12-08T15:53:57,EURUSD,4h,2024-12-08T15:52:00,1.06507,1.07063,1.05673,vente,1.06524 1.05673 1.04715,1.07063 1.05187,1.074 1.072 1.068 1.06507 1.064 1.062 1.06 1.058 1.056 1.054 1.05 1.048 1.044 1.042 1.05491 1.04555
ChatExport_2026-10-01/photos/photo_2971@08-12-2024_15-58-48.jpg,12459,2024-12-08T15:58:48,,,,,,,,,,
assets/tradingview/2024-12/2024-12-08_16h04_msg12463_qKPsJ0n7.png,12463,2024-12-08T16:04:55,EURUSD,15,2024-12-08T16:04:00,1.05491,1.05187,1.06524,achat,1.06524,1.07063 1.05187,1.07 1.068 1.06507 1.064 1.062 1.06 1.058 1.056 1.054 1.072 1.05491
assets/tradingview/2024-12/2024-12-09_23h26_msg12476_PxXSTQpU.png,12476,2024-12-09T23:26:53,AUDNZD,1h,2024-12-09T23:26:00,1.09846,1.09452,1.1069,achat,1.1069,1.09452,1.099 1.096 1.093 1.092 1.091 1.106 1.105 1.104 1.103 1.102 1.101 1.1 1.09846 1.09725 1.095 1.094
assets/tradingview/2024-12/2024-12-10_01h12_msg12479_ouqvBEIP.png,12479,2024-12-10T01:12:40,EURAUD,4h,2024-12-10T01:12:00,1.64532,1.65307,1.62974,vente,1.62974,1.65307,1.655 1.635 1.625 1.62 1.615 1.61 1.605 1.6 1.64532
ChatExport_2026-10-01/photos/photo_2973@10-12-2024_01-18-04.jpg,12482,2024-12-10T01:18:04,AUDNZD,,,,,,,,,1.103 1.10225 1.1015 1.10075 1.09925 1.0985 1.09775 1.097 1.09625 1.0955 1.09475 1.094 1.09325
assets/tradingview/2024-12/2024-12-10_03h29_msg12486_GGBEkbZj.png,12486,2024-12-10T03:29:55,EURAUD,4h,2024-12-10T03:29:00,1.64532,1.65307,1.62974,vente,1.6453 1.62974,1.65307,1.655 1.64532 1.64 1.635 1.625 1.62 1.615 1.61 1.605
assets/tradingview/2024-12/2024-12-10_03h32_msg12487_SbmlihQc.png,12487,2024-12-10T03:32:56,EURAUD,1h,2024-12-10T03:32:00,1.64532,1.65307,1.62974,vente,1.6532 1.62974,1.65307,1.656 1.648 1.64532 1.644 1.642 1.64 1.638 1.636 1.634 1.632 1.628 1.626 1.624 1.622 1.62 1.618 1.616 1.614
ChatExport_2026-10-01/photos/photo_2974@10-12-2024_03-43-26.jpg,12491,2024-12-10T03:43:26,,,,,,,,,,1.1027 1.1021 1.1015 1.1009 1.1003 1.0997 1.0991 1.0985 1.0979 1.0973 1.0955 1.0949 1.0943 1.0937 1.0931
ChatExport_2026-10-01/photos/photo_2975@10-12-2024_11-04-15.jpg,12494,2024-12-10T11:04:15,,,,,,,,1.62974,,1.665 1.66 1.655 1.64 1.635 1.625 1.62 1.615 1.61 1.605
ChatExport_2026-10-01/photos/photo_2976@10-12-2024_11-05-14.jpg,12496,2024-12-10T11:05:14,AUDNZD,,,1.09725,1.09419,1.1069,achat,1.1069,1.09419,1.108 1.106 1.104 1.1 1.09725 1.096 1.092 1.09 1.088 1.102 1.086 1.084
ChatExport_2026-10-01/photos/photo_2977@10-12-2024_11-06-37.jpg,12497,2024-12-10T11:06:37,AUDNZD,,,,,,,,,1.1009 1.10045 1.1 1.09955 1.0991 1.09865 1.09775 1.0973 1.09685 1.0964 1.09595 1.0955 1.09505 1.0946 1.09415 1.0937 1.09325 1.0391
ChatExport_2026-10-01/photos/photo_2978@10-12-2024_18-07-06.jpg,12498,2024-12-10T18:07:06,,,,,,,,,,1.10225 1.10156 1.10075 1.1 1.03977 1.09977
ChatExport_2026-10-01/photos/photo_2980@10-12-2024_18-09-16.jpg,12501,2024-12-10T18:09:16,AUDNZD,,,,,,,,,1.10225 1.1015 1.10075 1.09925 1.0985 1.09775 1.097 1.09625 1.0955 1.09475 1.094 1.09325
assets/tradingview/2024-12/2024-12-11_22h15_msg12508_GFVSR8o7.png,12508,2024-12-11T22:15:57,AUDNZD,4h,2024-12-11T22:15:00,1.09725,1.09419,1.10645,achat,1.10645,1.10106 1.09419,1.11 1.108 1.104 1.102 1.1 1.098 1.09725 1.096 1.092 1.09 1.088
ChatExport_2026-10-01/photos/photo_2981@11-12-2024_22-16-40.jpg,12509,2024-12-11T22:16:40,,,,,,,,,,
ChatExport_2026-10-01/photos/photo_2982@12-12-2024_01-35-18.jpg,12512,2024-12-12T01:35:18,,,,,,,,,,
ChatExport_2026-10-01/photos/photo_2988@27-12-2024_22-28-08.jpg,12540,2024-12-27T22:28:08,,,,,,,,,,
ChatExport_2026-10-01/photos/photo_2989@27-12-2024_22-28-10.jpg,12541,2024-12-27T22:28:10,,,,,,,,,,
ChatExport_2026-10-01/photos/photo_3001@05-01-2025_12-09-01.jpg,12582,2025-01-05T12:09:01,,,,,,,,,,
ChatExport_2026-10-01/photos/photo_3002@06-01-2025_00-20-15.jpg,12590,2025-01-06T00:20:15,,,,,,,,,,
ChatExport_2026-10-01/photos/photo_3003@06-01-2025_00-21-49.jpg,12591,2025-01-06T00:21:49,,,,,,,,,,
ChatExport_2026-10-01/photos/photo_3005@06-01-2025_12-30-19.jpg,12599,2025-01-06T12:30:19,,,,,,,,,,109.8 9.6 9.4 9.2 9.0 8.8 8.6 8.4 8.2 7.8 7.6 7.4 7.2 107.0 109.6 109.4 109.2 109.0 108.8 108.6 108.4 108.2 107.8 107.6 107.4 107.2
assets/tradingview/2025-01/2025-01-06_15h21_msg12604_6BZGndNf.png,12604,2025-01-06T15:21:41,,30,2025-01-06T15:21:00,,,,,,,9.3 9.2 9.1 8.8 8.6 8.5 8.2 8.1 8.0 109.3 109.2 109.1 109.0 108.9 108.8 108.7 108.6 108.5 108.4 108.2 108.1 108.0 107.9 107.8 107.7 107.6 107.5 107.4 107.3 107.2 107.1 107.0 106.9 106.8 16.706
assets/tradingview/2025-01/2025-01-07_14h43_msg12607_K0ALiWrD.png,12607,2025-01-07T14:43:18,USDCHF,1h,2025-01-07T14:42:00,0.90495,0.90194,0.91243,achat,0.91243,0.90194,0.911 0.909 0.908 0.904 0.901 0.9 0.899 0.916 0.915 0.914 0.913 0.912 0.91 0.906 0.90495 0.903
ChatExport_2026-10-01/photos/photo_3007@08-01-2025_10-27-43.jpg,12611,2025-01-08T10:27:43,,,,,,,,,,
ChatExport_2026-10-01/photos/photo_3009@08-01-2025_12-45-46.jpg,12613,2025-01-08T12:45:46,,,,,,,,,,1.256 1.254 1.252 1.248 1.236 1.232 1.246 1.244 1.242 1.24 1.238
assets/tradingview/2025-01/2025-01-10_08h38_msg12633_uu2nX3EU.png,12633,2025-01-10T08:38:01,GBPUSD,,2025-01-10T08:37:00,1.234,1.2366,1.22968,vente,1.22968,1.2366,1.244 1.242 1.24 1.238 1.234 1.228 1.224 1.222 1.218 1.216 1.214
assets/tradingview/2025-01/2025-01-10_08h39_msg12635_X5JSG8yQ.png,12635,2025-01-10T08:39:54,GBPUSD,4h,2025-01-10T08:39:00,1.24026,1.24358,1.22928,vente,1.22928 1.22603,1.24358,1.248 1.246 1.242 1.238 1.236 1.234 1.232 1.23 1.224 1.222 1.22 1.218 1.216 1.214 1.24026
assets/tradingview/2025-01/2025-01-10_08h41_msg12637_AM97EWKe.png,12637,2025-01-10T08:41:39,GBPUSD,,2025-01-10T08:41:00,,,,,1.22999,1.23082,1.245 1.24 1.235 1.22 1.215 1.205 1.2 1.195 1.19 1.185
assets/tradingview/2025-01/2025-01-10_13h38_msg12640_1xt7AEQ7.png,12640,2025-01-10T13:38:56,GBPUSD,30,2025-01-10T13:38:00,1.22498,1.23215,1.19997,vente,1.19997,1.23215,1.236 1.234 1.23 1.228 1.224 1.22 1.218 1.202 1.198 1.22498 1.216 1.214 1.212 1.21 1.208 1.206 1.204
ChatExport_2026-10-01/photos/photo_3010@10-01-2025_14-26-57.jpg,12642,2025-01-10T14:26:57,GBPUSD,,,1.22498,1.23215,1.1999,vente,1.1999,1.23215,1.235 1.23 1.22498 1.215 1.21 1.205 1.195 1.185
assets/tradingview/2025-01/2025-01-10_16h20_msg12643_vgYI5jE7.png,12643,2025-01-10T16:20:01,GBPUSD,1h,2025-01-10T16:17:00,1.228,1.23215,1.19997,vente,1.19997,1.23215,1.24 1.238 1.236 1.234 1.23 1.228 1.224 1.222 1.198 1.218 1.216 1.214 1.212 1.21 1.208 1.206 1.204 1.202
ChatExport_2026-10-01/photos/photo_3013@13-01-2025_09-13-45.jpg,12662,2025-01-13T09:13:45,,,,,,,,,,1.235 1.23 1.22498 1.22 1.21 1.205 1.195
assets/tradingview/2025-01/2025-01-14_00h18_msg12664_X6bifptJ.png,12664,2025-01-14T00:18:36,AUDJPY,1h,2025-01-14T00:18:00,97.494,98.024,95.887,vente,97.419 95.887,98.024,98.6 98.4 98.2 97.8 97.494 97.2 97.0 96.8 96.6 96.4 96.2 96.0 95.8 95.6 95.4
assets/tradingview/2025-01/2025-01-14_02h53_msg12671_6H2lcSpL.png,12671,2025-01-14T02:53:15,EURNZD,1D,2025-01-14T02:51:00,,,,,,,1.855 1.845 1.84 1.835 1.83 1.82 1.815 1.81 1.805 1.795 1.79 1.78 1.775 1.77
ChatExport_2026-10-01/photos/photo_3014@14-01-2025_13-10-01.jpg,12674,2025-01-14T13:10:01,,,,,,,,,,
ChatExport_2026-10-01/photos/photo_3015@14-01-2025_13-10-05.jpg,12675,2025-01-14T13:10:05,,,,,,,,,,194.0 193.5 193.0 192.0 191.5 191.0 190.5 190.0
ChatExport_2026-10-01/photos/photo_3016@14-01-2025_13-11-07.jpg,12676,2025-01-14T13:11:07,,,,,,,,,,1.23 1.21 1.205 1.195 1.24 1.235 1.22
ChatExport_2026-10-01/photos/photo_3017@14-01-2025_13-11-48.jpg,12677,2025-01-14T13:11:48,,,,,,,,95.894,,98.4 98.2 97.8 97.501 97.2 97.0 96.8 96.6 96.4 96.2 96.0 95.8 95.6
ChatExport_2026-10-01/photos/photo_3018@15-01-2025_07-13-29.jpg,12686,2025-01-15T07:13:29,,,,,,,,,,
ChatExport_2026-10-01/photos/photo_3020@15-01-2025_07-43-05.jpg,12690,2025-01-15T07:43:05,,,,,,,,95.89,,98.6 98.4 98.2 97.8 97.0 96.8 96.6 96.4 96.2 96.0 95.8 98.767 97.497
assets/tradingview/2025-01/2025-01-15_13h09_msg12696_K4o2QJ4R.png,12696,2025-01-15T13:09:32,USDJPY,4h,2025-01-15T13:09:00,,,,,,,161.0 160.5 160.0 159.5 159.0 158.5 158.0 156.5 156.0 155.5 155.0 154.5 154.0 153.5 153.0
assets/tradingview/2025-01/2025-01-15_13h31_msg12699_NSK097vn.png,12699,2025-01-15T13:31:32,USDJPY,1h,2025-01-15T13:31:00,,,,,,156.43,158.5 158.0 157.0 156.0 155.5 155.0 154.5
assets/tradingview/2025-01/2025-01-15_13h33_msg12701_laQphtKv.png,12701,2025-01-15T13:33:28,,5,2025-01-15T13:33:00,,,,,,108.63,109.4 109.3 109.2 109.1 109.0 108.9 108.8 108.7 108.5 108.4
assets/tradingview/2025-01/2025-01-15_16h42_msg12705_vig1gIDA.png,12705,2025-01-15T16:42:20,GBPJPY,30,2025-01-15T16:42:00,,,,,,,193.0 192.8 192.6 192.4 92.2 92.0 91.8 91.6 91.4 189.8 192.2 192.0 191.8 191.6 191.4
assets/tradingview/2025-01/2025-01-16_02h14_msg12711_KBIBw90k.png,12711,2025-01-16T02:14:41,GBPJPY,30,2025-01-16T02:14:00,,,,,190.244,,192.8 192.6 192.4 192.2 192.0 191.8 191.6 191.4 191.2 191.0 190.8 190.6 190.4 189.8 189.6 189.4 189.2 189.0
ChatExport_2026-10-01/photos/photo_3021@16-01-2025_12-55-01.jpg,12714,2025-01-16T12:55:01,,,,,,,,,,
assets/tradingview/2025-01/2025-01-18_13h16_msg12728_1jxBvv1t.png,12728,2025-01-18T13:16:48,,,,,,,,92.225 91.81,90.337 90.172,96.0 95.5 95.0 94.5 94.0 93.5 93.0 92.5 91.111 90.848 89.5 89.0 88.5 88.0 87.5 87.0 86.5 86.0 85.5 84.5 84.0 83.5 83.0
assets/tradingview/2025-01/2025-01-20_16h39_msg12746_U6NbkffN.png,12746,2025-01-20T16:39:47,EURUSD,1D,2025-01-20T16:38:00,,,,,,,1.16 1.14 1.12 1.1 1.08 1.06 1.02 1.0
assets/tradingview/2025-01/2025-01-20_16h41_msg12747_goJSfhPm.png,12747,2025-01-20T16:41:58,EURUSD,1D,2025-01-20T16:41:00,,,,,,,1.16 1.14 1.12 1.1 1.08 1.06 1.02 1.0 0.98 0.96
assets/tradingview/2025-01/2025-01-21_01h08_msg12750_7D3u5v6G.png,12750,2025-01-21T01:08:54,USDCAD,1D,2025-01-21T01:08:00,,,,,1.44782,,1.51 1.5 1.49 1.48 1.47 1.46 1.44 1.43 1.42 1.41 1.4 1.39 1.38 1.37
assets/tradingview/2025-01/2025-01-22_19h33_msg12756_UzyZiYLb.png,12756,2025-01-22T19:33:16,,1D,2025-01-22T19:33:00,,,,,,,110.0 109.5 109.0 108.5 107.0 106.5 106.0 105.5 105.0 104.5 104.0 103.5 103.0 110.438
assets/tradingview/2025-01/2025-01-22_19h35_msg12758_xzj0lCFm.png,12758,2025-01-22T19:35:31,EURUSD,1D,2025-01-22T19:35:00,,,,,,,1.08 1.075 1.07 1.065 1.06 1.055 1.045 1.035 1.03 1.025 1.02 1.015 1.01 1.005
assets/tradingview/2025-01/2025-01-23_12h35_msg12762_G6KBrjD1.png,12762,2025-01-23T12:35:05,NZDJPY,1D,2025-01-23T12:34:00,,,,,,88.49,89.6 89.4 89.2 89.0 88.8 88.6 88.2 88.0 87.8 87.6 87.4 87.2 87.0 86.8 86.6
assets/tradingview/2025-01/2025-01-23_12h38_msg12765_yFWxpDEX.png,12765,2025-01-23T12:38:23,CHFJPY,4h,2025-01-23T12:38:00,172.507,173.011,170.491,vente,170.491,173.011 172.355,173.5 172.507 172.0 171.5 171.0 170.0 169.5
assets/tradingview/2025-01/2025-01-23_16h03_msg12768_xgIphmxa.png,12768,2025-01-23T16:03:46,CHFJPY,4h,2025-01-23T16:03:00,172.498,173.004,170.182,vente,170.182,173.004 171.8,174.0 173.5 172.498 172.0 171.5 171.0 170.5 170.0 169.5 169.0
ChatExport_2026-10-01/photos/photo_3022@24-01-2025_08-16-30.jpg,12771,2025-01-24T08:16:30,,,,,,,,170.639,,173.5 172.0 171.0 170.5 170.0 169.5 172.509
ChatExport_2026-10-01/photos/photo_3023@24-01-2025_08-18-29.jpg,12773,2025-01-24T08:18:29,,,,,,,,,,89.8 89.6 89.4 89.2 89.0 88.8 88.4 88.2 88.0 87.8 87.6 87.4 87.2 87.0
assets/tradingview/2025-01/2025-01-24_08h51_msg12777_DcAqhliM.png,12777,2025-01-24T08:51:35,,4h,2025-01-24T08:50:00,,,,,,107.456,110.0 109.8 109.6 109.4 109.2 109.0 108.8 108.6 108.4 108.2 108.0 107.8 107.2 107.0 106.8 106.6 106.4
assets/tradingview/2025-01/2025-01-24_08h53_msg12780_QtZzbWS0.png,12780,2025-01-24T08:53:29,,,2025-01-24T08:53:00,,,,,1.04929,,1.056 1.054 1.052 1.046 1.044 1.042 1.04 1.038 1.036 1.034 1.032 1.03 1.028 1.026 1.024 1.022 1.02
ChatExport_2026-10-01/photos/photo_3025@24-01-2025_13-02-58.jpg,12785,2025-01-24T13:02:58,,,,,,,,,,1.053 1.052 1.051 1.049 1.046 1.045 1.044 1.043 1.042 1.041 1.04 1.048
ChatExport_2026-10-01/photos/photo_3026@24-01-2025_13-03-40.jpg,12786,2025-01-24T13:03:40,,,,,,,,,,110.0 109.5 109.0 108.5 108.0 107.0 106.5 106.0
ChatExport_2026-10-01/photos/photo_3027@27-01-2025_14-01-41.jpg,12789,2025-01-27T14:01:41,,,,,,,,,,89.5 89.0 88.5 88.0 87.5 87.0 86.5
assets/tradingview/2025-01/2025-01-28_13h16_msg12798_Lww4rZ2J.png,12798,2025-01-28T13:16:45,AUDJPY,1h,2025-01-28T13:16:00,,,,,96.986,,99.2 99.0 98.8 98.6 98.4 98.2 98.0 97.8 97.6 97.4 97.2 96.8 96.6 96.4 96.2 96.0 95.8 95.6
assets/tradingview/2025-01/2025-01-28_15h39_msg12800_AtAcxp3D.png,12800,2025-01-28T15:39:35,AUDUSD,30,2025-01-28T15:39:00,,,,,0.62522,,0.627 0.6268 0.6266 0.6264 0.6262 0.626 0.6258 0.6256 0.6254 0.625 0.6248 0.6246 0.6244 0.6242 0.624 0.6238 0.6236 0.6234 0.6232
assets/tradingview/2025-01/2025-01-28_15h47_msg12805_Fy3XRMAr.png,12805,2025-01-28T15:47:27,,,2025-01-28T15:47:00,,,,,,97.22,97.75 97.7 97.65 97.6 97.55 97.45 97.4 97.35 97.3 97.25 97.15 97.1 97.05 97.0 96.95 96.9 96.85 96.8 96.75 96.7
assets/tradingview/2025-01/2025-01-29_00h32_msg12807_guoLxHb9.png,12807,2025-01-29T00:32:36,,,2025-01-29T00:32:00,,,,,,0.62298,0.628 0.6275 0.627 0.6265 0.626 0.6255 0.6245 0.624 0.6235 0.6225 0.622
assets/tradingview/2025-01/2025-01-29_13h06_msg12811_RMuXpF3i.png,12811,2025-01-29T13:06:23,AUDUSD,,2025-01-29T13:06:00,0.62408,0.62559,0.61666,vente,0.61666,0.62559 0.62552 0.62224,0.628 0.627 0.62408 0.62302 0.621 0.62 0.619 0.618 0.617 0.615
assets/tradingview/2025-01/2025-01-29_16h18_msg12814_0TyMaVyN.png,12814,2025-01-29T16:18:27,AUDUSD,,2025-01-29T16:16:00,0.62408,0.62559,0.62286,vente,0.62286 0.61666 0.61664,0.62559 0.62552,0.628 0.627 0.62408 0.62302 0.622 0.621 0.62 0.619 0.618 0.617 0.616
ChatExport_2026-10-01/photos/photo_3028@29-01-2025_19-13-09.jpg,12816,2025-01-29T19:13:09,,,,,,,,,,
assets/tradingview/2025-01/2025-01-29_23h48_msg12827_vjpCXbjV.png,12827,2025-01-29T23:48:01,EURUSD,1D,2025-01-29T23:47:00,1.04451,1.04758,1.04264,vente,1.04264,1.04758,1.056 1.054 1.052 1.05 1.046 1.04451
ChatExport_2026-10-01/photos/photo_3029@30-01-2025_06-52-29.jpg,12829,2025-01-30T06:52:29,,,,,,,,,,0.617
ChatExport_2026-10-01/photos/photo_3030@30-01-2025_14-06-28.jpg,12836,2025-01-30T14:06:28,,,,,,,,107.685,,108.7 108.6 108.5 108.4 108.3 108.2 108.1 108.0 107.9 107.8 107.6 107.4
ChatExport_2026-10-01/photos/photo_3031@30-01-2025_14-09-54.jpg,12837,2025-01-30T14:09:54,,,,,,,,,1.04758,1.052 1.05 1.046 1.042 1.04 1.038 1.036 1.032 1.03 1.028
ChatExport_2026-10-01/photos/photo_3032@30-01-2025_20-53-51.jpg,12838,2025-01-30T20:53:51,EURUSD,,,,,,,,,1.043 1.039 1.038 1.04
ChatExport_2026-10-01/photos/photo_3033@30-01-2025_20-54-30.jpg,12839,2025-01-30T20:54:30,EURUSD,,,1.0444,1.04747,1.03417,vente,1.03417,1.08747 1.04069 1.04747,1.052 1.05 1.046 1.042 1.038 1.036 1.032 1.03 1.028 1.026 1.024 1.0444
ChatExport_2026-10-01/photos/photo_3034@31-01-2025_09-31-17.jpg,12840,2025-01-31T09:31:17,,,,,,,,1.0341,1.03674,1.06 1.058 1.056 1.054 1.052 1.05 1.046 1.0444 1.042 1.04 1.038 1.032 1.03 1.028 1.026 1.024
ChatExport_2026-10-01/photos/photo_3035@31-01-2025_09-31-59.jpg,12841,2025-01-31T09:31:59,EURUSD,,,,,,,,,1.054 1.046 1.044
assets/tradingview/2025-02/2025-02-05_07h07_msg12851_LIkYPZPe.png,12851,2025-02-05T07:07:54,,1h,2025-02-05T07:07:00,,,,,159.156,,162.0 161.5 161.0 160.5 159.5 158.5 158.0 157.5
assets/tradingview/2025-02/2025-02-05_07h11_msg12853_VbBLQzaS.png,12853,2025-02-05T07:11:07,CHFJPY,,2025-02-05T07:10:00,170.666,171.269,168.067,vente,168.067,171.269 169.484,173.5 173.0 172.0 171.5 171.0 170.666 170.5 170.0 169.0 168.5 168.04 167.5 167.0 166.5 166.0 165.5
ChatExport_2026-10-01/photos/photo_3036@05-02-2025_15-34-43.jpg,12855,2025-02-05T15:34:43,,,,,,,,,,
ChatExport_2026-10-01/photos/photo_3037@06-02-2025_01-49-47.jpg,12863,2025-02-06T01:49:47,CHFJPY,,,,,,,,,172.5 172.0 169.0
assets/tradingview/2025-02/2025-02-06_01h51_msg12864_0Rvk5msB.png,12864,2025-02-06T01:51:05,EURJPY,4h,2025-02-06T01:50:00,,,,,,158.034,163.5 163.0 162.5 162.0 161.5 161.0 160.5 159.5 159.0 158.5 157.998 157.5 157.0
ChatExport_2026-10-01/photos/photo_3040@06-02-2025_10-41-20.jpg,12869,2025-02-06T10:41:20,,,,,,,,,,1.27 1.265 1.26 1.255 1.245 1.235 1.23 1.225 1.22
ChatExport_2026-10-01/photos/photo_3041@06-02-2025_12-08-03.jpg,12873,2025-02-06T12:08:03,,,,,,,,,,
assets/tradingview/2025-02/2025-02-07_13h50_msg12880_jinVnQSC.png,12880,2025-02-07T13:50:07,AUDUSD,1D,2025-02-07T13:49:00,0.62978,0.63086,0.6233,vente,0.6233,0.63086 0.62726,0.64 0.635 0.62978 0.62834 0.625 0.62 0.615 0.61 0.605 0.595
assets/tradingview/2025-02/2025-02-07_13h52_msg12882_As1BubG6.png,12882,2025-02-07T13:52:02,,1h,2025-02-07T13:51:00,,,,,,,
assets/tradingview/2025-02/2025-02-07_17h00_msg12886_crqkvw9w.png,12886,2025-02-07T17:00:59,AUDUSD,30,2025-02-07T17:00:00,0.62978,0.63042,0.62068,vente,0.62068,0.63042,0.632 0.631 0.62978 0.629 0.627 0.625 0.624 0.623 0.622 0.621 0.62 0.619 0.618 0.62791
ChatExport_2026-10-01/photos/photo_3043@09-02-2025_10-58-11.jpg,12889,2025-02-09T10:58:11,,,,,,,,,,1.04121 1.24928 2886.76 32.645 189.583 0.83552 7.04121
ChatExport_2026-10-01/photos/photo_3044@11-02-2025_15-34-26.jpg,12895,2025-02-11T15:34:26,,,,,,,,1.0339,,1.042 1.04 1.038 1.036 1.032 1.03 1.028 1.026 1.024
ChatExport_2026-10-01/photos/photo_3045@12-02-2025_13-35-41.jpg,12898,2025-02-12T13:35:41,EURUSD,,,,,,,,,
ChatExport_2026-10-01/photos/photo_3046@12-02-2025_15-32-46.jpg,12901,2025-02-12T15:32:46,EURUSD,,,1.03585,1.03889,1.02258,vente,1.03604 1.02258,1.03889 1.03884,1.044 1.042 1.038 1.03585 1.03425 1.032 1.03 1.028 1.026
ChatExport_2026-10-01/photos/photo_3047@12-02-2025_15-47-07.jpg,12902,2025-02-12T15:47:07,,,,,,,,,1.03889 1.03884 1.03745,1.0405 1.04 1.0395 1.0385 1.038 1.037 1.0365 1.0355 1.035 1.0345 1.03425 1.034 1.0335 1.036 1.03585
ChatExport_2026-10-01/photos/photo_3048@12-02-2025_15-50-41.jpg,12903,2025-02-12T15:50:41,,,,,,,,,,
assets/tradingview/2025-03/2025-03-04_16h47_msg12940_oSUP64T0.png,12940,2025-03-04T16:47:19,,,2025-03-04T16:47:00,,,,,,106.159,109.5 109.0 108.5 108.0 107.0 106.5 106.098 105.5 105.0 104.5 104.0
assets/tradingview/2025-03/2025-03-06_13h29_msg12946_EzbHd2P0.png,12946,2025-03-06T13:29:38,CHFJPY,,2025-03-06T13:29:00,167.502,168.065,166.524,vente,166.524 165.019,168.065 168.005,169.5 169.0 168.5 167.51 167.502 167.0 165.5 165.0 164.0 163.5 163.0 162.5
assets/tradingview/2025-03/2025-03-06_13h34_msg12948_idBG69R2.png,12948,2025-03-06T13:34:15,USDJPY,,2025-03-06T13:34:00,147.887,147.706,148.259,achat,148.259 147.5,150.5 147.706 147.518,151.5 151.0 150.0 149.5 149.0 148.5 147.887 147.0 146.5
ChatExport_2026-10-01/photos/photo_3060@20-03-2025_09-07-11.jpg,12994,2025-03-20T09:07:11,,,,,,,,,1.71428,1.735 1.73 1.725 1.71781 1.71 1.705 1.7
ChatExport_2026-10-01/photos/photo_3061@20-03-2025_09-07-11.jpg,12995,2025-03-20T09:07:11,,,,,,,,,,1.73 1.728 1.726 1.724 1.722 1.72 1.7178 1.716 1.712 1.71 1.708
ChatExport_2026-10-01/photos/photo_3062@20-03-2025_09-22-53.jpg,12997,2025-03-20T09:22:53,,,,,,,,,,1.11 1.105 1.1 1.09 1.08 1.07 1.09403 1.09186
ChatExport_2026-10-01/photos/photo_3063@20-03-2025_11-01-42.jpg,13000,2025-03-20T11:01:42,,,,,,,,0.96215,,
ChatExport_2026-10-01/photos/photo_3064@20-03-2025_11-02-16.jpg,13001,2025-03-20T11:02:16,,,,,,,,,,
ChatExport_2026-10-01/photos/photo_3065@20-03-2025_11-03-15.jpg,13003,2025-03-20T11:03:15,,,,,,,,,,180.67 639.65 477.9 161.75 133.85
ChatExport_2026-10-01/photos/photo_3066@20-03-2025_12-11-30.jpg,13004,2025-03-20T12:11:30,,,,,,,,,,0.0 54.07
ChatExport_2026-10-01/photos/photo_3067@20-03-2025_12-15-59.jpg,13007,2025-03-20T12:15:59,EURAUD,,,1.7178,1.71422,1.72675,achat,1.72675,1.71422,1.736 1.734 1.732 1.73 1.724 1.722 1.72 1.716 1.712 1.71 1.706 1.704 1.728 1.7178
ChatExport_2026-10-01/photos/photo_3068@20-03-2025_13-32-33.jpg,13011,2025-03-20T13:32:33,,,,,,,,,,101.0 51.0 83.95 0.0 235.95
ChatExport_2026-10-01/photos/photo_3069@20-03-2025_15-23-08.jpg,13016,2025-03-20T15:23:08,,,2025-03-20T12:45:00,,,,,,,1.164 1.162 1.16 1.156 1.154 1.15 1.148 1.146 1.14211 1.14 1.136 1.134 1.132 1.13 1.152
ChatExport_2026-10-01/photos/photo_3070@20-03-2025_15-23-08.jpg,13018,2025-03-20T15:23:08,,,2025-03-20T13:53:00,,,,,,,1.158 1.156 1.154 1.152 1.18 1.148 1.146 1.14 1.138 1.136
assets/tradingview/2025-03/2025-03-20_15h23_msg13019_tbEEZiYE.png,13019,2025-03-20T15:23:54,GBPCHF,,2025-03-20T15:23:00,1.14218,1.13783,1.15305,achat,1.15305,1.13783,1.154 1.152 1.148 1.144 1.14 1.14218
assets/tradingview/2025-03/2025-03-26_11h56_msg13032_AHzOXou5.png,13032,2025-03-26T11:56:45,GBPUSD,,2025-03-26T11:56:00,1.29511,1.29763,1.28624,vente,1.28624,1.29763 1.29,1.304 1.302 1.3 1.296 1.29511 1.294 1.292 1.288 1.284 1.282 1.28
assets/tradingview/2025-03/2025-03-26_11h57_msg13033_RJPp2f9z.png,13033,2025-03-26T11:57:45,,,2025-03-26T11:57:00,,,,,0.62024,0.63214,0.638 0.636 0.63209 0.628 0.626 0.624 0.622 0.618 0.616 0.614
assets/tradingview/2025-03/2025-03-26_12h04_msg13036_cCf5NHED.png,13036,2025-03-26T12:04:21,AUDJPY,,2025-03-26T12:04:00,94.325,94.024,95.707,achat,95.707 94.938,94.024,96.2 96.0 95.8 95.6 95.4 95.2 94.6 94.325 94.2 93.8 93.6 93.4 93.2 93.0
ChatExport_2026-10-01/photos/photo_3072@26-03-2025_19-08-17.jpg,13040,2025-03-26T19:08:17,,,,,,,,,,
ChatExport_2026-10-01/photos/photo_3073@26-03-2025_19-08-56.jpg,13041,2025-03-26T19:08:56,,,,,,,,1.28624,,1.302 1.3 1.296 1.294 1.292 1.29 1.284 1.282 1.28 1.29511
ChatExport_2026-10-01/photos/photo_3074@31-03-2025_16-23-43.jpg,13065,2025-03-31T16:23:43,,,,,,,,,,
ChatExport_2026-10-01/photos/photo_3075@31-03-2025_16-37-55.jpg,13066,2025-03-31T16:37:55,,,,,,,,,,
assets/tradingview/2025-04/2025-04-02_15h00_msg13074_qz16MDs6.png,13074,2025-04-02T15:00:44,CADJPY,,2025-04-02T01:12:00,104.991,105.993,101.895,vente,104.748 107.695 101.895,105.993,8.5 8.0 7.5 7.0 6.5 105.5 104.991 4.0 3.5 3.0 2.5 101.5 101.0 108.5 108.0 107.5 107.0 106.5 104.0 103.5 103.0 102.5
ChatExport_2026-10-01/photos/photo_3076@02-04-2025_15-00-45.jpg,13076,2025-04-02T15:00:45,CADJPY,,,105.009,105.51,103.468,vente,103.468,105.51,106.5 106.0 104.0 103.0 102.5 102.0 105.009
ChatExport_2026-10-01/photos/photo_3077@04-04-2025_18-39-13.jpg,13099,2025-04-04T18:39:13,,,,,,,,,,
ChatExport_2026-10-01/photos/photo_3078@04-04-2025_18-39-50.jpg,13100,2025-04-04T18:39:50,,,,,,,,,,
ChatExport_2026-10-01/photos/photo_3080@08-04-2025_17-14-31.jpg,13110,2025-04-08T17:14:31,,,,,,,,,,108.0 107.0 106.0 104.0 102.0 101.0 100.0 99.0 107.544
assets/tradingview/2025-04/2025-04-08_23h41_msg13116_I6HmCOFc.png,13116,2025-04-08T23:41:04,EURUSD,,2025-04-08T23:40:00,1.0989,1.10895,1.07241,vente,1.09813 1.07241,1.10895,1.115 1.105 1.0989 1.095 1.09 1.085 1.08 1.075 1.07 1.065 1.12009 1.07344
assets/tradingview/2025-04/2025-04-08_23h45_msg13119_NGaKxErd.png,13119,2025-04-08T23:45:46,EURJPY,,2025-04-08T23:45:00,,,,,,159.976,66.5 64.0 62.0 61.5 61.0 60.5 56.0 166.5 166.0 165.5 165.0 164.5 164.0 163.5 163.0 162.0 161.5 161.0 160.5 159.5 159.0 158.5 158.0 157.5 157.0 156.5 156.0
assets/tradingview/2025-04/2025-04-08_23h55_msg13122_iUQC5vjN.png,13122,2025-04-08T23:55:19,NZDJPY,,2025-04-08T23:55:00,83.331,84.739,80.227,vente,80.227 80.222,80.464 84.76 84.739,85.5 84.5 83.0 84.0 83.331 83.321 82.49 82.0 81.5 81.0 80.308 79.5 79.0 78.5 78.0
assets/tradingview/2025-04/2025-04-08_23h59_msg13125_qXWAF86U.png,13125,2025-04-08T23:59:47,CHFJPY,,2025-04-08T23:59:00,172.5,172.397,173.2,achat,173.2,172.397,75.0 74.5 74.0 73.5 73.0 172.5 172.0 171.5 171.0 169.5 169.0
assets/tradingview/2025-04/2025-04-09_00h06_msg13128_TU47n1fd.png,13128,2025-04-09T00:06:54,CADJPY,,2025-04-09T00:06:00,,,,,,102.287,7.0 4.5 4.0 3.5 3.0 2.5 101.0 100.5 100.0 99.5 107.5 107.0 106.5 106.0 105.5 104.5 104.0 103.5 103.0 102.5 101.544
ChatExport_2026-10-01/photos/photo_3083@13-04-2025_03-30-58.jpg,13148,2025-04-13T03:30:58,USDGBP,,,,,,,,,
ChatExport_2026-10-01/photos/photo_3084@13-04-2025_03-33-43.jpg,13149,2025-04-13T03:33:43,,,,,,,,,,
ChatExport_2026-10-01/photos/photo_3085@15-04-2025_09-16-12.jpg,13153,2025-04-15T09:16:12,,,,,,,,189.994,,192.0 191.5 191.0 190.5 189.5 188.5 187.942 187.5 186.5 186.0
ChatExport_2026-10-01/photos/photo_3086@17-04-2025_11-11-41.jpg,13158,2025-04-17T11:11:41,,,,,,,,189.965,,192.0 191.5 191.0 190.5 189.5 189.0 187.942 187.5 186.5 186.0 185.5 185.0 184.5
assets/tradingview/2025-04/2025-04-22_13h21_msg13160_vxZEB4Zs.png,13160,2025-04-22T13:21:40,GBPNZD,,2025-04-22T13:12:00,2.23087,2.21863,2.26812,achat,2.26812 2.23194,2.21863,2.32 2.31 2.3 2.29 2.28 2.26805 2.26 2.25 2.24 2.23087 2.21 2.2 2.19 2.18
ChatExport_2026-10-01/photos/photo_3087@22-04-2025_20-20-59.jpg,13166,2025-04-22T20:20:59,,,,,,,,2.0,,166.0 165.0 164.0 163.0 159.0 158.0 157.0 156.0 155.0 154.0 153.0
ChatExport_2026-10-01/photos/photo_3088@22-04-2025_20-29-09.jpg,13169,2025-04-22T20:29:09,,,,,,,,,,
ChatExport_2026-10-01/photos/photo_3089@22-04-2025_20-29-09.jpg,13170,2025-04-22T20:29:09,,,,,,,,,,
assets/tradingview/2025-04/2025-04-22_23h23_msg13177_fn03AU4F.png,13177,2025-04-22T23:23:53,EURUSD,,2025-04-22T23:23:00,,,,,,1.1355,1.16 1.15008 1.14 1.13 1.12 1.11 1.1 1.09 1.08 1.07 1.06 1.05 1.04 1.03
assets/tradingview/2025-04/2025-04-22_23h37_msg13181_fIJWUSe9.png,13181,2025-04-22T23:37:33,AUDJPY,,2025-04-22T23:37:00,,,,,,90.908,8.0 6.0 4.0 98.0 96.0 92.0 84.0 110.0 108.0 106.0 104.0 102.0 100.0 93.583 86.0 82.0 80.0 78.0 76.0
assets/tradingview/2025-04/2025-04-22_23h41_msg13182_FWjwaK9e.png,13182,2025-04-22T23:41:19,AUDJPY,,2025-04-22T23:41:00,90.487,89.609,92.516,achat,92.516,90.892 89.609 88.56,90.0 89.0 88.0 87.0 86.5 93.0 92.0 91.5 90.487 89.26
ChatExport_2026-10-01/photos/photo_3090@23-04-2025_12-01-16.jpg,13187,2025-04-23T12:01:16,EURUSD,,,1.14288,1.15306,1.12245,vente,1.12245,1.15306,1.16 1.155 1.145 1.14288 1.135 1.13 1.125 1.12 1.115 1.11
assets/tradingview/2025-04/2025-04-23_13h51_msg13191_L8SJjPit.png,13191,2025-04-23T13:51:20,,12,2025-04-23T13:51:00,,,,,1.12122,1.13501,1.154 1.152 1.148 1.146 1.144 1.14 1.138 1.136 1.132 1.13 1.128 1.126 1.124 1.122 1.1204 1.1188 1.14165
assets/tradingview/2025-04/2025-04-23_14h13_msg13195_cNOHWQTJ.png,13195,2025-04-23T14:13:13,EURUSD,,2025-04-22T23:26:00,1.14288,1.15306,1.13528,vente,1.13528 1.12245,1.15306,1.165 1.16 1.155 1.145 1.14 1.13 1.115 1.11 1.14288 1.125 1.12
ChatExport_2026-10-01/photos/photo_3091@24-04-2025_20-26-56.jpg,13199,2025-04-24T20:26:56,,,,,,,,92.516 92.439,,94.0 93.0 92.2 91.8 91.0 90.6 90.3 90.0 89.4 89.1 90.487 89.26
assets/tradingview/2025-04/2025-04-25_04h02_msg13200_DhuVJnJr.png,13200,2025-04-25T04:02:00,AUDJPY,,2025-04-25T04:01:00,91.5,89.609,92.516,achat,92.516 92.439,89.609,93.0 91.5 91.1 90.7 90.3 89.9 89.1 88.8 88.2 87.9 7.3 87.0
assets/tradingview/2025-04/2025-04-29_06h29_msg13207_Qp4OkIH5.png,13207,2025-04-29T06:29:46,EURUSD,,2025-04-29T00:33:00,1.13766,1.13367,1.14762,achat,1.14762,1.1407 1.13367,1.158 1.156 1.154 1.152 1.15 1.146 1.144 1.142 1.1385 1.13766 1.137 1.1355 1.1325 1.1311 1.1297
assets/tradingview/2025-04/2025-04-29_06h29_msg13208_AkdWvjTa.png,13208,2025-04-29T06:29:46,NZDJPY,,2025-04-29T00:36:00,84.991,85.498,83.718,vente,83.718,85.498 84.761,86.2 86.0 85.8 85.6 85.4 85.2 84.991 84.6 84.4 84.2 84.0 83.8 83.6 83.4 83.2 83.04 82.88
assets/tradingview/2025-04/2025-04-29_06h29_msg13209_fnO40zgF.png,13209,2025-04-29T06:29:47,,,2025-04-29T00:36:00,,,,,0.82164 0.80516,0.83339,0.845 0.84 0.835 0.831 0.82509 0.823 0.819 0.815 0.811 0.808 0.802 0.799 0.796 0.793 0.7902
assets/tradingview/2025-04/2025-04-29_06h30_msg13210_E080nApj.png,13210,2025-04-29T06:30:27,EURUSD,,2025-04-29T06:30:00,1.1345,1.13381,1.14776,achat,1.14776 1.13938,1.13381,1.15 1.146 1.144 1.142 1.14 1.136 1.1345 1.133 1.1315 1.13 1.1288 1.1276 1.1265 1.1378
assets/tradingview/2025-04/2025-04-29_06h30_msg13211_tT1NGJIs.png,13211,2025-04-29T06:30:52,NZDJPY,,2025-04-29T06:30:00,84.991,85.498,83.718,vente,84.912 83.718,85.498,85.6 85.4 85.2 84.991 84.8 84.6 84.4 84.25 84.1 83.95 83.8 83.65 83.53 83.41 83.3
assets/tradingview/2025-04/2025-04-29_06h32_msg13212_vqTt3GQi.png,13212,2025-04-29T06:32:03,,,2025-04-29T00:34:00,,,,,,,
assets/tradingview/2025-04/2025-04-29_06h32_msg13213_WZDjPd60.png,13213,2025-04-29T06:32:10,,,2025-04-29T06:31:00,,,,,,,
assets/tradingview/2025-04/2025-04-29_14h55_msg13220_Risr3qeL.png,13220,2025-04-29T14:55:08,NZDJPY,,2025-04-29T14:54:00,,,,,84.406 83.727,85.507,86.2 85.8 85.6 5.4 85.2 84.8 84.6 84.2 84.0 83.85 83.55 83.4 83.25 83.11 82.84 86.0 85.4 85.0
ChatExport_2026-10-01/photos/photo_3092@01-05-2025_15-51-22.jpg,13238,2025-05-01T15:51:22,,,,,,,,,,
ChatExport_2026-10-01/photos/photo_3093@01-05-2025_15-52-45.jpg,13239,2025-05-01T15:52:45,,,,,,,,,,
ChatExport_2026-10-01/photos/photo_3094@07-05-2025_18-46-36.jpg,13251,2025-05-07T18:46:36,,,,,,,,,1.34417,1.375 1.37 1.365 1.36 1.355 1.35 1.34 1.33494 1.323 1.311 1.306 1.301 1.2965
assets/tradingview/2025-05/2025-05-07_18h47_msg13253_jsdTEfVX.png,13253,2025-05-07T18:47:25,EURUSD,,2025-05-07T18:47:00,1.13475,1.13876,1.12674,vente,1.12674,1.13876 1.13265,1.138 1.136 1.134 1.121 1.148 1.146 1.144 1.142 1.14 1.13475 1.13 1.128 1.126 1.124 1.1225 1.1195 1.118 1.1165 1.115 1.1134 1.1119
assets/tradingview/2025-05/2025-05-07_19h51_msg13255_dm2RFfh3.png,13255,2025-05-07T19:51:23,EURUSD,,2025-05-07T19:51:00,1.13475,1.13876,1.12674,vente,1.12674,1.13122 1.13876,1.152 1.132 1.15 1.148 1.146 1.144 1.142 1.14 1.13475 1.128 1.124 1.122 1.12 1.118 1.1162 1.1144
ChatExport_2026-10-01/photos/photo_3095@08-05-2025_08-51-48.jpg,13257,2025-05-08T08:51:48,,,,,,,,1.12674,,1.15 1.148 1.146 1.144 1.142 1.14 1.136 1.132 1.13 1.124 1.122 1.12 1.118 1.116
assets/tradingview/2025-05/2025-05-08_16h14_msg13258_iH5EGAfJ.png,13258,2025-05-08T16:14:45,EURUSD,,2025-05-08T16:14:00,1.13475,1.13876,1.12666,vente,1.12666,1.13876 1.12259,1.138 1.136 1.134 1.132 1.13 1.128 1.1245 1.12 1.1185 1.1171 1.1157 1.1143 1.15 1.148 1.146 1.144 1.142 1.14 1.13475
assets/tradingview/2025-05/2025-05-08_16h21_msg13261_XPL9l1B7.png,13261,2025-05-08T16:21:48,,,2025-05-08T16:21:00,,,,,100.586,,2.5 102.5 102.0 101.5 101.1 100.7 100.3 99.9 99.5 99.1 98.8 98.5 98.2 97.9 97.65 97.4 97.14
assets/tradingview/2025-05/2025-05-08_16h34_msg13264_8rnQUtM3.png,13264,2025-05-08T16:34:21,NZDJPY,,2025-05-08T16:32:00,,,,,86.1 86.107,,86.4 86.2 85.8 85.6 85.4 85.2 84.8 84.65 84.5 84.35 84.2 84.04 83.88 87.0 86.8 86.6
assets/tradingview/2025-05/2025-05-08_16h37_msg13265_vyT5nakN.png,13265,2025-05-08T16:37:44,AUDJPY,,2025-05-08T16:36:00,,,,,93.326,,94.6 94.4 94.2 94.0 93.8 92.8 92.6 92.2 93.6 93.0 92.4 92.0 91.8 91.6 91.4 91.2 91.0 90.8 90.6 90.4 90.2 90.0 89.8 89.61
assets/tradingview/2025-05/2025-05-08_16h39_msg13268_445cpQce.png,13268,2025-05-08T16:39:35,,,2025-05-08T11:10:00,,,,,,,0.0 500.0 480.0 320.0 300.0 285.0 210.5 196.5 183.5
assets/tradingview/2025-05/2025-05-08_16h40_msg13269_HDl7DVyG.png,13269,2025-05-08T16:40:17,,,2025-05-08T16:40:00,,,,,,,540.0 520.0 500.0 480.0 400.0 380.0 360.0 340.0 320.0 199.0 186.0
assets/tradingview/2025-05/2025-05-21_00h39_msg13287_2trIuMQM.png,13287,2025-05-21T00:39:46,AUDJPY,,2025-05-21T00:39:00,93.181,93.691,92.884,vente,92.884 92.093,93.691,94.0 93.8 93.6 93.4 93.0 92.6 92.4 92.2 92.0 91.8 91.6 91.4 93.181
ChatExport_2026-10-01/photos/photo_3097@21-05-2025_20-05-40.jpg,13289,2025-05-21T20:05:40,,,,,,,,,,94.0 93.4 93.0 92.8 92.6 92.2 91.8 91.6 91.4 91.2 93.159
assets/tradingview/2025-05/2025-05-22_15h11_msg13292_T4ktDmL1.png,13292,2025-05-22T15:11:06,GBPJPY,,2025-05-22T15:10:00,,,,,,,197.0 196.5 196.0 195.5 195.0 194.5 194.0 193.5 192.5 192.0 191.5 191.0 190.5 190.0 189.5
assets/tradingview/2025-05/2025-05-22_15h14_msg13295_uypljKPf.png,13295,2025-05-22T15:14:30,EURJPY,,2025-05-22T15:14:00,,,,,,,62.5 62.0 165.5 165.0 164.5 164.0 163.5 163.0 162.5 162.0 161.5 161.0 160.5 160.0
assets/tradingview/2025-05/2025-05-22_15h16_msg13297_nguj9G1z.png,13297,2025-05-22T15:16:11,NZDJPY,,2025-05-22T15:16:00,,,,,,,85.5 85.0 84.5 84.0 88.5 88.0 87.5 87.0 86.5 86.0 83.5
assets/tradingview/2025-05/2025-05-22_15h21_msg13300_3Adrazys.png,13300,2025-05-22T15:21:40,AUDJPY,,2025-05-22T15:21:00,93.159,93.669,92.071,vente,92.071,92.264 93.669,95.0 94.8 94.6 94.4 94.2 94.0 93.4 93.0 92.8 92.6 92.4 90.0 93.159 91.8 91.6 91.4 91.2 91.0 90.8 90.6 90.4 90.2
assets/tradingview/2025-05/2025-05-22_15h22_msg13302_eomJEms2.png,13302,2025-05-22T15:22:11,CHFJPY,,2025-05-22T05:26:00,,,,,,,176.0 175.5 175.0 174.5 174.0 173.5 173.0 172.5 172.0
assets/tradingview/2025-05/2025-05-22_15h22_msg13303_XyG5NHk3.png,13303,2025-05-22T15:22:39,,,2025-05-22T15:22:00,,,,,,,175.8 175.6 175.4 175.2 175.0 174.8 174.6 174.4 174.2 174.0 173.8 173.6 173.2 173.0 172.8 172.6 172.4 172.2 172.0 171.8 171.6 171.4 171.2 171.0 170.8
ChatExport_2026-10-01/photos/photo_3099@28-05-2025_00-32-00.jpg,13327,2025-05-28T00:32:00,,,,,,,,,,
ChatExport_2026-10-01/photos/photo_3100@28-05-2025_00-35-43.jpg,13328,2025-05-28T00:35:43,,,,,,,,,,147.0 146.5 146.0 145.5 145.0 144.5 143.5 143.0 142.5 142.0 141.5
ChatExport_2026-10-01/photos/photo_3101@28-05-2025_15-24-24.jpg,13336,2025-05-28T15:24:24,,,,,,,,,,148.5 148.0 147.5 147.0 146.5 146.0 145.5 144.5 144.0 143.5 143.0 142.5 142.0 141.5
assets/tradingview/2025-05/2025-05-28_23h40_msg13339_8GqqszNc.png,13339,2025-05-28T23:40:59,,,2025-05-28T23:40:00,,,,,,,1.88 1.93 1.925 1.92 1.915 1.91 1.905 1.9 1.895 1.89 1.875 1.87 1.865 1.86
ChatExport_2026-10-01/photos/photo_3102@28-05-2025_23-41-49.jpg,13340,2025-05-28T23:41:49,,,,,,,,,,
ChatExport_2026-10-01/photos/photo_3103@29-05-2025_21-44-57.jpg,13342,2025-05-29T21:44:57,,,,,,,,,,1.386 1.385 1.384 1.383 1.382 1.381 1.379 1.378 1.377 1.376 1.375 1.374
ChatExport_2026-10-01/photos/photo_3104@29-05-2025_21-45-24.jpg,13343,2025-05-29T21:45:24,,,,,,,,,,
assets/tradingview/2025-05/2025-05-30_01h41_msg13344_8ukSRWyl.png,13344,2025-05-30T01:41:39,USDCAD,,2025-05-30T01:41:00,1.38352,1.38582,1.38154,vente,1.38154 1.37835,1.38582,1.38352 1.388 1.3875 1.387 1.3865 1.38601 1.3855 1.385 1.3845 1.384 1.383 1.3825 1.382 1.381 1.3805 1.38 1.3795 1.379 1.378 1.3775 1.377 1.3765 1.376
assets/tradingview/2025-05/2025-05-30_01h49_msg13346_USOZ3bRZ.png,13346,2025-05-30T01:49:29,,,2025-05-30T01:49:00,,,,,3.33 4.815,,
ChatExport_2026-10-01/photos/photo_3105@30-05-2025_12-32-54.jpg,13349,2025-05-30T12:32:54,,,,,,,,,,1.388 1.387 1.385 1.384 1.383 1.382 1.381 1.38 1.377 1.376 1.375 1.374 1.373 1.38347
ChatExport_2026-10-01/photos/photo_3106@30-05-2025_14-33-39.jpg,13350,2025-05-30T14:33:39,,,,,,,,1.3783,,1.389 1.388 1.387 1.385 1.384 1.38347 1.383 1.382 1.381 1.38 1.379 1.376 1.375 1.374
ChatExport_2026-10-01/photos/photo_3107@02-06-2025_14-41-53.jpg,13351,2025-06-02T14:41:53,,,,,,,,1.37845,,1.39 1.388 1.384 1.38347 1.382 1.38 1.376 1.374 1.372 1.368
ChatExport_2026-10-01/photos/photo_3108@02-06-2025_14-46-08.jpg,13353,2025-06-02T14:46:08,,,,,,,,,273.236,500.0 3475.0 450.0 3425.0 3350.0 325.0 3293.763 250.0 3225.0 200.0 175.0 150.0 125.0 100.0 3500.0 3450.0 350.0 3325.0 225.0 3125.0
ChatExport_2026-10-01/photos/photo_3111@10-06-2025_22-05-19.jpg,13370,2025-06-10T22:05:19,,,,,,,,,,
assets/tradingview/2025-06/2025-06-11_11h39_msg13376_5eDqXGx7.png,13376,2025-06-11T11:39:46,EURUSD,,2025-06-11T11:38:00,1.1445,1.14492,1.14304,vente,1.14304,1.14492,1.1445 1.144 1.14342 1.1425
assets/tradingview/2025-06/2025-06-11_12h32_msg13381_50Oel3BN.png,13381,2025-06-11T12:32:08,EURUSD,,2025-06-11T12:32:00,1.14342,1.14492,1.14032,vente,1.14032,1.14492,1.148 1.147 1.146 1.144 1.143 1.142 1.141 1.14 1.139 1.138 1.137 1.14342
assets/tradingview/2025-06/2025-06-11_12h39_msg13384_GX4XJEuY.png,13384,2025-06-11T12:39:36,GBPJPY,,2025-06-11T12:39:00,196.2,196.313,194.793,vente,194.793,196.313 195.682,196.5 196.4 196.2 196.1 196.0 195.9 195.6 195.5 195.4 195.3 195.2 195.1 195.0 194.9 194.7
ChatExport_2026-10-01/photos/photo_3112@11-06-2025_15-56-23.jpg,13387,2025-06-11T15:56:23,GBPJPY,,,,,,,,,
ChatExport_2026-10-01/photos/photo_3113@12-06-2025_10-04-03.jpg,13389,2025-06-12T10:04:03,,,,,,,,194.788,,196.8 196.6 196.2 196.0 195.6 195.4 195.2 194.6 194.4 194.2 194.0 195.846
assets/tradingview/2025-06/2025-06-13_00h24_msg13393_afaRPfjH.png,13393,2025-06-13T00:24:03,NZDUSD,,2025-06-13T00:23:00,0.60307,0.60055,0.60811,achat,0.60811,0.60311 0.60055,0.609 0.6085 0.6075 0.607 0.6065 0.606 0.6055 0.605 0.6045 0.604 0.6035 0.60307 0.602 0.6015 0.601 0.6 0.5995 0.599 0.5985 0.598
ChatExport_2026-10-01/photos/photo_3114@13-06-2025_00-24-28.jpg,13395,2025-06-13T00:24:28,NZDUSD,,,,,,,,,
assets/tradingview/2025-06/2025-06-24_14h35_msg13407_mdR6TXQQ.png,13407,2025-06-24T14:35:36,AUDJPY,,2025-06-24T14:35:00,94.524,94.267,94.845,achat,94.845 94.474 94.191 93.978 93.518,94.267 94.261 93.847,94.8 94.7 94.6 94.524 94.4 94.3 94.1 93.96 93.8 93.7 93.6
ChatExport_2026-10-01/photos/photo_3115@24-06-2025_14-38-55.jpg,13409,2025-06-24T14:38:55,,,,,,,,,,
ChatExport_2026-10-01/photos/photo_3116@25-06-2025_12-30-55.jpg,13414,2025-06-25T12:30:55,,,,,,,,94.845 94.73 94.474 93.978 93.518,,94.9 94.8 94.524 94.4 94.181 94.1 93.96 93.8 93.7 93.6 94.3 93.405
assets/tradingview/2025-07/2025-07-02_15h28_msg13431_7E2mfP4F.png,13431,2025-07-02T15:28:06,EURCHF,,2025-07-01T14:57:00,,,,,,,0.9305 0.9365 0.936 0.9355 0.935 0.9345 0.934 0.9335 0.9325 0.932 0.9315 0.931 0.93 0.9295 60.0 40.0 20.0
assets/tradingview/2025-07/2025-07-02_15h28_msg13433_qLrYDZIZ.png,13433,2025-07-02T15:28:13,EURCHF,,2025-07-02T15:27:00,0.93239,0.93089,0.93553,achat,0.93553,0.93382 0.93089,0.9365 0.9345 0.9315 0.9305 0.936 0.935 0.934 0.9335 0.933 0.93239 0.932 0.93 0.9295 0.929 0.9285 0.928
ChatExport_2026-10-01/photos/photo_3117@02-07-2025_15-29-23.jpg,13434,2025-07-02T15:29:23,,,,,,,,,,0.93675 0.93625 0.93825 0.93475 0.53825 0.93325 0.93275 0.99225 0.33175 0.93125 0.93075 0.93026 0.32975 0.925 0.32875
assets/tradingview/2025-07/2025-07-03_11h51_msg13436_zxod4r29.png,13436,2025-07-03T11:51:47,EURCHF,,2025-07-03T11:51:00,0.93239,0.93089,0.93553,achat,0.93553,0.93089,0.933 0.94 0.939 0.938 0.937 0.936 0.934 0.93239 0.932 0.93 0.929 0.928 0.927 0.926
ChatExport_2026-10-01/photos/photo_3118@03-07-2025_12-33-18.jpg,13438,2025-07-03T12:33:18,,,,,,,,,,
assets/tradingview/2025-07/2025-07-03_12h35_msg13440_7okCnJmH.png,13440,2025-07-03T12:35:13,USDJPY,,2025-07-03T12:35:00,143.885,143.986,143.076,vente,143.076,143.986,44.9 44.8 44.7 44.6 44.5 44.4 44.3 44.2 44.1 43.8 143.0 144.9 144.8 144.7 144.6 144.5 144.4 144.3 144.2 144.1 143.885 143.8 143.7 143.6 143.5 143.4 143.3 143.2
ChatExport_2026-10-01/photos/photo_3120@04-07-2025_16-05-33.jpg,13450,2025-07-04T16:05:33,,,,,,,,,,1.26 1.24 1.22 1.2 1.0 1.02
ChatExport_2026-10-01/photos/photo_3121@04-07-2025_16-05-58.jpg,13451,2025-07-04T16:05:58,,,,,,,,,,1.24 1.22 1.2 1.0
ChatExport_2026-10-01/photos/photo_3122@08-07-2025_12-24-14.jpg,13455,2025-07-08T12:24:14,,,,,,,,1.16388,,1.182 1.18 1.178 1.176 1.174 1.17353 1.17 1.168 1.166 1.162
ChatExport_2026-10-01/photos/photo_3123@08-07-2025_12-27-12.jpg,13456,2025-07-08T12:27:12,,,,,,,,,,
assets/tradingview/2025-07/2025-07-08_13h21_msg13458_JigQ1TdR.png,13458,2025-07-08T13:21:37,AUDUSD,,2025-07-08T13:20:00,0.65365,0.65665,0.64741,vente,0.64741,0.65665 0.65353,0.66 0.659 0.658 0.656 0.655 0.65365 0.652 0.651 0.649 0.648 0.647 0.646 0.645 0.644 0.643
ChatExport_2026-10-01/photos/photo_3124@09-07-2025_13-03-11.jpg,13463,2025-07-09T13:03:11,,,,,,,,,,0.645
assets/tradingview/2025-07/2025-07-15_12h39_msg13480_TXPFnpNe.png,13480,2025-07-15T12:39:32,NZDUSD,,2025-07-15T12:39:00,0.59999,0.60301,0.59378,vente,0.59378,0.60301 0.59906,0.606 0.605 0.604 0.602 0.601 0.59999 0.598 0.597 0.596 0.595 0.593 0.592 0.591 0.59 0.589
ChatExport_2026-10-01/photos/photo_3127@15-07-2025_14-00-26.jpg,13483,2025-07-15T14:00:26,,,,,,,,,,
assets/tradingview/2025-07/2025-07-15_16h15_msg13485_kZ1xI3cZ.png,13485,2025-07-15T16:15:42,NZDUSD,,2025-07-15T16:15:00,,,,,,0.60102,0.6015 0.6005 0.60001 0.5995 0.599 0.5985 0.598 0.5975 0.597
assets/tradingview/2025-07/2025-07-16_13h39_msg13496_OIfuZYTd.png,13496,2025-07-16T13:39:00,EURNZD,,2025-07-16T13:38:00,1.95352,1.95702,1.9453,vente,1.95304 1.9453,1.95702,1.96 1.959 1.958 1.956 1.955 1.954 1.95352 1.952 1.951 1.949 1.948 1.947 1.946 1.944
ChatExport_2026-10-01/photos/photo_3129@18-07-2025_02-41-17.jpg,13505,2025-07-18T02:41:17,,,,,,,,,,1.962 1.961 1.96 1.959 1.958 1.957 1.956 1.955 1.954 1.953 1.952 1.949 1.948
ChatExport_2026-10-01/photos/photo_3135@22-07-2025_11-53-19.jpg,13521,2025-07-22T11:53:19,,,,,,,,,147.793,148.2 148.1 148.0 147.9 147.7 147.6 147.491 147.4 147.1 147.0 146.8 146.7 146.6 446.8
ChatExport_2026-10-01/photos/photo_3136@22-07-2025_12-46-44.jpg,13522,2025-07-22T12:46:44,,,,,,,,146.862,,148.4 148.2 148.0 147.4 147.2 146.8 146.6
ChatExport_2026-10-01/photos/photo_3137@22-07-2025_20-43-58.jpg,13524,2025-07-22T20:43:58,,,,,,,,,,99.0 98.8 98.6 98.4 98.2 98.0 97.8 97.6 97.2 97.0 96.8 96.6 96.4
ChatExport_2026-10-01/photos/photo_3138@22-07-2025_20-47-40.jpg,13526,2025-07-22T20:47:40,,,,,,,,,,
ChatExport_2026-10-01/photos/photo_3139@22-07-2025_20-47-44.jpg,13527,2025-07-22T20:47:44,,,,,,,,,,
ChatExport_2026-10-01/photos/photo_3145@30-07-2025_20-18-28.jpg,13557,2025-07-30T20:18:28,,,,,,,,,,
assets/tradingview/2025-08/2025-08-05_10h34_msg13569_wS8QcMoz.png,13569,2025-08-05T10:34:00,EURJPY,,2025-08-05T10:33:00,170.06,169.656,171.076,achat,171.076 170.411,169.656,172.0 171.8 171.6 171.4 171.2 171.0 170.8 170.6 170.2 170.06 169.8 169.4 169.2 169.0
assets/tradingview/2025-08/2025-08-05_16h10_msg13576_ikLESPYm.png,13576,2025-08-05T16:10:34,EURJPY,,2025-08-05T16:10:00,170.06,169.656,171.076,achat,171.076,169.656,171.8 171.6 171.4 171.2 171.0 170.6 170.4 170.2 170.06 169.8 169.4 169.2 169.0
assets/tradingview/2025-08/2025-08-06_21h03_msg13581_qOpFzX84.png,13581,2025-08-06T21:03:01,GBPJPY,,2025-08-06T20:59:00,197.483,198.233,195.152,vente,195.152,198.233,197.483
ChatExport_2026-10-01/photos/photo_3148@07-08-2025_07-35-30.jpg,13583,2025-08-07T07:35:30,CADJPY,,,107.484,107.987,106.454,vente,106.454,106.974 107.987,109.5 109.0 108.5 106.0 105.5 105.0 104.5 107.484
ChatExport_2026-10-01/photos/photo_3149@07-08-2025_07-36-59.jpg,13584,2025-08-07T07:36:59,GBPJPY,,,197.483,198.233,195.152,vente,195.152,196.284 198.233,200.5 200.0 199.5 199.0 198.5 198.0 197.0 196.5 195.5 194.5 194.0 193.5 197.483
ChatExport_2026-10-01/photos/photo_3150@07-08-2025_07-40-26.jpg,13588,2025-08-07T07:40:26,EURJPY,,,169.984,169.473,172.065,achat,172.065 171.512,169.473,174.0 173.5 173.0 171.0 170.5 169.984 169.0 168.5
assets/tradingview/2025-08/2025-08-07_07h44_msg13592_AHFMmTaK.png,13592,2025-08-07T07:44:05,EURUSD,,2025-08-05T14:59:00,1.15506,1.15198,1.16559,achat,1.16559 1.16455,1.15198,1.167 1.15506 1.165 1.164 1.163 1.162 1.161 1.16 1.159 1.158 1.154 1.153 1.151 1.15005 1.149
ChatExport_2026-10-01/photos/photo_3151@07-08-2025_07-44-25.jpg,13593,2025-08-07T07:44:25,EURUSD,,,1.15515,1.15213,1.16577,achat,1.16577,1.16829 1.15213,1.172 1.17 1.164 1.162 1.16 1.158 1.156 1.15515 1.154
assets/tradingview/2025-08/2025-08-12_01h44_msg13614_GxfPyovh.png,13614,2025-08-12T01:44:38,EURAUD,,2025-08-12T01:44:00,1.78082,1.77272,1.79713,achat,1.7831 1.79713,1.77272,1.805 1.8 1.795 1.79 1.785 1.78082 1.775 1.77 1.765
ChatExport_2026-10-01/photos/photo_3156@12-08-2025_02-09-25.jpg,13618,2025-08-12T02:09:25,,,,,,,,,,
assets/tradingview/2025-08/2025-08-12_02h11_msg13619_SYEMKGGA.png,13619,2025-08-12T02:11:12,GBPUSD,,2025-08-12T02:11:00,1.34473,1.34782,1.33851,vente,1.33851,1.34782,1.349 1.347 1.346 1.345 1.34473 1.344 1.342 1.341 1.34 1.339 1.338 1.337 1.336
ChatExport_2026-10-01/photos/photo_3157@12-08-2025_08-26-01.jpg,13622,2025-08-12T08:26:01,,,,,,,,1.78912,,1.81 1.805 1.8 1.795 1.785 1.78 1.775 1.77 1.765 1.76
ChatExport_2026-10-01/photos/photo_3158@12-08-2025_08-29-52.jpg,13623,2025-08-12T08:29:52,EURAUD,,,1.78595,1.78392,1.78961,achat,1.7901 1.78961,1.78392,1.794 1.793 1.792 1.791 1.788 1.787 1.78595 1.785 1.783 1.782 1.781 1.78 1.779 1.778
assets/tradingview/2025-08/2025-08-12_11h54_msg13626_ZRUMoNES.png,13626,2025-08-12T11:54:48,CADJPY,,2025-08-12T11:54:00,107.563,107.76,107.154,vente,107.154,107.556 107.76,107.9 107.8 107.7 107.563 107.4 107.3 107.2 107.1 107.0 106.9 106.8 106.7
assets/tradingview/2025-08/2025-08-12_12h31_msg13630_Kooc67R7.png,13630,2025-08-12T12:31:56,CADJPY,,2025-08-12T12:31:00,107.35,107.396,107.154,vente,107.154,107.396 107.76,107.8 107.7 107.65 107.6 107.45 107.35 107.3 107.25 107.2 107.1 107.05 107.0 106.95 107.563
ChatExport_2026-10-01/photos/photo_3159@12-08-2025_19-11-24.jpg,13632,2025-08-12T19:11:24,,,,,,,,107.046,,108.0 107.9 107.7 107.6 107.563 107.4 107.3 107.1 107.0 106.9 106.8 106.7 106.6
assets/tradingview/2025-08/2025-08-12_23h59_msg13634_UUh2dKiL.png,13634,2025-08-12T23:59:45,USDJPY,,2025-08-12T23:59:00,147.979,148.483,146.773,vente,146.773,148.483,151.0 150.5 150.0 149.5 149.0 147.5 147.0 146.5 146.0 145.5 147.979
assets/tradingview/2025-08/2025-08-13_00h02_msg13636_jlMPQ0kO.png,13636,2025-08-13T00:02:15,EURAUD,,2025-08-13T00:02:00,1.78536,1.78148,1.79471,achat,1.79471,1.78148,1.8 1.798 1.796 1.794 1.792 1.79 1.786 1.784 1.782 1.78 1.778 1.776 1.78536
assets/tradingview/2025-08/2025-08-13_01h26_msg13638_yo6Q4MIL.png,13638,2025-08-13T01:26:18,EURNZD,,2025-08-13T01:26:00,1.96032,1.9578,1.96541,achat,1.96541,1.9578,1.969 1.968 1.967 1.966 1.965 1.964 1.962 1.961 1.96032 1.96 1.959 1.957 1.956 1.955 1.954
ChatExport_2026-10-01/photos/photo_3160@13-08-2025_01-26-53.jpg,13640,2025-08-13T01:26:53,,,,,,,,,,1.3648 1.9631 1.9614 1.96055 1.9589 1.9648 1.36395
ChatExport_2026-10-01/photos/photo_3161@13-08-2025_01-28-25.jpg,13641,2025-08-13T01:28:25,,,,,,,,,,
ChatExport_2026-10-01/photos/photo_3162@13-08-2025_01-31-53.jpg,13642,2025-08-13T01:31:53,,,,,,,,,,107.755 107.7 107.645 107.59 107.535 107.48 107.425 107.315 107.205 107.15 107.095 107.04 107.035 106.985
assets/tradingview/2025-08/2025-08-13_01h37_msg13644_jdyNyNV6.png,13644,2025-08-13T01:37:40,CADJPY,,2025-08-13T01:37:00,,,,,,107.786 107.564,107.75 107.7 107.65 107.6 107.45 107.4 107.35 107.3 107.25 107.2 107.15 107.1 107.563
ChatExport_2026-10-01/photos/photo_3164@13-08-2025_08-22-14.jpg,13649,2025-08-13T08:22:14,,,,,,,,106.946,,107.9 107.8 107.6 107.4 107.3 107.2 107.0 106.9 107.469
ChatExport_2026-10-01/photos/photo_3165@13-08-2025_08-25-41.jpg,13650,2025-08-13T08:25:41,,,,,,,,,,107.775 107.705 107.64 107.57 107.5 107.435 107.365 107.3 107.23 107.16 107.128 107.095 107.025 106.36 106.89
assets/tradingview/2025-08/2025-08-13_08h32_msg13655_lGocvd6t.png,13655,2025-08-13T08:32:28,USDJPY,,2025-08-13T08:32:00,147.979,148.483,146.774,vente,146.774,148.483,149.5 149.0 147.5 147.0 146.5 146.0 145.5 147.979
ChatExport_2026-10-01/photos/photo_3166@13-08-2025_16-17-40.jpg,13661,2025-08-13T16:17:40,,,,,,,,1.79471,,1.8 1.798 1.796 1.794 1.792 1.79 1.78547 1.784 1.78 1.778 1.776 1.774 1.786
ChatExport_2026-10-01/photos/photo_3167@14-08-2025_04-12-21.jpg,13668,2025-08-14T04:12:21,EURAUD,,,,,,,,,1.79208 1.79145 1.7908 1.79015 1.7895 1.7889 1.78825 1.7876 1.7857 1.78505 1.7844 1.79205 1.78695
ChatExport_2026-10-01/photos/photo_3168@14-08-2025_05-34-49.jpg,13669,2025-08-14T05:34:49,,,,,,,,1.79042,,1.793 1.792 1.791 1.79 1.789 1.788 1.786 1.784 1.783 1.782 1.781 1.78 1.78519
ChatExport_2026-10-01/photos/photo_3169@14-08-2025_09-16-50.jpg,13670,2025-08-14T09:16:50,,,,,,,,,,1.794 1.793 1.792 1.788 1.787 1.786 1.78519 1.784 1.782 1.781 1.78 1.779 1.791
ChatExport_2026-10-01/photos/photo_3170@14-08-2025_10-33-20.jpg,13672,2025-08-14T10:33:20,,,,,,,,,,
ChatExport_2026-10-01/photos/photo_3171@14-08-2025_10-58-24.jpg,13674,2025-08-14T10:58:24,,,,,,,,,1.78267,1.796 1.795 1.794 1.793 1.789 1.788 1.787 1.786 1.784 1.782 1.781 1.78 1.779 1.778 1.78519
ChatExport_2026-10-01/photos/photo_3172@19-08-2025_02-26-21.jpg,13678,2025-08-19T02:26:21,EURAUD,,,1.79621,1.79421,1.80017,achat,1.80017,1.79421,1.802 1.801 1.799 1.798 1.797 1.79621 1.795 1.793 1.791
ChatExport_2026-10-01/photos/photo_3173@19-08-2025_09-10-38.jpg,13680,2025-08-19T09:10:38,EURAUD,,,1.79621,1.79393,1.80044,achat,1.80044,1.79954 1.79393,1.606 1.805 1.804 1.803 1.802 1.801 1.798 1.797 1.79621 1.795 1.793 1.791
ChatExport_2026-10-01/photos/photo_3174@19-08-2025_13-35-02.jpg,13686,2025-08-19T13:35:02,,,,,,,,106.002,,107.8 107.6 107.4 107.0 106.818 106.6 106.4 106.2 105.8 105.6
ChatExport_2026-10-01/photos/photo_3175@19-08-2025_14-16-07.jpg,13689,2025-08-19T14:16:07,,,,,,,,106.002,,108.4 108.2 108.0 107.8 107.6 107.4 107.0 106.4 106.2 105.8 105.6 105.4
assets/tradingview/2025-08/2025-08-19_15h04_msg13695_23j6ygkc.png,13695,2025-08-19T15:04:49,NZDJPY,,2025-08-19T15:04:00,87.49,87.694,86.993,vente,86.993,87.694,88.2 87.8 87.6 87.4 87.2 87.1 88.1 88.0 87.9 87.49 87.3 86.9
assets/tradingview/2025-08/2025-08-19_15h14_msg13698_utIFRLBo.png,13698,2025-08-19T15:14:05,NZDUSD,,2025-08-19T15:13:00,0.59283,0.59435,0.58978,vente,0.58978,0.59086 0.59435,0.597 0.5965 0.596 0.5955 0.595 0.594 0.5925 0.592 0.5915 0.59 0.589 0.5935 0.593 0.59283 0.5905 0.5895 0.5885 0.588
assets/tradingview/2025-08/2025-08-19_15h21_msg13701_g6Dzi2Fq.png,13701,2025-08-19T15:21:38,GBPAUD,,2025-08-19T15:21:00,2.08199,2.08049,2.08509,achat,2.08509,2.08049,2.088 2.084 2.081 2.08 2.079 2.078 2.077 2.076 2.087 2.086 2.083 2.08199
assets/tradingview/2025-08/2025-08-19_16h28_msg13710_JdkHhcli.png,13710,2025-08-19T16:28:20,,,2025-08-19T16:28:00,,,,,,0.47618 0.47303,0.492 0.491 0.49 0.489 0.488 0.486 0.485 0.484 0.483 0.482 0.481 0.48 0.478 0.47509 0.474 0.47 0.469 0.479 0.477 0.472 0.471
ChatExport_2026-10-01/photos/photo_3176@19-08-2025_19-03-30.jpg,13711,2025-08-19T19:03:30,,,,,,,,,,107.8 107.6 107.4 107.0 106.6 106.2 105.8 105.6 105.4 105.2 106.818
assets/tradingview/2025-08/2025-08-20_07h21_msg13712_xoNZyyZX.png,13712,2025-08-20T07:21:33,GBPJPY,,2025-08-20T07:21:00,198.954,198.595,199.509,achat,198.97 199.509,198.595,200.2 200.0 199.8 199.6 199.4 199.2 198.954 198.8 198.4 198.2 198.0
assets/tradingview/2025-08/2025-08-20_07h31_msg13715_e4O5PqZg.png,13715,2025-08-20T07:31:01,GBPJPY,,2025-08-20T07:30:00,198.954,198.595,199.671,achat,199.671,198.595,200.0 199.8 199.6 199.4 198.8 198.4 198.2 198.0 197.8 197.6 198.954
assets/tradingview/2025-08/2025-08-20_07h46_msg13719_L2Rm2yoH.png,13719,2025-08-20T07:46:17,GBPNZD,,2025-08-20T07:46:00,2.3157,2.31317,2.32085,achat,2.32085,2.31317,2.323 2.322 2.32 2.318 2.317 2.316 2.3157 2.315 2.314 2.312 2.311 2.31
assets/tradingview/2025-08/2025-08-20_08h15_msg13723_tBLZ0118.png,13723,2025-08-20T08:15:38,GBPNZD,,2025-08-20T08:15:00,,,,,2.32085,2.321,2.322 2.32 2.319 2.318 2.317 2.316 2.3157 2.315 2.314 2.312 2.311 2.31 2.309
ChatExport_2026-10-01/photos/photo_3177@20-08-2025_08-24-08.jpg,13725,2025-08-20T08:24:08,,,,,,,,,,
assets/tradingview/2025-08/2025-08-26_05h34_msg13739_MS5MDKV9.png,13739,2025-08-26T05:34:07,EURAUD,,2025-08-26T05:33:00,,,,,1.79573,1.79183,1.806 1.804 1.802 1.8 1.798 1.79534 1.794 1.79 1.788 1.786 1.784
assets/tradingview/2025-08/2025-08-26_07h17_msg13741_N9iDHjI2.png,13741,2025-08-26T07:17:07,EURAUD,,2025-08-26T07:16:00,1.79537,1.79282,1.80262,achat,1.80262,1.79282 1.79187,1.808 1.806 1.804 1.802 1.8 1.798 1.796 1.794 1.79 1.788 1.79537
ChatExport_2026-10-01/photos/photo_3179@26-08-2025_10-20-16.jpg,13745,2025-08-26T10:20:16,EURAUD,,,1.79537,1.79492,1.80262,achat,1.80262,1.79492 1.79187,1.806 1.804 1.802 1.8 1.798 1.796 1.79537 1.79 1.788 1.786
ChatExport_2026-10-01/photos/photo_3180@26-08-2025_13-45-45.jpg,13747,2025-08-26T13:45:45,EURAUD,,,1.79537,1.79187,1.80259,achat,1.80259 1.79728,1.79187,1.808 1.806 1.804 1.8 1.798 1.796 1.79537 1.794 1.79 1.788 1.786
ChatExport_2026-10-01/photos/photo_3181@27-08-2025_17-15-21.jpg,13757,2025-08-27T17:15:21,,,,,,,,,,
assets/tradingview/2025-08/2025-08-27_17h16_msg13758_3h9ZZr64.png,13758,2025-08-27T17:16:17,GBPUSD,,2025-08-27T17:16:00,1.34722,1.3442,1.35344,achat,1.35344,1.3442,1.346 1.345 1.359 1.358 1.357 1.356 1.355 1.354 1.353 1.352 1.351 1.348 1.34722 1.343 1.342 1.341 1.34 1.339 1.338
assets/tradingview/2025-08/2025-08-27_17h35_msg13762_ZrGwNqaP.png,13762,2025-08-27T17:35:17,EURGBP,,2025-08-27T17:34:00,0.8605,0.8621,0.85809,vente,0.85809,0.8621,0.866 0.8655 0.865 0.8645 0.8635 0.863 0.8625 0.86209 0.8605 0.86 0.8595 0.859 0.8585 0.8575 0.857 0.8565 0.8555 0.855 0.8545 0.856
ChatExport_2026-10-01/photos/photo_3182@02-09-2025_09-11-15.jpg,13789,2025-09-02T09:11:15,,,,,,,,,,100.5 100.0 99.5 99.0 97.5 97.0 96.5 96.0 95.5 98.5 98.0
ChatExport_2026-10-01/photos/photo_3183@12-09-2025_08-29-30.jpg,13804,2025-09-12T08:29:30,,,,,,,,,,
assets/tradingview/2025-09/2025-09-12_10h28_msg13808_eVclllNQ.png,13808,2025-09-12T10:28:47,EURUSD,,2025-09-12T10:28:00,1.17306,1.16575,1.19593,achat,1.19593,1.17284 1.16575,1.205 1.2 1.19 1.185 1.18 1.17306 1.17 1.16 1.155 1.15
ChatExport_2026-10-01/photos/photo_3184@15-09-2025_14-33-55.jpg,13817,2025-09-15T14:33:55,EURUSD,,,1.17306,1.16575,1.18768,achat,1.18768,1.16575,1.205 1.2 1.195 1.19 1.185 1.18 1.17 1.16 1.155 1.15 1.17306
ChatExport_2026-10-01/photos/photo_3185@16-09-2025_09-55-17.jpg,13819,2025-09-16T09:55:17,EURUSD,,,1.17305,1.16607,1.18722,achat,1.18722 1.18178,1.16607,1.2 1.195 1.19 1.185 1.175 1.17 1.16 1.155 1.15 1.17305
ChatExport_2026-10-01/photos/photo_3186@16-09-2025_09-56-23.jpg,13821,2025-09-16T09:56:23,,,,,,,,,0.79114,0.79433
ChatExport_2026-10-01/photos/photo_3187@16-09-2025_09-56-44.jpg,13822,2025-09-16T09:56:44,,,,,,,,146.975,146.959,148.1 148.0 147.9 147.8 147.7 147.6 147.497 147.4 147.3 147.2 147.1 146.8 146.7 146.6
ChatExport_2026-10-01/photos/photo_3188@16-09-2025_09-57-08.jpg,13823,2025-09-16T09:57:08,EURAUD,,,1.76402,1.76198,1.77188,achat,1.77188 1.76812,1.76198,1.778 1.776 1.774 1.77 1.766 1.76402 1.76 1.758
ChatExport_2026-10-01/photos/photo_3189@16-09-2025_09-58-56.jpg,13824,2025-09-16T09:58:56,,,,,,,,,,2.41 44.62 8.16 5.86 38.76 761.43
ChatExport_2026-10-01/photos/photo_3190@16-09-2025_10-02-54.jpg,13827,2025-09-16T10:02:54,,,,,,,,,,207.07 466.07 188.48 277.59 247.28
ChatExport_2026-10-01/photos/photo_3192@16-09-2025_23-26-20.jpg,13834,2025-09-16T23:26:20,,,,,,,,,,1.82 1.815 1.81 1.805 1.8 1.795 1.79 1.785 1.78 1.77 1.765 1.76 1.755 1.75 1.745 1.74 1.735 1.73
assets/tradingview/2025-09/2025-09-16_23h30_msg13836_WVsX2BUl.png,13836,2025-09-16T23:30:30,EURUSD,,2025-09-16T23:29:00,1.17305,1.16607,1.18722,achat,1.18722 1.18719,1.16607,1.195 1.19 1.185 1.18 1.175 1.17 1.165 1.16 1.155 1.17305
ChatExport_2026-10-01/photos/photo_3193@16-09-2025_23-57-37.jpg,13841,2025-09-16T23:57:37,,,,,,,,,,
assets/tradingview/2025-09/2025-09-17_00h04_msg13842_iJcDHmK2.png,13842,2025-09-17T00:04:14,CADJPY,,2025-09-17T00:04:00,106.575,106.985,105.711,vente,105.711,106.518 106.985,109.0 108.5 108.0 107.5 106.575 106.0 105.5 105.0 104.5 104.0 103.5
assets/tradingview/2025-09/2025-09-17_00h06_msg13844_jmpdpK14.png,13844,2025-09-17T00:06:21,GBPCAD,,2025-09-17T00:06:00,1.87592,1.87241,1.88294,achat,1.87608 1.88294,1.87241,1.885 1.884 1.882 1.881 1.88 1.879 1.878 1.877 1.874 1.873 1.872 1.871 1.87 1.869 1.868 1.87592
ChatExport_2026-10-01/photos/photo_3194@17-09-2025_07-29-28.jpg,13845,2025-09-17T07:29:28,,,,,,,,,,146.61 9.59697
ChatExport_2026-10-01/photos/photo_3195@17-09-2025_11-11-25.jpg,13847,2025-09-17T11:11:25,,,,,,,,,,108.0 107.5 106.0 105.5 105.0 104.5 106.575
assets/tradingview/2025-09/2025-09-17_12h42_msg13850_OQD6FiPv.png,13850,2025-09-17T12:42:48,GBPCAD,,2025-09-17T12:42:00,1.87626,1.87472,1.87954,achat,1.87676 1.87954,1.87472,1.881 1.8805 1.88 1.879 1.8785 1.878 1.8775 1.877 1.87626 1.876 1.8755 1.875 1.8745 1.874 1.8735 1.873
assets/tradingview/2025-09/2025-09-17_13h44_msg13854_UeKomn1f.png,13854,2025-09-17T13:44:34,GBPCAD,,2025-09-17T13:44:00,1.87626,1.87472,1.87954,achat,1.87954,1.87472,1.882 1.8815 1.881 1.8805 1.88 1.8785 1.878 1.8775 1.877 1.8765 1.876 1.8755 1.875 1.8745 1.874 1.8735 1.873 1.87626
ChatExport_2026-10-01/photos/photo_3196@17-09-2025_15-00-13.jpg,13857,2025-09-17T15:00:13,,,,,,,,,,
assets/tradingview/2025-09/2025-09-17_15h33_msg13859_q92dU1rY.png,13859,2025-09-17T15:33:48,EURAUD,,2025-09-17T15:33:00,,,,,1.77746,,1.81 1.805 1.8 1.795 1.79 1.785 1.78 1.77 1.765 1.76 1.755 1.75 1.745
assets/tradingview/2025-09/2025-09-17_15h35_msg13861_USkIfCf9.png,13861,2025-09-17T15:35:47,EURAUD,,2025-09-17T15:35:00,1.76988,1.76487,1.7822,achat,1.7822,1.76487,1.8 1.795 1.79 1.785 1.78 1.775 1.76 1.755 1.75 1.76988
ChatExport_2026-10-01/photos/photo_3199@17-09-2025_18-45-17.jpg,13864,2025-09-17T18:45:17,,,,,,,,,,1.198 1.196 1.194 1.192 1.19 1.188 1.186 1.184 1.182 1.18 1.178
ChatExport_2026-10-01/photos/photo_3200@17-09-2025_19-13-04.jpg,13866,2025-09-17T19:13:04,,,,,,,,,,
ChatExport_2026-10-01/photos/photo_3201@17-09-2025_19-13-04.jpg,13867,2025-09-17T19:13:04,,,,,,,,,,
assets/tradingview/2025-09/2025-09-18_00h30_msg13874_qGaFb04w.png,13874,2025-09-18T00:30:26,NZDJPY,,2025-09-18T00:30:00,,,,,,,88.2 88.0 87.8 87.6 87.4 87.2 86.8 86.6 86.4 86.2 86.0 85.8 85.6 85.4
assets/tradingview/2025-09/2025-09-18_00h31_msg13875_iEIHsbnc.png,13875,2025-09-18T00:31:46,EURNZD,,2025-09-18T00:31:00,,,,,,,2.015 2.01 2.005 2.0 1.99 1.985 1.98 1.975 1.97 1.965 1.96 1.955 1.95 1.945
assets/tradingview/2025-09/2025-09-18_00h41_msg13876_qjKFS1r9.png,13876,2025-09-18T00:41:08,GBPNZD,,2025-09-18T00:40:00,,,,,2.2985,,2.325 2.32 2.315 2.31 2.305 2.29 2.285 2.28 2.275 2.265 2.26 2.255 2.25 2.245 2.24 2.235 2.23 2.26805 2.22707
ChatExport_2026-10-01/photos/photo_3202@18-09-2025_16-06-58.jpg,13882,2025-09-18T16:06:58,,,,,,,,,,
ChatExport_2026-10-01/photos/photo_3203@18-09-2025_16-07-34.jpg,13883,2025-09-18T16:07:34,,,,,,,,,,179.0 356.0 329.87 28.0
assets/tradingview/2025-09/2025-09-21_14h24_msg13899_aHmgVxpK.png,13899,2025-09-21T14:24:56,,,2025-09-21T14:24:00,,,,,,,100.0 99.5 99.0 98.5 98.0 97.5 97.0 96.5 96.0 95.5
ChatExport_2026-10-01/photos/photo_3206@22-09-2025_02-20-07.jpg,13905,2025-09-22T02:20:07,,,,,,,,,,
assets/tradingview/2025-09/2025-09-22_12h57_msg13908_yfVqgLOV.png,13908,2025-09-22T12:57:41,,,2025-09-22T08:29:00,,,,,,97.533,98.8 98.6 98.4 98.2 98.0 97.6 97.2 97.0 96.8 96.6 96.4 96.0
assets/tradingview/2025-09/2025-09-22_12h58_msg13910_maVbn9Yo.png,13910,2025-09-22T12:58:29,,,2025-09-22T12:58:00,,,,,,,98.1 98.0 97.9 97.7 97.6 97.3 97.2 97.1 97.0 96.9 96.8 96.7 96.6 96.5 96.4 96.1 96.3
ChatExport_2026-10-01/photos/photo_3208@23-09-2025_08-40-05.jpg,13919,2025-09-23T08:40:05,,,,,,,,,,
ChatExport_2026-10-01/photos/photo_3209@23-09-2025_08-49-55.jpg,13920,2025-09-23T08:49:55,GBPAUD,,,,,,,,,
assets/tradingview/2025-09/2025-09-24_02h34_msg13923_1XqKS4co.png,13923,2025-09-24T02:34:39,GBPAUD,,2025-09-22T00:59:00,2.0495,2.05552,2.0451,vente,2.0451 2.0359,2.05552,2.054 2.052 2.0495 2.048 2.046 2.044 2.042 2.04 2.038 2.034 2.032
ChatExport_2026-10-01/photos/photo_3211@24-09-2025_02-34-54.jpg,13925,2025-09-24T02:34:54,,,,,,,,,,2.062 2.06 2.058 2.056 2.052 2.048 2.046 2.044 2.038 2.036 2.034 2.032 2.04995
ChatExport_2026-10-01/photos/photo_3212@24-09-2025_13-24-45.jpg,13931,2025-09-24T13:24:45,,,,,,,,,,0.656
assets/tradingview/2025-09/2025-09-24_18h21_msg13936_8qoTCabc.png,13936,2025-09-24T18:21:05,GBPAUD,,2025-09-24T10:55:00,,,,,,,2.046 2.045 2.044 2.043 2.042 2.041 2.04 2.038 2.037 2.036 2.035 2.034
ChatExport_2026-10-01/photos/photo_3215@24-09-2025_18-21-50.jpg,13938,2025-09-24T18:21:50,,,,,,,,2.03768 2.03285,2.04392,2.054 2.052 2.048 2.046 2.042 2.04 2.032 2.03 2.028 2.026
ChatExport_2026-10-01/photos/photo_3217@25-09-2025_22-02-17.jpg,13946,2025-09-25T22:02:17,,,,,,,,,,108.6 108.4 108.2 108.0 107.8 107.6 107.2 107.0 106.8 106.6 106.4 106.2 105.8 105.6
ChatExport_2026-10-01/photos/photo_3218@29-09-2025_03-55-46.jpg,13969,2025-09-29T03:55:46,,,,,,,,,,
assets/tradingview/2025-10/2025-10-01_01h12_msg13979_4FKYfhqE.png,13979,2025-10-01T01:12:37,USDJPY,,2025-10-01T01:10:00,147.497,147.747,146.975,vente,148.116 147.396 146.975,147.747,148.6 148.4 148.127 148.0 147.8 147.6 147.497 147.2 146.8 146.6 146.4
ChatExport_2026-10-01/photos/photo_3220@01-10-2025_01-41-47.jpg,13980,2025-10-01T01:41:47,,,,,,,,147.396 146.975,,149.4 149.2 149.0 148.8 148.6 148.4 148.2 148.127 147.6 147.2 147.497
ChatExport_2026-10-01/photos/photo_3221@01-10-2025_04-56-17.jpg,13982,2025-10-01T04:56:17,,,,,,,,147.399 146.975,,148.8 148.7 148.6 148.4 148.3 148.2 148.0 147.8 147.497 147.3 147.2 147.1 146.9 148.127
ChatExport_2026-10-01/photos/photo_3222@01-10-2025_06-25-49.jpg,13983,2025-10-01T06:25:49,,,,,,,,,,
assets/tradingview/2025-10/2025-10-01_11h39_msg13987_RBtrbbtf.png,13987,2025-10-01T11:39:37,EURGBP,,2025-09-30T06:31:00,0.87313,0.87513,0.86906,vente,0.86906,0.87302 0.87513,0.878 0.877 0.876 0.874 0.87313 0.872 0.871 0.87 0.868 0.867 0.866
ChatExport_2026-10-01/photos/photo_3223@01-10-2025_11-39-46.jpg,13988,2025-10-01T11:39:46,,,,,,,,,,
ChatExport_2026-10-01/photos/photo_3226@01-10-2025_14-16-08.jpg,13997,2025-10-01T14:16:08,CADJPY,,,107.197,107.449,106.476,vente,106.476 105.488,107.449,108.5 108.0 107.197 107.0 105.0 104.5
ChatExport_2026-10-01/photos/photo_3227@01-10-2025_14-29-57.jpg,14000,2025-10-01T14:29:57,,,,,,,,,,
ChatExport_2026-10-01/photos/photo_3228@01-10-2025_14-30-23.jpg,14001,2025-10-01T14:30:23,USDJPY,,,147.497,147.747,146.156,vente,146.156,147.747,148.2 148.127 148.0 147.497 146.6 146.4 146.0 146.888
assets/tradingview/2025-10/2025-10-02_09h01_msg14005_gTk5ixKE.png,14005,2025-10-02T09:01:35,,,2025-10-01T23:16:00,,,,,,,98.8 98.4 98.2 98.0 97.8 97.6 97.4 97.0 96.8 96.6 96.2 96.0
assets/tradingview/2025-10/2025-10-02_09h01_msg14007_eZsGc1hU.png,14007,2025-10-02T09:01:36,EURUSD,,2025-10-01T23:17:00,1.17362,1.17105,1.17877,achat,1.17349 1.17877,1.17105,1.18 1.1795 1.179 1.1785 1.178 1.1775 1.177 1.1765 1.176 1.175 1.1745 1.174 1.17362 1.173 1.172 1.1715 1.1705 1.17 1.1695
ChatExport_2026-10-01/photos/photo_3229@02-10-2025_09-01-59.jpg,14008,2025-10-02T09:01:59,,,,,,,,,1.17105,1.182 1.181 1.18 1.178 1.177 1.174 1.173 1.172 1.17 1.169 1.168 1.167
assets/tradingview/2025-10/2025-10-03_08h37_msg14013_C4wDYn6C.png,14013,2025-10-03T08:37:20,EURUSD,,2025-10-02T18:17:00,,,,,,,1.156 1.152 1.15 1.148 1.146 1.144 1.142 1.14 1.138 1.136 1.134 1.132 1.13 1.128 1.126
assets/tradingview/2025-10/2025-10-03_08h37_msg14015_GQZ9wlPm.png,14015,2025-10-03T08:37:20,EURUSD,,2025-10-02T18:23:00,1.17021,1.16764,1.17795,achat,1.17795,1.16764,1.177 1.176 1.175 1.174 1.173 1.169 1.168 1.167 1.166 1.165 1.164 1.17021
assets/tradingview/2025-10/2025-10-03_08h37_msg14017_GQupbbWK.png,14017,2025-10-03T08:37:20,EURUSD,,2025-10-02T18:25:00,,,,,,,1.149 1.148 1.147 1.146 1.145 1.143 1.142 1.141 1.14 1.139 1.138 1.137 1.135 1.134 1.133 1.132 1.131
assets/tradingview/2025-10/2025-10-03_08h37_msg14021_6Ca6ncVI.png,14021,2025-10-03T08:37:51,EURUSD,,2025-10-02T16:12:00,1.17021,1.16764,1.17795,achat,1.17034 1.17795,1.16764,1.183 1.182 1.181 1.18 1.179 1.177 1.176 1.174 1.173 1.172 1.167 1.166 1.165 1.164 1.163 1.17021
assets/tradingview/2025-10/2025-10-03_08h37_msg14023_nXh9JSD9.png,14023,2025-10-03T08:37:51,EURUSD,,2025-10-03T08:04:00,1.17021,1.16764,1.17795,achat,1.1735 1.17795,1.16764,1.18 1.179 1.177 1.176 1.175 1.174 1.172 1.169 1.168 1.167 1.166 1.165 1.17021
ChatExport_2026-10-01/photos/photo_3231@03-10-2025_16-22-28.jpg,14030,2025-10-03T16:22:28,,,,,,,,,,
assets/tradingview/2025-10/2025-10-08_01h19_msg14036_VwNfz6eN.png,14036,2025-10-08T01:19:36,GBPNZD,,2025-10-08T00:09:00,2.31281,2.30875,2.32092,achat,2.32092,2.30875,2.324 2.322 2.32 2.318 2.316 2.314 2.312 2.31 2.308 2.306 2.304 2.302 2.31281
assets/tradingview/2025-10/2025-10-08_01h19_msg14040_PRc49Sf1.png,14040,2025-10-08T01:19:36,GBPNZD,,2025-10-08T01:00:00,,,,,2.32846,,2.33 2.326 2.324 2.322 2.32 2.318 2.316 2.314 2.312 2.31 2.308 2.306 2.304 2.302
ChatExport_2026-10-01/photos/photo_3232@10-10-2025_11-55-25.jpg,14050,2025-10-10T11:55:25,CHFJPY,,,190.015,190.538,188.939,vente,188.79 188.939,190.538,192.5 192.0 191.5 191.0 190.015 188.5 188.0
assets/tradingview/2025-10/2025-10-10_11h55_msg14052_1PNQdc8y.png,14052,2025-10-10T11:55:26,CHFJPY,,2025-10-09T23:54:00,189.862,190.359,188.857,vente,189.814 188.857,190.359,191.2 191.0 190.8 190.6 190.2 189.862 189.6 189.4 189.2 189.0 188.6 188.4 188.2 188.0 187.8
ChatExport_2026-10-01/photos/photo_3233@10-10-2025_11-55-26.jpg,14054,2025-10-10T11:55:26,,,,,,,,108.091,,111.0 110.5 110.0 109.5 108.5 107.0 3.0
assets/tradingview/2025-10/2025-10-10_11h56_msg14055_Mt5GBh43.png,14055,2025-10-10T11:56:02,CHFJPY,,2025-10-10T11:55:00,,,,,88.817,189.307,191.0 190.8 190.6 190.4 190.2 189.6 189.4 189.0 188.6 188.4
assets/tradingview/2025-10/2025-10-10_11h56_msg14056_JjP9MCCa.png,14056,2025-10-10T11:56:37,CADJPY,,2025-10-10T11:56:00,109.073,109.398,108.864,vente,108.864 108.024,109.398,109.8 109.7 109.6 109.5 109.3 109.2 109.073 109.0 108.9 108.7 108.6 108.5 108.4 108.3 108.2 108.1
assets/tradingview/2025-10/2025-10-17_14h12_msg14072_Yd2p42KL.png,14072,2025-10-17T14:12:42,,,2025-10-17T11:50:00,,,,,,,310.347
assets/tradingview/2025-10/2025-10-17_14h12_msg14073_Wut6prrI.png,14073,2025-10-17T14:12:42,,,2025-10-17T14:05:00,,,,,,227.715,
ChatExport_2026-10-01/photos/photo_3245@21-10-2025_11-04-28.jpg,14091,2025-10-21T11:04:28,,,,,,,,,,
ChatExport_2026-10-01/photos/photo_3247@24-10-2025_14-08-10.jpg,14099,2025-10-24T14:08:10,,,,,,,,,,
ChatExport_2026-10-01/photos/photo_3250@28-10-2025_06-45-30.jpg,14107,2025-10-28T06:45:30,,,,,,,,108.615,,109.9 109.8 109.7 109.6 109.4 109.1 109.0 108.9 108.8 108.7 108.5 108.4
ChatExport_2026-10-01/photos/photo_3251@28-10-2025_06-45-30.jpg,14108,2025-10-28T06:45:30,,,,,,,,108.615,109.038,110.0 109.9 109.8 109.7 109.6 109.4 109.1 108.9 108.8 108.7 108.5 108.4 109.233
ChatExport_2026-10-01/photos/photo_3252@28-10-2025_06-45-30.jpg,14109,2025-10-28T06:45:30,,,,,,,,108.621,,110.4 110.2 110.0 109.8 109.6 109.233 109.0 108.8 108.4 108.2 108.0
ChatExport_2026-10-01/photos/photo_3253@28-10-2025_09-47-43.jpg,14110,2025-10-28T09:47:43,,,,,,,,,,
assets/tradingview/2025-10/2025-10-29_00h42_msg14115_PslvrKyT.png,14115,2025-10-29T00:42:28,AUDJPY,,2025-10-29T00:40:00,99.999,99.692,100.769,achat,100.769,100.222 99.692,100.9 100.7 100.6 100.5 100.4 100.3 100.1 99.9 99.8 99.6 99.5 99.999
ChatExport_2026-10-01/photos/photo_3254@29-10-2025_01-52-02.jpg,14118,2025-10-29T01:52:02,,,,,,,,,99.692,1.1 101.0 100.9 100.7 100.6 100.5 100.4 100.3 99.999 99.9 99.8 99.6 99.5 99.4 99.3
ChatExport_2026-10-01/photos/photo_3255@29-10-2025_07-31-10.jpg,14119,2025-10-29T07:31:10,AUDJPY,,,99.999,99.692,100.769,achat,100.769,100.538 99.692,101.6 101.4 101.2 101.0 100.6 100.4 100.2 99.999 99.8 99.6 99.4
assets/tradingview/2025-11/2025-11-04_12h49_msg14132_0G7LBLTW.png,14132,2025-11-04T12:49:25,EURNZD,,2025-11-04T12:45:00,2.02489,2.01675,2.04114,achat,2.04114,2.02 2.01675,2.06 2.055 2.045 2.035 2.02 2.015 2.01 2.02489
ChatExport_2026-10-01/photos/photo_3262@04-11-2025_21-03-01.jpg,14135,2025-11-04T21:03:01,,,,,,,,2.03507,,2.046 2.044 2.042 2.04 2.038 2.036 2.034 2.03 2.028 2.026 2.025 2.022 2.02 2.018 2.014 2.012
assets/tradingview/2025-11/2025-11-11_11h43_msg14146_u8QkruRK.png,14146,2025-11-11T11:43:31,EURGBP,,2025-11-11T11:42:00,0.8815,0.88031,0.88318,achat,0.88318,0.88031,0.8835 0.883 0.8825 0.882 0.8815 0.881 0.8805 0.8795 0.8785 0.878 0.8775 0.8765
assets/tradingview/2025-11/2025-11-11_23h06_msg14149_XMn68AYn.png,14149,2025-11-11T23:06:40,GBPAUD,,2025-11-11T23:06:00,2.0147,2.02085,2.0024,vente,2.0024,2.02085 2.01438,2.04 2.035 2.03 2.0147 2.01 2.005 1.995 1.99 1.985
ChatExport_2026-10-01/photos/photo_3264@12-11-2025_07-22-07.jpg,14151,2025-11-12T07:22:07,GBPAUD,,,2.016,2.02085,2.0024,vente,2.0024,2.02085 2.01066,2.028 2.026 2.024 2.022 2.016 2.012 2.008 2.006 2.004 1.998
assets/tradingview/2025-12/2025-12-02_08h30_msg14201_Qpxf1bmG.png,14201,2025-12-02T08:30:08,USDCAD,,2025-12-02T08:29:00,1.39969,1.40154,1.39635,vente,1.39635 1.38982,1.4047 1.40154,1.412 1.398 1.394 1.392 1.388 1.386 1.41 1.408 1.406 1.404 1.39969 1.39954
ChatExport_2026-10-01/photos/photo_3280@02-12-2025_22-57-29.jpg,14205,2025-12-02T22:57:29,USDCAD,,,1.39969,1.40154,1.38901,vente,1.38901,1.4047 1.40154,1.412 1.41 1.408 1.406 1.39969 1.39954 1.394 1.392 1.388 1.386 1.384
ChatExport_2026-10-01/photos/photo_3282@11-12-2025_10-04-45.jpg,14215,2025-12-11T10:04:45,,,,,,,,,,704.38 579.69
ChatExport_2026-10-01/photos/photo_3284@11-12-2025_15-53-47.jpg,14219,2025-12-11T15:53:47,,,,,,,,,,
ChatExport_2026-10-01/photos/photo_3285@11-12-2025_15-55-05.jpg,14220,2025-12-11T15:55:05,,,,,,,,,,
ChatExport_2026-10-01/photos/photo_3287@12-12-2025_02-06-57.jpg,14224,2025-12-12T02:06:57,GBPAUD,,,2.0097,2.00447,2.0175,achat,2.01 2.00929 2.0175,2.00447,2.026 2.024 2.022 2.02 2.016 2.014 2.012 2.0097 2.002 1.998 1.996 1.994
ChatExport_2026-10-01/photos/photo_3288@12-12-2025_16-22-18.jpg,14226,2025-12-12T16:22:18,GBPAUD,,,2.01027,2.00527,2.02309,achat,2.02309 2.0124,2.00527,2.03 2.028 2.026 2.024 2.022 2.02 2.018 2.016 2.014 2.01027 2.004 2.002 1.998 1.996 1.994
ChatExport_2026-10-01/photos/photo_3304@20-01-2026_11-44-34.jpg,14339,2026-01-20T11:44:34,,,,,,,,,,
assets/tradingview/2026-01/2026-01-20_11h46_msg14341_be43MoCH.png,14341,2026-01-20T11:46:31,,,2026-01-20T11:46:00,,,,,0.56989,0.57099,0.583 0.582 0.581 0.58 0.579 0.578 0.577 0.576 0.574 0.573 0.572 0.569 0.568 0.567 0.566 0.565
ChatExport_2026-10-01/photos/photo_3308@28-01-2026_16-16-45.jpg,14366,2026-01-28T16:16:45,,,,,,,,,,1.726 1.724 1.72 1.718 1.714 1.712 1.71 1.708 1.704 1.702 1.7
assets/tradingview/2026-01/2026-01-28_16h17_msg14370_KeuSqmgw.png,14370,2026-01-28T16:17:58,EURAUD,,2026-01-28T16:17:00,1.71672,1.72179,1.70654,vente,1.70654,1.72179,1.704 1.702 1.736 1.734 1.732 1.73 1.728 1.726 1.724 1.72 1.718 1.71672 1.716 1.714 1.712 1.71 1.708
assets/tradingview/2026-01/2026-01-28_23h12_msg14377_FFJ66WhR.png,14377,2026-01-28T23:12:36,EURUSD,,2026-01-28T23:12:00,,,,,1.1957,1.19138,1.212 1.21 1.208 1.206 1.202 1.2 1.198 1.19546 1.192 1.19 1.188 1.186
ChatExport_2026-10-01/photos/photo_3310@29-01-2026_00-45-40.jpg,14380,2026-01-29T00:45:40,,,,,,,,1.20377,,1.21 1.208 1.206 1.202 1.2 1.196 1.194 1.192 1.19 1.19546
ChatExport_2026-10-01/photos/photo_3311@29-01-2026_06-41-59.jpg,14381,2026-01-29T06:41:59,,,,,,,,1.20377,,1.206 1.205 1.203 1.202 1.201 1.2 1.197 1.196 1.19546 1.195 1.194 1.193 1.192 1.19 1.189 1.188
ChatExport_2026-10-01/photos/photo_3312@29-01-2026_07-06-47.jpg,14382,2026-01-29T07:06:47,,,,,,,,1.39303,,1.398 1.396 1.394 1.392 1.39 1.388 1.386 1.382 1.38 1.378
assets/tradingview/2026-01/2026-01-29_07h08_msg14383_eBEH0yTS.png,14383,2026-01-29T07:08:15,EURUSD,,2026-01-29T07:08:00,1.19902,1.19502,1.20699,achat,1.19898 1.20699,1.19502,1.214 1.212 1.21 1.208 1.206 1.204 1.202 1.19902 1.196 1.194 1.192 1.19 1.188
assets/tradingview/2026-02/2026-02-10_13h07_msg14406_EXXY5Ot0.png,14406,2026-02-10T13:07:36,USDJPY,,2026-02-10T01:18:00,156.047,156.497,155.131,vente,155.131,156.497,196.0 156.4 156.3 156.2 156.1 156.0 155.8 155.7 155.6 155.5 155.4 155.3 155.2 155.0 154.9 156.047
ChatExport_2026-10-01/photos/photo_3314@10-02-2026_13-07-36.jpg,14407,2026-02-10T13:07:36,,,,,,,,,,156.7 156.6 156.4 156.3 156.2 156.1 156.0 155.8 155.7 155.6 155.5 155.4 155.3 155.2 156.047
ChatExport_2026-10-01/photos/photo_3315@10-02-2026_13-07-36.jpg,14408,2026-02-10T13:07:36,,,,,,,,,,156.8 156.6 156.4 155.8 155.6 155.4 155.0 154.8 154.6 154.4 154.2 156.047
ChatExport_2026-10-01/photos/photo_3316@11-02-2026_23-45-28.jpg,14414,2026-02-11T23:45:28,EURUSD,,,,,,,,,193.981 0.0 860.81 0.91941 0.91697 1261.09 207.126 1921.0 39.96 207.9 0.6617 0.80084 840.29 0.57416 0.53949 6.65 106.552 1.19613 25.0 5.0 1.94778 2871.02 185.371 3002.1 2860.81 6.68
ChatExport_2026-10-01/photos/photo_3317@11-02-2026_23-46-41.jpg,14415,2026-02-11T23:46:41,,,,,,,,,,
ChatExport_2026-10-01/photos/photo_3318@12-02-2026_16-25-01.jpg,14418,2026-02-12T16:25:01,,,,,,,,,,
ChatExport_2026-10-01/photos/photo_3319@12-02-2026_23-32-55.jpg,14419,2026-02-12T23:32:55,,,,,,,,,,193.283 9.0 1.14546 0.0 0.92279 0.92535 6.0 2.00404 193.263
assets/tradingview/2026-02/2026-02-20_15h58_msg14422_N3uPzbT6.png,14422,2026-02-20T15:58:49,EURUSD,,2026-02-20T15:58:00,1.1783,1.17322,1.19313,achat,1.19313 1.17866,1.17322,1.205 1.2 1.195 1.19 1.185 1.18 1.1783 1.17 1.16
ChatExport_2026-10-01/photos/photo_3320@23-02-2026_00-47-23.jpg,14425,2026-02-23T00:47:23,,,,,,,,,,1.198 1.196 1.194 1.192 1.19 1.188 1.186 1.184 1.18 1.1783 1.174 1.172 1.17 1.168
assets/tradingview/2026-02/2026-02-25_16h49_msg14426_MQ5uEFdt.png,14426,2026-02-25T16:49:51,EURUSD,,2026-02-25T13:39:00,1.17843,1.17591,1.18346,achat,1.17856 1.18346,1.17591,1.186 1.185 1.184 1.183 1.182 1.181 1.18 1.179 1.17843 1.177 1.175 1.174 1.173
ChatExport_2026-10-01/photos/photo_3321@25-02-2026_16-50-14.jpg,14428,2026-02-25T16:50:14,,,,,,,,1.184 1.18048,,1.186 1.185 1.182 1.179 1.178 1.177 1.175 1.174 1.173 1.172 1.171 1.17 1.184 1.183 1.181 1.17843
assets/tradingview/2026-02/2026-02-25_16h50_msg14429_W72xqKQ8.png,14429,2026-02-25T16:50:58,EURNZD,,2026-02-25T13:32:00,1.97337,1.97684,1.96641,vente,1.9726 1.96641,1.97684,1.98 1.979 1.978 1.976 1.974 1.97337 1.973 1.971 1.97 1.969 1.968 1.967 1.966 1.965 1.964 1.963 1.962
ChatExport_2026-10-01/photos/photo_3322@25-02-2026_16-50-58.jpg,14430,2026-02-25T16:50:58,,,,,,,,1.96641,,1.984 1.982 1.98 1.978 1.976 1.974 1.972 1.968 1.964
ChatExport_2026-10-01/photos/photo_3323@25-02-2026_16-55-07.jpg,14431,2026-02-25T16:55:07,,,,,,,,,,
assets/tradingview/2026-02/2026-02-26_01h29_msg14432_LbjfhWON.png,14432,2026-02-26T01:29:02,GBPNZD,,2026-02-26T01:28:00,2.26125,2.2658,2.252,vente,2.252,2.2658,2.272 2.27 2.268 2.264 2.262 2.26125 2.26 2.256 2.254 2.248 2.246
ChatExport_2026-10-01/photos/photo_3324@26-02-2026_20-05-53.jpg,14441,2026-02-26T20:05:53,,,,,,,,,,2.272 2.27 2.268 2.264 2.262 2.26 2.258 2.256 2.254 2.248 2.246
ChatExport_2026-10-01/photos/photo_3325@27-02-2026_10-19-36.jpg,14442,2026-02-27T10:19:36,,,,,,,,,210.663,211.5 211.0 209.5 209.0 208.5 208.0
ChatExport_2026-10-01/photos/photo_3326@27-02-2026_10-19-36.jpg,14443,2026-02-27T10:19:36,,,,,,,,,210.284,211.5 211.0 210.5 209.5 209.0 208.5 208.0
ChatExport_2026-10-01/photos/photo_3327@27-02-2026_13-32-43.jpg,14446,2026-02-27T13:32:43,GBPJPY,,,,,,,,209.92,212.0 211.5 211.0 210.5 209.5 209.0 208.5 208.0
ChatExport_2026-10-01/photos/photo_3328@27-02-2026_13-35-14.jpg,14447,2026-02-27T13:35:14,,,,,,,,,,
ChatExport_2026-10-01/photos/photo_3329@27-02-2026_13-35-14.jpg,14448,2026-02-27T13:35:14,,,,,,,,,,
ChatExport_2026-10-01/photos/photo_3330@27-02-2026_13-35-14.jpg,14449,2026-02-27T13:35:14,,,,,,,,,,6.33
assets/tradingview/2026-03/2026-03-01_00h56_msg14451_36J1go0L.png,14451,2026-03-01T00:56:37,AUDCAD,,2026-03-01T00:54:00,,,,,,0.97076,0.978 0.976 0.974 0.972 0.97 0.968 0.966 0.964 0.962 0.96 0.958 0.956 0.954 0.952 0.948 0.946 0.944 0.942 0.94 97.09
ChatExport_2026-10-01/photos/photo_3332@01-03-2026_22-07-03.jpg,14465,2026-03-01T22:07:03,,,,,,,,,,
ChatExport_2026-10-01/photos/photo_3333@01-03-2026_22-07-50.jpg,14466,2026-03-01T22:07:50,,,,,,,,,,113.0 112.5 112.0 111.5 111.0 110.5 109.5 109.0 108.5 108.0
ChatExport_2026-10-01/photos/photo_3334@01-03-2026_23-21-39.jpg,14469,2026-03-01T23:21:39,,,,,,,,157.2 156.2,,159.0 158.8 158.6 158.4 158.2 158.0 157.8 157.6 157.0 156.8 156.6 155.8 155.6 155.4 155.2
ChatExport_2026-10-01/photos/photo_3335@02-03-2026_06-14-39.jpg,14471,2026-03-02T06:14:39,USDJPY,,,156.6,155.95,157.2,achat,7.4 157.2,155.95,158.2 158.0 157.8 157.6 156.6 156.2 155.8 155.6 155.4 155.2 154.8
ChatExport_2026-10-01/photos/photo_3336@02-03-2026_12-52-48.jpg,14473,2026-03-02T12:52:48,USDJPY,,,,,,,,155.95,158.2 158.0 157.8 157.6 157.0 156.8 156.6 156.395 156.2 155.8 155.6 155.4
ChatExport_2026-10-01/photos/photo_3337@02-03-2026_12-58-07.jpg,14474,2026-03-02T12:58:07,,,,,,,,,,
ChatExport_2026-10-01/photos/photo_3338@02-03-2026_13-00-08.jpg,14475,2026-03-02T13:00:08,USDJPY,,,,,,,,,157.4407 157.33385 157.227 157.12015 157.0133 156.90645 156.7996 156.69275 156.5859 156.47905 156.3722 156.1585 156.05165 155.9448 155.83795
ChatExport_2026-10-01/photos/photo_3339@02-03-2026_14-59-02.jpg,14477,2026-03-02T14:59:02,,,,,,,,,,
ChatExport_2026-10-01/photos/photo_3340@03-03-2026_20-26-22.jpg,14478,2026-03-03T20:26:22,,,,,,,,,,1.005 1.0
ChatExport_2026-10-01/photos/photo_3341@03-03-2026_20-27-05.jpg,14479,2026-03-03T20:27:05,,,,,,,,0.86747,,0.874
ChatExport_2026-10-01/photos/photo_3342@03-03-2026_20-27-25.jpg,14480,2026-03-03T20:27:25,,,,,,,,,,
ChatExport_2026-10-01/photos/photo_3343@03-03-2026_23-57-18.jpg,14483,2026-03-03T23:57:18,,,,,,,,,,0.0 624.42 574.92
ChatExport_2026-10-01/photos/photo_3344@03-03-2026_23-57-19.jpg,14484,2026-03-03T23:57:19,,,,,,,,,,0.0 592.44 562.74
ChatExport_2026-10-01/photos/photo_3345@04-03-2026_00-04-20.jpg,14490,2026-03-04T00:04:20,,,,,,,,,,
assets/tradingview/2026-03/2026-03-04_01h43_msg14497_Itr9nX5i.png,14497,2026-03-04T01:43:10,EURUSD,,2026-03-03T23:46:00,1.15786,1.15626,1.16106,achat,1.16106,1.15626,1.163 1.1625 1.162 1.16136 1.1605 1.16 1.1595 1.159 1.1585 1.1575 1.157 1.1565 1.156 1.1555 1.155 1.15786
assets/tradingview/2026-03/2026-03-04_01h43_msg14499_cwDVGgPW.png,14499,2026-03-04T01:43:27,EURUSD,,2026-03-04T01:43:00,1.15786,1.15626,1.16106,achat,1.16106,1.15626,1.1625 1.16 1.1615 1.1595 1.162 1.1605 1.1585 1.158 1.15786 1.1575 1.157 1.1565 1.156 1.1555 1.155 1.1545
assets/tradingview/2026-03/2026-03-04_03h56_msg14501_324pozwT.png,14501,2026-03-04T03:56:57,EURUSD,,2026-03-04T03:56:00,1.15786,1.15626,1.16095,achat,1.16095,1.15626,1.164 1.1635 1.163 1.1625 1.162 1.1615 1.1605 1.16 1.1595 1.159 1.1585 1.158 1.15786 1.1575 1.157 1.1565 1.156 1.1555 1.155 1.1545 1.154
assets/tradingview/2026-03/2026-03-04_09h58_msg14502_PwQq18wE.png,14502,2026-03-04T09:58:50,USDJPY,,2026-03-04T04:57:00,157.504,157.804,156.885,vente,156.885,157.804,158.0 157.9 157.7 157.6 157.3 157.2 157.1 157.0 156.8 156.7 156.6 156.5 157.504
ChatExport_2026-10-01/photos/photo_3347@04-03-2026_09-58-50.jpg,14503,2026-03-04T09:58:50,USDJPY,,,157.497,157.804,156.878,vente,156.878,157.804,158.2 158.1 158.0 157.9 157.7 157.6 157.497 157.4 157.3 157.1 157.0 156.8 156.7
assets/tradingview/2026-03/2026-03-04_10h00_msg14505_OqQoIM43.png,14505,2026-03-04T10:00:38,EURJPY,,2026-03-04T04:00:00,182.848,183.249,181.841,vente,181.841,183.249,183.4 3.3 2.3 3.2 183.1 183.0 182.9 182.8 182.6 82.5 82.4 82.3 82.2 82.1 183.3 183.2 182.848 182.5 182.4 182.3 182.2 182.1 181.9 181.8 181.7 181.6 181.5 181.4
ChatExport_2026-10-01/photos/photo_3348@04-03-2026_10-00-41.jpg,14506,2026-03-04T10:00:41,EURJPY,,,182.848,183.153,181.841,vente,181.841,183.153,183.8 183.6 183.4 183.0 182.6 182.2 181.6 181.4 181.2 182.848
assets/tradingview/2026-03/2026-03-05_05h03_msg14508_onECSRoy.png,14508,2026-03-05T05:03:08,AUDUSD,,2026-03-04T14:36:00,0.70383,0.7109,0.69871,vente,0.69871,0.7109,0.714 0.713 0.712 0.71 0.709 0.707 0.706 0.705 0.70383 0.703 0.702 0.701 0.7 0.698 0.697 0.696 0.695 0.694 0.693 0.70786
ChatExport_2026-10-01/photos/photo_3349@05-03-2026_05-03-26.jpg,14509,2026-03-05T05:03:26,,,,,,,,,,
ChatExport_2026-10-01/photos/photo_3350@05-03-2026_05-51-43.jpg,14512,2026-03-05T05:51:43,,,,,,,,,,
ChatExport_2026-10-01/photos/photo_3351@05-03-2026_05-51-43.jpg,14513,2026-03-05T05:51:43,,,,,,,,,,
ChatExport_2026-10-01/photos/photo_3352@05-03-2026_08-33-11.jpg,14514,2026-03-05T08:33:11,,,,,,,,,,0.70156
assets/tradingview/2026-03/2026-03-05_11h01_msg14515_CMQBtWRh.png,14515,2026-03-05T11:01:54,EURAUD,,2026-03-05T09:37:00,1.652,1.65252,1.64494,vente,1.64494,1.65252,1.654 1.653 1.652 1.651 1.648 1.647 1.646 1.644 1.643 1.642 1.65
ChatExport_2026-10-01/photos/photo_3353@05-03-2026_11-01-54.jpg,14517,2026-03-05T11:01:54,EURAUD,,,1.64762,1.65252,1.64494,vente,1.64494,1.65252,1.656 1.655 1.654 1.653 1.652 1.651 1.649 1.648 1.64762 1.646 1.644 1.643 1.642 1.641 1.65
assets/tradingview/2026-03/2026-03-06_13h57_msg14526_UKUI87un.png,14526,2026-03-06T13:57:34,AUDUSD,,2026-03-06T13:46:00,0.70086,0.70345,0.69563,vente,0.69563,0.70345 0.7006,0.709 0.707 0.706 0.705 0.704 0.703 0.702 0.70086 0.699 0.698 0.697 0.695 0.694 0.693 0.692 0.691 0.69 0.689 0.688
ChatExport_2026-10-01/photos/photo_3354@06-03-2026_13-57-34.jpg,14525,2026-03-06T13:57:34,,,,,,,,0.7,,0.688
assets/tradingview/2026-03/2026-03-06_13h57_msg14527_zTD0YQ8N.png,14527,2026-03-06T13:57:48,AUDUSD,,2026-03-06T13:57:00,0.697,0.69855,0.69563,vente,0.69563,0.69855,0.707 0.706 0.705 0.704 0.703 0.702 0.699 0.697 0.696 0.695 0.694 0.693 0.692 0.691 0.69 0.689
assets/tradingview/2026-03/2026-03-08_23h40_msg14532_wgSp6XSJ.png,14532,2026-03-08T23:40:37,AUDCAD,,2026-03-08T23:39:00,,,,,,0.94776,0.97 0.965 0.96 0.955 0.94 0.935 0.93 0.925 0.92 0.915 0.91 0.905 0.9
assets/tradingview/2026-03/2026-03-08_23h54_msg14536_pq2m3VRl.png,14536,2026-03-08T23:54:29,EURUSD,,2026-03-08T23:54:00,,,,,,,1.145 1.14 1.135 1.13 1.125 1.215 1.21 1.205 1.2 1.195 1.19 1.185 1.18 1.175 1.17 1.165 1.16 1.155
assets/tradingview/2026-03/2026-03-09_09h38_msg14540_iGT7RC6Y.png,14540,2026-03-09T09:38:02,GBPJPY,,2026-03-09T00:36:00,210.985,210.578,211.809,achat,211.012 211.809,210.578,212.8 212.6 212.4 212.2 212.0 211.6 211.4 211.2 210.985 210.8 210.4 210.2 210.0 209.8 209.6 912.4
ChatExport_2026-10-01/photos/photo_3356@09-03-2026_09-38-09.jpg,14542,2026-03-09T09:38:09,GBPJPY,,,210.985,210.578,211.797,achat,211.797 211.484,210.578,213.0 212.8 212.6 212.4 212.2 212.0 211.6 211.2 210.985 210.8 210.4 210.2 210.0 209.8 209.6
assets/tradingview/2026-03/2026-03-09_13h09_msg14545_MHQWIdLg.png,14545,2026-03-09T13:09:15,GBPJPY,,2026-03-09T13:01:00,210.985,210.578,211.809,achat,211.809 211.751,210.578,212.4 212.2 212.0 211.6 211.4 211.2 210.8 210.4 210.2 210.0 209.8 209.6 210.985
ChatExport_2026-10-01/photos/photo_3357@10-03-2026_18-26-48.jpg,14550,2026-03-10T18:26:48,USDJPY,,,157.521,157.115,158.331,achat,158.331 157.896,157.115,159.6 159.4 159.2 159.0 158.8 158.6 158.2 158.0 157.6 157.521 157.2 157.0 156.8 156.6 156.4 156.2
assets/tradingview/2026-03/2026-03-11_09h05_msg14554_qoh1hBNs.png,14554,2026-03-11T09:05:06,EURUSD,,2026-03-11T01:41:00,1.16217,1.1662,1.15035,vente,1.15035,1.16216 1.1662,1.17 1.168 1.164 1.16217 1.16 1.158 1.156 1.154 1.152 1.148 1.146 1.144
assets/tradingview/2026-03/2026-03-11_09h05_msg14555_Fo9qg1QS.png,14555,2026-03-11T09:05:06,EURUSD,,2026-03-11T02:14:00,1.16217,1.16522,1.15705,vente,1.15705,1.1662 1.16 1.16234 1.16522,1.169 1.168 1.167 1.164 1.1631 1.16217 1.161 1.16 1.159 1.158 1.156 1.155 1.154 1.153
ChatExport_2026-10-01/photos/photo_3358@11-03-2026_09-05-32.jpg,14557,2026-03-11T09:05:32,EURUSD,,,1.16319,1.16621,1.15203,vente,1.15203,1.16621 1.16522 1.15951,1.178 1.176 1.174 1.172 1.17 1.168 1.164 1.16319 1.16217 1.156 1.154 1.15 1.148
assets/tradingview/2026-03/2026-03-17_16h32_msg14569_8YxfjvHf.png,14569,2026-03-17T16:32:34,,,2026-03-17T01:34:00,,,,,,,
ChatExport_2026-10-01/photos/photo_3361@17-03-2026_16-32-48.jpg,14570,2026-03-17T16:32:48,,,,,,,,,,160.0 140.0 120.0 100.0 5080.0 5060.0 5040.0 5020.0 4980.0 4960.0 4940.0 4920.0 4900.0 5120.0
ChatExport_2026-10-01/photos/photo_3362@18-03-2026_12-35-00.jpg,14581,2026-03-18T12:35:00,EURUSD,,,1.156,1.15704,1.14121,vente,1.14121,1.15704 1.15226,1.158 1.156 1.154 1.153 1.15 1.148 1.146 1.144 1.142 1.14 1.138 1.136 1.134
ChatExport_2026-10-01/photos/photo_3363@18-03-2026_13-06-26.jpg,14582,2026-03-18T13:06:26,,,,,,,,99.877,,100.8 100.6 100.4 100.2 99.6 99.4 99.2 99.0
ChatExport_2026-10-01/photos/photo_3364@18-03-2026_13-50-33.jpg,14586,2026-03-18T13:50:33,,,,,,,,98.829,,104.0 103.0 102.0 101.0 100.0 98.0 97.0 96.0 95.0 94.0 93.0 92.0 91.0 90.0 89.0 88.0
ChatExport_2026-10-01/photos/photo_3365@18-03-2026_13-54-54.jpg,14588,2026-03-18T13:54:54,USDJPY,,,,,,,159.495,,159.58 159.45 159.385 159.32 159.255 159.19 159.125 159.06 158.93 158.865 158.8 158.735 158.67 158.605
ChatExport_2026-10-01/photos/photo_3366@18-03-2026_18-52-11.jpg,14597,2026-03-18T18:52:11,,,,,,,,1.14121,,1.166 1.164 1.162 1.16 1.158 1.156 1.152 1.15 1.146 1.144 1.142 1.14 1.138 1.136 1.134 1.132
assets/tradingview/2026-03/2026-03-18_21h43_msg14601_ObrboBrr.png,14601,2026-03-18T21:43:42,EURCAD,,2026-03-18T21:43:00,1.57503,1.58007,1.56269,vente,1.57372 1.56269,1.58007,1.581 1.579 1.577 1.571 1.569 1.567 1.565 1.561 1.559 1.57503
assets/tradingview/2026-03/2026-03-19_10h04_msg14603_F7Bv40Rp.png,14603,2026-03-19T10:04:08,AUDJPY,,2026-03-18T20:36:00,,,,,,112.22,114.5 113.5 113.0 111.5 111.0 110.5 109.5 109.0 108.5 108.0
ChatExport_2026-10-01/photos/photo_3368@19-03-2026_10-05-05.jpg,14606,2026-03-19T10:05:05,,,,,,,,,112.29,114.5 113.5 113.0 112.0 111.5 111.0 110.5
ChatExport_2026-10-01/photos/photo_3370@31-03-2026_14-30-52.jpg,14629,2026-03-31T14:30:52,,,,,,,,,159.143,161.0 160.5 159.5 158.5 158.0 157.5
ChatExport_2026-10-01/photos/photo_3371@01-04-2026_09-10-04.jpg,14631,2026-04-01T09:10:04,,,,,,,,,,1.36 1.355 1.35 1.345 1.34 1.335 1.325 1.32 1.315 1.31 1.305 1.3
ChatExport_2026-10-01/photos/photo_3372@02-04-2026_02-38-07.jpg,14634,2026-04-02T02:38:07,,,,,,,,,,101.5 101.0 100.5 99.0 98.5 98.0
ChatExport_2026-10-01/photos/photo_3373@02-04-2026_02-47-49.jpg,14635,2026-04-02T02:47:49,,,,,,,,,,1.34 1.335 1.33 1.32817 1.32 1.31 1.305 1.3
ChatExport_2026-10-01/photos/photo_3374@03-04-2026_13-45-16.jpg,14637,2026-04-03T13:45:16,,,,,,,,,1.32803,1.34 1.335 1.33 1.31 1.305 1.3
assets/tradingview/2026-04/2026-04-03_13h45_msg14638_W9DAGCIR.png,14638,2026-04-03T13:45:39,GBPUSD,,2026-04-03T13:45:00,1.325,1.328,1.31734,vente,1.31734,1.328,1.334 1.332 1.33 1.325 1.324 1.322 1.32 1.318 1.316 1.314 1.312 1.31
ChatExport_2026-10-01/photos/photo_3375@03-04-2026_13-46-05.jpg,14639,2026-04-03T13:46:05,,,,,,,,0.56573,,
assets/tradingview/2026-04/2026-04-03_13h46_msg14640_sRvmZDWi.png,14640,2026-04-03T13:46:51,NZDUSD,,2026-04-03T13:46:00,0.574,0.57533,0.56629,vente,0.56629,0.57533 0.57344,0.577 0.576 0.574 0.573 0.571 0.569 0.568 0.567 0.565 0.564 0.563
ChatExport_2026-10-01/photos/photo_3379@04-04-2026_11-20-00.jpg,14648,2026-04-04T11:20:00,GBPUSD,,,1.325,1.328,1.31984,vente,1.31984 1.31879,1.328,1.34 1.338 1.336 1.334 1.332 1.33 1.325 1.324 1.322 1.318 1.316 1.314 1.312 1.31
ChatExport_2026-10-01/photos/photo_3380@07-04-2026_09-00-33.jpg,14655,2026-04-07T09:00:33,,,,,,,,,,
ChatExport_2026-10-01/photos/photo_3381@07-04-2026_09-01-34.jpg,14656,2026-04-07T09:01:34,,,,,,,,,,
ChatExport_2026-10-01/photos/photo_3382@07-04-2026_22-02-04.jpg,14659,2026-04-07T22:02:04,,,,,,,,,,
ChatExport_2026-10-01/photos/photo_3383@07-04-2026_22-03-17.jpg,14660,2026-04-07T22:03:17,CHFJPY,,,199.712,199.161,200.845,achat,200.845,199.729 199.161,202.4 202.2 202.0 201.8 201.6 201.4 201.2 201.0 200.6 200.4 200.2 199.712 199.4 199.0 198.8 198.6
ChatExport_2026-10-01/photos/photo_3384@07-04-2026_22-03-34.jpg,14661,2026-04-07T22:03:34,,,,,,,,,199.161,200.7 200.6 200.5 200.4 200.3 200.2 199.9 199.8 199.6 199.5 199.4 199.3 199.1 199.0 200.8 199.712 199.2
ChatExport_2026-10-01/photos/photo_3385@07-04-2026_22-12-44.jpg,14662,2026-04-07T22:12:44,,,,,,,,,109.403,113.0 112.0 111.0 110.5 110.0 109.0 108.5
ChatExport_2026-10-01/photos/photo_3386@07-04-2026_22-51-19.jpg,14666,2026-04-07T22:51:19,,,,,,,,,,
ChatExport_2026-10-01/photos/photo_3387@08-04-2026_01-12-38.jpg,14667,2026-04-08T01:12:38,,,,,,,,,,
ChatExport_2026-10-01/photos/photo_3388@08-04-2026_11-11-44.jpg,14670,2026-04-08T11:11:44,,,,,,,,,,
ChatExport_2026-10-01/photos/photo_3390@08-04-2026_13-41-56.jpg,14677,2026-04-08T13:41:56,,,,,,,,,2.30468,2.36 2.35 2.34 2.33 2.32 2.28 2.27 2.26 2.25 2.24 2.23
ChatExport_2026-10-01/photos/photo_3391@08-04-2026_13-41-57.jpg,14679,2026-04-08T13:41:57,GBPNZD,,,2.31119,2.31938,2.30469,vente,2.30469,2.30468 2.31938,2.34 2.335 2.33 2.315 2.30468 2.29 2.285 2.28 2.275 2.27 2.265 2.26 2.255 2.25 2.31119
ChatExport_2026-10-01/photos/photo_3392@08-04-2026_13-42-13.jpg,14680,2026-04-08T13:42:13,,,,,,,,2.29466,2.30468,2.33 2.315 2.3 2.29 2.285 2.28 2.31119 2.30468
assets/tradingview/2026-04/2026-04-09_13h22_msg14687_4SxJQh7G.png,14687,2026-04-09T13:22:35,EURJPY,,2026-04-09T13:17:00,185.092,184.784,185.751,achat,185.751,184.784,186.0 185.6 185.4 185.2 185.0 184.6 184.4 184.2 184.0 183.8 183.6 185.092
assets/tradingview/2026-04/2026-04-09_13h22_msg14688_MJ7Qn4FK.png,14688,2026-04-09T13:22:35,CHFJPY,,2026-04-09T13:20:00,200.134,199.565,201.276,achat,201.276 201.216,199.565,202.0 201.8 201.6 201.4 201.0 200.8 200.6 200.4 200.134 199.8 199.4 199.2 199.0 198.8 198.6 198.4
ChatExport_2026-10-01/photos/photo_3393@09-04-2026_13-22-35.jpg,14685,2026-04-09T13:22:35,CHFJPY,,,200.065,199.565,201.198,achat,201.198 200.134,199.565,201.8 201.6 201.4 201.0 200.8 200.6 200.4 200.2 200.065 199.8 199.4 199.2
ChatExport_2026-10-01/photos/photo_3394@09-04-2026_13-22-35.jpg,14686,2026-04-09T13:22:35,,,,,,,,,,86.6 186.4 186.2 186.0 185.6 185.4 185.2 134.3 184.6 184.4 185.08
ChatExport_2026-10-01/photos/photo_3399@15-04-2026_17-01-36.jpg,14701,2026-04-15T17:01:36,,,,,,,,,2.3041,2.308 2.306 2.302 2.296 2.294 2.292 2.29 2.286 2.284 2.282 2.28
ChatExport_2026-10-01/photos/photo_3400@15-04-2026_17-02-06.jpg,14703,2026-04-15T17:02:06,,,,,,,,,2.30416 2.28871,2.312 2.31 2.308 2.306 2.302 2.30003 2.298 2.294 2.292 2.29 2.286
ChatExport_2026-10-01/photos/photo_3403@16-04-2026_22-47-41.jpg,14715,2026-04-16T22:47:41,,,,,,,,,,100.0 99.0 98.0 97.0 96.0 94.0 92.0 91.0 90.0 89.0 88.0 87.0 86.0 85.0 83.0 82.0
ChatExport_2026-10-01/photos/photo_3404@16-04-2026_22-50-23.jpg,14716,2026-04-16T22:50:23,,,,,,,,,,132.0 128.0 124.0 120.0 112.0 108.0 104.0 100.0 88.0 80.0 76.0 72.0 68.0 64.0 60.0
ChatExport_2026-10-01/photos/photo_3406@17-04-2026_13-53-47.jpg,14718,2026-04-17T13:53:47,,,,,,,,,,112.0 108.0 104.0 100.0 92.0 88.0 80.0 76.0 72.0 68.0 6.0
ChatExport_2026-10-01/photos/photo_3410@30-04-2026_14-20-24.jpg,14738,2026-04-30T14:20:24,XAUUSD,,,4707.63,4685.07,4819.56,achat,4819.56,4708.42 4685.07,4810.0 4800.0 4790.0 4780.0 4770.0 4760.0 4740.0 4730.0 4720.0 4707.63 4704.64 4690.0 680.0 4670.0 4660.0 4650.0 4640.0 4630.0 4680.0
ChatExport_2026-10-01/photos/photo_3411@30-04-2026_14-20-24.jpg,14739,2026-04-30T14:20:24,XAUUSD,,,4704.64,4685.07,4752.66,achat,4752.66,4729.69 4685.07,4800.0 4790.0 4780.0 4770.0 4760.0 4740.0 4720.0 4704.64 4690.0 4680.0 4670.0 4660.0 4650.0 4640.0 4630.0 4620.0 4610.0 4707.63
ChatExport_2026-10-01/photos/photo_3412@30-04-2026_14-20-25.jpg,14740,2026-04-30T14:20:25,,,,,,,,0.86619,,
ChatExport_2026-10-01/photos/photo_3413@30-04-2026_14-20-25.jpg,14741,2026-04-30T14:20:25,,,,,,,,,,
ChatExport_2026-10-01/photos/photo_3414@30-04-2026_14-21-27.jpg,14743,2026-04-30T14:21:27,GBPAUD,,,1.88008,1.87608,1.89214,achat,1.89214,1.88048 1.87608,1.898 1.896 1.894 1.89 1.888 1.886 1.884 1.882 1.88008 1.878 1.874 1.872 1.87 1.868 1.866
ChatExport_2026-10-01/photos/photo_3415@30-04-2026_14-21-27.jpg,14745,2026-04-30T14:21:27,GBPAUD,,,1.886,1.87648,1.89261,achat,1.89261,1.87648,1.904 1.902 1.9 1.898 1.896 1.894 1.89 1.886 1.884 1.882 1.878 1.874 1.872 1.87 1.868
ChatExport_2026-10-01/photos/photo_3416@30-04-2026_14-21-27.jpg,14746,2026-04-30T14:21:27,EURAUD,,,1.64018,1.64078,1.63564,vente,1.64333 1.63991 1.63564,1.64078,1.665 1.66 1.655 1.65 1.645 1.64018 1.63532 1.63 1.625 1.62
ChatExport_2026-10-01/photos/photo_3417@30-04-2026_14-21-51.jpg,14747,2026-04-30T14:21:51,,,,,,,,1.64248 1.64104 1.63991,1.64078,1.646 1.644 1.64018 1.638 1.636 1.09032 1.634 1.63 1.628 1.626 1.624
ChatExport_2026-10-01/photos/photo_3418@30-04-2026_14-22-07.jpg,14748,2026-04-30T14:22:07,,,,,,,,1.036,1.60301,1.61 1.608 1.606 1.604 1.602 1.6 1.596 1.592 1.59 1.588
ChatExport_2026-10-01/photos/photo_3419@30-04-2026_14-22-07.jpg,14749,2026-04-30T14:22:07,,,,,,,,,,1.607 1.606 1.605 1.604 1.602 1.601 1.6 1.599 1.598 1.597 1.595 1.593 1.592 1.591
ChatExport_2026-10-01/photos/photo_3421@30-04-2026_20-01-50.jpg,14758,2026-04-30T20:01:50,,,,,,,,,,0.848
assets/tradingview/2026-05/2026-05-05_23h08_msg14774_pzqaPU2Y.png,14774,2026-05-05T23:08:01,EURUSD,,2026-05-05T23:07:00,,,,,,1.17491,1.181 1.18 1.179 1.178 1.177 1.176 1.174 1.173 1.172 1.17 1.169 1.168 1.167 1.166 1.165 1.164 1.163 1.162
assets/tradingview/2026-05/2026-05-05_23h16_msg14776_1UdL4ku8.png,14776,2026-05-05T23:16:28,,,2026-05-05T23:16:00,,,,,,1.97 1.97938,1.998 1.996 1.994 1.992 1.99 1.988 1.986 1.982 1.978 1.976 1.97507 1.972 1.97 1.968
assets/tradingview/2026-05/2026-05-06_00h37_msg14778_gRFWUXOS.png,14778,2026-05-06T00:37:53,EURNZD,,2026-05-05T23:20:00,1.98433,1.98737,1.97824,vente,1.97824,1.98737 1.97938,1.98433 1.982 1.97507 1.99 1.989 1.988 1.987 1.986 1.985 1.984 1.981 1.98 1.979 1.977 1.976 1.974
ChatExport_2026-10-01/photos/photo_3423@06-05-2026_00-37-56.jpg,14779,2026-05-06T00:37:56,,,,,,,,1.97822,,1.998 1.996 1.994 1.992 1.99 1.986 1.976 1.972 1.97 1.98431 1.97507
ChatExport_2026-10-01/photos/photo_3424@06-05-2026_00-56-56.jpg,14782,2026-05-06T00:56:56,,,,,,,,1.97822,,2.005 1.995 1.99 1.97 1.965 1.98431 1.97507
ChatExport_2026-10-01/photos/photo_3425@06-05-2026_00-57-38.jpg,14783,2026-05-06T00:57:38,XAUUSD,,,4553.2,4521.97,4600.09,achat,4600.09,4597.81 4555.59 4521.97,4740.0 4720.0 4680.0 4660.0 4640.0 4580.0 4553.2 4480.0 460.0 4440.0 4420.0 4400.0 4380.0 4704.64 4525.8 480.0
ChatExport_2026-10-01/photos/photo_3426@06-05-2026_00-59-56.jpg,14784,2026-05-06T00:59:56,XAUUSD,,,4580.0,4521.97,4623.302,achat,4623.302,4521.97,4780.0 4760.0 4740.0 4720.0 4700.0 4680.0 4660.0 4640.0 4580.0 4540.0 4500.0 4480.0 4460.0 440.0 4420.0 4440.0
ChatExport_2026-10-01/photos/photo_3427@06-05-2026_01-52-13.jpg,14785,2026-05-06T01:52:13,,,,,,,,1.97721,,1.998 1.996 1.994 1.992 1.99 1.986 1.982 1.97507 1.972 1.97 1.968 1.966 1.98431
ChatExport_2026-10-01/photos/photo_3428@06-05-2026_03-59-48.jpg,14786,2026-05-06T03:59:48,,,,,,,,1.97721,,2.005 1.995 1.99 1.97507 1.97 1.965 1.96 1.98431
ChatExport_2026-10-01/photos/photo_3429@06-05-2026_09-28-16.jpg,14788,2026-05-06T09:28:16,,,,,,,,,1.17491,1.192 1.19 1.188 1.186 1.184 1.182 1.18 1.178 1.172 1.17 1.168 1.166 1.164 1.162 1.16 1.158
assets/tradingview/2026-05/2026-05-07_08h13_msg14795_Z12swAxE.png,14795,2026-05-07T08:13:16,EURAUD,,2026-05-06T12:47:00,1.62502,1.62911,1.6168,vente,1.6168,1.62911,1.636 1.622 1.613 1.635 1.634 1.633 1.632 1.631 1.63 1.628 1.627 1.62502 1.621 1.62 1.619 1.618 1.616 1.615 1.614
ChatExport_2026-10-01/photos/photo_3432@07-05-2026_08-13-16.jpg,14797,2026-05-07T08:13:16,EURAUD,,,1.62506,1.62915,1.61684,vente,1.61684,1.62915,1.638 1.636 1.634 1.632 1.63 1.628 1.62506 1.624 1.622 1.618 1.616
ChatExport_2026-10-01/photos/photo_3433@07-05-2026_08-41-12.jpg,14803,2026-05-07T08:41:12,,,,,,,,,,1.186 1.185 1.184 1.183 1.181 1.18 1.179 1.178 1.177 1.173 1.172 1.171 1.17 1.169 1.168
ChatExport_2026-10-01/photos/photo_3434@07-05-2026_08-41-42.jpg,14804,2026-05-07T08:41:42,EURUSD,,,1.17559,1.17254,1.18202,achat,1.18202,1.17254,1.186 1.185 1.184 1.183 1.181 1.18 1.179 1.178 1.176 1.17559 1.174 1.173 1.172 1.171 1.17 1.169 1.168
ChatExport_2026-10-01/photos/photo_3435@07-05-2026_08-41-56.jpg,14805,2026-05-07T08:41:56,GBPJPY,,,212.565,212.16,213.38,achat,213.38,212.16,215.5 214.5 214.0 213.5 213.0 12.565 211.5 211.0 210.5 212.565
ChatExport_2026-10-01/photos/photo_3436@07-05-2026_08-43-59.jpg,14806,2026-05-07T08:43:59,GBPJPY,,,212.563,212.16,213.391,achat,213.391,212.16,214.2 214.0 213.8 213.6 213.2 213.0 212.563 212.0 211.8 211.6 211.4 211.2
ChatExport_2026-10-01/photos/photo_3437@07-05-2026_08-46-21.jpg,14807,2026-05-07T08:46:21,,,,,,,,1.60225 1.61059,,1.614 1.612 1.61 1.608 1.606 1.604 1.60214 1.6 1.596 1.594 1.592 1.59
ChatExport_2026-10-01/photos/photo_3438@07-05-2026_08-46-33.jpg,14808,2026-05-07T08:46:33,EURCAD,,,1.60225,1.59794,1.6111,achat,1.6111,1.59794,1.618 1.616 1.614 1.612 1.61 1.608 1.606 1.60225 1.596
assets/tradingview/2026-05/2026-05-07_17h32_msg14814_pGEF5O9C.png,14814,2026-05-07T17:32:28,EURUSD,,2026-05-07T17:32:00,1.17501,1.17804,1.16811,vente,1.16811,1.17804,1.184 1.182 1.18 1.17501 1.172 1.17 1.166 1.164 1.162 1.16 1.158
ChatExport_2026-10-01/photos/photo_3439@07-05-2026_20-20-44.jpg,14816,2026-05-07T20:20:44,,,,,,,,,,158.6 158.4 158.2 158.0 157.8 157.2 157.0 156.8 156.0 155.8 155.6
ChatExport_2026-10-01/photos/photo_3440@07-05-2026_20-21-55.jpg,14817,2026-05-07T20:21:55,,,,,,,,157.427,,158.0 157.8 157.2 157.0 156.4 156.0 155.8 155.6
ChatExport_2026-10-01/photos/photo_3441@07-05-2026_20-57-06.jpg,14820,2026-05-07T20:57:06,,,,,,,,,,1.186 1.184 1.182 1.18 1.17 1.168 1.166 1.164 1.162 1.16 1.158 1.156 1.154
ChatExport_2026-10-01/photos/photo_3442@11-05-2026_09-38-46.jpg,14830,2026-05-11T09:38:46,,,,,,,,157.791,,159.0 158.8 158.6 158.4 158.2 158.0 157.2 156.6 156.2 156.0 155.8 155.6 157.0 156.881
ChatExport_2026-10-01/photos/photo_3443@11-05-2026_09-38-57.jpg,14831,2026-05-11T09:38:57,,,,,,,,,,158.0 157.6 157.4 157.2 157.0 156.88 156.8 156.6 156.2 187.0 156.881
assets/tradingview/2026-05/2026-05-11_14h24_msg14832_cTopMuTc.png,14832,2026-05-11T14:24:42,EURUSD,,2026-05-11T14:24:00,,,,,1.18032,1.17245,1.183 1.182 1.181 1.18 7.18 1.17906 1.178 1.177 1.176 1.175 1.174 1.173 1.172 1.171 1.17 1.169 1.168 1.167 1.166
ChatExport_2026-10-01/photos/photo_3444@12-05-2026_12-33-08.jpg,14843,2026-05-12T12:33:08,,,,,,,,,1.17812,1.181 1.18 1.179 1.177 1.176 1.172 1.171 1.17 4.168 1.167 1.166 1.165 1.164 1.163 1.168
ChatExport_2026-10-01/photos/photo_3445@12-05-2026_13-19-44.jpg,14844,2026-05-12T13:19:44,,,,,,,,,1.17802,1.182 1.181 1.18 1.179 1.177 1.176 1.172 1.171
ChatExport_2026-10-01/photos/photo_3446@12-05-2026_13-22-26.jpg,14846,2026-05-12T13:22:26,EURUSD,,,,,,,,,1.1763 1.17605 1.1758 1.17555 1.1753 1.1748 1.17455 1.1743 1.17405 1.1738 1.1733 1.17305
ChatExport_2026-10-01/photos/photo_3449@13-05-2026_07-51-19.jpg,14853,2026-05-13T07:51:19,,,,,,,,1.16883,,1.18 1.179 1.177 1.176 1.174 1.173 1.17 1.168 1.167 1.166 1.165 1.17499
ChatExport_2026-10-01/photos/photo_3450@13-05-2026_09-32-30.jpg,14854,2026-05-13T09:32:30,,,,,,,,1.16891,,1.184 1.182 1.18 1.174 1.166 1.164 1.162
ChatExport_2026-10-01/photos/photo_3451@13-05-2026_09-35-36.jpg,14855,2026-05-13T09:35:36,EURUSD,,,,,,,,,1.1789 1.1783 1.1777 1.1771 1.1765 1.1759 1.1753 1.1735 1.1729 1.1723 1.1717 1.1711 1.1705
ChatExport_2026-10-01/photos/photo_3455@14-05-2026_19-18-04.jpg,14868,2026-05-14T19:18:04,,,,,,,,,,329.19 19.14
assets/tradingview/2026-05/2026-05-14_22h57_msg14870_D7ywZpvl.png,14870,2026-05-14T22:57:11,AUDUSD,,2026-05-14T22:56:00,0.72403,0.72652,0.71904,vente,0.71904,0.72652,0.727 0.726 0.7255 0.7245 0.72403 0.7235 0.723 0.7225 0.7215 0.721 0.7205 0.72 0.7195 0.7185 0.718
ChatExport_2026-10-01/photos/photo_3456@15-05-2026_01-37-35.jpg,14872,2026-05-15T01:37:35,,,,,,,,,,
ChatExport_2026-10-01/photos/photo_3461@26-05-2026_17-56-54.jpg,14891,2026-05-26T17:56:54,,,,,,,,,,
ChatExport_2026-10-01/photos/photo_3462@26-05-2026_17-57-05.jpg,14892,2026-05-26T17:57:05,,,,,,,,,,
ChatExport_2026-10-01/photos/photo_3463@26-05-2026_17-57-22.jpg,14893,2026-05-26T17:57:22,,,,,,,,,,
ChatExport_2026-10-01/photos/photo_3465@28-05-2026_15-10-40.jpg,14896,2026-05-28T15:10:40,,,,,,,,,,
ChatExport_2026-10-01/photos/photo_3466@28-05-2026_15-11-06.jpg,14898,2026-05-28T15:11:06,,,,,,,,,,
ChatExport_2026-10-01/photos/photo_3467@28-05-2026_15-11-33.jpg,14899,2026-05-28T15:11:33,GBPNZD,,,,,,,,,2.2893 2.2875 2.2857 2.2839 2.2821 2.2803 2.2785 2.2767 2.2731 2.2713 2.2695 2.2677 2.2659 2.2641 2.2623
ChatExport_2026-10-01/photos/photo_3470@02-06-2026_11-10-18.jpg,14908,2026-06-02T11:10:18,GBPNZD,,,2.265,2.27146,2.24007,vente,2.24007,2.279 2.27146,2.295 2.29 2.285 2.275 2.265 2.26 2.255 2.25 2.245
ChatExport_2026-10-01/photos/photo_3471@02-06-2026_14-10-33.jpg,14910,2026-06-02T14:10:33,GBPNZD,,,,,,,,,2.2756 2.2751 2.2746 2.2741 2.2736 2.2731 2.2716 2.2711 2.2706 2.2701 2.2696 2.2691 2.2686 2.2681
ChatExport_2026-10-01/photos/photo_3473@03-06-2026_08-32-34.jpg,14914,2026-06-03T08:32:34,EURJPY,,,185.438,184.498,186.179,achat,186.179,184.498,186.8 186.6 186.4 186.0 185.8 185.6 185.2 184.8 184.6 184.4 184.2 184.0 183.8 185.438 185.0
ChatExport_2026-10-01/photos/photo_3475@04-06-2026_16-04-30.jpg,14918,2026-06-04T16:04:30,,,,,,,,,184.498,187.0 186.8 186.6 186.2 185.8 185.6 185.4 185.2 184.8 184.6 184.4 184.2 185.0
ChatExport_2026-10-01/photos/photo_3477@05-06-2026_12-03-21.jpg,14921,2026-06-05T12:03:21,,,,,,,,,1.15925,1.184 1.182 1.18 1.178 1.176 1.174 1.17 1.168 1.166 1.1623 1.16 1.158 1.156 1.154 1.152 1.15
ChatExport_2026-10-01/photos/photo_3479@16-06-2026_16-20-34.jpg,14942,2026-06-16T16:20:34,,,,,,,,186.3 6186.3,,188.0 187.8 187.6 187.4 187.2 187.0 186.8 186.6 186.4 186.0 185.8 185.6 185.4 185.2 184.8 184.6 184.4
ChatExport_2026-10-01/photos/photo_3480@16-06-2026_16-21-01.jpg,14943,2026-06-16T16:21:01,NZDJPY,,2026-06-16T08:21:00,93.325,92.979,94.394,achat,93.329 94.394,92.979,94.8 94.6 94.2 94.0 93.8 93.6 93.4 93.325 92.8 92.6 92.4 92.2
ChatExport_2026-10-01/photos/photo_3481@16-06-2026_16-22-22.jpg,14944,2026-06-16T16:22:22,NZDJPY,,,,,,,,,93.8071 93.74295 93.61465 93.5505 93.48635 93.4222 93.35805 93.22975 93.1656 93.10145 93.0373 92.97315 92.909 92.84485
ChatExport_2026-10-01/photos/photo_3482@16-06-2026_16-22-41.jpg,14945,2026-06-16T16:22:41,NZDJPY,,,93.281,92.979,94.324,achat,94.324,92.979,95.6 95.4 95.2 95.0 94.8 94.6 94.2 94.0 93.8 93.4 93.281 92.8 92.6 92.4
ChatExport_2026-10-01/photos/photo_3483@18-06-2026_13-30-34.jpg,14946,2026-06-18T13:30:34,,,,,,,,11.11795,,11.10295 11.0868 11.07065 1.0545 11.0222 11.00605 11.03835
assets/tradingview/2026-06/2026-06-18_16h05_msg14948_irqWZ7PP.png,14948,2026-06-18T16:05:22,,,2026-06-18T16:05:00,,,,,1.01,,11.18 11.14 11.12 11.1 11.08 11.06 11.04 11.02 11.0 10.98 10.96 10.94 10.92 10.9 10.88 10.86 10.84 10.82
ChatExport_2026-10-01/photos/photo_3484@19-06-2026_00-52-43.jpg,14951,2026-06-19T00:52:43,,,,,,,,,,12.4 12.3 12.2 12.0 10.9 10.8 10.7 10.6 10.5 10.4 10.3 10.2 11.9 11.7 11.6 11.5 11.4 11.3 11.2
ChatExport_2026-10-01/photos/photo_3485@19-06-2026_00-52-43.jpg,14952,2026-06-19T00:52:43,,,,,,,,,,11.22 11.02 10.96 10.94 10.92 10.9 11.2 11.18 11.72 11.1 11.08 11.06 11.04
ChatExport_2026-10-01/photos/photo_3486@19-06-2026_00-52-43.jpg,14953,2026-06-19T00:52:43,,,,,,,,,,11.1808 11.16915 11.14585 10.98275 11.1342 11.12255 11.1109 11.09925 11.0876 11.07595 11.0643 11.05265 11.041 11.02935 11.0177
assets/tradingview/2026-06/2026-06-22_15h02_msg14956_H17uzelF.png,14956,2026-06-22T15:02:30,EURJPY,,2026-06-22T14:05:00,185.037,185.539,184.121,vente,184.121,185.539 185.03 185.339,186.6 186.4 186.2 186.0 185.8 185.6 185.037 184.8 184.6 184.4 184.2 184.0 183.8
assets/tradingview/2026-06/2026-06-22_15h02_msg14959_7AUclBVA.png,14959,2026-06-22T15:02:36,EURJPY,,2026-06-22T15:01:00,185.037,185.339,184.642,vente,184.642 184.154,185.339,185.7 185.6 185.5 185.4 185.2 185.037 184.9 184.8 184.7 184.5 184.4 184.3 184.2 184.1 184.0 183.9 85.3
assets/tradingview/2026-06/2026-06-22_15h04_msg14961_FpvO34aJ.png,14961,2026-06-22T15:04:50,USDJPY,,2026-06-22T15:04:00,,,,,,,162.0 161.8 161.7 161.6 161.5 161.4 161.3 161.1 161.0 160.9 160.8 160.7 160.6 160.5 160.4 160.3 160.2 160.1 159.9 161.904 160.006
ChatExport_2026-10-01/photos/photo_3487@23-06-2026_21-26-39.jpg,14965,2026-06-23T21:26:39,GBPUSD,,,1.32433,1.32834,1.31653,vente,1.31653,1.32425 1.32834,1.334 1.332 1.33 1.32433 1.322 1.32 1.318 1.314 1.312 1.31563
ChatExport_2026-10-01/photos/photo_3488@23-06-2026_21-27-03.jpg,14966,2026-06-23T21:27:03,,,,,,,,1.31563,,1.342 1.34 1.336 1.334 1.332 1.33 1.322 1.318 1.314 1.312 1.31 1.308 1.306 1.304
ChatExport_2026-10-01/photos/photo_3489@23-06-2026_23-25-35.jpg,14967,2026-06-23T23:25:35,,,,,,,,,11.0343,11.3 11.28 11.26 11.24 11.22 11.2 11.16 11.12 11.1 11.06 11.02 11.0 10.98 10.96 11.07946
assets/tradingview/2026-06/2026-06-25_14h49_msg14969_ScGK1Myt.png,14969,2026-06-25T14:49:49,,,2026-06-25T14:48:00,,,,,11.34397 11.33301,11.03609 10.96483,11.5 11.4 11.3 11.01416 10.9 10.85 10.8 11.45 11.33118 11.25 11.15 11.08725 10.75
ChatExport_2026-10-01/photos/photo_3490@26-06-2026_14-04-01.jpg,14972,2026-06-26T14:04:01,,,,,,,,11.34397 11.33301,11.29848 11.03609 10.96483,11.7 11.6 11.5 11.33118 11.2 11.01416 10.9 10.8 10.7
assets/tradingview/2026-06/2026-06-30_21h12_msg14977_t67mHLmh.png,14977,2026-06-30T21:12:15,EURAUD,,2026-06-30T21:12:00,1.64998,1.65399,1.63753,vente,1.65152 1.63753,1.65399,1.66 1.655 1.64998 1.645 1.64 1.635 1.63
assets/tradingview/2026-06/2026-06-30_21h39_msg14982_mb76b4pl.png,14982,2026-06-30T21:39:49,EURJPY,,2026-06-30T21:39:00,185.468,185.066,186.328,achat,186.328 185.696,185.066,186.4 186.2 186.0 185.8 185.468 185.4 185.2 185.0 184.8 184.6 184.4 184.2
assets/tradingview/2026-06/2026-06-30_21h43_msg14985_czdcgVEA.png,14985,2026-06-30T21:43:58,,,2026-06-30T21:43:00,,,,,0.69611 0.69182,0.68788,0.7 0.699 0.698 0.697 0.695 0.694 0.693 0.69 0.689 0.687 0.686 0.685 0.684 0.68356 0.683 0.682
ChatExport_2026-10-01/photos/photo_3491@30-06-2026_21-44-54.jpg,14986,2026-06-30T21:44:54,AUDUSD,,,,,,,,,
assets/tradingview/2026-06/2026-06-30_22h01_msg14989_uKkEEX0G.png,14989,2026-06-30T22:01:27,,,2026-06-30T13:17:00,,,,,,,0.86 0.855 0.86245 0.95
ChatExport_2026-10-01/photos/photo_3492@30-06-2026_22-01-28.jpg,14990,2026-06-30T22:01:28,,,,,,,,,,
ChatExport_2026-10-01/photos/photo_3493@01-07-2026_02-13-06.jpg,14992,2026-07-01T02:13:06,,,,,,,,186.328,,187.0 186.5 186.0 184.5 184.0 183.5 185.468
ChatExport_2026-10-01/photos/photo_3494@01-07-2026_11-04-19.jpg,14993,2026-07-01T11:04:19,,,,,,,,,,0.684 0.688
ChatExport_2026-10-01/photos/photo_3495@01-07-2026_11-05-26.jpg,14994,2026-07-01T11:05:26,,,,,,,,185.39,185.066,186.8 186.6 186.4 186.2 186.0 185.8 185.6 185.468 185.2 185.0 184.8 184.6 184.4
assets/tradingview/2026-07/2026-07-01_13h01_msg14999_vNkaXGAn.png,14999,2026-07-01T13:01:54,EURAUD,,2026-07-01T13:01:00,,,,,1.63753,,1.662 1.66 1.658 1.656 1.64998 1.648 1.646 1.644 1.642 1.64 1.636 1.634 1.632 1.63 1.628
assets/tradingview/2026-07/2026-07-01_13h24_msg15003_OAIpR2Cc.png,15003,2026-07-01T13:24:48,EURAUD,,2026-07-01T13:24:00,1.65003,1.65612,1.63758,vente,1.63758,1.64959 1.65612,1.66 1.658 1.654 1.65003 1.648 1.646 1.644 1.642 1.64 1.636
assets/tradingview/2026-07/2026-07-01_13h52_msg15005_Uqj8QOug.png,15005,2026-07-01T13:52:08,AUDUSD,,2026-07-01T13:51:00,0.69057,0.68807,0.69583,achat,0.69087 0.69583,0.68807,0.697 0.695 0.694 0.693 0.692 0.69057 0.689 0.687 0.686 0.685
ChatExport_2026-10-01/photos/photo_3496@01-07-2026_17-33-43.jpg,15007,2026-07-01T17:33:43,,,,,,,,,,
ChatExport_2026-10-01/photos/photo_3497@02-07-2026_08-40-27.jpg,15010,2026-07-02T08:40:27,,,,,,,,1.63758,,1.67 1.668 1.666 1.664 1.662 1.66 1.658 1.654 1.65003 1.648 1.646 1.644 1.642 1.64 1.636 1.634
ChatExport_2026-10-01/photos/photo_3498@02-07-2026_08-43-14.jpg,15012,2026-07-02T08:43:14,USDJPY,,,,,,,,,164.0 163.5 163.0 162.5 162.0 161.5 160.5 160.0 164.006 1.886
assets/tradingview/2026-07/2026-07-02_12h41_msg15017_SCNqMND2.png,15017,2026-07-02T12:41:36,EURJPY,,2026-07-02T12:41:00,184.283,183.876,184.822,achat,184.822 184.334,183.876,185.8 185.6 185.4 185.2 185.0 184.6 184.4 184.283 184.0 183.8 183.6
assets/tradingview/2026-07/2026-07-03_17h10_msg15020_97Kqerit.png,15020,2026-07-03T17:10:52,EURJPY,,2026-07-03T17:10:00,184.283,183.876,184.822,achat,184.822 184.598,183.876,185.6 185.4 185.2 185.0 184.4 184.283 184.2 184.0 183.8 183.6 183.4 183.2
ChatExport_2026-10-01/photos/photo_3500@06-07-2026_17-34-59.jpg,15029,2026-07-06T17:34:59,,,,,,,,1.63658,,1.67 1.665 1.66 1.655 1.64 1.635 1.64992
ChatExport_2026-10-01/photos/photo_3501@06-07-2026_17-35-37.jpg,15030,2026-07-06T17:35:37,,,,,,,,121.6395,,1.67 1.665 1.66 1.635 1.63 1.64992
ChatExport_2026-10-01/photos/photo_3502@08-07-2026_08-45-01.jpg,15033,2026-07-08T08:45:01,,,,,,,,1.64259 1.64,1.65363 1.65511,1.666 1.664 1.662 1.66 1.658 1.656 1.65009 1.65006 1.648 1.646 1.644 1.638 1.636
ChatExport_2026-10-01/photos/photo_3503@08-07-2026_15-03-03.jpg,15036,2026-07-08T15:03:03,,,,,,,,1.64259 1.64,,1.658 1.656 1.652 1.646 1.644 1.642 1.638 1.65009 1.65006
assets/tradingview/2026-07/2026-07-09_00h22_msg15037_ZVyDYKyM.png,15037,2026-07-09T00:22:33,EURNZD,,2026-07-08T02:20:00,2.00469,2.0098,1.99439,vente,1.99439,2.0098 2.00081,2.016 2.014 2.012 2.008 2.006 2.00469 2.002 1.998 1.996 1.99308 1.992 1.99 1.988 1.986 1.984 1.982 1.98 1.978
assets/tradingview/2026-07/2026-07-09_00h22_msg15040_8c1evNbw.png,15040,2026-07-09T00:22:40,EURNZD,,2026-07-09T00:22:00,2.00469,2.0103,1.99323,vente,1.99323,2.0103,2.02 2.018 2.016 2.014 2.012 2.008 2.006 2.004 2.002 2.0 1.998 1.994 1.99 1.988 1.986 1.984 2.00469 1.99308
ChatExport_2026-10-01/photos/photo_3504@09-07-2026_08-59-43.jpg,15042,2026-07-09T08:59:43,,,,,,,,1.99185,1.99222,2.0136 2.0121 2.0106 2.0091 2.0076 2.0061 2.0031 2.0016 2.0001 1.9986 1.9971 1.9956 1.9941 1.9911
ChatExport_2026-10-01/photos/photo_3505@10-07-2026_03-26-32.jpg,15043,2026-07-10T03:26:32,,,,,,,,184.237,,186.4 186.2 186.0 185.8 185.6 185.2 184.6 184.4 184.0 183.8 183.6 183.4 185.063
ChatExport_2026-10-01/photos/photo_3506@10-07-2026_09-10-01.jpg,15045,2026-07-10T09:10:01,EURJPY,,,185.063,185.457,184.844,vente,184.844,185.457,185.8 185.6 185.4 185.2 185.063 185.0 184.6 184.4 184.0 183.8
ChatExport_2026-10-01/photos/photo_3507@10-07-2026_09-14-54.jpg,15047,2026-07-10T09:14:54,EURJPY,,,,,,,184.883,,185.7991 185.73075 185.6624 185.59405 185.5257 185.45735 185.32065 185.2523 185.18395 185.1156 184.9789 184.91055 184.8422 184.77385
ChatExport_2026-10-01/photos/photo_3508@10-07-2026_14-09-26.jpg,15053,2026-07-10T14:09:26,,,,,,,,,,2.025 2.02 2.015 2.0 1.995 1.985 1.975 2.00469
ChatExport_2026-10-01/photos/photo_3509@10-07-2026_14-12-00.jpg,15054,2026-07-10T14:12:00,,,,,,,,1.64259 1.64,,1.668 1.666 1.664 1.662 1.66 1.658 1.656 1.648 1.646 1.638 1.636 1.634 1.632 1.65006
ChatExport_2026-10-01/photos/photo_3512@13-07-2026_13-35-12.jpg,15067,2026-07-13T13:35:12,,,,,,,,,,
assets/tradingview/2026-07/2026-07-13_22h11_msg15073_wSA2DyGK.png,15073,2026-07-13T22:11:46,,,2026-07-13T22:11:00,,,,,11.03384,11.18875,11.3 11.28 11.26 11.24 11.22 11.2 11.18 11.16 11.14412 11.12 11.1 11.08 11.06 11.02 11.0 10.98 10.96 10.94 10.92 10.9 10.88
ChatExport_2026-10-01/photos/photo_3514@14-07-2026_11-20-03.jpg,15077,2026-07-14T11:20:03,,,,,,,,11.03384,11.17093,11.26 11.24 11.22 11.2 11.18 11.16 11.14 11.12 11.1 11.06 11.02 11.0 10.98 10.96 10.94 10.92 10.9 11.13112
ChatExport_2026-10-01/photos/photo_3515@14-07-2026_11-38-06.jpg,15080,2026-07-14T11:38:06,,,,,,,,,,113.5 113.4 113.3 113.2 113.0 112.9 112.8 112.7 112.489 112.3 112.1 112.0 111.9 111.8
ChatExport_2026-10-01/photos/photo_3516@14-07-2026_11-38-53.jpg,15081,2026-07-14T11:38:53,AUDJPY,,,112.489,112.181,113.105,achat,113.105,112.181,113.7 113.6 113.5 113.4 113.3 113.2 113.0 112.9 112.8 112.7 112.489 112.4 112.3 112.1 112.0
assets/tradingview/2026-07/2026-07-14_12h26_msg15090_kp1UMeUE.png,15090,2026-07-14T12:26:05,EURUSD,,2026-07-14T12:25:00,,,,,1.14142,,1.145 1.1445 1.144 1.1435 1.143 1.1425 1.142 1.1405 1.14 1.1395 1.139 1.1385 1.138 1.1375 1.137 1.1365 1.136 1.1355 1.135 1.1345 1.134 1.1335
ChatExport_2026-10-01/photos/photo_3518@14-07-2026_12-31-46.jpg,15093,2026-07-14T12:31:46,,,,,,,,,,
assets/tradingview/2026-07/2026-07-14_12h49_msg15099_vDYO4Shh.png,15099,2026-07-14T12:49:59,EURUSD,,2026-07-14T12:49:00,1.152,1.15301,1.14534,vente,1.14534 1.13781,1.15301,1.166 1.142 1.164 1.162 1.16 1.158 1.156 1.154 1.152 1.15 1.148 1.14 1.136 1.134 1.132 1.13 1.128 1.126 1.124
assets/tradingview/2026-07/2026-07-14_12h58_msg15100_7XJ4tugg.png,15100,2026-07-14T12:58:15,GBPUSD,,2026-07-14T12:58:00,1.3414,1.3439,1.33629,vente,1.33629,1.3439,1.348 1.339 1.338 1.337 1.335 1.334 1.333 1.332 1.347 1.346 1.345 1.343 1.342 1.3414 1.341
ChatExport_2026-10-01/photos/photo_3519@14-07-2026_13-14-55.jpg,15102,2026-07-14T13:14:55,GBPUSD,,,1.3414,1.3439,1.33629,vente,1.33629,1.3439 1.33984,1.347 1.346 1.345 1.343 1.342 1.3414 1.341 1.339 1.338 1.337 1.335 1.334 1.333
ChatExport_2026-10-01/photos/photo_3520@14-07-2026_13-15-20.jpg,15103,2026-07-14T13:15:20,GBPUSD,,,,,,,1.34018,,1.3444 1.54375 1.3431 1.34245 1.3418 1.3405 1.33985 1.34375 1.3392 1.33855 1.3379 1.33725 1.3366 1.33595 1.3353 1.33465
ChatExport_2026-10-01/photos/photo_3521@14-07-2026_14-10-29.jpg,15112,2026-07-14T14:10:29,AUDJPY,,,112.489,112.181,113.121,achat,113.121 113.08,112.181,113.8 113.6 113.4 112.8 112.6 112.489 112.0 111.8 111.6 111.4
assets/tradingview/2026-07/2026-07-14_14h26_msg15114_r91AiXwo.png,15114,2026-07-14T14:26:27,GBPUSD,,2026-07-14T14:26:00,1.34063,1.34364,1.33394,vente,1.33394,1.34364 1.3406,1.347 1.346 1.345 1.344 1.343 1.342 1.34063 1.339 1.338 1.337 1.336 1.335 1.333 1.332 1.331 1.33
ChatExport_2026-10-01/photos/photo_3522@14-07-2026_15-42-44.jpg,15116,2026-07-14T15:42:44,GBPUSD,,,,,,,,,1.3482 1.3459 1.3367 1.3344 1.3321 1.3298 1.3275 1.3252 1.3229 1.3206 1.3183 1.316 1.3137
ChatExport_2026-10-01/photos/photo_3523@14-07-2026_17-24-48.jpg,15118,2026-07-14T17:24:48,GBPUSD,,,1.3414,1.3439,1.33629,vente,1.33629,1.3439 1.33725,1.352 1.348 1.346 1.342 1.3414 1.34 1.338 1.334 1.332
ChatExport_2026-10-01/photos/photo_3524@14-07-2026_17-26-07.jpg,15119,2026-07-14T17:26:07,GBPUSD,,,,,,,,,1.3444 1.34375 1.3431 1.34245 1.3418 1.3405 1.33985 1.3392 1.33855 1.3379 1.3366 1.33595 1.3353 1.33465
ChatExport_2026-10-01/photos/photo_3525@16-07-2026_16-53-09.jpg,15125,2026-07-16T16:53:09,EURGBP,,,,,,,,,920.84 188.66 333.64 1131.92
ChatExport_2026-10-01/photos/photo_3526@16-07-2026_16-56-23.jpg,15128,2026-07-16T16:56:23,,,,,,,,,,938.94 1159.28 188.66 41.23 1118.05 811.74
ChatExport_2026-10-01/photos/photo_3527@21-07-2026_01-13-13.jpg,15131,2026-07-21T01:13:13,EURNZD,,,,,,,1.94699,,1.9467 1.9557 1.9551 1.9545 1.9539 1.9533 1.9527 1.9521 1.9515 1.9509 1.9503 1.9497 1.9491 1.9485 1.9479
ChatExport_2026-10-01/photos/photo_3528@21-07-2026_01-16-53.jpg,15133,2026-07-21T01:16:53,EURCAD,,,,,,,,,0.0 581.82 48.56
assets/tradingview/2026-07/2026-07-21_04h10_msg15138_9fZDznmI.png,15138,2026-07-21T04:10:02,,,2026-07-21T04:07:00,,,,,1.94383,1.95314,1.958 1.956 1.954 1.952 1.948 1.942 1.94 1.938 1.936 1.934 1.95005
ChatExport_2026-10-01/photos/photo_3533@24-07-2026_10-22-09.jpg,15162,2026-07-24T10:22:09,EURAUD,,,1.63128,1.63411,1.62258,vente,1.62258,1.63411 1.63119,1.635 1.633 1.63128 1.63 1.629 1.628 1.627 1.626 1.624 1.623 1.622 1.621 1.62 1.619
ChatExport_2026-10-01/photos/photo_3534@24-07-2026_10-22-09.jpg,15164,2026-07-24T10:22:09,,,,,,,,,,1.644 1.642 1.64 1.638 1.636 1.632 1.63119 1.63 1.626 1.624 1.62 1.618
assets/tradingview/2026-07/2026-07-24_17h00_msg15165_TdBA8WL4.png,15165,2026-07-24T17:00:58,,,2026-07-24T17:00:00,,,,,,,0.704 0.703 0.702 0.701 0.698 0.697 0.696 0.695 0.694 0.693 0.692 0.691 0.69 0.689 0.688 0.687 0.686 0.685 0.70147
assets/tradingview/2026-07/2026-07-28_08h54_msg15175_BLmsTlYT.png,15175,2026-07-28T08:54:11,,,2026-07-27T22:59:00,,,,,11.08725,10.94 10.93368,11.18 11.16 11.14 11.12 11.1 11.08 11.06 11.04 11.02 11.0 10.98381 10.96 10.92 10.9 10.88 10.94
ChatExport_2026-10-01/photos/photo_3536@28-07-2026_08-54-12.jpg,15176,2026-07-28T08:54:12,,,,,,,,11.08725,10.93368,11.25 11.2 11.15 11.05 11.0 10.95 10.9 11.1 10.98381
ChatExport_2026-10-01/photos/photo_3537@29-07-2026_15-25-37.jpg,15180,2026-07-29T15:25:37,,,,,,,,,,0.70147 0.68 0.63
ChatExport_2026-10-01/photos/photo_3538@31-07-2026_12-29-23.jpg,15189,2026-07-31T12:29:23,USDJPY,,,159.877,159.375,161.077,achat,161.077 160.362,159.375,163.5 163.0 162.0 161.5 160.5 159.877 159.5 159.0 158.5 158.0
ChatExport_2026-10-01/photos/photo_3540@07-08-2026_13-02-22.jpg,15194,2026-08-07T13:02:22,,,,,,,,,,1.162 1.161 1.16 1.158 1.156 1.155 1.154 1.153 1.152 1.151
ChatExport_2026-10-01/photos/photo_3541@12-08-2026_10-10-46.jpg,15197,2026-08-12T10:10:46,,,,,,,,,,1.209 1.208 1.207 1.206 1.204 1.203 1.202 1.199 1.198 1.197 1.196 1.195 1.194
ChatExport_2026-10-01/photos/photo_3542@12-08-2026_10-10-46.jpg,15198,2026-08-12T10:10:46,,,,,,,,,,1.208 1.207 1.206 1.204 1.203 1.202 1.199 1.198 1.197 1.196 1.195 1.194
ChatExport_2026-10-01/photos/photo_3543@12-08-2026_10-10-46.jpg,15199,2026-08-12T10:10:46,,,,,,,,,1.19751,1.216 1.214 1.21211 1.21 1.208 1.204 1.202 1.198 1.196 1.194
assets/tradingview/2026-08/2026-08-12_12h39_msg15209_goDAkH8R.png,15209,2026-08-12T12:39:07,GBPAUD,,2026-08-12T12:38:00,1.91201,1.91449,1.90683,vente,1.90683,1.914 1.91449 1.91,1.919 1.918 1.917 1.916 1.915 1.913 1.91 1.909 1.908 1.906 1.905 1.904 1.903 1.902 1.901 1.899 1.898 1.91556 1.914 1.91201
assets/tradingview/2026-08/2026-08-12_13h48_msg15210_EzeBD1Bc.png,15210,2026-08-12T13:48:32,GBPAUD,,2026-08-12T13:48:00,,,,,1.90683,1.90882,1.92 1.918 1.91556 1.91201 1.91 1.906 1.904 1.902 1.898 1.896 1.894
ChatExport_2026-10-01/photos/photo_3544@12-08-2026_16-51-28.jpg,15212,2026-08-12T16:51:28,,,,,,,,,,160.5 160.0 159.0 158.5 158.0 157.5 157.0 156.5
ChatExport_2026-10-01/photos/photo_3545@17-08-2026_10-15-01.jpg,15214,2026-08-17T10:15:01,,,,,,,,113.3 113.43,112.627,113.9 113.8 113.7 113.6 113.2 113.1 113.0 112.9 112.7 112.4 112.3 113.3 112.828 112.489
ChatExport_2026-10-01/photos/photo_3546@17-08-2026_10-15-30.jpg,15215,2026-08-17T10:15:30,AUDJPY,,,,,,,113.42,,113.35505 113.2919 113.22875 113.1656 113.0393 112.97615 112.913 112.7867 112.72355 112.6604 112.59725 112.5341 112.47095
ChatExport_2026-10-01/photos/photo_3547@17-08-2026_11-34-22.jpg,15221,2026-08-17T11:34:22,,,,,,,,,1.90264,1.93 1.92 1.91 1.905 1.895 1.89 1.91556
ChatExport_2026-10-01/photos/photo_3548@17-08-2026_15-57-08.jpg,15227,2026-08-17T15:57:08,,,,,,,,1.15899,,1.17 1.168 1.166 1.164 1.162 1.16 1.156 1.154 1.152 1.15 1.148 1.146 1.144 1.142 1.14 1.138 1.136
ChatExport_2026-10-01/photos/photo_3549@20-08-2026_14-51-00.jpg,15235,2026-08-20T14:51:00,,,,,,,,1.91947,,1.926 1.924 1.922 1.918 1.91 1.908 1.906 1.904 1.902 1.91556 1.91279
ChatExport_2026-10-01/photos/photo_3550@20-08-2026_14-51-22.jpg,15236,2026-08-20T14:51:22,GBPAUD,,,,,,,,,1.9202 1.9189 1.91825 1.91695 1.9163 1.91565 1.915 1.91435 1.21399 1.9137 1.9124 1.91175 1.9111 1.91045 1.9176 1.91286
assets/tradingview/2026-08/2026-08-26_06h24_msg15244_uxBPIjmg.png,15244,2026-08-26T06:24:38,,,2026-08-25T16:56:00,,,,,,,1.917 1.916 1.915 1.914 1.91556 1.913 1.912 1.911 1.91 1.909 1.908 1.907 1.906 1.904 1.903 1.902 1.901 1.899 1.898 1.897 1.896
assets/tradingview/2026-08/2026-08-26_06h24_msg15245_ncFQOGQD.png,15245,2026-08-26T06:24:52,EURAUD,,2026-08-25T16:57:00,,,,,,,1.641 1.64 1.639 1.638 1.637 1.636 1.635 1.634 1.633 1.632 1.63 1.629 1.628 1.627 1.626 1.624 1.623
ChatExport_2026-10-01/photos/photo_3553@26-08-2026_06-28-03.jpg,15248,2026-08-26T06:28:03,,,,,,,,,,1.92 1.91 1.905 1.895 1.89 1.88
ChatExport_2026-10-01/photos/photo_3554@26-08-2026_06-28-03.jpg,15249,2026-08-26T06:28:03,,,,,,,,,,1.655 1.645 1.64 1.635 1.63 1.62 1.615 1.61
assets/tradingview/2026-08/2026-08-26_06h28_msg15250_m5WcLgLS.png,15250,2026-08-26T06:28:41,AUDNZD,,2026-08-26T01:38:00,,,,,1.20611,1.19695,1.213 1.211 1.21 1.209 1.208 1.207 1.205 1.204 1.203 1.201 1.199 1.198 1.196 1.195 1.194 1.193 1.192 1.191 1.19 1.21211 1.2 1.19462 1.19147
ChatExport_2026-10-01/photos/photo_3555@26-08-2026_06-28-41.jpg,15251,2026-08-26T06:28:41,,,,,,,,,,1.214 1.21 1.204 1.202 1.198 1.19 1.188 1.186 1.20011
assets/tradingview/2026-09/2026-09-01_10h06_msg15271_ZdyH7sGq.png,15271,2026-09-01T10:06:20,EURUSD,,2026-09-01T00:52:00,,,,,,,1.1665 1.166 1.1655 1.165 1.1645 1.164 1.1635 1.163 1.1625 1.1615 1.161 1.1605 1.16 1.1595 1.159 1.1585 1.158 1.1575 1.157 1.1565 1.156 1.1555 1.155 1.1545 1.154
ChatExport_2026-10-01/photos/photo_3558@01-09-2026_10-07-38.jpg,15273,2026-09-01T10:07:38,,,,,,,,,1.1594,1.172 1.17 1.168 1.166 1.164 1.162 1.16 1.158 1.156 1.154 1.152 1.15 1.148
ChatExport_2026-10-01/photos/photo_3559@01-09-2026_10-09-57.jpg,15276,2026-09-01T10:09:57,,,,,,,,,,
ChatExport_2026-10-01/photos/photo_3560@01-09-2026_10-10-21.jpg,15277,2026-09-01T10:10:21,,,,,,,,,,1.985 1.98 1.97 1.96 1.955 1.95
ChatExport_2026-10-01/photos/photo_3561@01-09-2026_10-10-54.jpg,15278,2026-09-01T10:10:54,,,,,,,,1.62502,1.63184 1.62287,1.64 1.638 1.636 1.634 1.628 1.624 1.62 1.618 1.616 1.614
ChatExport_2026-10-01/photos/photo_3562@01-09-2026_10-14-07.jpg,15279,2026-09-01T10:14:07,EURUSD,,,1.1611,1.16262,1.15943,vente,1.15943 1.15726,1.16262,1.166 1.165 1.164 1.163 1.162 1.1611 1.16 1.158 1.156 1.155 1.154
ChatExport_2026-10-01/photos/photo_3563@01-09-2026_14-03-57.jpg,15280,2026-09-01T14:03:57,EURUSD,,,1.1611,1.16262,1.15726,vente,1.16042 1.15726,1.16262,1.164 1.163 1.162 1.1611 1.159 1.158 1.156 1.155 1.154
ChatExport_2026-10-01/photos/photo_3564@01-09-2026_14-51-10.jpg,15281,2026-09-01T14:51:10,EURUSD,,,1.162,1.16262,1.15751,vente,1.15751,1.16262 1.15984,1.166 1.165 1.164 1.163 1.162 1.159 1.158 1.157 1.156 1.155 1.154 1.153
ChatExport_2026-10-01/photos/photo_3565@01-09-2026_17-15-47.jpg,15282,2026-09-01T17:15:47,EURUSD,,,1.16102,1.16252,1.15772,vente,1.15772,1.16252,1.164 1.1635 1.163 1.162 1.1615 1.16102 1.1605 1.16 1.1595 1.158 1.1575 1.157 1.1565 1.156 1.1555 1.155
assets/tradingview/2026-09/2026-09-02_12h29_msg15286_1DGTtL1w.png,15286,2026-09-02T12:29:39,,,2026-09-01T21:40:00,,,,,1.62502 1.6147,1.63184 1.63003,1.612 1.61 1.608 1.606 1.63081 1.628 1.625 1.624 1.62 1.618 1.616 1.614 1.61125
ChatExport_2026-10-01/photos/photo_3567@02-09-2026_12-30-20.jpg,15287,2026-09-02T12:30:20,,,,,,,,1.61483,,1.642 1.64 1.638 1.636 1.634 1.63081 1.624 1.622 1.616 1.61725 1.61 1.608 1.606 1.604 1.61125
assets/tradingview/2026-09/2026-09-02_13h49_msg15292_6UMGn5oC.png,15292,2026-09-02T13:49:41,,,2026-09-02T13:49:00,,,,,1.61474,1.61774,1.62 1.616 1.614 1.612 1.61125 1.61 1.608 1.606
assets/tradingview/2026-09/2026-09-03_02h05_msg15295_21ngeVjC.png,15295,2026-09-03T02:05:58,EURNZD,,2026-09-03T02:05:00,1.97502,1.97098,1.98347,achat,1.98347 1.97881,1.97098,1.995 1.99 1.985 1.98 1.97502 1.965 1.96 1.955 1.95
assets/tradingview/2026-09/2026-09-03_18h01_msg15304_LyCO82W1.png,15304,2026-09-03T18:01:35,EURNZD,,2026-09-03T18:00:00,1.97502,1.97098,1.98347,achat,1.98347,1.97098,1.985 1.984 1.983 1.982 1.981 1.98 1.979 1.978 1.976 1.974 1.973 1.972 1.97 1.969 1.968 1.967 1.966 1.97502
ChatExport_2026-10-01/photos/photo_3571@08-09-2026_09-54-54.jpg,15315,2026-09-08T09:54:54,,,,,,,,,,2.005 2.0 1.995 1.99 1.98 1.975 1.965 1.96 1.955
ChatExport_2026-10-01/photos/photo_3572@10-09-2026_11-22-06.jpg,15330,2026-09-10T11:22:06,,,,,,,,,,100.0 20.0 0.0 120.0
assets/tradingview/2026-09/2026-09-10_11h24_msg15331_7XJKnJbq.png,15331,2026-09-10T11:24:38,EURUSD,,2026-09-10T11:24:00,1.16,1.1646,1.15669,vente,1.15669,1.1646,1.165 1.16 1.155
ChatExport_2026-10-01/photos/photo_3573@10-09-2026_11-27-07.jpg,15332,2026-09-10T11:27:07,,,,,,,,,,
ChatExport_2026-10-01/photos/photo_3574@10-09-2026_12-10-49.jpg,15334,2026-09-10T12:10:49,,,,,,,,,,1.165 1.164 1.163 1.162 1.161 1.16 1.159 1.158 1.157 1.156 1.105
ChatExport_2026-10-01/photos/photo_3575@10-09-2026_12-40-02.jpg,15337,2026-09-10T12:40:02,EURUSD,,,,,,,,,1.1639 1.1636 1.1633 1.1597 1.163 1.1627 1.1624 1.1621 1.1618 1.1615 1.1612 1.1609 1.1606 1.1603 1.16
ChatExport_2026-10-01/photos/photo_3576@10-09-2026_17-05-10.jpg,15338,2026-09-10T17:05:10,EURUSD,,,1.16299,1.16449,1.15792,vente,1.15792,1.16449 1.16186,1.166 1.165 1.164 1.16299 1.161 1.16 1.159 1.157 1.156 1.155
ChatExport_2026-10-01/photos/photo_3577@10-09-2026_20-06-06.jpg,15339,2026-09-10T20:06:06,,,,,,,,,,1.168 1.166 1.164 1.162 1.16 1.156 1.154 1.152
ChatExport_2026-10-01/photos/photo_3578@11-09-2026_10-41-22.jpg,15340,2026-09-11T10:41:22,,,,,,,,1.15843,,1.166 1.165 1.164 1.162 1.161 1.16 1.158 1.157 1.156 1.155 1.154 1.153 1.168 1.16299
ChatExport_2026-10-01/photos/photo_3579@11-09-2026_12-37-36.jpg,15343,2026-09-11T12:37:36,,,,,,,,1.15843,,1.166 1.165 1.164 1.162 1.161 1.16 1.157 1.156 1.155
assets/tradingview/2026-09/2026-09-16_12h07_msg15359_BpwPaame.png,15359,2026-09-16T12:07:33,USDJPY,,2026-09-16T12:07:00,154.998,154.205,155.8,achat,155.8 155.6,154.205,157.0 156.8 156.6 156.4 156.2 156.0 155.4 155.2 154.998 154.612 154.4 154.0 153.8 153.6 153.4 153.2 155.8 155.6
assets/tradingview/2026-09/2026-09-16_12h24_msg15363_KZJSeRJz.png,15363,2026-09-16T12:24:12,USDJPY,,2026-09-16T12:24:00,154.998,154.205,155.8,achat,155.8,154.69 154.205,156.6 156.4 156.2 156.0 155.6 155.4 154.998 154.8 54.612 154.4 154.0 153.8 153.6 153.4 153.2 153.0 152.8 155.8 154.612
assets/tradingview/2026-09/2026-09-16_13h16_msg15365_FdtOFBc9.png,15365,2026-09-16T13:16:12,USDJPY,,2026-09-16T13:16:00,,,,,,155.2 154.69 154.205,156.0 155.9 155.8 155.5 155.4 155.3 155.1 154.9 154.8 154.5 154.4 154.3 154.1 154.0 154.998 154.612
ChatExport_2026-10-01/photos/photo_3583@16-09-2026_18-19-32.jpg,15371,2026-09-16T18:19:32,,,,,,,,,,
ChatExport_2026-10-01/photos/photo_3584@16-09-2026_18-19-57.jpg,15372,2026-09-16T18:19:57,USDJPY,,,,,,,,,155.7453 155.6755 155.6057 155.5359 155.4661 155.3963 155.3265 155.1869 155.1171 155.0473 154.9775 154.9077 154.8379 154.7681 154.6983
ChatExport_2026-10-01/photos/photo_3585@16-09-2026_19-08-08.jpg,15374,2026-09-16T19:08:08,,,,,,,,,,0.0 1343.94 1319.22
assets/tradingview/2026-09/2026-09-16_23h28_msg15381_eiKejJIx.png,15381,2026-09-16T23:28:44,EURUSD,,2026-09-16T23:28:00,,,,,1.14474,,1.1555 1.155 1.146 1.1545 1.154 1.1535 1.153 1.152 1.1515 1.151 1.1505 1.14999 1.1495 1.149 1.1485 1.148 1.1475 1.1455 1.145 1.1445 1.144 1.1435 1.143 1.1425 1.142 1.1415 1.141 1.1405 1.14
assets/tradingview/2026-09/2026-09-17_10h54_msg15388_rewastuP.png,15388,2026-09-17T10:54:39,EURGBP,,2026-09-17T10:54:00,,,,,0.85677,0.85639,0.861 0.86 0.859 0.858 0.857 0.855 0.854 0.853 0.852 0.851 0.849 0.848 0.85948
ChatExport_2026-10-01/photos/photo_3586@17-09-2026_11-35-14.jpg,15392,2026-09-17T11:35:14,EURGBP,,,,,,,,,0.8593 0.8591 0.8589 0.8587 0.8585 0.8583 0.8581 0.8579 0.8577 0.8575 0.8573 0.8571 0.8569 0.8567 0.8565 0.8563
ChatExport_2026-10-01/photos/photo_3587@17-09-2026_11-42-24.jpg,15393,2026-09-17T11:42:24,EURGBP,,,,,,,0.85781,,0.8593 0.8591 0.8589 0.8587 0.8583 0.8581 0.8579 0.8577 0.8573 0.8571 0.8569 0.8567 0.8565 0.8563 10.8583
ChatExport_2026-10-01/photos/photo_3588@17-09-2026_16-29-15.jpg,15395,2026-09-17T16:29:15,,,,,,,,,,1.153 1.152 1.151 1.149 1.148 1.147 1.146 1.145 1.144
assets/tradingview/2026-09/2026-09-17_16h49_msg15396_XleNC655.png,15396,2026-09-17T16:49:28,,,2026-09-16T23:30:00,,,,,,,0.585 0.584 0.583 0.582 0.581 0.58 0.579 0.578 0.577 0.576 0.574 0.573 0.571 0.57 0.569 0.568 0.567 0.566 0.565 0.564 0.563 0.562
ChatExport_2026-10-01/photos/photo_3589@17-09-2026_16-50-07.jpg,15397,2026-09-17T16:50:07,,,,,,,,,,
assets/tradingview/2026-09/2026-09-18_00h48_msg15399_lnKhOCpk.png,15399,2026-09-18T00:48:04,GBPAUD,,2026-09-18T00:47:00,1.87806,1.88017,1.87346,vente,1.87346,1.8674 1.88017,1.881 1.8805 1.8795 1.872 1.8715 1.871 1.8705 1.87 1.8695 1.869 1.8685 1.868 1.867 1.8665 1.879 1.8785 1.87806 1.8775 1.877 1.8765 1.876 1.8755 1.875 1.8745 1.874 1.8734 1.87249
assets/tradingview/2026-09/2026-09-18_02h48_msg15403_EI3jKk9S.png,15403,2026-09-18T02:48:17,NZDJPY,,2026-09-18T02:48:00,,,,,,,90.3 90.2 90.1 89.9 89.8 89.7 89.6 89.5 89.4 89.2 89.1 88.9 88.8 88.7 89.248
assets/tradingview/2026-09/2026-09-18_02h50_msg15405_FvbXjQCX.png,15405,2026-09-18T02:50:09,AUDJPY,,2026-09-18T02:49:00,111.055,110.799,111.615,achat,111.615,110.799,111.9 111.8 111.7 111.5 111.4 111.3 111.1 111.0 110.9 110.7 110.6 110.5 111.2 111.055
assets/tradingview/2026-09/2026-09-18_02h51_msg15408_p3b5qzUz.png,15408,2026-09-18T02:51:48,GBPAUD,,2026-09-18T02:51:00,1.87806,1.88017,1.8734,vente,1.88431 1.8734,1.88017,1.884 1.883 1.882 1.881 1.879 1.877 1.876 1.875 1.874 1.872 1.871 1.87 1.87806 1.8734 1.87249
assets/tradingview/2026-09/2026-09-18_02h56_msg15410_bLaFYjuy.png,15410,2026-09-18T02:56:40,NZDJPY,,2026-09-18T02:55:00,89.248,88.985,89.993,achat,89.993,88.985,90.5 90.4 90.3 90.2 90.1 89.9 89.8 89.7 89.5 89.4 89.3 89.2 89.1 88.9 88.8 88.7 88.6 88.5 89.248
assets/tradingview/2026-09/2026-09-18_02h57_msg15413_AMtzCSjN.png,15413,2026-09-18T02:57:49,AUDJPY,,2026-09-18T02:57:00,111.055,110.799,111.615,achat,111.615,110.799,112.0 111.9 111.8 111.7 111.4 111.3 111.2 111.1 111.0 110.9 110.7 110.6 110.5 110.4 110.3 110.2 111.055
assets/tradingview/2026-09/2026-09-18_03h07_msg15417_p17LysDN.png,15417,2026-09-18T03:07:46,GBPAUD,,2026-09-18T03:07:00,1.87806,1.8674,1.88431,achat,1.88431 1.8734,1.88017 7.875 1.8674,1.885 1.883 1.882 1.881 1.879 1.877 1.875 1.87 1.87806 1.874 1.8734 1.87249 1.872 1.871 1.869 1.868 1.867 1.866
assets/tradingview/2026-09/2026-09-21_19h08_msg15430_pUJjmgvc.png,15430,2026-09-21T19:08:45,EURGBP,,2026-09-21T19:08:00,0.85812,0.85962,0.85509,vente,0.85509,0.85962,0.86 0.859 0.8585 0.857 0.8565 0.856 0.8545 0.854 0.85812
assets/tradingview/2026-09/2026-09-21_19h10_msg15432_j7lpxiiC.png,15432,2026-09-21T19:10:44,NZDJPY,,2026-09-21T19:10:00,,,,,,,89.0
assets/tradingview/2026-09/2026-09-21_19h11_msg15434_6eNKoon4.png,15434,2026-09-21T19:11:59,NZDJPY,,2026-09-16T23:33:00,89.372,89.123,89.869,achat,89.869,89.123,90.4 90.3 90.2 90.1 89.8 89.7 89.6 89.5 89.372 89.3 89.2 89.0 88.8 88.7 88.6 89.9
ChatExport_2026-10-01/photos/photo_3592@21-09-2026_22-55-38.jpg,15438,2026-09-21T22:55:38,,,,,,,,,,
ChatExport_2026-10-01/photos/photo_3593@22-09-2026_10-58-18.jpg,15440,2026-09-22T10:58:18,,,,,,,,0.85511,,
ChatExport_2026-10-01/photos/photo_3594@22-09-2026_12-28-53.jpg,15441,2026-09-22T12:28:53,EURGBP,,,,,,,,,0.8583 0.8582 0.8581 0.858 0.8579 0.8578 0.8577 0.8576 0.8575 0.8574 0.8573
ChatExport_2026-10-01/photos/photo_3595@22-09-2026_14-35-04.jpg,15443,2026-09-22T14:35:04,,,,,,,,,,
ChatExport_2026-10-01/photos/photo_3597@23-09-2026_09-26-26.jpg,15445,2026-09-23T09:26:26,,,,,,,,,,1.2 1.19 1.18 1.17 1.16507 1.16 1.15 1.13 1.12 1.11 1.1
ChatExport_2026-10-01/photos/photo_3602@29-09-2026_04-39-25.jpg,15460,2026-09-29T04:39:25,,,,,,,,0.69735,,
ChatExport_2026-10-01/photos/photo_3603@29-09-2026_06-44-10.jpg,15461,2026-09-29T06:44:10,,,,,,,,,,
ChatExport_2026-10-01/photos/photo_3604@29-09-2026_06-48-08.jpg,15462,2026-09-29T06:48:08,,,,,,,,1.89298,,1.9 1.898 1.896 1.894 1.892 1.89 1.888 1.884 1.88 1.878 1.89506 1.88181
ChatExport_2026-10-01/photos/photo_3605@29-09-2026_06-48-08.jpg,15463,2026-09-29T06:48:08,,,,,,,,,1.88306,1.896 1.89 1.888 1.88636 1.884 1.88 1.878 1.876 1.874 1.87324 1.872 1.89506 1.894 1.88181
ChatExport_2026-10-01/photos/photo_3606@29-09-2026_14-14-17.jpg,15465,2026-09-29T14:14:17,AUDUSD,,,,,,,,,0.7037 0.7033 0.7029 0.7025 0.7021 0.7017 0.7013 0.7005 0.6997 0.6989 0.6985 0.6981
assets/tradingview/2026-09/2026-09-29_15h22_msg15466_AuLy2YiP.png,15466,2026-09-29T15:22:34,,,2026-09-29T15:22:00,,,,,0.6988,,0.705 0.7045 0.704 0.703 0.7025 0.702 0.701 0.6995 0.699 0.6985 0.698 0.696 0.6955 0.695 0.6945 0.694 0.6935 0.693 0.6925 0.70008 0.6965
assets/tradingview/2026-09/2026-09-29_16h13_msg15474_g60N4wkH.png,15474,2026-09-29T16:13:41,,,2026-09-29T16:12:00,,,,,,,
ChatExport_2026-10-01/photos/photo_3609@30-09-2026_04-31-49.jpg,15481,2026-09-30T04:31:49,,,,,,,,,,159.0 158.5 158.0 157.0 156.0 155.5 155.0
ChatExport_2026-10-01/photos/photo_3610@30-09-2026_04-31-49.jpg,15482,2026-09-30T04:31:49,,,,,,,,,157.869,159.0 158.5 158.0 156.0 155.5 155.0
ChatExport_2026-10-01/photos/photo_3611@30-09-2026_07-59-17.jpg,15483,2026-09-30T07:59:17,,,,,,,,,,209.5 209.0 208.5 207.0 206.5 408.9
ChatExport_2026-10-01/photos/photo_3612@30-09-2026_09-52-58.jpg,15484,2026-09-30T09:52:58,,,,,,,,,,6.8
ChatExport_2026-10-01/photos/photo_3613@30-09-2026_11-43-00.jpg,15489,2026-09-30T11:43:00,,,,,,,,,,209.5 209.0 208.5 208.0 207.0 206.5
assets/tradingview/2026-09/2026-09-30_16h20_msg15492_W0Tqm9yy.png,15492,2026-09-30T16:20:30,USDJPY,,2026-09-30T15:05:00,,,,,,156.654,158.0 157.9 157.8 157.6 157.4 157.3 157.2 157.012 156.9 156.8 156.7 156.6 156.5 156.4 156.3 156.2 156.1 156.0
ChatExport_2026-10-01/photos/photo_3614@30-09-2026_16-20-30.jpg,15490,2026-09-30T16:20:30,,,,,,,,,,
ChatExport_2026-10-01/photos/photo_3615@30-09-2026_16-20-30.jpg,15491,2026-09-30T16:20:30,,,,,,,,,156.652,158.0 157.6 157.4 157.2 157.01 156.8 156.4 156.2 156.0 155.8
ChatExport_2026-10-01/photos/photo_3616@30-09-2026_16-20-30.jpg,15493,2026-09-30T16:20:30,,,,,,,,,,
assets/tradingview/2026-10/2026-10-01_00h38_msg15504_BGrlkMGs.png,15504,2026-10-01T00:38:39,USDJPY,,2026-10-01T00:38:00,157.012,156.654,157.842,achat,157.842 157.736,156.654,158.1 158.0 157.9 157.7 157.6 157.4 157.3 157.2 157.1 157.012 156.9 156.8 156.7 156.6 156.5
assets/tradingview/2026-10/2026-10-01_00h47_msg15506_4RTzsjXN.png,15506,2026-10-01T00:47:35,GBPJPY,,2026-10-01T00:47:00,,,,,209.334,,211.5 211.0 210.5 209.5 209.0 208.5 208.0 207.0 206.5
ChatExport_2026-10-01/photos/photo_3624@01-10-2026_00-54-59.jpg,15509,2026-10-01T00:54:59,,,,,,,,,,
ChatExport_2026-10-01/photos/photo_3625@01-10-2026_08-32-58.jpg,15511,2026-10-01T08:32:58,,,,,,,,,,
ChatExport_2026-10-01/photos/photo_3626@01-10-2026_08-37-08.jpg,15512,2026-10-01T08:37:08,,,,,,,,50777.8,,51260.28 51233.83 51207.38 51180.93 51154.48 51128.03 51101.58 51075.13 51048.68 51022.23 50995.78 50969.33 50942.88 50916.43 50889.98 50863.53 50837.08 50810.63
assets/tradingview/2026-10/2026-10-01_11h19_msg15514_KdrI1brM.png,15514,2026-10-01T11:19:36,EURCHF,,2026-10-01T11:18:00,,,,,,0.9461,
assets/tradingview/2026-10/2026-10-01_11h25_msg15518_mcb7yR1P.png,15518,2026-10-01T11:25:37,EURCHF,,2026-10-01T11:25:00,,,,,,0.9461,
assets/tradingview/2026-10/2026-10-01_12h25_msg15521_roKvQfOt.png,15521,2026-10-01T12:25:08,EURCHF,,2026-10-01T12:24:00,,,,,,,
ChatExport_2026-10-01/photos/photo_3627@01-10-2026_14-22-01.jpg,15523,2026-10-01T14:22:01,,,,,,,,,,
assets/tradingview/2026-10/2026-10-01_16h13_msg15527_1Ume8dId.png,15527,2026-10-01T16:13:44,EURCHF,,2026-10-01T16:13:00,,,,,,,
assets/tradingview/2026-10/2026-10-01_16h21_msg15528_krIBSfk6.png,15528,2026-10-01T16:21:14,EURAUD,,2026-10-01T16:21:00,,,,,1.61561,1.62494,1.632 1.63 1.628 1.62505 1.622 1.62 1.618 1.614 1.612 1.61 1.608 1.606
assets/tradingview/2026-10/2026-10-01_16h35_msg15531_CYM4U3HJ.png,15531,2026-10-01T16:35:43,EURAUD,,2026-10-01T16:35:00,,,,,1.61561,,1.637 1.636 1.635 1.634 1.633 1.632 1.631 1.63 1.628 1.627 1.626 1.624 1.621 1.62 1.619 1.618 1.617 1.615 1.614 1.613 1.612 1.611 1.62505
