date_publication,id_message,paire,sens,entree,stop,objectif,ratio_rr,statut,resolution,issue,resultat_r,gain_max_r,entree_utc,sortie_utc,capture,date,an,epoque,pip,stop_p,mlq_dist,r_net,gagnant,rr,jour,stop_pips,stop_atr,heure,session_londres,session_ny,session_asie,jour_semaine,mois,avec_tendance,avec_saison,saison_neutre,dist_rond_r,achat,paire_jpy,paire_usd,surprise_30j_sens,taux_sens,taux_90j_sens,cot_sens,cot_4s_sens,amirou_14j_sens
2021-01-06T05:30:00,3241,EURGBP,achat,0.90182,0.90122,0.9035,2.8,annoncé,1d,objectif,2.8,2.8,2021-01-06T00:00:00,2021-01-06T00:00:00,assets/tradingview/2021-01/2021-01-06_05h40_msg3241_B84I46HD.png,2021-01-06 05:30:00,2021,2021-2022,0.0001,5.999999999999339,18.199999999999328,2.599999999999978,1,2.8,2.0,5.999999999999339,0.056014899720294,5.0,0.0,0.0,1.0,2.0,1.0,0.0,0.0,0.0,3.0333333333335557,1.0,0.0,0.0,-8.508600000000001,-0.1,0.0,,,0.0
2021-01-14T11:54:00,3282,EURJPY,achat,126.55,126.365,126.767,1.17,incohérent,1d,prix déjà au-delà du stop,,,,,assets/tradingview/2021-01/2021-01-14_11h55_msg3282_rHT8yb5B.png,2021-01-14 11:54:00,2021,2021-2022,0.01,18.500000000000227,95.00000000000028,,0,1.17,,,,,,,,,,,,,,,,,16.2648,0.1,0.0,-0.045599999999999995,0.0025,0.0
2021-01-14T17:24:00,3284,USDJPY,vente,104.105,104.145,103.691,10.35,annoncé,1d,stop,-1.0,0.0,2021-01-14T00:00:00,2021-01-14T00:00:00,assets/tradingview/2021-01/2021-01-14_17h26_msg3284_jrQkjHBQ.png,2021-01-14 17:24:00,2021,2021-2022,0.01,3.999999999999204,89.4999999999996,-1.2500000000000497,0,10.35,3.0,3.999999999999204,0.0856922773382106,17.0,0.0,0.0,0.0,3.0,1.0,0.0,1.0,0.0,2.6250000000006217,0.0,1.0,1.0,5.023,-0.225,-0.0,0.06989999999999999,0.0956,-0.0
2021-01-15T17:19:00,3288,GBPUSD,vente,1.36963,1.37015,1.35752,23.29,annoncé,1d,objectif,23.29,23.29,2021-01-15T00:00:00,2021-01-15T00:00:00,assets/tradingview/2021-01/2021-01-15_17h50_msg3288_lsg9P3Bh.png,2021-01-15 17:19:00,2021,2021-2022,0.0001,5.20000000000076,53.70000000000097,23.0592307692308,1,23.29,4.0,5.20000000000076,0.0553513292770219,17.0,0.0,0.0,0.0,4.0,1.0,0.0,0.0,0.0,0.711538461538749,0.0,0.0,1.0,-13.4479,0.024999999999999994,-0.0,,,-0.0
2021-01-18T11:58:00,3296,GBPCAD,achat,1.7305,1.7287,1.7344,2.17,annoncé,1d,objectif,2.17,2.17,2021-01-18T00:00:00,2021-01-18T00:00:00,assets/tradingview/2021-01/2021-01-18_11h58_msg3296_PEoepSvm.png,2021-01-18 11:58:00,2021,2021-2022,0.0001,18.000000000000238,54.99999999999838,2.0033333333333356,1,2.17,0.0,18.000000000000238,0.1687990207093175,11.0,1.0,0.0,0.0,0.0,1.0,0.0,1.0,0.0,0.2777777777777435,1.0,0.0,0.0,16.0702,-0.15,0.0,,,0.0
2021-01-18T16:17:00,3303,GBPAUD,vente,1.76573,1.76671,1.76293,2.86,annoncé,1d,stop,-1.0,0.0,2021-01-18T00:00:00,2021-01-18T00:00:00,assets/tradingview/2021-01/2021-01-18_16h17_msg3303_O3EUx2g5.png,2021-01-18 16:17:00,2021,2021-2022,0.0001,9.799999999999809,92.70000000000111,-1.2551020408163316,0,2.86,0.0,9.799999999999809,0.0328812483547469,16.0,0.0,1.0,0.0,0.0,1.0,1.0,0.0,0.0,0.7448979591835833,0.0,0.0,0.0,-14.083200000000001,-0.0,-0.15,,,-0.0
2021-01-21T15:14:00,3340,EURNZD,achat,1.6817,1.68109,1.68806,10.43,annoncé,1d,objectif,10.43,10.43,2021-01-21T00:00:00,2021-01-21T00:00:00,assets/tradingview/2021-01/2021-01-21_15h18_msg3340_biy9OmYJ.png,2021-01-21 15:14:00,2021,2021-2022,0.0001,6.099999999999994,66.99999999999928,9.938196721311474,1,10.43,3.0,6.099999999999994,0.0564442125284137,15.0,0.0,1.0,0.0,3.0,1.0,1.0,1.0,0.0,2.786885245901699,1.0,0.0,0.0,16.6141,-0.25,0.0,-0.017799999999999996,-0.0892,0.0
2021-01-26T16:11:00,3361,USDCHF,achat,0.88517,0.88457,0.89301,13.07,annoncé,1d,non déclenché (objectif atteint sans entrée),,,,2021-02-01T00:00:00,assets/tradingview/2021-01/2021-01-26_16h12_msg3361_svr8cL3c.png,2021-01-26 16:11:00,2021,2021-2022,0.0001,6.000000000000449,101.70000000000012,,0,13.07,,,,,,,,,,,,,,,,,16.9931,0.875,0.0,-0.3362,-0.127,0.0
2021-01-27T16:11:00,3364,US30,vente,30667.48,30688.53,30381.28,13.6,incohérent,1d,prix déjà au-delà du stop,,,,,assets/tradingview/2021-01/2021-01-27_16h14_msg3364_ZL5XTduv.png,2021-01-27 16:11:00,2021,2021-2022,1.0,21.049999999999272,82.52000000000044,,0,13.6,,,,,,,,,,,,,,,,,,,,,,
2021-01-29T09:08:00,3391,USDCAD,vente,1.28723,1.28763,1.28326,9.93,après coup,1d,stop,-1.0,0.0,2021-01-28T00:00:00,2021-01-28T00:00:00,assets/tradingview/2021-01/2021-01-29_09h09_msg3391_jngIFyVD.png,2021-01-29 09:08:00,2021,2021-2022,0.0001,3.9999999999995595,122.29999999999963,-1.3750000000000413,0,9.93,3.0,,,,,,,,,,,,,,,,-16.3111,0.125,-0.0,0.1577,0.17609999999999998,-0.0
2021-02-03T00:59:36,3403,GBPJPY,vente,143.686,143.747,142.463,20.05,annoncé,1d,stop,-1.0,0.0,2021-02-04T00:00:00,2021-02-04T00:00:00,assets/tradingview/2021-02/2021-02-03_00h59_msg3403_Kr9s3nbD.png,2021-02-03 00:59:36,2021,2021-2022,0.01,6.100000000000705,118.6000000000007,-1.4098360655737232,0,20.05,3.0,6.100000000000705,0.0737329644560462,0.0,0.0,0.0,1.0,2.0,2.0,0.0,1.0,0.0,3.049180327868616,0.0,1.0,0.0,-11.3354,-0.2,-0.0,,,-0.0
2021-02-04T14:47:55,3444,EURAUD,vente,1.59356,1.59461,1.56969,22.73,annoncé,1d,non déclenché (objectif atteint sans entrée),,,,2021-02-08T00:00:00,assets/tradingview/2021-02/2021-02-04_14h47_msg3444_DYWLfpcw.png,2021-02-04 14:47:55,2021,2021-2022,0.0001,10.499999999999954,64.4,,0,22.73,,,,,,,,,,,,,,,,,-10.1221,0.1,-0.0,0.118,0.0387,-0.0
2021-02-05T19:07:00,3449,NZDUSD,achat,0.71396,0.71351,0.72007,13.58,annoncé,1d,objectif,13.58,13.58,2021-02-05T00:00:00,2021-02-08T00:00:00,assets/tradingview/2021-02/2021-02-05_19h15_msg3449_C57BouzW.png,2021-02-05 19:07:00,2021,2021-2022,0.0001,4.500000000000615,110.40000000000049,13.246666666666712,1,13.58,4.0,4.500000000000615,0.0776979900760939,19.0,0.0,0.0,0.0,4.0,2.0,1.0,0.0,0.0,2.31111111111064,1.0,0.0,1.0,-16.0516,0.125,0.0,0.3067,0.3395,0.0
2021-02-19T18:40:20,3475,AUDUSD,achat,0.77678,0.77245,0.78512,1.93,annoncé,1d,objectif,1.93,1.93,2021-02-19T18:40:20,2021-02-22T00:00:00,assets/tradingview/2021-02/2021-02-19_18h40_msg3475_4IzweJSr.png,2021-02-19 18:40:20,2021,2021-2022,0.0001,43.30000000000056,17.800000000000036,1.9069053117782913,1,1.93,4.0,43.30000000000056,0.8294653466793678,18.0,0.0,0.0,0.0,4.0,2.0,1.0,0.0,0.0,0.4110854503464158,1.0,0.0,1.0,-18.7987,-0.024999999999999994,0.0,0.40669999999999995,0.1253,0.0
2021-02-19T18:47:00,3476,USDJPY,achat,105.601,105.239,106.188,1.62,annoncé,1d,stop,-1.0,0.0,2021-02-19T18:47:00,2021-02-22T00:00:00,assets/tradingview/2021-02/2021-02-19_18h47_msg3476_yFFU39ww.png,2021-02-19 18:47:00,2021,2021-2022,0.01,36.19999999999948,60.09999999999991,-1.0276243093922657,0,1.62,4.0,36.19999999999948,0.8527700379609073,18.0,0.0,0.0,0.0,4.0,2.0,1.0,1.0,0.0,0.2790055248618799,1.0,1.0,1.0,8.6551,0.225,0.0,-0.2569,-0.0871,0.0
2021-02-19T18:59:00,3479,AUDUSD,achat,0.77343,0.77269,0.78564,16.5,annoncé,1d,non déclenché (objectif atteint sans entrée),,,,2021-02-19T00:00:00,assets/tradingview/2021-02/2021-02-19_18h59_msg3479_j4YiGsar.png,2021-02-19 18:59:00,2021,2021-2022,0.0001,7.399999999999629,15.700000000000713,,0,16.5,,,,,,,,,,,,,,,,,-18.7987,-0.024999999999999994,0.0,0.40669999999999995,0.1253,0.0
2021-02-24T19:21:00,3488,XAUUSD,vente,1813.391,1815.042,1790.325,13.97,annoncé,1d,non déclenché (objectif atteint sans entrée),,,,2021-02-24T00:00:00,assets/tradingview/2021-02/2021-02-24_20h18_msg3488_uPiXCyfG.png,2021-02-24 19:21:00,2021,2021-2022,0.01,165.099999999984,89.10000000000764,,0,13.97,,,,,,,,,,,,,,,,,,,,,,
2021-03-01T08:35:00,3508,GBPUSD,vente,1.40936,1.41238,1.40321,2.04,après coup,1d,objectif déjà dépassé à la publication,,,,,assets/tradingview/2021-03/2021-03-01_08h35_msg3508_yWGawgU8.png,2021-03-01 08:35:00,2021,2021-2022,0.0001,30.200000000000227,93.59999999999812,,0,2.04,,,,,,,,,,,,,,,,,18.822499999999998,0.024999999999999994,-0.0,,,-0.0
2021-03-01T09:27:14,3519,EURGBP,vente,0.8665,0.86678,0.8635,10.71,annoncé,1d,non déclenché (objectif atteint sans entrée),,,,2021-03-01T00:00:00,assets/tradingview/2021-03/2021-03-01_09h27_msg3519_336FHRlm.png,2021-03-01 09:27:14,2021,2021-2022,0.0001,2.7999999999994696,84.99999999999952,,0,10.71,,,,,,,,,,,,,,,,,-8.7119,0.1,-0.0,,,-0.0
2021-03-01T07:55:00,3520,EURGBP,vente,0.8645,0.86496,0.8635,2.17,incohérent,1d,prix déjà au-delà du stop,,,,,assets/tradingview/2021-03/2021-03-01_09h27_msg3520_kSv7RS1B.png,2021-03-01 07:55:00,2021,2021-2022,0.0001,4.599999999999049,104.99999999999953,,0,2.17,,,,,,,,,,,,,,,,,-8.7119,0.1,-0.0,,,-0.0
2021-03-02T17:38:00,3526,EURGBP,vente,0.86579,0.86639,0.86002,9.62,annoncé,1d,stop,-1.0,0.0,2021-03-02T00:00:00,2021-03-02T00:00:00,assets/tradingview/2021-03/2021-03-02_17h51_msg3526_N8lqGdVu.png,2021-03-02 17:38:00,2021,2021-2022,0.0001,6.000000000000449,92.1000000000005,-1.199999999999985,0,9.62,1.0,6.000000000000449,0.1382260192712196,17.0,0.0,0.0,0.0,1.0,3.0,1.0,0.0,0.0,1.316666666666497,0.0,0.0,0.0,-9.278400000000001,0.1,-0.0,,,-0.0
2021-03-03T13:21:00,3532,AUDCAD,achat,0.987,0.98198,0.98974,0.55,annoncé,1d,objectif,0.55,0.55,2021-03-03T00:00:00,2021-03-03T00:00:00,assets/tradingview/2021-03/2021-03-03_13h21_msg3532_OcpWG5P9.png,2021-03-03 13:21:00,2021,2021-2022,0.0001,50.200000000000244,119.99999999999899,0.510159362549801,1,0.55,2.0,50.20000000000024,0.930036244179886,13.0,0.0,1.0,0.0,2.0,3.0,0.0,1.0,0.0,0.3984063745019904,1.0,0.0,0.0,-2.2369,-0.15,0.0,0.1272,-0.019700000000000002,0.0
2021-03-03T12:55:00,3534,GBPUSD,vente,1.39789,1.39852,1.39153,10.1,annoncé,1d,stop,-1.0,0.0,2021-03-03T00:00:00,2021-03-03T00:00:00,assets/tradingview/2021-03/2021-03-03_17h31_msg3534_yaZTSizg.png,2021-03-03 12:55:00,2021,2021-2022,0.0001,6.299999999999084,21.100000000000563,-1.1904761904762182,0,10.1,2.0,6.299999999999084,0.0707907537042145,12.0,0.0,1.0,0.0,2.0,3.0,0.0,1.0,0.0,3.3492063492069253,0.0,0.0,1.0,19.766399999999997,0.024999999999999994,-0.0,,,-0.0
2021-03-03T13:10:00,3537,EURAUD,achat,1.54342,1.54289,1.55123,14.74,annoncé,1d,stop,-1.0,0.0,2021-03-03T00:00:00,2021-03-03T00:00:00,assets/tradingview/2021-03/2021-03-03_17h38_msg3537_HnUr2h4h.png,2021-03-03 13:10:00,2021,2021-2022,0.0001,5.299999999999194,65.8000000000003,-1.3773584905660952,0,14.74,2.0,5.299999999999194,0.0520737754560719,13.0,0.0,1.0,0.0,2.0,3.0,0.0,1.0,0.0,2.9811320754719906,1.0,0.0,0.0,12.3621,-0.1,0.0,-0.0897,0.028300000000000002,0.0
2021-03-03T18:10:00,3539,AUDCAD,achat,0.98259,0.982,0.98976,12.15,annoncé,1d,non déclenché (objectif atteint sans entrée),,,,2021-03-03T00:00:00,assets/tradingview/2021-03/2021-03-03_18h10_msg3539_w7nvBQOi.png,2021-03-03 18:10:00,2021,2021-2022,0.0001,5.899999999999794,75.89999999999874,,0,12.15,,,,,,,,,,,,,,,,,-2.2369,-0.15,0.0,0.1272,-0.019700000000000002,0.0
2021-03-05T07:15:00,3563,EURNZD,achat,1.6569,1.6559,1.66995,13.05,annoncé,1d,non déclenché (objectif atteint sans entrée),,,,2021-03-05T00:00:00,assets/tradingview/2021-03/2021-03-05_07h20_msg3563_MUReYbvo.png,2021-03-05 07:15:00,2021,2021-2022,0.0001,10.000000000001119,68.99999999999906,,0,13.05,,,,,,,,,,,,,,,,,4.3658,-0.25,0.0,-0.059800000000000006,0.027099999999999996,0.0
2021-03-08T14:45:00,3565,EURUSD,vente,1.21679,1.21729,1.21168,10.22,après coup,1d,objectif déjà dépassé à la publication,,,,,assets/tradingview/2021-03/2021-03-09_02h03_msg3565_BDkPIoQC.png,2021-03-08 14:45:00,2021,2021-2022,0.0001,4.999999999999449,82.1000000000005,,0,10.22,,,,,,,,,,,,,,,,,16.8785,0.125,-0.0,-0.324,-0.11040000000000001,-0.0
2021-03-08T14:46:00,3566,EURUSD,vente,1.21153,1.21203,1.20884,5.38,après coup,1d,objectif déjà dépassé à la publication,,,,,assets/tradingview/2021-03/2021-03-09_02h03_msg3566_s8JKqpEk.png,2021-03-08 14:46:00,2021,2021-2022,0.0001,4.999999999999449,115.3000000000004,,0,5.38,,,,,,,,,,,,,,,,,16.8785,0.125,-0.0,-0.324,-0.11040000000000001,-0.0
2021-03-08T14:47:00,3567,EURUSD,vente,1.20488,1.20522,1.20447,1.21,après coup,1d,objectif déjà dépassé à la publication,,,,,assets/tradingview/2021-03/2021-03-09_02h03_msg3567_WkYwt4v4.png,2021-03-08 14:47:00,2021,2021-2022,0.0001,3.4000000000000696,48.799999999999955,,0,1.21,,,,,,,,,,,,,,,,,16.8785,0.125,-0.0,-0.324,-0.11040000000000001,-0.0
2021-03-15T10:36:00,3585,GBPUSD,achat,1.37958,1.37925,1.38474,15.64,après coup,1d,objectif déjà dépassé à la publication,,,,,assets/tradingview/2021-03/2021-03-15_10h37_msg3585_kS7DIH1l.png,2021-03-15 10:36:00,2021,2021-2022,0.0001,3.2999999999994145,45.80000000000028,,0,15.64,,,,,,,,,,,,,,,,,-39.2909,-0.024999999999999994,0.0,,,0.0
2021-03-15T10:46:05,3591,GBPUSD,vente,1.39444,1.39503,1.38026,24.03,annoncé,1d,stop,-1.0,22.54,2021-03-15T00:00:00,2021-03-18T00:00:00,assets/tradingview/2021-03/2021-03-15_10h46_msg3591_TgO3gbgW.png,2021-03-15 10:46:05,2021,2021-2022,0.0001,5.9000000000009045,55.60000000000231,-1.2033898305084434,0,24.03,0.0,5.9000000000009045,0.0612275771730215,10.0,1.0,0.0,0.0,0.0,3.0,0.0,1.0,0.0,0.9491525423729325,0.0,0.0,1.0,39.2909,0.024999999999999994,-0.0,,,-0.0
2021-03-16T15:51:00,3603,GBPJPY,vente,151.697,151.778,150.805,11.01,annoncé,1d,objectif,11.01,11.01,2021-03-16T00:00:00,2021-03-16T00:00:00,assets/tradingview/2021-03/2021-03-16_15h52_msg3603_i3ho9DBY.png,2021-03-16 15:51:00,2021,2021-2022,0.01,8.099999999998886,80.29999999999973,10.701358024691315,1,11.01,1.0,8.099999999998886,0.0836936937342645,15.0,0.0,1.0,0.0,1.0,3.0,0.0,1.0,0.0,2.432098765432467,0.0,1.0,0.0,5.814,-0.2,-0.0,,,-0.0
2021-03-16T16:26:00,3605,GBPJPY,vente,151.448,151.484,151.043,11.25,incohérent,1d,prix déjà au-delà du stop,,,,,assets/tradingview/2021-03/2021-03-16_16h26_msg3605_DNAHPjdz.png,2021-03-16 16:26:00,2021,2021-2022,0.01,3.6000000000001364,105.19999999999925,,0,11.25,,,,,,,,,,,,,,,,,5.814,-0.2,-0.0,,,-0.0
2021-03-25T23:32:00,3641,EURJPY,achat,128.411,128.289,128.613,1.66,annoncé,1d,non déclenché (objectif atteint sans entrée),,,,2021-03-25T00:00:00,assets/tradingview/2021-03/2021-03-25_23h33_msg3641_spwsb7Jd.png,2021-03-25 23:32:00,2021,2021-2022,0.01,12.20000000000141,91.10000000000014,,0,1.66,,,,,,,,,,,,,,,,,2.7344999999999997,0.1,0.0,0.2134,0.2292,0.0
2021-03-30T11:21:00,3669,USDJPY,vente,109.264,109.328,108.769,7.73,incohérent,1d,prix déjà au-delà du stop,,,,,assets/tradingview/2021-03/2021-03-30_20h46_msg3669_7mAgfo4t.png,2021-03-30 11:21:00,2021,2021-2022,0.01,6.400000000000716,73.60000000000042,,0,7.73,,,,,,,,,,,,,,,,,2.5738999999999996,-0.225,-0.0,-0.12459999999999999,-0.3124,-0.0
2021-04-01T01:34:00,3696,EURJPY,vente,129.992,130.094,128.305,16.54,annoncé,1d,stop,-1.0,0.0,2021-04-01T00:00:00,2021-04-01T00:00:00,assets/tradingview/2021-04/2021-04-01_01h34_msg3696_bQCQkUrz.png,2021-04-01 01:34:00,2021,2021-2022,0.01,10.200000000000387,0.8000000000009777,-1.1470588235294061,0,16.54,3.0,10.200000000000388,0.160287136835657,1.0,0.0,0.0,1.0,3.0,4.0,1.0,0.0,0.0,0.0784313725491124,0.0,1.0,0.0,-6.3963,-0.1,-0.0,-0.26139999999999997,-0.2363,-0.0
2021-04-09T17:52:26,3788,GBPCAD,vente,1.74684,1.74934,1.71748,11.74,annoncé,1d,non déclenché (objectif atteint sans entrée),,,,2021-04-12T00:00:00,assets/tradingview/2021-04/2021-04-09_17h52_msg3788_RPFmzy0E.png,2021-04-09 17:52:26,2021,2021-2022,0.0001,24.999999999999467,31.600000000000517,,0,11.74,,,,,,,,,,,,,,,,,8.1473,0.15,-0.0,,,-0.0
2021-04-09T21:37:00,3792,NZDUSD,vente,0.70504,0.70529,0.70404,4.0,incohérent,1d,prix déjà au-delà du stop,,,,,assets/tradingview/2021-04/2021-04-09_21h38_msg3792_ag6t3QbF.png,2021-04-09 21:37:00,2021,2021-2022,0.0001,2.4999999999997247,50.39999999999933,,0,4.0,,,,,,,,,,,,,,,,,-6.6431,-0.125,-0.0,-0.2085,0.23470000000000002,-0.0
2021-04-19T14:59:00,3846,EURUSD,achat,1.21318,1.21133,1.21522,1.1,incohérent,1d,prix déjà au-delà du stop,,,,,assets/tradingview/2021-04/2021-04-19_15h01_msg3846_HrVeNfJt.png,2021-04-19 14:59:00,2021,2021-2022,0.0001,18.499999999999073,118.20000000000164,,0,1.1,,,,,,,,,,,,,,,,,-5.950200000000001,-0.125,0.0,0.2333,0.1108,0.0
2021-04-20T04:39:00,3859,EURUSD,vente,1.20625,1.2074,1.20387,2.07,annoncé,1d,stop,-1.0,0.0,2021-04-20T00:00:00,2021-04-20T00:00:00,assets/tradingview/2021-04/2021-04-20_04h39_msg3859_ntTEJNZh.png,2021-04-20 04:39:00,2021,2021-2022,0.0001,11.499999999999844,62.50000000000089,-1.0695652173913053,0,2.07,1.0,11.499999999999844,0.2082959413190851,4.0,0.0,0.0,1.0,1.0,4.0,0.0,0.0,0.0,1.086956521739122,0.0,0.0,1.0,5.950200000000001,0.125,-0.0,-0.2333,-0.1108,-2.0
2021-04-29T07:25:28,3894,GBPJPY,achat,150.5,148.881,151.975,0.91,annoncé,1d,non déclenché (objectif atteint sans entrée),,,,2021-04-29T00:00:00,ChatExport_2026-10-01/photos/photo_1279@29-04-2021_07-25-28.jpg,2021-04-29 07:25:28,2021,2021-2022,0.01,161.89999999999998,50.0,,0,0.91,,,,,,,,,,,,,,,,,14.670499999999999,0.2,0.0,,,1.0
2021-05-05T13:20:00,3912,EURUSD,achat,1.19995,1.19902,1.21391,15.01,annoncé,1d,stop,-1.0,0.0,2021-05-05T00:00:00,2021-05-05T00:00:00,assets/tradingview/2021-05/2021-05-05_13h30_msg3912_DrNA0ADP.png,2021-05-05 13:20:00,2021,2021-2022,0.0001,9.300000000000974,0.4999999999988347,-1.0860215053763351,0,15.01,2.0,9.300000000000974,0.158188511905469,13.0,0.0,1.0,0.0,2.0,5.0,1.0,0.0,0.0,0.0537634408600841,1.0,0.0,1.0,-22.143,-0.125,0.0,0.1056,-0.06490000000000001,0.0
2021-05-05T13:29:00,3918,EURUSD,achat,1.19932,1.19861,1.21445,21.31,annoncé,1d,objectif,21.31,21.31,2021-05-05T00:00:00,2021-05-07T00:00:00,assets/tradingview/2021-05/2021-05-05_13h30_msg3918_gnQjGW1c.png,2021-05-05 13:29:00,2021,2021-2022,0.0001,7.099999999999884,6.800000000000139,21.197323943661967,1,21.31,2.0,7.099999999999884,0.1207675736052359,13.0,0.0,1.0,0.0,2.0,5.0,1.0,0.0,0.0,0.9577464788732748,1.0,0.0,1.0,-22.143,-0.125,0.0,0.1056,-0.06490000000000001,0.0
2021-05-05T13:53:27,3930,EURJPY,vente,131.442,131.463,131.13,14.86,annoncé,1d,objectif,14.86,14.86,2021-05-05T00:00:00,2021-05-05T00:00:00,assets/tradingview/2021-05/2021-05-05_13h53_msg3930_qPDNdHaA.png,2021-05-05 13:53:27,2021,2021-2022,0.01,2.0999999999986585,105.79999999999927,14.14571428571383,1,14.86,2.0,2.0999999999986585,0.0346167586242608,13.0,0.0,1.0,0.0,2.0,5.0,0.0,1.0,0.0,2.76190476190618,0.0,1.0,0.0,4.0381,-0.1,-0.0,-0.27340000000000003,-0.023899999999999998,-0.0
2021-05-06T13:34:35,3945,AUDCAD,vente,0.96806,0.9701,0.95432,6.74,après coup,1d,objectif déjà dépassé à la publication,,,,,assets/tradingview/2021-05/2021-05-06_13h34_msg3945_3IqRinOy.png,2021-05-06 13:34:35,2021,2021-2022,0.0001,20.399999999999306,69.40000000000057,,0,6.74,,,,,,,,,,,,,,,,,7.7282,0.15,-0.0,-0.1105,0.101,-0.0
2021-05-11T13:48:00,3991,AUDCAD,achat,0.94749,0.94689,0.94816,1.12,annoncé,1d,stop,-1.0,0.0,2021-05-11T00:00:00,2021-05-11T00:00:00,assets/tradingview/2021-05/2021-05-11_13h48_msg3991_DyP91uUQ.png,2021-05-11 13:48:00,2021,2021-2022,0.0001,6.000000000000449,25.100000000000122,-1.3333333333333084,0,1.12,1.0,6.000000000000449,0.100542214447466,13.0,0.0,1.0,0.0,1.0,5.0,0.0,0.0,0.0,4.149999999999676,1.0,0.0,0.0,4.0824,-0.15,0.0,0.1426,-0.048799999999999996,0.0
2021-06-16T19:08:00,4134,EURJPY,vente,133.576,133.617,132.85,17.71,annoncé,1d,objectif,17.71,17.71,2021-06-16T00:00:00,2021-06-17T00:00:00,assets/tradingview/2021-06/2021-06-16_19h08_msg4134_Sqqu6xe2.png,2021-06-16 19:08:00,2021,2021-2022,0.01,4.099999999999682,107.59999999999934,17.344146341463386,1,17.71,2.0,4.099999999999682,0.0815341686661271,19.0,0.0,0.0,0.0,2.0,6.0,0.0,0.0,0.0,1.8536585365853488,0.0,1.0,0.0,-4.1977,-0.1,-0.0,-0.1948,0.0715,-0.0
2021-06-17T12:42:26,4148,GBPNZD,vente,1.98498,1.98599,1.96867,16.15,annoncé,1d,stop,-1.0,0.0,2021-06-17T00:00:00,2021-06-17T00:00:00,assets/tradingview/2021-06/2021-06-17_12h42_msg4148_H9cBpLyh.png,2021-06-17 12:42:26,2021,2021-2022,0.0001,10.099999999999554,99.79999999999878,-1.346534653465362,0,16.15,3.0,10.099999999999554,0.0944618677047107,12.0,0.0,1.0,0.0,3.0,6.0,0.0,1.0,0.0,0.0198019801981504,0.0,0.0,0.0,-5.2819,0.15,-0.0,,,-0.0
2021-06-21T16:30:44,4176,EURUSD,achat,1.18516,1.18466,1.19175,13.18,annoncé,1d,objectif,13.18,13.18,2021-06-21T00:00:00,2021-06-21T00:00:00,assets/tradingview/2021-06/2021-06-21_16h30_msg4176_TQX5aiZe.png,2021-06-21 16:30:44,2021,2021-2022,0.0001,4.999999999999449,101.59999999999947,13.019999999999982,1,13.18,0.0,4.999999999999449,0.0827887739363035,16.0,0.0,1.0,0.0,0.0,6.0,0.0,1.0,0.0,0.3199999999999112,1.0,0.0,1.0,-26.2124,-0.125,0.0,0.2043,0.1189,-1.0
2021-06-25T03:57:00,4189,EURUSD,achat,1.19282,1.19247,1.19404,3.49,annoncé,1d,stop,-1.0,0.0,2021-06-25T03:57:00,2021-06-28T00:00:00,assets/tradingview/2021-06/2021-06-25_03h57_msg4189_3VUbPAA8.png,2021-06-25 03:57:00,2021,2021-2022,0.0001,3.5000000000007248,71.79999999999964,-1.2285714285713814,0,3.49,4.0,3.5000000000007248,0.0642292943309089,3.0,0.0,0.0,1.0,4.0,6.0,0.0,1.0,0.0,6.228571428570341,1.0,0.0,1.0,-17.0641,-0.125,0.0,0.2043,0.1189,-1.0
2021-06-28T01:46:00,4194,NZDUSD,vente,0.70919,0.70969,0.70018,18.02,annoncé,1d,non déclenché (objectif atteint sans entrée),,,,2021-06-29T00:00:00,assets/tradingview/2021-06/2021-06-28_14h07_msg4194_6Swb1oau.png,2021-06-28 01:46:00,2021,2021-2022,0.0001,5.0000000000005596,91.8999999999992,,0,18.02,,,,,,,,,,,,,,,,,10.1388,-0.125,-0.0,-0.5171,-0.3184,1.0
2021-06-30T18:35:00,4212,EURJPY,achat,131.315,131.261,132.151,15.48,annoncé,1d,stop,-1.0,0.0,2021-06-30T00:00:00,2021-06-30T00:00:00,assets/tradingview/2021-06/2021-06-30_18h35_msg4212_7MqnIDmM.png,2021-06-30 18:35:00,2021,2021-2022,0.01,5.400000000000205,118.50000000000023,-1.2777777777777672,0,15.48,2.0,5.400000000000205,0.0763095803568982,18.0,0.0,0.0,0.0,2.0,6.0,0.0,1.0,0.0,3.425925925925838,1.0,1.0,0.0,12.733,0.1,0.0,0.2016,-0.1062,0.0
2021-07-06T13:15:00,4237,GBPCHF,vente,1.28074,1.28204,1.26532,11.86,annoncé,1d,non déclenché (objectif atteint sans entrée),,,,2021-07-08T00:00:00,assets/tradingview/2021-07/2021-07-06_13h15_msg4237_nheLjJl8.png,2021-07-06 13:15:00,2021,2021-2022,0.0001,13.000000000000789,57.39999999999856,,0,11.86,,,,,,,,,,,,,,,,,-4.017099999999999,-0.85,-0.0,,,-0.0
2021-07-07T13:32:00,4258,USDJPY,achat,110.536,110.496,111.641,27.62,annoncé,1d,stop,-1.0,0.0,2021-07-07T00:00:00,2021-07-07T00:00:00,assets/tradingview/2021-07/2021-07-07_13h32_msg4258_6kEsqUuF.png,2021-07-07 13:32:00,2021,2021-2022,0.01,4.000000000000625,53.600000000000136,-1.249999999999961,0,27.62,2.0,4.000000000000625,0.0817516609214411,13.0,0.0,1.0,0.0,2.0,7.0,1.0,0.0,0.0,0.8999999999998934,1.0,1.0,1.0,20.6892,0.225,0.0,-0.1245,-0.43060000000000004,0.0
2021-07-08T01:59:00,4268,EURGBP,achat,0.8575,0.85668,0.8584,1.1,incohérent,1d,prix déjà au-delà du stop,,,,,assets/tradingview/2021-07/2021-07-08_07h00_msg4268_q5ezfXEI.png,2021-07-08 01:59:00,2021,2021-2022,0.0001,8.20000000000043,74.9999999999995,,0,1.1,,,,,,,,,,,,,,,,,16.862,-0.1,0.0,,,0.0
2021-07-08T08:19:00,4286,GBPJPY,achat,153.157,153.127,153.899,24.73,incohérent,1d,prix déjà au-delà du stop,,,,,assets/tradingview/2021-07/2021-07-08_08h20_msg4286_Y5BQAcT1.png,2021-07-08 08:19:00,2021,2021-2022,0.01,3.0000000000001137,65.70000000000107,,0,24.73,,,,,,,,,,,,,,,,,1.5852,0.2,0.0,,,0.0
2021-07-13T12:36:12,4317,EURNZD,achat,1.69486,1.69382,1.70306,7.88,annoncé,1d,stop,-1.0,0.0,2021-07-13T00:00:00,2021-07-13T00:00:00,assets/tradingview/2021-07/2021-07-13_12h36_msg4317_TOhzYXIv.png,2021-07-13 12:36:12,2021,2021-2022,0.0001,10.399999999999299,51.40000000000144,-1.2884615384615579,0,7.88,1.0,10.3999999999993,0.0908126664416206,12.0,0.0,1.0,0.0,1.0,7.0,0.0,0.0,0.0,0.1346153846154215,1.0,0.0,0.0,6.898300000000001,-0.25,0.0,-0.2469,-0.14329999999999998,0.0
2021-07-13T12:39:00,4320,EURGBP,achat,0.85544,0.8536,0.85763,1.19,annoncé,1d,stop,-1.0,0.0,2021-07-13T00:00:00,2021-07-13T00:00:00,assets/tradingview/2021-07/2021-07-13_12h39_msg4320_8232CdQV.png,2021-07-13 12:39:00,2021,2021-2022,0.0001,18.399999999999526,54.39999999999889,-1.0652173913043494,0,1.19,1.0,18.39999999999953,0.4848487492441311,12.0,0.0,1.0,0.0,1.0,7.0,0.0,0.0,0.0,0.2391304347826126,1.0,0.0,0.0,9.3564,-0.1,0.0,,,0.0
2021-08-23T14:57:00,4406,GBPUSD,achat,1.36083,1.36007,1.37528,19.01,annoncé,1d,non déclenché (objectif atteint sans entrée),,,,2021-08-26T00:00:00,assets/tradingview/2021-08/2021-08-23_14h57_msg4406_mIuuqtDV.png,2021-08-23 14:57:00,2021,2021-2022,0.0001,7.600000000000939,108.29999999999895,,0,19.01,,,,,,,,,,,,,,,,,-20.286,-0.024999999999999994,0.0,,,0.0
2021-09-09T13:05:00,4471,EURJPY,achat,128.779,128.697,130.682,23.21,annoncé,1d,stop,-1.0,0.0,2021-09-16T00:00:00,2021-09-16T00:00:00,assets/tradingview/2021-09/2021-09-09_13h08_msg4471_mZfZzMMU.png,2021-09-09 13:05:00,2021,2021-2022,0.01,8.199999999999363,122.10000000000036,-1.1829268292683068,0,23.21,3.0,8.199999999999363,0.1741967800304797,13.0,0.0,1.0,0.0,3.0,9.0,1.0,0.0,0.0,2.695121951219766,1.0,1.0,0.0,-2.1877999999999993,0.1,0.0,0.1084,-0.027299999999999998,2.0
2021-09-09T13:24:00,4475,EURJPY,achat,129.897,128.697,130.695,0.67,annoncé,1d,stop,-1.0,0.33,2021-09-09T00:00:00,2021-09-16T00:00:00,assets/tradingview/2021-09/2021-09-09_13h24_msg4475_o9uPE6Bs.png,2021-09-09 13:24:00,2021,2021-2022,0.01,119.99999999999886,10.300000000000864,-1.0125000000000002,0,0.67,3.0,119.99999999999886,2.5492211711779262,13.0,0.0,1.0,0.0,3.0,9.0,1.0,0.0,0.0,0.0858333333333413,1.0,1.0,0.0,-2.1877999999999993,0.1,0.0,0.1084,-0.027299999999999998,2.0
2021-09-15T16:56:00,4494,AUDCAD,vente,0.92963,0.93013,0.92692,5.42,annoncé,1d,non déclenché (objectif atteint sans entrée),,,,2021-09-15T00:00:00,assets/tradingview/2021-09/2021-09-15_16h56_msg4494_5P0M8YRd.png,2021-09-15 16:56:00,2021,2021-2022,0.0001,5.0000000000005596,46.299999999999116,,0,5.42,,,,,,,,,,,,,,,,,-4.4624999999999995,0.15,-0.0,0.1389,0.17110000000000003,-0.0
2021-09-15T19:48:00,4498,NZDUSD,achat,0.71083,0.71056,0.71456,13.81,incohérent,1d,prix déjà au-delà du stop,,,,,assets/tradingview/2021-09/2021-09-15_19h49_msg4498_sSzQMGsU.png,2021-09-15 19:48:00,2021,2021-2022,0.0001,2.6999999999999247,108.29999999999895,,0,13.81,,,,,,,,,,,,,,,,,3.9642,0.125,0.0,0.0937,0.0342,3.0
2021-09-23T02:54:00,4525,AUDUSD,vente,0.72396,0.7243,0.72137,7.62,annoncé,1d,stop,-1.0,0.0,2021-09-23T00:00:00,2021-09-23T00:00:00,assets/tradingview/2021-09/2021-09-23_02h55_msg4525_Ltrx2Xa4.png,2021-09-23 02:54:00,2021,2021-2022,0.0001,3.4000000000000696,10.400000000000409,-1.2941176470588176,0,7.62,3.0,3.4000000000000696,0.0635042254166258,2.0,0.0,0.0,1.0,3.0,9.0,1.0,1.0,0.0,3.058823529411496,0.0,0.0,1.0,4.774100000000001,0.024999999999999994,-0.0,0.3483,0.3744,5.0
2021-09-30T18:37:00,4546,AUDUSD,vente,0.73111,0.7315,0.72267,21.64,après coup,1d,objectif,21.64,21.64,2021-09-28T00:00:00,2021-09-29T00:00:00,assets/tradingview/2021-09/2021-09-30_18h38_msg4546_E2OKcl6F.png,2021-09-30 18:37:00,2021,2021-2022,0.0001,3.9000000000000146,61.09999999999948,21.383589743589745,1,21.64,1.0,,,,,,,,,,,,,,,,2.4465000000000003,0.024999999999999994,-0.0,0.30200000000000005,0.36060000000000003,4.0
2021-09-30T18:50:00,4551,EURUSD,vente,1.17688,1.18057,1.17091,1.62,après coup,1d,objectif déjà dépassé à la publication,,,,,assets/tradingview/2021-09/2021-09-30_18h50_msg4551_zqNS9UFc.png,2021-09-30 18:50:00,2021,2021-2022,0.0001,36.89999999999971,18.799999999998818,,0,1.62,,,,,,,,,,,,,,,,,-4.786899999999999,0.125,-0.0,0.1879,0.2,2.0
2021-10-03T23:57:00,4562,AUDUSD,achat,0.72515,0.7248,0.7281,8.43,annoncé,1d,non déclenché (objectif atteint sans entrée),,,,2021-10-04T00:00:00,assets/tradingview/2021-10/2021-10-04_00h21_msg4562_pE5M36Cg.png,2021-10-03 23:57:00,2021,2021-2022,0.0001,3.4999999999996145,1.4999999999987246,,0,8.43,,,,,,,,,,,,,,,,,-10.647,-0.024999999999999994,0.0,-0.2437,-0.27490000000000003,-4.0
2021-10-04T14:22:00,4567,XAUUSD,achat,1748.889,1748.223,1764.074,22.8,annoncé,1d,stop,-1.0,0.0,2021-10-04T00:00:00,2021-10-04T00:00:00,assets/tradingview/2021-10/2021-10-04_14h22_msg4567_qBbaJILN.png,2021-10-04 14:22:00,2021,2021-2022,0.01,66.599999999994,111.10000000001037,-1.4504504504504911,0,22.8,0.0,66.599999999994,0.0247189691730527,14.0,0.0,1.0,0.0,0.0,10.0,0.0,0.0,0.0,1.668168168168474,1.0,0.0,1.0,,,,,,
2021-10-04T14:38:00,4574,EURJPY,vente,129.337,129.366,128.987,12.07,après coup,1d,objectif déjà dépassé à la publication,,,,,assets/tradingview/2021-10/2021-10-04_14h41_msg4574_jJSv9c3F.png,2021-10-04 14:38:00,2021,2021-2022,0.01,2.9000000000024784,66.30000000000109,,0,12.07,,,,,,,,,,,,,,,,,-34.9017,-0.1,-0.0,-0.0698,0.038599999999999995,-0.0
2021-10-05T13:05:00,4576,USDJPY,vente,111.223,111.248,110.847,15.04,annoncé,1d,stop,-1.0,0.0,2021-10-05T00:00:00,2021-10-05T00:00:00,assets/tradingview/2021-10/2021-10-05_13h06_msg4576_styAc0dm.png,2021-10-05 13:05:00,2021,2021-2022,0.01,2.5000000000005684,122.2999999999999,-1.399999999999909,0,15.04,1.0,2.5000000000005684,0.0457277280769618,13.0,0.0,1.0,0.0,1.0,10.0,0.0,0.0,0.0,8.91999999999793,0.0,1.0,1.0,-29.4214,-0.225,-0.0,-0.1852,-0.0836,-1.0
2021-10-05T13:10:00,4577,USDJPY,achat,111.223,111.106,111.316,0.79,incohérent,1d,prix déjà au-delà du stop,,,,,assets/tradingview/2021-10/2021-10-05_13h10_msg4577_daPnbHHp.png,2021-10-05 13:10:00,2021,2021-2022,0.01,11.700000000000443,122.2999999999999,,0,0.79,,,,,,,,,,,,,,,,,29.4214,0.225,0.0,0.1852,0.0836,1.0
2021-10-05T13:48:00,4584,EURNZD,achat,1.66616,1.66396,1.67243,2.85,annoncé,1d,stop,-1.0,0.0,2021-10-05T00:00:00,2021-10-05T00:00:00,assets/tradingview/2021-10/2021-10-05_13h49_msg4584_cwSHS7Ca.png,2021-10-05 13:48:00,2021,2021-2022,0.0001,21.999999999999797,88.39999999999958,-1.1363636363636376,0,2.85,1.0,21.9999999999998,0.1892826592995831,13.0,0.0,1.0,0.0,1.0,10.0,1.0,0.0,0.0,0.5272727272727548,1.0,0.0,0.0,14.2699,-0.25,0.0,-0.38570000000000004,-0.22890000000000002,0.0
2021-10-05T13:52:00,4587,EURGBP,vente,0.85201,0.85221,0.85049,7.6,incohérent,1d,prix déjà au-delà du stop,,,,,assets/tradingview/2021-10/2021-10-05_13h54_msg4587_lo8RLUF6.png,2021-10-05 13:52:00,2021,2021-2022,0.0001,1.9999999999997797,20.09999999999956,,0,7.6,,,,,,,,,,,,,,,,,-11.5379,0.1,-0.0,,,-0.0
2021-10-08T15:26:00,4608,XAUUSD,achat,1757.615,1754.187,1780.697,6.73,annoncé,1d,stop,-1.0,0.0,2021-10-08T15:26:00,2021-10-11T00:00:00,assets/tradingview/2021-10/2021-10-08_15h28_msg4608_n50sSV79.png,2021-10-08 15:26:00,2021,2021-2022,0.01,342.8000000000111,11.50000000000091,-1.0875145857642912,0,6.73,4.0,342.8000000000111,0.1409870639187266,15.0,0.0,1.0,0.0,4.0,10.0,0.0,0.0,0.0,0.6957409568261125,1.0,0.0,1.0,,,,,,
2021-10-15T16:44:00,4619,EURUSD,vente,1.16086,1.16111,1.15853,9.32,annoncé,1d,stop,-1.0,0.0,2021-10-15T00:00:00,2021-10-15T00:00:00,assets/tradingview/2021-10/2021-10-15_16h45_msg4619_qY5g1hdI.png,2021-10-15 16:44:00,2021,2021-2022,0.0001,2.500000000000835,108.59999999999869,-1.3199999999998933,0,9.32,4.0,2.500000000000835,0.0556295873841327,16.0,0.0,1.0,0.0,4.0,10.0,1.0,1.0,0.0,3.439999999999183,0.0,0.0,1.0,23.2007,0.125,-0.0,0.2183,0.1214,-1.0
2021-10-15T16:48:00,4622,EURUSD,vente,1.15963,1.16111,1.15853,0.74,annoncé,1d,stop,-1.0,0.0,2021-10-15T00:00:00,2021-10-15T00:00:00,assets/tradingview/2021-10/2021-10-15_16h48_msg4622_i0GSdF18.png,2021-10-15 16:48:00,2021,2021-2022,0.0001,14.800000000001479,96.29999999999805,-1.0540540540540486,0,0.74,4.0,14.80000000000148,0.329327157313989,16.0,0.0,1.0,0.0,4.0,10.0,1.0,1.0,0.0,0.2499999999999625,0.0,0.0,1.0,23.2007,0.125,-0.0,0.2183,0.1214,-1.0
2021-10-19T04:50:00,4630,XAUUSD,achat,1761.587,1761.116,1774.95,28.37,annoncé,1d,non déclenché (objectif atteint sans entrée),,,,2021-10-19T00:00:00,assets/tradingview/2021-10/2021-10-19_04h51_msg4630_4eaqzBIW.png,2021-10-19 04:50:00,2021,2021-2022,0.01,47.100000000000364,91.30000000000109,,0,28.37,,,,,,,,,,,,,,,,,,,,,,
2021-10-25T16:48:00,4654,XAUUSD,vente,1812.249,1814.275,1783.196,14.34,annoncé,1d,non déclenché (objectif atteint sans entrée),,,,2021-10-26T00:00:00,assets/tradingview/2021-10/2021-10-25_16h48_msg4654_iJ3o4iFX.png,2021-10-25 16:48:00,2021,2021-2022,0.01,202.60000000000673,25.099999999997635,,0,14.34,,,,,,,,,,,,,,,,,,,,,,
2021-11-04T15:00:00,4714,GBPUSD,achat,1.37637,1.37559,1.38298,8.47,incohérent,1d,prix déjà au-delà du stop,,,,,assets/tradingview/2021-11/2021-11-04_15h01_msg4714_EMZjPoUS.png,2021-11-04 15:00:00,2021,2021-2022,0.0001,7.800000000000029,13.700000000000934,,0,8.47,,,,,,,,,,,,,,,,,-6.715,-0.024999999999999994,0.0,,,0.0
2021-11-08T14:33:00,4734,EURJPY,achat,131.659,131.547,132.398,6.6,incohérent,1d,prix déjà au-delà du stop,,,,,assets/tradingview/2021-11/2021-11-08_14h33_msg4734_kpJjM4Bx.png,2021-11-08 14:33:00,2021,2021-2022,0.01,11.199999999999477,84.10000000000082,,0,6.6,,,,,,,,,,,,,,,,,2.1845999999999997,0.1,0.0,0.21099999999999997,0.1513,0.0
2021-11-08T14:34:00,4737,EURJPY,vente,131.327,131.547,130.991,1.53,annoncé,1d,objectif,1.53,1.53,2021-11-08T00:00:00,2021-11-08T00:00:00,assets/tradingview/2021-11/2021-11-08_14h34_msg4737_fPlKE2sz.png,2021-11-08 14:34:00,2021,2021-2022,0.01,21.999999999999886,117.30000000000018,1.4618181818181815,1,1.53,0.0,21.999999999999886,0.2631586989313326,14.0,0.0,1.0,0.0,0.0,11.0,1.0,0.0,0.0,0.7863636363636487,0.0,1.0,0.0,-2.1845999999999997,-0.1,-0.0,-0.21099999999999997,-0.1513,-0.0
2021-11-11T03:41:00,4782,GBPUSD,vente,1.36003,1.36084,1.34044,24.19,annoncé,1d,non déclenché (objectif atteint sans entrée),,,,2021-11-11T00:00:00,assets/tradingview/2021-11/2021-11-11_03h42_msg4782_GVukfakl.png,2021-11-11 03:41:00,2021,2021-2022,0.0001,8.099999999999774,100.29999999999983,,0,24.19,,,,,,,,,,,,,,,,,17.5327,0.024999999999999994,-0.0,,,-0.0
2021-11-11T17:14:00,4795,USDCAD,achat,1.23899,1.23722,1.25921,11.42,annoncé,1d,non déclenché (objectif atteint sans entrée),,,,2021-11-12T00:00:00,assets/tradingview/2021-11/2021-11-11_17h15_msg4795_hMOurz17.png,2021-11-11 17:14:00,2021,2021-2022,0.0001,17.700000000000493,110.09999999999964,,0,11.42,,,,,,,,,,,,,,,,,18.411199999999997,-0.125,0.0,0.2841,0.0191,0.0
2021-11-11T17:19:00,4799,NZDUSD,vente,0.71739,0.71829,0.70736,11.14,après coup,1d,objectif,11.14,11.14,2021-11-09T00:00:00,2021-11-11T00:00:00,assets/tradingview/2021-11/2021-11-11_17h19_msg4799_64wwjkkM.png,2021-11-11 17:19:00,2021,2021-2022,0.0001,9.000000000000119,76.10000000000116,10.973333333333336,1,11.14,1.0,,,,,,,,,,,,,,,,9.773599999999998,-0.375,-0.25,-0.07019999999999998,0.1106,-0.0
2021-11-11T23:27:00,4803,USDJPY,vente,114.2,114.305,114.071,1.23,après coup,1d,objectif déjà dépassé à la publication,,,,,assets/tradingview/2021-11/2021-11-11_23h27_msg4803_hhpixQLN.png,2021-11-11 23:27:00,2021,2021-2022,0.01,10.500000000000398,79.99999999999972,,0,1.23,,,,,,,,,,,,,,,,,-20.503899999999998,-0.225,-0.0,-0.44599999999999995,-0.168,-0.0
2021-11-12T20:03:00,4817,AUDJPY,achat,83.05,82.947,84.186,11.03,annoncé,1d,stop,-1.0,0.0,2021-11-18T00:00:00,2021-11-18T00:00:00,assets/tradingview/2021-11/2021-11-12_20h03_msg4817_6g6g65vs.png,2021-11-12 20:03:00,2021,2021-2022,0.01,10.299999999999443,54.999999999999716,-1.1747572815534075,0,11.03,3.0,10.299999999999445,0.1460446110039985,20.0,0.0,0.0,0.0,4.0,11.0,0.0,1.0,0.0,0.4854368932038821,1.0,1.0,0.0,-3.9955999999999996,0.2,0.0,0.01649999999999996,0.04630000000000001,0.0
2021-11-16T17:44:00,4847,GBPUSD,achat,1.34107,1.34038,1.34756,9.41,annoncé,1d,stop,-1.0,0.0,2021-11-16T17:44:00,2021-11-17T00:00:00,assets/tradingview/2021-11/2021-11-16_17h45_msg4847_jEOFvJo1.png,2021-11-16 17:44:00,2021,2021-2022,0.0001,6.900000000000794,89.30000000000103,-1.1739130434782408,0,9.41,1.0,6.900000000000794,0.0784233952973511,17.0,0.0,0.0,0.0,1.0,11.0,0.0,1.0,0.0,1.5507246376808423,1.0,0.0,1.0,-24.629,-0.024999999999999994,0.0,,,0.0
2021-11-17T12:24:00,4865,NZDJPY,vente,80.595,80.647,79.814,15.02,annoncé,1d,objectif,15.02,15.02,2021-11-17T00:00:00,2021-11-18T00:00:00,assets/tradingview/2021-11/2021-11-17_12h24_msg4865_bkI8A5G9.png,2021-11-17 12:24:00,2021,2021-2022,0.01,5.200000000000671,59.499999999999886,14.635384615384664,1,15.02,2.0,5.200000000000671,0.0800944274096107,12.0,0.0,1.0,0.0,2.0,11.0,1.0,0.0,0.0,1.8269230769228195,0.0,1.0,0.0,-14.6332,-0.6,-0.25,-0.5833999999999999,-0.16640000000000002,-1.0
2021-11-18T07:16:00,4889,XAUUSD,vente,1874.615,1878.616,1846.758,6.96,annoncé,1d,non déclenché (objectif atteint sans entrée),,,,2021-11-19T00:00:00,assets/tradingview/2021-11/2021-11-18_07h16_msg4889_ktIilhkK.png,2021-11-18 07:16:00,2021,2021-2022,0.01,400.09999999999764,38.49999999999909,,0,6.96,,,,,,,,,,,,,,,,,,,,,,
2021-11-19T08:36:00,4903,GBPUSD,vente,1.35062,1.35297,1.34568,2.1,annoncé,1d,objectif,2.1,2.1,2021-11-19T00:00:00,2021-11-19T00:00:00,assets/tradingview/2021-11/2021-11-19_14h14_msg4903_agVY1Le5.png,2021-11-19 08:36:00,2021,2021-2022,0.0001,23.500000000000743,6.199999999998429,2.0489361702127677,1,2.1,4.0,23.500000000000743,0.2871203027825198,8.0,1.0,0.0,0.0,4.0,11.0,1.0,0.0,0.0,0.2638297872339674,0.0,0.0,1.0,23.3294,0.024999999999999994,-0.0,,,-2.0
2021-11-19T10:38:00,4905,USDJPY,achat,114.112,114.041,114.694,8.2,annoncé,1d,stop,-1.0,0.0,2021-11-19T00:00:00,2021-11-19T00:00:00,assets/tradingview/2021-11/2021-11-19_14h14_msg4905_XljPxIOM.png,2021-11-19 10:38:00,2021,2021-2022,0.01,7.099999999999795,88.80000000000052,-1.1408450704225392,0,8.2,4.0,7.099999999999795,0.1255214031436784,10.0,1.0,0.0,0.0,4.0,11.0,1.0,1.0,0.0,1.5774647887323665,1.0,1.0,1.0,36.9102,0.225,0.0,0.4869,0.2027,-1.0
2021-11-19T18:24:00,4911,EURNZD,achat,1.60884,1.60601,1.63353,8.72,annoncé,1d,objectif,8.72,8.72,2021-11-19T00:00:00,2021-11-25T00:00:00,assets/tradingview/2021-11/2021-11-19_18h25_msg4911_JaG7P9fP.png,2021-11-19 18:24:00,2021,2021-2022,0.0001,28.300000000001102,88.39999999999958,8.613992932862196,1,8.72,4.0,28.300000000001106,0.2653368149042399,18.0,0.0,0.0,0.0,4.0,11.0,0.0,0.0,0.0,0.4098939929328639,1.0,0.0,0.0,4.8504000000000005,-0.5,-0.25,-0.3392,0.0098,0.0
2021-11-22T17:28:00,4936,EURNZD,achat,1.60708,1.60608,1.62325,16.17,annoncé,1d,objectif,16.17,16.17,2021-11-22T00:00:00,2021-11-23T00:00:00,assets/tradingview/2021-11/2021-11-22_17h29_msg4936_zjPMa6BV.png,2021-11-22 17:28:00,2021,2021-2022,0.0001,10.000000000001119,70.79999999999976,15.870000000000035,1,16.17,0.0,10.00000000000112,0.0927031420576415,17.0,0.0,0.0,0.0,0.0,11.0,0.0,0.0,0.0,2.079999999999849,1.0,0.0,0.0,4.8504000000000005,-0.5,-0.25,-0.37560000000000004,-0.1371,2.0
2021-11-23T17:23:00,4950,EURAUD,vente,1.56411,1.5655,1.54426,14.28,annoncé,1d,stop,-1.0,0.0,2021-11-26T00:00:00,2021-11-26T00:00:00,assets/tradingview/2021-11/2021-11-23_17h26_msg4950_HFUgJwiz.png,2021-11-23 17:23:00,2021,2021-2022,0.0001,13.900000000000023,108.90000000000288,-1.1438848920863307,0,14.28,4.0,13.900000000000023,0.1553070531084766,17.0,0.0,0.0,0.0,1.0,11.0,0.0,1.0,0.0,0.6402877697842129,0.0,0.0,0.0,-18.2987,0.1,-0.0,-0.0386,0.15710000000000002,-1.0
2021-11-24T17:07:00,4958,AUDUSD,achat,0.71822,0.71695,0.73716,14.91,annoncé,1d,stop,-1.0,2.26,2021-11-25T00:00:00,2021-11-26T00:00:00,assets/tradingview/2021-11/2021-11-24_17h07_msg4958_AheNEyd6.png,2021-11-24 17:07:00,2021,2021-2022,0.0001,12.699999999999934,67.80000000000119,-1.0787401574803153,0,14.91,3.0,12.699999999999934,0.2440547938821614,17.0,0.0,0.0,0.0,2.0,11.0,0.0,0.0,0.0,1.401574803149617,1.0,0.0,1.0,-38.356899999999996,-0.024999999999999994,0.0,-0.2881,0.13140000000000002,1.0
2021-11-29T18:53:00,4992,EURJPY,achat,127.606,127.479,129.542,15.24,annoncé,1d,objectif,15.24,15.24,2021-11-29T00:00:00,2021-12-16T00:00:00,assets/tradingview/2021-11/2021-11-29_18h53_msg4992_XQh7CNy8.png,2021-11-29 18:53:00,2021,2021-2022,0.01,12.699999999999534,10.599999999999454,15.121889763779523,1,15.24,0.0,12.699999999999534,0.1742628127044593,18.0,0.0,0.0,0.0,0.0,11.0,0.0,1.0,0.0,0.8346456692913262,1.0,1.0,0.0,10.5474,0.1,0.0,0.17020000000000002,0.0162,2.0
2021-12-02T15:21:00,5067,AUDUSD,achat,0.715,0.71073,0.71714,0.5,annoncé,1d,objectif,0.5,0.5,2021-12-08T00:00:00,2021-12-09T00:00:00,assets/tradingview/2021-12/2021-12-02_15h23_msg5067_MQ8wm0hW.png,2021-12-02 15:21:00,2021,2021-2022,0.0001,42.69999999999996,100.0000000000012,0.4765807962529274,1,0.5,2.0,42.69999999999996,0.8403677827083689,15.0,0.0,1.0,0.0,3.0,12.0,0.0,1.0,0.0,0.0,1.0,0.0,1.0,-38.8568,-0.024999999999999994,0.0,-0.2412,0.1514,0.0
2021-12-02T17:15:00,5076,GBPJPY,vente,151.5,152.54,150.687,0.78,après coup,1d,objectif,0.78,0.78,2021-11-30T00:00:00,2021-11-30T00:00:00,assets/tradingview/2021-12/2021-12-02_17h15_msg5076_6QPBQ6Td.png,2021-12-02 17:15:00,2021,2021-2022,0.01,103.9999999999992,100.0,0.7559615384615384,1,0.78,1.0,,,,,,,,,,,,,,,,-15.4419,-0.2,-0.0,,,-1.0
2021-12-02T17:29:00,5083,USDJPY,achat,112.779,112.629,114.041,8.41,annoncé,1d,objectif,8.41,8.41,2021-12-02T00:00:00,2021-12-16T00:00:00,assets/tradingview/2021-12/2021-12-02_17h29_msg5083_uReb73tC.png,2021-12-02 17:29:00,2021,2021-2022,0.01,14.999999999999147,27.899999999999636,8.34333333333333,1,8.41,3.0,14.999999999999147,0.1943368957490251,17.0,0.0,0.0,0.0,3.0,12.0,0.0,1.0,0.0,1.4733333333334413,1.0,1.0,1.0,45.2435,0.225,0.0,0.42469999999999997,0.0429,1.0
2021-12-02T17:56:00,5093,AUDUSD,achat,0.714,0.70809,0.71714,0.53,annoncé,1d,objectif,0.53,0.53,2021-12-08T00:00:00,2021-12-09T00:00:00,assets/tradingview/2021-12/2021-12-02_17h57_msg5093_AHCePIPQ.png,2021-12-02 17:56:00,2021,2021-2022,0.0001,59.0999999999997,110.00000000000121,0.5130795262267343,1,0.53,2.0,59.0999999999997,1.16313198965022,17.0,0.0,0.0,0.0,3.0,12.0,0.0,1.0,0.0,0.1692047377326575,1.0,0.0,1.0,-38.8568,-0.024999999999999994,0.0,-0.2412,0.1514,0.0
2021-12-16T23:35:00,5226,GBPJPY,vente,152.0,152.54,149.592,4.46,annoncé,1d,stop,-1.0,0.0,2021-12-16T00:00:00,2021-12-16T00:00:00,assets/tradingview/2021-12/2021-12-16_23h35_msg5226_A5Y4pPq2.png,2021-12-16 23:35:00,2021,2021-2022,0.01,53.999999999999204,50.0,-1.046296296296297,0,4.46,3.0,53.9999999999992,0.475711100741425,23.0,0.0,0.0,1.0,3.0,12.0,1.0,0.0,0.0,0.0,0.0,1.0,0.0,-23.032,-0.2,-0.0,,,-0.0
2021-12-21T01:25:00,5253,NZDUSD,achat,0.67011,0.67004,0.67111,14.29,après coup,1d,objectif déjà dépassé à la publication,,,,,assets/tradingview/2021-12/2021-12-21_01h25_msg5253_U2jnga5t.png,2021-12-21 01:25:00,2021,2021-2022,0.0001,0.700000000000145,48.90000000000061,,0,14.29,,,,,,,,,,,,,,,,,-26.511400000000002,0.625,0.5,0.013499999999999998,-0.11259999999999998,0.0
2021-12-22T17:08:00,5259,NZDUSD,achat,0.67117,0.67004,0.68187,9.47,annoncé,1d,non déclenché (objectif atteint sans entrée),,,,2021-12-23T00:00:00,assets/tradingview/2021-12/2021-12-22_17h09_msg5259_2hxEY5Uo.png,2021-12-22 17:08:00,2021,2021-2022,0.0001,11.300000000000754,38.3,,0,9.47,,,,,,,,,,,,,,,,,-23.1919,0.625,0.5,0.013499999999999998,-0.11259999999999998,0.0
2021-12-23T05:31:00,5263,EURNZD,achat,1.67,1.66472,1.68078,2.04,incohérent,1d,prix déjà au-delà du stop,,,,,assets/tradingview/2021-12/2021-12-23_05h31_msg5263_BVvhQpkC.png,2021-12-23 05:31:00,2021,2021-2022,0.0001,52.799999999999514,50.00000000000115,,0,2.04,,20.000000000000018,0.177372443504691,5.0,0.0,0.0,1.0,3.0,12.0,1.0,0.0,0.0,0.8749999999999584,1.0,0.0,0.0,-10.6485,-0.75,-0.5,-0.1305,0.24509999999999998,0.0
2021-12-23T05:31:00,5264,EURNZD,achat,1.65675,1.65475,1.68078,12.01,annoncé,1d,stop,-1.0,5.64,2021-12-23T00:00:00,2021-12-24T00:00:00,assets/tradingview/2021-12/2021-12-23_05h31_msg5264_gJn1Fodv.png,2021-12-23 05:31:00,2021,2021-2022,0.0001,20.000000000000018,67.49999999999811,-1.15,0,12.01,3.0,20.000000000000018,0.177372443504691,5.0,0.0,0.0,1.0,3.0,12.0,1.0,0.0,0.0,0.8749999999999584,1.0,0.0,0.0,-10.6485,-0.75,-0.5,-0.1305,0.24509999999999998,0.0
2021-12-29T02:34:00,5304,NZDUSD,achat,0.6794,0.67857,0.68472,6.41,annoncé,1d,objectif,6.41,6.41,2021-12-29T00:00:00,2021-12-30T00:00:00,assets/tradingview/2021-12/2021-12-29_04h06_msg5304_1a8FpLxo.png,2021-12-29 02:34:00,2021,2021-2022,0.0001,8.299999999999974,43.999999999999595,6.229277108433735,1,6.41,2.0,8.299999999999974,0.1744236763032254,2.0,0.0,0.0,1.0,2.0,12.0,1.0,1.0,0.0,0.7228915662651166,1.0,0.0,1.0,-20.1369,0.625,0.5,-0.0382,-0.18209999999999998,0.0
2021-12-29T02:33:00,5307,AUDUSD,achat,0.72132,0.72046,0.72614,5.6,annoncé,1d,non déclenché (objectif atteint sans entrée),,,,2021-12-29T00:00:00,assets/tradingview/2021-12/2021-12-29_04h07_msg5307_QjYj2rkE.png,2021-12-29 02:33:00,2021,2021-2022,0.0001,8.599999999999719,36.800000000001276,,0,5.6,,,,,,,,,,,,,,,,,-15.8288,-0.024999999999999994,0.0,-0.14989999999999998,0.09129999999999999,0.0
2021-12-29T18:21:00,5311,AUDUSD,achat,0.723,0.72048,0.7247,0.67,annoncé,1d,objectif,0.67,0.67,2021-12-29T18:21:00,2021-12-30T00:00:00,assets/tradingview/2021-12/2021-12-29_18h24_msg5311_D2E2Ad7A.png,2021-12-29 18:21:00,2021,2021-2022,0.0001,25.199999999999665,20.000000000001126,0.6303174603174598,1,0.67,2.0,25.199999999999665,0.487563534377372,18.0,0.0,0.0,0.0,2.0,12.0,1.0,1.0,0.0,0.7936507936508048,1.0,0.0,1.0,-15.8288,-0.024999999999999994,0.0,-0.14989999999999998,0.09129999999999999,0.0
2021-12-30T13:19:00,5325,USDCAD,achat,1.27764,1.2766,1.28833,10.28,annoncé,1d,stop,-1.0,3.4,2021-12-30T00:00:00,2021-12-31T00:00:00,assets/tradingview/2021-12/2021-12-30_13h19_msg5325_dVdvsM8r.png,2021-12-30 13:19:00,2021,2021-2022,0.0001,10.40000000000152,26.399999999999757,-1.1442307692307483,0,10.28,3.0,10.40000000000152,0.1595090229368155,13.0,0.0,1.0,0.0,3.0,12.0,1.0,1.0,0.0,2.269230769230359,1.0,0.0,1.0,4.709100000000001,-0.125,0.0,0.253,0.0514,0.0
2022-01-10T15:42:00,5391,USDCAD,achat,1.2625,1.26068,1.269,3.57,annoncé,1d,objectif,3.57,3.57,2022-01-10T00:00:00,2022-01-10T00:00:00,assets/tradingview/2022-01/2022-01-10_15h43_msg5391_cw0Wpez2.png,2022-01-10 15:42:00,2022,2021-2022,0.0001,18.199999999999328,124.99999999999955,3.487582417582414,1,3.57,0.0,18.199999999999328,0.2568295040805834,15.0,0.0,1.0,0.0,0.0,1.0,0.0,1.0,0.0,1.3736263736263952,1.0,0.0,1.0,1.7739000000000003,-0.125,0.0,0.2867,0.0897,0.0
2022-01-12T16:01:00,5413,GBPJPY,achat,157.4,157.165,157.71,1.32,annoncé,1d,stop,-1.0,0.0,2022-01-12T00:00:00,2022-01-12T00:00:00,assets/tradingview/2022-01/2022-01-12_16h01_msg5413_XqR02n2S.png,2022-01-12 16:01:00,2022,2021-2022,0.01,23.500000000001364,9.999999999999432,-1.106382978723398,0,1.32,2.0,23.500000000001364,0.2343688035001087,16.0,0.0,1.0,0.0,2.0,1.0,1.0,0.0,0.0,0.4255319148935681,1.0,1.0,0.0,11.5334,0.35,0.15,,,0.0
2022-01-12T22:20:00,5414,GBPJPY,vente,157.507,157.665,155.924,10.02,annoncé,1d,stop,-1.0,0.0,2022-01-12T00:00:00,2022-01-12T00:00:00,assets/tradingview/2022-01/2022-01-12_22h20_msg5414_rRXBmw4s.png,2022-01-12 22:20:00,2022,2021-2022,0.01,15.799999999998704,0.7000000000005002,-1.1582278481012789,0,10.02,2.0,15.799999999998704,0.1575756210766467,22.0,0.0,0.0,1.0,2.0,1.0,0.0,1.0,0.0,0.0443037974683897,0.0,1.0,0.0,-11.5334,-0.35,-0.15,,,-0.0
2022-01-12T23:55:00,5435,GBPJPY,vente,157.301,157.486,157.174,0.69,annoncé,1d,stop,-1.0,0.0,2022-01-12T00:00:00,2022-01-12T00:00:00,ChatExport_2026-10-01/photos/photo_1515@13-01-2022_19-42-06.jpg,2022-01-12 23:55:00,2022,2021-2022,0.01,18.500000000000227,19.900000000001228,-1.1351351351351335,0,0.69,2.0,18.500000000000227,0.1845031006277367,23.0,0.0,0.0,1.0,2.0,1.0,0.0,1.0,0.0,1.0756756756757289,0.0,1.0,0.0,-11.5334,-0.35,-0.15,,,-0.0
2022-01-20T07:16:00,5463,EURGBP,vente,0.83646,0.83795,0.83309,2.26,annoncé,1d,non déclenché (objectif atteint sans entrée),,,,2022-01-20T00:00:00,assets/tradingview/2022-01/2022-01-20_07h17_msg5463_AyBETkbM.png,2022-01-20 07:16:00,2022,2021-2022,0.0001,14.899999999999913,114.59999999999914,,0,2.26,,,,,,,,,,,,,,,,,7.0678,0.25,0.15,,,-0.0
2022-01-24T03:23:00,5486,EURGBP,vente,0.83745,0.83819,0.82506,16.74,annoncé,1d,stop,-1.0,0.0,2022-01-24T00:00:00,2022-01-24T00:00:00,assets/tradingview/2022-01/2022-01-24_03h23_msg5486_velnYyRv.png,2022-01-24 03:23:00,2022,2021-2022,0.0001,7.399999999999629,124.4999999999996,-1.1621621621621703,0,16.74,0.0,7.399999999999629,0.2386546703482927,3.0,0.0,0.0,1.0,0.0,1.0,1.0,1.0,0.0,3.3108108108110623,0.0,0.0,0.0,-3.4776999999999987,0.25,0.15,,,-1.0
2022-01-24T21:36:41,5492,EURUSD,achat,1.12948,1.12818,1.14417,11.3,annoncé,1d,stop,-1.0,3.55,2022-01-24T00:00:00,2022-01-25T00:00:00,assets/tradingview/2022-01/2022-01-24_21h36_msg5492_4TxFWmOg.png,2022-01-24 21:36:41,2022,2021-2022,0.0001,13.000000000000789,44.800000000000395,-1.0615384615384578,0,11.3,0.0,13.000000000000789,0.2218682787815691,21.0,0.0,0.0,1.0,0.0,1.0,0.0,0.0,0.0,0.4000000000000341,1.0,0.0,1.0,26.0537,-0.125,0.0,-0.2497,-0.1095,3.0
2022-01-30T01:36:43,5522,XAUUSD,achat,1829.993,1827.717,1850.729,9.11,incohérent,1d,prix déjà au-delà du stop,,,,,assets/tradingview/2022-01/2022-01-30_01h36_msg5522_DC8qifXa.png,2022-01-30 01:36:43,2022,2021-2022,0.01,227.599999999984,0.7000000000061846,,0,9.11,,,,,,,,,,,,,,,,,,,,,,
2022-02-02T06:12:00,5568,EURJPY,vente,129.45,129.55,129.361,0.89,après coup,1d,objectif,0.89,0.89,2022-02-01T00:00:00,2022-02-01T00:00:00,assets/tradingview/2022-02/2022-02-02_06h12_msg5568_HbXd44lN.png,2022-02-02 06:12:00,2022,2021-2022,0.01,10.000000000002274,55.00000000000114,0.7400000000000342,1,0.89,1.0,,,,,,,,,,,,,,,,-11.1113,-0.1,-0.0,-0.1391,-0.11159999999999999,-1.0
2022-02-08T04:38:00,5601,NZDUSD,vente,0.66483,0.66552,0.65918,8.19,annoncé,1d,stop,-1.0,2.78,2022-02-08T00:00:00,2022-02-09T00:00:00,assets/tradingview/2022-02/2022-02-08_04h39_msg5601_BksoTlEc.png,2022-02-08 04:38:00,2022,2021-2022,0.0001,6.899999999999684,101.70000000000012,-1.217391304347836,0,8.19,1.0,6.899999999999684,0.1304405163280062,4.0,0.0,0.0,1.0,1.0,2.0,1.0,0.0,0.0,0.2463768115942192,0.0,0.0,1.0,-3.9813,-0.625,-0.25,0.0631,-0.0754,1.0
2022-02-11T05:17:00,5607,NZDJPY,vente,77.913,78.033,77.059,7.12,annoncé,1d,non déclenché (objectif atteint sans entrée),,,,2022-02-11T00:00:00,assets/tradingview/2022-02/2022-02-11_05h18_msg5607_dvXy7JiA.png,2022-02-11 05:17:00,2022,2021-2022,0.01,12.000000000000455,41.29999999999967,,0,7.12,,,,,,,,,,,,,,,,,-4.2874,-0.85,-0.25,-0.184,-0.0927,-0.0
2022-02-18T18:41:17,5619,NZDUSD,vente,0.67255,0.67385,0.6573,11.73,annoncé,1d,stop,-1.0,3.14,2022-02-18T00:00:00,2022-02-22T00:00:00,ChatExport_2026-10-01/photos/photo_1566@18-02-2022_18-41-17.jpg,2022-02-18 18:41:17,2022,2021-2022,0.0001,12.999999999999678,24.500000000000632,-1.1153846153846183,0,11.73,4.0,12.999999999999678,0.2399016111012406,18.0,0.0,0.0,0.0,4.0,2.0,0.0,0.0,0.0,1.88461538461548,0.0,0.0,1.0,33.9051,-0.625,-0.25,0.08380000000000001,-0.025400000000000006,1.0
2022-03-02T15:50:00,5654,USDJPY,achat,114.697,114.596,115.734,10.27,annoncé,1d,non déclenché (objectif atteint sans entrée),,,,2022-03-03T00:00:00,assets/tradingview/2022-03/2022-03-02_15h50_msg5654_S2seabbl.png,2022-03-02 15:50:00,2022,2021-2022,0.01,10.099999999999909,30.299999999999727,,0,10.27,,,,,,,,,,,,,,,,,50.9949,0.225,0.0,0.3258,-0.0977,1.0
2022-03-02T15:51:00,5656,AUDUSD,vente,0.72705,0.7292,0.70869,8.54,annoncé,1d,stop,-1.0,1.23,2022-03-02T00:00:00,2022-03-03T00:00:00,assets/tradingview/2022-03/2022-03-02_15h51_msg5656_bj6u2cF7.png,2022-03-02 15:51:00,2022,2021-2022,0.0001,21.49999999999985,20.499999999998852,-1.046511627906977,0,8.54,2.0,21.49999999999985,0.3067060074375521,15.0,0.0,1.0,0.0,2.0,3.0,0.0,1.0,0.0,0.953488372093028,0.0,0.0,1.0,41.9249,0.024999999999999994,-0.0,0.297,-0.060000000000000005,1.0
2022-04-20T17:18:00,5726,GBPJPY,vente,167.624,167.78,166.043,10.13,incohérent,1d,prix déjà au-delà du stop,,,,,assets/tradingview/2022-04/2022-04-20_17h18_msg5726_SZYam86g.png,2022-04-20 17:18:00,2022,2021-2022,0.01,15.600000000000591,12.399999999999523,,0,10.13,,,,,,,,,,,,,,,,,-21.292399999999997,-0.85,-0.5,-0.4108,-0.2702,-0.0
2022-04-21T04:31:00,5734,USDCHF,vente,0.95118,0.95168,0.94563,11.1,annoncé,1d,stop,-1.0,0.0,2022-04-21T00:00:00,2022-04-21T00:00:00,assets/tradingview/2022-04/2022-04-21_07h11_msg5734_bdlsFKnP.png,2022-04-21 04:31:00,2022,2021-2022,0.0001,4.999999999999449,11.799999999999589,-1.3000000000000331,0,11.1,3.0,4.999999999999449,0.0936830520886241,4.0,0.0,0.0,1.0,3.0,4.0,0.0,1.0,0.0,2.360000000000177,0.0,0.0,1.0,-5.3801,-1.125,-0.25,0.01469999999999999,-0.0817,-0.0
2022-06-30T19:44:00,5902,EURUSD,achat,1.03873,1.03823,1.04672,15.98,annoncé,1d,objectif,15.98,15.98,2022-06-30T00:00:00,2022-06-30T00:00:00,assets/tradingview/2022-06/2022-06-30_19h55_msg5902_FUapu33J.png,2022-06-30 19:44:00,2022,2021-2022,0.0001,4.999999999999449,112.70000000000113,15.819999999999983,1,15.98,3.0,4.999999999999449,0.0533574579716381,19.0,0.0,0.0,0.0,3.0,6.0,0.0,1.0,0.0,2.5400000000004885,1.0,0.0,1.0,-21.1586,-1.625,-1.25,-0.012400000000000001,-0.192,0.0
2022-07-20T12:09:00,5996,GBPUSD,vente,1.2028,1.20425,1.19769,3.52,annoncé,1d,objectif,3.52,3.52,2022-07-20T00:00:00,2022-07-20T00:00:00,assets/tradingview/2022-07/2022-07-20_12h09_msg5996_EmcmhZiR.png,2022-07-20 12:09:00,2022,2021-2022,0.0001,14.499999999999513,28.000000000001357,3.437241379310342,1,3.52,2.0,14.499999999999512,0.1150837554251045,12.0,0.0,1.0,0.0,2.0,7.0,1.0,0.0,0.0,1.5172413793103818,0.0,0.0,1.0,16.3785,0.375,0.75,-0.06739999999999999,0.034699999999999995,-0.0
2022-07-20T19:55:00,6011,NZDUSD,achat,0.626,0.61009,0.6355,0.6,annoncé,1d,objectif,0.6,0.6,2022-07-20T19:55:00,2022-08-10T00:00:00,assets/tradingview/2022-07/2022-07-20_19h55_msg6011_PgVyyXoH.png,2022-07-20 19:55:00,2022,2021-2022,0.0001,159.0999999999998,10.000000000000009,0.5905719673161534,1,0.6,2.0,159.0999999999998,2.2667457793521746,19.0,0.0,0.0,0.0,2.0,7.0,0.0,1.0,0.0,0.0628535512256443,1.0,0.0,1.0,-22.382399999999997,0.875,-0.25,0.056299999999999996,-0.1122,0.0
2022-07-21T20:00:00,6042,NZDUSD,achat,0.628,0.62371,0.63243,1.03,incohérent,1d,prix déjà au-delà du stop,,,,,assets/tradingview/2022-07/2022-07-21_20h00_msg6042_cZ8m7sAE.png,2022-07-21 20:00:00,2022,2021-2022,0.0001,42.900000000000155,30.000000000000025,,0,1.03,,,,,,,,,,,,,,,,,-20.8535,0.875,-0.25,0.056299999999999996,-0.1122,0.0
2022-07-21T20:02:00,6043,NZDUSD,achat,0.6215,0.61844,0.62349,0.65,annoncé,1d,objectif,0.65,0.65,2022-07-21T00:00:00,2022-07-21T00:00:00,assets/tradingview/2022-07/2022-07-21_20h02_msg6043_KP4BS03u.png,2022-07-21 20:02:00,2022,2021-2022,0.0001,30.600000000000627,34.999999999999474,0.6009803921568637,1,0.65,3.0,30.600000000000627,0.4393890635923898,20.0,0.0,0.0,0.0,3.0,7.0,1.0,1.0,0.0,0.4901960784313811,1.0,0.0,1.0,-20.8535,0.875,-0.25,0.056299999999999996,-0.1122,0.0
2022-07-22T13:51:00,6063,NZDUSD,achat,0.6194,0.61844,0.63218,13.31,annoncé,1d,non déclenché (objectif atteint sans entrée),,,,2022-07-29T00:00:00,assets/tradingview/2022-07/2022-07-22_13h51_msg6063_5FwedK61.png,2022-07-22 13:51:00,2022,2021-2022,0.0001,9.599999999999609,56.00000000000049,,0,13.31,,,,,,,,,,,,,,,,,-18.3491,0.875,-0.25,0.056299999999999996,-0.1122,3.0
2022-07-26T13:56:00,6083,EURUSD,achat,1.00933,1.00733,1.0296,10.13,annoncé,1d,non déclenché,,,,,assets/tradingview/2022-07/2022-07-26_13h56_msg6083_i11svnkw.png,2022-07-26 13:56:00,2022,2021-2022,0.0001,20.000000000000018,93.3000000000006,,0,10.13,,,,,,,,,,,,,,,,,-25.5786,-1.625,-1.25,-0.0477,-0.0353,3.0
2022-07-27T19:06:00,6096,EURUSD,vente,1.0158,1.0173,0.99966,10.76,annoncé,1d,stop,-1.0,3.37,2022-07-27T00:00:00,2022-07-28T00:00:00,assets/tradingview/2022-07/2022-07-27_19h06_msg6096_YGDNQZK9.png,2022-07-27 19:06:00,2022,2021-2022,0.0001,15.000000000000568,92.00000000000097,-1.0533333333333312,0,10.76,2.0,15.000000000000568,0.1435335180998894,19.0,0.0,0.0,0.0,2.0,7.0,1.0,0.0,0.0,0.5333333333332544,0.0,0.0,1.0,21.826900000000002,1.625,1.25,0.0477,0.0353,-2.0
2022-08-02T12:37:00,6110,CHFJPY,vente,141.964,143.306,141.163,0.6,après coup,1d,objectif déjà dépassé à la publication,,,,,assets/tradingview/2022-08/2022-08-02_12h37_msg6110_VxYojCAZ.png,2022-08-02 12:37:00,2022,2021-2022,0.01,134.2000000000013,53.600000000000136,,0,0.6,,,,,,,,,,,,,,,,,0.5103,0.15,-0.5,-0.066,0.067,-0.0
2022-08-04T15:01:00,6121,EURAUD,achat,1.45671,1.4525,1.46738,2.53,annoncé,1d,objectif,2.53,2.53,2022-08-04T00:00:00,2022-08-04T00:00:00,assets/tradingview/2022-08/2022-08-04_15h04_msg6121_hyFpvidH.png,2022-08-04 15:01:00,2022,2021-2022,0.0001,42.10000000000047,67.09999999999772,2.4824940617577202,1,2.53,3.0,42.10000000000047,0.357104101451821,15.0,0.0,1.0,0.0,3.0,8.0,0.0,1.0,0.0,0.406175771971463,1.0,0.0,0.0,-24.0821,-1.35,-1.0,0.0293,-0.0676,3.0
2022-08-05T12:54:00,6134,GBPJPY,vente,161.5,162.111,159.4,3.44,annoncé,1d,stop,-1.0,0.0,2022-08-05T00:00:00,2022-08-05T00:00:00,assets/tradingview/2022-08/2022-08-05_12h55_msg6134_bYbZdqOs.png,2022-08-05 12:54:00,2022,2021-2022,0.01,61.099999999999,100.0,-1.040916530278233,0,3.44,4.0,61.099999999999,0.3549160969766591,12.0,0.0,1.0,0.0,4.0,8.0,1.0,1.0,0.0,0.0,0.0,1.0,0.0,-13.3166,-1.85,-0.75,-0.2051,0.0749,-0.0
2022-08-08T18:15:00,6150,EURAUD,achat,1.45418,1.4526,1.47445,12.83,annoncé,1d,stop,-1.0,0.0,2022-08-11T00:00:00,2022-08-11T00:00:00,assets/tradingview/2022-08/2022-08-08_18h16_msg6150_HoVRL2K5.png,2022-08-08 18:15:00,2022,2021-2022,0.0001,15.800000000001369,41.799999999998505,-1.1265822784810018,0,12.83,3.0,15.800000000001369,0.1299037035253236,18.0,0.0,0.0,0.0,0.0,8.0,0.0,1.0,0.0,0.5189873417721341,1.0,0.0,0.0,-23.7472,-1.35,-1.0,0.0612,-0.0358,2.0
2022-08-10T13:12:00,6160,USDJPY,vente,134.973,135.245,133.237,6.38,annoncé,1d,stop,-1.0,0.0,2022-08-10T00:00:00,2022-08-10T00:00:00,assets/tradingview/2022-08/2022-08-10_13h13_msg6160_IG4SMpVG.png,2022-08-10 13:12:00,2022,2021-2022,0.01,27.199999999999136,2.6999999999986812,-1.0367647058823541,0,6.38,2.0,27.199999999999136,0.1771575187265329,13.0,0.0,1.0,0.0,2.0,8.0,1.0,1.0,0.0,0.0992647058823076,0.0,1.0,1.0,-22.0375,-2.475,-1.5,-0.133,0.057199999999999994,-1.0
2022-08-12T14:56:00,6167,EURJPY,vente,137.423,137.726,136.651,2.55,annoncé,1d,objectif,2.55,2.55,2022-08-12T00:00:00,2022-08-15T00:00:00,assets/tradingview/2022-08/2022-08-12_14h57_msg6167_W29j0D2c.png,2022-08-12 14:56:00,2022,2021-2022,0.01,30.299999999999727,7.699999999999818,2.50049504950495,1,2.55,4.0,30.299999999999727,0.2145898393839636,14.0,0.0,1.0,0.0,4.0,8.0,1.0,1.0,0.0,0.2541254125412504,0.0,1.0,0.0,19.1941,-0.6,-0.5,-0.051,0.0818,-0.0
2022-08-17T06:55:00,6177,NZDCAD,vente,0.8231,0.8244,0.81489,6.32,après coup,1d,objectif,6.32,6.32,2022-08-15T00:00:00,2022-08-16T00:00:00,assets/tradingview/2022-08/2022-08-17_06h55_msg6177_cX8MFund.png,2022-08-17 06:55:00,2022,2021-2022,0.0001,12.999999999999678,19.000000000000128,6.127692307692303,1,6.32,0.0,,,,,,,,,,,,,,,,1.8912,-0.0,0.5,-0.0445,0.07629999999999999,-0.0
2022-08-24T15:30:44,6203,NZDUSD,achat,0.62187,0.61763,0.62495,0.73,annoncé,1d,stop,-1.0,0.0,2022-08-24T00:00:00,2022-08-24T00:00:00,ChatExport_2026-10-01/photos/photo_1662@24-08-2022_15-30-44.jpg,2022-08-24 15:30:44,2022,2021-2022,0.0001,42.40000000000021,31.29999999999966,-1.035377358490566,0,0.73,2.0,42.40000000000021,0.555670859795566,15.0,0.0,1.0,0.0,2.0,8.0,0.0,0.0,0.0,0.4410377358490634,1.0,0.0,1.0,10.468699999999998,0.625,0.0,0.025,-0.045899999999999996,0.0
2022-08-24T15:31:12,6205,NZDUSD,vente,0.61706,0.62358,0.6106,0.99,annoncé,1d,stop,-1.0,0.0,2022-08-24T00:00:00,2022-08-24T00:00:00,ChatExport_2026-10-01/photos/photo_1663@24-08-2022_15-31-12.jpg,2022-08-24 15:31:12,2022,2021-2022,0.0001,65.1999999999997,79.39999999999947,-1.0230061349693254,0,0.99,2.0,65.1999999999997,0.8544750013837393,15.0,0.0,1.0,0.0,2.0,8.0,1.0,1.0,0.0,0.3159509202454097,0.0,0.0,1.0,-10.468699999999998,-0.625,-0.0,-0.025,0.045899999999999996,-0.0
2022-08-26T14:03:00,6220,NZDUSD,vente,0.62267,0.62368,0.61608,6.52,annoncé,1d,objectif,6.52,6.52,2022-08-26T00:00:00,2022-08-26T00:00:00,assets/tradingview/2022-08/2022-08-26_14h30_msg6220_sU3ImUac.png,2022-08-26 14:03:00,2022,2021-2022,0.0001,10.100000000000664,23.30000000000054,6.371485148514861,1,6.52,4.0,10.100000000000664,0.1317981598579601,14.0,0.0,1.0,0.0,4.0,8.0,1.0,1.0,0.0,2.306930693069209,0.0,0.0,1.0,-2.5365,-0.625,0.5,-0.025,0.045899999999999996,2.0
2022-09-08T13:14:00,6291,EURUSD,vente,1.00086,1.004,0.987,4.41,annoncé,1d,stop,-1.0,2.39,2022-09-08T00:00:00,2022-09-09T00:00:00,assets/tradingview/2022-09/2022-09-08_13h15_msg6291_tLEE1ifu.png,2022-09-08 13:14:00,2022,2021-2022,0.0001,31.399999999999206,8.60000000000083,-1.02547770700637,0,4.41,3.0,31.399999999999206,0.3197330965268817,13.0,0.0,1.0,0.0,3.0,9.0,1.0,1.0,0.0,0.2738853503185047,0.0,0.0,1.0,-34.2801,1.875,1.0,0.1408,0.058800000000000005,4.0
2022-09-20T19:02:00,6349,EURUSD,vente,0.995,0.99634,0.99256,1.82,incohérent,1d,prix déjà au-delà du stop,,,,,assets/tradingview/2022-09/2022-09-20_20h12_msg6349_TkREoO9Q.png,2022-09-20 19:02:00,2022,2021-2022,0.0001,13.400000000000079,50.00000000000004,,0,1.82,,,,,,,,,,,,,,,,,9.812899999999999,1.125,-0.5,0.1392,0.0656,3.0
2022-09-22T14:02:00,6378,EURUSD,vente,0.99999,1.00977,0.98752,1.28,après coup,1d,objectif,1.28,1.28,2022-09-20T00:00:00,2022-09-21T00:00:00,assets/tradingview/2022-09/2022-09-22_14h02_msg6378_FeY9R5Ek.png,2022-09-22 14:02:00,2022,2021-2022,0.0001,97.80000000000011,0.0999999999995449,1.2718200408997955,1,1.28,1.0,,,,,,,,,,,,,,,,8.4344,1.125,-0.5,0.1392,0.0656,2.0
2022-09-22T14:11:00,6381,USDJPY,achat,140.74,140.134,141.887,1.89,après coup,1d,objectif déjà dépassé à la publication,,,,,assets/tradingview/2022-09/2022-09-22_14h11_msg6381_6sn0ophX.png,2022-09-22 14:11:00,2022,2021-2022,0.01,60.6000000000023,74.00000000000091,,0,1.89,,,,,,,,,,,,,,,,,21.5513,2.475,0.75,0.25239999999999996,0.17220000000000002,1.0
2022-09-23T10:42:00,6398,GBPCAD,achat,1.494,1.49,1.49617,0.54,après coup,1d,objectif déjà dépassé à la publication,,,,,assets/tradingview/2022-09/2022-09-23_10h43_msg6398_O4NsjASK.png,2022-09-23 10:42:00,2022,2021-2022,0.0001,40.000000000000036,60.00000000000005,,0,0.54,,,,,,,,,,,,,,,,,9.8222,-1.0,-0.75,0.0339,-0.0885,0.0
2022-09-26T18:44:00,6416,AUDJPY,vente,93.623,93.824,93.245,1.88,annoncé,1d,stop,-1.0,0.0,2022-09-26T00:00:00,2022-09-26T00:00:00,assets/tradingview/2022-09/2022-09-26_18h45_msg6416_KDBL8bP9.png,2022-09-26 18:44:00,2022,2021-2022,0.01,20.09999999999934,112.30000000000047,-1.089552238805973,0,1.88,0.0,20.09999999999934,0.1928584654528381,18.0,0.0,0.0,0.0,0.0,9.0,1.0,0.0,0.0,0.611940298507506,0.0,1.0,0.0,8.0494,-2.45,-1.5,-0.0447,-0.0822,-0.0
2022-09-29T12:53:00,6447,NZDUSD,vente,0.5674,0.57185,0.56477,0.59,incohérent,1d,prix déjà au-delà du stop,,,,,ChatExport_2026-10-01/photos/photo_1715@29-09-2022_13-36-14.jpg,2022-09-29 12:53:00,2022,2021-2022,0.0001,44.49999999999954,76.00000000000051,,0,0.59,,,,,,,,,,,,,,,,,25.9863,0.125,0.5,-0.0695,-0.24710000000000001,-0.0
2022-10-04T13:25:00,6485,AUDUSD,vente,0.64981,0.65144,0.63871,6.81,annoncé,1d,stop,-1.0,0.0,2022-10-04T13:25:00,2022-10-05T00:00:00,assets/tradingview/2022-10/2022-10-04_13h25_msg6485_VZSOqhuD.png,2022-10-04 13:25:00,2022,2021-2022,0.0001,16.300000000000203,1.9000000000002348,-1.061349693251533,0,6.81,1.0,16.300000000000203,0.2033872020399515,13.0,0.0,1.0,0.0,1.0,10.0,1.0,0.0,0.0,0.116564417177927,0.0,0.0,1.0,23.5555,0.7749999999999999,-0.0,-0.1308,-0.30760000000000004,1.0
2022-10-05T10:21:00,6516,EURUSD,vente,0.99916,1.00009,0.99136,8.39,annoncé,1d,objectif,8.39,8.39,2022-10-05T00:00:00,2022-10-05T00:00:00,assets/tradingview/2022-10/2022-10-05_12h27_msg6516_bg39uU8Y.png,2022-10-05 10:21:00,2022,2021-2022,0.0001,9.299999999998754,8.399999999999519,8.303978494623644,1,8.39,2.0,9.299999999998754,0.0856959965602127,10.0,1.0,0.0,0.0,2.0,10.0,1.0,1.0,0.0,0.9032258064516824,0.0,0.0,1.0,21.7058,1.875,0.25,-0.1575,-0.2983,1.0
2022-10-05T12:57:00,6526,GBPJPY,achat,165.024,164.846,165.578,3.11,incohérent,1d,prix déjà au-delà du stop,,,,,assets/tradingview/2022-10/2022-10-05_12h57_msg6526_IigTzPNa.png,2022-10-05 12:57:00,2022,2021-2022,0.01,17.799999999999727,2.400000000000091,,0,3.11,,,,,,,,,,,,,,,,,-8.7312,2.35,1.0,0.1678,-0.0442,-1.0
2022-10-12T01:35:00,6564,EURUSD,vente,0.97119,0.97146,0.96906,7.89,annoncé,1d,stop,-1.0,0.0,2022-10-12T00:00:00,2022-10-12T00:00:00,assets/tradingview/2022-10/2022-10-12_01h38_msg6564_z1KI5jga.png,2022-10-12 01:35:00,2022,2021-2022,0.0001,2.6999999999999247,38.10000000000091,-1.2962962962963047,0,7.89,2.0,2.6999999999999247,0.0229971807311834,1.0,0.0,0.0,1.0,2.0,10.0,1.0,1.0,0.0,4.407407407407621,0.0,0.0,1.0,22.309199999999997,1.875,0.25,-0.14290000000000003,-0.2615,2.0
2022-10-11T16:25:00,6568,NZDCAD,achat,0.77249,0.77136,0.77634,3.41,incohérent,1d,prix déjà au-delà du stop,,,,,assets/tradingview/2022-10/2022-10-12_01h39_msg6568_iXzuQnRq.png,2022-10-11 16:25:00,2022,2021-2022,0.0001,11.299999999999644,25.100000000000122,,0,3.41,,,,,,,,,,,,,,,,,7.2557,0.25,-0.25,-0.025400000000000006,-0.005099999999999993,0.0
2022-10-12T16:06:00,6587,NZDJPY,vente,82.497,82.76,82.319,0.68,après coup,1d,objectif déjà dépassé à la publication,,,,,assets/tradingview/2022-10/2022-10-12_16h07_msg6587_R65jhNRN.png,2022-10-12 16:06:00,2022,2021-2022,0.01,26.300000000000523,0.30000000000001137,,0,0.68,,,,,,,,,,,,,,,,,5.6146,-3.6,-1.5,0.0587,0.11889999999999999,-0.0
2022-10-13T14:42:51,6611,NZDJPY,vente,82.945,83.095,82.14,5.37,annoncé,1d,non déclenché (objectif atteint sans entrée),,,,2022-10-13T00:00:00,ChatExport_2026-10-01/photos/photo_1741@13-10-2022_14-42-51.jpg,2022-10-13 14:42:51,2022,2021-2022,0.01,15.000000000000568,44.49999999999932,,0,5.37,,,,,,,,,,,,,,,,,5.6146,-3.6,-1.0,0.0587,0.11889999999999999,-0.0
2022-10-13T14:43:24,6612,NZDUSD,vente,0.57019,0.57315,0.56584,1.47,après coup,1d,objectif déjà dépassé à la publication,,,,,ChatExport_2026-10-01/photos/photo_1742@13-10-2022_14-43-24.jpg,2022-10-13 14:43:24,2022,2021-2022,0.0001,29.600000000000737,48.10000000000092,,0,1.47,,,,,,,,,,,,,,,,,12.2745,-0.375,0.5,-0.011200000000000015,-0.1235,2.0
2022-10-14T13:41:00,6625,AUDUSD,achat,0.62506,0.62255,0.63525,4.06,annoncé,1d,stop,-1.0,0.0,2022-10-14T00:00:00,2022-10-14T00:00:00,assets/tradingview/2022-10/2022-10-14_13h42_msg6625_vZYIPb26.png,2022-10-14 13:41:00,2022,2021-2022,0.0001,25.09999999999901,0.5999999999994898,-1.0398406374502007,0,4.06,4.0,25.09999999999901,0.1518952584055496,13.0,0.0,1.0,0.0,4.0,10.0,0.0,1.0,0.0,0.0239043824701001,1.0,0.0,1.0,-8.6336,-0.5249999999999999,-0.25,0.06360000000000002,0.2259,-4.0
2022-10-14T14:01:00,6628,AUDUSD,achat,0.62506,0.62457,0.63525,20.8,annoncé,1d,stop,-1.0,0.0,2022-10-14T00:00:00,2022-10-14T00:00:00,assets/tradingview/2022-10/2022-10-14_14h01_msg6628_mG2Gtm1D.png,2022-10-14 14:01:00,2022,2021-2022,0.0001,4.899999999999904,0.5999999999994898,-1.2040816326530652,0,20.8,4.0,4.899999999999904,0.0296528592106457,14.0,0.0,1.0,0.0,4.0,10.0,0.0,1.0,0.0,0.122448979591735,1.0,0.0,1.0,-8.6336,-0.5249999999999999,-0.25,0.06360000000000002,0.2259,-4.0
2022-10-25T01:34:00,6725,XAUUSD,vente,1654.465,1655.749,1644.79,7.54,annoncé,1d,stop,-1.0,0.0,2022-10-25T01:34:00,2022-10-26T00:00:00,assets/tradingview/2022-10/2022-10-26_15h26_msg6725_gInPb0ww.png,2022-10-25 01:34:00,2022,2021-2022,0.01,128.40000000001055,53.500000000008185,-1.233644859813065,0,7.54,1.0,128.40000000001055,0.0470698955354732,1.0,0.0,0.0,1.0,1.0,10.0,1.0,1.0,0.0,3.477414330217719,0.0,0.0,1.0,,,,,,
2022-10-26T14:58:00,6739,AUDCAD,achat,0.87786,0.87702,0.88335,6.54,incohérent,1d,prix déjà au-delà du stop,,,,,assets/tradingview/2022-10/2022-10-26_15h26_msg6739_iKMgy9xi.png,2022-10-26 14:58:00,2022,2021-2022,0.0001,8.399999999999519,28.599999999999735,,0,6.54,,,,,,,,,,,,,,,,,-3.6389000000000005,-0.6499999999999999,0.5,0.032600000000000004,0.094,0.0
2022-10-27T03:17:00,6786,AUDUSD,vente,0.65002,0.65012,0.64831,17.1,annoncé,1d,stop,-1.0,0.0,2022-10-27T00:00:00,2022-10-27T00:00:00,assets/tradingview/2022-10/2022-10-27_10h33_msg6786_wg7q6l0p.png,2022-10-27 03:17:00,2022,2021-2022,0.0001,0.9999999999998899,0.20000000000020002,-2.00000000000011,0,17.1,3.0,0.99999999999989,0.0058886108725218,3.0,0.0,0.0,1.0,3.0,10.0,0.0,0.0,0.0,0.200000000000222,0.0,0.0,1.0,-8.9756,0.5249999999999999,-0.5,-0.11370000000000001,0.056400000000000006,-0.0
2022-10-27T09:09:00,6788,EURUSD,vente,1.00778,1.00849,1.00249,7.45,incohérent,1d,prix déjà au-delà du stop,,,,,ChatExport_2026-10-01/photos/photo_1784@27-10-2022_10-33-12.jpg,2022-10-27 09:09:00,2022,2021-2022,0.0001,7.100000000002105,77.79999999999897,,0,7.45,,,,,,,,,,,,,,,,,-7.459300000000001,1.875,-0.0,-0.1942,-0.013399999999999999,-0.0
2022-11-01T14:11:00,6851,XAUUSD,vente,1654.0,1657.35,1644.5,2.84,après coup,1d,objectif déjà dépassé à la publication,,,,,assets/tradingview/2022-11/2022-11-01_16h48_msg6851_Lqg0L6dF.png,2022-11-01 14:11:00,2022,2021-2022,0.01,334.9999999999909,100.0,,0,2.84,,,,,,,,,,,,,,,,,,,,,,
2022-11-11T16:30:44,6860,AUDUSD,vente,0.64934,0.65093,0.6424,4.36,incohérent,1d,prix déjà au-delà du stop,,,,,ChatExport_2026-10-01/photos/photo_1801@11-11-2022_16-30-44.jpg,2022-11-11 16:30:44,2022,2021-2022,0.0001,15.899999999999803,6.599999999999939,,0,4.36,,,,,,,,,,,,,,,,,-18.677,1.025,0.5,0.055800000000000016,0.1194,-0.0
2022-11-09T23:34:00,6880,XAUUSD,achat,1704.853,1704.363,1706.192,2.73,après coup,1d,stop,-1.0,0.0,2022-11-08T00:00:00,2022-11-08T00:00:00,assets/tradingview/2022-11/2022-11-11_16h30_msg6880_oSCpR920.png,2022-11-09 23:34:00,2022,2021-2022,0.01,49.00000000000091,14.699999999993452,-1.6122448979591724,0,2.73,1.0,,,,,,,,,,,,,,,,,,,,,
2022-11-11T16:30:45,6883,EURUSD,achat,1.00121,0.99922,1.00966,4.25,après coup,1d,stop,-1.0,0.0,2022-11-10T00:00:00,2022-11-10T00:00:00,ChatExport_2026-10-01/photos/photo_1817@11-11-2022_16-30-45.jpg,2022-11-11 16:30:45,2022,2021-2022,0.0001,19.899999999999363,12.099999999999334,-1.040201005025127,0,4.25,3.0,,,,,,,,,,,,,,,,32.702,-1.875,0.0,0.1152,-0.027700000000000002,0.0
2022-11-11T16:37:00,6886,EURUSD,achat,0.99493,0.99219,1.01984,9.09,annoncé,1d,non déclenché (objectif atteint sans entrée),,,,2022-11-11T00:00:00,assets/tradingview/2022-11/2022-11-11_16h37_msg6886_D8LdtIGb.png,2022-11-11 16:37:00,2022,2021-2022,0.0001,27.399999999999647,50.70000000000019,,0,9.09,,,,,,,,,,,,,,,,,32.702,-1.875,0.0,0.1152,-0.027700000000000002,0.0
2022-11-11T16:45:00,6892,EURUSD,achat,0.99389,0.99115,1.0188,9.09,après coup,1d,objectif,9.09,9.09,2022-11-10T00:00:00,2022-11-11T00:00:00,assets/tradingview/2022-11/2022-11-11_16h45_msg6892_sNAuyjWg.png,2022-11-11 16:45:00,2022,2021-2022,0.0001,27.400000000000755,61.09999999999948,9.06080291970803,1,9.09,3.0,,,,,,,,,,,,,,,,32.702,-1.875,0.0,0.1152,-0.027700000000000002,0.0
2022-11-18T16:07:00,6925,AUDUSD,vente,0.67167,0.67319,0.6629,5.77,annoncé,1d,objectif,5.77,5.77,2022-11-18T00:00:00,2022-11-21T00:00:00,assets/tradingview/2022-11/2022-11-18_16h07_msg6925_SSt1xI8Y.png,2022-11-18 16:07:00,2022,2021-2022,0.0001,15.199999999999658,33.30000000000055,5.704210526315787,1,5.77,4.0,15.199999999999658,0.1507244969385959,16.0,0.0,1.0,0.0,4.0,11.0,0.0,1.0,0.0,1.098684210526307,0.0,0.0,1.0,-39.8659,1.025,0.5,0.00269999999999998,0.029900000000000003,-0.0
2022-11-21T18:15:00,6928,AUDUSD,vente,0.65255,0.65368,0.65191,0.57,incohérent,1d,prix déjà au-delà du stop,,,,,assets/tradingview/2022-11/2022-11-21_18h15_msg6928_iyWClEqM.png,2022-11-21 18:15:00,2022,2021-2022,0.0001,11.300000000000754,25.49999999999941,,0,0.57,,,,,,,,,,,,,,,,,-37.833800000000004,1.025,0.5,0.0824,0.1961,-0.0
2022-11-29T00:10:00,6950,EURCHF,vente,1.00229,1.00328,1.00141,0.89,après coup,1d,objectif déjà dépassé à la publication,,,,,assets/tradingview/2022-11/2022-11-29_00h10_msg6950_QgJvu2kA.png,2022-11-29 00:10:00,2022,2021-2022,0.0001,9.900000000000464,22.899999999999032,,0,0.89,,,,,,,,,,,,,,,,,-10.3382,-1.5,-0.75,-0.2827,-0.2042,-0.0
2023-01-12T15:37:00,7137,USDJPY,vente,132.653,132.888,129.508,13.38,annoncé,1d,non déclenché (objectif atteint sans entrée),,,,2023-01-13T00:00:00,assets/tradingview/2023-01/2023-01-12_15h37_msg7137_R4tM7MOK.png,2023-01-12 15:37:00,2023,2023-2026,0.01,23.500000000001364,15.299999999999159,,0,13.38,,,,,,,,,,,,,,,,,-7.410399999999999,-4.475,-1.25,0.1008,0.323,1.0
2023-01-18T21:35:00,7191,USDJPY,achat,127.598,127.049,131.463,7.04,annoncé,1d,non déclenché (objectif atteint sans entrée),,,,2023-01-18T00:00:00,assets/tradingview/2023-01/2023-01-18_21h35_msg7191_327rRRVO.png,2023-01-18 21:35:00,2023,2023-2026,0.01,54.89999999999924,9.799999999999898,,0,7.04,,,,,,,,,,,,,,,,,11.2528,4.475,1.25,-0.1906,-0.34390000000000004,-2.0
2023-01-18T21:36:00,7192,AUDUSD,achat,0.69416,0.69271,0.70453,7.15,annoncé,1d,non déclenché (objectif atteint sans entrée),,,,2023-01-18T00:00:00,assets/tradingview/2023-01/2023-01-18_21h36_msg7192_lNbyScmB.png,2023-01-18 21:36:00,2023,2023-2026,0.0001,14.499999999999513,58.400000000000674,,0,7.15,,,,,,,,,,,,,,,,,-5.2035,-1.275,-0.75,0.1446,0.3602,2.0
2023-01-20T06:06:00,7202,EURJPY,achat,138.212,137.903,140.265,6.64,annoncé,1d,non déclenché (objectif atteint sans entrée),,,,2023-01-20T00:00:00,assets/tradingview/2023-01/2023-01-20_06h06_msg7202_YwmPwD5w.png,2023-01-20 06:06:00,2023,2023-2026,0.01,30.89999999999975,71.19999999999891,,0,6.64,,,,,,,,,,,,,,,,,10.7454,2.6,1.25,0.020399999999999998,-0.0698,-3.0
2023-01-24T10:26:00,7239,EURUSD,achat,1.08451,1.08333,1.09,4.65,annoncé,1d,objectif,4.65,4.65,2023-01-24T00:00:00,2023-01-25T00:00:00,assets/tradingview/2023-01/2023-01-24_17h12_msg7239_wEvlXbx1.png,2023-01-24 10:26:00,2023,2023-2026,0.0001,11.800000000001809,95.10000000000129,4.58220338983052,1,4.65,1.0,11.800000000001807,0.1409837175275835,10.0,1.0,0.0,0.0,1.0,1.0,1.0,0.0,0.0,0.4152542372879697,1.0,0.0,1.0,-3.5500000000000007,-1.875,0.0,0.1554,-0.094,-2.0
2023-01-25T15:19:00,7257,USDCAD,vente,1.344,1.34674,1.3401,1.42,après coup,1d,objectif déjà dépassé à la publication,,,,,assets/tradingview/2023-01/2023-01-25_15h19_msg7257_JsvrAy08.png,2023-01-25 15:19:00,2023,2023-2026,0.0001,27.399999999999647,60.00000000000005,,0,1.42,,,,,,,,,,,,,,,,,-9.8319,-0.125,-0.25,0.08180000000000001,-0.2019,-0.0
2023-01-25T06:04:00,7269,GBPUSD,achat,1.23132,1.22617,1.24531,2.72,annoncé,1d,stop,-1.0,2.28,2023-01-25T00:00:00,2023-02-02T00:00:00,assets/tradingview/2023-01/2023-01-25_19h37_msg7269_9vAWkEth.png,2023-01-25 06:04:00,2023,2023-2026,0.0001,51.49999999999988,63.19999999999881,-1.0233009708737866,0,2.72,2.0,51.49999999999988,0.4118772229652597,6.0,0.0,0.0,1.0,2.0,1.0,1.0,0.0,0.0,0.2563106796116487,1.0,0.0,1.0,-16.6803,-0.875,0.0,0.2258,-0.0991,0.0
2023-01-26T08:18:00,7284,EURJPY,achat,142.0,140.931,143.045,0.98,annoncé,1d,non déclenché,,,,,assets/tradingview/2023-01/2023-01-26_14h18_msg7284_ZAnXdhpK.png,2023-01-26 08:18:00,2023,2023-2026,0.01,106.89999999999884,50.0,,0,0.98,,,,,,,,,,,,,,,,,7.578799999999999,2.6,1.25,0.0126,-0.0655,-4.0
2023-01-26T14:17:00,7285,EURJPY,achat,141.345,140.941,143.045,4.21,annoncé,1d,stop,-1.0,0.0,2023-01-26T00:00:00,2023-01-26T00:00:00,assets/tradingview/2023-01/2023-01-26_14h18_msg7285_7wCXpfGj.png,2023-01-26 14:17:00,2023,2023-2026,0.01,40.399999999999636,115.50000000000011,-1.0371287128712874,0,4.21,3.0,40.39999999999964,0.2547060081413191,14.0,0.0,1.0,0.0,3.0,1.0,1.0,0.0,0.0,0.3836633663366399,1.0,1.0,0.0,7.578799999999999,2.6,1.25,0.0126,-0.0655,-4.0
2023-01-31T06:27:00,7325,EURJPY,achat,140.909,140.509,143.002,5.23,annoncé,1d,stop,-1.0,2.29,2023-01-31T00:00:00,2023-02-02T00:00:00,assets/tradingview/2023-01/2023-01-31_18h49_msg7325_79p02q5N.png,2023-01-31 06:27:00,2023,2023-2026,0.01,40.00000000000057,90.89999999999918,-1.0374999999999994,0,5.23,1.0,40.00000000000057,0.2589357856162187,6.0,0.0,0.0,1.0,1.0,1.0,1.0,0.0,0.0,0.2275000000000172,1.0,1.0,0.0,3.1561000000000003,2.6,1.25,0.049100000000000005,-0.0547,0.0
2023-02-01T05:58:00,7333,EURJPY,achat,140.909,140.6,141.672,2.47,annoncé,1d,non déclenché (objectif atteint sans entrée),,,,2023-02-01T00:00:00,ChatExport_2026-10-01/photos/photo_1872@01-02-2023_05-58-53.jpg,2023-02-01 05:58:00,2023,2023-2026,0.01,30.89999999999975,90.89999999999918,,0,2.47,,,,,,,,,,,,,,,,,3.0066,2.6,0.5,0.049100000000000005,-0.0547,0.0
2023-02-03T09:50:00,7370,EURJPY,achat,140.003,139.497,142.645,5.22,annoncé,1d,objectif,5.22,5.22,2023-02-03T00:00:00,2023-02-06T00:00:00,assets/tradingview/2023-02/2023-02-03_09h50_msg7370_nufA7Zjh.png,2023-02-03 09:50:00,2023,2023-2026,0.01,50.59999999999718,0.2999999999985903,5.190355731225295,1,5.22,4.0,50.59999999999718,0.3559797357240093,9.0,1.0,0.0,0.0,4.0,2.0,1.0,0.0,0.0,0.0059288537549131,1.0,1.0,0.0,-0.5388999999999999,2.6,0.5,0.049100000000000005,-0.0547,4.0
2023-02-08T02:38:12,7420,AUDJPY,achat,91.2,90.689,91.636,0.85,annoncé,1d,stop,-1.0,0.63,2023-02-08T02:38:12,2023-02-10T00:00:00,ChatExport_2026-10-01/photos/photo_1894@08-02-2023_02-38-12.jpg,2023-02-08 02:38:12,2023,2023-2026,0.01,51.10000000000099,120.00000000000028,-1.0352250489236783,0,0.85,2.0,51.10000000000099,0.4662577460250611,2.0,0.0,0.0,1.0,2.0,2.0,1.0,0.0,0.0,0.3913894324853209,1.0,1.0,0.0,1.6545999999999998,3.2,0.25,-0.08269999999999998,-0.1263,5.0
2023-02-14T14:50:00,7458,AUDUSD,vente,0.69683,0.70224,0.68061,3.0,annoncé,1d,objectif,3.0,3.0,2023-02-14T14:50:00,2023-02-23T00:00:00,assets/tradingview/2023-02/2023-02-14_14h50_msg7458_1dCcoGpC.png,2023-02-14 14:50:00,2023,2023-2026,0.0001,54.10000000000026,31.70000000000117,2.981515711645102,1,3.0,1.0,54.10000000000026,0.7332480121501516,14.0,0.0,1.0,0.0,1.0,2.0,1.0,1.0,0.0,0.3382624768946171,0.0,0.0,1.0,27.2211,1.275,0.25,-0.0295,0.11510000000000001,-0.0
2023-02-16T08:41:00,7500,AUDUSD,vente,0.69243,0.69385,0.6822,7.2,annoncé,1d,objectif,7.2,7.2,2023-02-16T00:00:00,2023-02-17T00:00:00,assets/tradingview/2023-02/2023-02-16_13h48_msg7500_STAG8ieI.png,2023-02-16 08:41:00,2023,2023-2026,0.0001,14.199999999999768,75.70000000000076,7.129577464788731,1,7.2,3.0,14.199999999999768,0.1782932557861036,8.0,1.0,0.0,0.0,3.0,2.0,1.0,1.0,0.0,1.711267605633783,0.0,0.0,1.0,45.611399999999996,1.275,0.25,-0.0295,0.11510000000000001,3.0
2023-02-23T09:31:00,7563,GBPUSD,vente,1.21042,1.21296,1.18468,10.13,annoncé,1d,stop,-1.0,0.0,2023-02-28T00:00:00,2023-02-28T00:00:00,assets/tradingview/2023-02/2023-02-23_09h35_msg7563_mAuBDoKO.png,2023-02-23 09:31:00,2023,2023-2026,0.0001,25.399999999999867,104.20000000000095,-1.0472440944881893,0,10.13,1.0,25.399999999999867,0.224742483552978,9.0,1.0,0.0,0.0,3.0,2.0,1.0,1.0,0.0,0.1653543307086965,0.0,0.0,1.0,59.4518,0.625,-0.25,-0.2741,-0.048299999999999996,3.0
2023-02-24T07:25:00,7576,GBPUSD,vente,1.20306,1.20457,1.20212,0.62,après coup,1d,stop,-1.0,0.0,2023-02-23T00:00:00,2023-02-23T00:00:00,assets/tradingview/2023-02/2023-02-24_15h20_msg7576_SP80CVI6.png,2023-02-24 07:25:00,2023,2023-2026,0.0001,15.099999999999003,30.600000000000627,-1.079470198675502,0,0.62,3.0,,,,,,,,,,,,,,,,58.7001,0.625,-0.25,-0.2741,-0.048299999999999996,3.0
2023-02-28T19:04:00,7601,EURUSD,vente,1.06272,1.06474,1.05329,4.67,annoncé,1d,stop,-1.0,2.22,2023-02-28T00:00:00,2023-03-01T00:00:00,assets/tradingview/2023-02/2023-02-28_19h05_msg7601_WRpRNkzD.png,2023-02-28 19:04:00,2023,2023-2026,0.0001,20.199999999999108,122.79999999999846,-1.0396039603960414,0,4.67,1.0,20.199999999999108,0.3091208289442321,19.0,0.0,0.0,0.0,1.0,2.0,1.0,1.0,0.0,1.1287128712870982,0.0,0.0,1.0,51.878899999999994,1.625,-0.25,-0.2306,-0.0825,5.0
2023-03-01T06:59:00,7603,EURUSD,vente,1.06163,1.06488,1.05324,2.58,annoncé,1d,stop,-1.0,0.0,2023-03-01T00:00:00,2023-03-01T00:00:00,assets/tradingview/2023-03/2023-03-01_06h59_msg7603_FjVvhWg3.png,2023-03-01 06:59:00,2023,2023-2026,0.0001,32.49999999999975,116.30000000000028,-1.0246153846153847,0,2.58,2.0,32.49999999999975,0.4870743178143455,6.0,0.0,0.0,1.0,2.0,3.0,1.0,1.0,0.0,0.5015384615384716,0.0,0.0,1.0,47.8035,1.625,-0.25,-0.2306,-0.0825,3.0
2023-03-01T18:54:00,7608,USDJPY,achat,135.907,135.511,136.139,0.59,après coup,1d,objectif déjà dépassé à la publication,,,,,assets/tradingview/2023-03/2023-03-02_05h09_msg7608_TKMK03bG.png,2023-03-01 18:54:00,2023,2023-2026,0.01,39.6000000000015,90.70000000000107,,0,0.59,,,,,,,,,,,,,,,,,41.5009,4.725,0.75,-0.1631,-0.0641,5.0
2023-03-02T05:11:00,7611,GBPUSD,vente,1.20727,1.21263,1.19094,3.05,annoncé,1d,non déclenché (objectif atteint sans entrée),,,,2023-03-07T00:00:00,assets/tradingview/2023-03/2023-03-02_05h11_msg7611_HmAIzP8q.png,2023-03-02 05:11:00,2023,2023-2026,0.0001,53.600000000000314,72.7000000000011,,0,3.05,,,,,,,,,,,,,,,,,46.8119,0.625,-0.25,-0.33340000000000003,-0.1446,3.0
2023-03-15T19:40:00,7699,AUDUSD,vente,0.66409,0.66978,0.64673,3.05,annoncé,1d,stop,-1.0,0.0,2023-03-15T00:00:00,2023-03-15T00:00:00,assets/tradingview/2023-03/2023-03-15_19h41_msg7699_2Qwx0rqh.png,2023-03-15 19:40:00,2023,2023-2026,0.0001,56.90000000000084,109.10000000000086,-1.017574692442882,0,3.05,2.0,56.90000000000084,0.7853221569677196,19.0,0.0,0.0,0.0,2.0,3.0,1.0,0.0,0.0,0.1599297012302397,0.0,0.0,1.0,34.562,1.025,0.25,-0.2817,-0.2522,1.0
2023-03-22T14:36:00,7738,GBPJPY,achat,161.51,160.805,163.695,3.1,annoncé,1d,stop,-1.0,0.0,2023-03-23T00:00:00,2023-03-23T00:00:00,assets/tradingview/2023-03/2023-03-22_14h37_msg7738_dlhiaKVW.png,2023-03-22 14:36:00,2023,2023-2026,0.01,70.49999999999841,99.00000000000091,-1.0354609929078022,0,3.1,3.0,70.49999999999841,0.3724663416330637,14.0,0.0,1.0,0.0,2.0,3.0,0.0,1.0,0.0,0.0141843971631079,1.0,1.0,0.0,6.5632,4.1,0.5,0.3191,0.09999999999999999,0.0
2023-04-04T04:51:00,7809,EURNZD,achat,1.735,1.71996,1.74818,0.88,annoncé,1d,objectif,0.88,0.88,2023-04-04T00:00:00,2023-04-06T00:00:00,assets/tradingview/2023-04/2023-04-05_08h38_msg7809_w43gzyx8.png,2023-04-04 04:51:00,2023,2023-2026,0.0001,150.40000000000163,100.00000000000009,0.8600531914893619,1,0.88,1.0,150.40000000000165,0.9726977456587342,4.0,0.0,0.0,1.0,1.0,4.0,1.0,1.0,0.0,0.0,1.0,0.0,0.0,-0.1095000000000006,-1.25,0.5,0.0319,0.2112,0.0
2023-04-05T08:38:00,7814,EURNZD,achat,1.7252,1.71896,1.75337,4.51,annoncé,1d,objectif,4.51,4.51,2023-04-05T00:00:00,2023-04-11T00:00:00,assets/tradingview/2023-04/2023-04-05_08h38_msg7814_C9u4X0iN.png,2023-04-05 08:38:00,2023,2023-2026,0.0001,62.40000000000023,1.9999999999997797,4.461923076923077,1,4.51,2.0,62.40000000000023,0.4426647241729675,8.0,1.0,0.0,0.0,2.0,4.0,1.0,1.0,0.0,0.0320512820512784,1.0,0.0,0.0,-0.28500000000000014,-1.25,0.5,0.0319,0.2112,0.0
2023-04-10T16:23:00,7846,AUDJPY,achat,87.909,87.533,88.597,1.83,annoncé,1d,non déclenché (objectif atteint sans entrée),,,,2023-04-10T00:00:00,assets/tradingview/2023-04/2023-04-10_16h23_msg7846_GeR284NV.png,2023-04-10 16:23:00,2023,2023-2026,0.01,37.60000000000048,40.9000000000006,,0,1.83,,,,,,,,,,,,,,,,,-2.5926,3.7,0.5,0.284,0.012299999999999998,3.0
2023-04-12T04:41:00,7869,AUDJPY,achat,87.978,87.644,90.479,7.49,annoncé,1d,non déclenché (objectif atteint sans entrée),,,,2023-04-18T00:00:00,assets/tradingview/2023-04/2023-04-12_04h42_msg7869_0MQV6a2Z.png,2023-04-12 04:41:00,2023,2023-2026,0.01,33.3999999999989,47.79999999999944,,0,7.49,,,,,,,,,,,,,,,,,-3.8493999999999993,3.7,0.5,0.284,0.012299999999999998,3.0
2023-04-13T10:27:00,7878,USDJPY,vente,133.616,134.075,133.247,0.8,après coup,1d,objectif,0.8,0.8,2023-04-12T00:00:00,2023-04-12T00:00:00,assets/tradingview/2023-04/2023-04-13_10h28_msg7878_j6FmI0pC.png,2023-04-13 10:27:00,2023,2023-2026,0.01,45.899999999997476,111.60000000000139,0.7782135076252712,1,0.8,2.0,,,,,,,,,,,,,,,,29.0839,-4.975,-0.5,-0.1409,-0.1509,-1.0
2023-04-26T06:02:00,7977,GBPJPY,achat,165.003,164.295,166.131,1.59,annoncé,1d,non déclenché (objectif atteint sans entrée),,,,2023-04-26T00:00:00,assets/tradingview/2023-04/2023-04-27_18h47_msg7977_JzzesopQ.png,2023-04-26 06:02:00,2023,2023-2026,0.01,70.79999999999984,0.2999999999985903,,0,1.59,,,,,,,,,,,,,,,,,10.1326,4.35,0.75,0.2665,-0.0826,0.0
2023-04-27T18:55:00,7985,AUDJPY,achat,88.319,87.947,89.659,3.6,annoncé,1d,objectif,3.6,3.6,2023-04-27T00:00:00,2023-04-28T00:00:00,assets/tradingview/2023-04/2023-04-27_18h55_msg7985_IRgvmF4n.png,2023-04-27 18:55:00,2023,2023-2026,0.01,37.19999999999999,81.90000000000026,3.5516129032258066,1,3.6,3.0,37.19999999999999,0.5553414844674749,18.0,0.0,0.0,0.0,3.0,4.0,0.0,1.0,0.0,0.4865591397849393,1.0,1.0,0.0,2.6960999999999995,3.7,0.5,0.2206,-0.12390000000000001,-1.0
2023-05-05T06:13:00,8040,AUDJPY,achat,89.998,89.509,92.473,5.06,annoncé,1d,objectif,5.06,5.06,2023-05-05T00:00:00,2023-06-02T00:00:00,assets/tradingview/2023-05/2023-05-05_06h41_msg8040_7FWZopnm.png,2023-05-05 06:13:00,2023,2023-2026,0.01,48.90000000000043,0.19999999999953388,5.02319018404908,1,5.06,4.0,48.90000000000043,0.553390214209862,6.0,0.0,0.0,1.0,4.0,5.0,0.0,0.0,0.0,0.0040899795500926,1.0,1.0,0.0,5.434700000000001,3.95,0.75,0.23900000000000002,-0.0408,-3.0
2023-05-16T06:20:00,8129,AUDJPY,achat,90.398,89.889,92.523,4.17,annoncé,1d,non déclenché,,,,,assets/tradingview/2023-05/2023-05-16_06h21_msg8129_rLvTxrr5.png,2023-05-16 06:20:00,2023,2023-2026,0.01,50.900000000000034,39.79999999999961,,0,4.17,,,,,,,,,,,,,,,,,6.1886,3.95,0.5,0.1478,-0.0861,1.0
2023-05-16T07:39:00,8134,GBPUSD,vente,1.25688,1.2637,1.22478,4.71,annoncé,1d,non déclenché,,,,,assets/tradingview/2023-05/2023-05-16_07h39_msg8134_c0DbnJJs.png,2023-05-16 07:39:00,2023,2023-2026,0.0001,68.20000000000049,68.79999999999997,,0,4.71,,,,,,,,,,,,,,,,,-23.244,0.625,-0.0,0.2295,0.23109999999999997,3.0
2023-05-16T15:22:00,8144,GBPUSD,vente,1.245,1.24809,1.22478,6.54,incohérent,1d,prix déjà au-delà du stop,,,,,assets/tradingview/2023-05/2023-05-16_15h23_msg8144_QlcHCtWQ.png,2023-05-16 15:22:00,2023,2023-2026,0.0001,30.89999999999815,49.999999999998934,,0,6.54,,,,,,,,,,,,,,,,,-23.244,0.625,-0.0,0.2295,0.23109999999999997,3.0
2023-05-16T15:36:43,8149,USDJPY,achat,133.869,133.564,136.636,9.07,annoncé,1d,non déclenché (objectif atteint sans entrée),,,,2023-05-16T00:00:00,ChatExport_2026-10-01/photos/photo_2023@16-05-2023_15-36-43.jpg,2023-05-16 15:36:43,2023,2023-2026,0.01,30.500000000000682,113.10000000000002,,0,9.07,,,,,,,,,,,,,,,,,0.5792999999999999,5.225,0.5,0.37929999999999997,0.1321,5.0
2023-05-17T02:57:00,8155,NZDCAD,achat,0.848,0.84151,0.85332,0.82,incohérent,1d,prix déjà au-delà du stop,,,,,assets/tradingview/2023-05/2023-05-17_02h57_msg8155_NyzHvLil.png,2023-05-17 02:57:00,2023,2023-2026,0.0001,64.89999999999995,20.000000000001126,,0,0.82,,,,,,,,,,,,,,,,,-10.5368,0.75,1.0,0.1608,0.012499999999999997,0.0
2023-05-17T07:48:00,8161,NZDCAD,achat,0.83987,0.83686,0.85339,4.49,annoncé,1d,stop,-1.0,0.0,2023-05-17T07:48:00,2023-05-18T00:00:00,assets/tradingview/2023-05/2023-05-17_07h50_msg8161_zqT99tI9.png,2023-05-17 07:48:00,2023,2023-2026,0.0001,30.09999999999957,101.30000000000084,-1.0830564784053167,0,4.49,2.0,30.09999999999957,0.4719401852269611,7.0,1.0,0.0,0.0,2.0,5.0,1.0,0.0,0.0,0.0431893687707526,1.0,0.0,0.0,-10.5368,0.75,1.0,0.1608,0.012499999999999997,0.0
2023-05-19T08:36:00,8213,NZDCAD,achat,0.846,0.83695,0.85247,0.71,annoncé,1d,stop,-1.0,0.51,2023-05-19T00:00:00,2023-05-24T00:00:00,assets/tradingview/2023-05/2023-05-19_08h36_msg8213_8UKkyICr.png,2023-05-19 08:36:00,2023,2023-2026,0.0001,90.50000000000001,40.000000000001144,-1.0276243093922652,0,0.71,4.0,90.5,1.3999078442452049,8.0,1.0,0.0,0.0,4.0,5.0,0.0,0.0,0.0,0.1104972375690608,1.0,0.0,0.0,-10.9315,0.75,1.0,0.1608,0.012499999999999997,0.0
2023-05-19T12:21:00,8219,NZDCAD,achat,0.84219,0.8392,0.85342,3.76,annoncé,1d,stop,-1.0,2.7,2023-05-19T12:21:00,2023-05-24T00:00:00,assets/tradingview/2023-05/2023-05-19_12h21_msg8219_L1nj45eB.png,2023-05-19 12:21:00,2023,2023-2026,0.0001,29.90000000000048,78.10000000000095,-1.0836120401337779,0,3.76,4.0,29.90000000000048,0.4625109894246662,12.0,0.0,1.0,0.0,4.0,5.0,0.0,0.0,0.0,0.732441471571903,1.0,0.0,0.0,-10.9315,0.75,1.0,0.1608,0.012499999999999997,0.0
2023-05-23T06:15:00,8231,GBPCAD,achat,1.68,1.67743,1.69277,4.97,annoncé,1d,stop,-1.0,0.0,2023-05-24T00:00:00,2023-05-24T00:00:00,assets/tradingview/2023-05/2023-05-23_06h16_msg8231_Ov06s7bw.png,2023-05-23 06:15:00,2023,2023-2026,0.0001,25.699999999999612,49.999999999998934,-1.1167315175097294,0,4.97,2.0,25.69999999999961,0.3063689372375371,6.0,0.0,0.0,1.0,1.0,5.0,0.0,0.0,0.0,0.0,1.0,0.0,0.0,-4.4711,0.0,0.5,0.0647,-0.094,0.0
2023-05-30T18:17:00,8251,AUDJPY,achat,91.5,90.961,92.501,1.86,annoncé,1d,stop,-1.0,0.79,2023-05-30T00:00:00,2023-05-31T00:00:00,assets/tradingview/2023-05/2023-05-30_18h17_msg8251_FxplMyXW.png,2023-05-30 18:17:00,2023,2023-2026,0.01,53.90000000000015,100.0,-1.033395176252319,0,1.86,1.0,53.90000000000015,0.7125608044096455,18.0,0.0,0.0,0.0,1.0,5.0,1.0,0.0,0.0,0.0,1.0,1.0,0.0,-0.7935000000000001,3.95,0.5,0.2407,0.0017000000000000001,0.0
2023-05-30T18:17:00,8253,GBPCAD,achat,1.67503,1.67002,1.69005,3.0,annoncé,1d,non déclenché (objectif atteint sans entrée),,,,2023-05-30T00:00:00,assets/tradingview/2023-05/2023-05-30_18h18_msg8253_CvvTA6XJ.png,2023-05-30 18:17:00,2023,2023-2026,0.0001,50.09999999999959,0.2999999999997449,,0,3.0,,,,,,,,,,,,,,,,,4.9344,0.0,0.5,0.1287,0.004200000000000002,0.0
2023-06-01T06:54:00,8261,AUDJPY,achat,90.331,89.619,90.905,0.81,annoncé,1d,objectif,0.81,0.81,2023-06-01T06:54:00,2023-06-02T00:00:00,ChatExport_2026-10-01/photos/photo_2044@01-06-2023_06-54-52.jpg,2023-06-01 06:54:00,2023,2023-2026,0.01,71.20000000000033,33.10000000000031,0.7847191011235957,1,0.81,3.0,71.20000000000033,0.9819743391439004,6.0,0.0,0.0,1.0,3.0,6.0,0.0,0.0,0.0,0.2373595505617923,1.0,1.0,0.0,6.825900000000001,3.95,0.5,0.2407,0.0017000000000000001,0.0
2023-06-01T07:01:12,8268,AUDJPY,achat,91.538,89.859,92.504,0.58,annoncé,1d,objectif,0.58,0.58,2023-06-02T00:00:00,2023-06-05T00:00:00,ChatExport_2026-10-01/photos/photo_2049@01-06-2023_07-01-12.jpg,2023-06-01 07:01:12,2023,2023-2026,0.01,167.9000000000002,96.20000000000033,0.5692793329362715,1,0.58,4.0,167.9000000000002,2.315638926155341,7.0,1.0,0.0,0.0,3.0,6.0,0.0,0.0,0.0,0.0226325193567579,1.0,1.0,0.0,6.825900000000001,3.95,0.5,0.2407,0.0017000000000000001,0.0
2023-06-02T10:26:36,8282,AUDJPY,achat,90.608,90.133,92.989,5.01,annoncé,1d,non déclenché (objectif atteint sans entrée),,,,2023-06-06T00:00:00,ChatExport_2026-10-01/photos/photo_2057@02-06-2023_10-26-36.jpg,2023-06-02 10:26:36,2023,2023-2026,0.01,47.50000000000085,60.80000000000041,,0,5.01,,,,,,,,,,,,,,,,,6.825900000000001,3.95,0.5,0.2407,0.0017000000000000001,0.0
2023-06-06T13:04:00,8299,EURUSD,achat,1.07037,1.06248,1.08058,1.29,annoncé,1d,objectif,1.29,1.29,2023-06-06T13:04:00,2023-06-13T00:00:00,assets/tradingview/2023-06/2023-06-06_13h04_msg8299_9OCvrip1.png,2023-06-06 13:04:00,2023,2023-2026,0.0001,78.89999999999952,46.299999999999116,1.2798605830164764,1,1.29,1.0,78.89999999999952,1.2996053797107674,13.0,0.0,1.0,0.0,1.0,6.0,0.0,1.0,0.0,0.0468948035487938,1.0,0.0,1.0,-8.5842,-1.375,0.25,0.1167,0.1555,0.0
2023-06-08T13:24:21,8320,EURUSD,achat,1.06548,1.06248,1.08058,5.03,annoncé,1d,non déclenché (objectif atteint sans entrée),,,,2023-06-13T00:00:00,ChatExport_2026-10-01/photos/photo_2071@08-06-2023_13-24-21.jpg,2023-06-08 13:24:21,2023,2023-2026,0.0001,29.999999999998916,95.19999999999972,,0,5.03,,,,,,,,,,,,,,,,,-7.360899999999999,-1.375,0.25,0.1167,0.1555,0.0
2023-06-13T22:04:00,8378,GBPAUD,achat,1.85801,1.85,1.89402,4.5,annoncé,1d,objectif,4.5,4.5,2023-06-13T00:00:00,2023-06-23T00:00:00,assets/tradingview/2023-06/2023-06-13_22h04_msg8378_gfPRCTnt.png,2023-06-13 22:04:00,2023,2023-2026,0.0001,80.0999999999985,80.0999999999985,4.468789013732834,1,4.5,1.0,80.0999999999985,0.6113842973488752,22.0,0.0,0.0,1.0,1.0,6.0,0.0,0.0,0.0,0.2484394506866661,1.0,0.0,0.0,17.7645,0.40000000000000036,0.0,0.0228,0.0208,0.0
2023-06-14T17:31:07,8394,GBPAUD,achat,1.85647,1.84995,1.86051,0.62,après coup,1d,objectif,0.62,0.62,2023-06-13T00:00:00,2023-06-13T00:00:00,ChatExport_2026-10-01/photos/photo_2089@14-06-2023_17-31-07.jpg,2023-06-14 17:31:07,2023,2023-2026,0.0001,65.20000000000081,64.69999999999976,0.5816564417177919,1,0.62,1.0,,,,,,,,,,,,,,,,26.6107,0.40000000000000036,0.0,0.0228,0.0208,0.0
2023-06-19T10:43:00,8449,EURNZD,achat,1.755,1.745,1.77255,1.76,annoncé,1d,objectif,1.76,1.76,2023-06-19T10:43:00,2023-06-20T00:00:00,assets/tradingview/2023-06/2023-06-19_10h43_msg8449_YhULTV2v.png,2023-06-19 10:43:00,2023,2023-2026,0.0001,99.99999999999787,49.999999999998934,1.7299999999999993,1,1.76,0.0,99.99999999999788,0.8411433024328013,10.0,1.0,0.0,0.0,0.0,6.0,0.0,1.0,0.0,2.2204460492503604e-14,1.0,0.0,0.0,-16.2266,-1.75,0.0,-0.1119,-0.0146,1.0
2023-06-20T09:37:19,8459,EURNZD,achat,1.75009,1.745,1.76805,3.53,annoncé,1d,non déclenché (objectif atteint sans entrée),,,,2023-06-20T00:00:00,ChatExport_2026-10-01/photos/photo_2104@20-06-2023_09-37-19.jpg,2023-06-20 09:37:19,2023,2023-2026,0.0001,50.899999999998165,0.8999999999992347,,0,3.53,,,,,,,,,,,,,,,,,-16.2266,-1.75,0.0,-0.1119,-0.0146,1.0
2023-06-21T23:11:00,8484,GBPCAD,achat,1.68075,1.67565,1.70187,4.14,annoncé,1d,stop,-1.0,2.27,2023-06-21T00:00:00,2023-06-23T00:00:00,assets/tradingview/2023-06/2023-06-21_23h11_msg8484_oAnLNE0i.png,2023-06-21 23:11:00,2023,2023-2026,0.0001,50.99999999999882,57.49999999999922,-1.058823529411766,0,4.14,2.0,50.99999999999882,0.5426769780255011,23.0,0.0,0.0,1.0,2.0,6.0,1.0,0.0,0.0,0.1470588235294207,1.0,0.0,0.0,12.6412,-0.25,0.25,0.1905,0.1258,0.0
2023-06-23T12:29:09,8500,GBPCAD,achat,1.685,1.66994,1.6974,0.82,annoncé,1d,non déclenché,,,,,ChatExport_2026-10-01/photos/photo_2117@23-06-2023_12-29-09.jpg,2023-06-23 12:29:09,2023,2023-2026,0.0001,150.60000000000073,100.00000000000009,,0,0.82,,,,,,,,,,,,,,,,,16.648899999999998,0.25,0.5,0.1905,0.1258,1.0
2023-06-27T06:56:00,8521,EURNZD,achat,1.75562,1.75055,1.78307,5.41,annoncé,1d,non déclenché (objectif atteint sans entrée),,,,2023-06-28T00:00:00,assets/tradingview/2023-06/2023-06-27_06h57_msg8521_hDQn6E9d.png,2023-06-27 06:56:00,2023,2023-2026,0.0001,50.69999999999908,56.199999999999584,,0,5.41,,,,,,,,,,,,,,,,,-8.125,-1.5,-0.25,-0.013399999999999999,0.079,0.0
2023-06-28T03:06:00,8531,NZDUSD,achat,0.60871,0.60371,0.63072,4.4,annoncé,1d,objectif,4.4,4.4,2023-06-28T00:00:00,2023-07-13T00:00:00,assets/tradingview/2023-06/2023-06-28_03h07_msg8531_0dvkp85S.png,2023-06-28 03:06:00,2023,2023-2026,0.0001,50.00000000000004,87.09999999999995,4.37,1,4.4,2.0,50.00000000000004,0.9105383813824252,3.0,0.0,0.0,1.0,2.0,6.0,1.0,0.0,0.0,0.2580000000000024,1.0,0.0,1.0,-20.3209,0.375,0.5,-0.0763,-0.1941,-1.0
2023-06-28T08:40:05,8532,EURNZD,achat,1.76045,1.75352,1.79907,5.57,annoncé,1d,non déclenché (objectif atteint sans entrée),,,,2023-06-28T00:00:00,ChatExport_2026-10-01/photos/photo_2126@28-06-2023_08-40-05.jpg,2023-06-28 08:40:05,2023,2023-2026,0.0001,69.30000000000102,104.5000000000007,,0,5.57,,,,,,,,,,,,,,,,,-8.125,-1.5,-0.25,-0.013399999999999999,0.079,2.0
2023-06-29T10:25:58,8543,EURUSD,achat,1.09039,1.08695,1.10765,5.02,annoncé,1d,stop,-1.0,0.0,2023-06-29T00:00:00,2023-06-29T00:00:00,ChatExport_2026-10-01/photos/photo_2134@29-06-2023_10-25-58.jpg,2023-06-29 10:25:58,2023,2023-2026,0.0001,34.399999999998876,96.10000000000117,-1.023255813953489,0,5.02,3.0,34.39999999999888,0.5282269431260213,10.0,1.0,0.0,0.0,3.0,6.0,1.0,1.0,0.0,0.1133720930232276,1.0,0.0,1.0,-29.0111,-1.125,0.25,-0.0897,-0.1151,1.0
2023-07-03T01:07:00,8569,NZDUSD,achat,0.60808,0.60307,0.63028,4.43,annoncé,1d,non déclenché,,,,,assets/tradingview/2023-07/2023-07-03_01h07_msg8569_EQH46Vde.png,2023-07-03 01:07:00,2023,2023-2026,0.0001,50.09999999999959,80.79999999999976,,0,4.43,,,,,,,,,,,,,,,,,-11.6269,0.375,0.5,-0.1211,-0.3223,-1.0
2023-07-04T14:24:00,8587,NZDUSD,achat,0.61045,0.60288,0.63092,2.7,annoncé,1d,non déclenché,,,,,assets/tradingview/2023-07/2023-07-04_14h25_msg8587_nWvKrcnu.png,2023-07-04 14:24:00,2023,2023-2026,0.0001,75.70000000000076,104.5000000000007,,0,2.7,,,,,,,,,,,,,,,,,-9.4152,0.375,0.5,-0.1211,-0.3223,-1.0
2023-07-04T14:27:00,8590,GBPUSD,achat,1.26508,1.25904,1.28587,3.44,annoncé,1d,non déclenché (objectif atteint sans entrée),,,,2023-07-11T00:00:00,assets/tradingview/2023-07/2023-07-04_14h28_msg8590_eosthbjD.png,2023-07-04 14:27:00,2023,2023-2026,0.0001,60.40000000000045,99.20000000000151,,0,3.44,,,,,,,,,,,,,,,,,3.8664000000000005,-0.125,0.5,0.01730000000000001,-0.1204,1.0
2023-07-21T08:23:00,8680,AUDJPY,achat,94.878,94.579,97.996,10.43,annoncé,1d,stop,-1.0,3.26,2023-07-21T00:00:00,2023-07-26T00:00:00,assets/tradingview/2023-07/2023-07-21_08h23_msg8680_RsEgFR2X.png,2023-07-21 08:23:00,2023,2023-2026,0.01,29.90000000000066,12.199999999999989,-1.0602006688963197,0,10.43,4.0,29.90000000000066,0.3267760185630836,8.0,1.0,0.0,0.0,4.0,7.0,0.0,0.0,0.0,0.4080267558528334,1.0,1.0,0.0,14.3519,4.199999999999999,0.5,0.2565,0.1452,-1.0
2023-07-21T08:23:00,8681,EURJPY,achat,155.812,155.304,157.989,4.29,annoncé,1d,stop,-1.0,3.85,2023-07-21T08:23:00,2023-07-26T00:00:00,assets/tradingview/2023-07/2023-07-21_08h24_msg8681_AO0q2i9G.png,2023-07-21 08:23:00,2023,2023-2026,0.01,50.80000000000098,81.20000000000118,-1.0295275590551176,0,4.29,4.0,50.80000000000098,0.456482616441303,8.0,1.0,0.0,0.0,4.0,7.0,1.0,1.0,0.0,0.3700787401574499,1.0,1.0,0.0,5.4767,4.1,0.5,0.24380000000000002,0.0384,-2.0
2023-07-24T12:08:00,8732,AUDUSD,achat,0.67107,0.66598,0.67378,0.53,annoncé,1d,non déclenché (objectif atteint sans entrée),,,,2023-07-24T00:00:00,assets/tradingview/2023-07/2023-07-25_17h23_msg8732_1StHYHTz.png,2023-07-24 12:08:00,2023,2023-2026,0.0001,50.90000000000039,39.29999999999989,,0,0.53,,,,,,,,,,,,,,,,,2.1803,-1.0250000000000004,0.25,-0.3427,-0.1708,0.0
2023-07-25T17:24:00,8734,AUDUSD,achat,0.6718,0.66627,0.67849,1.21,annoncé,1d,non déclenché (objectif atteint sans entrée),,,,2023-07-25T00:00:00,assets/tradingview/2023-07/2023-07-25_17h25_msg8734_PdaCPBoz.png,2023-07-25 17:24:00,2023,2023-2026,0.0001,55.29999999999924,32.00000000000092,,0,1.21,,,,,,,,,,,,,,,,,4.2392,-1.0250000000000004,0.25,-0.3427,-0.1708,0.0
2023-07-26T00:14:00,8741,EURNZD,achat,1.77173,1.76667,1.80748,7.07,annoncé,1d,objectif,7.07,7.07,2023-07-27T00:00:00,2023-08-08T00:00:00,assets/tradingview/2023-07/2023-07-26_00h14_msg8741_0aBgeCc3.png,2023-07-26 00:14:00,2023,2023-2026,0.0001,50.60000000000064,32.70000000000106,7.010711462450594,1,7.07,3.0,50.60000000000064,0.3325660604188377,0.0,0.0,0.0,1.0,2.0,7.0,1.0,1.0,0.0,0.3418972332015785,1.0,0.0,0.0,-5.0711,-1.5,0.25,0.0497,0.0631,-1.0
2023-07-28T03:36:00,8803,AUDJPY,achat,92.499,91.26,97.834,4.31,annoncé,1d,ouvert après 20 jours,0.94,2.68,2023-07-28T00:00:00,2023-08-25T00:00:00,assets/tradingview/2023-07/2023-07-28_03h36_msg8803_NDoPk176.png,2023-07-28 03:36:00,2023,2023-2026,0.01,123.89999999999901,0.10000000000047748,0.9254721549636802,0,4.31,4.0,,,,,,,,,,,,,,,,7.3519000000000005,4.199999999999999,0.5,0.1819,0.0513,1.0
2023-07-28T15:04:00,8810,AUDJPY,achat,91.889,91.254,97.687,9.13,annoncé,1d,ouvert après 20 jours,2.79,6.18,2023-07-28T00:00:00,2023-08-25T00:00:00,assets/tradingview/2023-07/2023-07-28_15h05_msg8810_yrWXSZrV.png,2023-07-28 15:04:00,2023,2023-2026,0.01,63.49999999999909,61.10000000000042,2.7616535433070863,0,9.13,4.0,,,,,,,,,,,,,,,,7.3519000000000005,4.199999999999999,0.5,0.1819,0.0513,1.0
2023-08-02T07:05:00,8852,GBPUSD,vente,1.2896,1.29956,1.259,3.07,annoncé,1d,non déclenché,,,,,assets/tradingview/2023-08/2023-08-02_07h05_msg8852_uqoj9BNC.png,2023-08-02 07:05:00,2023,2023-2026,0.0001,99.59999999999968,103.99999999999964,,0,3.07,,,,,,,,,,,,,,,,,-0.16710000000000047,0.375,-0.25,0.14759999999999998,0.1649,-2.0
2023-08-08T10:31:00,8909,GBPUSD,vente,1.28079,1.2858,1.26378,3.4,annoncé,1d,objectif,3.4,3.4,2023-08-10T00:00:00,2023-08-14T00:00:00,assets/tradingview/2023-08/2023-08-08_10h32_msg8909_GPFzJasT.png,2023-08-08 10:31:00,2023,2023-2026,0.0001,50.09999999999959,57.899999999999615,3.3760479041916165,1,3.4,3.0,50.09999999999959,0.5013941118142384,10.0,1.0,0.0,0.0,1.0,8.0,1.0,1.0,0.0,0.1576846307385379,0.0,0.0,1.0,3.5256,0.125,-0.75,0.044499999999999984,0.06319999999999999,-2.0
2023-08-08T12:55:00,8931,EURJPY,achat,157.2,156.007,157.958,0.64,annoncé,1d,objectif,0.64,0.64,2023-08-08T00:00:00,2023-08-10T00:00:00,assets/tradingview/2023-08/2023-08-09_15h03_msg8931_Z7XnV0rx.png,2023-08-08 12:55:00,2023,2023-2026,0.01,119.29999999999836,30.000000000001137,0.6274266554903603,1,0.64,1.0,119.29999999999836,0.8163242678058189,12.0,0.0,1.0,0.0,1.0,8.0,1.0,0.0,0.0,0.1676445934618536,1.0,1.0,0.0,15.542300000000001,4.35,0.75,0.2002,-0.009300000000000001,-3.0
2023-08-09T15:06:32,8933,EURJPY,achat,156.666,156.3,157.956,3.52,annoncé,1d,non déclenché (objectif atteint sans entrée),,,,2023-08-10T00:00:00,ChatExport_2026-10-01/photos/photo_2186@09-08-2023_15-06-32.jpg,2023-08-09 15:06:32,2023,2023-2026,0.01,36.599999999998545,83.40000000000032,,0,3.52,,,,,,,,,,,,,,,,,15.4263,4.35,0.5,0.2002,-0.009300000000000001,-5.0
2023-08-10T12:03:00,8941,GBPUSD,vente,1.28109,1.28812,1.27677,0.61,après coup,1d,objectif déjà dépassé à la publication,,,,,assets/tradingview/2023-08/2023-08-10_12h03_msg8941_UJ0LLIQS.png,2023-08-10 12:03:00,2023,2023-2026,0.0001,70.29999999999869,60.89999999999929,,0,0.61,,,,,,,,,,,,,,,,,2.9495999999999998,0.125,-0.5,0.044499999999999984,0.06319999999999999,1.0
2023-08-15T09:50:00,8972,AUDJPY,achat,94.278,93.576,97.588,4.72,annoncé,1d,stop,-1.0,0.0,2023-08-15T09:50:00,2023-08-17T00:00:00,assets/tradingview/2023-08/2023-08-15_09h50_msg8972_RDKymNXi.png,2023-08-15 09:50:00,2023,2023-2026,0.01,70.20000000000124,72.19999999999942,-1.025641025641025,0,4.72,1.0,70.20000000000124,0.6506765588347754,9.0,1.0,0.0,0.0,1.0,8.0,0.0,0.0,0.0,0.3162393162393024,1.0,1.0,0.0,-9.747,4.199999999999999,0.25,0.2813,0.024800000000000003,-2.0
2023-08-15T11:10:00,8973,EURUSD,vente,1.09599,1.10102,1.09318,0.56,après coup,1d,objectif,0.56,0.56,2023-08-14T00:00:00,2023-08-14T00:00:00,assets/tradingview/2023-08/2023-08-15_11h11_msg8973_UD0S2eaV.png,2023-08-15 11:10:00,2023,2023-2026,0.0001,50.3000000000009,40.10000000000069,0.544095427435388,1,0.56,0.0,,,,,,,,,,,,,,,,-9.4696,1.125,-0.25,0.097,-0.045700000000000005,3.0
2023-08-22T09:08:00,9028,EURUSD,vente,1.098,1.09994,1.08292,7.77,annoncé,1d,non déclenché (objectif atteint sans entrée),,,,2023-08-23T00:00:00,assets/tradingview/2023-08/2023-08-22_09h09_msg9028_7vJI0jSI.png,2023-08-22 09:08:00,2023,2023-2026,0.0001,19.399999999998307,20.000000000000018,,0,7.77,,,,,,,,,,,,,,,,,-0.4593000000000007,1.125,-0.25,-0.08979999999999999,-0.3499,4.0
2023-08-23T10:19:00,9045,GBPCAD,achat,1.71184,1.70592,1.73546,3.99,annoncé,1d,stop,-1.0,2.14,2023-08-25T00:00:00,2023-09-06T00:00:00,assets/tradingview/2023-08/2023-08-23_10h19_msg9045_CYFqtVqr.png,2023-08-23 10:19:00,2023,2023-2026,0.0001,59.19999999999925,118.3999999999985,-1.0506756756756763,0,3.99,4.0,59.19999999999925,0.315432885535952,10.0,1.0,0.0,0.0,2.0,8.0,1.0,0.0,0.0,0.3108108108108255,1.0,0.0,0.0,15.6357,0.25,0.25,0.1886,0.028300000000000006,0.0
2023-08-28T09:56:20,9097,EURNZD,achat,1.82222,1.81489,1.84623,3.28,annoncé,1d,stop,-1.0,1.88,2023-08-29T00:00:00,2023-09-01T00:00:00,ChatExport_2026-10-01/photos/photo_2234@28-08-2023_09-56-20.jpg,2023-08-28 09:56:20,2023,2023-2026,0.0001,73.30000000000058,27.800000000002267,-1.0409276944065482,0,3.28,1.0,73.30000000000058,0.5986125396698525,9.0,1.0,0.0,0.0,0.0,8.0,1.0,1.0,0.0,0.3028649386084407,1.0,0.0,0.0,7.7105999999999995,-1.25,0.5,-0.14279999999999998,-0.0711,0.0
2023-08-30T12:20:53,9120,GBPCAD,achat,1.715,1.706,1.71997,0.55,annoncé,1d,objectif,0.55,0.55,2023-08-30T12:20:53,2023-08-31T00:00:00,ChatExport_2026-10-01/photos/photo_2241@30-08-2023_12-20-53.jpg,2023-08-30 12:20:53,2023,2023-2026,0.0001,90.00000000000118,100.00000000000009,0.5166666666666672,1,0.55,2.0,90.00000000000118,0.4707638334375609,12.0,0.0,1.0,0.0,2.0,8.0,1.0,0.0,0.0,0.0,1.0,0.0,0.0,20.4357,0.25,0.25,0.1497,-0.03729999999999999,0.0
2023-08-31T13:06:00,9133,GBPCAD,achat,1.725,1.706,1.735,0.53,annoncé,1d,stop,-1.0,0.0,2023-08-31T13:06:00,2023-09-06T00:00:00,assets/tradingview/2023-08/2023-08-31_13h07_msg9133_kzpU5e6d.png,2023-08-31 13:06:00,2023,2023-2026,0.0001,190.00000000000128,0.0,-1.0157894736842104,0,0.53,3.0,190.00000000000128,0.9833275066179682,13.0,0.0,1.0,0.0,3.0,8.0,1.0,0.0,0.0,0.0,1.0,0.0,0.0,17.3489,0.25,0.25,0.1497,-0.03729999999999999,0.0
2023-08-31T13:24:00,9149,AUDCAD,achat,0.879,0.87626,0.88243,1.25,annoncé,1d,stop,-1.0,0.0,2023-08-31T00:00:00,2023-08-31T00:00:00,assets/tradingview/2023-08/2023-08-31_13h24_msg9149_LTVFQoiR.png,2023-08-31 13:24:00,2023,2023-2026,0.0001,27.399999999999647,40.000000000000036,-1.072992700729928,0,1.25,3.0,27.399999999999647,0.4994342768542066,13.0,0.0,1.0,0.0,3.0,8.0,1.0,0.0,0.0,0.3649635036496401,1.0,0.0,0.0,-7.9234,-0.9000000000000004,-0.25,0.0482,0.05130000000000001,0.0
2023-09-01T12:44:00,9164,GBPCAD,vente,1.71961,1.72484,1.70026,3.7,annoncé,1d,objectif,3.7,3.7,2023-09-01T00:00:00,2023-09-07T00:00:00,assets/tradingview/2023-09/2023-09-01_12h45_msg9164_nfgyWp8i.png,2023-09-01 12:44:00,2023,2023-2026,0.0001,52.299999999998455,53.900000000000055,3.6426386233269583,1,3.7,4.0,52.299999999998455,0.2704738283335767,12.0,0.0,1.0,0.0,4.0,9.0,0.0,0.0,0.0,0.0745697896749334,0.0,0.0,0.0,-14.8516,-0.25,-0.25,-0.1497,0.03729999999999999,2.0
2023-09-01T13:02:00,9168,GBPCAD,vente,1.71961,1.72361,1.70026,4.84,annoncé,1d,objectif,4.84,4.84,2023-09-01T00:00:00,2023-09-07T00:00:00,assets/tradingview/2023-09/2023-09-01_13h02_msg9168_0nV0hvZR.png,2023-09-01 13:02:00,2023,2023-2026,0.0001,40.000000000000036,53.900000000000055,4.765,1,4.84,4.0,40.00000000000004,0.2068633486298928,13.0,0.0,1.0,0.0,4.0,9.0,0.0,0.0,0.0,0.0974999999999725,0.0,0.0,0.0,-14.8516,-0.25,-0.25,-0.1497,0.03729999999999999,2.0
2023-09-05T22:21:00,9219,USDCAD,vente,1.362,1.3638,1.3581,2.17,annoncé,1d,stop,-1.0,0.0,2023-09-05T00:00:00,2023-09-05T00:00:00,assets/tradingview/2023-09/2023-09-05_22h21_msg9219_HvTHmTDV.png,2023-09-05 22:21:00,2023,2023-2026,0.0001,17.999999999998018,120.0000000000001,-1.0833333333333426,0,2.17,1.0,17.999999999998018,0.3007871690198423,22.0,0.0,0.0,1.0,1.0,9.0,0.0,0.0,0.0,1.1111111111112344,0.0,0.0,1.0,14.9739,-0.375,0.25,0.40690000000000004,0.6101,2.0
2023-09-08T03:49:04,9258,USDCAD,vente,1.37,1.375,1.3581,2.38,annoncé,1d,non déclenché (objectif atteint sans entrée),,,,2023-09-11T00:00:00,ChatExport_2026-10-01/photos/photo_2263@08-09-2023_03-49-04.jpg,2023-09-08 03:49:04,2023,2023-2026,0.0001,49.999999999998934,49.999999999998934,,0,2.38,,,,,,,,,,,,,,,,,15.3562,-0.375,-0.0,0.40690000000000004,0.6101,5.0
2023-09-08T07:16:58,9259,GBPJPY,achat,183.5,183.0,183.877,0.75,annoncé,1d,objectif,0.75,0.75,2023-09-08T00:00:00,2023-09-08T00:00:00,ChatExport_2026-10-01/photos/photo_2264@08-09-2023_07-16-58.jpg,2023-09-08 07:16:58,2023,2023-2026,0.01,50.0,100.0,0.7,1,0.75,4.0,50.0,0.3949369093728134,7.0,1.0,0.0,0.0,4.0,9.0,0.0,1.0,0.0,0.0,1.0,1.0,0.0,8.2454,5.35,0.75,0.3316,0.0040999999999999995,-2.0
2023-09-12T12:23:00,9292,USDCAD,vente,1.374,1.375,1.35737,16.63,annoncé,1d,non déclenché (objectif atteint sans entrée),,,,2023-09-12T00:00:00,assets/tradingview/2023-09/2023-09-12_12h24_msg9292_NTjv8YW1.png,2023-09-12 12:23:00,2023,2023-2026,0.0001,9.999999999998899,9.999999999998899,,0,16.63,,,,,,,,,,,,,,,,,11.2272,-0.375,-0.0,0.3304,0.4586,5.0
2023-09-15T01:05:00,9315,GBPJPY,achat,182.401,181.89,186.732,8.48,annoncé,1d,stop,-1.0,0.0,2023-09-21T00:00:00,2023-09-21T00:00:00,assets/tradingview/2023-09/2023-09-15_01h05_msg9315_pyRKesIg.png,2023-09-15 01:05:00,2023,2023-2026,0.01,51.10000000000241,9.899999999998954,-1.048923679060663,0,8.48,3.0,51.10000000000241,0.4236055854968811,1.0,0.0,0.0,1.0,4.0,9.0,0.0,1.0,0.0,0.1937377690802052,1.0,1.0,0.0,-2.7060000000000004,5.35,0.75,0.3433,-0.006999999999999999,-2.0
2023-09-20T18:57:00,9361,EURUSD,vente,1.07174,1.07603,1.05886,3.0,annoncé,1d,objectif,3.0,3.0,2023-09-20T00:00:00,2023-09-25T00:00:00,assets/tradingview/2023-09/2023-09-20_18h57_msg9361_ZuG6tFBN.png,2023-09-20 18:57:00,2023,2023-2026,0.0001,42.90000000000127,32.600000000000406,2.981351981351982,1,3.0,2.0,42.90000000000127,0.7080595832759734,18.0,0.0,0.0,0.0,2.0,9.0,1.0,1.0,0.0,0.4055944055943593,0.0,0.0,1.0,21.6087,1.125,-0.0,-0.2505,-0.1607,-0.0
2023-10-02T10:26:12,9461,EURUSD,vente,1.06087,1.06196,1.05226,7.9,annoncé,1d,non déclenché (objectif atteint sans entrée),,,,2023-10-02T00:00:00,ChatExport_2026-10-01/photos/photo_2308@02-10-2023_10-26-12.jpg,2023-10-02 10:26:12,2023,2023-2026,0.0001,10.900000000000354,108.69999999999935,,0,7.9,,,,,,,,,,,,,,,,,23.2605,0.875,-0.25,0.010499999999999999,0.3796,5.0
2023-10-03T03:33:56,9479,GBPAUD,vente,1.92531,1.93048,1.90042,4.81,après coup,1d,objectif déjà dépassé à la publication,,,,,ChatExport_2026-10-01/photos/photo_2317@03-10-2023_03-33-56.jpg,2023-10-03 03:33:56,2023,2023-2026,0.0001,51.699999999998965,3.1000000000003247,,0,4.81,,,,,,,,,,,,,,,,,2.371,-1.1500000000000004,-0.25,-0.2802,-0.15689999999999998,2.0
2023-10-04T12:20:02,9507,NZDCAD,vente,0.81142,0.81447,0.79827,4.31,annoncé,1d,stop,-1.0,2.03,2023-10-04T00:00:00,2023-10-05T00:00:00,ChatExport_2026-10-01/photos/photo_2320@04-10-2023_12-20-02.jpg,2023-10-04 12:20:02,2023,2023-2026,0.0001,30.49999999999997,114.19999999999985,-1.0819672131147542,0,4.31,2.0,30.49999999999997,0.6147150912521651,12.0,0.0,1.0,0.0,2.0,10.0,0.0,0.0,0.0,0.4655737704917961,0.0,0.0,0.0,6.2925,-0.5,0.25,-0.1674,-0.13790000000000002,2.0
2023-10-05T03:04:10,9513,NZDCAD,vente,0.81142,0.81517,0.79827,3.51,annoncé,1d,stop,-1.0,0.0,2023-10-12T00:00:00,2023-10-12T00:00:00,ChatExport_2026-10-01/photos/photo_2323@05-10-2023_03-04-10.jpg,2023-10-05 03:04:10,2023,2023-2026,0.0001,37.4999999999992,114.19999999999985,-1.0666666666666682,0,3.51,3.0,37.4999999999992,0.7255081046842194,3.0,0.0,0.0,1.0,3.0,10.0,0.0,0.0,0.0,0.3786666666666685,0.0,0.0,0.0,6.2925,-0.5,0.25,-0.1674,-0.13790000000000002,4.0
2023-10-06T14:48:31,9540,GBPUSD,vente,1.215,1.228,1.20622,0.68,annoncé,1d,stop,-1.0,0.33,2023-10-06T00:00:00,2023-10-10T00:00:00,ChatExport_2026-10-01/photos/photo_2330@06-10-2023_14-48-31.jpg,2023-10-06 14:48:31,2023,2023-2026,0.0001,129.999999999999,100.00000000000009,-1.0092307692307694,0,0.68,4.0,129.999999999999,1.8392324871188164,14.0,0.0,1.0,0.0,4.0,10.0,1.0,0.0,0.0,0.0,0.0,0.0,1.0,30.1697,0.125,-0.0,-0.2099,0.2985,3.0
2023-10-17T11:05:00,9577,GBPJPY,achat,181.241,180.733,183.799,5.04,annoncé,1d,objectif,5.04,5.04,2023-10-19T00:00:00,2023-10-31T00:00:00,assets/tradingview/2023-10/2023-10-17_11h26_msg9577_GkIXFZ16.png,2023-10-17 11:05:00,2023,2023-2026,0.01,50.80000000000098,124.10000000000139,4.990787401574804,1,5.04,3.0,50.80000000000098,0.4175176151373196,11.0,1.0,0.0,0.0,1.0,10.0,0.0,1.0,0.0,0.4744094488189158,1.0,1.0,0.0,-3.2546999999999997,5.35,0.25,0.3143,0.003599999999999999,-2.0
2023-10-18T15:03:39,9597,USDJPY,vente,149.995,150.492,148.473,3.06,annoncé,1d,non déclenché,,,,,ChatExport_2026-10-01/photos/photo_2350@18-10-2023_15-03-39.jpg,2023-10-18 15:03:39,2023,2023-2026,0.01,49.69999999999857,0.49999999999954525,,0,3.06,,,,,,,,,,,,,,,,,-9.075,-5.475,-0.25,-0.2676,-0.36910000000000004,-3.0
2023-10-24T08:00:02,9620,USDJPY,vente,150.4,150.507,148.008,22.36,annoncé,1d,stop,-1.0,0.0,2023-10-26T00:00:00,2023-10-26T00:00:00,ChatExport_2026-10-01/photos/photo_2353@24-10-2023_08-00-02.jpg,2023-10-24 08:00:02,2023,2023-2026,0.01,10.699999999999932,40.00000000000057,-1.0934579439252343,0,22.36,3.0,10.699999999999932,0.1924204782438247,8.0,1.0,0.0,0.0,1.0,10.0,0.0,0.0,0.0,0.9345794392522891,0.0,1.0,1.0,-7.509400000000001,-5.475,-0.25,-0.20829999999999999,-0.06709999999999999,2.0
2023-10-24T12:46:31,9630,GBPUSD,vente,1.215,1.22079,1.203,2.07,incohérent,1d,prix déjà au-delà du stop,,,,,ChatExport_2026-10-01/photos/photo_2356@24-10-2023_12-46-31.jpg,2023-10-24 12:46:31,2023,2023-2026,0.0001,57.899999999999615,100.00000000000009,,0,2.07,,,,,,,,,,,,,,,,,14.8249,0.125,-0.0,-0.09690000000000001,0.1402,-1.0
2023-10-26T08:21:00,9643,GBPUSD,vente,1.225,1.23,1.20918,3.16,annoncé,1d,non déclenché (objectif atteint sans entrée),,,,2023-10-26T00:00:00,assets/tradingview/2023-10/2023-10-26_08h21_msg9643_ZpFr0ovD.png,2023-10-26 08:21:00,2023,2023-2026,0.0001,49.999999999998934,0.0,,0,3.16,,,,,,,,,,,,,,,,,16.425,0.125,-0.25,-0.09690000000000001,0.1402,-2.0
2023-10-27T13:11:30,9659,EURUSD,vente,1.05798,1.06148,1.04548,3.57,annoncé,1d,stop,-1.0,1.24,2023-10-27T00:00:00,2023-10-30T00:00:00,ChatExport_2026-10-01/photos/photo_2364@27-10-2023_13-11-30.jpg,2023-10-27 13:11:30,2023,2023-2026,0.0001,35.00000000000058,79.79999999999876,-1.0228571428571425,0,3.57,4.0,35.00000000000058,0.5833698202807667,13.0,0.0,1.0,0.0,4.0,10.0,0.0,1.0,0.0,0.5771428571428854,0.0,0.0,1.0,21.9132,0.875,-0.5,0.051300000000000005,0.0352,-2.0
2023-10-27T13:11:43,9660,EURUSD,vente,1.05798,1.06,1.05693,0.52,après coup,1d,stop,-1.0,0.0,2023-10-25T00:00:00,2023-10-25T00:00:00,ChatExport_2026-10-01/photos/photo_2365@27-10-2023_13-11-43.jpg,2023-10-27 13:11:43,2023,2023-2026,0.0001,20.200000000001328,79.79999999999876,-1.039603960396037,0,0.52,2.0,,,,,,,,,,,,,,,,21.9132,0.875,-0.5,0.051300000000000005,0.0352,-2.0
2023-11-14T10:31:38,9829,GBPUSD,achat,1.22865,1.22665,1.23012,0.74,annoncé,1d,stop,-1.0,0.0,2023-11-14T00:00:00,2023-11-14T00:00:00,ChatExport_2026-10-01/photos/photo_2394@14-11-2023_10-31-38.jpg,2023-11-14 10:31:38,2023,2023-2026,0.0001,20.000000000000018,36.49999999999931,-1.06,0,0.74,1.0,20.000000000000018,0.2806094148540267,10.0,1.0,0.0,0.0,1.0,11.0,1.0,1.0,0.0,0.6749999999999806,1.0,0.0,1.0,-1.4552999999999998,-0.125,0.0,-0.0632,-0.1099,1.0
2023-11-14T13:33:00,9835,EURUSD,achat,1.07049,1.06849,1.07654,3.03,annoncé,1d,objectif,3.03,3.03,2023-11-14T13:33:00,2023-11-15T00:00:00,assets/tradingview/2023-11/2023-11-14_13h33_msg9835_sirLnxe2.png,2023-11-14 13:33:00,2023,2023-2026,0.0001,20.000000000000018,45.100000000000136,2.9899999999999998,1,3.03,1.0,20.000000000000018,0.3270266766170265,13.0,0.0,1.0,0.0,1.0,11.0,1.0,0.0,0.0,0.2449999999999395,1.0,0.0,1.0,-8.6265,-0.875,0.25,-0.1601,-0.0475,4.0
2023-11-15T06:51:00,9860,GBPAUD,vente,1.924,1.92811,1.91564,2.03,annoncé,1d,objectif,2.03,2.03,2023-11-15T00:00:00,2023-11-15T00:00:00,assets/tradingview/2023-11/2023-11-15_06h51_msg9860_sVu7V1qs.png,2023-11-15 06:51:00,2023,2023-2026,0.0001,41.10000000000058,10.000000000001119,1.9691727493917281,1,2.03,2.0,41.10000000000058,0.3615007525540889,6.0,0.0,0.0,1.0,2.0,11.0,0.0,0.0,0.0,0.2433090024331138,0.0,0.0,0.0,-9.1636,-0.9000000000000004,0.25,-0.1757,0.0809,4.0
2023-11-15T17:05:00,9876,AUDUSD,achat,0.64401,0.63895,0.65164,1.51,annoncé,1d,non déclenché (objectif atteint sans entrée),,,,2023-11-15T00:00:00,assets/tradingview/2023-11/2023-11-15_17h05_msg9876_nu908dTy.png,2023-11-15 17:05:00,2023,2023-2026,0.0001,50.59999999999953,59.9000000000005,,0,1.51,,,,,,,,,,,,,,,,,0.7682,-1.0250000000000004,0.25,-0.2389,-0.028999999999999998,4.0
2023-11-20T02:35:00,9930,AUDUSD,achat,0.64406,0.63993,0.6535,2.29,annoncé,1d,non déclenché (objectif atteint sans entrée),,,,2023-11-20T00:00:00,assets/tradingview/2023-11/2023-11-20_02h38_msg9930_S0QMseRj.png,2023-11-20 02:35:00,2023,2023-2026,0.0001,41.29999999999967,59.40000000000056,,0,2.29,,,,,,,,,,,,,,,,,12.344100000000001,-1.0250000000000004,0.25,-0.182,-0.04739999999999999,6.0
2023-11-28T15:47:40,9954,EURNZD,vente,1.804,1.80464,1.7901,21.72,annoncé,1d,non déclenché (objectif atteint sans entrée),,,,2023-11-28T00:00:00,ChatExport_2026-10-01/photos/photo_2420@28-11-2023_15-47-40.jpg,2023-11-28 15:47:40,2023,2023-2026,0.0001,6.399999999999739,40.000000000000036,,0,21.72,,,,,,,,,,,,,,,,,-2.907,1.0,-0.25,-0.0654,-0.1029,2.0
2023-11-29T17:48:09,9958,GBPAUD,achat,1.91015,1.90628,1.9251,3.86,annoncé,1d,stop,-1.0,2.11,2023-11-29T17:48:09,2023-12-01T00:00:00,ChatExport_2026-10-01/photos/photo_2421@29-11-2023_17-48-09.jpg,2023-11-29 17:48:09,2023,2023-2026,0.0001,38.7000000000004,101.4999999999988,-1.0645994832041337,0,3.86,2.0,38.7000000000004,0.3835486390322839,17.0,0.0,0.0,0.0,2.0,11.0,0.0,1.0,0.0,0.0387596899224472,1.0,0.0,0.0,14.4994,0.9000000000000004,-0.25,0.0907,-0.1194,0.0
2023-11-30T11:43:00,9965,GBPJPY,achat,186.293,185.785,186.654,0.71,après coup,1d,objectif déjà dépassé à la publication,,,,,assets/tradingview/2023-11/2023-11-30_15h00_msg9965_HgnZEX7X.png,2023-11-30 11:43:00,2023,2023-2026,0.01,50.80000000000098,120.69999999999936,,0,0.71,,,,,,,,,,,,,,,,,20.4284,5.35,0.0,0.26789999999999997,-0.0266,-1.0
2023-12-01T13:31:16,9984,GBPJPY,achat,186.989,186.688,187.223,0.78,annoncé,1d,stop,-1.0,0.0,2023-12-01T13:31:16,2023-12-04T00:00:00,ChatExport_2026-10-01/photos/photo_2428@01-12-2023_13-31-16.jpg,2023-12-01 13:31:16,2023,2023-2026,0.01,30.100000000001614,51.09999999999957,-1.0830564784053112,0,0.78,4.0,30.10000000000161,0.2345802126750633,13.0,0.0,1.0,0.0,4.0,12.0,1.0,1.0,0.0,0.0365448504983225,1.0,1.0,0.0,18.5513,5.35,0.0,0.26789999999999997,-0.0266,-1.0
2023-12-05T01:55:00,10005,GBPJPY,achat,185.704,185.287,188.734,7.27,annoncé,1d,stop,-1.0,0.0,2023-12-05T00:00:00,2023-12-05T00:00:00,assets/tradingview/2023-12/2023-12-05_01h55_msg10005_2lE87Qd2.png,2023-12-05 01:55:00,2023,2023-2026,0.01,41.70000000000016,70.40000000000077,-1.0599520383693044,0,7.27,1.0,41.70000000000016,0.3327823202267015,1.0,0.0,0.0,1.0,1.0,12.0,0.0,1.0,0.0,0.4892086330935418,1.0,1.0,0.0,15.051300000000001,5.35,0.0,0.2649,0.0031000000000000055,-1.0
2023-12-08T12:56:00,10031,EURUSD,achat,1.07508,1.07008,1.09092,3.17,annoncé,1d,objectif,3.17,3.17,2023-12-08T00:00:00,2023-12-14T00:00:00,assets/tradingview/2023-12/2023-12-08_12h57_msg10031_uEt1buUr.png,2023-12-08 12:56:00,2023,2023-2026,0.0001,50.00000000000115,0.8000000000008001,3.1540000000000004,1,3.17,4.0,50.00000000000115,0.8777199708823278,12.0,0.0,1.0,0.0,4.0,12.0,0.0,1.0,0.0,0.0160000000000156,1.0,0.0,1.0,21.701800000000002,-0.875,0.25,-0.31429999999999997,-0.2397,2.0
2023-12-21T10:36:00,10113,EURNZD,vente,1.75501,1.76012,1.75222,0.55,après coup,1h,objectif,0.55,0.55,2023-12-19T22:00:00,2023-12-19T22:00:00,assets/tradingview/2023-12/2023-12-21_10h37_msg10113_wE5I2vTB.png,2023-12-21 10:36:00,2023,2023-2026,0.0001,51.099999999999476,50.09999999999959,0.491291585127201,1,0.55,1.0,,,,,,,,,,,,,,,,-2.3444,1.0,-0.0,-0.1462,-0.11230000000000001,1.0
2024-01-05T18:24:00,10387,EURUSD,vente,1.09957,1.10257,1.09373,1.95,après coup,1h,objectif,1.95,1.95,2024-01-05T15:00:00,2024-01-05T18:00:00,assets/tradingview/2024-01/2024-01-05_18h24_msg10387_NEX4Csqp.png,2024-01-05 18:24:00,2024,2023-2026,0.0001,30.000000000001137,4.300000000001525,1.9233333333333342,1,1.95,4.0,,,,,,,,,,,,,,,,13.8044,0.875,-0.0,0.0654,-0.24889999999999998,-0.0
2024-01-24T14:28:07,10513,AUDJPY,vente,96.5,97.985,94.992,1.02,annoncé,1h,non déclenché,,,,,ChatExport_2026-10-01/photos/photo_2539@24-01-2024_14-28-07.jpg,2024-01-24 14:28:07,2024,2023-2026,0.01,148.49999999999994,100.0,,0,1.02,,,,,,,,,,,,,,,,,-7.4772,-4.449999999999999,-0.25,-0.2216,0.09890000000000002,-1.0
2024-02-02T10:17:39,10597,NZDUSD,vente,0.61723,0.62269,0.60547,2.15,annoncé,1h,objectif,2.15,2.15,2024-02-02T10:17:39,2024-02-05T00:00:00,ChatExport_2026-10-01/photos/photo_2558@02-02-2024_10-17-39.jpg,2024-02-02 10:17:39,2024,2023-2026,0.0001,54.6000000000002,77.70000000000054,2.1225274725274725,1,2.15,4.0,54.6000000000002,1.1882087984034346,10.0,1.0,0.0,0.0,4.0,2.0,1.0,0.0,0.0,0.4084249084248985,0.0,0.0,1.0,23.8778,-0.125,-0.0,-0.29259999999999997,-0.33530000000000004,1.0
2024-02-05T16:53:00,10616,EURNZD,achat,1.77514,1.76996,1.79981,4.76,annoncé,1h,stop,-1.0,0.04,2024-02-05T16:53:00,2024-02-06T04:00:00,assets/tradingview/2024-02/2024-02-05_16h54_msg10616_222uzJTr.png,2024-02-05 16:53:00,2024,2023-2026,0.0001,51.79999999999962,1.3999999999980695,-1.0579150579150582,0,4.76,0.0,51.79999999999962,0.4747015096545117,16.0,0.0,1.0,0.0,0.0,2.0,1.0,0.0,0.0,0.0270270270269899,1.0,0.0,0.0,-2.1674,-1.0,0.0,-0.0914,-0.0659,-1.0
2024-02-06T03:32:00,10619,AUDJPY,achat,96.488,96.259,96.674,0.81,après coup,1h,objectif,0.81,0.81,2024-02-06T03:00:00,2024-02-06T03:00:00,assets/tradingview/2024-02/2024-02-06_03h33_msg10619_AYwDHnCK.png,2024-02-06 03:32:00,2024,2023-2026,0.01,22.89999999999992,101.20000000000005,0.7313973799126635,1,0.81,1.0,,,,,,,,,,,,,,,,-1.4662999999999995,4.449999999999999,0.25,0.19290000000000002,-0.0897,2.0
2024-02-06T12:43:00,10625,AUDUSD,vente,0.65196,0.65458,0.63943,4.78,après coup,1h,stop,-1.0,2.89,2024-02-06T07:00:00,2024-02-16T19:00:00,assets/tradingview/2024-02/2024-02-06_12h43_msg10625_djDvqAG0.png,2024-02-06 12:43:00,2024,2023-2026,0.0001,26.200000000000667,19.599999999999618,-1.0381679389312968,0,4.78,1.0,,,,,,,,,,,,,,,,32.2566,1.0250000000000004,-0.25,-0.2557,-0.441,1.0
2024-02-13T11:31:00,10677,EURUSD,vente,1.07954,1.08716,1.07092,1.13,annoncé,1h,objectif,1.13,1.13,2024-02-13T11:31:00,2024-02-13T13:00:00,assets/tradingview/2024-02/2024-02-13_11h31_msg10677_11Wmy7OD.png,2024-02-13 11:31:00,2024,2023-2026,0.0001,76.19999999999959,45.399999999999885,1.1195013123359578,1,1.13,1.0,76.19999999999959,1.2522991107509946,11.0,1.0,0.0,0.0,1.0,2.0,1.0,1.0,0.0,0.0603674540682584,0.0,0.0,1.0,21.5287,0.875,-0.0,-0.1811,-0.2401,4.0
2024-02-13T13:31:00,10680,EURUSD,vente,1.08312,1.08716,1.07092,3.02,annoncé,1h,non déclenché (objectif atteint sans entrée),,,,2024-02-13T14:00:00,assets/tradingview/2024-02/2024-02-13_13h32_msg10680_S1XIA1kg.png,2024-02-13 13:31:00,2024,2023-2026,0.0001,40.399999999998215,81.20000000000127,,0,3.02,,,,,,,,,,,,,,,,,21.5287,0.875,-0.0,-0.1811,-0.2401,4.0
2024-02-13T13:48:00,10685,GBPUSD,vente,1.26766,1.2716,1.25219,3.93,après coup,1h,stop,-1.0,3.56,2024-02-13T13:00:00,2024-03-05T15:00:00,assets/tradingview/2024-02/2024-02-13_13h48_msg10685_hdvtlof2.png,2024-02-13 13:48:00,2024,2023-2026,0.0001,39.400000000000546,73.40000000000124,-1.0304568527918778,0,3.93,1.0,,,,,,,,,,,,,,,,22.6513,0.125,-0.0,-0.3476,-0.2629,4.0
2024-02-29T10:33:00,10722,GBPUSD,vente,1.26923,1.27126,1.26679,1.2,après coup,1h,objectif,1.2,1.2,2024-02-27T18:00:00,2024-02-28T03:00:00,assets/tradingview/2024-02/2024-02-29_10h35_msg10722_qRK1hv3B.png,2024-02-29 10:33:00,2024,2023-2026,0.0001,20.299999999999763,57.70000000000053,1.1408866995073885,1,1.2,1.0,,,,,,,,,,,,,,,,15.130299999999998,0.125,-0.0,-0.4835,-0.1274,-0.0
2024-03-19T04:49:05,10794,AUDJPY,achat,97.601,97.28,98.267,2.07,après coup,1h,objectif,2.07,2.07,2024-03-19T03:00:00,2024-03-19T14:00:00,ChatExport_2026-10-01/photos/photo_2609@19-03-2024_04-49-05.jpg,2024-03-19 04:49:05,2024,2023-2026,0.01,32.099999999999795,10.099999999999909,2.0139252336448594,1,2.07,1.0,,,,,,,,,,,,,,,,-5.4902,4.449999999999999,0.0,0.1759,-0.0552,0.0
2024-03-22T03:23:00,10825,NZDJPY,achat,91.067,90.762,92.799,5.68,annoncé,1h,stop,-1.0,0.23,2024-03-22T06:00:00,2024-03-22T14:00:00,assets/tradingview/2024-03/2024-03-22_03h24_msg10825_Nrrfr4hw.png,2024-03-22 03:23:00,2024,2023-2026,0.01,30.49999999999926,106.6999999999993,-1.065573770491805,0,5.68,4.0,30.49999999999926,0.5667648342523116,3.0,0.0,0.0,1.0,4.0,3.0,1.0,1.0,0.0,0.2196721311475235,1.0,1.0,0.0,-5.6197,5.45,-0.15,0.2829,-0.0529,1.0
2024-04-02T12:01:00,10853,GBPJPY,achat,190.439,190.03,193.363,7.15,annoncé,1h,stop,-1.0,6.18,2024-04-02T12:01:00,2024-04-12T13:00:00,assets/tradingview/2024-04/2024-04-02_12h01_msg10853_6fqvJXxl.png,2024-04-02 12:01:00,2024,2023-2026,0.01,40.89999999999918,43.899999999999295,-1.0611246943765293,0,7.15,1.0,40.89999999999918,0.3922760720035007,12.0,0.0,1.0,0.0,1.0,4.0,1.0,1.0,0.0,0.1491442542787488,1.0,1.0,0.0,-7.1114999999999995,5.2,-0.15,0.3973,0.014900000000000004,1.0
2024-04-10T00:58:00,10928,NZDJPY,vente,92.505,92.805,91.972,1.78,après coup,1h,objectif déjà dépassé à la publication,,,,,assets/tradingview/2024-04/2024-04-10_00h58_msg10928_XpwcVPCB.png,2024-04-10 00:58:00,2024,2023-2026,0.01,30.000000000001137,0.49999999999954525,,0,1.78,,,,,,,,,,,,,,,,,-0.5260999999999998,-5.45,0.15,-0.4041,-0.037899999999999996,2.0
2024-04-17T16:44:40,11037,EURNZD,vente,1.796,1.80584,1.78574,1.04,annoncé,1h,non déclenché,,,,,ChatExport_2026-10-01/photos/photo_2663@17-04-2024_16-44-40.jpg,2024-04-17 16:44:40,2024,2023-2026,0.0001,98.39999999999849,40.000000000000036,,0,1.04,,,,,,,,,,,,,,,,,-2.0559000000000003,1.0,-0.0,0.1777,0.121,-0.0
2024-04-26T12:53:00,11097,EURUSD,vente,1.07505,1.07554,1.07479,0.53,après coup,1h,objectif,0.53,0.53,2024-04-26T08:00:00,2024-04-26T08:00:00,assets/tradingview/2024-04/2024-04-26_12h54_msg11097_C8BiAUf5.png,2024-04-26 12:53:00,2024,2023-2026,0.0001,4.899999999998794,0.5000000000010552,0.3667346938775109,1,0.53,4.0,,,,,,,,,,,,,,,,6.482900000000001,0.875,-0.0,-0.3558,-0.1184,-0.0
2024-04-26T14:51:00,11101,EURUSD,vente,1.07505,1.07808,1.06792,2.35,après coup,1h,objectif,2.35,2.35,2024-04-26T08:00:00,2024-04-26T15:00:00,assets/tradingview/2024-04/2024-04-26_14h51_msg11101_Nbsdc9ez.png,2024-04-26 14:51:00,2024,2023-2026,0.0001,30.29999999999866,0.5000000000010552,2.3235973597359725,1,2.35,4.0,,,,,,,,,,,,,,,,6.482900000000001,0.875,-0.0,-0.3558,-0.1184,-0.0
2024-04-30T13:43:15,11139,EURUSD,vente,1.07505,1.07908,1.06553,2.36,annoncé,1h,non déclenché (objectif atteint sans entrée),,,,2024-05-01T06:00:00,ChatExport_2026-10-01/photos/photo_2673@30-04-2024_13-43-15.jpg,2024-04-30 13:43:15,2024,2023-2026,0.0001,40.29999999999978,0.5000000000010552,,0,2.36,,,,,,,,,,,,,,,,,-0.5958,0.875,-0.0,-0.3661,-0.029199999999999997,-1.0
2024-05-03T09:48:56,11165,EURUSD,vente,1.07563,1.07965,1.064,2.89,annoncé,1h,stop,-1.0,0.35,2024-05-03T09:48:56,2024-05-03T12:00:00,ChatExport_2026-10-01/photos/photo_2679@03-05-2024_09-48-56.jpg,2024-05-03 09:48:56,2024,2023-2026,0.0001,40.19999999999912,6.300000000001305,-1.0199004975124382,0,2.89,4.0,40.19999999999912,0.7783774940810868,9.0,1.0,0.0,0.0,4.0,5.0,0.0,1.0,0.0,0.1567164179104836,0.0,0.0,1.0,-3.495,0.875,-0.0,-0.3661,-0.029199999999999997,2.0
2024-05-03T12:36:05,11174,EURUSD,vente,1.07563,1.07908,1.06553,2.93,incohérent,1h,prix déjà au-delà du stop,,,,,ChatExport_2026-10-01/photos/photo_2680@03-05-2024_12-36-05.jpg,2024-05-03 12:36:05,2024,2023-2026,0.0001,34.49999999999953,6.300000000001305,,0,2.93,,,,,,,,,,,,,,,,,-3.495,0.875,-0.0,-0.3661,-0.029199999999999997,2.0
2024-05-08T16:15:00,11216,GBPUSD,vente,1.25308,1.25809,1.23749,3.11,annoncé,1h,stop,-1.0,0.53,2024-05-10T06:00:00,2024-05-14T13:00:00,assets/tradingview/2024-05/2024-05-08_16h16_msg11216_77Hl2M6S.png,2024-05-08 16:15:00,2024,2023-2026,0.0001,50.09999999999959,30.799999999999716,-1.0239520958083834,0,3.11,4.0,50.09999999999959,0.744136678015486,16.0,0.0,1.0,0.0,2.0,5.0,0.0,1.0,0.0,0.3832335329341635,0.0,0.0,1.0,-1.7833,0.125,-0.0,-0.4012,0.2121,2.0
2024-05-15T13:19:00,11268,EURCHF,achat,0.97548,0.97248,0.98461,3.04,annoncé,1h,non déclenché (objectif atteint sans entrée),,,,2024-05-16T20:00:00,assets/tradingview/2024-05/2024-05-15_13h20_msg11268_XF5leiTj.png,2024-05-15 13:19:00,2024,2023-2026,0.0001,30.000000000000025,4.799999999999249,,0,3.04,,,,,,,,,,,,,,,,,8.747499999999999,3.0,0.25,0.10450000000000001,0.1168,0.0
2024-05-23T20:24:21,11320,GBPUSD,vente,1.27093,1.27841,1.25826,1.69,annoncé,1h,stop,-1.0,0.36,2024-05-23T20:24:21,2024-05-28T11:00:00,ChatExport_2026-10-01/photos/photo_2702@23-05-2024_20-24-21.jpg,2024-05-23 20:24:21,2024,2023-2026,0.0001,74.80000000000153,40.7000000000024,-1.0160427807486627,0,1.69,3.0,74.80000000000153,1.320367511975633,20.0,0.0,0.0,0.0,3.0,5.0,0.0,1.0,0.0,0.1243315508021198,0.0,0.0,1.0,-24.2828,0.125,-0.0,-0.3654,0.1255,-0.0
2024-06-03T14:04:05,11341,EURAUD,vente,1.63543,1.64058,1.61419,4.12,annoncé,1h,stop,-1.0,1.15,2024-06-04T06:00:00,2024-06-07T13:00:00,ChatExport_2026-10-01/photos/photo_2711@03-06-2024_14-04-05.jpg,2024-06-03 14:04:05,2024,2023-2026,0.0001,51.49999999999988,104.29999999999939,-1.0388349514563107,0,4.12,1.0,51.49999999999988,0.7641760997643664,14.0,0.0,1.0,0.0,0.0,6.0,0.0,1.0,0.0,0.0834951456310546,0.0,0.0,0.0,-5.9300999999999995,-0.15000000000000036,-0.0,-0.07769999999999999,0.034699999999999995,-0.0
2024-06-04T22:55:00,11379,NZDJPY,achat,98.054,97.244,103.478,6.7,incohérent,1h,prix déjà au-delà du stop,,,,,assets/tradingview/2024-06/2024-06-04_22h55_msg11379_Dea1G7NA.png,2024-06-04 22:55:00,2024,2023-2026,0.01,81.00000000000023,55.400000000000205,,0,6.7,,,,,,,,,,,,,,,,,3.4928,5.45,-0.15,0.3295,-0.14079999999999998,0.0
2024-06-19T03:14:00,11426,EURAUD,vente,1.63563,1.64054,1.61391,4.42,après coup,1h,objectif déjà dépassé à la publication,,,,,assets/tradingview/2024-06/2024-06-19_03h14_msg11426_bs8ycGer.png,2024-06-19 03:14:00,2024,2023-2026,0.0001,49.10000000000192,106.29999999999917,,0,4.42,,,,,,,,,,,,,,,,,3.1519,0.09999999999999964,0.25,-0.079,0.0597,4.0
2024-07-12T04:17:00,11473,AUDUSD,achat,0.67598,0.67309,0.70089,8.62,annoncé,1h,stop,-1.0,0.39,2024-07-15T17:00:00,2024-07-16T12:00:00,assets/tradingview/2024-07/2024-07-12_04h17_msg11473_CMJ32wXg.png,2024-07-12 04:17:00,2024,2023-2026,0.0001,28.900000000000592,9.799999999999809,-1.0346020761245667,0,8.62,0.0,28.900000000000592,0.7374007612496744,4.0,0.0,0.0,1.0,4.0,7.0,1.0,1.0,0.0,0.3391003460207477,1.0,0.0,1.0,38.4643,-1.0250000000000004,0.0,0.0105,-0.36760000000000004,0.0
2024-07-31T02:26:00,11526,EURJPY,achat,165.27,163.749,170.051,3.14,annoncé,1h,stop,-1.0,0.83,2024-07-31T02:26:00,2024-07-31T07:00:00,assets/tradingview/2024-07/2024-07-31_02h26_msg11526_1hpgE5vs.png,2024-07-31 02:26:00,2024,2023-2026,0.01,152.1000000000015,27.000000000001023,-1.0098619329388558,0,3.14,2.0,152.1000000000015,0.8647304286400407,2.0,0.0,0.0,1.0,2.0,7.0,0.0,0.0,0.0,0.1512163050624506,1.0,1.0,0.0,-8.7706,4.2,-0.25,0.1973,-0.1072,0.0
2024-08-28T12:05:06,11635,GBPAUD,vente,1.94995,1.95208,1.943,3.26,annoncé,1h,objectif,3.26,3.26,2024-08-28T12:05:06,2024-08-28T20:00:00,ChatExport_2026-10-01/photos/photo_2749@28-08-2024_12-05-06.jpg,2024-08-28 12:05:06,2024,2023-2026,0.0001,21.299999999999653,0.5000000000010552,3.1426291079812185,1,3.26,2.0,21.299999999999653,0.222355024297881,12.0,0.0,1.0,0.0,2.0,8.0,0.0,1.0,0.0,0.0234741784037015,0.0,0.0,0.0,1.4697,-0.6500000000000004,0.25,-0.3337,-0.03710000000000001,-0.0
2024-08-30T02:17:00,11740,AUDJPY,achat,98.8,98.338,99.201,0.87,annoncé,1h,objectif,0.87,0.87,2024-08-30T08:00:00,2024-09-01T23:00:00,assets/tradingview/2024-08/2024-08-30_02h18_msg11740_cpoOq9yH.png,2024-08-30 02:17:00,2024,2023-2026,0.01,46.20000000000033,120.00000000000028,0.8310389610389614,1,0.87,4.0,46.20000000000033,0.4352633255396348,2.0,0.0,0.0,1.0,4.0,8.0,1.0,0.0,0.0,0.4329004329004359,1.0,1.0,0.0,11.0905,4.1,-0.2,-0.1114,-0.2931,0.0
2024-08-30T02:20:00,11742,AUDJPY,achat,98.363,97.762,99.201,1.39,annoncé,1h,objectif,1.39,1.39,2024-08-30T02:20:00,2024-09-01T23:00:00,assets/tradingview/2024-08/2024-08-30_02h20_msg11742_HWcaD2uH.png,2024-08-30 02:20:00,2024,2023-2026,0.01,60.09999999999991,86.29999999999995,1.3600499168053244,1,1.39,4.0,60.09999999999991,0.566219174565624,2.0,0.0,0.0,1.0,4.0,8.0,1.0,0.0,0.0,0.2279534109816982,1.0,1.0,0.0,11.0905,4.1,-0.2,-0.1114,-0.2931,0.0
2024-09-06T01:10:00,11826,AUDNZD,vente,1.08523,1.08769,1.07779,3.02,annoncé,1h,stop,-1.0,2.1,2024-09-09T10:00:00,2024-09-11T19:00:00,assets/tradingview/2024-09/2024-09-06_01h11_msg11826_17GsS9uf.png,2024-09-06 01:10:00,2024,2023-2026,0.0001,24.600000000001288,102.29999999999961,-1.0813008130081259,0,3.02,0.0,24.600000000001288,0.4641857804456641,1.0,0.0,0.0,1.0,4.0,9.0,1.0,0.0,0.0,0.0934959349593253,0.0,0.0,0.0,-2.1686,0.9000000000000004,-0.25,0.1165,-0.1149,2.0
2024-09-10T03:11:00,11842,EURNZD,vente,1.79758,1.80267,1.78241,2.98,annoncé,1h,objectif,2.98,2.98,2024-09-10T03:11:00,2024-09-19T08:00:00,assets/tradingview/2024-09/2024-09-10_03h11_msg11842_0FFpOhLt.png,2024-09-10 03:11:00,2024,2023-2026,0.0001,50.90000000000039,24.200000000000887,2.9210609037328097,1,2.98,1.0,50.90000000000039,0.4926711601552446,3.0,0.0,0.0,1.0,1.0,9.0,1.0,0.0,0.0,0.4754420432220177,0.0,0.0,0.0,8.4588,1.0,-0.0,0.0335,-0.0477,2.0
2024-09-11T10:18:47,11855,EURNZD,vente,1.794,1.80302,1.73049,7.04,annoncé,1h,stop,-1.0,5.04,2024-09-11T20:00:00,2024-10-09T03:00:00,ChatExport_2026-10-01/photos/photo_2846@11-09-2024_10-18-47.jpg,2024-09-11 10:18:47,2024,2023-2026,0.0001,90.20000000000027,60.00000000000005,-1.033259423503326,0,7.04,2.0,90.20000000000029,0.8599244547630078,10.0,1.0,0.0,0.0,2.0,9.0,1.0,0.0,0.0,0.1108647450110739,0.0,0.0,0.0,8.4588,1.0,-0.25,0.0335,-0.0477,7.0
2024-09-11T12:31:00,11856,EURNZD,vente,1.802,1.80302,1.79864,3.29,après coup,1h,objectif,3.29,3.29,2024-09-09T10:00:00,2024-09-09T11:00:00,assets/tradingview/2024-09/2024-09-11_12h32_msg11856_A1crWkIl.png,2024-09-11 12:31:00,2024,2023-2026,0.0001,10.200000000000209,20.000000000000018,2.9958823529411824,1,3.29,0.0,,,,,,,,,,,,,,,,8.4588,1.0,-0.25,0.0335,-0.0477,7.0
2024-09-11T22:01:00,11867,EURNZD,vente,1.79922,1.80222,1.79065,2.86,après coup,1h,objectif,2.86,2.86,2024-09-11T16:00:00,2024-09-12T04:00:00,assets/tradingview/2024-09/2024-09-11_22h02_msg11867_e0oRG1En.png,2024-09-11 22:01:00,2024,2023-2026,0.0001,29.999999999998916,7.800000000000029,2.7599999999999962,1,2.86,2.0,,,,,,,,,,,,,,,,8.4588,1.0,-0.25,0.0335,-0.0477,7.0
2024-09-10T11:32:00,11871,AUDNZD,achat,1.0825,1.0805,1.08765,2.57,annoncé,1h,stop,-1.0,0.26,2024-09-10T11:32:00,2024-09-10T14:00:00,assets/tradingview/2024-09/2024-09-11_22h56_msg11871_CPzCusce.png,2024-09-10 11:32:00,2024,2023-2026,0.0001,20.000000000000018,75.00000000000061,-1.0999999999999999,0,2.57,1.0,20.000000000000018,0.375862559848427,11.0,1.0,0.0,0.0,1.0,9.0,0.0,1.0,0.0,1.2499999999999722,1.0,0.0,0.0,3.2241,-0.9000000000000004,0.25,-0.1492,-0.0040999999999999995,-2.0
2024-09-12T11:55:00,11883,GBPUSD,vente,1.30724,1.30976,1.2996,3.03,annoncé,1h,stop,-1.0,0.76,2024-09-12T14:00:00,2024-09-12T17:00:00,assets/tradingview/2024-09/2024-09-12_11h56_msg11883_z6fmMwtw.png,2024-09-12 11:55:00,2024,2023-2026,0.0001,25.200000000000777,72.39999999999912,-1.0476190476190461,0,3.03,3.0,25.200000000000777,0.3448321109614644,11.0,1.0,0.0,0.0,3.0,9.0,1.0,1.0,0.0,0.8888888888888693,0.0,0.0,1.0,5.7646999999999995,0.375,0.25,0.3176,0.1191,-4.0
2024-09-18T16:08:00,11942,GBPAUD,achat,1.94996,1.94481,1.97102,4.09,annoncé,1h,stop,-1.0,0.94,2024-09-18T17:00:00,2024-09-19T02:00:00,assets/tradingview/2024-09/2024-09-18_16h08_msg11942_WLQQ3nfj.png,2024-09-18 16:08:00,2024,2023-2026,0.0001,51.49999999999988,0.4000000000026205,-1.0485436893203886,0,4.09,2.0,51.49999999999988,0.5623588560887408,16.0,0.0,1.0,0.0,2.0,9.0,1.0,1.0,0.0,0.0077669902912699,1.0,0.0,0.0,-8.9314,0.6500000000000004,-0.25,0.24530000000000002,-0.097,1.0
2024-09-19T23:44:00,11979,GBPAUD,achat,1.94481,1.93974,1.96076,3.15,après coup,1h,stop,-1.0,2.45,2024-09-19T13:00:00,2024-09-27T12:00:00,assets/tradingview/2024-09/2024-09-19_23h44_msg11979_pYQoamBz.png,2024-09-19 23:44:00,2024,2023-2026,0.0001,50.69999999999908,51.9000000000025,-1.049309664694281,0,3.15,3.0,,,,,,,,,,,,,,,,-7.9314,0.6500000000000004,-0.25,0.24530000000000002,-0.097,1.0
2024-10-07T03:27:00,12040,GBPUSD,vente,1.32491,1.32993,1.31264,2.44,annoncé,1h,non déclenché (objectif atteint sans entrée),,,,2024-10-07T04:00:00,assets/tradingview/2024-10/2024-10-07_03h28_msg12040_F7UxsBtl.png,2024-10-07 03:27:00,2024,2023-2026,0.0001,50.200000000000244,0.8999999999992347,,0,2.44,,,,,,,,,,,,,,,,,21.984499999999997,-0.125,-0.25,-0.101,-0.41859999999999997,-0.0
2024-10-07T03:32:00,12042,GBPJPY,achat,193.492,192.191,194.898,1.08,annoncé,1h,non déclenché (objectif atteint sans entrée),,,,2024-10-07T04:00:00,assets/tradingview/2024-10/2024-10-07_03h32_msg12042_XTRLG7dh.png,2024-10-07 03:32:00,2024,2023-2026,0.01,130.09999999999877,99.19999999999902,,0,1.08,,,,,,,,,,,,,,,,,-4.4635,4.75,-0.45,0.2392,-0.0412,0.0
2024-10-07T16:36:41,12050,GBPJPY,achat,193.834,192.907,196.697,3.09,annoncé,1h,stop,-1.0,0.15,2024-10-07T16:36:41,2024-10-08T07:00:00,ChatExport_2026-10-01/photos/photo_2881@07-10-2024_16-36-41.jpg,2024-10-07 16:36:41,2024,2023-2026,0.01,92.69999999999925,116.59999999999968,-1.0269687162891048,0,3.09,0.0,92.69999999999924,0.3507166927342204,16.0,0.0,1.0,0.0,0.0,10.0,1.0,1.0,0.0,0.1790722761596528,1.0,1.0,0.0,-4.4635,4.75,-0.45,0.2392,-0.0412,0.0
2024-10-16T12:51:00,12102,EURNZD,vente,1.79729,1.80082,1.79488,0.68,après coup,1h,objectif,0.68,0.68,2024-10-16T01:00:00,2024-10-16T03:00:00,assets/tradingview/2024-10/2024-10-16_12h52_msg12102_TTSbmpiw.png,2024-10-16 12:51:00,2024,2023-2026,0.0001,35.30000000000033,27.099999999999902,0.5950141643059499,1,0.68,2.0,,,,,,,,,,,,,,,,-6.9833,1.25,-0.0,0.12499999999999999,0.1171,-0.0
2024-10-17T01:02:00,12109,EURAUD,vente,1.62496,1.6301,1.60927,3.05,après coup,1h,stop,-1.0,2.29,2024-10-17T00:00:00,2024-10-24T15:00:00,assets/tradingview/2024-10/2024-10-17_01h02_msg12109_NLHVJozc.png,2024-10-17 01:02:00,2024,2023-2026,0.0001,51.40000000000144,0.40000000000040004,-1.0389105058365748,0,3.05,3.0,,,,,,,,,,,,,,,,-1.7456000000000003,0.8499999999999996,0.75,0.08299999999999999,0.1377,-0.0
2024-10-17T11:12:00,12111,EURAUD,vente,1.628,1.63104,1.60997,5.93,après coup,1h,stop,-1.0,4.88,2024-10-17T00:00:00,2024-10-24T16:00:00,assets/tradingview/2024-10/2024-10-17_11h12_msg12111_hHne9hlz.png,2024-10-17 11:12:00,2024,2023-2026,0.0001,30.400000000001537,29.999999999998916,-1.0657894736842073,0,5.93,3.0,,,,,,,,,,,,,,,,-1.7456000000000003,0.8499999999999996,0.75,0.08299999999999999,0.1377,-0.0
2024-10-17T11:13:00,12113,GBPAUD,vente,1.94649,1.95075,1.94413,0.55,après coup,1h,objectif,0.55,0.55,2024-10-17T00:00:00,2024-10-17T00:00:00,assets/tradingview/2024-10/2024-10-17_11h13_msg12113_APR8T2xb.png,2024-10-17 11:13:00,2024,2023-2026,0.0001,42.599999999999305,35.10000000000124,0.4913145539906094,1,0.55,3.0,,,,,,,,,,,,,,,,-0.5616000000000001,-0.6500000000000004,0.25,-0.1476,0.0977,-0.0
2024-10-22T12:50:00,12146,EURAUD,vente,1.62529,1.62778,1.61749,3.13,après coup,1h,objectif,3.13,3.13,2024-10-22T01:00:00,2024-10-22T04:00:00,assets/tradingview/2024-10/2024-10-22_12h51_msg12146_3Bw1JeO5.png,2024-10-22 12:50:00,2024,2023-2026,0.0001,24.900000000001032,2.8999999999990145,3.049678714859441,1,3.13,1.0,,,,,,,,,,,,,,,,3.1022,0.8499999999999996,0.75,0.0426,0.1519,2.0
2024-10-22T12:54:00,12148,GBPAUD,vente,1.94649,1.94782,1.94413,1.77,après coup,1h,objectif,1.77,1.77,2024-10-22T08:00:00,2024-10-22T08:00:00,assets/tradingview/2024-10/2024-10-22_12h54_msg12148_f7VNqScy.png,2024-10-22 12:54:00,2024,2023-2026,0.0001,13.300000000000534,35.10000000000124,1.5820300751879774,1,1.77,1.0,,,,,,,,,,,,,,,,-0.5179,-0.6500000000000004,0.25,-0.17279999999999998,0.1429,1.0
2024-10-22T12:55:00,12151,AUDJPY,achat,100.255,99.398,102.596,2.73,après coup,1h,ouvert après 20 jours,0.05,2.5,2024-10-22T01:00:00,2024-11-19T01:00:00,assets/tradingview/2024-10/2024-10-22_12h55_msg12151_rwCBfKhA.png,2024-10-22 12:55:00,2024,2023-2026,0.01,85.69999999999993,25.499999999999545,0.028996499416569413,0,2.73,1.0,,,,,,,,,,,,,,,,6.6077,4.1,-0.2,0.014100000000000001,0.03589999999999999,1.0
2024-10-31T12:14:00,12177,GBPJPY,achat,197.51,197.01,199.537,4.05,après coup,1h,stop,-1.0,2.23,2024-10-31T09:00:00,2024-10-31T14:00:00,assets/tradingview/2024-10/2024-10-31_12h15_msg12177_ooPukeDn.png,2024-10-31 12:14:00,2024,2023-2026,0.01,50.0,0.9999999999990905,-1.05,0,4.05,3.0,,,,,,,,,,,,,,,,6.2818000000000005,4.75,0.0,0.2098,-0.0616,0.0
2024-11-07T02:41:00,12228,GBPAUD,vente,1.97519,1.98123,1.9536,3.57,après coup,1h,objectif,3.57,3.57,2024-11-06T04:00:00,2024-11-07T02:00:00,assets/tradingview/2024-11/2024-11-07_02h41_msg12228_2xlgwyGx.png,2024-11-07 02:41:00,2024,2023-2026,0.0001,60.40000000000045,1.8999999999991246,3.528609271523179,1,3.57,2.0,,,,,,,,,,,,,,,,2.9825,-0.6500000000000004,-0.0,-0.1524,0.010700000000000001,-0.0
2024-11-07T02:57:00,12233,EURNZD,vente,1.81546,1.82203,1.79496,3.12,annoncé,1h,non déclenché (objectif atteint sans entrée),,,,2024-11-07T03:00:00,assets/tradingview/2024-11/2024-11-07_02h57_msg12233_LbQ3OeBQ.png,2024-11-07 02:57:00,2024,2023-2026,0.0001,65.69999999999965,95.40000000000103,,0,3.12,,,,,,,,,,,,,,,,,-15.935500000000001,1.5,0.25,0.2556,0.1127,-0.0
2024-11-07T18:56:00,12243,GBPUSD,vente,1.29996,1.306,1.28321,2.77,annoncé,1h,non déclenché (objectif atteint sans entrée),,,,2024-11-12T05:00:00,assets/tradingview/2024-11/2024-11-07_18h57_msg12243_DYyshOvq.png,2024-11-07 18:56:00,2024,2023-2026,0.0001,60.40000000000045,0.40000000000040004,,0,2.77,,,,,,,,,,,,,,,,,6.5840000000000005,-0.125,-0.5,-0.6194,-0.5184000000000001,-0.0
2024-11-08T17:03:00,12250,GBPUSD,vente,1.30009,1.30409,1.28706,3.26,annoncé,1h,non déclenché (objectif atteint sans entrée),,,,2024-11-11T13:00:00,assets/tradingview/2024-11/2024-11-08_17h03_msg12250_R8CTCir9.png,2024-11-08 17:03:00,2024,2023-2026,0.0001,40.000000000000036,0.8999999999992347,,0,3.26,,,,,,,,,,,,,,,,,5.1312,0.125,-0.25,-0.6194,-0.5184000000000001,-0.0
2024-11-15T02:22:00,12275,GBPJPY,achat,197.504,196.992,199.169,3.25,annoncé,1h,stop,-1.0,1.08,2024-11-15T07:00:00,2024-11-15T08:00:00,assets/tradingview/2024-11/2024-11-15_02h23_msg12275_aCJFqAzx.png,2024-11-15 02:22:00,2024,2023-2026,0.01,51.200000000000045,0.39999999999906777,-1.048828125,0,3.25,4.0,51.200000000000045,0.3270940781301359,2.0,0.0,0.0,1.0,4.0,11.0,1.0,1.0,0.0,0.0078124999999817,1.0,1.0,0.0,-1.7428,4.5,-0.25,0.2463,0.029299999999999993,0.0
2024-11-19T08:24:00,12299,AUDJPY,achat,100.8,99.743,101.552,0.71,annoncé,1h,objectif,0.71,0.71,2024-11-19T17:00:00,2024-11-20T07:00:00,assets/tradingview/2024-11/2024-11-19_08h25_msg12299_fvK8sGaU.png,2024-11-19 08:24:00,2024,2023-2026,0.01,105.70000000000022,79.99999999999972,0.6929706717123936,1,0.71,1.0,105.70000000000022,1.081646097805264,8.0,1.0,0.0,0.0,1.0,11.0,0.0,1.0,0.0,0.1892147587511849,1.0,1.0,0.0,5.485,4.1,0.0,0.11320000000000001,0.0991,0.0
2024-11-21T14:12:00,12311,USDJPY,vente,155.836,156.643,154.493,1.66,après coup,1h,objectif,1.66,1.66,2024-11-20T14:00:00,2024-11-21T08:00:00,assets/tradingview/2024-11/2024-11-21_14h13_msg12311_qG6RrGiU.png,2024-11-21 14:12:00,2024,2023-2026,0.01,80.6999999999988,83.60000000000127,1.647608426270136,1,1.66,2.0,,,,,,,,,,,,,,,,-19.6053,-4.375,0.75,0.30820000000000003,0.030100000000000016,-0.0
2024-11-22T02:45:00,12334,AUDNZD,achat,1.10307,1.10061,1.11089,3.18,après coup,1h,objectif,3.18,3.18,2024-11-19T22:00:00,2024-11-21T07:00:00,assets/tradingview/2024-11/2024-11-22_02h46_msg12334_vE3fTfUM.png,2024-11-22 02:45:00,2024,2023-2026,0.0001,24.599999999999067,30.69999999999906,3.098699186991867,1,3.18,1.0,,,,,,,,,,,,,,,,-2.8133,-0.40000000000000036,0.5,-0.08009999999999999,-0.042300000000000004,0.0
2024-11-27T01:20:00,12384,NZDJPY,vente,90.006,90.506,88.475,3.06,annoncé,1h,non déclenché (objectif atteint sans entrée),,,,2024-11-29T01:00:00,assets/tradingview/2024-11/2024-11-27_01h20_msg12384_YrOeQ5sC.png,2024-11-27 01:20:00,2024,2023-2026,0.01,50.0,0.6000000000000227,,0,3.06,,,,,,,,,,,,,,,,,-8.2355,-4.5,0.5,-0.1332,0.0021000000000000185,4.0
2024-11-29T04:34:00,12397,EURAUD,vente,1.62292,1.62792,1.60279,4.03,annoncé,1h,stop,-1.0,1.45,2024-11-29T04:34:00,2024-12-04T01:00:00,assets/tradingview/2024-11/2024-11-29_04h35_msg12397_yyr94RDA.png,2024-11-29 04:34:00,2024,2023-2026,0.0001,50.00000000000115,20.800000000000818,-1.0399999999999991,0,4.03,4.0,50.00000000000115,0.5433528946925356,4.0,0.0,0.0,1.0,4.0,11.0,1.0,1.0,0.0,0.4160000000000067,0.0,0.0,0.0,-4.2738,1.0999999999999996,1.0,0.0764,-0.024100000000000003,-0.0
2024-12-06T11:33:00,12435,EURUSD,achat,1.05491,1.05187,1.06304,2.67,annoncé,1h,stop,-1.0,1.56,2024-12-06T15:00:00,2024-12-10T15:00:00,assets/tradingview/2024-12/2024-12-06_11h33_msg12435_qHzlstye.png,2024-12-06 11:33:00,2024,2023-2026,0.0001,30.399999999999316,49.099999999999696,-1.0263157894736847,0,2.67,4.0,30.39999999999932,0.3702753855583692,11.0,1.0,0.0,0.0,4.0,12.0,0.0,1.0,0.0,0.0296052631578702,1.0,0.0,1.0,-16.6644,-1.375,-0.25,0.42610000000000003,0.10840000000000001,0.0
2024-12-06T13:18:00,12438,EURUSD,vente,1.06507,1.07063,1.04715,3.22,annoncé,1h,non déclenché (objectif atteint sans entrée),,,,2024-12-12T15:00:00,assets/tradingview/2024-12/2024-12-06_13h18_msg12438_QmXX7E9O.png,2024-12-06 13:18:00,2024,2023-2026,0.0001,55.600000000000094,99.29999999999994,,0,3.22,,,,,,,,,,,,,,,,,16.6644,1.375,0.25,-0.42610000000000003,-0.10840000000000001,-0.0
2024-12-09T23:26:00,12476,AUDNZD,achat,1.09846,1.09452,1.1069,2.14,annoncé,1h,objectif,2.14,2.14,2024-12-09T23:26:00,2024-12-19T00:00:00,assets/tradingview/2024-12/2024-12-09_23h26_msg12476_PxXSTQpU.png,2024-12-09 23:26:00,2024,2023-2026,0.0001,39.400000000000546,15.400000000000968,2.0892385786802037,1,2.14,0.0,39.40000000000055,0.744773110654719,23.0,0.0,0.0,1.0,0.0,12.0,0.0,0.0,0.0,0.3908629441624557,1.0,0.0,0.0,-1.2912,0.09999999999999964,1.0,-0.006199999999999997,0.060100000000000015,2.0
2024-12-10T01:12:00,12479,EURAUD,vente,1.64532,1.65307,1.62974,2.01,annoncé,1h,stop,-1.0,0.0,2024-12-10T03:00:00,2024-12-10T03:00:00,assets/tradingview/2024-12/2024-12-10_01h12_msg12479_ouqvBEIP.png,2024-12-10 01:12:00,2024,2023-2026,0.0001,77.50000000000145,46.80000000000239,-1.0258064516129028,0,2.01,1.0,77.50000000000145,0.6781680898179965,1.0,0.0,0.0,1.0,1.0,12.0,0.0,0.0,0.0,0.0412903225806283,0.0,0.0,0.0,8.8026,1.0999999999999996,1.0,0.020000000000000004,-0.0857,-0.0
2024-12-10T11:05:14,12496,AUDNZD,achat,1.09725,1.09419,1.1069,3.15,annoncé,1h,objectif,3.15,3.15,2024-12-10T22:00:00,2024-12-19T00:00:00,ChatExport_2026-10-01/photos/photo_2976@10-12-2024_11-05-14.jpg,2024-12-10 11:05:14,2024,2023-2026,0.0001,30.600000000000627,27.500000000000302,3.084640522875818,1,3.15,1.0,30.600000000000627,0.5622196148593251,11.0,1.0,0.0,0.0,1.0,12.0,0.0,0.0,0.0,0.7352941176470716,1.0,0.0,0.0,-1.2912,0.09999999999999964,1.0,-0.006199999999999997,0.060100000000000015,0.0
2025-01-07T14:42:00,12607,USDCHF,achat,0.90495,0.90194,0.91243,2.49,après coup,1h,objectif,2.49,2.49,2025-01-07T11:00:00,2025-01-08T11:00:00,assets/tradingview/2025-01/2025-01-07_14h43_msg12607_K0ALiWrD.png,2025-01-07 14:42:00,2025,2023-2026,0.0001,30.10000000000068,49.5000000000001,2.440166112956812,1,2.49,1.0,,,,,,,,,,,,,,,,-4.4687,3.875,0.0,-0.1512,0.16840000000000002,2.0
2025-01-10T08:37:00,12633,GBPUSD,vente,1.234,1.2366,1.22968,1.66,après coup,1h,objectif,1.66,1.66,2025-01-09T05:00:00,2025-01-09T07:00:00,assets/tradingview/2025-01/2025-01-10_08h38_msg12633_uu2nX3EU.png,2025-01-10 08:37:00,2025,2023-2026,0.0001,25.999999999999357,89.99999999999896,1.6138461538461526,1,1.66,3.0,,,,,,,,,,,,,,,,3.5873000000000004,-0.375,-0.25,-0.4759,0.20830000000000004,2.0
2025-01-10T08:39:00,12635,GBPUSD,vente,1.24026,1.24358,1.22928,3.31,après coup,1h,stop,-1.0,0.0,2025-01-08T11:00:00,2025-01-08T11:00:00,assets/tradingview/2025-01/2025-01-10_08h39_msg12635_X5JSG8yQ.png,2025-01-10 08:39:00,2025,2023-2026,0.0001,33.199999999999896,97.40000000000082,-1.036144578313253,0,3.31,2.0,,,,,,,,,,,,,,,,3.5873000000000004,-0.375,-0.25,-0.4759,0.20830000000000004,2.0
2025-01-10T13:38:00,12640,GBPUSD,vente,1.22498,1.23215,1.19997,3.49,annoncé,1h,stop,-1.0,2.07,2025-01-10T14:00:00,2025-01-20T14:00:00,assets/tradingview/2025-01/2025-01-10_13h38_msg12640_1xt7AEQ7.png,2025-01-10 13:38:00,2025,2023-2026,0.0001,71.70000000000121,0.20000000000131024,-1.01673640167364,0,3.49,4.0,71.70000000000121,0.60253139568865,13.0,0.0,1.0,0.0,4.0,1.0,1.0,0.0,0.0,0.0027894002789582,0.0,0.0,1.0,3.5873000000000004,-0.375,-0.25,-0.4759,0.20830000000000004,2.0
2025-01-10T16:17:00,12643,GBPUSD,vente,1.228,1.23215,1.19997,6.75,après coup,1h,stop,-1.0,4.31,2025-01-10T13:00:00,2025-01-20T14:00:00,assets/tradingview/2025-01/2025-01-10_16h20_msg12643_vgYI5jE7.png,2025-01-10 16:17:00,2025,2023-2026,0.0001,41.50000000000098,29.999999999998916,-1.0289156626506017,0,6.75,4.0,,,,,,,,,,,,,,,,3.5873000000000004,-0.375,-0.25,-0.4759,0.20830000000000004,2.0
2025-01-14T00:18:00,12664,AUDJPY,vente,97.494,98.024,95.887,3.03,annoncé,1h,stop,-1.0,2.71,2025-01-14T00:18:00,2025-01-22T11:00:00,assets/tradingview/2025-01/2025-01-14_00h18_msg12664_X6bifptJ.png,2025-01-14 00:18:00,2025,2023-2026,0.01,53.000000000000114,0.6000000000000227,-1.0339622641509434,0,3.03,1.0,53.000000000000114,0.4281347133836491,0.0,0.0,0.0,1.0,1.0,1.0,1.0,1.0,0.0,0.0113207547169815,0.0,1.0,0.0,10.7548,-4.1,-0.0,-0.07929999999999998,-0.01200000000000001,-0.0
2025-01-23T12:38:00,12765,CHFJPY,vente,172.507,173.011,170.491,4.0,annoncé,1h,objectif,4.0,4.0,2025-01-24T03:00:00,2025-01-30T01:00:00,assets/tradingview/2025-01/2025-01-23_12h38_msg12765_yFWxpDEX.png,2025-01-23 12:38:00,2025,2023-2026,0.01,50.39999999999907,0.7000000000005002,3.9503968253968247,1,4.0,4.0,50.39999999999907,0.4367552218760043,12.0,0.0,1.0,0.0,3.0,1.0,1.0,0.0,0.0,0.013888888888899,0.0,1.0,0.0,9.7193,-0.25,0.5,-0.14529999999999998,0.0895,3.0
2025-01-29T13:06:00,12811,AUDUSD,vente,0.62408,0.62559,0.61666,4.91,après coup,1h,stop,-1.0,2.55,2025-01-29T08:00:00,2025-01-31T17:00:00,assets/tradingview/2025-01/2025-01-29_13h06_msg12811_RMuXpF3i.png,2025-01-29 13:06:00,2025,2023-2026,0.0001,15.100000000000113,9.200000000000319,-1.0662251655629134,0,4.91,2.0,,,,,,,,,,,,,,,,7.400399999999999,0.025000000000000355,-0.5,0.1496,0.2122,-3.0
2025-01-29T23:47:00,12827,EURUSD,vente,1.04451,1.04758,1.04264,0.61,annoncé,1h,non déclenché (objectif atteint sans entrée),,,,2025-01-30T01:00:00,assets/tradingview/2025-01/2025-01-29_23h48_msg12827_vjpCXbjV.png,2025-01-29 23:47:00,2025,2023-2026,0.0001,30.69999999999906,54.89999999999995,,0,0.61,,,,,,,,,,,,,,,,,13.2305,1.375,-0.25,0.014699999999999998,0.1547,-3.0
2025-02-05T07:10:00,12853,CHFJPY,vente,170.666,171.269,168.067,4.31,annoncé,1h,non déclenché (objectif atteint sans entrée),,,,2025-02-06T13:00:00,assets/tradingview/2025-02/2025-02-05_07h11_msg12853_VbBLQzaS.png,2025-02-05 07:10:00,2025,2023-2026,0.01,60.300000000000864,66.59999999999968,,0,4.31,,,,,,,,,,,,,,,,,3.9939000000000004,-0.0,0.75,-0.0015999999999999903,0.1382,4.0
2025-02-07T13:49:00,12880,AUDUSD,vente,0.62978,0.63086,0.6233,6.0,après coup,1h,stop,-1.0,4.09,2025-02-07T09:00:00,2025-02-12T02:00:00,assets/tradingview/2025-02/2025-02-07_13h50_msg12880_jinVnQSC.png,2025-02-07 13:49:00,2025,2023-2026,0.0001,10.799999999999699,47.80000000000006,-1.0925925925925952,0,6.0,4.0,,,,,,,,,,,,,,,,0.9420999999999995,0.025000000000000355,-0.25,0.243,0.2772,1.0
2025-02-07T17:00:00,12886,AUDUSD,vente,0.62978,0.63042,0.62068,14.22,après coup,1h,stop,-1.0,6.91,2025-02-07T14:00:00,2025-02-12T02:00:00,assets/tradingview/2025-02/2025-02-07_17h00_msg12886_crqkvw9w.png,2025-02-07 17:00:00,2025,2023-2026,0.0001,6.399999999999739,47.80000000000006,-1.1562500000000064,0,14.22,4.0,,,,,,,,,,,,,,,,0.9420999999999995,0.025000000000000355,-0.25,0.243,0.2772,1.0
2025-02-12T15:32:46,12901,EURUSD,vente,1.03585,1.03889,1.02258,4.37,annoncé,1h,stop,-1.0,0.0,2025-02-12T16:00:00,2025-02-12T16:00:00,ChatExport_2026-10-01/photos/photo_3046@12-02-2025_15-32-46.jpg,2025-02-12 15:32:46,2025,2023-2026,0.0001,30.400000000001537,108.49999999999804,-1.026315789473683,0,4.37,2.0,30.400000000001537,0.4390191540788682,15.0,0.0,1.0,0.0,2.0,2.0,1.0,1.0,0.0,0.2796052631578863,0.0,0.0,1.0,-0.9115000000000002,1.625,0.25,0.0822,0.2705,5.0
2025-03-06T13:29:00,12946,CHFJPY,vente,167.502,168.065,166.524,1.74,annoncé,1h,non déclenché (objectif atteint sans entrée),,,,2025-03-06T14:00:00,assets/tradingview/2025-03/2025-03-06_13h29_msg12946_EzbHd2P0.png,2025-03-06 13:29:00,2025,2023-2026,0.01,56.29999999999882,0.20000000000095497,,0,1.74,,,,,,,,,,,,,,,,,-1.6956,-0.0,0.75,0.1301,0.13169999999999998,-0.0
2025-03-06T13:34:00,12948,USDJPY,achat,147.887,147.706,148.259,2.06,incohérent,1h,prix déjà au-delà du stop,,,,,assets/tradingview/2025-03/2025-03-06_13h34_msg12948_idBG69R2.png,2025-03-06 13:34:00,2025,2023-2026,0.01,18.10000000000116,38.700000000000045,,0,2.06,,,,,,,,,,,,,,,,,-8.409099999999999,3.875,-0.5,0.2092,0.03920000000000001,0.0
2025-03-20T12:15:59,13007,EURAUD,achat,1.7178,1.71422,1.72675,2.5,après coup,1h,objectif,2.5,2.5,2025-03-20T05:00:00,2025-03-20T12:00:00,ChatExport_2026-10-01/photos/photo_3067@20-03-2025_12-15-59.jpg,2025-03-20 12:15:59,2025,2023-2026,0.0001,35.799999999999166,72.00000000000095,2.444134078212289,1,2.5,3.0,,,,,,,,,,,,,,,,-6.9454,-1.5999999999999996,-0.25,0.0838,-0.0993,2.0
2025-03-20T15:23:00,13019,GBPCHF,achat,1.14218,1.13783,1.15305,2.5,après coup,1h,stop,-1.0,0.88,2025-03-20T12:00:00,2025-03-26T15:00:00,assets/tradingview/2025-03/2025-03-20_15h23_msg13019_tbEEZiYE.png,2025-03-20 15:23:00,2025,2023-2026,0.0001,43.50000000000076,78.2000000000016,-1.057471264367815,0,2.5,3.0,,,,,,,,,,,,,,,,3.9401,4.0,-0.25,0.279,-0.0253,0.0
2025-03-26T11:56:00,13032,GBPUSD,vente,1.29511,1.29763,1.28624,3.52,annoncé,1h,stop,-1.0,1.09,2025-03-27T12:00:00,2025-03-27T15:00:00,assets/tradingview/2025-03/2025-03-26_11h56_msg13032_AHzOXou5.png,2025-03-26 11:56:00,2025,2023-2026,0.0001,25.200000000000777,48.90000000000061,-1.0476190476190461,0,3.52,3.0,25.200000000000777,0.3966468179003771,11.0,1.0,0.0,0.0,2.0,3.0,0.0,1.0,0.0,0.0436507936508139,0.0,0.0,1.0,-7.3629,-0.125,0.25,-0.1867,-0.1587,3.0
2025-03-26T12:04:00,13036,AUDJPY,achat,94.325,94.024,95.707,4.59,après coup,1h,stop,-1.0,3.56,2025-03-26T01:00:00,2025-03-30T23:00:00,assets/tradingview/2025-03/2025-03-26_12h04_msg13036_cCf5NHED.png,2025-03-26 12:04:00,2025,2023-2026,0.01,30.100000000000193,67.49999999999972,-1.059800664451827,0,4.59,2.0,,,,,,,,,,,,,,,,9.3607,3.5999999999999996,-0.5,-0.146,-0.05500000000000001,1.0
2025-04-02T01:12:00,13074,CADJPY,vente,104.991,105.993,101.895,3.09,annoncé,1h,objectif,3.09,3.09,2025-04-02T01:12:00,2025-04-04T11:00:00,assets/tradingview/2025-04/2025-04-02_15h00_msg13074_qz16MDs6.png,2025-04-02 01:12:00,2025,2023-2026,0.01,100.19999999999953,0.9000000000000341,3.0700399201596804,1,3.09,2.0,100.19999999999952,1.1490818334533144,1.0,0.0,0.0,1.0,2.0,4.0,0.0,0.0,0.0,0.008982035928144,0.0,1.0,0.0,-14.593599999999999,-2.25,0.75,0.1793,0.005600000000000001,-4.0
2025-04-02T15:00:45,13076,CADJPY,vente,105.009,105.51,103.468,3.08,annoncé,1h,objectif,3.08,3.08,2025-04-02T20:00:00,2025-04-03T03:00:00,ChatExport_2026-10-01/photos/photo_3076@02-04-2025_15-00-45.jpg,2025-04-02 15:00:45,2025,2023-2026,0.01,50.10000000000048,0.9000000000000341,3.0400798403193616,1,3.08,2.0,50.10000000000048,0.5745409167266654,15.0,0.0,1.0,0.0,2.0,4.0,0.0,0.0,0.0,0.0179640718562879,0.0,1.0,0.0,-14.593599999999999,-2.25,0.75,0.1793,0.005600000000000001,-4.0
2025-04-08T23:40:00,13116,EURUSD,vente,1.0989,1.10895,1.07241,2.64,annoncé,1h,stop,-1.0,0.13,2025-04-08T23:40:00,2025-04-09T06:00:00,assets/tradingview/2025-04/2025-04-08_23h41_msg13116_I6HmCOFc.png,2025-04-08 23:40:00,2025,2023-2026,0.0001,100.50000000000114,11.000000000001009,-1.0079601990049751,0,2.64,1.0,100.50000000000114,1.101615209920427,23.0,0.0,0.0,1.0,1.0,4.0,0.0,0.0,0.0,0.1094527363184167,0.0,0.0,1.0,11.0395,1.875,0.5,0.018699999999999994,-0.2492,3.0
2025-04-08T23:55:00,13122,NZDJPY,vente,83.331,84.739,80.227,2.2,annoncé,1h,non déclenché (objectif atteint sans entrée),,,,2025-04-09T00:00:00,assets/tradingview/2025-04/2025-04-08_23h55_msg13122_iUQC5vjN.png,2025-04-08 23:55:00,2025,2023-2026,0.01,140.80000000000013,83.1000000000003,,0,2.2,,,,,,,,,,,,,,,,,-1.3371,-3.25,0.75,0.1589,0.062,-4.0
2025-04-08T23:59:00,13125,CHFJPY,achat,172.5,172.397,173.2,6.8,incohérent,1h,prix déjà au-delà du stop,,,,,assets/tradingview/2025-04/2025-04-08_23h59_msg13125_qXWAF86U.png,2025-04-08 23:59:00,2025,2023-2026,0.01,10.300000000000864,0.0,,0,6.8,,,,,,,,,,,,,,,,,-4.3064,-0.25,-0.5,-0.2928,-0.13,4.0
2025-04-22T13:12:00,13160,GBPNZD,achat,2.23087,2.21863,2.26812,3.04,annoncé,1h,stop,-1.0,0.35,2025-04-22T13:12:00,2025-04-23T12:00:00,assets/tradingview/2025-04/2025-04-22_13h21_msg13160_vxZEB4Zs.png,2025-04-22 13:12:00,2025,2023-2026,0.0001,122.39999999999806,58.6999999999982,-1.0285947712418304,0,3.04,1.0,122.39999999999806,0.4326950693409227,13.0,0.0,1.0,0.0,1.0,4.0,0.0,1.0,0.0,0.0710784313725441,1.0,0.0,0.0,-1.3466,1.0,0.5,0.3342,0.099,1.0
2025-04-22T23:41:00,13182,AUDJPY,achat,90.487,89.609,92.516,2.31,après coup,1h,objectif,2.31,2.31,2025-04-22T21:00:00,2025-05-01T06:00:00,assets/tradingview/2025-04/2025-04-22_23h41_msg13182_FWjwaK9e.png,2025-04-22 23:41:00,2025,2023-2026,0.01,87.80000000000001,48.69999999999948,2.289498861047836,1,2.31,1.0,,,,,,,,,,,,,,,,-7.791,3.5999999999999996,-0.5,-0.1894,-0.043399999999999994,1.0
2025-04-23T12:01:16,13187,EURUSD,vente,1.14288,1.15306,1.12245,2.01,annoncé,1h,objectif,2.01,2.01,2025-04-23T12:01:16,2025-05-08T17:00:00,ChatExport_2026-10-01/photos/photo_3090@23-04-2025_12-01-16.jpg,2025-04-23 12:01:16,2025,2023-2026,0.0001,101.80000000000078,71.20000000000238,2.002141453831041,1,2.01,2.0,101.80000000000078,0.766784558000885,12.0,0.0,1.0,0.0,2.0,4.0,0.0,0.0,0.0,0.208251473477417,0.0,0.0,1.0,7.2652,1.875,0.5,0.2671,0.2983,-0.0
2025-04-25T04:01:00,13200,AUDJPY,achat,91.5,89.609,92.516,0.54,annoncé,1h,objectif,0.54,0.54,2025-04-25T09:00:00,2025-05-01T06:00:00,assets/tradingview/2025-04/2025-04-25_04h02_msg13200_DhuVJnJr.png,2025-04-25 04:01:00,2025,2023-2026,0.01,189.10000000000053,100.0,0.5304812268640932,1,0.54,4.0,189.1000000000005,1.1880278731186351,4.0,0.0,0.0,1.0,4.0,4.0,0.0,1.0,0.0,0.0,1.0,1.0,0.0,-7.791,3.5999999999999996,-0.5,-0.1894,-0.043399999999999994,1.0
2025-04-29T00:33:00,13207,EURUSD,achat,1.13766,1.13367,1.14762,2.5,après coup,1h,stop,-1.0,1.3,2025-04-28T15:00:00,2025-04-30T15:00:00,assets/tradingview/2025-04/2025-04-29_06h29_msg13207_Qp4OkIH5.png,2025-04-29 00:33:00,2025,2023-2026,0.0001,39.89999999999938,123.4000000000024,-1.0200501253132834,0,2.5,0.0,,,,,,,,,,,,,,,,-2.2241999999999997,-2.125,-0.75,-0.2676,-0.3132,-3.0
2025-04-29T00:36:00,13208,NZDJPY,vente,84.991,85.498,83.718,2.51,annoncé,1h,stop,-1.0,1.56,2025-04-29T02:00:00,2025-05-01T04:00:00,assets/tradingview/2025-04/2025-04-29_06h29_msg13208_AkdWvjTa.png,2025-04-29 00:36:00,2025,2023-2026,0.01,50.7000000000005,0.9000000000000341,-1.0394477317554236,0,2.51,1.0,50.7000000000005,0.4828241653649192,0.0,0.0,0.0,1.0,1.0,4.0,0.0,0.0,0.0,0.0177514792899413,0.0,1.0,0.0,3.1693,-3.0,0.75,0.1559,0.053599999999999995,-1.0
2025-04-29T06:30:00,13210,EURUSD,achat,1.1345,1.13381,1.14776,19.22,annoncé,1h,stop,-1.0,0.0,2025-04-30T15:00:00,2025-04-30T15:00:00,assets/tradingview/2025-04/2025-04-29_06h30_msg13210_E080nApj.png,2025-04-29 06:30:00,2025,2023-2026,0.0001,6.900000000000794,95.00000000000064,-1.115942028985494,0,19.22,2.0,6.900000000000794,0.0588075724608563,6.0,0.0,0.0,1.0,1.0,4.0,1.0,1.0,0.0,0.7246376811592571,1.0,0.0,1.0,-2.2241999999999997,-2.125,-0.75,-0.2676,-0.3132,-3.0
2025-05-07T18:47:00,13253,EURUSD,vente,1.13475,1.13876,1.12674,2.0,annoncé,1h,non déclenché (objectif atteint sans entrée),,,,2025-05-08T15:00:00,assets/tradingview/2025-05/2025-05-07_18h47_msg13253_jsdTEfVX.png,2025-05-07 18:47:00,2025,2023-2026,0.0001,40.10000000000069,97.49999999999925,,0,2.0,,,,,,,,,,,,,,,,,-22.703500000000002,2.125,0.5,0.3002,0.2815,2.0
2025-05-21T00:39:00,13287,AUDJPY,vente,93.181,93.691,92.884,0.58,après coup,1h,objectif,0.58,0.58,2025-05-20T04:00:00,2025-05-20T05:00:00,assets/tradingview/2025-05/2025-05-21_00h39_msg13287_2trIuMQM.png,2025-05-21 00:39:00,2025,2023-2026,0.01,51.00000000000051,68.09999999999974,0.5447058823529415,1,0.58,1.0,,,,,,,,,,,,,,,,-10.136600000000001,-3.5999999999999996,-0.0,0.1328,-0.0566,-0.0
2025-05-30T01:41:00,13344,USDCAD,vente,1.38352,1.38582,1.38154,0.86,annoncé,1h,non déclenché (objectif atteint sans entrée),,,,2025-05-30T02:00:00,assets/tradingview/2025-05/2025-05-30_01h41_msg13344_8ukSRWyl.png,2025-05-30 01:41:00,2025,2023-2026,0.0001,22.999999999999687,85.20000000000083,,0,0.86,,,,,,,,,,,,,,,,,10.668,-1.625,-0.25,-0.49069999999999997,-0.045899999999999996,-0.0
2025-06-11T11:38:00,13376,EURUSD,vente,1.1445,1.14492,1.14304,3.48,après coup,1h,stop,-1.0,3.29,2025-06-11T09:00:00,2025-06-11T12:00:00,assets/tradingview/2025-06/2025-06-11_11h39_msg13376_5eDqXGx7.png,2025-06-11 11:38:00,2025,2023-2026,0.0001,4.199999999998649,55.000000000000604,-1.1904761904762517,0,3.48,2.0,,,,,,,,,,,,,,,,-7.1983,2.125,0.25,0.3508,0.0217,-0.0
2025-06-11T12:32:00,13381,EURUSD,vente,1.14342,1.14492,1.14032,2.07,incohérent,1h,prix déjà au-delà du stop,,,,,assets/tradingview/2025-06/2025-06-11_12h32_msg13381_50Oel3BN.png,2025-06-11 12:32:00,2025,2023-2026,0.0001,14.999999999998348,65.8000000000003,,0,2.07,,,,,,,,,,,,,,,,,-7.1983,2.125,0.25,0.3508,0.0217,-0.0
2025-06-11T12:39:00,13384,GBPJPY,vente,196.2,196.313,194.793,12.45,après coup,1h,objectif,12.45,12.45,2025-06-11T12:00:00,2025-06-12T08:00:00,assets/tradingview/2025-06/2025-06-11_12h39_msg13384_GX4XJEuY.png,2025-06-11 12:39:00,2025,2023-2026,0.01,11.299999999999955,119.99999999999886,12.228761061946901,1,12.45,2.0,,,,,,,,,,,,,,,,-12.845,-3.75,0.25,-0.09729999999999998,-0.0104,-0.0
2025-06-13T00:23:00,13393,NZDUSD,achat,0.60307,0.60055,0.60811,2.0,annoncé,1h,stop,-1.0,0.58,2025-06-13T01:00:00,2025-06-13T10:00:00,assets/tradingview/2025-06/2025-06-13_00h24_msg13393_afaRPfjH.png,2025-06-13 00:23:00,2025,2023-2026,0.0001,25.199999999999665,30.70000000000017,-1.0595238095238104,0,2.0,4.0,25.199999999999665,0.4876651650967233,0.0,0.0,0.0,1.0,4.0,6.0,1.0,1.0,0.0,0.7658730158730209,1.0,0.0,1.0,11.074499999999999,-1.125,-0.5,-0.4696,-0.0427,0.0
2025-06-24T14:35:00,13407,AUDJPY,achat,94.524,94.267,94.845,1.25,incohérent,1h,prix déjà au-delà du stop,,,,,assets/tradingview/2025-06/2025-06-24_14h35_msg13407_mdR6TXQQ.png,2025-06-24 14:35:00,2025,2023-2026,0.01,25.7000000000005,47.59999999999991,,0,1.25,,,,,,,,,,,,,,,,,-10.3572,3.35,-0.25,-0.1597,-0.017200000000000007,0.0
2025-07-02T15:27:00,13433,EURCHF,achat,0.93239,0.93089,0.93553,2.09,après coup,1h,objectif,2.09,2.09,2025-07-02T14:00:00,2025-07-03T11:00:00,assets/tradingview/2025-07/2025-07-02_15h28_msg13433_qLrYDZIZ.png,2025-07-02 15:27:00,2025,2023-2026,0.0001,15.000000000000568,73.90000000000008,1.9900000000000035,1,2.09,2.0,,,,,,,,,,,,,,,,-8.3741,2.0,-0.25,0.010099999999999998,-0.0289,0.0
2025-07-03T12:35:00,13440,USDJPY,vente,143.885,143.986,143.076,8.01,incohérent,1h,prix déjà au-delà du stop,,,,,assets/tradingview/2025-07/2025-07-03_12h35_msg13440_7okCnJmH.png,2025-07-03 12:35:00,2025,2023-2026,0.01,10.099999999999909,111.50000000000091,,0,8.01,,,,,,,,,,,,,,,,,27.7502,-3.875,-0.0,0.07529999999999999,0.4217,2.0
2025-07-08T13:20:00,13458,AUDUSD,vente,0.65365,0.65665,0.64741,2.08,annoncé,1h,stop,-1.0,0.79,2025-07-09T01:00:00,2025-07-10T10:00:00,assets/tradingview/2025-07/2025-07-08_13h21_msg13458_JigQ1TdR.png,2025-07-08 13:20:00,2025,2023-2026,0.0001,30.000000000000025,36.49999999999931,-1.0333333333333332,0,2.08,2.0,30.000000000000025,0.6406044114090805,13.0,0.0,1.0,0.0,1.0,7.0,0.0,0.0,0.0,0.450000000000024,0.0,0.0,1.0,-24.715400000000002,0.5249999999999999,0.25,0.2363,-0.2066,1.0
2025-07-15T12:39:00,13480,NZDUSD,vente,0.59999,0.60301,0.59378,2.06,annoncé,1h,objectif,2.06,2.06,2025-07-15T12:39:00,2025-07-16T13:00:00,assets/tradingview/2025-07/2025-07-15_12h39_msg13480_TXPFnpNe.png,2025-07-15 12:39:00,2025,2023-2026,0.0001,30.200000000000227,0.0999999999995449,2.010331125827815,1,2.06,1.0,30.200000000000227,0.7243247996095277,12.0,0.0,1.0,0.0,1.0,7.0,1.0,0.0,0.0,0.0033112582781306,0.0,0.0,1.0,-17.010099999999998,1.125,0.25,0.2469,-0.2676,2.0
2025-07-16T13:38:00,13496,EURNZD,vente,1.95352,1.95702,1.9453,2.35,annoncé,1h,stop,-1.0,0.0,2025-07-16T13:38:00,2025-07-16T14:00:00,assets/tradingview/2025-07/2025-07-16_13h39_msg13496_OIfuZYTd.png,2025-07-16 13:38:00,2025,2023-2026,0.0001,35.00000000000058,35.19999999999745,-1.0857142857142843,0,2.35,2.0,35.00000000000058,0.3352487537517943,13.0,0.0,1.0,0.0,2.0,7.0,0.0,0.0,0.0,0.422857142857178,0.0,0.0,0.0,1.9403,1.25,0.25,-0.2372,-0.1316,-0.0
2025-08-05T10:33:00,13569,EURJPY,achat,170.06,169.656,171.076,2.51,après coup,1h,objectif,2.51,2.51,2025-08-05T06:00:00,2025-08-06T08:00:00,assets/tradingview/2025-08/2025-08-05_10h34_msg13569_wS8QcMoz.png,2025-08-05 10:33:00,2025,2023-2026,0.01,40.399999999999636,6.000000000000227,2.4728712871287124,1,2.51,1.0,,,,,,,,,,,,,,,,10.443,1.5,-0.25,0.1006,0.1341,-1.0
2025-08-06T20:59:00,13581,GBPJPY,vente,197.483,198.233,195.152,3.11,annoncé,1h,stop,-1.0,0.6,2025-08-07T11:00:00,2025-08-08T08:00:00,assets/tradingview/2025-08/2025-08-06_21h03_msg13581_qOpFzX84.png,2025-08-06 20:59:00,2025,2023-2026,0.01,75.0,1.6999999999995907,-1.0333333333333334,0,3.11,3.0,75.0,0.6077790074377243,20.0,0.0,0.0,0.0,2.0,8.0,1.0,1.0,0.0,0.0226666666666612,0.0,1.0,0.0,-4.613899999999999,-3.75,0.25,-0.2929,-0.18630000000000002,1.0
2025-08-07T07:35:30,13583,CADJPY,vente,107.484,107.987,106.454,2.05,après coup,1h,objectif,2.05,2.05,2025-08-07T03:00:00,2025-08-14T04:00:00,ChatExport_2026-10-01/photos/photo_3148@07-08-2025_07-35-30.jpg,2025-08-07 07:35:30,2025,2023-2026,0.01,50.30000000000001,1.6000000000005343,2.010238568588469,1,2.05,3.0,,,,,,,,,,,,,,,,-5.6488000000000005,-2.25,-0.0,0.0856,-0.1203,1.0
2025-08-07T07:40:26,13588,EURJPY,achat,169.984,169.473,172.065,4.07,annoncé,1h,non déclenché (objectif atteint sans entrée),,,,2025-08-08T11:00:00,ChatExport_2026-10-01/photos/photo_3150@07-08-2025_07-40-26.jpg,2025-08-07 07:40:26,2025,2023-2026,0.01,51.09999999999957,1.5999999999991132,,0,4.07,,,,,,,,,,,,,,,,,9.8163,1.5,-0.25,0.1006,0.1341,0.0
2025-08-05T14:59:00,13592,EURUSD,achat,1.15506,1.15198,1.16559,3.42,après coup,1h,objectif,3.42,3.42,2025-08-05T14:00:00,2025-08-06T17:00:00,assets/tradingview/2025-08/2025-08-07_07h44_msg13592_AHFMmTaK.png,2025-08-05 14:59:00,2025,2023-2026,0.0001,30.799999999999716,50.599999999998424,3.3940259740259737,1,3.42,1.0,,,,,,,,,,,,,,,,-16.152,-2.375,-0.25,0.12419999999999999,0.1805,1.0
2025-08-12T01:44:00,13614,EURAUD,achat,1.78082,1.77272,1.79713,2.01,annoncé,1h,objectif,2.01,2.01,2025-08-12T03:00:00,2025-08-15T14:00:00,assets/tradingview/2025-08/2025-08-12_01h44_msg13614_GxfPyovh.png,2025-08-12 01:44:00,2025,2023-2026,0.0001,80.99999999999996,58.19999999999936,1.9853086419753083,1,2.01,1.0,80.99999999999996,0.8245468413415779,1.0,0.0,0.0,1.0,1.0,8.0,1.0,1.0,0.0,0.1012345679012399,1.0,0.0,0.0,9.7038,-1.85,0.0,0.1056,-0.044300000000000006,2.0
2025-08-12T02:11:00,13619,GBPUSD,vente,1.34473,1.34782,1.33851,2.01,annoncé,1h,stop,-1.0,0.47,2025-08-12T07:00:00,2025-08-12T12:00:00,assets/tradingview/2025-08/2025-08-12_02h11_msg13619_SYEMKGGA.png,2025-08-12 02:11:00,2025,2023-2026,0.0001,30.90000000000037,52.700000000001076,-1.0388349514563102,0,2.01,1.0,30.90000000000037,0.3935669726275128,2.0,0.0,0.0,1.0,1.0,8.0,0.0,1.0,0.0,0.0873786407766955,0.0,0.0,1.0,9.361400000000001,0.375,0.25,-0.3952,-0.2497,-1.0
2025-08-12T08:29:52,13623,EURAUD,achat,1.78595,1.78392,1.78961,1.8,après coup,1h,objectif,1.8,1.8,2025-08-12T07:00:00,2025-08-12T08:00:00,ChatExport_2026-10-01/photos/photo_3158@12-08-2025_08-29-52.jpg,2025-08-12 08:29:52,2025,2023-2026,0.0001,20.299999999999763,109.49999999999793,1.701477832512314,1,1.8,1.0,,,,,,,,,,,,,,,,9.7038,-1.85,0.0,0.1056,-0.044300000000000006,2.0
2025-08-12T11:54:00,13626,CADJPY,vente,107.563,107.76,107.154,2.08,annoncé,1h,objectif,2.08,2.08,2025-08-12T11:54:00,2025-08-13T07:00:00,assets/tradingview/2025-08/2025-08-12_11h54_msg13626_ZRUMoNES.png,2025-08-12 11:54:00,2025,2023-2026,0.01,19.700000000000273,6.300000000000239,1.9784771573604076,1,2.08,1.0,19.700000000000276,0.2651416970256192,11.0,1.0,0.0,0.0,1.0,8.0,1.0,1.0,0.0,0.3197969543147285,0.0,1.0,0.0,-1.0919,-2.25,-0.0,0.07490000000000001,-0.1016,1.0
2025-08-12T12:31:00,13630,CADJPY,vente,107.35,107.396,107.154,4.26,incohérent,1h,prix déjà au-delà du stop,,,,,assets/tradingview/2025-08/2025-08-12_12h31_msg13630_Kooc67R7.png,2025-08-12 12:31:00,2025,2023-2026,0.01,4.600000000000648,15.000000000000568,,0,4.26,,,,,,,,,,,,,,,,,-1.0919,-2.25,-0.0,0.07490000000000001,-0.1016,1.0
2025-08-12T23:59:00,13634,USDJPY,vente,147.979,148.483,146.773,2.39,annoncé,1h,objectif,2.39,2.39,2025-08-13T01:00:00,2025-08-14T00:00:00,assets/tradingview/2025-08/2025-08-12_23h59_msg13634_UUh2dKiL.png,2025-08-12 23:59:00,2025,2023-2026,0.01,50.39999999999907,47.90000000000134,2.37015873015873,1,2.39,2.0,50.39999999999907,0.4096852785222188,23.0,0.0,0.0,1.0,1.0,8.0,1.0,1.0,0.0,0.0416666666666408,0.0,1.0,1.0,-21.1215,-3.875,-0.0,0.1372,0.1494,2.0
2025-08-13T00:02:00,13636,EURAUD,achat,1.78536,1.78148,1.79471,2.41,annoncé,1h,objectif,2.41,2.41,2025-08-14T01:00:00,2025-08-14T13:00:00,assets/tradingview/2025-08/2025-08-13_00h02_msg13636_jlMPQ0kO.png,2025-08-13 00:02:00,2025,2023-2026,0.0001,38.800000000001056,103.59999999999924,2.3584536082474243,1,2.41,3.0,38.800000000001056,0.4040462211187725,0.0,0.0,0.0,1.0,2.0,8.0,0.0,1.0,0.0,0.0927835051546149,1.0,0.0,0.0,8.4373,-1.85,0.0,0.1056,-0.044300000000000006,1.0
2025-08-13T01:26:00,13638,EURNZD,achat,1.96032,1.9578,1.96541,2.02,après coup,1h,stop,-1.0,1.53,2025-08-13T00:00:00,2025-08-13T06:00:00,assets/tradingview/2025-08/2025-08-13_01h26_msg13638_yo6Q4MIL.png,2025-08-13 01:26:00,2025,2023-2026,0.0001,25.200000000000777,103.19999999999884,-1.1190476190476153,0,2.02,2.0,,,,,,,,,,,,,,,,7.7099,-1.25,0.0,0.1827,-0.05449999999999999,2.0
2025-08-19T02:26:21,13678,EURAUD,achat,1.79621,1.79421,1.80017,1.98,annoncé,1h,stop,-1.0,0.0,2025-08-19T03:00:00,2025-08-19T03:00:00,ChatExport_2026-10-01/photos/photo_3172@19-08-2025_02-26-21.jpg,2025-08-19 02:26:21,2025,2023-2026,0.0001,20.000000000000018,37.8999999999996,-1.0999999999999999,0,1.98,1.0,20.000000000000018,0.219006348806743,2.0,0.0,0.0,1.0,1.0,8.0,1.0,1.0,0.0,0.6050000000000771,1.0,0.0,0.0,1.0989,-1.6,0.25,0.099,-0.065,2.0
2025-08-19T15:04:00,13695,NZDJPY,vente,87.49,87.694,86.993,2.44,après coup,1h,objectif,2.44,2.44,2025-08-19T13:00:00,2025-08-19T17:00:00,assets/tradingview/2025-08/2025-08-19_15h04_msg13695_23j6ygkc.png,2025-08-19 15:04:00,2025,2023-2026,0.01,20.400000000000773,1.0000000000005116,2.3419607843137293,1,2.44,1.0,,,,,,,,,,,,,,,,2.0309,-2.75,0.25,-0.013899999999999996,-0.16410000000000002,2.0
2025-08-19T15:13:00,13698,NZDUSD,vente,0.59283,0.59435,0.58978,2.01,après coup,1h,objectif,2.01,2.01,2025-08-19T12:00:00,2025-08-19T18:00:00,assets/tradingview/2025-08/2025-08-19_15h14_msg13698_utIFRLBo.png,2025-08-19 15:13:00,2025,2023-2026,0.0001,15.200000000000768,71.70000000000009,1.911315789473689,1,2.01,1.0,,,,,,,,,,,,,,,,14.549100000000001,1.125,0.25,-0.1308,-0.38639999999999997,-2.0
2025-08-19T15:21:00,13701,GBPAUD,achat,2.08199,2.08049,2.08509,2.07,après coup,1h,objectif,2.07,2.07,2025-08-19T12:00:00,2025-08-19T13:00:00,assets/tradingview/2025-08/2025-08-19_15h21_msg13701_g6Dzi2Fq.png,2025-08-19 15:21:00,2025,2023-2026,0.0001,14.999999999996128,69.89999999999607,1.9033333333332902,1,2.07,1.0,,,,,,,,,,,,,,,,1.7614999999999998,0.3999999999999999,0.25,0.18330000000000002,-0.1875,-1.0
2025-08-20T07:21:00,13712,GBPJPY,achat,198.954,198.595,199.509,1.55,après coup,1h,stop,-1.0,1.37,2025-08-20T07:00:00,2025-08-20T13:00:00,assets/tradingview/2025-08/2025-08-20_07h21_msg13712_xoNZyyZX.png,2025-08-20 07:21:00,2025,2023-2026,0.01,35.90000000000089,104.59999999999923,-1.0696378830083548,0,1.55,2.0,,,,,,,,,,,,,,,,1.4768,3.5,-0.25,0.2275,-0.036799999999999986,-1.0
2025-08-20T07:46:00,13719,GBPNZD,achat,2.3157,2.31317,2.32085,2.04,après coup,1h,objectif,2.04,2.04,2025-08-20T07:00:00,2025-08-20T08:00:00,assets/tradingview/2025-08/2025-08-20_07h46_msg13719_L2Rm2yoH.png,2025-08-20 07:46:00,2025,2023-2026,0.0001,25.300000000001432,93.00000000000085,1.9016600790513913,1,2.04,2.0,,,,,,,,,,,,,,,,2.983,0.75,0.0,0.2136,-0.2009,0.0
2025-08-26T07:16:00,13741,EURAUD,achat,1.79537,1.79282,1.80262,2.84,annoncé,1h,stop,-1.0,0.0,2025-08-26T07:16:00,2025-08-26T08:00:00,assets/tradingview/2025-08/2025-08-26_07h17_msg13741_N9iDHjI2.png,2025-08-26 07:16:00,2025,2023-2026,0.0001,25.499999999998302,46.30000000000134,-1.0784313725490249,0,2.84,1.0,25.499999999998305,0.2834906686810782,7.0,1.0,0.0,0.0,1.0,8.0,1.0,1.0,0.0,0.1450980392156886,1.0,0.0,0.0,-0.46110000000000007,-1.6,0.0,0.06620000000000001,-0.043,2.0
2025-08-26T13:45:45,13747,EURAUD,achat,1.79537,1.79187,1.80259,2.06,annoncé,1h,stop,-1.0,0.31,2025-08-26T13:45:45,2025-08-26T17:00:00,ChatExport_2026-10-01/photos/photo_3180@26-08-2025_13-45-45.jpg,2025-08-26 13:45:45,2025,2023-2026,0.0001,34.999999999998366,46.30000000000134,-1.0571428571428598,0,2.06,1.0,34.999999999998366,0.3891048393661935,13.0,0.0,1.0,0.0,1.0,8.0,1.0,1.0,0.0,0.1057142857142853,1.0,0.0,0.0,-0.46110000000000007,-1.6,0.0,0.06620000000000001,-0.043,2.0
2025-08-27T17:16:00,13758,GBPUSD,achat,1.34722,1.3442,1.35344,2.06,après coup,1h,objectif,2.06,2.06,2025-08-27T16:00:00,2025-09-01T06:00:00,assets/tradingview/2025-08/2025-08-27_17h16_msg13758_3h9ZZr64.png,2025-08-27 17:16:00,2025,2023-2026,0.0001,30.200000000000227,27.800000000000047,2.020264900662252,1,2.06,2.0,,,,,,,,,,,,,,,,-8.652699999999998,-0.375,-0.25,0.2339,-0.0040000000000000036,3.0
2025-08-27T17:34:00,13762,EURGBP,vente,0.8605,0.8621,0.85809,1.51,annoncé,1h,non déclenché,,,,,assets/tradingview/2025-08/2025-08-27_17h35_msg13762_ZrGwNqaP.png,2025-08-27 17:34:00,2025,2023-2026,0.0001,15.999999999999348,104.99999999999953,,0,1.51,,,,,,,,,,,,,,,,,7.222600000000001,2.0,-0.0,0.061799999999999994,-0.1681,-1.0
2025-09-12T10:28:00,13808,EURUSD,achat,1.17306,1.16575,1.19593,3.13,annoncé,1h,stop,-1.0,2.58,2025-09-12T10:28:00,2025-09-25T17:00:00,assets/tradingview/2025-09/2025-09-12_10h28_msg13808_eVclllNQ.png,2025-09-12 10:28:00,2025,2023-2026,0.0001,73.09999999999927,19.400000000000528,-1.0109439124487005,0,3.13,4.0,73.09999999999927,1.1528402263540567,10.0,1.0,0.0,0.0,4.0,9.0,1.0,0.0,0.0,0.2653898768809948,1.0,0.0,1.0,-5.9119,-2.375,0.0,0.0591,-0.1841,-1.0
2025-09-16T09:57:08,13823,EURAUD,achat,1.76402,1.76198,1.77188,3.85,après coup,1h,objectif,3.85,3.85,2025-09-16T02:00:00,2025-09-16T13:00:00,ChatExport_2026-10-01/photos/photo_3188@16-09-2025_09-57-08.jpg,2025-09-16 09:57:08,2025,2023-2026,0.0001,20.399999999998197,109.80000000000211,3.751960784313717,1,3.85,1.0,,,,,,,,,,,,,,,,-15.982800000000001,-1.6,0.25,0.0599,-0.039099999999999996,0.0
2025-09-17T00:04:00,13842,CADJPY,vente,106.575,106.985,105.711,2.11,annoncé,1h,stop,-1.0,1.49,2025-09-17T00:04:00,2025-09-18T08:00:00,assets/tradingview/2025-09/2025-09-17_00h04_msg13842_iJcDHmK2.png,2025-09-17 00:04:00,2025,2023-2026,0.01,40.99999999999966,92.49999999999972,-1.0487804878048785,0,2.11,2.0,40.99999999999966,0.7171409425784506,0.0,0.0,0.0,1.0,2.0,9.0,0.0,0.0,0.0,0.1829268292683011,0.0,1.0,0.0,16.331,-2.25,-0.0,0.08850000000000001,0.050199999999999995,1.0
2025-09-17T00:06:00,13844,GBPCAD,achat,1.87592,1.87241,1.88294,2.0,annoncé,1h,objectif,2.0,2.0,2025-09-17T00:06:00,2025-09-17T18:00:00,assets/tradingview/2025-09/2025-09-17_00h06_msg13844_jmpdpK14.png,2025-09-17 00:06:00,2025,2023-2026,0.0001,35.10000000000124,9.200000000000319,1.9145299145299175,1,2.0,2.0,35.10000000000124,0.3990908957408847,0.0,0.0,0.0,1.0,2.0,9.0,1.0,0.0,0.0,0.2621082621082619,1.0,0.0,0.0,15.8218,1.25,-0.25,0.2424,-0.023400000000000004,1.0
2025-09-17T12:42:00,13850,GBPCAD,achat,1.87626,1.87472,1.87954,2.13,après coup,1h,objectif,2.13,2.13,2025-09-17T12:00:00,2025-09-17T13:00:00,assets/tradingview/2025-09/2025-09-17_12h42_msg13850_OQD6FiPv.png,2025-09-17 12:42:00,2025,2023-2026,0.0001,15.400000000000968,12.600000000000389,1.9351948051948173,1,2.13,2.0,,,,,,,,,,,,,,,,15.8218,1.25,-0.25,0.2424,-0.023400000000000004,1.0
2025-09-17T15:35:00,13861,EURAUD,achat,1.76988,1.76487,1.7822,2.46,annoncé,1h,non déclenché (objectif atteint sans entrée),,,,2025-09-18T07:00:00,assets/tradingview/2025-09/2025-09-17_15h35_msg13861_USkIfCf9.png,2025-09-17 15:35:00,2025,2023-2026,0.0001,50.09999999999959,51.200000000002355,,0,2.46,,,,,,,,,,,,,,,,,-13.6218,-1.6,0.25,0.0599,-0.039099999999999996,0.0
2025-09-22T00:59:00,13923,GBPAUD,vente,2.0495,2.05552,2.0451,0.73,annoncé,1h,non déclenché (objectif atteint sans entrée),,,,2025-09-22T01:00:00,assets/tradingview/2025-09/2025-09-24_02h34_msg13923_1XqKS4co.png,2025-09-22 00:59:00,2025,2023-2026,0.0001,60.19999999999914,5.00000000000167,,0,0.73,,,,,,,,,,,,,,,,,6.7062,-0.3999999999999999,-0.0,-0.1121,0.0159,-1.0
2025-10-01T01:10:00,13979,USDJPY,vente,147.497,147.747,146.975,2.09,incohérent,1h,prix déjà au-delà du stop,,,,,assets/tradingview/2025-10/2025-10-01_01h12_msg13979_4FKYfhqE.png,2025-10-01 01:10:00,2025,2023-2026,0.01,25.0,0.2999999999985903,,0,2.09,,,,,,,,,,,,,,,,,-9.4511,-3.625,0.25,-0.04200000000000001,0.012799999999999999,9.0
2025-09-30T06:31:00,13987,EURGBP,vente,0.87313,0.87513,0.86906,2.03,annoncé,1h,objectif,2.03,2.03,2025-09-30T06:31:00,2025-10-01T14:00:00,assets/tradingview/2025-10/2025-10-01_11h39_msg13987_RBtrbbtf.png,2025-09-30 06:31:00,2025,2023-2026,0.0001,20.000000000000018,18.700000000000383,1.9699999999999998,1,2.03,1.0,20.000000000000018,0.7150531736282677,6.0,0.0,0.0,1.0,1.0,9.0,0.0,1.0,0.0,0.9350000000000184,0.0,0.0,0.0,2.0707,2.0,-0.25,0.09559999999999999,0.0286,1.0
2025-10-01T14:16:08,13997,CADJPY,vente,107.197,107.449,106.476,2.86,après coup,1h,objectif,2.86,2.86,2025-09-29T00:00:00,2025-09-30T06:00:00,ChatExport_2026-10-01/photos/photo_3226@01-10-2025_14-16-08.jpg,2025-10-01 14:16:08,2025,2023-2026,0.01,25.199999999999534,30.299999999999727,2.780634920634919,1,2.86,0.0,,,,,,,,,,,,,,,,7.4053,-2.0,0.25,0.05890000000000001,0.015599999999999996,5.0
2025-10-01T23:17:00,14007,EURUSD,achat,1.17362,1.17105,1.17877,2.0,annoncé,1h,stop,-1.0,1.0,2025-10-01T23:17:00,2025-10-02T14:00:00,assets/tradingview/2025-10/2025-10-02_09h01_msg14007_eZsGc1hU.png,2025-10-01 23:17:00,2025,2023-2026,0.0001,25.700000000001832,13.799999999999368,-1.0311284046692586,0,2.0,2.0,25.700000000001832,0.4082898074902026,23.0,0.0,0.0,1.0,2.0,10.0,0.0,0.0,0.0,0.5369649805446842,1.0,0.0,1.0,-9.7969,-2.125,0.25,0.15189999999999998,0.0503,6.0
2025-10-02T18:23:00,14015,EURUSD,achat,1.17021,1.16764,1.17795,3.01,après coup,1h,stop,-1.0,2.33,2025-10-02T16:00:00,2025-10-06T07:00:00,assets/tradingview/2025-10/2025-10-03_08h37_msg14015_GQZ9wlPm.png,2025-10-02 18:23:00,2025,2023-2026,0.0001,25.699999999999612,47.900000000000716,-1.0311284046692613,0,3.01,3.0,,,,,,,,,,,,,,,,-10.0887,-2.125,0.25,0.15189999999999998,0.0503,7.0
2025-10-08T00:09:00,14036,GBPNZD,achat,2.31281,2.30875,2.32092,2.0,annoncé,1h,non déclenché (objectif atteint sans entrée),,,,2025-10-08T01:00:00,assets/tradingview/2025-10/2025-10-08_01h19_msg14036_VwNfz6eN.png,2025-10-08 00:09:00,2025,2023-2026,0.0001,40.599999999999525,121.90000000000367,,0,2.0,,,,,,,,,,,,,,,,,-7.3823,1.0,0.0,0.041800000000000004,-0.04869999999999999,0.0
2025-10-10T11:55:25,14050,CHFJPY,vente,190.015,190.538,188.939,2.06,annoncé,1h,non déclenché (objectif atteint sans entrée),,,,2025-10-14T07:00:00,ChatExport_2026-10-01/photos/photo_3232@10-10-2025_11-55-25.jpg,2025-10-10 11:55:25,2025,2023-2026,0.01,52.300000000002456,1.4999999999986358,,0,2.06,,,,,,,,,,,,,,,,,-1.9857,0.5,-0.0,-0.1658,-0.012,3.0
2025-10-09T23:54:00,14052,CHFJPY,vente,189.862,190.359,188.857,2.02,annoncé,1h,objectif,2.02,2.02,2025-10-09T23:54:00,2025-10-14T07:00:00,assets/tradingview/2025-10/2025-10-10_11h55_msg14052_1PNQdc8y.png,2025-10-09 23:54:00,2025,2023-2026,0.01,49.70000000000141,13.800000000000523,1.9696981891348102,1,2.02,3.0,49.70000000000141,0.5258108716132287,23.0,0.0,0.0,1.0,3.0,10.0,0.0,0.0,0.0,0.2776659959758578,0.0,1.0,0.0,-1.9857,0.5,-0.0,-0.1658,-0.012,3.0
2025-10-10T11:56:00,14056,CADJPY,vente,109.073,109.398,108.864,0.64,après coup,1h,objectif,0.64,0.64,2025-10-10T06:00:00,2025-10-10T06:00:00,assets/tradingview/2025-10/2025-10-10_11h56_msg14056_JjP9MCCa.png,2025-10-10 11:56:00,2025,2023-2026,0.01,32.500000000000284,92.70000000000067,0.578461538461539,1,0.64,4.0,,,,,,,,,,,,,,,,1.0275999999999996,-2.0,0.25,0.024499999999999994,-0.0346,4.0
2025-10-29T00:40:00,14115,AUDJPY,achat,99.999,99.692,100.769,2.51,annoncé,1h,objectif,2.51,2.51,2025-10-29T00:40:00,2025-10-30T03:00:00,assets/tradingview/2025-10/2025-10-29_00h42_msg14115_PslvrKyT.png,2025-10-29 00:40:00,2025,2023-2026,0.01,30.700000000000216,0.10000000000047748,2.451368078175896,1,2.51,2.0,30.700000000000216,0.3379461563287761,0.0,0.0,0.0,1.0,2.0,10.0,1.0,1.0,0.0,0.0032573289902435,1.0,1.0,0.0,2.290300000000001,3.1,-0.25,0.1529,0.016499999999999997,0.0
2025-11-04T12:45:00,14132,EURNZD,achat,2.02489,2.01675,2.04114,2.0,après coup,1h,objectif,2.0,2.0,2025-11-04T05:00:00,2025-11-06T14:00:00,assets/tradingview/2025-11/2025-11-04_12h49_msg14132_0G7LBLTW.png,2025-11-04 12:45:00,2025,2023-2026,0.0001,81.40000000000036,1.0999999999983245,1.9631449631449633,1,2.0,1.0,,,,,,,,,,,,,,,,0.8916,-0.5,0.75,-0.036699999999999997,0.037000000000000005,0.0
2025-11-11T11:42:00,14146,EURGBP,achat,0.8815,0.88031,0.88318,1.41,incohérent,1h,prix déjà au-delà du stop,,,,,assets/tradingview/2025-11/2025-11-11_11h43_msg14146_u8QkruRK.png,2025-11-11 11:42:00,2025,2023-2026,0.0001,11.899999999999133,64.9999999999995,,0,1.41,,,,,,,,,,,,,,,,,-1.3493000000000004,-2.0,0.0,-0.0895,0.0263,0.0
2025-11-11T23:06:00,14149,GBPAUD,vente,2.0147,2.02085,2.0024,2.0,annoncé,1h,objectif,2.0,2.0,2025-11-11T23:06:00,2025-11-12T14:00:00,assets/tradingview/2025-11/2025-11-11_23h06_msg14149_XMn68AYn.png,2025-11-11 23:06:00,2025,2023-2026,0.0001,61.49999999999878,102.99999999999976,1.9593495934959342,1,2.0,1.0,61.49999999999878,0.466237444541193,23.0,0.0,0.0,1.0,1.0,11.0,1.0,0.0,0.0,0.0487804878049097,0.0,0.0,0.0,5.3366,-0.3999999999999999,-0.25,-0.1371,0.021500000000000002,-0.0
2025-11-12T07:22:07,14151,GBPAUD,vente,2.016,2.02085,2.0024,2.8,après coup,1h,objectif,2.8,2.8,2025-11-11T22:00:00,2025-11-12T14:00:00,ChatExport_2026-10-01/photos/photo_3264@12-11-2025_07-22-07.jpg,2025-11-12 07:22:07,2025,2023-2026,0.0001,48.49999999999799,89.99999999999896,2.7484536082474205,1,2.8,1.0,,,,,,,,,,,,,,,,6.8366,-0.3999999999999999,-0.0,-0.1371,0.021500000000000002,-0.0
2025-12-02T08:29:00,14201,USDCAD,vente,1.39969,1.40154,1.39635,1.81,annoncé,1h,objectif,1.81,1.81,2025-12-02T08:29:00,2025-12-02T21:00:00,assets/tradingview/2025-12/2025-12-02_08h30_msg14201_Qpxf1bmG.png,2025-12-02 08:29:00,2025,2023-2026,0.0001,18.499999999999073,3.1000000000003247,1.728918918918915,1,1.81,1.0,18.499999999999076,0.4141322257527536,8.0,1.0,0.0,0.0,1.0,12.0,1.0,1.0,0.0,0.1675675675675935,0.0,0.0,1.0,5.1918,-1.625,-0.0,0.2667,0.0417,-0.0
2025-12-12T02:06:57,14224,GBPAUD,achat,2.0097,2.00447,2.0175,1.49,annoncé,1h,stop,-1.0,0.17,2025-12-12T02:06:57,2025-12-12T08:00:00,ChatExport_2026-10-01/photos/photo_3287@12-12-2025_02-06-57.jpg,2025-12-12 02:06:57,2025,2023-2026,0.0001,52.30000000000068,97.00000000000041,-1.0478011472275328,0,1.49,4.0,52.30000000000068,0.5086488876227753,2.0,0.0,0.0,1.0,4.0,12.0,0.0,0.0,0.0,0.0573613766730755,1.0,0.0,0.0,-15.499500000000001,0.3999999999999999,0.0,0.10339999999999999,-0.0292,0.0
2026-01-28T16:17:00,14370,EURAUD,vente,1.71672,1.72179,1.70654,2.01,annoncé,1h,non déclenché (objectif atteint sans entrée),,,,2026-01-28T17:00:00,assets/tradingview/2026-01/2026-01-28_16h17_msg14370_KeuSqmgw.png,2026-01-28 16:17:00,2026,2023-2026,0.0001,50.69999999999908,82.80000000000065,,0,2.01,,,,,,,,,,,,,,,,,3.6104,1.6,-0.0,0.1079,-0.018399999999999993,1.0
2026-01-29T07:08:00,14383,EURUSD,achat,1.19902,1.19502,1.20699,1.99,annoncé,1h,non déclenché,,,,,assets/tradingview/2026-01/2026-01-29_07h08_msg14383_eBEH0yTS.png,2026-01-29 07:08:00,2026,2023-2026,0.0001,40.000000000000036,9.799999999999809,,0,1.99,,,,,,,,,,,,,,,,,-26.9642,-1.625,0.25,0.151,0.03919999999999999,5.0
2026-02-10T01:18:00,14406,USDJPY,vente,156.047,156.497,155.131,2.04,après coup,1h,objectif,2.04,2.04,2026-02-10T01:00:00,2026-02-10T04:00:00,assets/tradingview/2026-02/2026-02-10_13h07_msg14406_EXXY5Ot0.png,2026-02-10 01:18:00,2026,2023-2026,0.01,45.000000000001705,104.6999999999997,2.017777777777779,1,2.04,1.0,,,,,,,,,,,,,,,,-24.5103,-2.875,0.5,-0.2062,0.0391,4.0
2026-02-20T15:58:00,14422,EURUSD,achat,1.1783,1.17322,1.19313,2.92,annoncé,1h,stop,-1.0,1.07,2026-02-20T15:58:00,2026-03-02T07:00:00,assets/tradingview/2026-02/2026-02-20_15h58_msg14422_N3uPzbT6.png,2026-02-20 15:58:00,2026,2023-2026,0.0001,50.799999999999734,32.999999999998586,-1.015748031496063,0,2.92,4.0,50.79999999999973,0.9436135835305112,15.0,0.0,1.0,0.0,4.0,2.0,0.0,0.0,0.0,0.3346456692913472,1.0,0.0,1.0,13.9333,-1.625,0.25,-0.0411,-0.1806,7.0
2026-02-25T13:39:00,14426,EURUSD,achat,1.17843,1.17591,1.18346,2.0,annoncé,1h,stop,-1.0,1.93,2026-02-25T14:00:00,2026-03-02T06:00:00,assets/tradingview/2026-02/2026-02-25_16h49_msg14426_MQ5uEFdt.png,2026-02-25 13:39:00,2026,2023-2026,0.0001,25.200000000000777,34.30000000000044,-1.0317460317460307,0,2.0,2.0,25.200000000000777,0.4842337185604187,13.0,0.0,1.0,0.0,2.0,2.0,0.0,0.0,0.0,0.623015873015794,1.0,0.0,1.0,10.8668,-1.625,0.25,-0.023599999999999996,-0.17459999999999998,8.0
2026-02-25T13:32:00,14429,EURNZD,vente,1.97337,1.97684,1.96641,2.01,annoncé,1h,non déclenché (objectif atteint sans entrée),,,,2026-02-26T05:00:00,assets/tradingview/2026-02/2026-02-25_16h50_msg14429_W72xqKQ8.png,2026-02-25 13:32:00,2026,2023-2026,0.0001,34.69999999999862,16.300000000000203,,0,2.01,,,,,,,,,,,,,,,,,-10.3729,0.25,-0.25,-0.2182,-0.1514,-2.0
2026-02-26T01:28:00,14432,GBPNZD,vente,2.26125,2.2658,2.252,2.03,après coup,1h,stop,-1.0,1.31,2026-02-25T18:00:00,2026-02-26T15:00:00,assets/tradingview/2026-02/2026-02-26_01h29_msg14432_LbjfhWON.png,2026-02-26 01:28:00,2026,2023-2026,0.0001,45.50000000000054,112.49999999999982,-1.076923076923076,0,2.03,2.0,,,,,,,,,,,,,,,,9.1348,-1.5,0.25,-0.34809999999999997,-0.0965,-0.0
2026-03-02T06:14:39,14471,USDJPY,achat,156.6,155.95,157.2,0.92,annoncé,1h,non déclenché (objectif atteint sans entrée),,,,2026-03-02T08:00:00,ChatExport_2026-10-01/photos/photo_3335@02-03-2026_06-14-39.jpg,2026-03-02 06:14:39,2026,2023-2026,0.01,65.00000000000057,90.00000000000057,,0,0.92,,,,,,,,,,,,,,,,,-6.240499999999999,2.875,-0.5,0.1036,-0.14679999999999999,-4.0
2026-03-03T23:46:00,14497,EURUSD,achat,1.15786,1.15626,1.16106,2.0,après coup,1h,objectif,2.0,2.0,2026-03-03T16:00:00,2026-03-03T18:00:00,assets/tradingview/2026-03/2026-03-04_01h43_msg14497_Itr9nX5i.png,2026-03-03 23:46:00,2026,2023-2026,0.0001,15.999999999998238,78.59999999999755,1.9499999999999944,1,2.0,1.0,,,,,,,,,,,,,,,,-6.081799999999999,-1.625,0.25,0.008,-0.0089,0.0
2026-03-04T04:57:00,14502,USDJPY,vente,157.504,157.804,156.885,2.06,annoncé,1h,objectif,2.06,2.06,2026-03-04T05:00:00,2026-03-04T10:00:00,assets/tradingview/2026-03/2026-03-04_09h58_msg14502_PwQq18wE.png,2026-03-04 04:57:00,2026,2023-2026,0.01,30.000000000001137,0.39999999999906777,2.026666666666668,1,2.06,2.0,30.000000000001137,0.276278957722739,4.0,0.0,0.0,1.0,2.0,3.0,0.0,0.0,0.0,0.0133333333333017,0.0,1.0,1.0,4.748799999999999,-2.875,0.5,-0.1036,0.14679999999999999,4.0
2026-03-04T04:00:00,14505,EURJPY,vente,182.848,183.249,181.841,2.51,après coup,1h,stop,-1.0,1.85,2026-03-04T00:00:00,2026-03-06T06:00:00,assets/tradingview/2026-03/2026-03-04_10h00_msg14505_OqQoIM43.png,2026-03-04 04:00:00,2026,2023-2026,0.01,40.099999999998204,34.80000000000132,-1.0374064837905255,0,2.51,2.0,,,,,,,,,,,,,,,,9.9056,-1.25,0.25,-0.1116,0.1557,4.0
2026-03-04T10:00:41,14506,EURJPY,vente,182.848,183.153,181.841,3.3,annoncé,1h,stop,-1.0,2.43,2026-03-04T11:00:00,2026-03-06T05:00:00,ChatExport_2026-10-01/photos/photo_3348@04-03-2026_10-00-41.jpg,2026-03-04 10:00:41,2026,2023-2026,0.01,30.49999999999784,34.80000000000132,-1.0491803278688558,0,3.3,2.0,30.49999999999784,0.2569656900015594,10.0,1.0,0.0,0.0,2.0,3.0,0.0,0.0,0.0,0.498360655737697,0.0,1.0,0.0,9.9056,-1.25,0.25,-0.1116,0.1557,4.0
2026-03-04T14:36:00,14508,AUDUSD,vente,0.70383,0.7109,0.69871,0.72,annoncé,1h,objectif,0.72,0.72,2026-03-04T14:36:00,2026-03-05T17:00:00,assets/tradingview/2026-03/2026-03-05_05h03_msg14508_onECSRoy.png,2026-03-04 14:36:00,2026,2023-2026,0.0001,70.7000000000002,38.29999999999889,0.7058557284299859,1,0.72,2.0,70.7000000000002,1.1361022443338895,14.0,0.0,1.0,0.0,2.0,3.0,0.0,0.0,0.0,0.1654879773691656,0.0,0.0,1.0,5.4998000000000005,-0.2250000000000001,-0.5,-0.22760000000000002,-0.062000000000000006,-3.0
2026-03-05T09:37:00,14515,EURAUD,vente,1.652,1.65252,1.64494,13.58,après coup,1h,stop,-1.0,13.37,2026-03-05T08:00:00,2026-03-05T16:00:00,assets/tradingview/2026-03/2026-03-05_11h01_msg14515_CMQBtWRh.png,2026-03-05 09:37:00,2026,2023-2026,0.0001,5.20000000000076,19.999999999997797,-1.3846153846153284,0,13.58,3.0,,,,,,,,,,,,,,,,2.8878,1.85,0.25,0.21960000000000002,0.0709,3.0
2026-03-05T11:01:54,14517,EURAUD,vente,1.64762,1.65252,1.64494,0.55,annoncé,1h,stop,-1.0,0.31,2026-03-05T11:01:54,2026-03-05T16:00:00,ChatExport_2026-10-01/photos/photo_3353@05-03-2026_11-01-54.jpg,2026-03-05 11:01:54,2026,2023-2026,0.0001,48.99999999999904,23.800000000000487,-1.040816326530613,0,0.55,3.0,48.99999999999904,0.4777496318447353,11.0,1.0,0.0,0.0,3.0,3.0,1.0,0.0,0.0,0.4857142857143051,0.0,0.0,0.0,2.8878,1.85,0.25,0.21960000000000002,0.0709,3.0
2026-03-06T13:46:00,14526,AUDUSD,vente,0.70086,0.70345,0.69563,2.02,après coup,1h,stop,-1.0,1.88,2026-03-06T13:00:00,2026-03-09T13:00:00,assets/tradingview/2026-03/2026-03-06_13h57_msg14526_UKUI87un.png,2026-03-06 13:46:00,2026,2023-2026,0.0001,25.89999999999981,8.599999999999719,-1.038610038610039,0,2.02,4.0,,,,,,,,,,,,,,,,6.0778,-0.2250000000000001,-0.5,-0.22760000000000002,-0.062000000000000006,-3.0
2026-03-06T13:57:00,14527,AUDUSD,vente,0.697,0.69855,0.69563,0.88,incohérent,1h,prix déjà au-delà du stop,,,,,assets/tradingview/2026-03/2026-03-06_13h57_msg14527_zTD0YQ8N.png,2026-03-06 13:57:00,2026,2023-2026,0.0001,15.500000000000513,30.000000000001137,,0,0.88,,,,,,,,,,,,,,,,,6.0778,-0.2250000000000001,-0.5,-0.22760000000000002,-0.062000000000000006,-3.0
2026-03-09T00:36:00,14540,GBPJPY,achat,210.985,210.578,211.809,2.02,annoncé,1h,objectif,2.02,2.02,2026-03-09T00:36:00,2026-03-09T13:00:00,assets/tradingview/2026-03/2026-03-09_09h38_msg14540_iGT7RC6Y.png,2026-03-09 00:36:00,2026,2023-2026,0.01,40.70000000000107,98.50000000000136,1.9585749385749402,1,2.02,0.0,40.70000000000107,0.2700855972816757,0.0,0.0,0.0,1.0,0.0,3.0,1.0,1.0,0.0,0.0368550368550023,1.0,1.0,0.0,-24.420299999999997,3.0,-0.5,0.21000000000000002,-0.12469999999999999,-6.0
2026-03-10T18:26:48,14550,USDJPY,achat,157.521,157.115,158.331,2.0,après coup,1h,objectif,2.0,2.0,2026-03-10T17:00:00,2026-03-11T01:00:00,ChatExport_2026-10-01/photos/photo_3357@10-03-2026_18-26-48.jpg,2026-03-10 18:26:48,2026,2023-2026,0.01,40.59999999999775,2.0999999999986585,1.9753694581280774,1,2.0,1.0,,,,,,,,,,,,,,,,1.739799999999999,2.875,-0.5,-0.0701,-0.2763,-1.0
2026-03-11T01:41:00,14554,EURUSD,vente,1.16217,1.1662,1.15035,2.93,annoncé,1h,objectif,2.93,2.93,2026-03-11T01:41:00,2026-03-13T06:00:00,assets/tradingview/2026-03/2026-03-11_09h05_msg14554_qoh1hBNs.png,2026-03-11 01:41:00,2026,2023-2026,0.0001,40.29999999999978,121.69999999999791,2.91014888337469,1,2.93,2.0,40.29999999999978,0.5594461197013145,1.0,0.0,0.0,1.0,2.0,3.0,1.0,0.0,0.0,0.5384615384615427,0.0,0.0,1.0,21.6543,1.625,-0.25,-0.1846,-0.1653,7.0
2026-03-11T02:14:00,14555,EURUSD,vente,1.16217,1.16522,1.15705,1.68,annoncé,1h,objectif,1.68,1.68,2026-03-11T02:14:00,2026-03-11T15:00:00,assets/tradingview/2026-03/2026-03-11_09h05_msg14555_Fo9qg1QS.png,2026-03-11 02:14:00,2026,2023-2026,0.0001,30.49999999999997,121.69999999999791,1.6537704918032785,1,1.68,2.0,30.49999999999997,0.423402150146158,2.0,0.0,0.0,1.0,2.0,3.0,1.0,0.0,0.0,0.7114754098360679,0.0,0.0,1.0,21.6543,1.625,-0.25,-0.1846,-0.1653,7.0
2026-03-11T09:05:32,14557,EURUSD,vente,1.16319,1.16621,1.15203,3.7,après coup,1h,objectif,3.7,3.7,2026-03-11T07:00:00,2026-03-12T15:00:00,ChatExport_2026-10-01/photos/photo_3358@11-03-2026_09-05-32.jpg,2026-03-11 09:05:32,2026,2023-2026,0.0001,30.200000000000227,118.10000000000097,3.673509933774835,1,3.7,2.0,,,,,,,,,,,,,,,,21.6543,1.625,-0.25,-0.1846,-0.1653,7.0
2026-03-18T12:35:00,14581,EURUSD,vente,1.156,1.15704,1.14121,14.22,annoncé,1h,stop,-1.0,1.86,2026-03-19T17:00:00,2026-03-19T18:00:00,ChatExport_2026-10-01/photos/photo_3362@18-03-2026_12-35-00.jpg,2026-03-18 12:35:00,2026,2023-2026,0.0001,10.40000000000152,59.99999999999783,-1.0769230769230658,0,14.22,3.0,10.40000000000152,0.127026757232095,12.0,0.0,1.0,0.0,2.0,3.0,1.0,0.0,0.0,0.9615384615382152,0.0,0.0,1.0,40.6038,1.625,-0.0,-0.3704,-0.4115,10.0
2026-03-18T21:43:00,14601,EURCAD,vente,1.57503,1.58007,1.56269,2.45,annoncé,1h,stop,-1.0,0.67,2026-03-19T02:00:00,2026-03-19T13:00:00,assets/tradingview/2026-03/2026-03-18_21h43_msg14601_ObrboBrr.png,2026-03-18 21:43:00,2026,2023-2026,0.0001,50.400000000001555,0.29999999999752447,-1.0396825396825384,0,2.45,3.0,50.40000000000156,0.5677040655041653,21.0,0.0,0.0,1.0,2.0,3.0,1.0,0.0,0.0,0.0059523809523757,0.0,0.0,0.0,9.0404,0.25,-0.0,-0.13419999999999999,0.1572,7.0
2026-04-03T13:45:00,14638,GBPUSD,vente,1.325,1.328,1.31734,2.55,annoncé,1h,stop,-1.0,1.32,2026-04-06T07:00:00,2026-04-07T08:00:00,assets/tradingview/2026-04/2026-04-03_13h45_msg14638_W9DAGCIR.png,2026-04-03 13:45:00,2026,2023-2026,0.0001,30.000000000001137,0.0,-1.0399999999999985,0,2.55,0.0,30.000000000001137,0.2884439030141182,13.0,0.0,1.0,0.0,4.0,4.0,1.0,0.0,0.0,0.0,0.0,0.0,1.0,22.2766,-0.125,-0.0,-0.25739999999999996,-0.1265,1.0
2026-04-03T13:46:00,14640,NZDUSD,vente,0.574,0.57533,0.56629,5.8,annoncé,1h,non déclenché,,,,,assets/tradingview/2026-04/2026-04-03_13h46_msg14640_sRvmZDWi.png,2026-04-03 13:46:00,2026,2023-2026,0.0001,13.300000000000534,10.000000000001119,,0,5.8,,,,,,,,,,,,,,,,,36.415,1.375,-0.0,0.06569999999999998,-0.1102,1.0
2026-04-07T22:03:17,14660,CHFJPY,achat,199.712,199.161,200.845,2.06,après coup,1h,objectif,2.06,2.06,2026-04-07T21:00:00,2026-04-08T06:00:00,ChatExport_2026-10-01/photos/photo_3383@07-04-2026_22-03-17.jpg,2026-04-07 22:03:17,2026,2023-2026,0.01,55.09999999999877,28.80000000000109,2.014627949183302,1,2.06,1.0,,,,,,,,,,,,,,,,-4.6911000000000005,-0.75,0.0,0.1525,0.028100000000000003,-1.0
2026-04-08T13:41:57,14679,GBPNZD,vente,2.31119,2.31938,2.30469,0.79,après coup,1h,objectif,0.79,0.79,2026-04-08T03:00:00,2026-04-08T03:00:00,ChatExport_2026-10-01/photos/photo_3391@08-04-2026_13-41-57.jpg,2026-04-08 13:41:57,2026,2023-2026,0.0001,81.90000000000363,111.89999999999588,0.7472649572649592,1,0.79,2.0,,,,,,,,,,,,,,,,-13.3384,-1.5,-0.0,-0.3743,-0.1168,-0.0
2026-04-09T13:17:00,14687,EURJPY,achat,185.092,184.784,185.751,2.14,après coup,1h,objectif,2.14,2.14,2026-04-09T00:00:00,2026-04-09T12:00:00,assets/tradingview/2026-04/2026-04-09_13h22_msg14687_4SxJQh7G.png,2026-04-09 13:17:00,2026,2023-2026,0.01,30.800000000002115,9.200000000001296,2.0912987012987045,1,2.14,3.0,,,,,,,,,,,,,,,,-26.4501,1.25,0.0,0.1389,0.0244,1.0
2026-04-09T13:20:00,14688,CHFJPY,achat,200.134,199.565,201.276,2.01,après coup,1h,objectif,2.01,2.01,2026-04-07T22:00:00,2026-04-09T13:00:00,assets/tradingview/2026-04/2026-04-09_13h22_msg14688_MJ7Qn4FK.png,2026-04-09 13:20:00,2026,2023-2026,0.01,56.89999999999884,13.399999999998613,1.9660632688927933,1,2.01,1.0,,,,,,,,,,,,,,,,-7.9065,-0.75,0.0,0.1525,0.028100000000000003,-3.0
2026-04-30T14:20:24,14738,XAUUSD,achat,4707.63,4685.07,4819.56,4.96,incohérent,1h,prix déjà au-delà du stop,,,,,ChatExport_2026-10-01/photos/photo_3410@30-04-2026_14-20-24.jpg,2026-04-30 14:20:24,2026,2023-2026,0.01,2256.00000000004,13.000000000010914,,0,4.96,,,,,,,,,,,,,,,,,,,,,,
2026-04-30T14:20:24,14739,XAUUSD,achat,4704.64,4685.07,4752.66,2.45,incohérent,1h,prix déjà au-delà du stop,,,,,ChatExport_2026-10-01/photos/photo_3411@30-04-2026_14-20-24.jpg,2026-04-30 14:20:24,2026,2023-2026,0.01,1957.0000000000618,35.99999999996726,,0,2.45,,,,,,,,,,,,,,,,,,,,,,
2026-04-30T14:21:27,14743,GBPAUD,achat,1.88008,1.87608,1.89214,3.01,annoncé,1h,non déclenché (objectif atteint sans entrée),,,,2026-05-01T06:00:00,ChatExport_2026-10-01/photos/photo_3414@30-04-2026_14-21-27.jpg,2026-04-30 14:21:27,2026,2023-2026,0.0001,40.000000000000036,50.799999999999734,,0,3.01,,,,,,,,,,,,,,,,,6.810300000000001,-0.34999999999999964,-0.5,-0.06489999999999999,0.06,0.0
2026-04-30T14:21:27,14745,GBPAUD,achat,1.886,1.87648,1.89261,0.69,annoncé,1h,non déclenché (objectif atteint sans entrée),,,,2026-05-01T10:00:00,ChatExport_2026-10-01/photos/photo_3415@30-04-2026_14-21-27.jpg,2026-04-30 14:21:27,2026,2023-2026,0.0001,95.19999999999972,109.99999999999898,,0,0.69,,,,,,,,,,,,,,,,,6.810300000000001,-0.34999999999999964,-0.5,-0.06489999999999999,0.06,0.0
2026-04-30T14:21:27,14746,EURAUD,vente,1.64018,1.64078,1.63564,7.57,après coup,1h,objectif,7.57,7.57,2026-04-30T06:00:00,2026-04-30T09:00:00,ChatExport_2026-10-01/photos/photo_3416@30-04-2026_14-21-27.jpg,2026-04-30 14:21:27,2026,2023-2026,0.0001,5.999999999999339,98.20000000000161,7.23666666666663,1,7.57,3.0,,,,,,,,,,,,,,,,10.346200000000001,2.0999999999999996,0.5,0.1498,-0.0586,-0.0
2026-05-05T23:20:00,14778,EURNZD,vente,1.98433,1.98737,1.97824,2.0,annoncé,1h,objectif,2.0,2.0,2026-05-05T23:20:00,2026-05-06T01:00:00,assets/tradingview/2026-05/2026-05-06_00h37_msg14778_gRFWUXOS.png,2026-05-05 23:20:00,2026,2023-2026,0.0001,30.400000000001537,93.29999999999838,1.9013157894736892,1,2.0,1.0,30.400000000001537,0.3113839677085226,23.0,0.0,0.0,1.0,1.0,5.0,1.0,1.0,0.0,0.2203947368421502,0.0,0.0,0.0,14.631,0.25,-0.0,-0.21600000000000003,0.0405,-0.0
2026-05-06T00:57:38,14783,XAUUSD,achat,4553.2,4521.97,4600.09,1.5,après coup,1h,objectif,1.5,1.5,2026-05-05T11:00:00,2026-05-05T23:00:00,ChatExport_2026-10-01/photos/photo_3425@06-05-2026_00-57-38.jpg,2026-05-06 00:57:38,2026,2023-2026,0.01,3122.9999999999563,69.99999999998181,1.4903938520653217,1,1.5,1.0,,,,,,,,,,,,,,,,,,,,,
2026-05-06T00:59:56,14784,XAUUSD,achat,4580.0,4521.97,4623.302,0.75,après coup,1h,objectif,0.75,0.75,2026-05-05T23:00:00,2026-05-06T00:00:00,ChatExport_2026-10-01/photos/photo_3426@06-05-2026_00-59-56.jpg,2026-05-06 00:59:56,2026,2023-2026,0.01,5802.9999999999745,0.0,0.744830260210236,1,0.75,1.0,,,,,,,,,,,,,,,,,,,,,
2026-05-06T12:47:00,14795,EURAUD,vente,1.62502,1.62911,1.6168,2.01,annoncé,1h,stop,-1.0,1.38,2026-05-06T15:00:00,2026-05-12T06:00:00,assets/tradingview/2026-05/2026-05-07_08h13_msg14795_Z12swAxE.png,2026-05-06 12:47:00,2026,2023-2026,0.0001,40.90000000000149,0.1999999999990898,-1.0488997555012207,0,2.01,2.0,40.90000000000149,0.6014061860492707,12.0,0.0,1.0,0.0,2.0,5.0,1.0,0.0,0.0,0.0048899755500998,0.0,0.0,0.0,6.3473,2.0999999999999996,0.25,0.15799999999999997,-0.0361,-0.0
2026-05-07T08:41:42,14804,EURUSD,achat,1.17559,1.17254,1.18202,2.11,après coup,1h,stop,-1.0,1.15,2026-05-07T07:00:00,2026-05-13T06:00:00,ChatExport_2026-10-01/photos/photo_3434@07-05-2026_08-41-42.jpg,2026-05-07 08:41:42,2026,2023-2026,0.0001,30.49999999999997,5.899999999998684,-1.0262295081967214,0,2.11,3.0,,,,,,,,,,,,,,,,-8.955099999999998,-1.625,0.0,0.1178,-0.1153,0.0
2026-05-07T08:41:56,14805,GBPJPY,achat,212.565,212.16,213.38,2.01,après coup,1h,objectif,2.01,2.01,2026-05-07T07:00:00,2026-05-08T09:00:00,ChatExport_2026-10-01/photos/photo_3435@07-05-2026_08-41-56.jpg,2026-05-07 08:41:56,2026,2023-2026,0.01,40.500000000000114,6.499999999999773,1.9482716049382716,1,2.01,3.0,,,,,,,,,,,,,,,,15.175799999999999,3.0,0.0,0.3129,0.05620000000000001,0.0
2026-05-07T08:46:33,14808,EURCAD,achat,1.60225,1.59794,1.6111,2.05,annoncé,1h,objectif,2.05,2.05,2026-05-07T17:00:00,2026-05-08T12:00:00,ChatExport_2026-10-01/photos/photo_3438@07-05-2026_08-46-33.jpg,2026-05-07 08:46:33,2026,2023-2026,0.0001,43.10000000000036,22.499999999998632,2.0035962877030165,1,2.05,3.0,43.10000000000036,0.7378314496036632,8.0,1.0,0.0,0.0,3.0,5.0,0.0,0.0,0.0,0.5220417633410311,1.0,0.0,0.0,-10.6053,-0.25,0.0,0.2275,0.0247,0.0
2026-05-07T17:32:00,14814,EURUSD,vente,1.17501,1.17804,1.16811,2.28,annoncé,1h,stop,-1.0,0.75,2026-05-07T17:32:00,2026-05-08T12:00:00,assets/tradingview/2026-05/2026-05-07_17h32_msg14814_pGEF5O9C.png,2026-05-07 17:32:00,2026,2023-2026,0.0001,30.29999999999866,0.10000000000065512,-1.0264026402640276,0,2.28,3.0,30.29999999999866,0.5547332710181041,17.0,0.0,0.0,0.0,3.0,5.0,1.0,1.0,0.0,0.003300330033025,0.0,0.0,1.0,8.955099999999998,1.625,-0.0,-0.1178,0.1153,-0.0
2026-05-14T22:56:00,14870,AUDUSD,vente,0.72403,0.72652,0.71904,2.0,après coup,1h,objectif,2.0,2.0,2026-05-14T12:00:00,2026-05-15T02:00:00,assets/tradingview/2026-05/2026-05-14_22h57_msg14870_D7ywZpvl.png,2026-05-14 22:56:00,2026,2023-2026,0.0001,24.900000000001032,9.700000000001374,1.9598393574297206,1,2.0,3.0,,,,,,,,,,,,,,,,18.046100000000003,-0.7249999999999996,-0.5,-0.3811,0.0286,3.0
2026-06-02T11:10:18,14908,GBPNZD,vente,2.265,2.27146,2.24007,3.86,annoncé,1h,non déclenché,,,,,ChatExport_2026-10-01/photos/photo_3470@02-06-2026_11-10-18.jpg,2026-06-02 11:10:18,2026,2023-2026,0.0001,64.59999999999688,99.99999999999787,,0,3.86,,,,,,,,,,,,,,,,,5.9061,-1.5,-0.0,-0.2517,0.059399999999999994,-0.0
2026-06-03T08:32:34,14914,EURJPY,achat,185.438,184.498,186.179,0.79,annoncé,1h,objectif,0.79,0.79,2026-06-03T08:32:34,2026-06-05T09:00:00,ChatExport_2026-10-01/photos/photo_3473@03-06-2026_08-32-34.jpg,2026-06-03 08:32:34,2026,2023-2026,0.01,93.99999999999977,43.79999999999882,0.7740425531914894,1,0.79,2.0,93.99999999999976,1.6647726039983788,8.0,1.0,0.0,0.0,2.0,6.0,1.0,1.0,0.0,0.0659574468085233,1.0,1.0,0.0,7.099800000000002,1.25,0.0,0.1739,-0.0439,2.0
2026-06-16T08:21:00,14943,NZDJPY,achat,93.325,92.979,94.394,3.09,annoncé,1h,stop,-1.0,1.06,2026-06-16T08:21:00,2026-06-17T18:00:00,ChatExport_2026-10-01/photos/photo_3480@16-06-2026_16-21-01.jpg,2026-06-16 08:21:00,2026,2023-2026,0.01,34.600000000000364,82.50000000000028,-1.057803468208092,0,3.09,1.0,34.600000000000364,0.5025481250005052,8.0,1.0,0.0,0.0,1.0,6.0,1.0,1.0,0.0,0.5057803468207958,1.0,1.0,0.0,-15.3959,1.5,0.0,0.04849999999999999,0.1014,-2.0
2026-06-22T14:05:00,14956,EURJPY,vente,185.037,185.539,184.121,1.82,après coup,1h,objectif,1.82,1.82,2026-06-22T14:00:00,2026-06-23T08:00:00,assets/tradingview/2026-06/2026-06-22_15h02_msg14956_H17uzelF.png,2026-06-22 14:05:00,2026,2023-2026,0.01,50.19999999999811,3.700000000000614,1.7901195219123496,1,1.82,0.0,,,,,,,,,,,,,,,,16.0963,-1.25,-0.0,-0.17579999999999998,0.007800000000000001,-0.0
2026-06-22T15:01:00,14959,EURJPY,vente,185.037,185.339,184.642,1.31,après coup,1h,objectif,1.31,1.31,2026-06-22T14:00:00,2026-06-22T14:00:00,assets/tradingview/2026-06/2026-06-22_15h02_msg14959_7AUclBVA.png,2026-06-22 15:01:00,2026,2023-2026,0.01,30.19999999999925,3.700000000000614,1.2603311258278134,1,1.31,0.0,,,,,,,,,,,,,,,,16.0963,-1.25,-0.0,-0.17579999999999998,0.007800000000000001,-0.0
2026-06-23T21:26:39,14965,GBPUSD,vente,1.32433,1.32834,1.31653,1.95,annoncé,1h,non déclenché (objectif atteint sans entrée),,,,2026-06-24T10:00:00,ChatExport_2026-10-01/photos/photo_3487@23-06-2026_21-26-39.jpg,2026-06-23 21:26:39,2026,2023-2026,0.0001,40.10000000000069,6.699999999999484,,0,1.95,,,,,,,,,,,,,,,,,0.16830000000000034,-0.125,-0.0,-0.08990000000000001,0.3083,1.0
2026-06-30T21:12:00,14977,EURAUD,vente,1.64998,1.65399,1.63753,3.1,annoncé,1h,stop,-1.0,0.16,2026-06-30T21:12:00,2026-07-01T01:00:00,assets/tradingview/2026-06/2026-06-30_21h12_msg14977_t67mHLmh.png,2026-06-30 21:12:00,2026,2023-2026,0.0001,40.10000000000069,0.20000000000131024,-1.0498753117206974,0,3.1,1.0,40.10000000000069,0.5960292930594453,21.0,0.0,0.0,1.0,1.0,6.0,0.0,1.0,0.0,0.0049875311721024,0.0,0.0,0.0,-2.9036,2.0999999999999996,-0.0,0.2021,0.0121,-2.0
2026-06-30T21:39:00,14982,EURJPY,achat,185.468,185.066,186.328,2.14,annoncé,1h,stop,-1.0,0.58,2026-07-01T01:00:00,2026-07-01T12:00:00,assets/tradingview/2026-06/2026-06-30_21h39_msg14982_mb76b4pl.png,2026-06-30 21:39:00,2026,2023-2026,0.01,40.19999999999868,46.79999999999893,-1.0373134328358222,0,2.14,2.0,40.19999999999868,0.541414713627663,21.0,0.0,0.0,1.0,1.0,6.0,0.0,1.0,0.0,0.0796019900497804,1.0,1.0,0.0,-15.5046,1.25,0.0,0.2057,0.031799999999999995,4.0
2026-07-01T13:24:00,15003,EURAUD,vente,1.65003,1.65612,1.63758,2.04,annoncé,1h,objectif,2.04,2.04,2026-07-01T13:24:00,2026-07-14T14:00:00,assets/tradingview/2026-07/2026-07-01_13h24_msg15003_OAIpR2Cc.png,2026-07-01 13:24:00,2026,2023-2026,0.0001,60.89999999999929,0.2999999999997449,2.0071592775041047,1,2.04,2.0,60.89999999999929,0.867256692357305,13.0,0.0,1.0,0.0,2.0,7.0,0.0,0.0,0.0,0.0049261083743801,0.0,0.0,0.0,-6.0322000000000005,2.0999999999999996,-0.0,0.2021,0.0121,-4.0
2026-07-01T13:51:00,15005,AUDUSD,achat,0.69057,0.68807,0.69583,2.1,annoncé,1h,objectif,2.1,2.1,2026-07-01T13:51:00,2026-07-06T18:00:00,assets/tradingview/2026-07/2026-07-01_13h52_msg15005_Uqj8QOug.png,2026-07-01 13:51:00,2026,2023-2026,0.0001,25.000000000000576,94.3000000000005,2.060000000000001,1,2.1,2.0,25.000000000000576,0.6672581966607845,13.0,0.0,1.0,0.0,2.0,7.0,0.0,1.0,0.0,0.2279999999999785,1.0,0.0,1.0,-15.5673,0.7249999999999996,0.25,0.28,-0.2153,0.0
2026-07-02T12:41:00,15017,EURJPY,achat,184.283,183.876,184.822,1.32,annoncé,1h,objectif,1.32,1.32,2026-07-02T13:00:00,2026-07-06T00:00:00,assets/tradingview/2026-07/2026-07-02_12h41_msg15017_SCNqMND2.png,2026-07-02 12:41:00,2026,2023-2026,0.01,40.69999999999823,71.7000000000013,1.2831449631449616,1,1.32,3.0,40.69999999999823,0.5109862163053314,12.0,0.0,1.0,0.0,3.0,7.0,1.0,0.0,0.0,0.5331695331695883,1.0,1.0,0.0,-18.412,1.25,0.0,0.2057,0.031799999999999995,3.0
2026-07-08T02:20:00,15037,EURNZD,vente,2.00469,2.0098,1.99439,2.02,après coup,1h,objectif,2.02,2.02,2026-07-08T02:00:00,2026-07-09T07:00:00,assets/tradingview/2026-07/2026-07-09_00h22_msg15037_ZVyDYKyM.png,2026-07-08 02:20:00,2026,2023-2026,0.0001,51.09999999999726,46.90000000000083,1.9612915851271984,1,2.02,2.0,,,,,,,,,,,,,,,,1.4178000000000002,-0.0,-0.25,-0.18789999999999998,0.029299999999999996,-0.0
2026-07-10T09:10:01,15045,EURJPY,vente,185.063,185.457,184.844,0.56,annoncé,1h,non déclenché (objectif atteint sans entrée),,,,2026-07-10T12:00:00,ChatExport_2026-10-01/photos/photo_3506@10-07-2026_09-10-01.jpg,2026-07-10 09:10:01,2026,2023-2026,0.01,39.400000000000546,6.299999999998818,,0,0.56,,,,,,,,,,,,,,,,,10.9235,-1.25,-0.0,-0.2217,-0.03320000000000001,-2.0
2026-07-14T11:38:53,15081,AUDJPY,achat,112.489,112.181,113.105,2.0,annoncé,1h,non déclenché (objectif atteint sans entrée),,,,2026-07-14T14:00:00,ChatExport_2026-10-01/photos/photo_3516@14-07-2026_11-38-53.jpg,2026-07-14 11:38:53,2026,2023-2026,0.01,30.800000000000693,1.099999999999568,,0,2.0,,,,,,,,,,,,,,,,,-19.2735,3.3499999999999996,0.0,0.3712,0.038900000000000004,0.0
2026-07-14T12:49:00,15099,EURUSD,vente,1.152,1.15301,1.14534,6.59,après coup,1h,objectif déjà dépassé à la publication,,,,,assets/tradingview/2026-07/2026-07-14_12h49_msg15099_vDYO4Shh.png,2026-07-14 12:49:00,2026,2023-2026,0.0001,10.100000000001774,19.999999999997797,,0,6.59,,,,,,,,,,,,,,,,,6.496500000000001,1.375,-0.25,-0.0262,0.2254,-1.0
2026-07-14T12:58:00,15100,GBPUSD,vente,1.3414,1.3439,1.33629,2.04,annoncé,1h,stop,-1.0,1.77,2026-07-14T13:00:00,2026-07-15T13:00:00,assets/tradingview/2026-07/2026-07-14_12h58_msg15100_7XJ4tugg.png,2026-07-14 12:58:00,2026,2023-2026,0.0001,25.000000000001688,86.00000000000162,-1.0479999999999967,0,2.04,1.0,25.000000000001688,0.4386626227010214,12.0,0.0,1.0,0.0,1.0,7.0,0.0,0.0,0.0,0.5599999999999006,0.0,0.0,1.0,17.4683,-0.125,-0.0,-0.1469,0.2013,-1.0
2026-07-14T14:26:00,15114,GBPUSD,vente,1.34063,1.34364,1.33394,2.22,annoncé,1h,stop,-1.0,1.22,2026-07-14T14:26:00,2026-07-15T13:00:00,assets/tradingview/2026-07/2026-07-14_14h26_msg15114_r91AiXwo.png,2026-07-14 14:26:00,2026,2023-2026,0.0001,30.09999999999957,93.700000000001,-1.039867109634552,0,2.22,1.0,30.09999999999957,0.5281497977319867,14.0,0.0,1.0,0.0,1.0,7.0,0.0,0.0,0.0,0.2093023255813679,0.0,0.0,1.0,17.4683,-0.125,-0.0,-0.1469,0.2013,-1.0
2026-07-24T10:22:09,15162,EURAUD,vente,1.63128,1.63411,1.62258,3.07,après coup,1h,stop,-1.0,2.2,2026-07-24T07:00:00,2026-07-28T14:00:00,ChatExport_2026-10-01/photos/photo_3533@24-07-2026_10-22-09.jpg,2026-07-24 10:22:09,2026,2023-2026,0.0001,28.29999999999888,62.80000000000063,-1.0706713780918755,0,3.07,4.0,,,,,,,,,,,,,,,,-9.443200000000001,2.0999999999999996,-0.0,0.19779999999999998,0.0473,4.0
2026-07-31T12:29:23,15189,USDJPY,achat,159.877,159.375,161.077,2.39,après coup,1h,stop,-1.0,1.15,2026-07-31T10:00:00,2026-07-31T13:00:00,ChatExport_2026-10-01/photos/photo_3538@31-07-2026_12-29-23.jpg,2026-07-31 12:29:23,2026,2023-2026,0.01,50.200000000000955,12.299999999999045,-1.0199203187250991,0,2.39,4.0,,,,,,,,,,,,,,,,10.6812,2.625,-0.25,0.1911,0.0633,1.0
2026-08-12T12:38:00,15209,GBPAUD,vente,1.91201,1.91449,1.90683,2.09,après coup,1h,stop,-1.0,1.72,2026-08-12T12:00:00,2026-08-13T05:00:00,assets/tradingview/2026-08/2026-08-12_12h39_msg15209_goDAkH8R.png,2026-08-12 12:38:00,2026,2023-2026,0.0001,24.800000000000377,120.09999999999853,-1.1008064516129017,0,2.09,2.0,,,,,,,,,,,,,,,,-9.090800000000002,0.5999999999999996,-0.0,0.014200000000000018,-0.06720000000000001,-0.0
2026-09-01T10:14:07,15279,EURUSD,vente,1.1611,1.16262,1.15943,1.1,après coup,1h,objectif,1.1,1.1,2026-09-01T06:00:00,2026-09-01T08:00:00,ChatExport_2026-10-01/photos/photo_3562@01-09-2026_10-14-07.jpg,2026-09-01 10:14:07,2026,2023-2026,0.0001,15.199999999999658,110.99999999999888,1.0473684210526304,1,1.1,1.0,,,,,,,,,,,,,,,,-19.1662,1.375,-0.25,0.2385,0.1865,1.0
2026-09-01T14:51:10,15281,EURUSD,vente,1.162,1.16262,1.15751,7.24,annoncé,1h,non déclenché (objectif atteint sans entrée),,,,2026-09-02T06:00:00,ChatExport_2026-10-01/photos/photo_3564@01-09-2026_14-51-10.jpg,2026-09-01 14:51:10,2026,2023-2026,0.0001,6.200000000000649,119.99999999999788,,0,7.24,,,,,,,,,,,,,,,,,-19.1662,1.375,-0.25,0.2385,0.1865,1.0
2026-09-03T02:05:00,15295,EURNZD,achat,1.97502,1.97098,1.98347,2.09,annoncé,1h,stop,-1.0,1.15,2026-09-03T15:00:00,2026-09-04T02:00:00,assets/tradingview/2026-09/2026-09-03_02h05_msg15295_21ngeVjC.png,2026-09-03 02:05:00,2026,2023-2026,0.0001,40.40000000000043,0.1999999999990898,-1.0742574257425734,0,2.09,3.0,40.40000000000043,0.4079338209581494,2.0,0.0,0.0,1.0,3.0,9.0,1.0,1.0,0.0,0.0049504950494823,1.0,0.0,0.0,7.7389,-0.25,0.0,0.3127,0.1066,0.0
2026-09-10T11:24:00,15331,EURUSD,vente,1.16,1.1646,1.15669,0.72,annoncé,1h,objectif,0.72,0.72,2026-09-10T12:00:00,2026-09-14T04:00:00,assets/tradingview/2026-09/2026-09-10_11h24_msg15331_7XJKnJbq.png,2026-09-10 11:24:00,2026,2023-2026,0.0001,46.00000000000159,99.99999999999787,0.7026086956521744,1,0.72,3.0,46.00000000000159,1.274572678477532,11.0,1.0,0.0,0.0,3.0,9.0,0.0,1.0,0.0,0.0,0.0,0.0,1.0,-5.3196,1.375,-0.25,0.1867,0.0476,1.0
2026-09-10T17:05:10,15338,EURUSD,vente,1.16299,1.16449,1.15792,3.38,annoncé,1h,non déclenché (objectif atteint sans entrée),,,,2026-09-11T12:00:00,ChatExport_2026-10-01/photos/photo_3576@10-09-2026_17-05-10.jpg,2026-09-10 17:05:10,2026,2023-2026,0.0001,15.000000000000568,120.10000000000076,,0,3.38,,,,,,,,,,,,,,,,,-5.3196,1.375,-0.25,0.1867,0.0476,1.0
2026-09-16T12:07:00,15359,USDJPY,achat,154.998,154.205,155.8,1.01,annoncé,1h,objectif,1.01,1.01,2026-09-16T15:00:00,2026-09-16T18:00:00,assets/tradingview/2026-09/2026-09-16_12h07_msg15359_BpwPaame.png,2026-09-16 12:07:00,2026,2023-2026,0.01,79.2999999999978,0.20000000000095497,0.9973896595208067,1,1.01,2.0,79.2999999999978,0.5887480049522013,12.0,0.0,1.0,0.0,2.0,9.0,0.0,1.0,0.0,0.0025220680958507,1.0,1.0,1.0,4.3982,2.625,0.0,0.2052,-0.0467,0.0
2026-09-18T00:47:00,15399,GBPAUD,vente,1.87806,1.88017,1.87346,2.18,annoncé,1h,objectif,2.18,2.18,2026-09-18T01:00:00,2026-09-18T11:00:00,assets/tradingview/2026-09/2026-09-18_00h48_msg15399_lnKhOCpk.png,2026-09-18 00:47:00,2026,2023-2026,0.0001,21.099999999998342,30.600000000000627,2.061516587677716,1,2.18,4.0,21.099999999998342,0.2917811052144848,0.0,0.0,0.0,1.0,4.0,9.0,1.0,1.0,0.0,0.9194312796209504,0.0,0.0,0.0,-5.8107,0.5999999999999996,-0.0,0.0005999999999999894,-0.022500000000000006,-1.0
2026-09-18T02:49:00,15405,AUDJPY,achat,111.055,110.799,111.615,2.19,après coup,1h,objectif,2.19,2.19,2026-09-18T00:00:00,2026-09-18T02:00:00,assets/tradingview/2026-09/2026-09-18_02h50_msg15405_FvbXjQCX.png,2026-09-18 02:49:00,2026,2023-2026,0.01,25.600000000000023,105.50000000000068,2.1196875,1,2.19,4.0,,,,,,,,,,,,,,,,-3.4225000000000003,3.3499999999999996,0.0,0.2076,-0.10950000000000001,0.0
2026-09-18T02:55:00,15410,NZDJPY,achat,89.248,88.985,89.993,2.83,après coup,1h,objectif,2.83,2.83,2026-09-17T21:00:00,2026-09-18T03:00:00,assets/tradingview/2026-09/2026-09-18_02h56_msg15410_bLaFYjuy.png,2026-09-18 02:55:00,2026,2023-2026,0.01,26.300000000000523,75.19999999999953,2.753954372623576,1,2.83,3.0,,,,,,,,,,,,,,,,-3.0389000000000004,1.75,0.5,-0.03939999999999999,0.17070000000000002,0.0
2026-09-18T03:07:00,15417,GBPAUD,achat,1.87806,1.8674,1.88431,0.59,annoncé,1h,objectif,0.59,0.59,2026-09-18T14:00:00,2026-09-24T02:00:00,assets/tradingview/2026-09/2026-09-18_03h07_msg15417_p17LysDN.png,2026-09-18 03:07:00,2026,2023-2026,0.0001,106.60000000000113,30.600000000000627,0.5665478424015011,1,0.59,4.0,106.60000000000112,1.4741168633112254,3.0,0.0,0.0,1.0,4.0,9.0,0.0,0.0,0.0,0.1819887429643557,1.0,0.0,0.0,5.8107,-0.5999999999999996,0.0,-0.0005999999999999894,0.022500000000000006,1.0
2026-09-21T19:08:00,15430,EURGBP,vente,0.85812,0.85962,0.85509,2.02,annoncé,1h,stop,-1.0,0.71,2026-09-22T10:00:00,2026-09-23T13:00:00,assets/tradingview/2026-09/2026-09-21_19h08_msg15430_pUJjmgvc.png,2026-09-21 19:08:00,2026,2023-2026,0.0001,15.000000000000568,81.19999999999905,-1.079999999999997,0,2.02,1.0,15.000000000000568,0.757573196062523,19.0,0.0,0.0,0.0,0.0,9.0,0.0,1.0,0.0,1.253333333333281,0.0,0.0,0.0,4.0701,1.25,-0.25,0.0907,-0.13069999999999998,2.0
2026-09-21T19:11:59,15434,NZDJPY,achat,89.372,89.123,89.869,2.0,après coup,1h,objectif déjà dépassé à la publication,,,,,assets/tradingview/2026-09/2026-09-21_19h11_msg15434_6eNKoon4.png,2026-09-21 19:11:59,2026,2023-2026,0.01,24.899999999999523,62.80000000000001,,0,2.0,,,,,,,,,,,,,,,,,1.6087999999999996,1.75,0.5,-0.0558,0.06640000000000001,0.0
2026-10-01T00:38:00,15504,USDJPY,achat,157.012,156.654,157.842,2.32,après coup,1h,objectif,2.32,2.32,2026-09-30T14:00:00,2026-10-01T00:00:00,assets/tradingview/2026-10/2026-10-01_00h38_msg15504_BGrlkMGs.png,2026-10-01 00:38:00,2026,2023-2026,0.01,35.80000000000041,48.799999999999955,2.2920670391061453,1,2.32,2.0,,,,,,,,,,,,,,,,23.0508,2.625,0.0,-0.11660000000000001,-0.5087,3.0
