paire,mois,cloture,rendement_pct
AUDCAD,2009-02,0.81584,3.417
AUDCAD,2009-03,0.87299,7.005
AUDCAD,2009-04,0.87356,0.066
AUDCAD,2009-05,0.87579,0.255
AUDCAD,2009-06,0.93645,6.926
AUDCAD,2009-07,0.89985,-3.908
AUDCAD,2009-08,0.92549,2.849
AUDCAD,2009-09,0.94582,2.197
AUDCAD,2009-10,0.97316,2.890
AUDCAD,2009-11,0.96644,-0.690
AUDCAD,2009-12,0.93930,-2.809
AUDCAD,2010-01,0.94516,0.624
AUDCAD,2010-02,0.94274,-0.257
AUDCAD,2010-03,0.93123,-1.221
AUDCAD,2010-04,0.94100,1.049
AUDCAD,2010-05,0.89131,-5.280
AUDCAD,2010-06,0.89942,0.910
AUDCAD,2010-07,0.93158,3.575
AUDCAD,2010-08,0.94805,1.769
AUDCAD,2010-09,0.99229,4.666
AUDCAD,2010-10,0.99814,0.590
AUDCAD,2010-11,0.98626,-1.190
AUDCAD,2010-12,1.01316,2.727
AUDCAD,2011-01,0.99960,-1.338
AUDCAD,2011-02,0.99064,-0.896
AUDCAD,2011-03,1.00653,1.604
AUDCAD,2011-04,1.03752,3.079
AUDCAD,2011-05,1.03273,-0.462
AUDCAD,2011-06,1.03477,0.198
AUDCAD,2011-07,1.04939,1.413
AUDCAD,2011-08,1.04698,-0.230
AUDCAD,2011-09,1.01228,-3.315
AUDCAD,2011-10,1.05379,4.101
AUDCAD,2011-11,1.04477,-0.857
AUDCAD,2011-12,1.04234,-0.232
AUDCAD,2012-01,1.06507,2.181
AUDCAD,2012-02,1.06326,-0.170
AUDCAD,2012-03,1.03566,-2.596
AUDCAD,2012-04,1.02915,-0.629
AUDCAD,2012-05,1.00495,-2.351
AUDCAD,2012-06,1.04310,3.796
AUDCAD,2012-07,1.05366,1.013
AUDCAD,2012-08,1.01912,-3.278
AUDCAD,2012-09,1.02192,0.275
AUDCAD,2012-10,1.03640,1.417
AUDCAD,2012-11,1.03567,-0.071
AUDCAD,2012-12,1.03492,-0.072
AUDCAD,2013-01,1.04246,0.729
AUDCAD,2013-02,1.05335,1.045
AUDCAD,2013-03,1.05902,0.538
AUDCAD,2013-04,1.04470,-1.352
AUDCAD,2013-05,0.99318,-4.932
AUDCAD,2013-06,0.96352,-2.986
AUDCAD,2013-07,0.92144,-4.367
AUDCAD,2013-08,0.93939,1.947
AUDCAD,2013-09,0.96076,2.276
AUDCAD,2013-10,0.98769,2.803
AUDCAD,2013-11,0.96697,-2.098
AUDCAD,2013-12,0.94982,-1.774
AUDCAD,2014-01,0.97185,2.320
AUDCAD,2014-02,0.98937,1.803
AUDCAD,2014-03,1.02513,3.615
AUDCAD,2014-04,1.01689,-0.804
AUDCAD,2014-05,1.01041,-0.637
AUDCAD,2014-06,1.00641,-0.396
AUDCAD,2014-07,1.01274,0.629
AUDCAD,2014-08,1.01458,0.181
AUDCAD,2014-09,0.97912,-3.495
AUDCAD,2014-10,0.99095,1.208
AUDCAD,2014-11,0.97392,-1.718
AUDCAD,2014-12,0.94818,-2.643
AUDCAD,2015-01,0.98704,4.098
AUDCAD,2015-02,0.97673,-1.045
AUDCAD,2015-03,0.96691,-1.005
AUDCAD,2015-04,0.95319,-1.419
AUDCAD,2015-05,0.95474,0.162
AUDCAD,2015-06,0.96094,0.650
AUDCAD,2015-07,0.95660,-0.452
AUDCAD,2015-08,0.93880,-1.860
AUDCAD,2015-09,0.94040,0.170
AUDCAD,2015-10,0.93316,-0.770
AUDCAD,2015-11,0.96455,3.364
AUDCAD,2015-12,1.00831,4.536
AUDCAD,2016-01,0.99519,-1.301
AUDCAD,2016-02,0.96710,-2.823
AUDCAD,2016-03,0.99562,2.949
AUDCAD,2016-04,0.95524,-4.056
AUDCAD,2016-05,0.94851,-0.705
AUDCAD,2016-06,0.96693,1.942
AUDCAD,2016-07,0.99088,2.477
AUDCAD,2016-08,0.98662,-0.430
AUDCAD,2016-09,1.00552,1.916
AUDCAD,2016-10,1.02009,1.449
AUDCAD,2016-11,0.99173,-2.781
AUDCAD,2016-12,0.97072,-2.118
AUDCAD,2017-01,0.98794,1.775
AUDCAD,2017-02,1.01814,3.056
AUDCAD,2017-03,1.01749,-0.064
AUDCAD,2017-04,1.02175,0.419
AUDCAD,2017-05,1.00387,-1.750
AUDCAD,2017-06,0.99647,-0.737
AUDCAD,2017-07,0.99768,0.122
AUDCAD,2017-08,0.99270,-0.499
AUDCAD,2017-09,0.98071,-1.208
AUDCAD,2017-10,0.98873,0.817
AUDCAD,2017-11,0.97554,-1.333
AUDCAD,2017-12,0.97820,0.272
AUDCAD,2018-01,0.99193,1.404
AUDCAD,2018-02,0.99899,0.711
AUDCAD,2018-03,0.99131,-0.768
AUDCAD,2018-04,0.96689,-2.464
AUDCAD,2018-05,0.98183,1.546
AUDCAD,2018-06,0.97225,-0.976
AUDCAD,2018-07,0.96824,-0.413
AUDCAD,2018-08,0.94016,-2.900
AUDCAD,2018-09,0.93529,-0.518
AUDCAD,2018-10,0.93087,-0.473
AUDCAD,2018-11,0.97105,4.316
AUDCAD,2018-12,0.96139,-0.995
AUDCAD,2019-01,0.95689,-0.468
AUDCAD,2019-02,0.93469,-2.320
AUDCAD,2019-03,0.94907,1.538
AUDCAD,2019-04,0.94523,-0.404
AUDCAD,2019-05,0.93714,-0.855
AUDCAD,2019-06,0.91757,-2.089
AUDCAD,2019-07,0.90529,-1.339
AUDCAD,2019-08,0.89441,-1.202
AUDCAD,2019-09,0.89335,-0.118
AUDCAD,2019-10,0.90536,1.344
AUDCAD,2019-11,0.89871,-0.735
AUDCAD,2019-12,0.91121,1.391
AUDCAD,2020-01,0.88558,-2.813
AUDCAD,2020-02,0.87107,-1.639
AUDCAD,2020-03,0.86703,-0.464
AUDCAD,2020-04,0.90744,4.661
AUDCAD,2020-05,0.91718,1.073
AUDCAD,2020-06,0.93844,2.319
AUDCAD,2020-07,0.95819,2.104
AUDCAD,2020-08,0.96298,0.500
AUDCAD,2020-09,0.95396,-0.937
AUDCAD,2020-10,0.93630,-1.851
AUDCAD,2020-11,0.95428,1.920
AUDCAD,2020-12,0.98312,3.022
AUDCAD,2021-01,0.97878,-0.441
AUDCAD,2021-02,0.98031,0.157
AUDCAD,2021-03,0.95706,-2.372
AUDCAD,2021-04,0.94838,-0.907
AUDCAD,2021-05,0.93142,-1.789
AUDCAD,2021-06,0.92984,-0.170
AUDCAD,2021-07,0.91635,-1.450
AUDCAD,2021-08,0.92277,0.701
AUDCAD,2021-09,0.91601,-0.732
AUDCAD,2021-10,0.93099,1.635
AUDCAD,2021-11,0.90814,-2.454
AUDCAD,2021-12,0.92762,2.145
AUDCAD,2022-01,0.89672,-3.331
AUDCAD,2022-02,0.91940,2.529
AUDCAD,2022-03,0.93603,1.809
AUDCAD,2022-04,0.90904,-2.884
AUDCAD,2022-05,0.90850,-0.060
AUDCAD,2022-06,0.88876,-2.173
AUDCAD,2022-07,0.89417,0.609
AUDCAD,2022-08,0.89880,0.517
AUDCAD,2022-09,0.88523,-1.510
AUDCAD,2022-10,0.87206,-1.488
AUDCAD,2022-11,0.90932,4.273
AUDCAD,2022-12,0.92086,1.268
AUDCAD,2023-01,0.94000,2.079
AUDCAD,2023-02,0.91826,-2.313
AUDCAD,2023-03,0.90674,-1.254
AUDCAD,2023-04,0.89671,-1.106
AUDCAD,2023-05,0.87954,-1.915
AUDCAD,2023-06,0.88166,0.241
AUDCAD,2023-07,0.88566,0.453
AUDCAD,2023-08,0.87569,-1.126
AUDCAD,2023-09,0.87317,-0.288
AUDCAD,2023-10,0.87874,0.638
AUDCAD,2023-11,0.89867,2.268
AUDCAD,2023-12,0.90141,0.304
AUDCAD,2024-01,0.88332,-2.007
AUDCAD,2024-02,0.88230,-0.115
AUDCAD,2024-03,0.88335,0.119
AUDCAD,2024-04,0.89226,1.009
AUDCAD,2024-05,0.90611,1.552
AUDCAD,2024-06,0.91367,0.834
AUDCAD,2024-07,0.90224,-1.251
AUDCAD,2024-08,0.91280,1.171
AUDCAD,2024-09,0.93683,2.633
AUDCAD,2024-10,0.91301,-2.542
AUDCAD,2024-11,0.91273,-0.032
AUDCAD,2024-12,0.89065,-2.419
AUDCAD,2025-01,0.90250,1.331
AUDCAD,2025-02,0.89646,-0.670
AUDCAD,2025-03,0.89667,0.023
AUDCAD,2025-04,0.88353,-1.465
AUDCAD,2025-05,0.88451,0.110
AUDCAD,2025-06,0.89523,1.212
AUDCAD,2025-07,0.89024,-0.557
AUDCAD,2025-08,0.89836,0.912
AUDCAD,2025-09,0.92116,2.538
AUDCAD,2025-10,0.91706,-0.444
AUDCAD,2025-11,0.91555,-0.165
AUDCAD,2025-12,0.91444,-0.121
AUDCAD,2026-01,0.94831,3.704
AUDCAD,2026-02,0.97073,2.365
AUDCAD,2026-03,0.95647,-1.469
AUDCAD,2026-04,0.97780,2.230
AUDCAD,2026-05,0.99123,1.373
AUDCAD,2026-06,0.98230,-0.901
AUDCAD,2026-07,0.98560,0.336
AUDCAD,2026-08,0.99334,0.785
AUDCAD,2026-09,0.99444,0.112
AUDCHF,2009-02,0.74921,1.130
AUDCHF,2009-03,0.78913,5.327
AUDCHF,2009-04,0.83427,5.721
AUDCHF,2009-05,0.85461,2.438
AUDCHF,2009-06,0.87531,2.423
AUDCHF,2009-07,0.88959,1.632
AUDCHF,2009-08,0.89190,0.259
AUDCHF,2009-09,0.91547,2.643
AUDCHF,2009-10,0.92534,1.079
AUDCHF,2009-11,0.91890,-0.696
AUDCHF,2009-12,0.93005,1.214
AUDCHF,2010-01,0.93673,0.718
AUDCHF,2010-02,0.95985,2.468
AUDCHF,2010-03,0.96534,0.572
AUDCHF,2010-04,1.00195,3.793
AUDCHF,2010-05,0.97937,-2.254
AUDCHF,2010-06,0.91367,-6.708
AUDCHF,2010-07,0.94217,3.119
AUDCHF,2010-08,0.90439,-4.009
AUDCHF,2010-09,0.94553,4.549
AUDCHF,2010-10,0.96512,2.072
AUDCHF,2010-11,0.95927,-0.606
AUDCHF,2010-12,0.94838,-1.135
AUDCHF,2011-01,0.93795,-1.099
AUDCHF,2011-02,0.94669,0.932
AUDCHF,2011-03,0.94852,0.193
AUDCHF,2011-04,0.94783,-0.073
AUDCHF,2011-05,0.90875,-4.123
AUDCHF,2011-06,0.90288,-0.647
AUDCHF,2011-07,0.86700,-3.974
AUDCHF,2011-08,0.86023,-0.780
AUDCHF,2011-09,0.88161,2.486
AUDCHF,2011-10,0.92371,4.775
AUDCHF,2011-11,0.93280,0.984
AUDCHF,2011-12,0.96094,3.017
AUDCHF,2012-01,0.97711,1.682
AUDCHF,2012-02,0.97241,-0.481
AUDCHF,2012-03,0.93572,-3.773
AUDCHF,2012-04,0.94535,1.028
AUDCHF,2012-05,0.94319,-0.228
AUDCHF,2012-06,0.97093,2.941
AUDCHF,2012-07,1.02620,5.693
AUDCHF,2012-08,0.98646,-3.872
AUDCHF,2012-09,0.97652,-1.008
AUDCHF,2012-10,0.96557,-1.121
AUDCHF,2012-11,0.96611,0.056
AUDCHF,2012-12,0.95147,-1.516
AUDCHF,2013-01,0.94867,-0.294
AUDCHF,2013-02,0.95607,0.780
AUDCHF,2013-03,0.98782,3.321
AUDCHF,2013-04,0.96442,-2.369
AUDCHF,2013-05,0.92073,-4.530
AUDCHF,2013-06,0.86610,-5.934
AUDCHF,2013-07,0.83160,-3.983
AUDCHF,2013-08,0.82893,-0.322
AUDCHF,2013-09,0.84464,1.895
AUDCHF,2013-10,0.85766,1.541
AUDCHF,2013-11,0.82553,-3.746
AUDCHF,2013-12,0.79507,-3.690
AUDCHF,2014-01,0.79140,-0.462
AUDCHF,2014-02,0.78703,-0.552
AUDCHF,2014-03,0.81988,4.175
AUDCHF,2014-04,0.81678,-0.379
AUDCHF,2014-05,0.83161,1.816
AUDCHF,2014-06,0.83597,0.524
AUDCHF,2014-07,0.84505,1.086
AUDCHF,2014-08,0.85722,1.440
AUDCHF,2014-09,0.83470,-2.627
AUDCHF,2014-10,0.84598,1.351
AUDCHF,2014-11,0.82322,-2.690
AUDCHF,2014-12,0.81193,-1.371
AUDCHF,2015-01,0.71490,-11.951
AUDCHF,2015-02,0.74297,3.927
AUDCHF,2015-03,0.74053,-0.329
AUDCHF,2015-04,0.74030,-0.030
AUDCHF,2015-05,0.72023,-2.712
AUDCHF,2015-06,0.72003,-0.027
AUDCHF,2015-07,0.70650,-1.879
AUDCHF,2015-08,0.68733,-2.714
AUDCHF,2015-09,0.68607,-0.184
AUDCHF,2015-10,0.70319,2.496
AUDCHF,2015-11,0.74389,5.788
AUDCHF,2015-12,0.72984,-1.889
AUDCHF,2016-01,0.72309,-0.924
AUDCHF,2016-02,0.71234,-1.487
AUDCHF,2016-03,0.73568,3.276
AUDCHF,2016-04,0.73061,-0.690
AUDCHF,2016-05,0.71944,-1.529
AUDCHF,2016-06,0.72776,1.157
AUDCHF,2016-07,0.73632,1.177
AUDCHF,2016-08,0.73910,0.377
AUDCHF,2016-09,0.74323,0.560
AUDCHF,2016-10,0.75272,1.276
AUDCHF,2016-11,0.75253,-0.025
AUDCHF,2016-12,0.73458,-2.385
AUDCHF,2017-01,0.74972,2.060
AUDCHF,2017-02,0.77027,2.742
AUDCHF,2017-03,0.76367,-0.857
AUDCHF,2017-04,0.74331,-2.666
AUDCHF,2017-05,0.72021,-3.107
AUDCHF,2017-06,0.73580,2.164
AUDCHF,2017-07,0.77083,4.761
AUDCHF,2017-08,0.76227,-1.110
AUDCHF,2017-09,0.75955,-0.358
AUDCHF,2017-10,0.76436,0.634
AUDCHF,2017-11,0.74491,-2.545
AUDCHF,2017-12,0.76102,2.163
AUDCHF,2018-01,0.75212,-1.170
AUDCHF,2018-02,0.73563,-2.193
AUDCHF,2018-03,0.73301,-0.356
AUDCHF,2018-04,0.74761,1.992
AUDCHF,2018-05,0.74519,-0.323
AUDCHF,2018-06,0.73415,-1.482
AUDCHF,2018-07,0.73602,0.255
AUDCHF,2018-08,0.69750,-5.233
AUDCHF,2018-09,0.70628,1.260
AUDCHF,2018-10,0.71306,0.960
AUDCHF,2018-11,0.73015,2.397
AUDCHF,2018-12,0.69278,-5.118
AUDCHF,2019-01,0.72371,4.464
AUDCHF,2019-02,0.70808,-2.160
AUDCHF,2019-03,0.70768,-0.056
AUDCHF,2019-04,0.71806,1.466
AUDCHF,2019-05,0.69536,-3.161
AUDCHF,2019-06,0.68396,-1.640
AUDCHF,2019-07,0.68205,-0.279
AUDCHF,2019-08,0.66620,-2.325
AUDCHF,2019-09,0.67310,1.036
AUDCHF,2019-10,0.67971,0.982
AUDCHF,2019-11,0.67625,-0.509
AUDCHF,2019-12,0.68028,0.597
AUDCHF,2020-01,0.64610,-5.024
AUDCHF,2020-02,0.62815,-2.778
AUDCHF,2020-03,0.59101,-5.912
AUDCHF,2020-04,0.63072,6.719
AUDCHF,2020-05,0.63882,1.283
AUDCHF,2020-06,0.65258,2.155
AUDCHF,2020-07,0.65242,-0.025
AUDCHF,2020-08,0.66583,2.055
AUDCHF,2020-09,0.65788,-1.193
AUDCHF,2020-10,0.64365,-2.163
AUDCHF,2020-11,0.66598,3.469
AUDCHF,2020-12,0.68154,2.337
AUDCHF,2021-01,0.68222,0.099
AUDCHF,2021-02,0.70192,2.888
AUDCHF,2021-03,0.71702,2.150
AUDCHF,2021-04,0.70424,-1.781
AUDCHF,2021-05,0.69315,-1.575
AUDCHF,2021-06,0.69363,0.069
AUDCHF,2021-07,0.66605,-3.975
AUDCHF,2021-08,0.66937,0.498
AUDCHF,2021-09,0.67503,0.845
AUDCHF,2021-10,0.68827,1.962
AUDCHF,2021-11,0.65332,-5.078
AUDCHF,2021-12,0.66400,1.636
AUDCHF,2022-01,0.65718,-1.028
AUDCHF,2022-02,0.66650,1.418
AUDCHF,2022-03,0.69074,3.637
AUDCHF,2022-04,0.69041,-0.048
AUDCHF,2022-05,0.68790,-0.364
AUDCHF,2022-06,0.65944,-4.137
AUDCHF,2022-07,0.66450,0.768
AUDCHF,2022-08,0.66928,0.718
AUDCHF,2022-09,0.63373,-5.311
AUDCHF,2022-10,0.63977,0.953
AUDCHF,2022-11,0.63716,-0.408
AUDCHF,2022-12,0.62885,-1.303
AUDCHF,2023-01,0.64763,2.986
AUDCHF,2023-02,0.63232,-2.365
AUDCHF,2023-03,0.61203,-3.209
AUDCHF,2023-04,0.58962,-3.660
AUDCHF,2023-05,0.59091,0.218
AUDCHF,2023-06,0.59615,0.886
AUDCHF,2023-07,0.58470,-1.921
AUDCHF,2023-08,0.57157,-2.245
AUDCHF,2023-09,0.58970,3.173
AUDCHF,2023-10,0.57620,-2.289
AUDCHF,2023-11,0.57709,0.153
AUDCHF,2023-12,0.57388,-0.557
AUDCHF,2024-01,0.56672,-1.246
AUDCHF,2024-02,0.57439,1.353
AUDCHF,2024-03,0.58814,2.393
AUDCHF,2024-04,0.59540,1.235
AUDCHF,2024-05,0.59987,0.749
AUDCHF,2024-06,0.60039,0.087
AUDCHF,2024-07,0.57489,-4.246
AUDCHF,2024-08,0.57455,-0.059
AUDCHF,2024-09,0.58549,1.905
AUDCHF,2024-10,0.56645,-3.253
AUDCHF,2024-11,0.57457,1.434
AUDCHF,2024-12,0.56086,-2.387
AUDCHF,2025-01,0.56726,1.140
AUDCHF,2025-02,0.56019,-1.246
AUDCHF,2025-03,0.55145,-1.560
AUDCHF,2025-04,0.52646,-4.531
AUDCHF,2025-05,0.52947,0.571
AUDCHF,2025-06,0.52176,-1.457
AUDCHF,2025-07,0.52231,0.107
AUDCHF,2025-08,0.52333,0.195
AUDCHF,2025-09,0.52689,0.679
AUDCHF,2025-10,0.52543,-0.276
AUDCHF,2025-11,0.52650,0.204
AUDCHF,2025-12,0.52924,0.521
AUDCHF,2026-01,0.53931,1.902
AUDCHF,2026-02,0.54732,1.485
AUDCHF,2026-03,0.55025,0.535
AUDCHF,2026-04,0.56207,2.149
AUDCHF,2026-05,0.56170,-0.066
AUDCHF,2026-06,0.55888,-0.502
AUDCHF,2026-07,0.56777,1.589
AUDCHF,2026-08,0.57936,2.043
AUDCHF,2026-09,0.58246,0.535
AUDJPY,2009-02,62.73830,9.469
AUDJPY,2009-03,68.66343,9.444
AUDJPY,2009-04,72.26165,5.240
AUDJPY,2009-05,76.37279,5.689
AUDJPY,2009-06,77.66412,1.691
AUDJPY,2009-07,78.83589,1.509
AUDJPY,2009-08,78.32911,-0.643
AUDJPY,2009-09,78.96409,0.811
AUDJPY,2009-10,81.79682,3.587
AUDJPY,2009-11,78.74189,-3.735
AUDJPY,2009-12,83.57726,6.141
AUDJPY,2010-01,80.19521,-4.047
AUDJPY,2010-02,79.61287,-0.726
AUDJPY,2010-03,85.64093,7.572
AUDJPY,2010-04,87.69775,2.402
AUDJPY,2010-05,77.10792,-12.075
AUDJPY,2010-06,75.04240,-2.679
AUDJPY,2010-07,78.22427,4.240
AUDJPY,2010-08,74.93540,-4.204
AUDJPY,2010-09,80.52637,7.461
AUDJPY,2010-10,78.85558,-2.075
AUDJPY,2010-11,80.27668,1.802
AUDJPY,2010-12,82.67031,2.982
AUDJPY,2011-01,81.77374,-1.085
AUDJPY,2011-02,83.36555,1.947
AUDJPY,2011-03,85.72612,2.832
AUDJPY,2011-04,88.93142,3.739
AUDJPY,2011-05,86.65387,-2.561
AUDJPY,2011-06,86.54218,-0.129
AUDJPY,2011-07,84.90649,-1.890
AUDJPY,2011-08,81.87072,-3.575
AUDJPY,2011-09,75.06577,-8.312
AUDJPY,2011-10,82.72679,10.206
AUDJPY,2011-11,79.47142,-3.935
AUDJPY,2011-12,78.91338,-0.702
AUDJPY,2012-01,80.90292,2.521
AUDJPY,2012-02,87.40166,8.033
AUDJPY,2012-03,85.43438,-2.251
AUDJPY,2012-04,83.08349,-2.752
AUDJPY,2012-05,76.02447,-8.496
AUDJPY,2012-06,81.69721,7.462
AUDJPY,2012-07,82.17593,0.586
AUDJPY,2012-08,80.91351,-1.536
AUDJPY,2012-09,80.94743,0.042
AUDJPY,2012-10,82.89951,2.412
AUDJPY,2012-11,86.07780,3.834
AUDJPY,2012-12,90.04365,4.607
AUDJPY,2013-01,95.23213,5.762
AUDJPY,2013-02,94.58269,-0.682
AUDJPY,2013-03,98.01187,3.626
AUDJPY,2013-04,101.15133,3.203
AUDJPY,2013-05,96.87740,-4.225
AUDJPY,2013-06,90.92659,-6.143
AUDJPY,2013-07,88.09566,-3.113
AUDJPY,2013-08,87.42323,-0.763
AUDJPY,2013-09,91.82549,5.036
AUDJPY,2013-10,92.90653,1.177
AUDJPY,2013-11,93.48481,0.622
AUDJPY,2013-12,93.98161,0.531
AUDJPY,2014-01,89.42123,-4.852
AUDJPY,2014-02,91.19171,1.980
AUDJPY,2014-03,95.51104,4.737
AUDJPY,2014-04,94.80230,-0.742
AUDJPY,2014-05,94.62576,-0.186
AUDJPY,2014-06,95.47511,0.898
AUDJPY,2014-07,95.56362,0.093
AUDJPY,2014-08,97.17810,1.689
AUDJPY,2014-09,95.80640,-1.412
AUDJPY,2014-10,98.54066,2.854
AUDJPY,2014-11,101.17627,2.675
AUDJPY,2014-12,97.95668,-3.182
AUDJPY,2015-01,91.15889,-6.940
AUDJPY,2015-02,93.50203,2.570
AUDJPY,2015-03,91.46778,-2.176
AUDJPY,2015-04,94.29628,3.092
AUDJPY,2015-05,94.95290,0.696
AUDJPY,2015-06,94.06780,-0.932
AUDJPY,2015-07,90.87176,-3.398
AUDJPY,2015-08,86.09159,-5.260
AUDJPY,2015-09,84.10670,-2.306
AUDJPY,2015-10,86.09744,2.367
AUDJPY,2015-11,89.14774,3.543
AUDJPY,2015-12,87.62842,-1.704
AUDJPY,2016-01,85.59610,-2.319
AUDJPY,2016-02,80.74667,-5.665
AUDJPY,2016-03,86.30431,6.883
AUDJPY,2016-04,81.37322,-5.714
AUDJPY,2016-05,80.20713,-1.433
AUDJPY,2016-06,76.38053,-4.771
AUDJPY,2016-07,77.75076,1.794
AUDJPY,2016-08,77.72932,-0.028
AUDJPY,2016-09,77.59718,-0.170
AUDJPY,2016-10,79.96803,3.055
AUDJPY,2016-11,84.46480,5.623
AUDJPY,2016-12,84.43352,-0.037
AUDJPY,2017-01,85.46516,1.222
AUDJPY,2017-02,86.12712,0.775
AUDJPY,2017-03,85.09777,-1.195
AUDJPY,2017-04,83.30094,-2.111
AUDJPY,2017-05,82.33675,-1.157
AUDJPY,2017-06,86.27571,4.784
AUDJPY,2017-07,88.16998,2.196
AUDJPY,2017-08,87.30071,-0.986
AUDJPY,2017-09,88.31047,1.157
AUDJPY,2017-10,87.13289,-1.333
AUDJPY,2017-11,85.03067,-2.413
AUDJPY,2017-12,88.06658,3.570
AUDJPY,2018-01,88.20302,0.155
AUDJPY,2018-02,83.17341,-5.702
AUDJPY,2018-03,81.66718,-1.811
AUDJPY,2018-04,82.43192,0.936
AUDJPY,2018-05,82.30886,-0.149
AUDJPY,2018-06,81.91639,-0.477
AUDJPY,2018-07,83.21928,1.591
AUDJPY,2018-08,79.81876,-4.086
AUDJPY,2018-09,82.13665,2.904
AUDJPY,2018-10,80.01985,-2.577
AUDJPY,2018-11,83.00921,3.736
AUDJPY,2018-12,77.29707,-6.881
AUDJPY,2019-01,79.26012,2.540
AUDJPY,2019-02,79.07142,-0.238
AUDJPY,2019-03,78.62471,-0.565
AUDJPY,2019-04,78.42309,-0.256
AUDJPY,2019-05,75.30146,-3.981
AUDJPY,2019-06,75.58702,0.379
AUDJPY,2019-07,74.78992,-1.055
AUDJPY,2019-08,71.53913,-4.347
AUDJPY,2019-09,72.92903,1.943
AUDJPY,2019-10,74.45240,2.089
AUDJPY,2019-11,74.02123,-0.579
AUDJPY,2019-12,76.39367,3.205
AUDJPY,2020-01,72.68221,-4.858
AUDJPY,2020-02,70.22603,-3.379
AUDJPY,2020-03,66.01387,-5.998
AUDJPY,2020-04,69.75864,5.673
AUDJPY,2020-05,71.57944,2.610
AUDJPY,2020-06,74.28827,3.784
AUDJPY,2020-07,75.73024,1.941
AUDJPY,2020-08,78.19727,3.258
AUDJPY,2020-09,75.59788,-3.324
AUDJPY,2020-10,73.41808,-2.883
AUDJPY,2020-11,76.72743,4.508
AUDJPY,2020-12,79.54826,3.676
AUDJPY,2021-01,80.16548,0.776
AUDJPY,2021-02,82.32842,2.698
AUDJPY,2021-03,84.21013,2.286
AUDJPY,2021-04,84.35957,0.177
AUDJPY,2021-05,84.63435,0.326
AUDJPY,2021-06,83.24588,-1.641
AUDJPY,2021-07,80.63805,-3.133
AUDJPY,2021-08,80.41064,-0.282
AUDJPY,2021-09,80.59270,0.226
AUDJPY,2021-10,85.63382,6.255
AUDJPY,2021-11,80.25234,-6.284
AUDJPY,2021-12,83.61406,4.189
AUDJPY,2022-01,81.39305,-2.656
AUDJPY,2022-02,83.58263,2.690
AUDJPY,2022-03,91.06862,8.956
AUDJPY,2022-04,92.19627,1.238
AUDJPY,2022-05,92.38787,0.208
AUDJPY,2022-06,93.69562,1.416
AUDJPY,2022-07,93.07768,-0.660
AUDJPY,2022-08,95.22142,2.303
AUDJPY,2022-09,93.15095,-2.174
AUDJPY,2022-10,95.03197,2.019
AUDJPY,2022-11,93.57200,-1.536
AUDJPY,2022-12,89.69718,-4.141
AUDJPY,2023-01,91.77242,2.314
AUDJPY,2023-02,91.77907,0.007
AUDJPY,2023-03,88.99839,-3.030
AUDJPY,2023-04,89.98213,1.105
AUDJPY,2023-05,90.47835,0.551
AUDJPY,2023-06,96.26199,6.392
AUDJPY,2023-07,95.68612,-0.598
AUDJPY,2023-08,94.22418,-1.528
AUDJPY,2023-09,96.40023,2.309
AUDJPY,2023-10,95.90325,-0.516
AUDJPY,2023-11,97.80409,1.982
AUDJPY,2023-12,96.21740,-1.622
AUDJPY,2024-01,96.52851,0.323
AUDJPY,2024-02,97.47692,0.983
AUDJPY,2024-03,98.65605,1.210
AUDJPY,2024-04,102.24559,3.638
AUDJPY,2024-05,104.37583,2.083
AUDJPY,2024-06,107.41804,2.915
AUDJPY,2024-07,98.27474,-8.512
AUDJPY,2024-08,98.73495,0.468
AUDJPY,2024-09,99.32742,0.600
AUDJPY,2024-10,99.79040,0.466
AUDJPY,2024-11,97.96144,-1.833
AUDJPY,2024-12,97.33424,-0.640
AUDJPY,2025-01,96.69184,-0.660
AUDJPY,2025-02,93.56522,-3.234
AUDJPY,2025-03,93.47718,-0.094
AUDJPY,2025-04,91.27152,-2.360
AUDJPY,2025-05,92.76798,1.640
AUDJPY,2025-06,94.76140,2.149
AUDJPY,2025-07,96.83642,2.190
AUDJPY,2025-08,96.14504,-0.714
AUDJPY,2025-09,97.87023,1.794
AUDJPY,2025-10,100.83786,3.032
AUDJPY,2025-11,102.31933,1.469
AUDJPY,2025-12,104.56819,2.198
AUDJPY,2026-01,107.96027,3.244
AUDJPY,2026-02,111.12298,2.930
AUDJPY,2026-03,109.04853,-1.867
AUDJPY,2026-04,112.54310,3.205
AUDJPY,2026-05,114.50453,1.743
AUDJPY,2026-06,112.44727,-1.797
AUDJPY,2026-07,111.82463,-0.554
AUDJPY,2026-08,114.46793,2.364
AUDJPY,2026-09,110.54223,-3.430
AUDNZD,2009-02,1.27614,1.689
AUDNZD,2009-03,1.21669,-4.659
AUDNZD,2009-04,1.28477,5.596
AUDNZD,2009-05,1.25482,-2.332
AUDNZD,2009-06,1.24938,-0.434
AUDNZD,2009-07,1.26251,1.051
AUDNZD,2009-08,1.23089,-2.505
AUDNZD,2009-09,1.21998,-0.886
AUDNZD,2009-10,1.25009,2.468
AUDNZD,2009-11,1.27860,2.280
AUDNZD,2009-12,1.23768,-3.200
AUDNZD,2010-01,1.25927,1.745
AUDNZD,2010-02,1.28022,1.664
AUDNZD,2010-03,1.29177,0.902
AUDNZD,2010-04,1.27126,-1.587
AUDNZD,2010-05,1.24904,-1.748
AUDNZD,2010-06,1.22888,-1.614
AUDNZD,2010-07,1.24645,1.429
AUDNZD,2010-08,1.27381,2.195
AUDNZD,2010-09,1.31534,3.260
AUDNZD,2010-10,1.28503,-2.304
AUDNZD,2010-11,1.29042,0.420
AUDNZD,2010-12,1.31683,2.047
AUDNZD,2011-01,1.28970,-2.060
AUDNZD,2011-02,1.35253,4.871
AUDNZD,2011-03,1.35602,0.258
AUDNZD,2011-04,1.35568,-0.025
AUDNZD,2011-05,1.29506,-4.471
AUDNZD,2011-06,1.29545,0.030
AUDNZD,2011-07,1.25358,-3.232
AUDNZD,2011-08,1.25161,-0.157
AUDNZD,2011-09,1.26951,1.431
AUDNZD,2011-10,1.30663,2.924
AUDNZD,2011-11,1.31858,0.915
AUDNZD,2011-12,1.31338,-0.395
AUDNZD,2012-01,1.28518,-2.147
AUDNZD,2012-02,1.28344,-0.136
AUDNZD,2012-03,1.26425,-1.495
AUDNZD,2012-04,1.27358,0.738
AUDNZD,2012-05,1.29015,1.301
AUDNZD,2012-06,1.27526,-1.155
AUDNZD,2012-07,1.29661,1.674
AUDNZD,2012-08,1.28573,-0.839
AUDNZD,2012-09,1.25265,-2.573
AUDNZD,2012-10,1.26154,0.710
AUDNZD,2012-11,1.27167,0.803
AUDNZD,2012-12,1.25712,-1.144
AUDNZD,2013-01,1.24246,-1.166
AUDNZD,2013-02,1.23594,-0.525
AUDNZD,2013-03,1.24513,0.743
AUDNZD,2013-04,1.20890,-2.910
AUDNZD,2013-05,1.20503,-0.320
AUDNZD,2013-06,1.18183,-1.925
AUDNZD,2013-07,1.12657,-4.676
AUDNZD,2013-08,1.15158,2.220
AUDNZD,2013-09,1.12248,-2.527
AUDNZD,2013-10,1.14424,1.939
AUDNZD,2013-11,1.11862,-2.238
AUDNZD,2013-12,1.08510,-2.997
AUDNZD,2014-01,1.08070,-0.406
AUDNZD,2014-02,1.06477,-1.474
AUDNZD,2014-03,1.06798,0.302
AUDNZD,2014-04,1.07862,0.995
AUDNZD,2014-05,1.09586,1.599
AUDNZD,2014-06,1.07673,-1.745
AUDNZD,2014-07,1.09552,1.744
AUDNZD,2014-08,1.11680,1.943
AUDNZD,2014-09,1.12179,0.447
AUDNZD,2014-10,1.12993,0.726
AUDNZD,2014-11,1.08720,-3.782
AUDNZD,2014-12,1.04839,-3.570
AUDNZD,2015-01,1.07095,2.152
AUDNZD,2015-02,1.03351,-3.496
AUDNZD,2015-03,1.01868,-1.434
AUDNZD,2015-04,1.03635,1.734
AUDNZD,2015-05,1.07705,3.927
AUDNZD,2015-06,1.13667,5.536
AUDNZD,2015-07,1.10668,-2.639
AUDNZD,2015-08,1.11828,1.048
AUDNZD,2015-09,1.09856,-1.764
AUDNZD,2015-10,1.05428,-4.030
AUDNZD,2015-11,1.10049,4.383
AUDNZD,2015-12,1.06492,-3.233
AUDNZD,2016-01,1.09306,2.642
AUDNZD,2016-02,1.08346,-0.878
AUDNZD,2016-03,1.10840,2.301
AUDNZD,2016-04,1.08990,-1.669
AUDNZD,2016-05,1.06989,-1.836
AUDNZD,2016-06,1.04385,-2.434
AUDNZD,2016-07,1.05304,0.880
AUDNZD,2016-08,1.03609,-1.610
AUDNZD,2016-09,1.05168,1.504
AUDNZD,2016-10,1.06355,1.129
AUDNZD,2016-11,1.04321,-1.912
AUDNZD,2016-12,1.03912,-0.393
AUDNZD,2017-01,1.03450,-0.444
AUDNZD,2017-02,1.06318,2.772
AUDNZD,2017-03,1.09105,2.621
AUDNZD,2017-04,1.08962,-0.130
AUDNZD,2017-05,1.04752,-3.864
AUDNZD,2017-06,1.04828,0.072
AUDNZD,2017-07,1.06462,1.559
AUDNZD,2017-08,1.10629,3.914
AUDNZD,2017-09,1.08514,-1.912
AUDNZD,2017-10,1.11947,3.163
AUDNZD,2017-11,1.10540,-1.257
AUDNZD,2017-12,1.10073,-0.422
AUDNZD,2018-01,1.09457,-0.560
AUDNZD,2018-02,1.07941,-1.385
AUDNZD,2018-03,1.06229,-1.586
AUDNZD,2018-04,1.07098,0.818
AUDNZD,2018-05,1.08085,0.921
AUDNZD,2018-06,1.09249,1.077
AUDNZD,2018-07,1.09194,-0.051
AUDNZD,2018-08,1.08738,-0.417
AUDNZD,2018-09,1.09091,0.324
AUDNZD,2018-10,1.08579,-0.469
AUDNZD,2018-11,1.06266,-2.131
AUDNZD,2018-12,1.04996,-1.195
AUDNZD,2019-01,1.05192,0.187
AUDNZD,2019-02,1.04281,-0.866
AUDNZD,2019-03,1.04163,-0.113
AUDNZD,2019-04,1.05547,1.329
AUDNZD,2019-05,1.06209,0.627
AUDNZD,2019-06,1.04444,-1.662
AUDNZD,2019-07,1.04395,-0.047
AUDNZD,2019-08,1.06844,2.347
AUDNZD,2019-09,1.07724,0.823
AUDNZD,2019-10,1.07391,-0.309
AUDNZD,2019-11,1.05342,-1.908
AUDNZD,2019-12,1.04225,-1.060
AUDNZD,2020-01,1.03604,-0.596
AUDNZD,2020-02,1.04222,0.596
AUDNZD,2020-03,1.03020,-1.153
AUDNZD,2020-04,1.06067,2.957
AUDNZD,2020-05,1.07353,1.212
AUDNZD,2020-06,1.06935,-0.389
AUDNZD,2020-07,1.07753,0.766
AUDNZD,2020-08,1.09405,1.533
AUDNZD,2020-09,1.08356,-0.959
AUDNZD,2020-10,1.06250,-1.943
AUDNZD,2020-11,1.04756,-1.407
AUDNZD,2020-12,1.07154,2.289
AUDNZD,2021-01,1.06405,-0.699
AUDNZD,2021-02,1.06500,0.090
AUDNZD,2021-03,1.08930,2.282
AUDNZD,2021-04,1.07631,-1.193
AUDNZD,2021-05,1.06257,-1.277
AUDNZD,2021-06,1.07429,1.103
AUDNZD,2021-07,1.05285,-1.995
AUDNZD,2021-08,1.03763,-1.446
AUDNZD,2021-09,1.04771,0.971
AUDNZD,2021-10,1.04911,0.134
AUDNZD,2021-11,1.04317,-0.567
AUDNZD,2021-12,1.06157,1.764
AUDNZD,2022-01,1.07375,1.148
AUDNZD,2022-02,1.07188,-0.174
AUDNZD,2022-03,1.07964,0.723
AUDNZD,2022-04,1.09650,1.562
AUDNZD,2022-05,1.10243,0.541
AUDNZD,2022-06,1.10572,0.298
AUDNZD,2022-07,1.11246,0.610
AUDNZD,2022-08,1.11892,0.580
AUDNZD,2022-09,1.14091,1.966
AUDNZD,2022-10,1.10051,-3.541
AUDNZD,2022-11,1.07744,-2.096
AUDNZD,2022-12,1.07302,-0.411
AUDNZD,2023-01,1.09038,1.618
AUDNZD,2023-02,1.08882,-0.144
AUDNZD,2023-03,1.06905,-1.815
AUDNZD,2023-04,1.06948,0.040
AUDNZD,2023-05,1.07975,0.960
AUDNZD,2023-06,1.08642,0.618
AUDNZD,2023-07,1.08197,-0.410
AUDNZD,2023-08,1.08738,0.500
AUDNZD,2023-09,1.07290,-1.332
AUDNZD,2023-10,1.08871,1.474
AUDNZD,2023-11,1.07269,-1.471
AUDNZD,2023-12,1.07695,0.397
AUDNZD,2024-01,1.07365,-0.306
AUDNZD,2024-02,1.06743,-0.579
AUDNZD,2024-03,1.08971,2.086
AUDNZD,2024-04,1.09781,0.743
AUDNZD,2024-05,1.08201,-1.439
AUDNZD,2024-06,1.09528,1.227
AUDNZD,2024-07,1.09888,0.328
AUDNZD,2024-08,1.08382,-1.370
AUDNZD,2024-09,1.08972,0.545
AUDNZD,2024-10,1.10067,1.005
AUDNZD,2024-11,1.10147,0.072
AUDNZD,2024-12,1.10527,0.345
AUDNZD,2025-01,1.10124,-0.364
AUDNZD,2025-02,1.10876,0.682
AUDNZD,2025-03,1.10059,-0.737
AUDNZD,2025-04,1.07858,-1.999
AUDNZD,2025-05,1.07740,-0.109
AUDNZD,2025-06,1.07894,0.143
AUDNZD,2025-07,1.09092,1.110
AUDNZD,2025-08,1.10910,1.667
AUDNZD,2025-09,1.14055,2.835
AUDNZD,2025-10,1.14276,0.194
AUDNZD,2025-11,1.14204,-0.063
AUDNZD,2025-12,1.15879,1.466
AUDNZD,2026-01,1.15655,-0.193
AUDNZD,2026-02,1.18685,2.621
AUDNZD,2026-03,1.20051,1.150
AUDNZD,2026-04,1.21925,1.561
AUDNZD,2026-05,1.20013,-1.568
AUDNZD,2026-06,1.21831,1.515
AUDNZD,2026-07,1.19511,-1.904
AUDNZD,2026-08,1.21104,1.333
AUDNZD,2026-09,1.24102,2.476
AUDUSD,2009-02,0.64189,0.610
AUDUSD,2009-03,0.69252,7.888
AUDUSD,2009-04,0.73169,5.656
AUDUSD,2009-05,0.79930,9.240
AUDUSD,2009-06,0.80548,0.773
AUDUSD,2009-07,0.83389,3.527
AUDUSD,2009-08,0.84388,1.198
AUDUSD,2009-09,0.88238,4.562
AUDUSD,2009-10,0.90383,2.431
AUDUSD,2009-11,0.91433,1.161
AUDUSD,2009-12,0.89791,-1.796
AUDUSD,2010-01,0.88731,-1.180
AUDUSD,2010-02,0.89614,0.995
AUDUSD,2010-03,0.91693,2.320
AUDUSD,2010-04,0.93058,1.489
AUDUSD,2010-05,0.84911,-8.754
AUDUSD,2010-06,0.84803,-0.127
AUDUSD,2010-07,0.90506,6.725
AUDUSD,2010-08,0.89103,-1.550
AUDUSD,2010-09,0.96404,8.194
AUDUSD,2010-10,0.97982,1.636
AUDUSD,2010-11,0.96071,-1.950
AUDUSD,2010-12,1.01225,5.365
AUDUSD,2011-01,0.99761,-1.447
AUDUSD,2011-02,1.01740,1.984
AUDUSD,2011-03,1.03584,1.813
AUDUSD,2011-04,1.09373,5.589
AUDUSD,2011-05,1.06598,-2.537
AUDUSD,2011-06,1.07319,0.676
AUDUSD,2011-07,1.10011,2.508
AUDUSD,2011-08,1.07021,-2.718
AUDUSD,2011-09,0.97437,-8.954
AUDUSD,2011-10,1.06101,8.891
AUDUSD,2011-11,1.02438,-3.452
AUDUSD,2011-12,1.02512,0.072
AUDUSD,2012-01,1.05977,3.381
AUDUSD,2012-02,1.07770,1.692
AUDUSD,2012-03,1.03670,-3.805
AUDUSD,2012-04,1.04102,0.416
AUDUSD,2012-05,0.97106,-6.720
AUDUSD,2012-06,1.02365,5.415
AUDUSD,2012-07,1.05219,2.788
AUDUSD,2012-08,1.03338,-1.788
AUDUSD,2012-09,1.03885,0.530
AUDUSD,2012-10,1.03702,-0.176
AUDUSD,2012-11,1.04286,0.563
AUDUSD,2012-12,1.03928,-0.343
AUDUSD,2013-01,1.04330,0.386
AUDUSD,2013-02,1.02407,-1.843
AUDUSD,2013-03,1.04091,1.645
AUDUSD,2013-04,1.03724,-0.353
AUDUSD,2013-05,0.96080,-7.369
AUDUSD,2013-06,0.91651,-4.610
AUDUSD,2013-07,0.89574,-2.266
AUDUSD,2013-08,0.89008,-0.632
AUDUSD,2013-09,0.93423,4.961
AUDUSD,2013-10,0.94706,1.373
AUDUSD,2013-11,0.91249,-3.650
AUDUSD,2013-12,0.89294,-2.143
AUDUSD,2014-01,0.87428,-2.090
AUDUSD,2014-02,0.89334,2.180
AUDUSD,2014-03,0.92747,3.821
AUDUSD,2014-04,0.92816,0.074
AUDUSD,2014-05,0.92980,0.177
AUDUSD,2014-06,0.94268,1.386
AUDUSD,2014-07,0.93006,-1.339
AUDUSD,2014-08,0.93440,0.467
AUDUSD,2014-09,0.87367,-6.500
AUDUSD,2014-10,0.87912,0.624
AUDUSD,2014-11,0.85237,-3.043
AUDUSD,2014-12,0.81733,-4.111
AUDUSD,2015-01,0.77622,-5.030
AUDUSD,2015-02,0.78101,0.617
AUDUSD,2015-03,0.76249,-2.371
AUDUSD,2015-04,0.78672,3.178
AUDUSD,2015-05,0.76587,-2.650
AUDUSD,2015-06,0.77042,0.593
AUDUSD,2015-07,0.73319,-4.832
AUDUSD,2015-08,0.70998,-3.166
AUDUSD,2015-09,0.70200,-1.123
AUDUSD,2015-10,0.71332,1.612
AUDUSD,2015-11,0.72348,1.425
AUDUSD,2015-12,0.72860,0.707
AUDUSD,2016-01,0.70711,-2.949
AUDUSD,2016-02,0.71521,1.144
AUDUSD,2016-03,0.76770,7.339
AUDUSD,2016-04,0.76121,-0.845
AUDUSD,2016-05,0.72422,-4.860
AUDUSD,2016-06,0.74322,2.624
AUDUSD,2016-07,0.75988,2.242
AUDUSD,2016-08,0.75188,-1.053
AUDUSD,2016-09,0.76669,1.970
AUDUSD,2016-10,0.76109,-0.731
AUDUSD,2016-11,0.73872,-2.940
AUDUSD,2016-12,0.72301,-2.126
AUDUSD,2017-01,0.75821,4.868
AUDUSD,2017-02,0.76858,1.368
AUDUSD,2017-03,0.76383,-0.619
AUDUSD,2017-04,0.74750,-2.138
AUDUSD,2017-05,0.74372,-0.506
AUDUSD,2017-06,0.76758,3.208
AUDUSD,2017-07,0.79879,4.066
AUDUSD,2017-08,0.79321,-0.698
AUDUSD,2017-09,0.78401,-1.160
AUDUSD,2017-10,0.76681,-2.193
AUDUSD,2017-11,0.75717,-1.257
AUDUSD,2017-12,0.78149,3.212
AUDUSD,2018-01,0.80691,3.252
AUDUSD,2018-02,0.78009,-3.323
AUDUSD,2018-03,0.76899,-1.423
AUDUSD,2018-04,0.75432,-1.908
AUDUSD,2018-05,0.75700,0.356
AUDUSD,2018-06,0.73992,-2.257
AUDUSD,2018-07,0.74383,0.528
AUDUSD,2018-08,0.71922,-3.308
AUDUSD,2018-09,0.72380,0.637
AUDUSD,2018-10,0.70902,-2.042
AUDUSD,2018-11,0.73110,3.114
AUDUSD,2018-12,0.70462,-3.622
AUDUSD,2019-01,0.72823,3.350
AUDUSD,2019-02,0.70992,-2.513
AUDUSD,2019-03,0.71038,0.064
AUDUSD,2019-04,0.70398,-0.901
AUDUSD,2019-05,0.69300,-1.559
AUDUSD,2019-06,0.70092,1.142
AUDUSD,2019-07,0.68880,-1.729
AUDUSD,2019-08,0.67299,-2.295
AUDUSD,2019-09,0.67458,0.236
AUDUSD,2019-10,0.68880,2.108
AUDUSD,2019-11,0.67618,-1.832
AUDUSD,2019-12,0.70299,3.965
AUDUSD,2020-01,0.66988,-4.709
AUDUSD,2020-02,0.64952,-3.040
AUDUSD,2020-03,0.61391,-5.482
AUDUSD,2020-04,0.65232,6.256
AUDUSD,2020-05,0.66419,1.820
AUDUSD,2020-06,0.68932,3.784
AUDUSD,2020-07,0.71592,3.859
AUDUSD,2020-08,0.73883,3.199
AUDUSD,2020-09,0.71602,-3.086
AUDUSD,2020-10,0.70230,-1.917
AUDUSD,2020-11,0.73508,4.668
AUDUSD,2020-12,0.77089,4.872
AUDUSD,2021-01,0.76611,-0.621
AUDUSD,2021-02,0.77202,0.772
AUDUSD,2021-03,0.76132,-1.386
AUDUSD,2021-04,0.77160,1.350
AUDUSD,2021-05,0.77059,-0.131
AUDUSD,2021-06,0.74963,-2.721
AUDUSD,2021-07,0.73508,-1.941
AUDUSD,2021-08,0.73067,-0.599
AUDUSD,2021-09,0.72280,-1.077
AUDUSD,2021-10,0.75098,3.898
AUDUSD,2021-11,0.70882,-5.614
AUDUSD,2021-12,0.72601,2.425
AUDUSD,2022-01,0.70641,-2.699
AUDUSD,2022-02,0.72611,2.788
AUDUSD,2022-03,0.74991,3.277
AUDUSD,2022-04,0.71008,-5.311
AUDUSD,2022-05,0.71880,1.229
AUDUSD,2022-06,0.69051,-3.936
AUDUSD,2022-07,0.69852,1.160
AUDUSD,2022-08,0.68658,-1.710
AUDUSD,2022-09,0.64371,-6.244
AUDUSD,2022-10,0.63939,-0.671
AUDUSD,2022-11,0.67168,5.051
AUDUSD,2022-12,0.68050,1.313
AUDUSD,2023-01,0.70502,3.603
AUDUSD,2023-02,0.67440,-4.343
AUDUSD,2023-03,0.67042,-0.590
AUDUSD,2023-04,0.66168,-1.304
AUDUSD,2023-05,0.64729,-2.175
AUDUSD,2023-06,0.66631,2.938
AUDUSD,2023-07,0.67299,1.003
AUDUSD,2023-08,0.64679,-3.894
AUDUSD,2023-09,0.64512,-0.258
AUDUSD,2023-10,0.63319,-1.849
AUDUSD,2023-11,0.66142,4.458
AUDUSD,2023-12,0.68278,3.230
AUDUSD,2024-01,0.65998,-3.339
AUDUSD,2024-02,0.65028,-1.470
AUDUSD,2024-03,0.65240,0.326
AUDUSD,2024-04,0.64901,-0.519
AUDUSD,2024-05,0.66401,2.311
AUDUSD,2024-06,0.66769,0.554
AUDUSD,2024-07,0.65351,-2.124
AUDUSD,2024-08,0.67650,3.518
AUDUSD,2024-09,0.69339,2.496
AUDUSD,2024-10,0.65501,-5.535
AUDUSD,2024-11,0.65130,-0.567
AUDUSD,2024-12,0.61851,-5.035
AUDUSD,2025-01,0.62418,0.918
AUDUSD,2025-02,0.62112,-0.491
AUDUSD,2025-03,0.62360,0.399
AUDUSD,2025-04,0.63992,2.617
AUDUSD,2025-05,0.64342,0.547
AUDUSD,2025-06,0.65729,2.156
AUDUSD,2025-07,0.64300,-2.173
AUDUSD,2025-08,0.65449,1.787
AUDUSD,2025-09,0.66142,1.058
AUDUSD,2025-10,0.65458,-1.034
AUDUSD,2025-11,0.65518,0.092
AUDUSD,2025-12,0.66689,1.787
AUDUSD,2026-01,0.69950,4.889
AUDUSD,2026-02,0.71210,1.802
AUDUSD,2026-03,0.68549,-3.736
AUDUSD,2026-04,0.71839,4.799
AUDUSD,2026-05,0.71911,0.101
AUDUSD,2026-06,0.69152,-3.838
AUDUSD,2026-07,0.70259,1.602
AUDUSD,2026-08,0.71659,1.992
AUDUSD,2026-09,0.70328,-1.857
CADCHF,2009-02,0.91833,-2.212
CADCHF,2009-03,0.90393,-1.568
CADCHF,2009-04,0.95502,5.652
CADCHF,2009-05,0.97581,2.177
CADCHF,2009-06,0.93472,-4.212
CADCHF,2009-07,0.98860,5.765
CADCHF,2009-08,0.96371,-2.518
CADCHF,2009-09,0.96791,0.436
CADCHF,2009-10,0.95087,-1.760
CADCHF,2009-11,0.95080,-0.007
CADCHF,2009-12,0.99015,4.139
CADCHF,2010-01,0.99108,0.094
CADCHF,2010-02,1.01816,2.732
CADCHF,2010-03,1.03663,1.814
CADCHF,2010-04,1.06477,2.715
CADCHF,2010-05,1.09879,3.195
CADCHF,2010-06,1.01584,-7.549
CADCHF,2010-07,1.01137,-0.440
CADCHF,2010-08,0.95395,-5.677
CADCHF,2010-09,0.95288,-0.112
CADCHF,2010-10,0.96692,1.473
CADCHF,2010-11,0.97263,0.590
CADCHF,2010-12,0.93606,-3.760
CADCHF,2011-01,0.93832,0.242
CADCHF,2011-02,0.95563,1.845
CADCHF,2011-03,0.94237,-1.388
CADCHF,2011-04,0.91356,-3.057
CADCHF,2011-05,0.87995,-3.678
CADCHF,2011-06,0.87254,-0.843
CADCHF,2011-07,0.82619,-5.312
CADCHF,2011-08,0.82163,-0.552
CADCHF,2011-09,0.87092,5.999
CADCHF,2011-10,0.87656,0.648
CADCHF,2011-11,0.89283,1.856
CADCHF,2011-12,0.92191,3.257
CADCHF,2012-01,0.91741,-0.488
CADCHF,2012-02,0.91456,-0.312
CADCHF,2012-03,0.90350,-1.208
CADCHF,2012-04,0.91857,1.668
CADCHF,2012-05,0.93854,2.174
CADCHF,2012-06,0.93081,-0.824
CADCHF,2012-07,0.97394,4.633
CADCHF,2012-08,0.96796,-0.614
CADCHF,2012-09,0.95558,-1.279
CADCHF,2012-10,0.93166,-2.503
CADCHF,2012-11,0.93284,0.126
CADCHF,2012-12,0.91936,-1.445
CADCHF,2013-01,0.91003,-1.015
CADCHF,2013-02,0.90764,-0.262
CADCHF,2013-03,0.93277,2.769
CADCHF,2013-04,0.92315,-1.031
CADCHF,2013-05,0.92706,0.423
CADCHF,2013-06,0.89889,-3.039
CADCHF,2013-07,0.90250,0.402
CADCHF,2013-08,0.88241,-2.225
CADCHF,2013-09,0.87913,-0.372
CADCHF,2013-10,0.86835,-1.227
CADCHF,2013-11,0.85373,-1.683
CADCHF,2013-12,0.83708,-1.951
CADCHF,2014-01,0.81432,-2.719
CADCHF,2014-02,0.79549,-2.313
CADCHF,2014-03,0.79978,0.540
CADCHF,2014-04,0.80321,0.429
CADCHF,2014-05,0.82304,2.469
CADCHF,2014-06,0.83065,0.924
CADCHF,2014-07,0.83442,0.454
CADCHF,2014-08,0.84491,1.257
CADCHF,2014-09,0.85250,0.899
CADCHF,2014-10,0.85371,0.141
CADCHF,2014-11,0.84527,-0.989
CADCHF,2014-12,0.85631,1.306
CADCHF,2015-01,0.72428,-15.418
CADCHF,2015-02,0.76067,5.024
CADCHF,2015-03,0.76587,0.683
CADCHF,2015-04,0.77666,1.409
CADCHF,2015-05,0.75437,-2.870
CADCHF,2015-06,0.74930,-0.673
CADCHF,2015-07,0.73856,-1.433
CADCHF,2015-08,0.73213,-0.870
CADCHF,2015-09,0.72955,-0.353
CADCHF,2015-10,0.75355,3.291
CADCHF,2015-11,0.77123,2.345
CADCHF,2015-12,0.72382,-6.146
CADCHF,2016-01,0.72659,0.382
CADCHF,2016-02,0.73658,1.375
CADCHF,2016-03,0.73892,0.317
CADCHF,2016-04,0.76484,3.509
CADCHF,2016-05,0.75849,-0.830
CADCHF,2016-06,0.75265,-0.770
CADCHF,2016-07,0.74310,-1.269
CADCHF,2016-08,0.74912,0.811
CADCHF,2016-09,0.73915,-1.331
CADCHF,2016-10,0.73789,-0.170
CADCHF,2016-11,0.75881,2.834
CADCHF,2016-12,0.75674,-0.272
CADCHF,2017-01,0.75886,0.281
CADCHF,2017-02,0.75655,-0.305
CADCHF,2017-03,0.75054,-0.794
CADCHF,2017-04,0.72749,-3.072
CADCHF,2017-05,0.71744,-1.381
CADCHF,2017-06,0.73841,2.923
CADCHF,2017-07,0.77262,4.633
CADCHF,2017-08,0.76788,-0.613
CADCHF,2017-09,0.77448,0.860
CADCHF,2017-10,0.77307,-0.182
CADCHF,2017-11,0.76358,-1.228
CADCHF,2017-12,0.77798,1.886
CADCHF,2018-01,0.75824,-2.538
CADCHF,2018-02,0.73637,-2.883
CADCHF,2018-03,0.73943,0.415
CADCHF,2018-04,0.77321,4.568
CADCHF,2018-05,0.75898,-1.840
CADCHF,2018-06,0.75510,-0.512
CADCHF,2018-07,0.76016,0.670
CADCHF,2018-08,0.74189,-2.403
CADCHF,2018-09,0.75515,1.787
CADCHF,2018-10,0.76601,1.439
CADCHF,2018-11,0.75192,-1.840
CADCHF,2018-12,0.72061,-4.164
CADCHF,2019-01,0.75632,4.955
CADCHF,2019-02,0.75756,0.164
CADCHF,2019-03,0.74566,-1.571
CADCHF,2019-04,0.75966,1.878
CADCHF,2019-05,0.74200,-2.326
CADCHF,2019-06,0.74540,0.459
CADCHF,2019-07,0.75340,1.074
CADCHF,2019-08,0.74485,-1.136
CADCHF,2019-09,0.75345,1.156
CADCHF,2019-10,0.75076,-0.358
CADCHF,2019-11,0.75246,0.227
CADCHF,2019-12,0.74657,-0.784
CADCHF,2020-01,0.72958,-2.276
CADCHF,2020-02,0.72112,-1.158
CADCHF,2020-03,0.68165,-5.473
CADCHF,2020-04,0.69506,1.967
CADCHF,2020-05,0.69650,0.207
CADCHF,2020-06,0.69539,-0.160
CADCHF,2020-07,0.68089,-2.085
CADCHF,2020-08,0.69142,1.547
CADCHF,2020-09,0.68963,-0.259
CADCHF,2020-10,0.68744,-0.318
CADCHF,2020-11,0.69789,1.519
CADCHF,2020-12,0.69325,-0.665
CADCHF,2021-01,0.69701,0.543
CADCHF,2021-02,0.71602,2.727
CADCHF,2021-03,0.74918,4.632
CADCHF,2021-04,0.74258,-0.882
CADCHF,2021-05,0.74419,0.217
CADCHF,2021-06,0.74597,0.239
CADCHF,2021-07,0.72686,-2.562
CADCHF,2021-08,0.72539,-0.201
CADCHF,2021-09,0.73692,1.589
CADCHF,2021-10,0.73929,0.322
CADCHF,2021-11,0.71940,-2.690
CADCHF,2021-12,0.71582,-0.498
CADCHF,2022-01,0.73287,2.382
CADCHF,2022-02,0.72492,-1.084
CADCHF,2022-03,0.73794,1.796
CADCHF,2022-04,0.75949,2.920
CADCHF,2022-05,0.75718,-0.304
CADCHF,2022-06,0.74198,-2.008
CADCHF,2022-07,0.74315,0.157
CADCHF,2022-08,0.74463,0.200
CADCHF,2022-09,0.71590,-3.859
CADCHF,2022-10,0.73363,2.477
CADCHF,2022-11,0.70069,-4.490
CADCHF,2022-12,0.68290,-2.540
CADCHF,2023-01,0.68897,0.888
CADCHF,2023-02,0.68860,-0.053
CADCHF,2023-03,0.67497,-1.979
CADCHF,2023-04,0.65754,-2.582
CADCHF,2023-05,0.67184,2.175
CADCHF,2023-06,0.67616,0.643
CADCHF,2023-07,0.66018,-2.364
CADCHF,2023-08,0.65271,-1.132
CADCHF,2023-09,0.67536,3.471
CADCHF,2023-10,0.65571,-2.909
CADCHF,2023-11,0.64216,-2.067
CADCHF,2023-12,0.63665,-0.858
CADCHF,2024-01,0.64159,0.776
CADCHF,2024-02,0.65102,1.470
CADCHF,2024-03,0.66581,2.272
CADCHF,2024-04,0.66730,0.224
CADCHF,2024-05,0.66203,-0.790
CADCHF,2024-06,0.65712,-0.741
CADCHF,2024-07,0.63719,-3.033
CADCHF,2024-08,0.62944,-1.216
CADCHF,2024-09,0.62497,-0.709
CADCHF,2024-10,0.62042,-0.729
CADCHF,2024-11,0.62951,1.466
CADCHF,2024-12,0.62972,0.033
CADCHF,2025-01,0.62854,-0.188
CADCHF,2025-02,0.62489,-0.580
CADCHF,2025-03,0.61499,-1.583
CADCHF,2025-04,0.59586,-3.112
CADCHF,2025-05,0.59860,0.461
CADCHF,2025-06,0.58282,-2.637
CADCHF,2025-07,0.58671,0.668
CADCHF,2025-08,0.58254,-0.710
CADCHF,2025-09,0.57198,-1.813
CADCHF,2025-10,0.57295,0.169
CADCHF,2025-11,0.57507,0.370
CADCHF,2025-12,0.57876,0.643
CADCHF,2026-01,0.56871,-1.737
CADCHF,2026-02,0.56382,-0.860
CADCHF,2026-03,0.57529,2.034
CADCHF,2026-04,0.57483,-0.080
CADCHF,2026-05,0.56667,-1.419
CADCHF,2026-06,0.56895,0.403
CADCHF,2026-07,0.57606,1.249
CADCHF,2026-08,0.58325,1.248
CADCHF,2026-09,0.58571,0.423
CADJPY,2009-02,76.90008,5.852
CADJPY,2009-03,78.65302,2.280
CADJPY,2009-04,82.72050,5.171
CADJPY,2009-05,87.20453,5.421
CADJPY,2009-06,82.93480,-4.896
CADJPY,2009-07,87.61005,5.637
CADJPY,2009-08,84.63573,-3.395
CADJPY,2009-09,83.48727,-1.357
CADJPY,2009-10,84.05313,0.678
CADJPY,2009-11,81.47588,-3.066
CADJPY,2009-12,88.97811,9.208
CADJPY,2010-01,84.84792,-4.642
CADJPY,2010-02,84.44867,-0.471
CADJPY,2010-03,91.96534,8.901
CADJPY,2010-04,93.19620,1.338
CADJPY,2010-05,86.51043,-7.174
CADJPY,2010-06,83.43391,-3.556
CADJPY,2010-07,83.96969,0.642
CADJPY,2010-08,79.04135,-5.869
CADJPY,2010-09,81.15224,2.671
CADJPY,2010-10,79.00265,-2.649
CADJPY,2010-11,81.39490,3.028
CADJPY,2010-12,81.59656,0.248
CADJPY,2011-01,81.80639,0.257
CADJPY,2011-02,84.15323,2.869
CADJPY,2011-03,85.17032,1.209
CADJPY,2011-04,85.71579,0.640
CADJPY,2011-05,83.90793,-2.109
CADJPY,2011-06,83.63410,-0.326
CADJPY,2011-07,80.90995,-3.257
CADJPY,2011-08,78.19687,-3.353
CADJPY,2011-09,74.15536,-5.168
CADJPY,2011-10,78.50383,5.864
CADJPY,2011-11,76.06628,-3.105
CADJPY,2011-12,75.70810,-0.471
CADJPY,2012-01,75.96020,0.333
CADJPY,2012-02,82.20150,8.217
CADJPY,2012-03,82.49249,0.354
CADJPY,2012-04,80.73033,-2.136
CADJPY,2012-05,75.64982,-6.293
CADJPY,2012-06,78.32188,3.532
CADJPY,2012-07,77.99081,-0.423
CADJPY,2012-08,79.39566,1.801
CADJPY,2012-09,79.21114,-0.232
CADJPY,2012-10,79.98799,0.981
CADJPY,2012-11,83.11348,3.907
CADJPY,2012-12,87.00542,4.683
CADJPY,2013-01,91.35308,4.997
CADJPY,2013-02,89.79195,-1.709
CADJPY,2013-03,92.54964,3.071
CADJPY,2013-04,96.82288,4.617
CADJPY,2013-05,97.54281,0.744
CADJPY,2013-06,94.36888,-3.254
CADJPY,2013-07,95.60610,1.311
CADJPY,2013-08,93.06424,-2.659
CADJPY,2013-09,95.57565,2.699
CADJPY,2013-10,94.06463,-1.581
CADJPY,2013-11,96.67831,2.779
CADJPY,2013-12,98.94707,2.347
CADJPY,2014-01,92.01151,-7.009
CADJPY,2014-02,92.17156,0.174
CADJPY,2014-03,93.16928,1.082
CADJPY,2014-04,93.22746,0.062
CADJPY,2014-05,93.65050,0.454
CADJPY,2014-06,94.86699,1.299
CADJPY,2014-07,94.36128,-0.533
CADJPY,2014-08,95.78191,1.506
CADJPY,2014-09,97.84956,2.159
CADJPY,2014-10,99.44109,1.627
CADJPY,2014-11,103.88587,4.470
CADJPY,2014-12,103.31006,-0.554
CADJPY,2015-01,92.35609,-10.603
CADJPY,2015-02,95.73005,3.653
CADJPY,2015-03,94.59822,-1.182
CADJPY,2015-04,98.92704,4.576
CADJPY,2015-05,99.45452,0.533
CADJPY,2015-06,97.89145,-1.572
CADJPY,2015-07,94.99502,-2.959
CADJPY,2015-08,91.70385,-3.465
CADJPY,2015-09,89.43715,-2.472
CADJPY,2015-10,92.26418,3.161
CADJPY,2015-11,92.42424,0.173
CADJPY,2015-12,86.90657,-5.970
CADJPY,2016-01,86.00966,-1.032
CADJPY,2016-02,83.49357,-2.925
CADJPY,2016-03,86.68363,3.821
CADJPY,2016-04,85.18607,-1.728
CADJPY,2016-05,84.56135,-0.733
CADJPY,2016-06,78.99308,-6.585
CADJPY,2016-07,78.46626,-0.667
CADJPY,2016-08,78.78372,0.405
CADJPY,2016-09,77.17118,-2.047
CADJPY,2016-10,78.39290,1.583
CADJPY,2016-11,85.16946,8.644
CADJPY,2016-12,86.98049,2.126
CADJPY,2017-01,86.50806,-0.543
CADJPY,2017-02,84.59274,-2.214
CADJPY,2017-03,83.63486,-1.132
CADJPY,2017-04,81.52754,-2.520
CADJPY,2017-05,82.01956,0.603
CADJPY,2017-06,86.58142,5.562
CADJPY,2017-07,88.37470,2.071
CADJPY,2017-08,87.94247,-0.489
CADJPY,2017-09,90.04717,2.393
CADJPY,2017-10,88.12626,-2.133
CADJPY,2017-11,87.16237,-1.094
CADJPY,2017-12,90.02956,3.289
CADJPY,2018-01,88.92052,-1.232
CADJPY,2018-02,83.25785,-6.368
CADJPY,2018-03,82.38306,-1.051
CADJPY,2018-04,85.25511,3.486
CADJPY,2018-05,83.83192,-1.669
CADJPY,2018-06,84.25419,0.504
CADJPY,2018-07,85.94914,2.012
CADJPY,2018-08,84.89902,-1.222
CADJPY,2018-09,87.81922,3.440
CADJPY,2018-10,85.96237,-2.114
CADJPY,2018-11,85.48411,-0.556
CADJPY,2018-12,80.40164,-5.946
CADJPY,2019-01,82.83105,3.022
CADJPY,2019-02,84.59669,2.132
CADJPY,2019-03,82.84431,-2.071
CADJPY,2019-04,82.96716,0.148
CADJPY,2019-05,80.35199,-3.152
CADJPY,2019-06,82.37721,2.520
CADJPY,2019-07,82.61432,0.288
CADJPY,2019-08,79.98495,-3.183
CADJPY,2019-09,81.63558,2.064
CADJPY,2019-10,82.23524,0.735
CADJPY,2019-11,82.36401,0.157
CADJPY,2019-12,83.83737,1.789
CADJPY,2020-01,82.07262,-2.105
CADJPY,2020-02,80.62039,-1.769
CADJPY,2020-03,76.13821,-5.560
CADJPY,2020-04,76.87442,0.967
CADJPY,2020-05,78.04331,1.521
CADJPY,2020-06,79.16116,1.432
CADJPY,2020-07,79.03467,-0.160
CADJPY,2020-08,81.20301,2.744
CADJPY,2020-09,79.24642,-2.410
CADJPY,2020-10,78.41284,-1.052
CADJPY,2020-11,80.40364,2.539
CADJPY,2020-12,80.91429,0.635
CADJPY,2021-01,81.90357,1.223
CADJPY,2021-02,83.98173,2.537
CADJPY,2021-03,87.98823,4.771
CADJPY,2021-04,88.95127,1.095
CADJPY,2021-05,90.86622,2.153
CADJPY,2021-06,89.52757,-1.473
CADJPY,2021-07,87.99936,-1.707
CADJPY,2021-08,87.14071,-0.976
CADJPY,2021-09,87.98232,0.966
CADJPY,2021-10,91.98193,4.546
CADJPY,2021-11,88.37028,-3.926
CADJPY,2021-12,90.13853,2.001
CADJPY,2022-01,90.76729,0.698
CADJPY,2022-02,90.90981,0.157
CADJPY,2022-03,97.29210,7.020
CADJPY,2022-04,101.42165,4.244
CADJPY,2022-05,101.69317,0.268
CADJPY,2022-06,105.42304,3.668
CADJPY,2022-07,104.09343,-1.261
CADJPY,2022-08,105.94301,1.777
CADJPY,2022-09,105.22833,-0.675
CADJPY,2022-10,108.97426,3.560
CADJPY,2022-11,102.90294,-5.571
CADJPY,2022-12,97.40615,-5.342
CADJPY,2023-01,97.62994,0.230
CADJPY,2023-02,99.94859,2.375
CADJPY,2023-03,98.15157,-1.798
CADJPY,2023-04,100.34681,2.237
CADJPY,2023-05,102.87018,2.515
CADJPY,2023-06,109.18229,6.136
CADJPY,2023-07,108.03951,-1.047
CADJPY,2023-08,107.60027,-0.407
CADJPY,2023-09,110.40266,2.604
CADJPY,2023-10,109.13676,-1.147
CADJPY,2023-11,108.83197,-0.279
CADJPY,2023-12,106.74140,-1.921
CADJPY,2024-01,109.27974,2.378
CADJPY,2024-02,110.48054,1.099
CADJPY,2024-03,111.68390,1.089
CADJPY,2024-04,114.59121,2.603
CADJPY,2024-05,115.19126,0.524
CADJPY,2024-06,117.56796,2.063
CADJPY,2024-07,108.92366,-7.353
CADJPY,2024-08,108.16720,-0.694
CADJPY,2024-09,106.02472,-1.981
CADJPY,2024-10,109.29765,3.087
CADJPY,2024-11,107.32839,-1.802
CADJPY,2024-12,109.28472,1.823
CADJPY,2025-01,107.13742,-1.965
CADJPY,2025-02,104.37193,-2.581
CADJPY,2025-03,104.24925,-0.118
CADJPY,2025-04,103.30267,-0.908
CADJPY,2025-05,104.88106,1.528
CADJPY,2025-06,105.85169,0.925
CADJPY,2025-07,108.77573,2.762
CADJPY,2025-08,107.02317,-1.611
CADJPY,2025-09,106.24686,-0.725
CADJPY,2025-10,109.95717,3.492
CADJPY,2025-11,111.75755,1.637
CADJPY,2025-12,114.35239,2.322
CADJPY,2026-01,113.84525,-0.443
CADJPY,2026-02,114.47330,0.552
CADJPY,2026-03,114.01132,-0.404
CADJPY,2026-04,115.09808,0.953
CADJPY,2026-05,115.51799,0.365
CADJPY,2026-06,114.47378,-0.904
CADJPY,2026-07,113.45880,-0.887
CADJPY,2026-08,115.23590,1.566
CADJPY,2026-09,111.15983,-3.537
CHFJPY,2009-02,83.73886,8.246
CHFJPY,2009-03,87.01185,3.909
CHFJPY,2009-04,86.61638,-0.454
CHFJPY,2009-05,89.36588,3.174
CHFJPY,2009-06,88.72734,-0.715
CHFJPY,2009-07,88.62017,-0.121
CHFJPY,2009-08,87.82288,-0.900
CHFJPY,2009-09,86.25542,-1.785
CHFJPY,2009-10,88.39617,2.482
CHFJPY,2009-11,85.69154,-3.060
CHFJPY,2009-12,89.86291,4.868
CHFJPY,2010-01,85.61144,-4.731
CHFJPY,2010-02,82.94277,-3.117
CHFJPY,2010-03,88.71581,6.960
CHFJPY,2010-04,87.52670,-1.340
CHFJPY,2010-05,78.73244,-10.048
CHFJPY,2010-06,82.13291,4.319
CHFJPY,2010-07,83.02594,1.087
CHFJPY,2010-08,82.85714,-0.203
CHFJPY,2010-09,85.16517,2.786
CHFJPY,2010-10,81.70558,-4.062
CHFJPY,2010-11,83.68553,2.423
CHFJPY,2010-12,87.17046,4.164
CHFJPY,2011-01,87.18358,0.015
CHFJPY,2011-02,88.06018,1.005
CHFJPY,2011-03,90.37895,2.633
CHFJPY,2011-04,93.82645,3.814
CHFJPY,2011-05,95.35484,1.629
CHFJPY,2011-06,95.85166,0.521
CHFJPY,2011-07,97.93173,2.170
CHFJPY,2011-08,95.17293,-2.817
CHFJPY,2011-09,85.14589,-10.536
CHFJPY,2011-10,89.55892,5.183
CHFJPY,2011-11,85.19657,-4.871
CHFJPY,2011-12,82.12076,-3.610
CHFJPY,2012-01,82.79826,0.825
CHFJPY,2012-02,89.88141,8.555
CHFJPY,2012-03,91.30290,1.582
CHFJPY,2012-04,87.88680,-3.742
CHFJPY,2012-05,80.60332,-8.287
CHFJPY,2012-06,84.14338,4.392
CHFJPY,2012-07,80.07792,-4.832
CHFJPY,2012-08,82.02388,2.430
CHFJPY,2012-09,82.89362,1.060
CHFJPY,2012-10,85.85544,3.573
CHFJPY,2012-11,89.09758,3.776
CHFJPY,2012-12,94.63681,6.217
CHFJPY,2013-01,100.38491,6.074
CHFJPY,2013-02,98.92888,-1.450
CHFJPY,2013-03,99.22023,0.295
CHFJPY,2013-04,104.88277,5.707
CHFJPY,2013-05,105.21757,0.319
CHFJPY,2013-06,104.98413,-0.222
CHFJPY,2013-07,105.93494,0.906
CHFJPY,2013-08,105.46548,-0.443
CHFJPY,2013-09,108.71585,3.082
CHFJPY,2013-10,108.32597,-0.359
CHFJPY,2013-11,113.24196,4.538
CHFJPY,2013-12,118.20530,4.383
CHFJPY,2014-01,112.99160,-4.411
CHFJPY,2014-02,115.86833,2.546
CHFJPY,2014-03,116.49321,0.539
CHFJPY,2014-04,116.06818,-0.365
CHFJPY,2014-05,113.78578,-1.966
CHFJPY,2014-06,114.20839,0.371
CHFJPY,2014-07,113.08607,-0.983
CHFJPY,2014-08,113.36385,0.246
CHFJPY,2014-09,114.77915,1.248
CHFJPY,2014-10,116.48135,1.483
CHFJPY,2014-11,122.90329,5.513
CHFJPY,2014-12,120.64627,-1.836
CHFJPY,2015-01,127.51357,5.692
CHFJPY,2015-02,125.84884,-1.306
CHFJPY,2015-03,123.51730,-1.853
CHFJPY,2015-04,127.37513,3.123
CHFJPY,2015-05,131.83752,3.503
CHFJPY,2015-06,130.64413,-0.905
CHFJPY,2015-07,128.62183,-1.548
CHFJPY,2015-08,125.25566,-2.617
CHFJPY,2015-09,122.59286,-2.126
CHFJPY,2015-10,122.43863,-0.126
CHFJPY,2015-11,119.84050,-2.122
CHFJPY,2015-12,120.06589,0.188
CHFJPY,2016-01,118.37473,-1.409
CHFJPY,2016-02,113.35341,-4.242
CHFJPY,2016-03,117.31191,3.492
CHFJPY,2016-04,111.37737,-5.059
CHFJPY,2016-05,111.48581,0.097
CHFJPY,2016-06,104.95302,-5.860
CHFJPY,2016-07,105.59340,0.610
CHFJPY,2016-08,105.16785,-0.403
CHFJPY,2016-09,104.40479,-0.726
CHFJPY,2016-10,106.23862,1.756
CHFJPY,2016-11,112.24109,5.650
CHFJPY,2016-12,114.94094,2.405
CHFJPY,2017-01,113.99676,-0.821
CHFJPY,2017-02,111.81401,-1.915
CHFJPY,2017-03,111.43229,-0.341
CHFJPY,2017-04,112.06758,0.570
CHFJPY,2017-05,114.32259,2.012
CHFJPY,2017-06,117.25433,2.564
CHFJPY,2017-07,114.38342,-2.448
CHFJPY,2017-08,114.52653,0.125
CHFJPY,2017-09,116.26755,1.520
CHFJPY,2017-10,113.99478,-1.955
CHFJPY,2017-11,114.14922,0.135
CHFJPY,2017-12,115.72191,1.378
CHFJPY,2018-01,117.27282,1.340
CHFJPY,2018-02,113.06469,-3.588
CHFJPY,2018-03,111.41418,-1.460
CHFJPY,2018-04,110.26133,-1.035
CHFJPY,2018-05,110.45307,0.174
CHFJPY,2018-06,111.58033,1.021
CHFJPY,2018-07,113.06721,1.333
CHFJPY,2018-08,114.43597,1.211
CHFJPY,2018-09,116.29432,1.624
CHFJPY,2018-10,112.22034,-3.503
CHFJPY,2018-11,113.68779,1.308
CHFJPY,2018-12,111.57445,-1.859
CHFJPY,2019-01,109.51902,-1.842
CHFJPY,2019-02,111.67034,1.964
CHFJPY,2019-03,111.10219,-0.509
CHFJPY,2019-04,109.21569,-1.698
CHFJPY,2019-05,108.29181,-0.846
CHFJPY,2019-06,110.51445,2.052
CHFJPY,2019-07,109.65462,-0.778
CHFJPY,2019-08,107.38458,-2.070
CHFJPY,2019-09,108.34837,0.898
CHFJPY,2019-10,109.53587,1.096
CHFJPY,2019-11,109.45905,-0.070
CHFJPY,2019-12,112.29720,2.593
CHFJPY,2020-01,112.49352,0.175
CHFJPY,2020-02,111.79816,-0.618
CHFJPY,2020-03,111.69627,-0.091
CHFJPY,2020-04,110.60089,-0.981
CHFJPY,2020-05,112.05032,1.311
CHFJPY,2020-06,113.83754,1.595
CHFJPY,2020-07,116.07594,1.966
CHFJPY,2020-08,117.44341,1.178
CHFJPY,2020-09,114.91075,-2.156
CHFJPY,2020-10,114.06438,-0.737
CHFJPY,2020-11,115.20971,1.004
CHFJPY,2020-12,116.71757,1.309
CHFJPY,2021-01,117.50702,0.676
CHFJPY,2021-02,117.28993,-0.185
CHFJPY,2021-03,117.44532,0.132
CHFJPY,2021-04,119.78744,1.994
CHFJPY,2021-05,122.10117,1.932
CHFJPY,2021-06,120.01513,-1.708
CHFJPY,2021-07,121.06831,0.878
CHFJPY,2021-08,120.12881,-0.776
CHFJPY,2021-09,119.39180,-0.614
CHFJPY,2021-10,124.41899,4.211
CHFJPY,2021-11,122.83823,-1.271
CHFJPY,2021-12,125.92390,2.512
CHFJPY,2022-01,123.85252,-1.645
CHFJPY,2022-02,125.40582,1.254
CHFJPY,2022-03,131.84236,5.133
CHFJPY,2022-04,133.53903,1.287
CHFJPY,2022-05,134.30512,0.574
CHFJPY,2022-06,142.08377,5.792
CHFJPY,2022-07,140.07148,-1.416
CHFJPY,2022-08,142.27534,1.573
CHFJPY,2022-09,146.98832,3.313
CHFJPY,2022-10,148.54088,1.056
CHFJPY,2022-11,146.85853,-1.133
CHFJPY,2022-12,142.63608,-2.875
CHFJPY,2023-01,141.70477,-0.653
CHFJPY,2023-02,145.14718,2.429
CHFJPY,2023-03,145.41571,0.185
CHFJPY,2023-04,152.60913,4.947
CHFJPY,2023-05,153.11644,0.332
CHFJPY,2023-06,161.47312,5.458
CHFJPY,2023-07,163.65101,1.349
CHFJPY,2023-08,164.85233,0.734
CHFJPY,2023-09,163.47227,-0.837
CHFJPY,2023-10,166.43956,1.815
CHFJPY,2023-11,169.47851,1.826
CHFJPY,2023-12,167.66211,-1.072
CHFJPY,2024-01,170.32724,1.590
CHFJPY,2024-02,169.70452,-0.366
CHFJPY,2024-03,167.74265,-1.156
CHFJPY,2024-04,171.72444,2.374
CHFJPY,2024-05,173.99823,1.324
CHFJPY,2024-06,178.91459,2.826
CHFJPY,2024-07,170.94464,-4.455
CHFJPY,2024-08,171.84740,0.528
CHFJPY,2024-09,169.64709,-1.280
CHFJPY,2024-10,176.16790,3.844
CHFJPY,2024-11,170.49422,-3.221
CHFJPY,2024-12,173.54433,1.789
CHFJPY,2025-01,170.45555,-1.780
CHFJPY,2025-02,167.02517,-2.012
CHFJPY,2025-03,169.51261,1.489
CHFJPY,2025-04,173.36818,2.275
CHFJPY,2025-05,175.20962,1.062
CHFJPY,2025-06,181.62006,3.659
CHFJPY,2025-07,185.39948,2.081
CHFJPY,2025-08,183.71686,-0.908
CHFJPY,2025-09,185.75195,1.108
CHFJPY,2025-10,191.91479,3.318
CHFJPY,2025-11,194.33798,1.263
CHFJPY,2025-12,197.58065,1.669
CHFJPY,2026-01,200.18158,1.316
CHFJPY,2026-02,203.03149,1.424
CHFJPY,2026-03,198.18114,-2.389
CHFJPY,2026-04,200.23006,1.034
CHFJPY,2026-05,203.85354,1.810
CHFJPY,2026-06,201.20020,-1.302
CHFJPY,2026-07,196.95582,-2.110
CHFJPY,2026-08,197.57576,0.315
CHFJPY,2026-09,189.78508,-3.943
EURAUD,2009-02,1.97252,-1.714
EURAUD,2009-03,1.91487,-2.923
EURAUD,2009-04,1.80996,-5.479
EURAUD,2009-05,1.76734,-2.355
EURAUD,2009-06,1.74050,-1.519
EURAUD,2009-07,1.71241,-1.614
EURAUD,2009-08,1.70088,-0.674
EURAUD,2009-09,1.65808,-2.516
EURAUD,2009-10,1.63258,-1.538
EURAUD,2009-11,1.63998,0.453
EURAUD,2009-12,1.59624,-2.667
EURAUD,2010-01,1.56311,-2.076
EURAUD,2010-02,1.52425,-2.486
EURAUD,2010-03,1.47518,-3.219
EURAUD,2010-04,1.42937,-3.105
EURAUD,2010-05,1.45665,1.908
EURAUD,2010-06,1.44936,-0.500
EURAUD,2010-07,1.44394,-0.374
EURAUD,2010-08,1.42569,-1.264
EURAUD,2010-09,1.41091,-1.037
EURAUD,2010-10,1.41809,0.509
EURAUD,2010-11,1.35693,-4.313
EURAUD,2010-12,1.31091,-3.392
EURAUD,2011-01,1.37485,4.877
EURAUD,2011-02,1.35572,-1.391
EURAUD,2011-03,1.36917,0.992
EURAUD,2011-04,1.35512,-1.026
EURAUD,2011-05,1.34862,-0.480
EURAUD,2011-06,1.35318,0.338
EURAUD,2011-07,1.30791,-3.345
EURAUD,2011-08,1.34601,2.913
EURAUD,2011-09,1.38036,2.552
EURAUD,2011-10,1.31450,-4.771
EURAUD,2011-11,1.31333,-0.089
EURAUD,2011-12,1.26557,-3.637
EURAUD,2012-01,1.23169,-2.677
EURAUD,2012-02,1.23951,0.635
EURAUD,2012-03,1.28613,3.761
EURAUD,2012-04,1.27080,-1.192
EURAUD,2012-05,1.27324,0.192
EURAUD,2012-06,1.23752,-2.806
EURAUD,2012-07,1.17044,-5.420
EURAUD,2012-08,1.21723,3.998
EURAUD,2012-09,1.23759,1.673
EURAUD,2012-10,1.24958,0.968
EURAUD,2012-11,1.24759,-0.159
EURAUD,2012-12,1.26872,1.694
EURAUD,2013-01,1.30196,2.619
EURAUD,2013-02,1.27714,-1.906
EURAUD,2013-03,1.23119,-3.598
EURAUD,2013-04,1.26955,3.116
EURAUD,2013-05,1.35186,6.483
EURAUD,2013-06,1.41959,5.010
EURAUD,2013-07,1.48280,4.452
EURAUD,2013-08,1.48258,-0.015
EURAUD,2013-09,1.44884,-2.276
EURAUD,2013-10,1.43543,-0.926
EURAUD,2013-11,1.49102,3.873
EURAUD,2013-12,1.54320,3.500
EURAUD,2014-01,1.54421,0.066
EURAUD,2014-02,1.54549,0.083
EURAUD,2014-03,1.48553,-3.880
EURAUD,2014-04,1.49431,0.591
EURAUD,2014-05,1.46706,-1.824
EURAUD,2014-06,1.45216,-1.016
EURAUD,2014-07,1.43974,-0.855
EURAUD,2014-08,1.40723,-2.258
EURAUD,2014-09,1.44538,2.711
EURAUD,2014-10,1.42526,-1.392
EURAUD,2014-11,1.45920,2.382
EURAUD,2014-12,1.48052,1.461
EURAUD,2015-01,1.45456,-1.754
EURAUD,2015-02,1.43366,-1.437
EURAUD,2015-03,1.40870,-1.741
EURAUD,2015-04,1.41880,0.717
EURAUD,2015-05,1.43547,1.175
EURAUD,2015-06,1.44785,0.863
EURAUD,2015-07,1.50408,3.884
EURAUD,2015-08,1.57674,4.831
EURAUD,2015-09,1.59002,0.842
EURAUD,2015-10,1.54803,-2.641
EURAUD,2015-11,1.45986,-5.696
EURAUD,2015-12,1.49039,2.091
EURAUD,2016-01,1.53185,2.782
EURAUD,2016-02,1.51962,-0.798
EURAUD,2016-03,1.48360,-2.370
EURAUD,2016-04,1.50309,1.314
EURAUD,2016-05,1.53747,2.287
EURAUD,2016-06,1.48428,-3.459
EURAUD,2016-07,1.46973,-0.980
EURAUD,2016-08,1.48239,0.861
EURAUD,2016-09,1.46584,-1.117
EURAUD,2016-10,1.44036,-1.738
EURAUD,2016-11,1.43188,-0.589
EURAUD,2016-12,1.45943,1.924
EURAUD,2017-01,1.42368,-2.449
EURAUD,2017-02,1.38150,-2.963
EURAUD,2017-03,1.40051,1.376
EURAUD,2017-04,1.45746,4.066
EURAUD,2017-05,1.51079,3.659
EURAUD,2017-06,1.48671,-1.594
EURAUD,2017-07,1.48049,-0.418
EURAUD,2017-08,1.49941,1.278
EURAUD,2017-09,1.50679,0.493
EURAUD,2017-10,1.51904,0.813
EURAUD,2017-11,1.57133,3.442
EURAUD,2017-12,1.53835,-2.099
EURAUD,2018-01,1.54027,0.125
EURAUD,2018-02,1.56539,1.631
EURAUD,2018-03,1.60207,2.343
EURAUD,2018-04,1.60070,-0.085
EURAUD,2018-05,1.54160,-3.692
EURAUD,2018-06,1.57812,2.369
EURAUD,2018-07,1.57369,-0.281
EURAUD,2018-08,1.61224,2.450
EURAUD,2018-09,1.60576,-0.402
EURAUD,2018-10,1.59819,-0.472
EURAUD,2018-11,1.54869,-3.097
EURAUD,2018-12,1.62584,4.982
EURAUD,2019-01,1.57279,-3.263
EURAUD,2019-02,1.60287,1.913
EURAUD,2019-03,1.58062,-1.388
EURAUD,2019-04,1.59106,0.661
EURAUD,2019-05,1.60888,1.120
EURAUD,2019-06,1.62273,0.861
EURAUD,2019-07,1.61580,-0.427
EURAUD,2019-08,1.63286,1.055
EURAUD,2019-09,1.61658,-0.997
EURAUD,2019-10,1.61941,0.175
EURAUD,2019-11,1.62964,0.632
EURAUD,2019-12,1.59706,-1.999
EURAUD,2020-01,1.65426,3.581
EURAUD,2020-02,1.69373,2.386
EURAUD,2020-03,1.79434,5.940
EURAUD,2020-04,1.67614,-6.587
EURAUD,2020-05,1.67233,-0.227
EURAUD,2020-06,1.63018,-2.520
EURAUD,2020-07,1.65126,1.293
EURAUD,2020-08,1.61747,-2.046
EURAUD,2020-09,1.63728,1.225
EURAUD,2020-10,1.65840,1.290
EURAUD,2020-11,1.62533,-1.994
EURAUD,2020-12,1.58640,-2.395
EURAUD,2021-01,1.58391,-0.157
EURAUD,2021-02,1.56645,-1.102
EURAUD,2021-03,1.54239,-1.536
EURAUD,2021-04,1.55900,1.077
EURAUD,2021-05,1.58237,1.499
EURAUD,2021-06,1.58057,-0.114
EURAUD,2021-07,1.61395,2.112
EURAUD,2021-08,1.61487,0.057
EURAUD,2021-09,1.60164,-0.819
EURAUD,2021-10,1.53818,-3.963
EURAUD,2021-11,1.59233,3.520
EURAUD,2021-12,1.55903,-2.091
EURAUD,2022-01,1.58717,1.805
EURAUD,2022-02,1.54585,-2.603
EURAUD,2022-03,1.47920,-4.312
EURAUD,2022-04,1.48398,0.323
EURAUD,2022-05,1.49286,0.598
EURAUD,2022-06,1.51612,1.558
EURAUD,2022-07,1.46052,-3.668
EURAUD,2022-08,1.46603,0.377
EURAUD,2022-09,1.51976,3.665
EURAUD,2022-10,1.54607,1.731
EURAUD,2022-11,1.53691,-0.593
EURAUD,2022-12,1.57199,2.283
EURAUD,2023-01,1.54007,-2.031
EURAUD,2023-02,1.57209,2.080
EURAUD,2023-03,1.62166,3.153
EURAUD,2023-04,1.66847,2.887
EURAUD,2023-05,1.64596,-1.349
EURAUD,2023-06,1.63879,-0.436
EURAUD,2023-07,1.63754,-0.076
EURAUD,2023-08,1.67581,2.337
EURAUD,2023-09,1.64066,-2.097
EURAUD,2023-10,1.66892,1.722
EURAUD,2023-11,1.64911,-1.187
EURAUD,2023-12,1.62013,-1.757
EURAUD,2024-01,1.64481,1.523
EURAUD,2024-02,1.66195,1.042
EURAUD,2024-03,1.65404,-0.476
EURAUD,2024-04,1.64615,-0.477
EURAUD,2024-05,1.63341,-0.774
EURAUD,2024-06,1.60422,-1.787
EURAUD,2024-07,1.65606,3.232
EURAUD,2024-08,1.63482,-1.283
EURAUD,2024-09,1.60727,-1.685
EURAUD,2024-10,1.65729,3.113
EURAUD,2024-11,1.61945,-2.284
EURAUD,2024-12,1.67353,3.340
EURAUD,2025-01,1.66625,-0.435
EURAUD,2025-02,1.67464,0.504
EURAUD,2025-03,1.73119,3.377
EURAUD,2025-04,1.77358,2.449
EURAUD,2025-05,1.76353,-0.567
EURAUD,2025-06,1.79073,1.542
EURAUD,2025-07,1.77778,-0.723
EURAUD,2025-08,1.78681,0.508
EURAUD,2025-09,1.77411,-0.710
EURAUD,2025-10,1.76307,-0.623
EURAUD,2025-11,1.77044,0.418
EURAUD,2025-12,1.75977,-0.603
EURAUD,2026-01,1.69907,-3.449
EURAUD,2026-02,1.66013,-2.292
EURAUD,2026-03,1.68026,1.213
EURAUD,2026-04,1.63265,-2.833
EURAUD,2026-05,1.62415,-0.521
EURAUD,2026-06,1.65099,1.652
EURAUD,2026-07,1.63956,-0.692
EURAUD,2026-08,1.62117,-1.122
EURAUD,2026-09,1.62095,-0.013
EURCAD,2009-02,1.60927,1.645
EURCAD,2009-03,1.67166,3.877
EURCAD,2009-04,1.58112,-5.417
EURCAD,2009-05,1.54782,-2.106
EURCAD,2009-06,1.62989,5.302
EURCAD,2009-07,1.54091,-5.459
EURCAD,2009-08,1.57414,2.156
EURCAD,2009-09,1.56825,-0.374
EURCAD,2009-10,1.58876,1.307
EURCAD,2009-11,1.58495,-0.240
EURCAD,2009-12,1.49936,-5.400
EURCAD,2010-01,1.47739,-1.465
EURCAD,2010-02,1.43696,-2.737
EURCAD,2010-03,1.37373,-4.400
EURCAD,2010-04,1.34504,-2.089
EURCAD,2010-05,1.29833,-3.473
EURCAD,2010-06,1.30359,0.405
EURCAD,2010-07,1.34514,3.187
EURCAD,2010-08,1.35163,0.482
EURCAD,2010-09,1.40003,3.581
EURCAD,2010-10,1.41545,1.102
EURCAD,2010-11,1.33829,-5.452
EURCAD,2010-12,1.32816,-0.757
EURCAD,2011-01,1.37430,3.474
EURCAD,2011-02,1.34303,-2.275
EURCAD,2011-03,1.37810,2.611
EURCAD,2011-04,1.40596,2.021
EURCAD,2011-05,1.39275,-0.939
EURCAD,2011-06,1.40023,0.537
EURCAD,2011-07,1.37252,-1.979
EURCAD,2011-08,1.40925,2.676
EURCAD,2011-09,1.39731,-0.847
EURCAD,2011-10,1.38522,-0.866
EURCAD,2011-11,1.37212,-0.945
EURCAD,2011-12,1.31915,-3.861
EURCAD,2012-01,1.31184,-0.554
EURCAD,2012-02,1.31793,0.464
EURCAD,2012-03,1.33200,1.068
EURCAD,2012-04,1.30784,-1.813
EURCAD,2012-05,1.27955,-2.163
EURCAD,2012-06,1.29085,0.883
EURCAD,2012-07,1.23325,-4.462
EURCAD,2012-08,1.24050,0.588
EURCAD,2012-09,1.26472,1.952
EURCAD,2012-10,1.29506,2.399
EURCAD,2012-11,1.29209,-0.230
EURCAD,2012-12,1.31303,1.620
EURCAD,2013-01,1.35724,3.367
EURCAD,2013-02,1.34528,-0.881
EURCAD,2013-03,1.30386,-3.079
EURCAD,2013-04,1.32631,1.722
EURCAD,2013-05,1.34264,1.231
EURCAD,2013-06,1.36781,1.875
EURCAD,2013-07,1.36632,-0.109
EURCAD,2013-08,1.39272,1.932
EURCAD,2013-09,1.39199,-0.052
EURCAD,2013-10,1.41775,1.851
EURCAD,2013-11,1.44177,1.694
EURCAD,2013-12,1.46576,1.664
EURCAD,2014-01,1.50074,2.387
EURCAD,2014-02,1.52906,1.887
EURCAD,2014-03,1.52287,-0.405
EURCAD,2014-04,1.51956,-0.218
EURCAD,2014-05,1.48234,-2.449
EURCAD,2014-06,1.46146,-1.408
EURCAD,2014-07,1.45809,-0.231
EURCAD,2014-08,1.42774,-2.081
EURCAD,2014-09,1.41520,-0.878
EURCAD,2014-10,1.41235,-0.201
EURCAD,2014-11,1.42114,0.622
EURCAD,2014-12,1.40380,-1.220
EURCAD,2015-01,1.43570,2.272
EURCAD,2015-02,1.40029,-2.466
EURCAD,2015-03,1.36208,-2.729
EURCAD,2015-04,1.35238,-0.712
EURCAD,2015-05,1.37049,1.339
EURCAD,2015-06,1.39130,1.518
EURCAD,2015-07,1.43880,3.414
EURCAD,2015-08,1.48024,2.881
EURCAD,2015-09,1.49526,1.014
EURCAD,2015-10,1.44457,-3.390
EURCAD,2015-11,1.40811,-2.524
EURCAD,2015-12,1.50277,6.722
EURCAD,2016-01,1.52448,1.445
EURCAD,2016-02,1.46962,-3.598
EURCAD,2016-03,1.47711,0.509
EURCAD,2016-04,1.43581,-2.796
EURCAD,2016-05,1.45830,1.566
EURCAD,2016-06,1.43519,-1.585
EURCAD,2016-07,1.45633,1.473
EURCAD,2016-08,1.46255,0.427
EURCAD,2016-09,1.47393,0.778
EURCAD,2016-10,1.46930,-0.314
EURCAD,2016-11,1.42003,-3.353
EURCAD,2016-12,1.41669,-0.235
EURCAD,2017-01,1.40652,-0.718
EURCAD,2017-02,1.40656,0.003
EURCAD,2017-03,1.42501,1.312
EURCAD,2017-04,1.48916,4.502
EURCAD,2017-05,1.51663,1.845
EURCAD,2017-06,1.48146,-2.319
EURCAD,2017-07,1.47706,-0.297
EURCAD,2017-08,1.48846,0.772
EURCAD,2017-09,1.47773,-0.721
EURCAD,2017-10,1.50192,1.637
EURCAD,2017-11,1.53290,2.062
EURCAD,2017-12,1.50481,-1.832
EURCAD,2018-01,1.52784,1.530
EURCAD,2018-02,1.56381,2.354
EURCAD,2018-03,1.58815,1.557
EURCAD,2018-04,1.54769,-2.547
EURCAD,2018-05,1.51360,-2.203
EURCAD,2018-06,1.53433,1.370
EURCAD,2018-07,1.52370,-0.693
EURCAD,2018-08,1.51577,-0.521
EURCAD,2018-09,1.50186,-0.918
EURCAD,2018-10,1.48771,-0.942
EURCAD,2018-11,1.50385,1.085
EURCAD,2018-12,1.56307,3.938
EURCAD,2019-01,1.50498,-3.716
EURCAD,2019-02,1.49818,-0.452
EURCAD,2019-03,1.50011,0.129
EURCAD,2019-04,1.50392,0.254
EURCAD,2019-05,1.50775,0.255
EURCAD,2019-06,1.48897,-1.246
EURCAD,2019-07,1.46277,-1.759
EURCAD,2019-08,1.46044,-0.159
EURCAD,2019-09,1.44417,-1.114
EURCAD,2019-10,1.46615,1.522
EURCAD,2019-11,1.46457,-0.107
EURCAD,2019-12,1.45526,-0.636
EURCAD,2020-01,1.46498,0.668
EURCAD,2020-02,1.47536,0.708
EURCAD,2020-03,1.55574,5.448
EURCAD,2020-04,1.52099,-2.233
EURCAD,2020-05,1.53382,0.843
EURCAD,2020-06,1.52983,-0.260
EURCAD,2020-07,1.58222,3.424
EURCAD,2020-08,1.55760,-1.556
EURCAD,2020-09,1.56190,0.276
EURCAD,2020-10,1.55276,-0.585
EURCAD,2020-11,1.55102,-0.112
EURCAD,2020-12,1.55962,0.555
EURCAD,2021-01,1.55030,-0.598
EURCAD,2021-02,1.53561,-0.947
EURCAD,2021-03,1.47616,-3.872
EURCAD,2021-04,1.47853,0.160
EURCAD,2021-05,1.47384,-0.317
EURCAD,2021-06,1.46967,-0.283
EURCAD,2021-07,1.47894,0.631
EURCAD,2021-08,1.49015,0.758
EURCAD,2021-09,1.46712,-1.545
EURCAD,2021-10,1.43202,-2.393
EURCAD,2021-11,1.44605,0.980
EURCAD,2021-12,1.44618,0.009
EURCAD,2022-01,1.42325,-1.585
EURCAD,2022-02,1.42126,-0.140
EURCAD,2022-03,1.38458,-2.581
EURCAD,2022-04,1.34900,-2.570
EURCAD,2022-05,1.35626,0.538
EURCAD,2022-06,1.34747,-0.648
EURCAD,2022-07,1.30596,-3.080
EURCAD,2022-08,1.31766,0.896
EURCAD,2022-09,1.34533,2.100
EURCAD,2022-10,1.34826,0.218
EURCAD,2022-11,1.39754,3.655
EURCAD,2022-12,1.44758,3.581
EURCAD,2023-01,1.44767,0.006
EURCAD,2023-02,1.44360,-0.281
EURCAD,2023-03,1.47043,1.859
EURCAD,2023-04,1.49614,1.748
EURCAD,2023-05,1.44769,-3.238
EURCAD,2023-06,1.44486,-0.196
EURCAD,2023-07,1.45030,0.377
EURCAD,2023-08,1.46748,1.185
EURCAD,2023-09,1.43258,-2.379
EURCAD,2023-10,1.46655,2.372
EURCAD,2023-11,1.48200,1.053
EURCAD,2023-12,1.46040,-1.458
EURCAD,2024-01,1.45289,-0.514
EURCAD,2024-02,1.46634,0.926
EURCAD,2024-03,1.46110,-0.357
EURCAD,2024-04,1.46880,0.527
EURCAD,2024-05,1.48004,0.765
EURCAD,2024-06,1.46572,-0.967
EURCAD,2024-07,1.49416,1.940
EURCAD,2024-08,1.49226,-0.127
EURCAD,2024-09,1.50574,0.903
EURCAD,2024-10,1.51314,0.491
EURCAD,2024-11,1.47811,-2.314
EURCAD,2024-12,1.49053,0.840
EURCAD,2025-01,1.50380,0.890
EURCAD,2025-02,1.50125,-0.169
EURCAD,2025-03,1.55230,3.401
EURCAD,2025-04,1.56702,0.948
EURCAD,2025-05,1.55985,-0.457
EURCAD,2025-06,1.60311,2.773
EURCAD,2025-07,1.58265,-1.276
EURCAD,2025-08,1.60519,1.425
EURCAD,2025-09,1.63424,1.810
EURCAD,2025-10,1.61685,-1.064
EURCAD,2025-11,1.62093,0.252
EURCAD,2025-12,1.60920,-0.723
EURCAD,2026-01,1.61124,0.127
EURCAD,2026-02,1.61154,0.018
EURCAD,2026-03,1.60712,-0.274
EURCAD,2026-04,1.59641,-0.666
EURCAD,2026-05,1.60990,0.845
EURCAD,2026-06,1.62176,0.736
EURCAD,2026-07,1.61594,-0.359
EURCAD,2026-08,1.61036,-0.345
EURCAD,2026-09,1.61195,0.098
EURCHF,2009-02,1.47784,-0.603
EURCHF,2009-03,1.51107,2.249
EURCHF,2009-04,1.51000,-0.071
EURCHF,2009-05,1.51038,0.025
EURCHF,2009-06,1.52348,0.867
EURCHF,2009-07,1.52335,-0.009
EURCHF,2009-08,1.51701,-0.416
EURCHF,2009-09,1.51792,0.060
EURCHF,2009-10,1.51070,-0.476
EURCHF,2009-11,1.50697,-0.247
EURCHF,2009-12,1.48459,-1.485
EURCHF,2010-01,1.46422,-1.372
EURCHF,2010-02,1.46305,-0.080
EURCHF,2010-03,1.42405,-2.666
EURCHF,2010-04,1.43216,0.570
EURCHF,2010-05,1.42659,-0.389
EURCHF,2010-06,1.32424,-7.175
EURCHF,2010-07,1.36043,2.733
EURCHF,2010-08,1.28938,-5.223
EURCHF,2010-09,1.33406,3.465
EURCHF,2010-10,1.36863,2.591
EURCHF,2010-11,1.30166,-4.893
EURCHF,2010-12,1.24323,-4.488
EURCHF,2011-01,1.28954,3.724
EURCHF,2011-02,1.28345,-0.472
EURCHF,2011-03,1.29868,1.187
EURCHF,2011-04,1.28442,-1.098
EURCHF,2011-05,1.22556,-4.583
EURCHF,2011-06,1.22175,-0.311
EURCHF,2011-07,1.13396,-7.186
EURCHF,2011-08,1.15788,2.110
EURCHF,2011-09,1.21695,5.101
EURCHF,2011-10,1.21423,-0.224
EURCHF,2011-11,1.22508,0.894
EURCHF,2011-12,1.21614,-0.730
EURCHF,2012-01,1.20350,-1.039
EURCHF,2012-02,1.20532,0.151
EURCHF,2012-03,1.20347,-0.153
EURCHF,2012-04,1.20135,-0.176
EURCHF,2012-05,1.20091,-0.036
EURCHF,2012-06,1.20155,0.053
EURCHF,2012-07,1.20111,-0.036
EURCHF,2012-08,1.20075,-0.029
EURCHF,2012-09,1.20854,0.648
EURCHF,2012-10,1.20656,-0.164
EURCHF,2012-11,1.20531,-0.103
EURCHF,2012-12,1.20715,0.153
EURCHF,2013-01,1.23513,2.318
EURCHF,2013-02,1.22103,-1.141
EURCHF,2013-03,1.21620,-0.396
EURCHF,2013-04,1.22439,0.673
EURCHF,2013-05,1.24471,1.660
EURCHF,2013-06,1.22951,-1.221
EURCHF,2013-07,1.23310,0.292
EURCHF,2013-08,1.22895,-0.336
EURCHF,2013-09,1.22374,-0.424
EURCHF,2013-10,1.23110,0.602
EURCHF,2013-11,1.23088,-0.018
EURCHF,2013-12,1.22695,-0.319
EURCHF,2014-01,1.22209,-0.397
EURCHF,2014-02,1.21635,-0.470
EURCHF,2014-03,1.21797,0.133
EURCHF,2014-04,1.22053,0.210
EURCHF,2014-05,1.22002,-0.041
EURCHF,2014-06,1.21396,-0.497
EURCHF,2014-07,1.21666,0.222
EURCHF,2014-08,1.20631,-0.850
EURCHF,2014-09,1.20647,0.013
EURCHF,2014-10,1.20574,-0.060
EURCHF,2014-11,1.20124,-0.373
EURCHF,2014-12,1.20208,0.070
EURCHF,2015-01,1.03986,-13.495
EURCHF,2015-02,1.06517,2.434
EURCHF,2015-03,1.04318,-2.064
EURCHF,2015-04,1.05034,0.686
EURCHF,2015-05,1.03386,-1.569
EURCHF,2015-06,1.04250,0.835
EURCHF,2015-07,1.06264,1.932
EURCHF,2015-08,1.08373,1.985
EURCHF,2015-09,1.09086,0.657
EURCHF,2015-10,1.08856,-0.211
EURCHF,2015-11,1.08597,-0.238
EURCHF,2015-12,1.08774,0.163
EURCHF,2016-01,1.10767,1.832
EURCHF,2016-02,1.08249,-2.273
EURCHF,2016-03,1.09146,0.828
EURCHF,2016-04,1.09817,0.615
EURCHF,2016-05,1.10611,0.723
EURCHF,2016-06,1.08020,-2.343
EURCHF,2016-07,1.08220,0.185
EURCHF,2016-08,1.09563,1.241
EURCHF,2016-09,1.08946,-0.563
EURCHF,2016-10,1.08419,-0.483
EURCHF,2016-11,1.07753,-0.614
EURCHF,2016-12,1.07207,-0.507
EURCHF,2017-01,1.06736,-0.439
EURCHF,2017-02,1.06413,-0.302
EURCHF,2017-03,1.06953,0.508
EURCHF,2017-04,1.08334,1.291
EURCHF,2017-05,1.08809,0.438
EURCHF,2017-06,1.09392,0.536
EURCHF,2017-07,1.14120,4.322
EURCHF,2017-08,1.14296,0.154
EURCHF,2017-09,1.14448,0.133
EURCHF,2017-10,1.16109,1.452
EURCHF,2017-11,1.17049,0.809
EURCHF,2017-12,1.17071,0.019
EURCHF,2018-01,1.15846,-1.046
EURCHF,2018-02,1.15154,-0.597
EURCHF,2018-03,1.17433,1.978
EURCHF,2018-04,1.19669,1.905
EURCHF,2018-05,1.14879,-4.003
EURCHF,2018-06,1.15857,0.851
EURCHF,2018-07,1.15826,-0.027
EURCHF,2018-08,1.12454,-2.911
EURCHF,2018-09,1.13412,0.853
EURCHF,2018-10,1.13960,0.483
EURCHF,2018-11,1.13077,-0.775
EURCHF,2018-12,1.12636,-0.390
EURCHF,2019-01,1.13824,1.055
EURCHF,2019-02,1.13496,-0.289
EURCHF,2019-03,1.11857,-1.444
EURCHF,2019-04,1.14247,2.137
EURCHF,2019-05,1.11874,-2.077
EURCHF,2019-06,1.10987,-0.793
EURCHF,2019-07,1.10206,-0.704
EURCHF,2019-08,1.08780,-1.294
EURCHF,2019-09,1.08811,0.029
EURCHF,2019-10,1.10073,1.159
EURCHF,2019-11,1.10204,0.119
EURCHF,2019-12,1.08645,-1.415
EURCHF,2020-01,1.06882,-1.623
EURCHF,2020-02,1.06392,-0.458
EURCHF,2020-03,1.06048,-0.323
EURCHF,2020-04,1.05718,-0.310
EURCHF,2020-05,1.06831,1.053
EURCHF,2020-06,1.06383,-0.420
EURCHF,2020-07,1.07731,1.268
EURCHF,2020-08,1.07696,-0.033
EURCHF,2020-09,1.07714,0.017
EURCHF,2020-10,1.06744,-0.901
EURCHF,2020-11,1.08244,1.405
EURCHF,2020-12,1.08120,-0.114
EURCHF,2021-01,1.08057,-0.058
EURCHF,2021-02,1.09953,1.754
EURCHF,2021-03,1.10592,0.581
EURCHF,2021-04,1.09792,-0.723
EURCHF,2021-05,1.09682,-0.100
EURCHF,2021-06,1.09633,-0.045
EURCHF,2021-07,1.07498,-1.947
EURCHF,2021-08,1.08094,0.555
EURCHF,2021-09,1.08115,0.019
EURCHF,2021-10,1.05868,-2.079
EURCHF,2021-11,1.04029,-1.737
EURCHF,2021-12,1.03520,-0.490
EURCHF,2022-01,1.04305,0.759
EURCHF,2022-02,1.03031,-1.222
EURCHF,2022-03,1.02174,-0.831
EURCHF,2022-04,1.02455,0.275
EURCHF,2022-05,1.02693,0.232
EURCHF,2022-06,0.99979,-2.643
EURCHF,2022-07,0.97052,-2.928
EURCHF,2022-08,0.98118,1.099
EURCHF,2022-09,0.96312,-1.841
EURCHF,2022-10,0.98913,2.700
EURCHF,2022-11,0.97925,-0.998
EURCHF,2022-12,0.98855,0.950
EURCHF,2023-01,0.99739,0.894
EURCHF,2023-02,0.99406,-0.334
EURCHF,2023-03,0.99250,-0.157
EURCHF,2023-04,0.98377,-0.879
EURCHF,2023-05,0.97262,-1.134
EURCHF,2023-06,0.97696,0.446
EURCHF,2023-07,0.95746,-1.996
EURCHF,2023-08,0.95784,0.039
EURCHF,2023-09,0.96751,1.010
EURCHF,2023-10,0.96164,-0.606
EURCHF,2023-11,0.95168,-1.036
EURCHF,2023-12,0.92976,-2.304
EURCHF,2024-01,0.93215,0.258
EURCHF,2024-02,0.95461,2.409
EURCHF,2024-03,0.97281,1.906
EURCHF,2024-04,0.98013,0.753
EURCHF,2024-05,0.97983,-0.031
EURCHF,2024-06,0.96315,-1.702
EURCHF,2024-07,0.95206,-1.152
EURCHF,2024-08,0.93928,-1.342
EURCHF,2024-09,0.94105,0.188
EURCHF,2024-10,0.93878,-0.241
EURCHF,2024-11,0.93049,-0.882
EURCHF,2024-12,0.93862,0.873
EURCHF,2025-01,0.94519,0.700
EURCHF,2025-02,0.93811,-0.749
EURCHF,2025-03,0.95466,1.764
EURCHF,2025-04,0.93372,-2.193
EURCHF,2025-05,0.93373,0.002
EURCHF,2025-06,0.93432,0.063
EURCHF,2025-07,0.92856,-0.617
EURCHF,2025-08,0.93510,0.704
EURCHF,2025-09,0.93476,-0.036
EURCHF,2025-10,0.92637,-0.897
EURCHF,2025-11,0.93214,0.623
EURCHF,2025-12,0.93135,-0.085
EURCHF,2026-01,0.91633,-1.612
EURCHF,2026-02,0.90862,-0.842
EURCHF,2026-03,0.92456,1.754
EURCHF,2026-04,0.91766,-0.746
EURCHF,2026-05,0.91229,-0.586
EURCHF,2026-06,0.92271,1.142
EURCHF,2026-07,0.93088,0.886
EURCHF,2026-08,0.93924,0.898
EURCHF,2026-09,0.94414,0.521
EURGBP,2009-02,0.88693,-0.159
EURGBP,2009-03,0.92733,4.555
EURGBP,2009-04,0.89485,-3.503
EURGBP,2009-05,0.87413,-2.315
EURGBP,2009-06,0.85210,-2.521
EURGBP,2009-07,0.85435,0.264
EURGBP,2009-08,0.87986,2.986
EURGBP,2009-09,0.91412,3.893
EURGBP,2009-10,0.89538,-2.050
EURGBP,2009-11,0.91378,2.055
EURGBP,2009-12,0.88648,-2.987
EURGBP,2010-01,0.86630,-2.277
EURGBP,2010-02,0.89633,3.466
EURGBP,2010-03,0.89071,-0.627
EURGBP,2010-04,0.86898,-2.439
EURGBP,2010-05,0.85343,-1.789
EURGBP,2010-06,0.82227,-3.651
EURGBP,2010-07,0.83168,1.144
EURGBP,2010-08,0.82711,-0.549
EURGBP,2010-09,0.86466,4.540
EURGBP,2010-10,0.86731,0.306
EURGBP,2010-11,0.83679,-3.519
EURGBP,2010-12,0.86213,3.028
EURGBP,2011-01,0.85503,-0.824
EURGBP,2011-02,0.84897,-0.709
EURGBP,2011-03,0.88370,4.092
EURGBP,2011-04,0.88795,0.480
EURGBP,2011-05,0.87450,-1.515
EURGBP,2011-06,0.90386,3.358
EURGBP,2011-07,0.87439,-3.261
EURGBP,2011-08,0.88548,1.268
EURGBP,2011-09,0.86079,-2.788
EURGBP,2011-10,0.86402,0.374
EURGBP,2011-11,0.85659,-0.860
EURGBP,2011-12,0.83498,-2.523
EURGBP,2012-01,0.82861,-0.762
EURGBP,2012-02,0.83743,1.064
EURGBP,2012-03,0.83413,-0.394
EURGBP,2012-04,0.81532,-2.255
EURGBP,2012-05,0.80255,-1.567
EURGBP,2012-06,0.80758,0.627
EURGBP,2012-07,0.78510,-2.783
EURGBP,2012-08,0.79296,1.001
EURGBP,2012-09,0.79699,0.509
EURGBP,2012-10,0.80433,0.921
EURGBP,2012-11,0.81174,0.921
EURGBP,2012-12,0.81079,-0.117
EURGBP,2013-01,0.85670,5.662
EURGBP,2013-02,0.86084,0.484
EURGBP,2013-03,0.84352,-2.012
EURGBP,2013-04,0.84738,0.457
EURGBP,2013-05,0.85531,0.935
EURGBP,2013-06,0.85545,0.017
EURGBP,2013-07,0.87515,2.303
EURGBP,2013-08,0.85313,-2.516
EURGBP,2013-09,0.83663,-1.934
EURGBP,2013-10,0.84611,1.134
EURGBP,2013-11,0.83102,-1.784
EURGBP,2013-12,0.83147,0.054
EURGBP,2014-01,0.82071,-1.294
EURGBP,2014-02,0.82424,0.431
EURGBP,2014-03,0.82626,0.245
EURGBP,2014-04,0.82150,-0.576
EURGBP,2014-05,0.81367,-0.953
EURGBP,2014-06,0.80027,-1.646
EURGBP,2014-07,0.79285,-0.928
EURGBP,2014-08,0.79290,0.006
EURGBP,2014-09,0.77851,-1.815
EURGBP,2014-10,0.78311,0.591
EURGBP,2014-11,0.79540,1.569
EURGBP,2014-12,0.77674,-2.345
EURGBP,2015-01,0.75138,-3.265
EURGBP,2015-02,0.72523,-3.481
EURGBP,2015-03,0.72331,-0.265
EURGBP,2015-04,0.72821,0.677
EURGBP,2015-05,0.71922,-1.234
EURGBP,2015-06,0.70920,-1.392
EURGBP,2015-07,0.70534,-0.545
EURGBP,2015-08,0.72865,3.305
EURGBP,2015-09,0.73848,1.349
EURGBP,2015-10,0.71500,-3.179
EURGBP,2015-11,0.70205,-1.811
EURGBP,2015-12,0.73645,4.901
EURGBP,2016-01,0.76365,3.693
EURGBP,2016-02,0.78046,2.201
EURGBP,2016-03,0.79203,1.482
EURGBP,2016-04,0.78238,-1.218
EURGBP,2016-05,0.76628,-2.057
EURGBP,2016-06,0.83309,8.719
EURGBP,2016-07,0.84164,1.025
EURGBP,2016-08,0.84897,0.872
EURGBP,2016-09,0.86345,1.705
EURGBP,2016-10,0.89772,3.969
EURGBP,2016-11,0.84747,-5.597
EURGBP,2016-12,0.85533,0.928
EURGBP,2017-01,0.85773,0.280
EURGBP,2017-02,0.85443,-0.385
EURGBP,2017-03,0.85323,-0.140
EURGBP,2017-04,0.84203,-1.313
EURGBP,2017-05,0.87067,3.402
EURGBP,2017-06,0.87812,0.856
EURGBP,2017-07,0.89617,2.055
EURGBP,2017-08,0.92281,2.973
EURGBP,2017-09,0.88151,-4.475
EURGBP,2017-10,0.87711,-0.499
EURGBP,2017-11,0.88090,0.432
EURGBP,2017-12,0.88868,0.882
EURGBP,2018-01,0.87584,-1.444
EURGBP,2018-02,0.88533,1.084
EURGBP,2018-03,0.87828,-0.797
EURGBP,2018-04,0.87805,-0.026
EURGBP,2018-05,0.87817,0.013
EURGBP,2018-06,0.88475,0.750
EURGBP,2018-07,0.89184,0.801
EURGBP,2018-08,0.89448,0.296
EURGBP,2018-09,0.89040,-0.456
EURGBP,2018-10,0.88669,-0.417
EURGBP,2018-11,0.88655,-0.015
EURGBP,2018-12,0.89758,1.245
EURGBP,2019-01,0.87195,-2.856
EURGBP,2019-02,0.85731,-1.680
EURGBP,2019-03,0.86155,0.496
EURGBP,2019-04,0.85966,-0.220
EURGBP,2019-05,0.88349,2.772
EURGBP,2019-06,0.89536,1.344
EURGBP,2019-07,0.91074,1.718
EURGBP,2019-08,0.90330,-0.817
EURGBP,2019-09,0.88626,-1.886
EURGBP,2019-10,0.86213,-2.723
EURGBP,2019-11,0.85168,-1.212
EURGBP,2019-12,0.84608,-0.658
EURGBP,2020-01,0.83987,-0.733
EURGBP,2020-02,0.86095,2.509
EURGBP,2020-03,0.88456,2.742
EURGBP,2020-04,0.86759,-1.918
EURGBP,2020-05,0.90159,3.918
EURGBP,2020-06,0.90853,0.770
EURGBP,2020-07,0.90011,-0.927
EURGBP,2020-08,0.89352,-0.731
EURGBP,2020-09,0.90727,1.538
EURGBP,2020-10,0.90054,-0.742
EURGBP,2020-11,0.89570,-0.537
EURGBP,2020-12,0.89519,-0.056
EURGBP,2021-01,0.88424,-1.224
EURGBP,2021-02,0.86709,-1.939
EURGBP,2021-03,0.85122,-1.831
EURGBP,2021-04,0.86924,2.117
EURGBP,2021-05,0.85941,-1.131
EURGBP,2021-06,0.85818,-0.143
EURGBP,2021-07,0.85277,-0.630
EURGBP,2021-08,0.85829,0.647
EURGBP,2021-09,0.85946,0.136
EURGBP,2021-10,0.84406,-1.792
EURGBP,2021-11,0.85169,0.905
EURGBP,2021-12,0.83837,-1.564
EURGBP,2022-01,0.83429,-0.487
EURGBP,2022-02,0.83646,0.260
EURGBP,2022-03,0.84337,0.827
EURGBP,2022-04,0.83867,-0.557
EURGBP,2022-05,0.84998,1.349
EURGBP,2022-06,0.86076,1.268
EURGBP,2022-07,0.83738,-2.716
EURGBP,2022-08,0.86422,3.205
EURGBP,2022-09,0.87860,1.664
EURGBP,2022-10,0.85844,-2.294
EURGBP,2022-11,0.86301,0.532
EURGBP,2022-12,0.88575,2.635
EURGBP,2023-01,0.88100,-0.536
EURGBP,2023-02,0.87670,-0.488
EURGBP,2023-03,0.87900,0.262
EURGBP,2023-04,0.87746,-0.175
EURGBP,2023-05,0.85947,-2.050
EURGBP,2023-06,0.85914,-0.039
EURGBP,2023-07,0.85717,-0.229
EURGBP,2023-08,0.85573,-0.168
EURGBP,2023-09,0.86653,1.262
EURGBP,2023-10,0.87087,0.500
EURGBP,2023-11,0.86289,-0.916
EURGBP,2023-12,0.86803,0.595
EURGBP,2024-01,0.85258,-1.780
EURGBP,2024-02,0.85551,0.343
EURGBP,2024-03,0.85389,-0.189
EURGBP,2024-04,0.85374,-0.018
EURGBP,2024-05,0.85152,-0.260
EURGBP,2024-06,0.84737,-0.488
EURGBP,2024-07,0.84286,-0.532
EURGBP,2024-08,0.84218,-0.080
EURGBP,2024-09,0.83172,-1.242
EURGBP,2024-10,0.84433,1.517
EURGBP,2024-11,0.83061,-1.626
EURGBP,2024-12,0.82673,-0.467
EURGBP,2025-01,0.83557,1.070
EURGBP,2025-02,0.82609,-1.135
EURGBP,2025-03,0.83709,1.332
EURGBP,2025-04,0.85053,1.605
EURGBP,2025-05,0.84251,-0.943
EURGBP,2025-06,0.85782,1.817
EURGBP,2025-07,0.86465,0.797
EURGBP,2025-08,0.86551,0.099
EURGBP,2025-09,0.87292,0.855
EURGBP,2025-10,0.87825,0.610
EURGBP,2025-11,0.87612,-0.242
EURGBP,2025-12,0.87278,-0.380
EURGBP,2026-01,0.86570,-0.812
EURGBP,2026-02,0.87859,1.489
EURGBP,2026-03,0.87365,-0.563
EURGBP,2026-04,0.86371,-1.137
EURGBP,2026-05,0.86674,0.350
EURGBP,2026-06,0.86106,-0.655
EURGBP,2026-07,0.85520,-0.680
EURGBP,2026-08,0.85734,0.250
EURGBP,2026-09,0.86035,0.351
EURJPY,2009-02,123.75285,7.593
EURJPY,2009-03,131.48124,6.245
EURJPY,2009-04,130.79062,-0.525
EURJPY,2009-05,134.97669,3.201
EURJPY,2009-06,135.17454,0.147
EURJPY,2009-07,134.99929,-0.130
EURJPY,2009-08,133.22808,-1.312
EURJPY,2009-09,130.92904,-1.726
EURJPY,2009-10,133.53991,1.994
EURJPY,2009-11,129.13480,-3.299
EURJPY,2009-12,133.40977,3.310
EURJPY,2010-01,125.35368,-6.039
EURJPY,2010-02,121.34954,-3.194
EURJPY,2010-03,126.33572,4.109
EURJPY,2010-04,125.35249,-0.778
EURJPY,2010-05,112.31911,-10.397
EURJPY,2010-06,108.76352,-3.166
EURJPY,2010-07,112.95086,3.850
EURJPY,2010-08,106.83435,-5.415
EURJPY,2010-09,113.61534,6.347
EURJPY,2010-10,111.82437,-1.576
EURJPY,2010-11,108.92974,-2.589
EURJPY,2010-12,108.37314,-0.511
EURJPY,2011-01,112.42628,3.740
EURJPY,2011-02,113.02069,0.529
EURJPY,2011-03,117.37342,3.851
EURJPY,2011-04,120.51282,2.675
EURJPY,2011-05,116.86314,-3.028
EURJPY,2011-06,117.10717,0.209
EURJPY,2011-07,111.05036,-5.172
EURJPY,2011-08,110.19879,-0.767
EURJPY,2011-09,103.61802,-5.972
EURJPY,2011-10,108.74477,4.948
EURJPY,2011-11,104.37239,-4.021
EURJPY,2011-12,99.87026,-4.314
EURJPY,2012-01,99.64757,-0.223
EURJPY,2012-02,108.33556,8.719
EURJPY,2012-03,109.88000,1.426
EURJPY,2012-04,105.58275,-3.911
EURJPY,2012-05,96.79773,-8.321
EURJPY,2012-06,101.10210,4.447
EURJPY,2012-07,96.18227,-4.866
EURJPY,2012-08,98.49057,2.400
EURJPY,2012-09,100.17999,1.715
EURJPY,2012-10,103.58948,3.403
EURJPY,2012-11,107.39006,3.669
EURJPY,2012-12,114.24051,6.379
EURJPY,2013-01,123.98805,8.532
EURJPY,2013-02,120.79519,-2.575
EURJPY,2013-03,120.67154,-0.102
EURJPY,2013-04,128.41717,6.419
EURJPY,2013-05,130.96506,1.984
EURJPY,2013-06,129.07884,-1.440
EURJPY,2013-07,130.62824,1.200
EURJPY,2013-08,129.61203,-0.778
EURJPY,2013-09,133.04006,2.645
EURJPY,2013-10,133.36052,0.241
EURJPY,2013-11,139.38776,4.520
EURJPY,2013-12,145.03238,4.050
EURJPY,2014-01,138.08559,-4.790
EURJPY,2014-02,140.93608,2.064
EURJPY,2014-03,141.88482,0.673
EURJPY,2014-04,141.66436,-0.155
EURJPY,2014-05,138.82144,-2.007
EURJPY,2014-06,138.64476,-0.127
EURJPY,2014-07,137.58704,-0.763
EURJPY,2014-08,136.75214,-0.607
EURJPY,2014-09,138.47708,1.261
EURJPY,2014-10,140.44606,1.422
EURJPY,2014-11,147.63682,5.120
EURJPY,2014-12,145.02662,-1.768
EURJPY,2015-01,132.59569,-8.571
EURJPY,2015-02,134.04994,1.097
EURJPY,2015-03,128.85070,-3.879
EURJPY,2015-04,133.78725,3.831
EURJPY,2015-05,136.30167,1.879
EURJPY,2015-06,136.19632,-0.077
EURJPY,2015-07,136.67843,0.354
EURJPY,2015-08,135.74387,-0.684
EURJPY,2015-09,133.73144,-1.483
EURJPY,2015-10,133.28180,-0.336
EURJPY,2015-11,130.14364,-2.355
EURJPY,2015-12,130.60050,0.351
EURJPY,2016-01,131.12002,0.398
EURJPY,2016-02,122.70405,-6.419
EURJPY,2016-03,128.04100,4.349
EURJPY,2016-04,122.31121,-4.475
EURJPY,2016-05,123.31589,0.821
EURJPY,2016-06,113.37010,-8.065
EURJPY,2016-07,114.27295,0.796
EURJPY,2016-08,115.22514,0.833
EURJPY,2016-09,113.74466,-1.285
EURJPY,2016-10,115.18307,1.265
EURJPY,2016-11,120.94352,5.001
EURJPY,2016-12,123.22465,1.886
EURJPY,2017-01,121.67530,-1.257
EURJPY,2017-02,118.98492,-2.211
EURJPY,2017-03,119.18057,0.164
EURJPY,2017-04,121.40756,1.869
EURJPY,2017-05,124.39326,2.459
EURJPY,2017-06,128.26658,3.114
EURJPY,2017-07,130.53453,1.768
EURJPY,2017-08,130.89914,0.279
EURJPY,2017-09,133.06556,1.655
EURJPY,2017-10,132.35877,-0.531
EURJPY,2017-11,133.61095,0.946
EURJPY,2017-12,135.47728,1.397
EURJPY,2018-01,135.85633,0.280
EURJPY,2018-02,130.19905,-4.164
EURJPY,2018-03,130.83652,0.490
EURJPY,2018-04,131.94880,0.850
EURJPY,2018-05,126.88762,-3.836
EURJPY,2018-06,129.27370,1.880
EURJPY,2018-07,130.96102,1.305
EURJPY,2018-08,128.68738,-1.736
EURJPY,2018-09,131.89214,2.490
EURJPY,2018-10,127.88669,-3.037
EURJPY,2018-11,128.55525,0.523
EURJPY,2018-12,125.67304,-2.242
EURJPY,2019-01,124.65926,-0.807
EURJPY,2019-02,126.74101,1.670
EURJPY,2019-03,124.27577,-1.945
EURJPY,2019-04,124.77599,0.403
EURJPY,2019-05,121.15063,-2.905
EURJPY,2019-06,122.65696,1.243
EURJPY,2019-07,120.84585,-1.477
EURJPY,2019-08,116.81319,-3.337
EURJPY,2019-09,117.89531,0.926
EURJPY,2019-10,120.56888,2.268
EURJPY,2019-11,120.62810,0.049
EURJPY,2019-12,122.00516,1.142
EURJPY,2020-01,120.23493,-1.451
EURJPY,2020-02,118.94389,-1.074
EURJPY,2020-03,118.45120,-0.414
EURJPY,2020-04,116.92543,-1.288
EURJPY,2020-05,119.70454,2.377
EURJPY,2020-06,121.10349,1.169
EURJPY,2020-07,125.05024,3.259
EURJPY,2020-08,126.48184,1.145
EURJPY,2020-09,123.77491,-2.140
EURJPY,2020-10,121.75635,-1.631
EURJPY,2020-11,124.70729,2.424
EURJPY,2020-12,126.19543,1.193
EURJPY,2021-01,126.97488,0.618
EURJPY,2021-02,128.96360,1.566
EURJPY,2021-03,129.88492,0.714
EURJPY,2021-04,131.51690,1.256
EURJPY,2021-05,133.92269,1.829
EURJPY,2021-06,131.57583,-1.752
EURJPY,2021-07,130.14592,-1.087
EURJPY,2021-08,129.85251,-0.225
EURJPY,2021-09,129.08081,-0.594
EURJPY,2021-10,131.72000,2.045
EURJPY,2021-11,127.78781,-2.985
EURJPY,2021-12,130.35654,2.010
EURJPY,2022-01,129.18489,-0.899
EURJPY,2022-02,129.20642,0.017
EURJPY,2022-03,134.70882,4.259
EURJPY,2022-04,136.81770,1.566
EURJPY,2022-05,137.92252,0.808
EURJPY,2022-06,142.05402,2.996
EURJPY,2022-07,135.94164,-4.303
EURJPY,2022-08,139.59738,2.689
EURJPY,2022-09,141.56721,1.411
EURJPY,2022-10,146.92566,3.785
EURJPY,2022-11,143.81129,-2.120
EURJPY,2022-12,141.00342,-1.952
EURJPY,2023-01,141.33550,0.236
EURJPY,2023-02,144.28541,2.087
EURJPY,2023-03,144.32485,0.027
EURJPY,2023-04,150.13248,4.024
EURJPY,2023-05,148.92393,-0.805
EURJPY,2023-06,157.75278,5.928
EURJPY,2023-07,156.68944,-0.674
EURJPY,2023-08,157.90158,0.774
EURJPY,2023-09,158.16046,0.164
EURJPY,2023-10,160.05495,1.198
EURJPY,2023-11,161.28927,0.771
EURJPY,2023-12,155.88496,-3.351
EURJPY,2024-01,158.77117,1.852
EURJPY,2024-02,162.00151,2.035
EURJPY,2024-03,163.18118,0.728
EURJPY,2024-04,168.31197,3.144
EURJPY,2024-05,170.48807,1.293
EURJPY,2024-06,172.32219,1.076
EURJPY,2024-07,162.74892,-5.555
EURJPY,2024-08,161.41340,-0.821
EURJPY,2024-09,159.64560,-1.095
EURJPY,2024-10,165.38211,3.593
EURJPY,2024-11,158.64360,-4.075
EURJPY,2024-12,162.89204,2.678
EURJPY,2025-01,161.11284,-1.092
EURJPY,2025-02,156.68816,-2.746
EURJPY,2025-03,161.82662,3.279
EURJPY,2025-04,161.87720,0.031
EURJPY,2025-05,163.59923,1.064
EURJPY,2025-06,169.69162,3.724
EURJPY,2025-07,172.15364,1.451
EURJPY,2025-08,171.79277,-0.210
EURJPY,2025-09,173.63295,1.071
EURJPY,2025-10,177.78419,2.391
EURJPY,2025-11,181.15068,1.894
EURJPY,2025-12,184.01596,1.582
EURJPY,2026-01,183.43237,-0.317
EURJPY,2026-02,184.47807,0.570
EURJPY,2026-03,183.22967,-0.677
EURJPY,2026-04,183.74384,0.281
EURJPY,2026-05,185.97290,1.213
EURJPY,2026-06,185.64905,-0.174
EURJPY,2026-07,183.34293,-1.242
EURJPY,2026-08,185.57156,1.216
EURJPY,2026-09,179.18377,-3.442
EURNZD,2009-02,2.51722,-0.053
EURNZD,2009-03,2.32980,-7.446
EURNZD,2009-04,2.32539,-0.189
EURNZD,2009-05,2.21769,-4.632
EURNZD,2009-06,2.17454,-1.946
EURNZD,2009-07,2.16193,-0.580
EURNZD,2009-08,2.09358,-3.161
EURNZD,2009-09,2.02282,-3.380
EURNZD,2009-10,2.04087,0.892
EURNZD,2009-11,2.09687,2.744
EURNZD,2009-12,1.97563,-5.782
EURNZD,2010-01,1.96838,-0.367
EURNZD,2010-02,1.95137,-0.864
EURNZD,2010-03,1.90559,-2.346
EURNZD,2010-04,1.81711,-4.643
EURNZD,2010-05,1.81942,0.127
EURNZD,2010-06,1.78110,-2.106
EURNZD,2010-07,1.79979,1.050
EURNZD,2010-08,1.81606,0.904
EURNZD,2010-09,1.85582,2.190
EURNZD,2010-10,1.82229,-1.807
EURNZD,2010-11,1.75101,-3.911
EURNZD,2010-12,1.72625,-1.414
EURNZD,2011-01,1.77314,2.717
EURNZD,2011-02,1.83366,3.413
EURNZD,2011-03,1.85662,1.252
EURNZD,2011-04,1.83711,-1.050
EURNZD,2011-05,1.74655,-4.930
EURNZD,2011-06,1.75298,0.368
EURNZD,2011-07,1.63957,-6.469
EURNZD,2011-08,1.68467,2.751
EURNZD,2011-09,1.75239,4.019
EURNZD,2011-10,1.71757,-1.987
EURNZD,2011-11,1.73174,0.825
EURNZD,2011-12,1.66217,-4.017
EURNZD,2012-01,1.58295,-4.766
EURNZD,2012-02,1.59084,0.498
EURNZD,2012-03,1.62600,2.210
EURNZD,2012-04,1.61847,-0.463
EURNZD,2012-05,1.64268,1.496
EURNZD,2012-06,1.57816,-3.928
EURNZD,2012-07,1.51761,-3.837
EURNZD,2012-08,1.56503,3.125
EURNZD,2012-09,1.55027,-0.943
EURNZD,2012-10,1.57639,1.685
EURNZD,2012-11,1.58652,0.643
EURNZD,2012-12,1.59494,0.530
EURNZD,2013-01,1.61763,1.423
EURNZD,2013-02,1.57847,-2.421
EURNZD,2013-03,1.53300,-2.881
EURNZD,2013-04,1.53476,0.115
EURNZD,2013-05,1.62904,6.143
EURNZD,2013-06,1.67773,2.988
EURNZD,2013-07,1.67047,-0.432
EURNZD,2013-08,1.70731,2.205
EURNZD,2013-09,1.62629,-4.746
EURNZD,2013-10,1.64247,0.995
EURNZD,2013-11,1.66789,1.548
EURNZD,2013-12,1.67452,0.398
EURNZD,2014-01,1.66883,-0.340
EURNZD,2014-02,1.64559,-1.392
EURNZD,2014-03,1.58653,-3.589
EURNZD,2014-04,1.61179,1.592
EURNZD,2014-05,1.60769,-0.254
EURNZD,2014-06,1.56359,-2.743
EURNZD,2014-07,1.57726,0.875
EURNZD,2014-08,1.57160,-0.359
EURNZD,2014-09,1.62142,3.170
EURNZD,2014-10,1.61045,-0.676
EURNZD,2014-11,1.58644,-1.491
EURNZD,2014-12,1.55215,-2.161
EURNZD,2015-01,1.55775,0.361
EURNZD,2015-02,1.48169,-4.883
EURNZD,2015-03,1.43502,-3.150
EURNZD,2015-04,1.47036,2.463
EURNZD,2015-05,1.54606,5.148
EURNZD,2015-06,1.64573,6.447
EURNZD,2015-07,1.66453,1.142
EURNZD,2015-08,1.76324,5.930
EURNZD,2015-09,1.74674,-0.936
EURNZD,2015-10,1.63207,-6.565
EURNZD,2015-11,1.60657,-1.562
EURNZD,2015-12,1.58714,-1.209
EURNZD,2016-01,1.67439,5.497
EURNZD,2016-02,1.64645,-1.669
EURNZD,2016-03,1.64442,-0.123
EURNZD,2016-04,1.63822,-0.377
EURNZD,2016-05,1.64492,0.409
EURNZD,2016-06,1.54937,-5.809
EURNZD,2016-07,1.54769,-0.108
EURNZD,2016-08,1.53589,-0.762
EURNZD,2016-09,1.54158,0.371
EURNZD,2016-10,1.53190,-0.628
EURNZD,2016-11,1.49376,-2.490
EURNZD,2016-12,1.51651,1.523
EURNZD,2017-01,1.47280,-2.883
EURNZD,2017-02,1.46878,-0.273
EURNZD,2017-03,1.52803,4.034
EURNZD,2017-04,1.58808,3.930
EURNZD,2017-05,1.58258,-0.346
EURNZD,2017-06,1.55848,-1.523
EURNZD,2017-07,1.57616,1.134
EURNZD,2017-08,1.65878,5.242
EURNZD,2017-09,1.63509,-1.428
EURNZD,2017-10,1.70052,4.002
EURNZD,2017-11,1.73694,2.142
EURNZD,2017-12,1.69332,-2.512
EURNZD,2018-01,1.68593,-0.436
EURNZD,2018-02,1.68971,0.224
EURNZD,2018-03,1.70186,0.719
EURNZD,2018-04,1.71432,0.732
EURNZD,2018-05,1.66624,-2.805
EURNZD,2018-06,1.72408,3.471
EURNZD,2018-07,1.71837,-0.331
EURNZD,2018-08,1.75313,2.023
EURNZD,2018-09,1.75174,-0.079
EURNZD,2018-10,1.73530,-0.939
EURNZD,2018-11,1.64572,-5.162
EURNZD,2018-12,1.70707,3.728
EURNZD,2019-01,1.65445,-3.082
EURNZD,2019-02,1.67148,1.030
EURNZD,2019-03,1.64642,-1.500
EURNZD,2019-04,1.67932,1.999
EURNZD,2019-05,1.70877,1.754
EURNZD,2019-06,1.69484,-0.816
EURNZD,2019-07,1.68681,-0.473
EURNZD,2019-08,1.74462,3.427
EURNZD,2019-09,1.74144,-0.182
EURNZD,2019-10,1.73910,-0.135
EURNZD,2019-11,1.71669,-1.288
EURNZD,2019-12,1.66453,-3.038
EURNZD,2020-01,1.71387,2.964
EURNZD,2020-02,1.76524,2.997
EURNZD,2020-03,1.84853,4.719
EURNZD,2020-04,1.77783,-3.825
EURNZD,2020-05,1.79529,0.982
EURNZD,2020-06,1.74323,-2.900
EURNZD,2020-07,1.77929,2.069
EURNZD,2020-08,1.76960,-0.545
EURNZD,2020-09,1.77409,0.254
EURNZD,2020-10,1.76205,-0.678
EURNZD,2020-11,1.70263,-3.373
EURNZD,2020-12,1.69989,-0.161
EURNZD,2021-01,1.68535,-0.855
EURNZD,2021-02,1.66828,-1.013
EURNZD,2021-03,1.68013,0.710
EURNZD,2021-04,1.67797,-0.128
EURNZD,2021-05,1.68138,0.203
EURNZD,2021-06,1.69799,0.988
EURNZD,2021-07,1.69925,0.075
EURNZD,2021-08,1.67563,-1.390
EURNZD,2021-09,1.67805,0.144
EURNZD,2021-10,1.61372,-3.833
EURNZD,2021-11,1.66106,2.933
EURNZD,2021-12,1.65501,-0.364
EURNZD,2022-01,1.70423,2.974
EURNZD,2022-02,1.65698,-2.773
EURNZD,2022-03,1.59700,-3.619
EURNZD,2022-04,1.62719,1.890
EURNZD,2022-05,1.64578,1.143
EURNZD,2022-06,1.67640,1.861
EURNZD,2022-07,1.62477,-3.080
EURNZD,2022-08,1.64036,0.960
EURNZD,2022-09,1.73391,5.703
EURNZD,2022-10,1.70146,-1.871
EURNZD,2022-11,1.65593,-2.676
EURNZD,2022-12,1.68678,1.863
EURNZD,2023-01,1.67926,-0.446
EURNZD,2023-02,1.71173,1.933
EURNZD,2023-03,1.73364,1.280
EURNZD,2023-04,1.78439,2.927
EURNZD,2023-05,1.77722,-0.402
EURNZD,2023-06,1.78041,0.179
EURNZD,2023-07,1.77177,-0.486
EURNZD,2023-08,1.82224,2.849
EURNZD,2023-09,1.76027,-3.401
EURNZD,2023-10,1.81697,3.221
EURNZD,2023-11,1.76898,-2.641
EURNZD,2023-12,1.74480,-1.367
EURNZD,2024-01,1.76596,1.213
EURNZD,2024-02,1.77402,0.457
EURNZD,2024-03,1.80242,1.601
EURNZD,2024-04,1.80716,0.263
EURNZD,2024-05,1.76735,-2.203
EURNZD,2024-06,1.75707,-0.582
EURNZD,2024-07,1.81981,3.570
EURNZD,2024-08,1.77184,-2.636
EURNZD,2024-09,1.75148,-1.149
EURNZD,2024-10,1.82414,4.149
EURNZD,2024-11,1.78378,-2.213
EURNZD,2024-12,1.84970,3.696
EURNZD,2025-01,1.83495,-0.798
EURNZD,2025-02,1.85677,1.189
EURNZD,2025-03,1.90532,2.615
EURNZD,2025-04,1.91295,0.400
EURNZD,2025-05,1.90003,-0.675
EURNZD,2025-06,1.93209,1.687
EURNZD,2025-07,1.93941,0.379
EURNZD,2025-08,1.98176,2.183
EURNZD,2025-09,2.02347,2.105
EURNZD,2025-10,2.01477,-0.430
EURNZD,2025-11,2.02192,0.355
EURNZD,2025-12,2.03920,0.854
EURNZD,2026-01,1.96506,-3.636
EURNZD,2026-02,1.97033,0.268
EURNZD,2026-03,2.01716,2.377
EURNZD,2026-04,1.99062,-1.316
EURNZD,2026-05,1.94919,-2.081
EURNZD,2026-06,2.01142,3.192
EURNZD,2026-07,1.95945,-2.584
EURNZD,2026-08,1.96329,0.196
EURNZD,2026-09,2.01163,2.462
EURUSD,2009-02,1.26614,-1.114
EURUSD,2009-03,1.32608,4.734
EURUSD,2009-04,1.32433,-0.132
EURUSD,2009-05,1.41263,6.668
EURUSD,2009-06,1.40193,-0.757
EURUSD,2009-07,1.42796,1.856
EURUSD,2009-08,1.43534,0.517
EURUSD,2009-09,1.46306,1.931
EURUSD,2009-10,1.47558,0.856
EURUSD,2009-11,1.49948,1.619
EURUSD,2009-12,1.43328,-4.415
EURUSD,2010-01,1.38696,-3.232
EURUSD,2010-02,1.36593,-1.516
EURUSD,2010-03,1.35263,-0.974
EURUSD,2010-04,1.33014,-1.663
EURUSD,2010-05,1.23686,-7.013
EURUSD,2010-06,1.22911,-0.627
EURUSD,2010-07,1.30685,6.325
EURUSD,2010-08,1.27033,-2.795
EURUSD,2010-09,1.36017,7.073
EURUSD,2010-10,1.38947,2.154
EURUSD,2010-11,1.30361,-6.179
EURUSD,2010-12,1.32696,1.791
EURUSD,2011-01,1.37155,3.360
EURUSD,2011-02,1.37931,0.566
EURUSD,2011-03,1.41824,2.822
EURUSD,2011-04,1.48214,4.506
EURUSD,2011-05,1.43761,-3.005
EURUSD,2011-06,1.45222,1.017
EURUSD,2011-07,1.43885,-0.921
EURUSD,2011-08,1.44051,0.115
EURUSD,2011-09,1.34499,-6.631
EURUSD,2011-10,1.39470,3.696
EURUSD,2011-11,1.34535,-3.538
EURUSD,2011-12,1.29735,-3.568
EURUSD,2012-01,1.30531,0.613
EURUSD,2012-02,1.33583,2.338
EURUSD,2012-03,1.33333,-0.187
EURUSD,2012-04,1.32293,-0.781
EURUSD,2012-05,1.23640,-6.541
EURUSD,2012-06,1.26678,2.458
EURUSD,2012-07,1.23153,-2.783
EURUSD,2012-08,1.25786,2.138
EURUSD,2012-09,1.28568,2.211
EURUSD,2012-10,1.29584,0.790
EURUSD,2012-11,1.30107,0.403
EURUSD,2012-12,1.31857,1.345
EURUSD,2013-01,1.35833,3.015
EURUSD,2013-02,1.30787,-3.714
EURUSD,2013-03,1.28156,-2.012
EURUSD,2013-04,1.31683,2.752
EURUSD,2013-05,1.29887,-1.364
EURUSD,2013-06,1.30107,0.169
EURUSD,2013-07,1.32820,2.085
EURUSD,2013-08,1.31961,-0.647
EURUSD,2013-09,1.35355,2.572
EURUSD,2013-10,1.35943,0.435
EURUSD,2013-11,1.36054,0.082
EURUSD,2013-12,1.37798,1.282
EURUSD,2014-01,1.35007,-2.025
EURUSD,2014-02,1.38064,2.264
EURUSD,2014-03,1.37779,-0.207
EURUSD,2014-04,1.38696,0.666
EURUSD,2014-05,1.36407,-1.651
EURUSD,2014-06,1.36893,0.356
EURUSD,2014-07,1.33905,-2.183
EURUSD,2014-08,1.31492,-1.801
EURUSD,2014-09,1.26279,-3.965
EURUSD,2014-10,1.25298,-0.777
EURUSD,2014-11,1.24378,-0.734
EURUSD,2014-12,1.21007,-2.711
EURUSD,2015-01,1.12905,-6.695
EURUSD,2015-02,1.11970,-0.829
EURUSD,2015-03,1.07411,-4.071
EURUSD,2015-04,1.11620,3.918
EURUSD,2015-05,1.09938,-1.506
EURUSD,2015-06,1.11545,1.461
EURUSD,2015-07,1.10278,-1.136
EURUSD,2015-08,1.11944,1.511
EURUSD,2015-09,1.11620,-0.290
EURUSD,2015-10,1.10424,-1.071
EURUSD,2015-11,1.05619,-4.351
EURUSD,2015-12,1.08589,2.812
EURUSD,2016-01,1.08319,-0.249
EURUSD,2016-02,1.08684,0.337
EURUSD,2016-03,1.13895,4.795
EURUSD,2016-04,1.14416,0.458
EURUSD,2016-05,1.11346,-2.683
EURUSD,2016-06,1.10314,-0.927
EURUSD,2016-07,1.11682,1.240
EURUSD,2016-08,1.11458,-0.201
EURUSD,2016-09,1.12385,0.832
EURUSD,2016-10,1.09625,-2.456
EURUSD,2016-11,1.05775,-3.512
EURUSD,2016-12,1.05519,-0.243
EURUSD,2017-01,1.07945,2.299
EURUSD,2017-02,1.06180,-1.635
EURUSD,2017-03,1.06975,0.749
EURUSD,2017-04,1.08944,1.841
EURUSD,2017-05,1.12360,3.135
EURUSD,2017-06,1.14116,1.563
EURUSD,2017-07,1.18259,3.631
EURUSD,2017-08,1.18934,0.571
EURUSD,2017-09,1.18133,-0.673
EURUSD,2017-10,1.16482,-1.398
EURUSD,2017-11,1.18977,2.142
EURUSD,2017-12,1.20221,1.046
EURUSD,2018-01,1.24285,3.381
EURUSD,2018-02,1.22115,-1.746
EURUSD,2018-03,1.23198,0.887
EURUSD,2018-04,1.20744,-1.992
EURUSD,2018-05,1.16700,-3.349
EURUSD,2018-06,1.16768,0.058
EURUSD,2018-07,1.17055,0.246
EURUSD,2018-08,1.15955,-0.939
EURUSD,2018-09,1.16225,0.232
EURUSD,2018-10,1.13314,-2.504
EURUSD,2018-11,1.13225,-0.079
EURUSD,2018-12,1.14561,1.180
EURUSD,2019-01,1.14534,-0.023
EURUSD,2019-02,1.13792,-0.649
EURUSD,2019-03,1.12284,-1.325
EURUSD,2019-04,1.12007,-0.246
EURUSD,2019-05,1.11495,-0.457
EURUSD,2019-06,1.13740,2.013
EURUSD,2019-07,1.11297,-2.148
EURUSD,2019-08,1.09890,-1.264
EURUSD,2019-09,1.09051,-0.763
EURUSD,2019-10,1.11545,2.287
EURUSD,2019-11,1.10193,-1.212
EURUSD,2019-12,1.12271,1.886
EURUSD,2020-01,1.10816,-1.297
EURUSD,2020-02,1.10011,-0.726
EURUSD,2020-03,1.10156,0.132
EURUSD,2020-04,1.09337,-0.743
EURUSD,2020-05,1.11074,1.588
EURUSD,2020-06,1.12372,1.169
EURUSD,2020-07,1.18217,5.202
EURUSD,2020-08,1.19503,1.087
EURUSD,2020-09,1.17233,-1.899
EURUSD,2020-10,1.16469,-0.652
EURUSD,2020-11,1.19474,2.581
EURUSD,2020-12,1.22294,2.360
EURUSD,2021-01,1.21344,-0.777
EURUSD,2021-02,1.20934,-0.339
EURUSD,2021-03,1.17426,-2.900
EURUSD,2021-04,1.20294,2.442
EURUSD,2021-05,1.21936,1.366
EURUSD,2021-06,1.18483,-2.832
EURUSD,2021-07,1.18638,0.131
EURUSD,2021-08,1.17994,-0.543
EURUSD,2021-09,1.15768,-1.887
EURUSD,2021-10,1.15513,-0.219
EURUSD,2021-11,1.12867,-2.291
EURUSD,2021-12,1.13186,0.283
EURUSD,2022-01,1.12120,-0.942
EURUSD,2022-02,1.12246,0.112
EURUSD,2022-03,1.10926,-1.176
EURUSD,2022-04,1.05374,-5.005
EURUSD,2022-05,1.07308,1.835
EURUSD,2022-06,1.04690,-2.439
EURUSD,2022-07,1.02020,-2.550
EURUSD,2022-08,1.00654,-1.339
EURUSD,2022-09,0.97828,-2.808
EURUSD,2022-10,0.98853,1.048
EURUSD,2022-11,1.03231,4.429
EURUSD,2022-12,1.06975,3.626
EURUSD,2023-01,1.08578,1.498
EURUSD,2023-02,1.06022,-2.354
EURUSD,2023-03,1.08719,2.544
EURUSD,2023-04,1.10400,1.546
EURUSD,2023-05,1.06542,-3.495
EURUSD,2023-06,1.09194,2.490
EURUSD,2023-07,1.10205,0.926
EURUSD,2023-08,1.08389,-1.648
EURUSD,2023-09,1.05843,-2.350
EURUSD,2023-10,1.05675,-0.159
EURUSD,2023-11,1.09075,3.218
EURUSD,2023-12,1.10619,1.416
EURUSD,2024-01,1.08554,-1.867
EURUSD,2024-02,1.08073,-0.443
EURUSD,2024-03,1.07910,-0.151
EURUSD,2024-04,1.06838,-0.994
EURUSD,2024-05,1.08460,1.518
EURUSD,2024-06,1.07112,-1.243
EURUSD,2024-07,1.08225,1.039
EURUSD,2024-08,1.10595,2.190
EURUSD,2024-09,1.11445,0.769
EURUSD,2024-10,1.08554,-2.594
EURUSD,2024-11,1.05474,-2.837
EURUSD,2024-12,1.03509,-1.863
EURUSD,2025-01,1.04004,0.478
EURUSD,2025-02,1.04015,0.010
EURUSD,2025-03,1.07956,3.789
EURUSD,2025-04,1.13494,5.130
EURUSD,2025-05,1.13469,-0.023
EURUSD,2025-06,1.17702,3.731
EURUSD,2025-07,1.14312,-2.881
EURUSD,2025-08,1.16945,2.304
EURUSD,2025-09,1.17343,0.340
EURUSD,2025-10,1.15407,-1.650
EURUSD,2025-11,1.15996,0.510
EURUSD,2025-12,1.17357,1.174
EURUSD,2026-01,1.18850,1.272
EURUSD,2026-02,1.18217,-0.532
EURUSD,2026-03,1.15181,-2.569
EURUSD,2026-04,1.17288,1.830
EURUSD,2026-05,1.16795,-0.420
EURUSD,2026-06,1.14168,-2.249
EURUSD,2026-07,1.15194,0.899
EURUSD,2026-08,1.16171,0.848
EURUSD,2026-09,1.13999,-1.870
GBPAUD,2009-02,2.22398,-1.557
GBPAUD,2009-03,2.06492,-7.152
GBPAUD,2009-04,2.02264,-2.047
GBPAUD,2009-05,2.02182,-0.041
GBPAUD,2009-06,2.04261,1.029
GBPAUD,2009-07,2.00435,-1.873
GBPAUD,2009-08,1.93312,-3.554
GBPAUD,2009-09,1.81386,-6.169
GBPAUD,2009-10,1.82334,0.522
GBPAUD,2009-11,1.79472,-1.570
GBPAUD,2009-12,1.80065,0.330
GBPAUD,2010-01,1.80435,0.206
GBPAUD,2010-02,1.70055,-5.753
GBPAUD,2010-03,1.65619,-2.609
GBPAUD,2010-04,1.64488,-0.683
GBPAUD,2010-05,1.70681,3.765
GBPAUD,2010-06,1.76263,3.270
GBPAUD,2010-07,1.73617,-1.501
GBPAUD,2010-08,1.72370,-0.718
GBPAUD,2010-09,1.63174,-5.335
GBPAUD,2010-10,1.63505,0.203
GBPAUD,2010-11,1.62159,-0.823
GBPAUD,2010-12,1.52055,-6.231
GBPAUD,2011-01,1.60796,5.748
GBPAUD,2011-02,1.59691,-0.687
GBPAUD,2011-03,1.54935,-2.978
GBPAUD,2011-04,1.52612,-1.499
GBPAUD,2011-05,1.54217,1.051
GBPAUD,2011-06,1.49711,-2.922
GBPAUD,2011-07,1.49580,-0.087
GBPAUD,2011-08,1.52009,1.624
GBPAUD,2011-09,1.60359,5.493
GBPAUD,2011-10,1.52139,-5.126
GBPAUD,2011-11,1.53322,0.778
GBPAUD,2011-12,1.51569,-1.143
GBPAUD,2012-01,1.48645,-1.929
GBPAUD,2012-02,1.48014,-0.425
GBPAUD,2012-03,1.54188,4.171
GBPAUD,2012-04,1.55866,1.088
GBPAUD,2012-05,1.58650,1.787
GBPAUD,2012-06,1.53239,-3.411
GBPAUD,2012-07,1.49082,-2.713
GBPAUD,2012-08,1.53506,2.967
GBPAUD,2012-09,1.55283,1.158
GBPAUD,2012-10,1.55357,0.047
GBPAUD,2012-11,1.53695,-1.070
GBPAUD,2012-12,1.56481,1.813
GBPAUD,2013-01,1.51974,-2.880
GBPAUD,2013-02,1.48359,-2.379
GBPAUD,2013-03,1.45959,-1.618
GBPAUD,2013-04,1.49821,2.646
GBPAUD,2013-05,1.58056,5.496
GBPAUD,2013-06,1.65947,4.992
GBPAUD,2013-07,1.69434,2.101
GBPAUD,2013-08,1.73782,2.566
GBPAUD,2013-09,1.73176,-0.349
GBPAUD,2013-10,1.69650,-2.036
GBPAUD,2013-11,1.79420,5.759
GBPAUD,2013-12,1.85598,3.443
GBPAUD,2014-01,1.88156,1.378
GBPAUD,2014-02,1.87504,-0.346
GBPAUD,2014-03,1.79790,-4.114
GBPAUD,2014-04,1.81901,1.174
GBPAUD,2014-05,1.80302,-0.879
GBPAUD,2014-06,1.81457,0.641
GBPAUD,2014-07,1.81591,0.074
GBPAUD,2014-08,1.77479,-2.264
GBPAUD,2014-09,1.85661,4.610
GBPAUD,2014-10,1.82000,-1.972
GBPAUD,2014-11,1.83456,0.800
GBPAUD,2014-12,1.90606,3.897
GBPAUD,2015-01,1.93584,1.562
GBPAUD,2015-02,1.97684,2.118
GBPAUD,2015-03,1.94758,-1.480
GBPAUD,2015-04,1.94834,0.039
GBPAUD,2015-05,1.99587,2.439
GBPAUD,2015-06,2.04152,2.287
GBPAUD,2015-07,2.13243,4.453
GBPAUD,2015-08,2.16393,1.477
GBPAUD,2015-09,2.15311,-0.500
GBPAUD,2015-10,2.16510,0.557
GBPAUD,2015-11,2.07943,-3.957
GBPAUD,2015-12,2.02374,-2.678
GBPAUD,2016-01,2.00596,-0.879
GBPAUD,2016-02,1.94708,-2.935
GBPAUD,2016-03,1.87317,-3.796
GBPAUD,2016-04,1.92118,2.563
GBPAUD,2016-05,2.00639,4.436
GBPAUD,2016-06,1.78165,-11.202
GBPAUD,2016-07,1.74628,-1.985
GBPAUD,2016-08,1.74609,-0.011
GBPAUD,2016-09,1.69764,-2.775
GBPAUD,2016-10,1.60447,-5.488
GBPAUD,2016-11,1.68959,5.305
GBPAUD,2016-12,1.70627,0.987
GBPAUD,2017-01,1.65983,-2.722
GBPAUD,2017-02,1.61688,-2.588
GBPAUD,2017-03,1.64142,1.518
GBPAUD,2017-04,1.73088,5.450
GBPAUD,2017-05,1.73519,0.249
GBPAUD,2017-06,1.69305,-2.429
GBPAUD,2017-07,1.65202,-2.423
GBPAUD,2017-08,1.62482,-1.646
GBPAUD,2017-09,1.70933,5.201
GBPAUD,2017-10,1.73187,1.319
GBPAUD,2017-11,1.78377,2.996
GBPAUD,2017-12,1.73106,-2.955
GBPAUD,2018-01,1.75862,1.592
GBPAUD,2018-02,1.76814,0.541
GBPAUD,2018-03,1.82410,3.165
GBPAUD,2018-04,1.82302,-0.059
GBPAUD,2018-05,1.75548,-3.705
GBPAUD,2018-06,1.78369,1.607
GBPAUD,2018-07,1.76454,-1.074
GBPAUD,2018-08,1.80244,2.148
GBPAUD,2018-09,1.80342,0.055
GBPAUD,2018-10,1.80243,-0.055
GBPAUD,2018-11,1.74687,-3.082
GBPAUD,2018-12,1.81136,3.692
GBPAUD,2019-01,1.80376,-0.420
GBPAUD,2019-02,1.86966,3.654
GBPAUD,2019-03,1.83461,-1.874
GBPAUD,2019-04,1.85081,0.883
GBPAUD,2019-05,1.82105,-1.608
GBPAUD,2019-06,1.81237,-0.476
GBPAUD,2019-07,1.77417,-2.108
GBPAUD,2019-08,1.80766,1.888
GBPAUD,2019-09,1.82404,0.906
GBPAUD,2019-10,1.87838,2.979
GBPAUD,2019-11,1.91344,1.867
GBPAUD,2019-12,1.88761,-1.350
GBPAUD,2020-01,1.96965,4.347
GBPAUD,2020-02,1.96729,-0.120
GBPAUD,2020-03,2.02852,3.112
GBPAUD,2020-04,1.93195,-4.761
GBPAUD,2020-05,1.85487,-3.989
GBPAUD,2020-06,1.79431,-3.265
GBPAUD,2020-07,1.83452,2.241
GBPAUD,2020-08,1.81022,-1.324
GBPAUD,2020-09,1.80463,-0.309
GBPAUD,2020-10,1.84157,2.047
GBPAUD,2020-11,1.81459,-1.465
GBPAUD,2020-12,1.77213,-2.340
GBPAUD,2021-01,1.79127,1.080
GBPAUD,2021-02,1.80656,0.853
GBPAUD,2021-03,1.81197,0.300
GBPAUD,2021-04,1.79352,-1.018
GBPAUD,2021-05,1.84123,2.660
GBPAUD,2021-06,1.84178,0.030
GBPAUD,2021-07,1.89260,2.759
GBPAUD,2021-08,1.88150,-0.587
GBPAUD,2021-09,1.86355,-0.954
GBPAUD,2021-10,1.82236,-2.210
GBPAUD,2021-11,1.86960,2.592
GBPAUD,2021-12,1.85959,-0.535
GBPAUD,2022-01,1.90243,2.304
GBPAUD,2022-02,1.84809,-2.856
GBPAUD,2022-03,1.75391,-5.096
GBPAUD,2022-04,1.76944,0.885
GBPAUD,2022-05,1.75634,-0.740
GBPAUD,2022-06,1.76137,0.286
GBPAUD,2022-07,1.74415,-0.978
GBPAUD,2022-08,1.69637,-2.740
GBPAUD,2022-09,1.72976,1.969
GBPAUD,2022-10,1.80101,4.119
GBPAUD,2022-11,1.78086,-1.119
GBPAUD,2022-12,1.77476,-0.343
GBPAUD,2023-01,1.74809,-1.503
GBPAUD,2023-02,1.79320,2.581
GBPAUD,2023-03,1.84490,2.883
GBPAUD,2023-04,1.90148,3.067
GBPAUD,2023-05,1.91509,0.715
GBPAUD,2023-06,1.90747,-0.398
GBPAUD,2023-07,1.91039,0.153
GBPAUD,2023-08,1.95833,2.509
GBPAUD,2023-09,1.89337,-3.317
GBPAUD,2023-10,1.91639,1.216
GBPAUD,2023-11,1.91114,-0.274
GBPAUD,2023-12,1.86645,-2.338
GBPAUD,2024-01,1.92921,3.363
GBPAUD,2024-02,1.94265,0.697
GBPAUD,2024-03,1.93707,-0.287
GBPAUD,2024-04,1.92817,-0.459
GBPAUD,2024-05,1.91823,-0.516
GBPAUD,2024-06,1.89319,-1.305
GBPAUD,2024-07,1.96482,3.784
GBPAUD,2024-08,1.94117,-1.204
GBPAUD,2024-09,1.93247,-0.448
GBPAUD,2024-10,1.96284,1.572
GBPAUD,2024-11,1.94971,-0.669
GBPAUD,2024-12,2.02429,3.825
GBPAUD,2025-01,1.99415,-1.489
GBPAUD,2025-02,2.02720,1.657
GBPAUD,2025-03,2.06809,2.017
GBPAUD,2025-04,2.08527,0.830
GBPAUD,2025-05,2.09320,0.380
GBPAUD,2025-06,2.08754,-0.270
GBPAUD,2025-07,2.05605,-1.508
GBPAUD,2025-08,2.06445,0.408
GBPAUD,2025-09,2.03240,-1.553
GBPAUD,2025-10,2.00749,-1.225
GBPAUD,2025-11,2.02079,0.662
GBPAUD,2025-12,2.01627,-0.223
GBPAUD,2026-01,1.96266,-2.659
GBPAUD,2026-02,1.88953,-3.726
GBPAUD,2026-03,1.92327,1.786
GBPAUD,2026-04,1.89028,-1.715
GBPAUD,2026-05,1.87387,-0.868
GBPAUD,2026-06,1.91740,2.323
GBPAUD,2026-07,1.91716,-0.012
GBPAUD,2026-08,1.89092,-1.369
GBPAUD,2026-09,1.88406,-0.363
GBPCAD,2009-02,1.81442,1.807
GBPCAD,2009-03,1.80266,-0.648
GBPCAD,2009-04,1.76691,-1.983
GBPCAD,2009-05,1.77069,0.214
GBPCAD,2009-06,1.91280,8.026
GBPCAD,2009-07,1.80361,-5.708
GBPCAD,2009-08,1.78907,-0.806
GBPCAD,2009-09,1.71559,-4.107
GBPCAD,2009-10,1.77439,3.427
GBPCAD,2009-11,1.73449,-2.249
GBPCAD,2009-12,1.69135,-2.487
GBPCAD,2010-01,1.70541,0.831
GBPCAD,2010-02,1.60317,-5.995
GBPCAD,2010-03,1.54229,-3.797
GBPCAD,2010-04,1.54783,0.359
GBPCAD,2010-05,1.52130,-1.714
GBPCAD,2010-06,1.58535,4.210
GBPCAD,2010-07,1.61738,2.020
GBPCAD,2010-08,1.63416,1.037
GBPCAD,2010-09,1.61916,-0.918
GBPCAD,2010-10,1.63201,0.794
GBPCAD,2010-11,1.59931,-2.003
GBPCAD,2010-12,1.54056,-3.674
GBPCAD,2011-01,1.60731,4.333
GBPCAD,2011-02,1.58197,-1.577
GBPCAD,2011-03,1.55946,-1.423
GBPCAD,2011-04,1.58338,1.533
GBPCAD,2011-05,1.59264,0.585
GBPCAD,2011-06,1.54916,-2.729
GBPCAD,2011-07,1.56969,1.325
GBPCAD,2011-08,1.59151,1.390
GBPCAD,2011-09,1.62328,1.996
GBPCAD,2011-10,1.60323,-1.235
GBPCAD,2011-11,1.60185,-0.086
GBPCAD,2011-12,1.57986,-1.373
GBPCAD,2012-01,1.58318,0.210
GBPCAD,2012-02,1.57378,-0.594
GBPCAD,2012-03,1.59687,1.467
GBPCAD,2012-04,1.60409,0.452
GBPCAD,2012-05,1.59436,-0.606
GBPCAD,2012-06,1.59843,0.255
GBPCAD,2012-07,1.57082,-1.727
GBPCAD,2012-08,1.56440,-0.409
GBPCAD,2012-09,1.58687,1.436
GBPCAD,2012-10,1.61012,1.465
GBPCAD,2012-11,1.59176,-1.140
GBPCAD,2012-12,1.61945,1.740
GBPCAD,2013-01,1.58427,-2.172
GBPCAD,2013-02,1.56275,-1.359
GBPCAD,2013-03,1.54573,-1.089
GBPCAD,2013-04,1.56519,1.259
GBPCAD,2013-05,1.56978,0.293
GBPCAD,2013-06,1.59894,1.857
GBPCAD,2013-07,1.56124,-2.358
GBPCAD,2013-08,1.63248,4.563
GBPCAD,2013-09,1.66381,1.919
GBPCAD,2013-10,1.67561,0.709
GBPCAD,2013-11,1.73494,3.541
GBPCAD,2013-12,1.76284,1.608
GBPCAD,2014-01,1.82859,3.730
GBPCAD,2014-02,1.85511,1.450
GBPCAD,2014-03,1.84309,-0.648
GBPCAD,2014-04,1.84974,0.361
GBPCAD,2014-05,1.82179,-1.511
GBPCAD,2014-06,1.82621,0.242
GBPCAD,2014-07,1.83905,0.703
GBPCAD,2014-08,1.80066,-2.087
GBPCAD,2014-09,1.81784,0.954
GBPCAD,2014-10,1.80352,-0.788
GBPCAD,2014-11,1.78671,-0.932
GBPCAD,2014-12,1.80729,1.152
GBPCAD,2015-01,1.91074,5.724
GBPCAD,2015-02,1.93083,1.051
GBPCAD,2015-03,1.88313,-2.471
GBPCAD,2015-04,1.85714,-1.380
GBPCAD,2015-05,1.90553,2.606
GBPCAD,2015-06,1.96178,2.952
GBPCAD,2015-07,2.03987,3.980
GBPCAD,2015-08,2.03149,-0.411
GBPCAD,2015-09,2.02479,-0.330
GBPCAD,2015-10,2.02039,-0.217
GBPCAD,2015-11,2.00572,-0.726
GBPCAD,2015-12,2.04055,1.737
GBPCAD,2016-01,1.99631,-2.168
GBPCAD,2016-02,1.88302,-5.675
GBPCAD,2016-03,1.86497,-0.959
GBPCAD,2016-04,1.83519,-1.597
GBPCAD,2016-05,1.90308,3.700
GBPCAD,2016-06,1.72272,-9.477
GBPCAD,2016-07,1.73036,0.443
GBPCAD,2016-08,1.72273,-0.441
GBPCAD,2016-09,1.70702,-0.912
GBPCAD,2016-10,1.63671,-4.119
GBPCAD,2016-11,1.67561,2.377
GBPCAD,2016-12,1.65630,-1.152
GBPCAD,2017-01,1.63982,-0.995
GBPCAD,2017-02,1.64620,0.389
GBPCAD,2017-03,1.67014,1.454
GBPCAD,2017-04,1.76853,5.892
GBPCAD,2017-05,1.74190,-1.506
GBPCAD,2017-06,1.68707,-3.148
GBPCAD,2017-07,1.64819,-2.304
GBPCAD,2017-08,1.61297,-2.137
GBPCAD,2017-09,1.67636,3.930
GBPCAD,2017-10,1.71235,2.147
GBPCAD,2017-11,1.74014,1.623
GBPCAD,2017-12,1.69332,-2.691
GBPCAD,2018-01,1.74443,3.019
GBPCAD,2018-02,1.76634,1.256
GBPCAD,2018-03,1.80825,2.372
GBPCAD,2018-04,1.76265,-2.522
GBPCAD,2018-05,1.72359,-2.216
GBPCAD,2018-06,1.73420,0.615
GBPCAD,2018-07,1.70849,-1.482
GBPCAD,2018-08,1.69458,-0.814
GBPCAD,2018-09,1.68672,-0.464
GBPCAD,2018-10,1.67783,-0.528
GBPCAD,2018-11,1.69630,1.101
GBPCAD,2018-12,1.74142,2.660
GBPCAD,2019-01,1.72600,-0.886
GBPCAD,2019-02,1.74754,1.249
GBPCAD,2019-03,1.74117,-0.365
GBPCAD,2019-04,1.74945,0.475
GBPCAD,2019-05,1.70659,-2.450
GBPCAD,2019-06,1.66298,-2.555
GBPCAD,2019-07,1.60613,-3.418
GBPCAD,2019-08,1.61679,0.663
GBPCAD,2019-09,1.62951,0.787
GBPCAD,2019-10,1.70061,4.363
GBPCAD,2019-11,1.71963,1.118
GBPCAD,2019-12,1.72001,0.022
GBPCAD,2020-01,1.74429,1.412
GBPCAD,2020-02,1.71365,-1.757
GBPCAD,2020-03,1.75878,2.634
GBPCAD,2020-04,1.75312,-0.322
GBPCAD,2020-05,1.70124,-2.959
GBPCAD,2020-06,1.68386,-1.022
GBPCAD,2020-07,1.75781,4.392
GBPCAD,2020-08,1.74321,-0.831
GBPCAD,2020-09,1.72154,-1.243
GBPCAD,2020-10,1.72426,0.158
GBPCAD,2020-11,1.73163,0.427
GBPCAD,2020-12,1.74221,0.611
GBPCAD,2021-01,1.75326,0.634
GBPCAD,2021-02,1.77099,1.011
GBPCAD,2021-03,1.73417,-2.079
GBPCAD,2021-04,1.70094,-1.916
GBPCAD,2021-05,1.71495,0.824
GBPCAD,2021-06,1.71255,-0.140
GBPCAD,2021-07,1.73428,1.269
GBPCAD,2021-08,1.73618,0.110
GBPCAD,2021-09,1.70703,-1.679
GBPCAD,2021-10,1.69659,-0.612
GBPCAD,2021-11,1.69785,0.074
GBPCAD,2021-12,1.72499,1.598
GBPCAD,2022-01,1.70595,-1.104
GBPCAD,2022-02,1.69914,-0.399
GBPCAD,2022-03,1.64172,-3.379
GBPCAD,2022-04,1.60849,-2.024
GBPCAD,2022-05,1.59563,-0.800
GBPCAD,2022-06,1.56543,-1.893
GBPCAD,2022-07,1.55958,-0.374
GBPCAD,2022-08,1.52469,-2.237
GBPCAD,2022-09,1.53123,0.429
GBPCAD,2022-10,1.57059,2.570
GBPCAD,2022-11,1.61938,3.106
GBPCAD,2022-12,1.63430,0.921
GBPCAD,2023-01,1.64321,0.545
GBPCAD,2023-02,1.64663,0.208
GBPCAD,2023-03,1.67285,1.592
GBPCAD,2023-04,1.70508,1.927
GBPCAD,2023-05,1.68439,-1.213
GBPCAD,2023-06,1.68175,-0.157
GBPCAD,2023-07,1.69195,0.607
GBPCAD,2023-08,1.71488,1.355
GBPCAD,2023-09,1.65323,-3.595
GBPCAD,2023-10,1.68402,1.862
GBPCAD,2023-11,1.71748,1.987
GBPCAD,2023-12,1.68243,-2.041
GBPCAD,2024-01,1.70410,1.288
GBPCAD,2024-02,1.71400,0.581
GBPCAD,2024-03,1.71111,-0.169
GBPCAD,2024-04,1.72044,0.545
GBPCAD,2024-05,1.73812,1.028
GBPCAD,2024-06,1.72974,-0.482
GBPCAD,2024-07,1.77273,2.485
GBPCAD,2024-08,1.77190,-0.047
GBPCAD,2024-09,1.81040,2.173
GBPCAD,2024-10,1.79211,-1.010
GBPCAD,2024-11,1.77956,-0.700
GBPCAD,2024-12,1.80293,1.313
GBPCAD,2025-01,1.79973,-0.178
GBPCAD,2025-02,1.81730,0.976
GBPCAD,2025-03,1.85440,2.041
GBPCAD,2025-04,1.84241,-0.647
GBPCAD,2025-05,1.85145,0.491
GBPCAD,2025-06,1.86883,0.939
GBPCAD,2025-07,1.83038,-2.057
GBPCAD,2025-08,1.85461,1.324
GBPCAD,2025-09,1.87216,0.946
GBPCAD,2025-10,1.84100,-1.664
GBPCAD,2025-11,1.85013,0.496
GBPCAD,2025-12,1.84375,-0.344
GBPCAD,2026-01,1.86120,0.946
GBPCAD,2026-02,1.83423,-1.449
GBPCAD,2026-03,1.83955,0.290
GBPCAD,2026-04,1.84832,0.476
GBPCAD,2026-05,1.85743,0.493
GBPCAD,2026-06,1.88345,1.401
GBPCAD,2026-07,1.88955,0.324
GBPCAD,2026-08,1.87832,-0.594
GBPCAD,2026-09,1.87359,-0.252
GBPCHF,2009-02,1.66624,-0.445
GBPCHF,2009-03,1.62949,-2.206
GBPCHF,2009-04,1.68744,3.556
GBPCHF,2009-05,1.72786,2.396
GBPCHF,2009-06,1.78792,3.476
GBPCHF,2009-07,1.78305,-0.272
GBPCHF,2009-08,1.72414,-3.304
GBPCHF,2009-09,1.66053,-3.689
GBPCHF,2009-10,1.68721,1.607
GBPCHF,2009-11,1.64916,-2.255
GBPCHF,2009-12,1.67470,1.548
GBPCHF,2010-01,1.69020,0.926
GBPCHF,2010-02,1.63228,-3.427
GBPCHF,2010-03,1.59879,-2.052
GBPCHF,2010-04,1.64809,3.084
GBPCHF,2010-05,1.67159,1.426
GBPCHF,2010-06,1.61046,-3.657
GBPCHF,2010-07,1.63576,1.571
GBPCHF,2010-08,1.55890,-4.699
GBPCHF,2010-09,1.54287,-1.029
GBPCHF,2010-10,1.57802,2.278
GBPCHF,2010-11,1.55554,-1.425
GBPCHF,2010-12,1.44205,-7.296
GBPCHF,2011-01,1.50818,4.586
GBPCHF,2011-02,1.51178,0.239
GBPCHF,2011-03,1.46959,-2.791
GBPCHF,2011-04,1.44650,-1.571
GBPCHF,2011-05,1.40145,-3.115
GBPCHF,2011-06,1.35170,-3.549
GBPCHF,2011-07,1.29686,-4.058
GBPCHF,2011-08,1.30763,0.831
GBPCHF,2011-09,1.41375,8.115
GBPCHF,2011-10,1.40533,-0.596
GBPCHF,2011-11,1.43019,1.769
GBPCHF,2011-12,1.45649,1.839
GBPCHF,2012-01,1.45243,-0.279
GBPCHF,2012-02,1.43930,-0.903
GBPCHF,2012-03,1.44277,0.241
GBPCHF,2012-04,1.47347,2.128
GBPCHF,2012-05,1.49638,1.555
GBPCHF,2012-06,1.48784,-0.570
GBPCHF,2012-07,1.52988,2.826
GBPCHF,2012-08,1.51428,-1.020
GBPCHF,2012-09,1.51637,0.138
GBPCHF,2012-10,1.50008,-1.074
GBPCHF,2012-11,1.48485,-1.015
GBPCHF,2012-12,1.48886,0.270
GBPCHF,2013-01,1.44173,-3.165
GBPCHF,2013-02,1.41841,-1.617
GBPCHF,2013-03,1.44181,1.650
GBPCHF,2013-04,1.44491,0.215
GBPCHF,2013-05,1.45528,0.717
GBPCHF,2013-06,1.43726,-1.238
GBPCHF,2013-07,1.40902,-1.965
GBPCHF,2013-08,1.44053,2.236
GBPCHF,2013-09,1.46271,1.540
GBPCHF,2013-10,1.45501,-0.526
GBPCHF,2013-11,1.48117,1.798
GBPCHF,2013-12,1.47564,-0.374
GBPCHF,2014-01,1.48906,0.910
GBPCHF,2014-02,1.47571,-0.896
GBPCHF,2014-03,1.47407,-0.111
GBPCHF,2014-04,1.48573,0.791
GBPCHF,2014-05,1.49941,0.921
GBPCHF,2014-06,1.51693,1.169
GBPCHF,2014-07,1.53454,1.160
GBPCHF,2014-08,1.52139,-0.857
GBPCHF,2014-09,1.54972,1.862
GBPCHF,2014-10,1.53968,-0.648
GBPCHF,2014-11,1.51024,-1.912
GBPCHF,2014-12,1.54759,2.473
GBPCHF,2015-01,1.38392,-10.576
GBPCHF,2015-02,1.46874,6.129
GBPCHF,2015-03,1.44223,-1.804
GBPCHF,2015-04,1.44237,0.009
GBPCHF,2015-05,1.43748,-0.339
GBPCHF,2015-06,1.46996,2.259
GBPCHF,2015-07,1.50657,2.490
GBPCHF,2015-08,1.48733,-1.277
GBPCHF,2015-09,1.47718,-0.682
GBPCHF,2015-10,1.52247,3.066
GBPCHF,2015-11,1.54686,1.602
GBPCHF,2015-12,1.47700,-4.517
GBPCHF,2016-01,1.45050,-1.794
GBPCHF,2016-02,1.38699,-4.378
GBPCHF,2016-03,1.37806,-0.644
GBPCHF,2016-04,1.40363,1.856
GBPCHF,2016-05,1.44348,2.839
GBPCHF,2016-06,1.29661,-10.174
GBPCHF,2016-07,1.28583,-0.832
GBPCHF,2016-08,1.29053,0.366
GBPCHF,2016-09,1.26175,-2.231
GBPCHF,2016-10,1.20772,-4.282
GBPCHF,2016-11,1.27147,5.279
GBPCHF,2016-12,1.25339,-1.422
GBPCHF,2017-01,1.24440,-0.717
GBPCHF,2017-02,1.24543,0.083
GBPCHF,2017-03,1.25351,0.649
GBPCHF,2017-04,1.28658,2.638
GBPCHF,2017-05,1.24971,-2.866
GBPCHF,2017-06,1.24574,-0.317
GBPCHF,2017-07,1.27342,2.222
GBPCHF,2017-08,1.23856,-2.738
GBPCHF,2017-09,1.29831,4.824
GBPCHF,2017-10,1.32377,1.961
GBPCHF,2017-11,1.32874,0.375
GBPCHF,2017-12,1.31737,-0.856
GBPCHF,2018-01,1.32269,0.404
GBPCHF,2018-02,1.30069,-1.663
GBPCHF,2018-03,1.33707,2.797
GBPCHF,2018-04,1.36290,1.931
GBPCHF,2018-05,1.30817,-4.015
GBPCHF,2018-06,1.30949,0.101
GBPCHF,2018-07,1.29873,-0.822
GBPCHF,2018-08,1.25719,-3.198
GBPCHF,2018-09,1.27372,1.315
GBPCHF,2018-10,1.28524,0.904
GBPCHF,2018-11,1.27548,-0.759
GBPCHF,2018-12,1.25488,-1.615
GBPCHF,2019-01,1.30540,4.026
GBPCHF,2019-02,1.32387,1.415
GBPCHF,2019-03,1.29832,-1.930
GBPCHF,2019-04,1.32899,2.362
GBPCHF,2019-05,1.26628,-4.719
GBPCHF,2019-06,1.23958,-2.108
GBPCHF,2019-07,1.21007,-2.381
GBPCHF,2019-08,1.20426,-0.480
GBPCHF,2019-09,1.22776,1.952
GBPCHF,2019-10,1.27675,3.990
GBPCHF,2019-11,1.29396,1.348
GBPCHF,2019-12,1.28410,-0.762
GBPCHF,2020-01,1.27260,-0.896
GBPCHF,2020-02,1.23575,-2.895
GBPCHF,2020-03,1.19888,-2.984
GBPCHF,2020-04,1.21853,1.639
GBPCHF,2020-05,1.18492,-2.758
GBPCHF,2020-06,1.17093,-1.180
GBPCHF,2020-07,1.19687,2.215
GBPCHF,2020-08,1.20530,0.704
GBPCHF,2020-09,1.18723,-1.499
GBPCHF,2020-10,1.18533,-0.160
GBPCHF,2020-11,1.20848,1.953
GBPCHF,2020-12,1.20779,-0.058
GBPCHF,2021-01,1.22204,1.180
GBPCHF,2021-02,1.26806,3.766
GBPCHF,2021-03,1.29921,2.457
GBPCHF,2021-04,1.26308,-2.781
GBPCHF,2021-05,1.27625,1.043
GBPCHF,2021-06,1.27751,0.099
GBPCHF,2021-07,1.26057,-1.326
GBPCHF,2021-08,1.25942,-0.092
GBPCHF,2021-09,1.25795,-0.117
GBPCHF,2021-10,1.25428,-0.292
GBPCHF,2021-11,1.22144,-2.618
GBPCHF,2021-12,1.23478,1.092
GBPCHF,2022-01,1.25024,1.252
GBPCHF,2022-02,1.23175,-1.479
GBPCHF,2022-03,1.21150,-1.644
GBPCHF,2022-04,1.22164,0.837
GBPCHF,2022-05,1.20818,-1.101
GBPCHF,2022-06,1.16152,-3.862
GBPCHF,2022-07,1.15899,-0.218
GBPCHF,2022-08,1.13534,-2.041
GBPCHF,2022-09,1.09620,-3.447
GBPCHF,2022-10,1.15223,5.111
GBPCHF,2022-11,1.13469,-1.523
GBPCHF,2022-12,1.11606,-1.642
GBPCHF,2023-01,1.13212,1.438
GBPCHF,2023-02,1.13387,0.155
GBPCHF,2023-03,1.12913,-0.419
GBPCHF,2023-04,1.12116,-0.705
GBPCHF,2023-05,1.13165,0.935
GBPCHF,2023-06,1.13714,0.485
GBPCHF,2023-07,1.11700,-1.771
GBPCHF,2023-08,1.11932,0.208
GBPCHF,2023-09,1.11653,-0.249
GBPCHF,2023-10,1.10423,-1.101
GBPCHF,2023-11,1.10289,-0.121
GBPCHF,2023-12,1.07111,-2.882
GBPCHF,2024-01,1.09333,2.074
GBPCHF,2024-02,1.11584,2.059
GBPCHF,2024-03,1.13926,2.099
GBPCHF,2024-04,1.14804,0.770
GBPCHF,2024-05,1.15068,0.230
GBPCHF,2024-06,1.13665,-1.220
GBPCHF,2024-07,1.12956,-0.623
GBPCHF,2024-08,1.11530,-1.262
GBPCHF,2024-09,1.13145,1.448
GBPCHF,2024-10,1.11185,-1.732
GBPCHF,2024-11,1.12025,0.755
GBPCHF,2024-12,1.13534,1.347
GBPCHF,2025-01,1.13119,-0.366
GBPCHF,2025-02,1.13561,0.390
GBPCHF,2025-03,1.14044,0.426
GBPCHF,2025-04,1.09781,-3.738
GBPCHF,2025-05,1.10828,0.954
GBPCHF,2025-06,1.08919,-1.723
GBPCHF,2025-07,1.07390,-1.403
GBPCHF,2025-08,1.08039,0.605
GBPCHF,2025-09,1.07084,-0.884
GBPCHF,2025-10,1.05480,-1.498
GBPCHF,2025-11,1.06395,0.868
GBPCHF,2025-12,1.06710,0.296
GBPCHF,2026-01,1.05848,-0.807
GBPCHF,2026-02,1.03418,-2.296
GBPCHF,2026-03,1.05827,2.330
GBPCHF,2026-04,1.06247,0.396
GBPCHF,2026-05,1.05255,-0.933
GBPCHF,2026-06,1.07160,1.809
GBPCHF,2026-07,1.08850,1.577
GBPCHF,2026-08,1.09553,0.646
GBPCHF,2026-09,1.09739,0.170
GBPJPY,2009-02,139.52891,7.765
GBPJPY,2009-03,141.78464,1.617
GBPJPY,2009-04,146.15954,3.086
GBPJPY,2009-05,154.41176,5.646
GBPJPY,2009-06,158.63771,2.737
GBPJPY,2009-07,158.01437,-0.393
GBPJPY,2009-08,151.41925,-4.174
GBPJPY,2009-09,143.22983,-5.408
GBPJPY,2009-10,149.14305,4.128
GBPJPY,2009-11,141.31933,-5.246
GBPJPY,2009-12,150.49313,6.492
GBPJPY,2010-01,144.70061,-3.849
GBPJPY,2010-02,135.38555,-6.437
GBPJPY,2010-03,141.83751,4.766
GBPJPY,2010-04,144.25226,1.702
GBPJPY,2010-05,131.60870,-8.765
GBPJPY,2010-06,132.27205,0.504
GBPJPY,2010-07,135.81081,2.675
GBPJPY,2010-08,129.16603,-4.893
GBPJPY,2010-09,131.39846,1.728
GBPJPY,2010-10,128.93303,-1.876
GBPJPY,2010-11,130.17604,0.964
GBPJPY,2010-12,125.70417,-3.435
GBPJPY,2011-01,131.48861,4.602
GBPJPY,2011-02,133.12754,1.246
GBPJPY,2011-03,132.81977,-0.231
GBPJPY,2011-04,135.72025,2.184
GBPJPY,2011-05,133.63472,-1.537
GBPJPY,2011-06,129.56298,-3.047
GBPJPY,2011-07,127.00346,-1.976
GBPJPY,2011-08,124.45095,-2.010
GBPJPY,2011-09,120.37500,-3.275
GBPJPY,2011-10,125.85956,4.556
GBPJPY,2011-11,121.84702,-3.188
GBPJPY,2011-12,119.60845,-1.837
GBPJPY,2012-01,120.25835,0.543
GBPJPY,2012-02,129.36673,7.574
GBPJPY,2012-03,131.72954,1.826
GBPJPY,2012-04,129.49862,-1.694
GBPJPY,2012-05,120.61316,-6.861
GBPJPY,2012-06,125.19216,3.796
GBPJPY,2012-07,122.50980,-2.143
GBPJPY,2012-08,124.20685,1.385
GBPJPY,2012-09,125.69769,1.200
GBPJPY,2012-10,128.79008,2.460
GBPJPY,2012-11,132.29684,2.723
GBPJPY,2012-12,140.90096,6.504
GBPJPY,2013-01,144.72808,2.716
GBPJPY,2013-02,140.32209,-3.044
GBPJPY,2013-03,143.05682,1.949
GBPJPY,2013-04,151.54623,5.934
GBPJPY,2013-05,153.12073,1.039
GBPJPY,2013-06,150.88973,-1.457
GBPJPY,2013-07,149.26392,-1.077
GBPJPY,2013-08,151.92575,1.783
GBPJPY,2013-09,159.01958,4.669
GBPJPY,2013-10,157.61568,-0.883
GBPJPY,2013-11,167.73084,6.418
GBPJPY,2013-12,174.42824,3.993
GBPJPY,2014-01,168.25136,-3.541
GBPJPY,2014-02,170.98827,1.627
GBPJPY,2014-03,171.71919,0.427
GBPJPY,2014-04,172.44640,0.423
GBPJPY,2014-05,170.61190,-1.064
GBPJPY,2014-06,173.24666,1.544
GBPJPY,2014-07,173.53488,0.166
GBPJPY,2014-08,172.47098,-0.613
GBPJPY,2014-09,177.87510,3.133
GBPJPY,2014-10,179.34400,0.826
GBPJPY,2014-11,185.61376,3.496
GBPJPY,2014-12,186.71133,0.591
GBPJPY,2015-01,176.46882,-5.486
GBPJPY,2015-02,184.83866,4.743
GBPJPY,2015-03,178.14078,-3.624
GBPJPY,2015-04,183.72164,3.133
GBPJPY,2015-05,189.51391,3.153
GBPJPY,2015-06,192.04152,1.334
GBPJPY,2015-07,193.77736,0.904
GBPJPY,2015-08,186.29590,-3.861
GBPJPY,2015-09,181.09129,-2.794
GBPJPY,2015-10,186.40927,2.937
GBPJPY,2015-11,185.37686,-0.554
GBPJPY,2015-12,177.33707,-4.337
GBPJPY,2016-01,171.70213,-3.178
GBPJPY,2016-02,157.22044,-8.434
GBPJPY,2016-03,161.66235,2.825
GBPJPY,2016-04,156.33226,-3.297
GBPJPY,2016-05,160.92706,2.939
GBPJPY,2016-06,136.08316,-15.438
GBPJPY,2016-07,135.77495,-0.226
GBPJPY,2016-08,135.72273,-0.038
GBPJPY,2016-09,131.73240,-2.940
GBPJPY,2016-10,128.30626,-2.601
GBPJPY,2016-11,142.71093,11.227
GBPJPY,2016-12,144.06612,0.950
GBPJPY,2017-01,141.85754,-1.533
GBPJPY,2017-02,139.25687,-1.833
GBPJPY,2017-03,139.68154,0.305
GBPJPY,2017-04,144.18424,3.224
GBPJPY,2017-05,142.87005,-0.911
GBPJPY,2017-06,146.06888,2.239
GBPJPY,2017-07,145.65849,-0.281
GBPJPY,2017-08,141.84818,-2.616
GBPJPY,2017-09,150.95149,6.418
GBPJPY,2017-10,150.90305,-0.032
GBPJPY,2017-11,151.67477,0.511
GBPJPY,2017-12,152.44859,0.510
GBPJPY,2018-01,155.11565,1.749
GBPJPY,2018-02,147.06207,-5.192
GBPJPY,2018-03,148.96900,1.297
GBPJPY,2018-04,150.27503,0.877
GBPJPY,2018-05,144.49169,-3.848
GBPJPY,2018-06,146.11324,1.122
GBPJPY,2018-07,146.84342,0.500
GBPJPY,2018-08,143.86829,-2.026
GBPJPY,2018-09,148.12688,2.960
GBPJPY,2018-10,144.23003,-2.631
GBPJPY,2018-11,145.00639,0.538
GBPJPY,2018-12,140.01276,-3.444
GBPJPY,2019-01,142.96598,2.109
GBPJPY,2019-02,147.83647,3.407
GBPJPY,2019-03,144.24606,-2.429
GBPJPY,2019-04,145.14658,0.624
GBPJPY,2019-05,137.12771,-5.525
GBPJPY,2019-06,136.99187,-0.099
GBPJPY,2019-07,132.68972,-3.140
GBPJPY,2019-08,129.31873,-2.541
GBPJPY,2019-09,133.02572,2.867
GBPJPY,2019-10,139.84992,5.130
GBPJPY,2019-11,141.63540,1.277
GBPJPY,2019-12,144.20117,1.812
GBPJPY,2020-01,143.15873,-0.723
GBPJPY,2020-02,138.15487,-3.495
GBPJPY,2020-03,133.91034,-3.072
GBPJPY,2020-04,134.77001,0.642
GBPJPY,2020-05,132.77073,-1.483
GBPJPY,2020-06,133.29623,0.396
GBPJPY,2020-07,138.92829,4.225
GBPJPY,2020-08,141.55410,1.890
GBPJPY,2020-09,136.42589,-3.623
GBPJPY,2020-10,135.20435,-0.895
GBPJPY,2020-11,139.22902,2.977
GBPJPY,2020-12,140.96995,1.250
GBPJPY,2021-01,143.59819,1.864
GBPJPY,2021-02,148.73082,3.574
GBPJPY,2021-03,152.58656,2.592
GBPJPY,2021-04,151.30086,-0.843
GBPJPY,2021-05,155.83144,2.994
GBPJPY,2021-06,153.32045,-1.611
GBPJPY,2021-07,152.61547,-0.460
GBPJPY,2021-08,151.29227,-0.867
GBPJPY,2021-09,150.18858,-0.730
GBPJPY,2021-10,156.05584,3.907
GBPJPY,2021-11,150.03976,-3.855
GBPJPY,2021-12,155.48805,3.631
GBPJPY,2022-01,154.84478,-0.414
GBPJPY,2022-02,154.46860,-0.243
GBPJPY,2022-03,159.72642,3.404
GBPJPY,2022-04,163.13607,2.135
GBPJPY,2022-05,162.26487,-0.534
GBPJPY,2022-06,165.03284,1.706
GBPJPY,2022-07,162.34162,-1.631
GBPJPY,2022-08,161.53040,-0.500
GBPJPY,2022-09,161.12905,-0.248
GBPJPY,2022-10,171.15385,6.222
GBPJPY,2022-11,166.63876,-2.638
GBPJPY,2022-12,159.19082,-4.470
GBPJPY,2023-01,160.42642,0.776
GBPJPY,2023-02,164.57855,2.588
GBPJPY,2023-03,164.19295,-0.234
GBPJPY,2023-04,171.09965,4.206
GBPJPY,2023-05,173.27383,1.271
GBPJPY,2023-06,183.61718,5.969
GBPJPY,2023-07,182.79763,-0.446
GBPJPY,2023-08,184.52185,0.943
GBPJPY,2023-09,182.52107,-1.084
GBPJPY,2023-10,183.78838,0.694
GBPJPY,2023-11,186.91695,1.702
GBPJPY,2023-12,179.58455,-3.923
GBPJPY,2024-01,186.22358,3.697
GBPJPY,2024-02,189.36331,1.686
GBPJPY,2024-03,191.10325,0.919
GBPJPY,2024-04,197.14679,3.162
GBPJPY,2024-05,200.21653,1.557
GBPJPY,2024-06,203.36241,1.571
GBPJPY,2024-07,193.09194,-5.050
GBPJPY,2024-08,191.66120,-0.741
GBPJPY,2024-09,191.94694,0.149
GBPJPY,2024-10,195.87298,2.045
GBPJPY,2024-11,190.99683,-2.489
GBPJPY,2024-12,197.03268,3.160
GBPJPY,2025-01,192.81802,-2.139
GBPJPY,2025-02,189.67514,-1.630
GBPJPY,2025-03,193.31958,1.921
GBPJPY,2025-04,190.32559,-1.549
GBPJPY,2025-05,194.18182,2.026
GBPJPY,2025-06,197.81833,1.873
GBPJPY,2025-07,199.10100,0.648
GBPJPY,2025-08,198.48669,-0.309
GBPJPY,2025-09,198.91114,0.214
GBPJPY,2025-10,202.43101,1.770
GBPJPY,2025-11,206.76552,2.141
GBPJPY,2025-12,210.83770,1.969
GBPJPY,2026-01,211.88907,0.499
GBPJPY,2026-02,209.97040,-0.906
GBPJPY,2026-03,209.72973,-0.115
GBPJPY,2026-04,212.73764,1.434
GBPJPY,2026-05,214.56677,0.860
GBPJPY,2026-06,215.60594,0.484
GBPJPY,2026-07,214.38578,-0.566
GBPJPY,2026-08,216.44986,0.963
GBPJPY,2026-09,208.26819,-3.780
GBPNZD,2009-02,2.83812,0.106
GBPNZD,2009-03,2.51237,-11.478
GBPNZD,2009-04,2.59864,3.434
GBPNZD,2009-05,2.53701,-2.372
GBPNZD,2009-06,2.55199,0.591
GBPNZD,2009-07,2.53050,-0.842
GBPNZD,2009-08,2.37945,-5.969
GBPNZD,2009-09,2.21287,-7.001
GBPNZD,2009-10,2.27933,3.004
GBPNZD,2009-11,2.29472,0.675
GBPNZD,2009-12,2.22862,-2.880
GBPNZD,2010-01,2.27217,1.954
GBPNZD,2010-02,2.17708,-4.185
GBPNZD,2010-03,2.13941,-1.730
GBPNZD,2010-04,2.09108,-2.259
GBPNZD,2010-05,2.13188,1.952
GBPNZD,2010-06,2.16607,1.603
GBPNZD,2010-07,2.16405,-0.093
GBPNZD,2010-08,2.19567,1.461
GBPNZD,2010-09,2.14630,-2.249
GBPNZD,2010-10,2.10109,-2.106
GBPNZD,2010-11,2.09254,-0.407
GBPNZD,2010-12,2.00231,-4.312
GBPNZD,2011-01,2.07379,3.570
GBPNZD,2011-02,2.15987,4.151
GBPNZD,2011-03,2.10095,-2.728
GBPNZD,2011-04,2.06894,-1.524
GBPNZD,2011-05,1.99721,-3.467
GBPNZD,2011-06,1.93943,-2.893
GBPNZD,2011-07,1.87510,-3.317
GBPNZD,2011-08,1.90255,1.464
GBPNZD,2011-09,2.03578,7.003
GBPNZD,2011-10,1.98789,-2.352
GBPNZD,2011-11,2.02167,1.699
GBPNZD,2011-12,1.99068,-1.533
GBPNZD,2012-01,1.91037,-4.034
GBPNZD,2012-02,1.89967,-0.560
GBPNZD,2012-03,1.94933,2.614
GBPNZD,2012-04,1.98507,1.834
GBPNZD,2012-05,2.04683,3.111
GBPNZD,2012-06,1.95420,-4.526
GBPNZD,2012-07,1.93302,-1.084
GBPNZD,2012-08,1.97367,2.103
GBPNZD,2012-09,1.94515,-1.445
GBPNZD,2012-10,1.95988,0.757
GBPNZD,2012-11,1.95448,-0.276
GBPNZD,2012-12,1.96715,0.648
GBPNZD,2013-01,1.88822,-4.012
GBPNZD,2013-02,1.83364,-2.891
GBPNZD,2013-03,1.81738,-0.887
GBPNZD,2013-04,1.81119,-0.341
GBPNZD,2013-05,1.90463,5.159
GBPNZD,2013-06,1.96122,2.971
GBPNZD,2013-07,1.90879,-2.673
GBPNZD,2013-08,2.00124,4.843
GBPNZD,2013-09,1.94386,-2.867
GBPNZD,2013-10,1.94120,-0.137
GBPNZD,2013-11,2.00704,3.392
GBPNZD,2013-12,2.01392,0.343
GBPNZD,2014-01,2.03339,0.967
GBPNZD,2014-02,1.99648,-1.815
GBPNZD,2014-03,1.92013,-3.825
GBPNZD,2014-04,1.96201,2.181
GBPNZD,2014-05,1.97586,0.706
GBPNZD,2014-06,1.95381,-1.116
GBPNZD,2014-07,1.98936,1.819
GBPNZD,2014-08,1.98209,-0.365
GBPNZD,2014-09,2.08273,5.077
GBPNZD,2014-10,2.05648,-1.260
GBPNZD,2014-11,1.99453,-3.013
GBPNZD,2014-12,1.99829,0.188
GBPNZD,2015-01,2.07318,3.748
GBPNZD,2015-02,2.04308,-1.452
GBPNZD,2015-03,1.98396,-2.893
GBPNZD,2015-04,2.01916,1.774
GBPNZD,2015-05,2.14965,6.463
GBPNZD,2015-06,2.32054,7.950
GBPNZD,2015-07,2.35991,1.697
GBPNZD,2015-08,2.41988,2.541
GBPNZD,2015-09,2.36533,-2.254
GBPNZD,2015-10,2.28263,-3.496
GBPNZD,2015-11,2.28840,0.253
GBPNZD,2015-12,2.15512,-5.824
GBPNZD,2016-01,2.19262,1.740
GBPNZD,2016-02,2.10959,-3.787
GBPNZD,2016-03,2.07622,-1.582
GBPNZD,2016-04,2.09389,0.851
GBPNZD,2016-05,2.14661,2.518
GBPNZD,2016-06,1.85977,-13.363
GBPNZD,2016-07,1.83891,-1.122
GBPNZD,2016-08,1.80911,-1.620
GBPNZD,2016-09,1.78537,-1.312
GBPNZD,2016-10,1.70644,-4.421
GBPNZD,2016-11,1.76261,3.292
GBPNZD,2016-12,1.77301,0.590
GBPNZD,2017-01,1.71709,-3.154
GBPNZD,2017-02,1.71903,0.113
GBPNZD,2017-03,1.79087,4.180
GBPNZD,2017-04,1.88601,5.313
GBPNZD,2017-05,1.81765,-3.625
GBPNZD,2017-06,1.77479,-2.358
GBPNZD,2017-07,1.75878,-0.902
GBPNZD,2017-08,1.79753,2.203
GBPNZD,2017-09,1.85486,3.190
GBPNZD,2017-10,1.93878,4.524
GBPNZD,2017-11,1.97177,1.702
GBPNZD,2017-12,1.90544,-3.364
GBPNZD,2018-01,1.92493,1.023
GBPNZD,2018-02,1.90855,-0.851
GBPNZD,2018-03,1.93772,1.528
GBPNZD,2018-04,1.95242,0.759
GBPNZD,2018-05,1.89741,-2.818
GBPNZD,2018-06,1.94866,2.701
GBPNZD,2018-07,1.92676,-1.124
GBPNZD,2018-08,1.95994,1.722
GBPNZD,2018-09,1.96737,0.379
GBPNZD,2018-10,1.95706,-0.524
GBPNZD,2018-11,1.85632,-5.147
GBPNZD,2018-12,1.90185,2.453
GBPNZD,2019-01,1.89741,-0.233
GBPNZD,2019-02,1.94969,2.755
GBPNZD,2019-03,1.91099,-1.985
GBPNZD,2019-04,1.95349,2.224
GBPNZD,2019-05,1.93412,-0.991
GBPNZD,2019-06,1.89291,-2.131
GBPNZD,2019-07,1.85213,-2.154
GBPNZD,2019-08,1.93139,4.279
GBPNZD,2019-09,1.96493,1.737
GBPNZD,2019-10,2.01721,2.660
GBPNZD,2019-11,2.01566,-0.077
GBPNZD,2019-12,1.96736,-2.396
GBPNZD,2020-01,2.04064,3.725
GBPNZD,2020-02,2.05035,0.476
GBPNZD,2020-03,2.08979,1.924
GBPNZD,2020-04,2.04915,-1.945
GBPNZD,2020-05,1.99125,-2.825
GBPNZD,2020-06,1.91874,-3.642
GBPNZD,2020-07,1.97675,3.024
GBPNZD,2020-08,1.98047,0.188
GBPNZD,2020-09,1.95542,-1.265
GBPNZD,2020-10,1.95667,0.064
GBPNZD,2020-11,1.90089,-2.851
GBPNZD,2020-12,1.89891,-0.105
GBPNZD,2021-01,1.90600,0.373
GBPNZD,2021-02,1.92399,0.944
GBPNZD,2021-03,1.97379,2.588
GBPNZD,2021-04,1.93039,-2.199
GBPNZD,2021-05,1.95644,1.350
GBPNZD,2021-06,1.97860,1.133
GBPNZD,2021-07,1.99263,0.709
GBPNZD,2021-08,1.95230,-2.024
GBPNZD,2021-09,1.95245,0.008
GBPNZD,2021-10,1.91187,-2.079
GBPNZD,2021-11,1.95030,2.011
GBPNZD,2021-12,1.97408,1.219
GBPNZD,2022-01,2.04274,3.478
GBPNZD,2022-02,1.98094,-3.025
GBPNZD,2022-03,1.89359,-4.410
GBPNZD,2022-04,1.94019,2.461
GBPNZD,2022-05,1.93625,-0.203
GBPNZD,2022-06,1.94758,0.585
GBPNZD,2022-07,1.94030,-0.374
GBPNZD,2022-08,1.89809,-2.176
GBPNZD,2022-09,1.97350,3.973
GBPNZD,2022-10,1.98204,0.433
GBPNZD,2022-11,1.91878,-3.191
GBPNZD,2022-12,1.90435,-0.752
GBPNZD,2023-01,1.90609,0.091
GBPNZD,2023-02,1.95247,2.434
GBPNZD,2023-03,1.97229,1.015
GBPNZD,2023-04,2.03359,3.108
GBPNZD,2023-05,2.06781,1.682
GBPNZD,2023-06,2.07232,0.218
GBPNZD,2023-07,2.06698,-0.257
GBPNZD,2023-08,2.12945,3.022
GBPNZD,2023-09,2.03139,-4.605
GBPNZD,2023-10,2.08640,2.708
GBPNZD,2023-11,2.05006,-1.742
GBPNZD,2023-12,2.01007,-1.951
GBPNZD,2024-01,2.07130,3.046
GBPNZD,2024-02,2.07365,0.113
GBPNZD,2024-03,2.11083,1.793
GBPNZD,2024-04,2.11676,0.281
GBPNZD,2024-05,2.07553,-1.948
GBPNZD,2024-06,2.07357,-0.095
GBPNZD,2024-07,2.15909,4.124
GBPNZD,2024-08,2.10387,-2.557
GBPNZD,2024-09,2.10586,0.094
GBPNZD,2024-10,2.16045,2.593
GBPNZD,2024-11,2.14756,-0.597
GBPNZD,2024-12,2.23739,4.183
GBPNZD,2025-01,2.19604,-1.848
GBPNZD,2025-02,2.24767,2.351
GBPNZD,2025-03,2.27612,1.266
GBPNZD,2025-04,2.24913,-1.185
GBPNZD,2025-05,2.25522,0.271
GBPNZD,2025-06,2.25233,-0.128
GBPNZD,2025-07,2.24299,-0.415
GBPNZD,2025-08,2.28969,2.082
GBPNZD,2025-09,2.31805,1.239
GBPNZD,2025-10,2.29409,-1.034
GBPNZD,2025-11,2.30782,0.599
GBPNZD,2025-12,2.33643,1.239
GBPNZD,2026-01,2.26991,-2.847
GBPNZD,2026-02,2.24260,-1.203
GBPNZD,2026-03,2.30890,2.956
GBPNZD,2026-04,2.30473,-0.181
GBPNZD,2026-05,2.24889,-2.423
GBPNZD,2026-06,2.33599,3.873
GBPNZD,2026-07,2.29122,-1.916
GBPNZD,2026-08,2.28997,-0.054
GBPNZD,2026-09,2.33815,2.104
GBPUSD,2009-02,1.42755,-0.956
GBPUSD,2009-03,1.43000,0.172
GBPUSD,2009-04,1.47995,3.493
GBPUSD,2009-05,1.61603,9.195
GBPUSD,2009-06,1.64528,1.810
GBPUSD,2009-07,1.67140,1.588
GBPUSD,2009-08,1.63132,-2.398
GBPUSD,2009-09,1.60051,-1.889
GBPUSD,2009-10,1.64799,2.966
GBPUSD,2009-11,1.64096,-0.427
GBPUSD,2009-12,1.61681,-1.471
GBPUSD,2010-01,1.60102,-0.977
GBPUSD,2010-02,1.52393,-4.816
GBPUSD,2010-03,1.51860,-0.349
GBPUSD,2010-04,1.53069,0.796
GBPUSD,2010-05,1.44928,-5.319
GBPUSD,2010-06,1.49477,3.139
GBPUSD,2010-07,1.57134,5.123
GBPUSD,2010-08,1.53586,-2.258
GBPUSD,2010-09,1.57307,2.423
GBPUSD,2010-10,1.60205,1.842
GBPUSD,2010-11,1.55788,-2.757
GBPUSD,2010-12,1.53917,-1.201
GBPUSD,2011-01,1.60411,4.219
GBPUSD,2011-02,1.62470,1.284
GBPUSD,2011-03,1.60488,-1.220
GBPUSD,2011-04,1.66917,4.006
GBPUSD,2011-05,1.64393,-1.512
GBPUSD,2011-06,1.60668,-2.265
GBPUSD,2011-07,1.64555,2.419
GBPUSD,2011-08,1.62681,-1.139
GBPUSD,2011-09,1.56250,-3.953
GBPUSD,2011-10,1.61421,3.309
GBPUSD,2011-11,1.57060,-2.701
GBPUSD,2011-12,1.55376,-1.072
GBPUSD,2012-01,1.57530,1.386
GBPUSD,2012-02,1.59515,1.260
GBPUSD,2012-03,1.59847,0.208
GBPUSD,2012-04,1.62259,1.509
GBPUSD,2012-05,1.54059,-5.053
GBPUSD,2012-06,1.56863,1.820
GBPUSD,2012-07,1.56863,0.000
GBPUSD,2012-08,1.58629,1.126
GBPUSD,2012-09,1.61316,1.694
GBPUSD,2012-10,1.61108,-0.129
GBPUSD,2012-11,1.60282,-0.513
GBPUSD,2012-12,1.62628,1.464
GBPUSD,2013-01,1.58554,-2.505
GBPUSD,2013-02,1.51930,-4.178
GBPUSD,2013-03,1.51930,0.000
GBPUSD,2013-04,1.55400,2.284
GBPUSD,2013-05,1.51860,-2.278
GBPUSD,2013-06,1.52091,0.152
GBPUSD,2013-07,1.51768,-0.212
GBPUSD,2013-08,1.54679,1.918
GBPUSD,2013-09,1.61786,4.595
GBPUSD,2013-10,1.60668,-0.691
GBPUSD,2013-11,1.63720,1.899
GBPUSD,2013-12,1.65728,1.226
GBPUSD,2014-01,1.64501,-0.740
GBPUSD,2014-02,1.67504,1.826
GBPUSD,2014-03,1.66750,-0.450
GBPUSD,2014-04,1.68833,1.249
GBPUSD,2014-05,1.67645,-0.704
GBPUSD,2014-06,1.71057,2.036
GBPUSD,2014-07,1.68890,-1.267
GBPUSD,2014-08,1.65837,-1.808
GBPUSD,2014-09,1.62206,-2.190
GBPUSD,2014-10,1.60000,-1.360
GBPUSD,2014-11,1.56372,-2.267
GBPUSD,2014-12,1.55788,-0.374
GBPUSD,2015-01,1.50263,-3.546
GBPUSD,2015-02,1.54392,2.748
GBPUSD,2015-03,1.48500,-3.816
GBPUSD,2015-04,1.53280,3.219
GBPUSD,2015-05,1.52858,-0.275
GBPUSD,2015-06,1.57282,2.894
GBPUSD,2015-07,1.56348,-0.594
GBPUSD,2015-08,1.53633,-1.736
GBPUSD,2015-09,1.51149,-1.617
GBPUSD,2015-10,1.54440,2.178
GBPUSD,2015-11,1.50444,-2.588
GBPUSD,2015-12,1.47449,-1.991
GBPUSD,2016-01,1.41844,-3.801
GBPUSD,2016-02,1.39256,-1.824
GBPUSD,2016-03,1.43802,3.264
GBPUSD,2016-04,1.46242,1.696
GBPUSD,2016-05,1.45307,-0.639
GBPUSD,2016-06,1.32415,-8.872
GBPUSD,2016-07,1.32696,0.212
GBPUSD,2016-08,1.31285,-1.063
GBPUSD,2016-09,1.30157,-0.859
GBPUSD,2016-10,1.22115,-6.179
GBPUSD,2016-11,1.24813,2.209
GBPUSD,2016-12,1.23365,-1.160
GBPUSD,2017-01,1.25849,2.014
GBPUSD,2017-02,1.24270,-1.255
GBPUSD,2017-03,1.25376,0.890
GBPUSD,2017-04,1.29383,3.196
GBPUSD,2017-05,1.29049,-0.258
GBPUSD,2017-06,1.29955,0.702
GBPUSD,2017-07,1.31961,1.544
GBPUSD,2017-08,1.28883,-2.333
GBPUSD,2017-09,1.34012,3.980
GBPUSD,2017-10,1.32802,-0.903
GBPUSD,2017-11,1.35062,1.702
GBPUSD,2017-12,1.35281,0.162
GBPUSD,2018-01,1.41904,4.896
GBPUSD,2018-02,1.37931,-2.800
GBPUSD,2018-03,1.40272,1.697
GBPUSD,2018-04,1.37514,-1.966
GBPUSD,2018-05,1.32890,-3.362
GBPUSD,2018-06,1.31978,-0.686
GBPUSD,2018-07,1.31251,-0.551
GBPUSD,2018-08,1.29634,-1.232
GBPUSD,2018-09,1.30531,0.692
GBPUSD,2018-10,1.27796,-2.096
GBPUSD,2018-11,1.27714,-0.064
GBPUSD,2018-12,1.27632,-0.064
GBPUSD,2019-01,1.31354,2.916
GBPUSD,2019-02,1.32732,1.049
GBPUSD,2019-03,1.30327,-1.812
GBPUSD,2019-04,1.30293,-0.026
GBPUSD,2019-05,1.26199,-3.142
GBPUSD,2019-06,1.27033,0.661
GBPUSD,2019-07,1.22205,-3.801
GBPUSD,2019-08,1.21655,-0.450
GBPUSD,2019-09,1.23047,1.144
GBPUSD,2019-10,1.29383,5.149
GBPUSD,2019-11,1.29383,0.000
GBPUSD,2019-12,1.32696,2.561
GBPUSD,2020-01,1.31944,-0.567
GBPUSD,2020-02,1.27779,-3.156
GBPUSD,2020-03,1.24533,-2.540
GBPUSD,2020-04,1.26024,1.197
GBPUSD,2020-05,1.23198,-2.242
GBPUSD,2020-06,1.23686,0.396
GBPUSD,2020-07,1.31337,6.186
GBPUSD,2020-08,1.33743,1.832
GBPUSD,2020-09,1.29216,-3.385
GBPUSD,2020-10,1.29333,0.091
GBPUSD,2020-11,1.33387,3.135
GBPUSD,2020-12,1.36612,2.418
GBPUSD,2021-01,1.37231,0.453
GBPUSD,2021-02,1.39470,1.632
GBPUSD,2021-03,1.37950,-1.090
GBPUSD,2021-04,1.38389,0.318
GBPUSD,2021-05,1.41884,2.526
GBPUSD,2021-06,1.38064,-2.692
GBPUSD,2021-07,1.39121,0.765
GBPUSD,2021-08,1.37476,-1.182
GBPUSD,2021-09,1.34698,-2.020
GBPUSD,2021-10,1.36855,1.601
GBPUSD,2021-11,1.32521,-3.167
GBPUSD,2021-12,1.35007,1.877
GBPUSD,2022-01,1.34391,-0.457
GBPUSD,2022-02,1.34192,-0.148
GBPUSD,2022-03,1.31527,-1.986
GBPUSD,2022-04,1.25644,-4.473
GBPUSD,2022-05,1.26247,0.480
GBPUSD,2022-06,1.21625,-3.661
GBPUSD,2022-07,1.21832,0.171
GBPUSD,2022-08,1.16469,-4.403
GBPUSD,2022-09,1.11346,-4.398
GBPUSD,2022-10,1.15154,3.420
GBPUSD,2022-11,1.19617,3.876
GBPUSD,2022-12,1.20773,0.966
GBPUSD,2023-01,1.23244,2.046
GBPUSD,2023-02,1.20934,-1.874
GBPUSD,2023-03,1.23686,2.276
GBPUSD,2023-04,1.25818,1.724
GBPUSD,2023-05,1.23962,-1.475
GBPUSD,2023-06,1.27097,2.529
GBPUSD,2023-07,1.28568,1.157
GBPUSD,2023-08,1.26662,-1.482
GBPUSD,2023-09,1.22145,-3.567
GBPUSD,2023-10,1.21344,-0.655
GBPUSD,2023-11,1.26406,4.171
GBPUSD,2023-12,1.27437,0.816
GBPUSD,2024-01,1.27324,-0.089
GBPUSD,2024-02,1.26326,-0.783
GBPUSD,2024-03,1.26374,0.038
GBPUSD,2024-04,1.25141,-0.976
GBPUSD,2024-05,1.27372,1.783
GBPUSD,2024-06,1.26406,-0.758
GBPUSD,2024-07,1.28403,1.579
GBPUSD,2024-08,1.31320,2.272
GBPUSD,2024-09,1.33994,2.037
GBPUSD,2024-10,1.28568,-4.050
GBPUSD,2024-11,1.26984,-1.232
GBPUSD,2024-12,1.25203,-1.402
GBPUSD,2025-01,1.24471,-0.585
GBPUSD,2025-02,1.25913,1.158
GBPUSD,2025-03,1.28966,2.425
GBPUSD,2025-04,1.33440,3.469
GBPUSD,2025-05,1.34680,0.929
GBPUSD,2025-06,1.37212,1.880
GBPUSD,2025-07,1.32205,-3.649
GBPUSD,2025-08,1.35117,2.202
GBPUSD,2025-09,1.34427,-0.511
GBPUSD,2025-10,1.31406,-2.247
GBPUSD,2025-11,1.32398,0.755
GBPUSD,2025-12,1.34463,1.560
GBPUSD,2026-01,1.37287,2.100
GBPUSD,2026-02,1.34553,-1.991
GBPUSD,2026-03,1.31839,-2.017
GBPUSD,2026-04,1.35796,3.001
GBPUSD,2026-05,1.34753,-0.768
GBPUSD,2026-06,1.32591,-1.604
GBPUSD,2026-07,1.34698,1.589
GBPUSD,2026-08,1.35501,0.596
GBPUSD,2026-09,1.32503,-2.213
NZDCAD,2009-02,0.63930,1.699
NZDCAD,2009-03,0.71751,12.234
NZDCAD,2009-04,0.67994,-5.237
NZDCAD,2009-05,0.69794,2.648
NZDCAD,2009-06,0.74953,7.392
NZDCAD,2009-07,0.71275,-4.908
NZDCAD,2009-08,0.75189,5.491
NZDCAD,2009-09,0.77528,3.111
NZDCAD,2009-10,0.77847,0.411
NZDCAD,2009-11,0.75586,-2.904
NZDCAD,2009-12,0.75892,0.405
NZDCAD,2010-01,0.75056,-1.102
NZDCAD,2010-02,0.73639,-1.889
NZDCAD,2010-03,0.72090,-2.103
NZDCAD,2010-04,0.74021,2.679
NZDCAD,2010-05,0.71360,-3.595
NZDCAD,2010-06,0.73190,2.565
NZDCAD,2010-07,0.74739,2.116
NZDCAD,2010-08,0.74426,-0.418
NZDCAD,2010-09,0.75440,1.362
NZDCAD,2010-10,0.77674,2.962
NZDCAD,2010-11,0.76429,-1.603
NZDCAD,2010-12,0.76939,0.667
NZDCAD,2011-01,0.77506,0.737
NZDCAD,2011-02,0.73244,-5.500
NZDCAD,2011-03,0.74227,1.342
NZDCAD,2011-04,0.76531,3.104
NZDCAD,2011-05,0.79743,4.197
NZDCAD,2011-06,0.79877,0.168
NZDCAD,2011-07,0.83712,4.801
NZDCAD,2011-08,0.83651,-0.073
NZDCAD,2011-09,0.79738,-4.679
NZDCAD,2011-10,0.80650,1.144
NZDCAD,2011-11,0.79234,-1.755
NZDCAD,2011-12,0.79363,0.163
NZDCAD,2012-01,0.82873,4.422
NZDCAD,2012-02,0.82845,-0.034
NZDCAD,2012-03,0.81919,-1.118
NZDCAD,2012-04,0.80808,-1.357
NZDCAD,2012-05,0.77894,-3.606
NZDCAD,2012-06,0.81795,5.008
NZDCAD,2012-07,0.81263,-0.651
NZDCAD,2012-08,0.79264,-2.460
NZDCAD,2012-09,0.81581,2.923
NZDCAD,2012-10,0.82154,0.702
NZDCAD,2012-11,0.81442,-0.867
NZDCAD,2012-12,0.82325,1.084
NZDCAD,2013-01,0.83903,1.917
NZDCAD,2013-02,0.85227,1.578
NZDCAD,2013-03,0.85053,-0.204
NZDCAD,2013-04,0.86418,1.605
NZDCAD,2013-05,0.82419,-4.627
NZDCAD,2013-06,0.81528,-1.081
NZDCAD,2013-07,0.81792,0.324
NZDCAD,2013-08,0.81574,-0.267
NZDCAD,2013-09,0.85593,4.927
NZDCAD,2013-10,0.86318,0.848
NZDCAD,2013-11,0.86443,0.144
NZDCAD,2013-12,0.87533,1.261
NZDCAD,2014-01,0.89928,2.736
NZDCAD,2014-02,0.92919,3.326
NZDCAD,2014-03,0.95988,3.303
NZDCAD,2014-04,0.94278,-1.782
NZDCAD,2014-05,0.92203,-2.201
NZDCAD,2014-06,0.93469,1.373
NZDCAD,2014-07,0.92444,-1.096
NZDCAD,2014-08,0.90847,-1.728
NZDCAD,2014-09,0.87282,-3.924
NZDCAD,2014-10,0.87699,0.478
NZDCAD,2014-11,0.89581,2.145
NZDCAD,2014-12,0.90442,0.962
NZDCAD,2015-01,0.92165,1.905
NZDCAD,2015-02,0.94506,2.540
NZDCAD,2015-03,0.94918,0.435
NZDCAD,2015-04,0.91976,-3.099
NZDCAD,2015-05,0.88644,-3.623
NZDCAD,2015-06,0.84540,-4.630
NZDCAD,2015-07,0.86438,2.246
NZDCAD,2015-08,0.83950,-2.878
NZDCAD,2015-09,0.85603,1.969
NZDCAD,2015-10,0.88512,3.398
NZDCAD,2015-11,0.87647,-0.977
NZDCAD,2015-12,0.94684,8.029
NZDCAD,2016-01,0.91047,-3.841
NZDCAD,2016-02,0.89260,-1.962
NZDCAD,2016-03,0.89825,0.633
NZDCAD,2016-04,0.87645,-2.428
NZDCAD,2016-05,0.88655,1.152
NZDCAD,2016-06,0.92631,4.485
NZDCAD,2016-07,0.94097,1.583
NZDCAD,2016-08,0.95225,1.198
NZDCAD,2016-09,0.95611,0.406
NZDCAD,2016-10,0.95914,0.316
NZDCAD,2016-11,0.95064,-0.886
NZDCAD,2016-12,0.93418,-1.732
NZDCAD,2017-01,0.95500,2.229
NZDCAD,2017-02,0.95764,0.276
NZDCAD,2017-03,0.93258,-2.616
NZDCAD,2017-04,0.93771,0.550
NZDCAD,2017-05,0.95832,2.198
NZDCAD,2017-06,0.95057,-0.809
NZDCAD,2017-07,0.93712,-1.415
NZDCAD,2017-08,0.89733,-4.247
NZDCAD,2017-09,0.90376,0.718
NZDCAD,2017-10,0.88321,-2.274
NZDCAD,2017-11,0.88253,-0.078
NZDCAD,2017-12,0.88868,0.697
NZDCAD,2018-01,0.90623,1.975
NZDCAD,2018-02,0.92549,2.125
NZDCAD,2018-03,0.93318,0.831
NZDCAD,2018-04,0.90280,-3.256
NZDCAD,2018-05,0.90839,0.619
NZDCAD,2018-06,0.88994,-2.031
NZDCAD,2018-07,0.88672,-0.362
NZDCAD,2018-08,0.86461,-2.493
NZDCAD,2018-09,0.85735,-0.839
NZDCAD,2018-10,0.85732,-0.004
NZDCAD,2018-11,0.91379,6.587
NZDCAD,2018-12,0.91564,0.202
NZDCAD,2019-01,0.90966,-0.654
NZDCAD,2019-02,0.89632,-1.467
NZDCAD,2019-03,0.91114,1.653
NZDCAD,2019-04,0.89555,-1.711
NZDCAD,2019-05,0.88236,-1.473
NZDCAD,2019-06,0.87853,-0.434
NZDCAD,2019-07,0.86718,-1.292
NZDCAD,2019-08,0.83711,-3.467
NZDCAD,2019-09,0.82929,-0.934
NZDCAD,2019-10,0.84305,1.659
NZDCAD,2019-11,0.85314,1.196
NZDCAD,2019-12,0.87427,2.478
NZDCAD,2020-01,0.85478,-2.230
NZDCAD,2020-02,0.83578,-2.222
NZDCAD,2020-03,0.84161,0.697
NZDCAD,2020-04,0.85554,1.655
NZDCAD,2020-05,0.85436,-0.137
NZDCAD,2020-06,0.87759,2.719
NZDCAD,2020-07,0.88924,1.328
NZDCAD,2020-08,0.88020,-1.017
NZDCAD,2020-09,0.88039,0.022
NZDCAD,2020-10,0.88122,0.094
NZDCAD,2020-11,0.91095,3.374
NZDCAD,2020-12,0.91748,0.717
NZDCAD,2021-01,0.91986,0.260
NZDCAD,2021-02,0.92048,0.067
NZDCAD,2021-03,0.87860,-4.550
NZDCAD,2021-04,0.88114,0.289
NZDCAD,2021-05,0.87657,-0.519
NZDCAD,2021-06,0.86554,-1.259
NZDCAD,2021-07,0.87035,0.556
NZDCAD,2021-08,0.88930,2.178
NZDCAD,2021-09,0.87430,-1.687
NZDCAD,2021-10,0.88740,1.498
NZDCAD,2021-11,0.87056,-1.898
NZDCAD,2021-12,0.87382,0.375
NZDCAD,2022-01,0.83513,-4.428
NZDCAD,2022-02,0.85774,2.708
NZDCAD,2022-03,0.86699,1.078
NZDCAD,2022-04,0.82904,-4.377
NZDCAD,2022-05,0.82409,-0.597
NZDCAD,2022-06,0.80378,-2.463
NZDCAD,2022-07,0.80378,-0.001
NZDCAD,2022-08,0.80328,-0.063
NZDCAD,2022-09,0.77590,-3.408
NZDCAD,2022-10,0.79241,2.129
NZDCAD,2022-11,0.84396,6.505
NZDCAD,2022-12,0.85819,1.686
NZDCAD,2023-01,0.86208,0.453
NZDCAD,2023-02,0.84336,-2.172
NZDCAD,2023-03,0.84818,0.571
NZDCAD,2023-04,0.83846,-1.146
NZDCAD,2023-05,0.81458,-2.848
NZDCAD,2023-06,0.81153,-0.374
NZDCAD,2023-07,0.81856,0.866
NZDCAD,2023-08,0.80532,-1.618
NZDCAD,2023-09,0.81384,1.058
NZDCAD,2023-10,0.80714,-0.823
NZDCAD,2023-11,0.83777,3.795
NZDCAD,2023-12,0.83700,-0.092
NZDCAD,2024-01,0.82272,-1.706
NZDCAD,2024-02,0.82656,0.467
NZDCAD,2024-03,0.81063,-1.927
NZDCAD,2024-04,0.81277,0.264
NZDCAD,2024-05,0.83743,3.035
NZDCAD,2024-06,0.83419,-0.388
NZDCAD,2024-07,0.82105,-1.574
NZDCAD,2024-08,0.84221,2.577
NZDCAD,2024-09,0.85970,2.077
NZDCAD,2024-10,0.82950,-3.512
NZDCAD,2024-11,0.82864,-0.104
NZDCAD,2024-12,0.80582,-2.754
NZDCAD,2025-01,0.81953,1.702
NZDCAD,2025-02,0.80853,-1.343
NZDCAD,2025-03,0.81472,0.766
NZDCAD,2025-04,0.81916,0.545
NZDCAD,2025-05,0.82096,0.219
NZDCAD,2025-06,0.82973,1.068
NZDCAD,2025-07,0.81604,-1.649
NZDCAD,2025-08,0.80998,-0.743
NZDCAD,2025-09,0.80764,-0.289
NZDCAD,2025-10,0.80250,-0.637
NZDCAD,2025-11,0.80168,-0.102
NZDCAD,2025-12,0.78913,-1.564
NZDCAD,2026-01,0.81995,3.905
NZDCAD,2026-02,0.81790,-0.249
NZDCAD,2026-03,0.79672,-2.590
NZDCAD,2026-04,0.80197,0.658
NZDCAD,2026-05,0.82593,2.988
NZDCAD,2026-06,0.80628,-2.380
NZDCAD,2026-07,0.82469,2.284
NZDCAD,2026-08,0.82024,-0.540
NZDCAD,2026-09,0.80131,-2.307
NZDCHF,2009-02,0.58709,-0.550
NZDCHF,2009-03,0.64859,10.474
NZDCHF,2009-04,0.64935,0.118
NZDCHF,2009-05,0.68106,4.883
NZDCHF,2009-06,0.70060,2.869
NZDCHF,2009-07,0.70462,0.574
NZDCHF,2009-08,0.72460,2.835
NZDCHF,2009-09,0.75040,3.560
NZDCHF,2009-10,0.74022,-1.356
NZDCHF,2009-11,0.71868,-2.910
NZDCHF,2009-12,0.75145,4.560
NZDCHF,2010-01,0.74387,-1.009
NZDCHF,2010-02,0.74976,0.791
NZDCHF,2010-03,0.74730,-0.327
NZDCHF,2010-04,0.78816,5.467
NZDCHF,2010-05,0.78409,-0.516
NZDCHF,2010-06,0.74350,-5.178
NZDCHF,2010-07,0.75588,1.666
NZDCHF,2010-08,0.70999,-6.071
NZDCHF,2010-09,0.71885,1.248
NZDCHF,2010-10,0.75105,4.479
NZDCHF,2010-11,0.74337,-1.022
NZDCHF,2010-12,0.72019,-3.118
NZDCHF,2011-01,0.72726,0.981
NZDCHF,2011-02,0.69994,-3.756
NZDCHF,2011-03,0.69949,-0.065
NZDCHF,2011-04,0.69915,-0.048
NZDCHF,2011-05,0.70170,0.365
NZDCHF,2011-06,0.69696,-0.676
NZDCHF,2011-07,0.69162,-0.766
NZDCHF,2011-08,0.68730,-0.624
NZDCHF,2011-09,0.69445,1.040
NZDCHF,2011-10,0.70694,1.799
NZDCHF,2011-11,0.70743,0.068
NZDCHF,2011-12,0.73166,3.425
NZDCHF,2012-01,0.76029,3.913
NZDCHF,2012-02,0.75766,-0.345
NZDCHF,2012-03,0.74014,-2.313
NZDCHF,2012-04,0.74228,0.289
NZDCHF,2012-05,0.73107,-1.510
NZDCHF,2012-06,0.76136,4.143
NZDCHF,2012-07,0.79145,3.952
NZDCHF,2012-08,0.76724,-3.059
NZDCHF,2012-09,0.77957,1.606
NZDCHF,2012-10,0.76539,-1.818
NZDCHF,2012-11,0.75972,-0.741
NZDCHF,2012-12,0.75686,-0.376
NZDCHF,2013-01,0.76354,0.882
NZDCHF,2013-02,0.77355,1.311
NZDCHF,2013-03,0.79335,2.559
NZDCHF,2013-04,0.79777,0.558
NZDCHF,2013-05,0.76407,-4.224
NZDCHF,2013-06,0.73284,-4.087
NZDCHF,2013-07,0.73817,0.727
NZDCHF,2013-08,0.71982,-2.487
NZDCHF,2013-09,0.75248,4.537
NZDCHF,2013-10,0.74954,-0.390
NZDCHF,2013-11,0.73799,-1.542
NZDCHF,2013-12,0.73272,-0.714
NZDCHF,2014-01,0.73230,-0.057
NZDCHF,2014-02,0.73916,0.936
NZDCHF,2014-03,0.76769,3.861
NZDCHF,2014-04,0.75725,-1.361
NZDCHF,2014-05,0.75887,0.213
NZDCHF,2014-06,0.77640,2.310
NZDCHF,2014-07,0.77137,-0.647
NZDCHF,2014-08,0.76757,-0.493
NZDCHF,2014-09,0.74408,-3.060
NZDCHF,2014-10,0.74870,0.620
NZDCHF,2014-11,0.75719,1.135
NZDCHF,2014-12,0.77446,2.280
NZDCHF,2015-01,0.66754,-13.806
NZDCHF,2015-02,0.71888,7.692
NZDCHF,2015-03,0.72695,1.121
NZDCHF,2015-04,0.71434,-1.734
NZDCHF,2015-05,0.66871,-6.388
NZDCHF,2015-06,0.63346,-5.271
NZDCHF,2015-07,0.63840,0.780
NZDCHF,2015-08,0.61463,-3.724
NZDCHF,2015-09,0.62451,1.608
NZDCHF,2015-10,0.66698,6.800
NZDCHF,2015-11,0.67596,1.346
NZDCHF,2015-12,0.68534,1.389
NZDCHF,2016-01,0.66153,-3.474
NZDCHF,2016-02,0.65747,-0.615
NZDCHF,2016-03,0.66373,0.953
NZDCHF,2016-04,0.67035,0.996
NZDCHF,2016-05,0.67244,0.313
NZDCHF,2016-06,0.69719,3.680
NZDCHF,2016-07,0.69924,0.294
NZDCHF,2016-08,0.71335,2.019
NZDCHF,2016-09,0.70671,-0.931
NZDCHF,2016-10,0.70774,0.146
NZDCHF,2016-11,0.72136,1.924
NZDCHF,2016-12,0.70693,-2.000
NZDCHF,2017-01,0.72471,2.516
NZDCHF,2017-02,0.72450,-0.030
NZDCHF,2017-03,0.69994,-3.389
NZDCHF,2017-04,0.68217,-2.539
NZDCHF,2017-05,0.68754,0.787
NZDCHF,2017-06,0.70191,2.090
NZDCHF,2017-07,0.72404,3.153
NZDCHF,2017-08,0.68904,-4.834
NZDCHF,2017-09,0.69995,1.584
NZDCHF,2017-10,0.68279,-2.452
NZDCHF,2017-11,0.67388,-1.304
NZDCHF,2017-12,0.69137,2.596
NZDCHF,2018-01,0.68714,-0.613
NZDCHF,2018-02,0.68151,-0.819
NZDCHF,2018-03,0.69002,1.250
NZDCHF,2018-04,0.69806,1.164
NZDCHF,2018-05,0.68945,-1.233
NZDCHF,2018-06,0.67199,-2.532
NZDCHF,2018-07,0.67405,0.305
NZDCHF,2018-08,0.64144,-4.837
NZDCHF,2018-09,0.64743,0.932
NZDCHF,2018-10,0.65672,1.435
NZDCHF,2018-11,0.68710,4.626
NZDCHF,2018-12,0.65982,-3.970
NZDCHF,2019-01,0.68799,4.269
NZDCHF,2019-02,0.67901,-1.305
NZDCHF,2019-03,0.67940,0.057
NZDCHF,2019-04,0.68032,0.135
NZDCHF,2019-05,0.65470,-3.765
NZDCHF,2019-06,0.65486,0.023
NZDCHF,2019-07,0.65334,-0.232
NZDCHF,2019-08,0.62352,-4.564
NZDCHF,2019-09,0.62484,0.211
NZDCHF,2019-10,0.63293,1.295
NZDCHF,2019-11,0.64195,1.426
NZDCHF,2019-12,0.65270,1.675
NZDCHF,2020-01,0.62363,-4.455
NZDCHF,2020-02,0.60270,-3.355
NZDCHF,2020-03,0.57368,-4.815
NZDCHF,2020-04,0.59465,3.654
NZDCHF,2020-05,0.59506,0.070
NZDCHF,2020-06,0.61026,2.554
NZDCHF,2020-07,0.60547,-0.785
NZDCHF,2020-08,0.60859,0.515
NZDCHF,2020-09,0.60715,-0.237
NZDCHF,2020-10,0.60579,-0.224
NZDCHF,2020-11,0.63574,4.945
NZDCHF,2020-12,0.63604,0.047
NZDCHF,2021-01,0.64115,0.804
NZDCHF,2021-02,0.65908,2.796
NZDCHF,2021-03,0.65823,-0.128
NZDCHF,2021-04,0.65431,-0.596
NZDCHF,2021-05,0.65233,-0.303
NZDCHF,2021-06,0.64566,-1.022
NZDCHF,2021-07,0.63262,-2.020
NZDCHF,2021-08,0.64510,1.972
NZDCHF,2021-09,0.64429,-0.125
NZDCHF,2021-10,0.65605,1.825
NZDCHF,2021-11,0.62628,-4.537
NZDCHF,2021-12,0.62550,-0.126
NZDCHF,2022-01,0.61204,-2.151
NZDCHF,2022-02,0.62180,1.595
NZDCHF,2022-03,0.63979,2.893
NZDCHF,2022-04,0.62965,-1.585
NZDCHF,2022-05,0.62398,-0.900
NZDCHF,2022-06,0.59639,-4.422
NZDCHF,2022-07,0.59733,0.157
NZDCHF,2022-08,0.59815,0.138
NZDCHF,2022-09,0.55546,-7.136
NZDCHF,2022-10,0.58134,4.659
NZDCHF,2022-11,0.59136,1.724
NZDCHF,2022-12,0.58606,-0.896
NZDCHF,2023-01,0.59395,1.346
NZDCHF,2023-02,0.58074,-2.224
NZDCHF,2023-03,0.57249,-1.419
NZDCHF,2023-04,0.55132,-3.699
NZDCHF,2023-05,0.54727,-0.735
NZDCHF,2023-06,0.54873,0.266
NZDCHF,2023-07,0.54040,-1.518
NZDCHF,2023-08,0.52564,-2.732
NZDCHF,2023-09,0.54964,4.566
NZDCHF,2023-10,0.52925,-3.708
NZDCHF,2023-11,0.53798,1.649
NZDCHF,2023-12,0.53287,-0.950
NZDCHF,2024-01,0.52785,-0.943
NZDCHF,2024-02,0.53811,1.944
NZDCHF,2024-03,0.53972,0.301
NZDCHF,2024-04,0.54236,0.488
NZDCHF,2024-05,0.55440,2.221
NZDCHF,2024-06,0.54816,-1.126
NZDCHF,2024-07,0.52316,-4.560
NZDCHF,2024-08,0.53012,1.329
NZDCHF,2024-09,0.53729,1.353
NZDCHF,2024-10,0.51464,-4.215
NZDCHF,2024-11,0.52164,1.361
NZDCHF,2024-12,0.50744,-2.722
NZDCHF,2025-01,0.51511,1.510
NZDCHF,2025-02,0.50524,-1.916
NZDCHF,2025-03,0.50105,-0.829
NZDCHF,2025-04,0.48810,-2.583
NZDCHF,2025-05,0.49143,0.681
NZDCHF,2025-06,0.48358,-1.597
NZDCHF,2025-07,0.47878,-0.993
NZDCHF,2025-08,0.47185,-1.447
NZDCHF,2025-09,0.46196,-2.097
NZDCHF,2025-10,0.45979,-0.469
NZDCHF,2025-11,0.46102,0.267
NZDCHF,2025-12,0.45672,-0.932
NZDCHF,2026-01,0.46631,2.100
NZDCHF,2026-02,0.46115,-1.107
NZDCHF,2026-03,0.45835,-0.608
NZDCHF,2026-04,0.46099,0.578
NZDCHF,2026-05,0.46803,1.527
NZDCHF,2026-06,0.45874,-1.986
NZDCHF,2026-07,0.47507,3.562
NZDCHF,2026-08,0.47840,0.701
NZDCHF,2026-09,0.46934,-1.894
NZDJPY,2009-02,49.16252,7.651
NZDJPY,2009-03,56.43463,14.792
NZDJPY,2009-04,56.24466,-0.337
NZDJPY,2009-05,60.86375,8.212
NZDJPY,2009-06,62.16234,2.134
NZDJPY,2009-07,62.44386,0.453
NZDJPY,2009-08,63.63636,1.910
NZDJPY,2009-09,64.72588,1.712
NZDJPY,2009-10,65.43272,1.092
NZDJPY,2009-11,61.58467,-5.881
NZDJPY,2009-12,67.52757,9.650
NZDJPY,2010-01,63.68377,-5.692
NZDJPY,2010-02,62.18676,-2.351
NZDJPY,2010-03,66.29756,6.610
NZDJPY,2010-04,68.98470,4.053
NZDJPY,2010-05,61.73351,-10.511
NZDJPY,2010-06,61.06549,-1.082
NZDJPY,2010-07,62.75777,2.771
NZDJPY,2010-08,58.82764,-6.262
NZDJPY,2010-09,61.22105,4.069
NZDJPY,2010-10,61.36485,0.235
NZDJPY,2010-11,62.20965,1.377
NZDJPY,2010-12,62.77961,0.916
NZDJPY,2011-01,63.40501,0.996
NZDJPY,2011-02,61.63683,-2.789
NZDJPY,2011-03,63.21901,2.567
NZDJPY,2011-04,65.59903,3.765
NZDJPY,2011-05,66.91086,2.000
NZDJPY,2011-06,66.80474,-0.159
NZDJPY,2011-07,67.73146,1.387
NZDJPY,2011-08,65.41257,-3.424
NZDJPY,2011-09,59.12963,-9.605
NZDJPY,2011-10,63.31303,7.075
NZDJPY,2011-11,60.27035,-4.806
NZDJPY,2011-12,60.08430,-0.309
NZDJPY,2012-01,62.95044,4.770
NZDJPY,2012-02,68.09976,8.180
NZDJPY,2012-03,67.57688,-0.768
NZDJPY,2012-04,65.23623,-3.464
NZDJPY,2012-05,58.92669,-9.672
NZDJPY,2012-06,64.06325,8.717
NZDJPY,2012-07,63.37742,-1.071
NZDJPY,2012-08,62.93200,-0.703
NZDJPY,2012-09,64.62100,2.684
NZDJPY,2012-10,65.71311,1.690
NZDJPY,2012-11,67.68903,3.007
NZDJPY,2012-12,71.62698,5.818
NZDJPY,2013-01,76.64791,7.010
NZDJPY,2013-02,76.52664,-0.158
NZDJPY,2013-03,78.71593,2.861
NZDJPY,2013-04,83.67224,6.296
NZDJPY,2013-05,80.39388,-3.918
NZDJPY,2013-06,76.93680,-4.300
NZDJPY,2013-07,78.19830,1.640
NZDJPY,2013-08,75.91591,-2.919
NZDJPY,2013-09,81.80608,7.759
NZDJPY,2013-10,81.19517,-0.747
NZDJPY,2013-11,83.57125,2.926
NZDJPY,2013-12,86.61126,3.638
NZDJPY,2014-01,82.74411,-4.465
NZDJPY,2014-02,85.64477,3.506
NZDJPY,2014-03,89.43118,4.421
NZDJPY,2014-04,87.89261,-1.720
NZDJPY,2014-05,86.34821,-1.757
NZDJPY,2014-06,88.67099,2.690
NZDJPY,2014-07,87.23151,-1.623
NZDJPY,2014-08,87.01473,-0.249
NZDJPY,2014-09,85.40498,-1.850
NZDJPY,2014-10,87.20921,2.113
NZDJPY,2014-11,93.06154,6.711
NZDJPY,2014-12,93.43572,0.402
NZDJPY,2015-01,85.11995,-8.900
NZDJPY,2015-02,90.47079,6.286
NZDJPY,2015-03,89.79042,-0.752
NZDJPY,2015-04,90.98914,1.335
NZDJPY,2015-05,88.16042,-3.109
NZDJPY,2015-06,82.75722,-6.129
NZDJPY,2015-07,82.11210,-0.780
NZDJPY,2015-08,76.98559,-6.243
NZDJPY,2015-09,76.56080,-0.552
NZDJPY,2015-10,81.66441,6.666
NZDJPY,2015-11,81.00717,-0.805
NZDJPY,2015-12,82.28654,1.579
NZDJPY,2016-01,78.30897,-4.834
NZDJPY,2016-02,74.52637,-4.830
NZDJPY,2016-03,77.86397,4.478
NZDJPY,2016-04,74.66127,-4.113
NZDJPY,2016-05,74.96785,0.411
NZDJPY,2016-06,73.17195,-2.396
NZDJPY,2016-07,73.83461,0.906
NZDJPY,2016-08,75.02177,1.608
NZDJPY,2016-09,73.78436,-1.649
NZDJPY,2016-10,75.18964,1.905
NZDJPY,2016-11,80.96587,7.682
NZDJPY,2016-12,81.25522,0.357
NZDJPY,2017-01,82.61507,1.674
NZDJPY,2017-02,81.00918,-1.944
NZDJPY,2017-03,77.99636,-3.719
NZDJPY,2017-04,76.44920,-1.984
NZDJPY,2017-05,78.60135,2.815
NZDJPY,2017-06,82.30212,4.708
NZDJPY,2017-07,82.81813,0.627
NZDJPY,2017-08,78.91303,-4.715
NZDJPY,2017-09,81.38140,3.128
NZDJPY,2017-10,77.83410,-4.359
NZDJPY,2017-11,76.92308,-1.170
NZDJPY,2017-12,80.00710,4.009
NZDJPY,2018-01,80.58238,0.719
NZDJPY,2018-02,77.05427,-4.378
NZDJPY,2018-03,76.87853,-0.228
NZDJPY,2018-04,76.96859,0.117
NZDJPY,2018-05,76.15212,-1.061
NZDJPY,2018-06,74.98137,-1.537
NZDJPY,2018-07,76.21253,1.642
NZDJPY,2018-08,73.40433,-3.685
NZDJPY,2018-09,75.29193,2.572
NZDJPY,2018-10,73.69727,-2.118
NZDJPY,2018-11,78.11490,5.994
NZDJPY,2018-12,73.61922,-5.755
NZDJPY,2019-01,75.34787,2.348
NZDJPY,2019-02,75.82545,0.634
NZDJPY,2019-03,75.48251,-0.452
NZDJPY,2019-04,74.30134,-1.565
NZDJPY,2019-05,70.89913,-4.579
NZDJPY,2019-06,72.37098,2.076
NZDJPY,2019-07,71.64159,-1.008
NZDJPY,2019-08,66.95641,-6.540
NZDJPY,2019-09,67.69992,1.110
NZDJPY,2019-10,69.32846,2.406
NZDJPY,2019-11,70.26767,1.355
NZDJPY,2019-12,73.29691,4.311
NZDJPY,2020-01,70.15389,-4.288
NZDJPY,2020-02,67.38128,-3.952
NZDJPY,2020-03,64.07842,-4.902
NZDJPY,2020-04,65.76876,2.638
NZDJPY,2020-05,66.67698,1.381
NZDJPY,2020-06,69.47077,4.190
NZDJPY,2020-07,70.28104,1.166
NZDJPY,2020-08,71.47488,1.699
NZDJPY,2020-09,69.76806,-2.388
NZDJPY,2020-10,69.09908,-0.959
NZDJPY,2020-11,73.24398,5.998
NZDJPY,2020-12,74.23741,1.356
NZDJPY,2021-01,75.34020,1.485
NZDJPY,2021-02,77.30337,2.606
NZDJPY,2021-03,77.30640,0.004
NZDJPY,2021-04,78.37838,1.387
NZDJPY,2021-05,79.65045,1.623
NZDJPY,2021-06,77.48936,-2.713
NZDJPY,2021-07,76.59010,-1.160
NZDJPY,2021-08,77.49454,1.181
NZDJPY,2021-09,76.92308,-0.737
NZDJPY,2021-10,81.62491,6.112
NZDJPY,2021-11,76.93144,-5.750
NZDJPY,2021-12,78.76487,2.383
NZDJPY,2022-01,75.80263,-3.761
NZDJPY,2022-02,77.97724,2.869
NZDJPY,2022-03,84.35091,8.174
NZDJPY,2022-04,84.08237,-0.318
NZDJPY,2022-05,83.80387,-0.331
NZDJPY,2022-06,84.73740,1.114
NZDJPY,2022-07,83.66822,-1.262
NZDJPY,2022-08,85.10155,1.713
NZDJPY,2022-09,81.64636,-4.060
NZDJPY,2022-10,86.35254,5.764
NZDJPY,2022-11,86.84621,0.572
NZDJPY,2022-12,83.59335,-3.746
NZDJPY,2023-01,84.16527,0.684
NZDJPY,2023-02,84.29235,0.151
NZDJPY,2023-03,83.24972,-1.237
NZDJPY,2023-04,84.13661,1.065
NZDJPY,2023-05,83.79594,-0.405
NZDJPY,2023-06,88.60472,5.739
NZDJPY,2023-07,88.43690,-0.189
NZDJPY,2023-08,86.65239,-2.018
NZDJPY,2023-09,89.85028,3.690
NZDJPY,2023-10,88.08887,-1.960
NZDJPY,2023-11,91.17647,3.505
NZDJPY,2023-12,89.34255,-2.011
NZDJPY,2024-01,89.90657,0.631
NZDJPY,2024-02,91.31892,1.571
NZDJPY,2024-03,90.53463,-0.859
NZDJPY,2024-04,93.13627,2.874
NZDJPY,2024-05,96.46517,3.574
NZDJPY,2024-06,98.07364,1.667
NZDJPY,2024-07,89.43205,-8.811
NZDJPY,2024-08,91.09918,1.864
NZDJPY,2024-09,91.14915,0.055
NZDJPY,2024-10,90.66294,-0.533
NZDJPY,2024-11,88.93685,-1.904
NZDJPY,2024-12,88.06379,-0.982
NZDJPY,2025-01,87.80253,-0.297
NZDJPY,2025-02,84.38743,-3.890
NZDJPY,2025-03,84.93399,0.648
NZDJPY,2025-04,84.62177,-0.368
NZDJPY,2025-05,86.10331,1.751
NZDJPY,2025-06,87.82821,2.003
NZDJPY,2025-07,88.76577,1.067
NZDJPY,2025-08,86.68712,-2.342
NZDJPY,2025-09,85.80956,-1.012
NZDJPY,2025-10,88.24035,2.833
NZDJPY,2025-11,89.59325,1.533
NZDJPY,2025-12,90.23941,0.721
NZDJPY,2026-01,93.34704,3.444
NZDJPY,2026-02,93.62813,0.301
NZDJPY,2026-03,90.83538,-2.983
NZDJPY,2026-04,92.30497,1.618
NZDJPY,2026-05,95.41015,3.364
NZDJPY,2026-06,92.29765,-3.262
NZDJPY,2026-07,93.56849,1.377
NZDJPY,2026-08,94.52071,1.018
NZDJPY,2026-09,89.07401,-5.762
NZDUSD,2009-02,0.50299,-1.061
NZDUSD,2009-03,0.56918,13.160
NZDUSD,2009-04,0.56951,0.057
NZDUSD,2009-05,0.63698,11.848
NZDUSD,2009-06,0.64470,1.212
NZDUSD,2009-07,0.66050,2.450
NZDUSD,2009-08,0.68559,3.798
NZDUSD,2009-09,0.72327,5.497
NZDUSD,2009-10,0.72301,-0.036
NZDUSD,2009-11,0.71510,-1.094
NZDUSD,2009-12,0.72548,1.451
NZDUSD,2010-01,0.70462,-2.875
NZDUSD,2010-02,0.69999,-0.658
NZDUSD,2010-03,0.70982,1.405
NZDUSD,2010-04,0.73201,3.126
NZDUSD,2010-05,0.67981,-7.131
NZDUSD,2010-06,0.69008,1.511
NZDUSD,2010-07,0.72611,5.221
NZDUSD,2010-08,0.69950,-3.665
NZDUSD,2010-09,0.73292,4.779
NZDUSD,2010-10,0.76249,4.034
NZDUSD,2010-11,0.74449,-2.360
NZDUSD,2010-12,0.76870,3.252
NZDUSD,2011-01,0.77351,0.627
NZDUSD,2011-02,0.75222,-2.753
NZDUSD,2011-03,0.76388,1.551
NZDUSD,2011-04,0.80678,5.615
NZDUSD,2011-05,0.82311,2.025
NZDUSD,2011-06,0.82843,0.646
NZDUSD,2011-07,0.87758,5.932
NZDUSD,2011-08,0.85507,-2.565
NZDUSD,2011-09,0.76752,-10.239
NZDUSD,2011-10,0.81202,5.798
NZDUSD,2011-11,0.77688,-4.327
NZDUSD,2011-12,0.78052,0.468
NZDUSD,2012-01,0.82461,5.649
NZDUSD,2012-02,0.83970,1.831
NZDUSD,2012-03,0.82001,-2.345
NZDUSD,2012-04,0.81739,-0.319
NZDUSD,2012-05,0.75267,-7.918
NZDUSD,2012-06,0.80270,6.646
NZDUSD,2012-07,0.81149,1.096
NZDUSD,2012-08,0.80373,-0.956
NZDUSD,2012-09,0.82932,3.185
NZDUSD,2012-10,0.82203,-0.880
NZDUSD,2012-11,0.82008,-0.238
NZDUSD,2012-12,0.82672,0.810
NZDUSD,2013-01,0.83970,1.570
NZDUSD,2013-02,0.82857,-1.326
NZDUSD,2013-03,0.83598,0.894
NZDUSD,2013-04,0.85800,2.634
NZDUSD,2013-05,0.79732,-7.072
NZDUSD,2013-06,0.77549,-2.737
NZDUSD,2013-07,0.79510,2.528
NZDUSD,2013-08,0.77292,-2.790
NZDUSD,2013-09,0.83229,7.682
NZDUSD,2013-10,0.82768,-0.555
NZDUSD,2013-11,0.81573,-1.444
NZDUSD,2013-12,0.82291,0.881
NZDUSD,2014-01,0.80900,-1.691
NZDUSD,2014-02,0.83900,3.708
NZDUSD,2014-03,0.86843,3.508
NZDUSD,2014-04,0.86051,-0.912
NZDUSD,2014-05,0.84846,-1.400
NZDUSD,2014-06,0.87550,3.187
NZDUSD,2014-07,0.84897,-3.031
NZDUSD,2014-08,0.83668,-1.447
NZDUSD,2014-09,0.77882,-6.916
NZDUSD,2014-10,0.77803,-0.101
NZDUSD,2014-11,0.78401,0.768
NZDUSD,2014-12,0.77961,-0.561
NZDUSD,2015-01,0.72480,-7.031
NZDUSD,2015-02,0.75569,4.262
NZDUSD,2015-03,0.74850,-0.951
NZDUSD,2015-04,0.75913,1.420
NZDUSD,2015-05,0.71109,-6.329
NZDUSD,2015-06,0.67778,-4.683
NZDUSD,2015-07,0.66251,-2.253
NZDUSD,2015-08,0.63488,-4.171
NZDUSD,2015-09,0.63902,0.652
NZDUSD,2015-10,0.67659,5.880
NZDUSD,2015-11,0.65742,-2.833
NZDUSD,2015-12,0.68418,4.071
NZDUSD,2016-01,0.64691,-5.447
NZDUSD,2016-02,0.66011,2.040
NZDUSD,2016-03,0.69262,4.925
NZDUSD,2016-04,0.69842,0.838
NZDUSD,2016-05,0.67691,-3.080
NZDUSD,2016-06,0.71200,5.183
NZDUSD,2016-07,0.72160,1.349
NZDUSD,2016-08,0.72569,0.566
NZDUSD,2016-09,0.72902,0.459
NZDUSD,2016-10,0.71561,-1.839
NZDUSD,2016-11,0.70811,-1.048
NZDUSD,2016-12,0.69580,-1.739
NZDUSD,2017-01,0.73292,5.336
NZDUSD,2017-02,0.72291,-1.366
NZDUSD,2017-03,0.70008,-3.157
NZDUSD,2017-04,0.68601,-2.010
NZDUSD,2017-05,0.70998,3.493
NZDUSD,2017-06,0.73223,3.134
NZDUSD,2017-07,0.75030,2.468
NZDUSD,2017-08,0.71700,-4.438
NZDUSD,2017-09,0.72249,0.766
NZDUSD,2017-10,0.68498,-5.192
NZDUSD,2017-11,0.68498,0.000
NZDUSD,2017-12,0.70998,3.649
NZDUSD,2018-01,0.73719,3.833
NZDUSD,2018-02,0.72270,-1.966
NZDUSD,2018-03,0.72390,0.166
NZDUSD,2018-04,0.70432,-2.705
NZDUSD,2018-05,0.70038,-0.560
NZDUSD,2018-06,0.67728,-3.298
NZDUSD,2018-07,0.68120,0.579
NZDUSD,2018-08,0.66142,-2.904
NZDUSD,2018-09,0.66348,0.312
NZDUSD,2018-10,0.65300,-1.580
NZDUSD,2018-11,0.68799,5.359
NZDUSD,2018-12,0.67110,-2.456
NZDUSD,2019-01,0.69228,3.157
NZDUSD,2019-02,0.68078,-1.661
NZDUSD,2019-03,0.68199,0.177
NZDUSD,2019-04,0.66698,-2.201
NZDUSD,2019-05,0.65249,-2.173
NZDUSD,2019-06,0.67110,2.852
NZDUSD,2019-07,0.65980,-1.683
NZDUSD,2019-08,0.62988,-4.535
NZDUSD,2019-09,0.62621,-0.582
NZDUSD,2019-10,0.64140,2.424
NZDUSD,2019-11,0.64189,0.077
NZDUSD,2019-12,0.67449,5.079
NZDUSD,2020-01,0.64658,-4.138
NZDUSD,2020-02,0.62321,-3.615
NZDUSD,2020-03,0.59591,-4.380
NZDUSD,2020-04,0.61501,3.204
NZDUSD,2020-05,0.61870,0.600
NZDUSD,2020-06,0.64462,4.190
NZDUSD,2020-07,0.66441,3.070
NZDUSD,2020-08,0.67531,1.641
NZDUSD,2020-09,0.66081,-2.148
NZDUSD,2020-10,0.66098,0.026
NZDUSD,2020-11,0.70171,6.161
NZDUSD,2020-12,0.71942,2.525
NZDUSD,2021-01,0.71999,0.079
NZDUSD,2021-02,0.72490,0.681
NZDUSD,2021-03,0.69891,-3.585
NZDUSD,2021-04,0.71690,2.574
NZDUSD,2021-05,0.72522,1.160
NZDUSD,2021-06,0.69779,-3.782
NZDUSD,2021-07,0.69818,0.056
NZDUSD,2021-08,0.70418,0.859
NZDUSD,2021-09,0.68989,-2.028
NZDUSD,2021-10,0.71582,3.758
NZDUSD,2021-11,0.67949,-5.076
NZDUSD,2021-12,0.68390,0.650
NZDUSD,2022-01,0.65789,-3.803
NZDUSD,2022-02,0.67741,2.967
NZDUSD,2022-03,0.69459,2.535
NZDUSD,2022-04,0.64758,-6.767
NZDUSD,2022-05,0.65202,0.685
NZDUSD,2022-06,0.62449,-4.222
NZDUSD,2022-07,0.62790,0.546
NZDUSD,2022-08,0.61361,-2.276
NZDUSD,2022-09,0.56421,-8.051
NZDUSD,2022-10,0.58099,2.975
NZDUSD,2022-11,0.62340,7.300
NZDUSD,2022-12,0.63420,1.731
NZDUSD,2023-01,0.64658,1.953
NZDUSD,2023-02,0.61939,-4.206
NZDUSD,2023-03,0.62712,1.248
NZDUSD,2023-04,0.61870,-1.343
NZDUSD,2023-05,0.59948,-3.105
NZDUSD,2023-06,0.61331,2.306
NZDUSD,2023-07,0.62201,1.418
NZDUSD,2023-08,0.59481,-4.372
NZDUSD,2023-09,0.60129,1.088
NZDUSD,2023-10,0.58160,-3.274
NZDUSD,2023-11,0.61660,6.018
NZDUSD,2023-12,0.63399,2.821
NZDUSD,2024-01,0.61470,-3.043
NZDUSD,2024-02,0.60920,-0.896
NZDUSD,2024-03,0.59869,-1.724
NZDUSD,2024-04,0.59119,-1.253
NZDUSD,2024-05,0.61369,3.805
NZDUSD,2024-06,0.60961,-0.664
NZDUSD,2024-07,0.59471,-2.444
NZDUSD,2024-08,0.62418,4.956
NZDUSD,2024-09,0.63629,1.941
NZDUSD,2024-10,0.59510,-6.475
NZDUSD,2024-11,0.59130,-0.639
NZDUSD,2024-12,0.55960,-5.361
NZDUSD,2025-01,0.56680,1.287
NZDUSD,2025-02,0.56019,-1.165
NZDUSD,2025-03,0.56660,1.145
NZDUSD,2025-04,0.59330,4.711
NZDUSD,2025-05,0.59719,0.657
NZDUSD,2025-06,0.60920,2.010
NZDUSD,2025-07,0.58941,-3.248
NZDUSD,2025-08,0.59011,0.118
NZDUSD,2025-09,0.57991,-1.728
NZDUSD,2025-10,0.57280,-1.226
NZDUSD,2025-11,0.57369,0.155
NZDUSD,2025-12,0.57551,0.317
NZDUSD,2026-01,0.60481,5.093
NZDUSD,2026-02,0.59999,-0.798
NZDUSD,2026-03,0.57100,-4.831
NZDUSD,2026-04,0.58921,3.188
NZDUSD,2026-05,0.59920,1.696
NZDUSD,2026-06,0.56760,-5.273
NZDUSD,2026-07,0.58789,3.574
NZDUSD,2026-08,0.59172,0.651
NZDUSD,2026-09,0.56670,-4.228
USDCAD,2009-02,1.27100,2.790
USDCAD,2009-03,1.26060,-0.818
USDCAD,2009-04,1.19390,-5.291
USDCAD,2009-05,1.09570,-8.225
USDCAD,2009-06,1.16260,6.106
USDCAD,2009-07,1.07910,-7.182
USDCAD,2009-08,1.09670,1.631
USDCAD,2009-09,1.07190,-2.261
USDCAD,2009-10,1.07670,0.448
USDCAD,2009-11,1.05700,-1.830
USDCAD,2009-12,1.04610,-1.031
USDCAD,2010-01,1.06520,1.826
USDCAD,2010-02,1.05200,-1.239
USDCAD,2010-03,1.01560,-3.460
USDCAD,2010-04,1.01120,-0.433
USDCAD,2010-05,1.04970,3.807
USDCAD,2010-06,1.06060,1.038
USDCAD,2010-07,1.02930,-2.951
USDCAD,2010-08,1.06400,3.371
USDCAD,2010-09,1.02930,-3.261
USDCAD,2010-10,1.01870,-1.030
USDCAD,2010-11,1.02660,0.775
USDCAD,2010-12,1.00090,-2.503
USDCAD,2011-01,1.00200,0.110
USDCAD,2011-02,0.97370,-2.824
USDCAD,2011-03,0.97170,-0.205
USDCAD,2011-04,0.94860,-2.377
USDCAD,2011-05,0.96880,2.129
USDCAD,2011-06,0.96420,-0.475
USDCAD,2011-07,0.95390,-1.068
USDCAD,2011-08,0.97830,2.558
USDCAD,2011-09,1.03890,6.194
USDCAD,2011-10,0.99320,-4.399
USDCAD,2011-11,1.01990,2.688
USDCAD,2011-12,1.01680,-0.304
USDCAD,2012-01,1.00500,-1.161
USDCAD,2012-02,0.98660,-1.831
USDCAD,2012-03,0.99900,1.257
USDCAD,2012-04,0.98860,-1.041
USDCAD,2012-05,1.03490,4.683
USDCAD,2012-06,1.01900,-1.536
USDCAD,2012-07,1.00140,-1.727
USDCAD,2012-08,0.98620,-1.518
USDCAD,2012-09,0.98370,-0.253
USDCAD,2012-10,0.99940,1.596
USDCAD,2012-11,0.99310,-0.630
USDCAD,2012-12,0.99580,0.272
USDCAD,2013-01,0.99920,0.341
USDCAD,2013-02,1.02860,2.942
USDCAD,2013-03,1.01740,-1.089
USDCAD,2013-04,1.00720,-1.003
USDCAD,2013-05,1.03370,2.631
USDCAD,2013-06,1.05130,1.703
USDCAD,2013-07,1.02870,-2.150
USDCAD,2013-08,1.05540,2.596
USDCAD,2013-09,1.02840,-2.558
USDCAD,2013-10,1.04290,1.410
USDCAD,2013-11,1.05970,1.611
USDCAD,2013-12,1.06370,0.377
USDCAD,2014-01,1.11160,4.503
USDCAD,2014-02,1.10750,-0.369
USDCAD,2014-03,1.10530,-0.199
USDCAD,2014-04,1.09560,-0.878
USDCAD,2014-05,1.08670,-0.812
USDCAD,2014-06,1.06760,-1.758
USDCAD,2014-07,1.08890,1.995
USDCAD,2014-08,1.08580,-0.285
USDCAD,2014-09,1.12070,3.214
USDCAD,2014-10,1.12720,0.580
USDCAD,2014-11,1.14260,1.366
USDCAD,2014-12,1.16010,1.532
USDCAD,2015-01,1.27160,9.611
USDCAD,2015-02,1.25060,-1.651
USDCAD,2015-03,1.26810,1.399
USDCAD,2015-04,1.21160,-4.455
USDCAD,2015-05,1.24660,2.889
USDCAD,2015-06,1.24730,0.056
USDCAD,2015-07,1.30470,4.602
USDCAD,2015-08,1.32230,1.349
USDCAD,2015-09,1.33960,1.308
USDCAD,2015-10,1.30820,-2.344
USDCAD,2015-11,1.33320,1.911
USDCAD,2015-12,1.38390,3.803
USDCAD,2016-01,1.40740,1.698
USDCAD,2016-02,1.35220,-3.922
USDCAD,2016-03,1.29690,-4.090
USDCAD,2016-04,1.25490,-3.238
USDCAD,2016-05,1.30970,4.367
USDCAD,2016-06,1.30100,-0.664
USDCAD,2016-07,1.30400,0.231
USDCAD,2016-08,1.31220,0.629
USDCAD,2016-09,1.31150,-0.053
USDCAD,2016-10,1.34030,2.196
USDCAD,2016-11,1.34250,0.164
USDCAD,2016-12,1.34260,0.007
USDCAD,2017-01,1.30300,-2.950
USDCAD,2017-02,1.32470,1.665
USDCAD,2017-03,1.33210,0.559
USDCAD,2017-04,1.36690,2.612
USDCAD,2017-05,1.34980,-1.251
USDCAD,2017-06,1.29820,-3.823
USDCAD,2017-07,1.24900,-3.790
USDCAD,2017-08,1.25150,0.200
USDCAD,2017-09,1.25090,-0.048
USDCAD,2017-10,1.28940,3.078
USDCAD,2017-11,1.28840,-0.078
USDCAD,2017-12,1.25170,-2.848
USDCAD,2018-01,1.22930,-1.790
USDCAD,2018-02,1.28060,4.173
USDCAD,2018-03,1.28910,0.664
USDCAD,2018-04,1.28180,-0.566
USDCAD,2018-05,1.29700,1.186
USDCAD,2018-06,1.31400,1.311
USDCAD,2018-07,1.30170,-0.936
USDCAD,2018-08,1.30720,0.423
USDCAD,2018-09,1.29220,-1.147
USDCAD,2018-10,1.31290,1.602
USDCAD,2018-11,1.32820,1.165
USDCAD,2018-12,1.36440,2.725
USDCAD,2019-01,1.31400,-3.694
USDCAD,2019-02,1.31660,0.198
USDCAD,2019-03,1.33600,1.473
USDCAD,2019-04,1.34270,0.501
USDCAD,2019-05,1.35230,0.715
USDCAD,2019-06,1.30910,-3.195
USDCAD,2019-07,1.31430,0.397
USDCAD,2019-08,1.32900,1.118
USDCAD,2019-09,1.32430,-0.354
USDCAD,2019-10,1.31440,-0.748
USDCAD,2019-11,1.32910,1.118
USDCAD,2019-12,1.29620,-2.475
USDCAD,2020-01,1.32200,1.990
USDCAD,2020-02,1.34110,1.445
USDCAD,2020-03,1.41230,5.309
USDCAD,2020-04,1.39110,-1.501
USDCAD,2020-05,1.38090,-0.733
USDCAD,2020-06,1.36140,-1.412
USDCAD,2020-07,1.33840,-1.689
USDCAD,2020-08,1.30340,-2.615
USDCAD,2020-09,1.33230,2.217
USDCAD,2020-10,1.33320,0.068
USDCAD,2020-11,1.29820,-2.625
USDCAD,2020-12,1.27530,-1.764
USDCAD,2021-01,1.27760,0.180
USDCAD,2021-02,1.26980,-0.611
USDCAD,2021-03,1.25710,-1.000
USDCAD,2021-04,1.22910,-2.227
USDCAD,2021-05,1.20870,-1.660
USDCAD,2021-06,1.24040,2.623
USDCAD,2021-07,1.24660,0.500
USDCAD,2021-08,1.26290,1.308
USDCAD,2021-09,1.26730,0.348
USDCAD,2021-10,1.23970,-2.178
USDCAD,2021-11,1.28120,3.348
USDCAD,2021-12,1.27770,-0.273
USDCAD,2022-01,1.26940,-0.650
USDCAD,2022-02,1.26620,-0.252
USDCAD,2022-03,1.24820,-1.422
USDCAD,2022-04,1.28020,2.564
USDCAD,2022-05,1.26390,-1.273
USDCAD,2022-06,1.28710,1.836
USDCAD,2022-07,1.28010,-0.544
USDCAD,2022-08,1.30910,2.265
USDCAD,2022-09,1.37520,5.049
USDCAD,2022-10,1.36390,-0.822
USDCAD,2022-11,1.35380,-0.741
USDCAD,2022-12,1.35320,-0.044
USDCAD,2023-01,1.33330,-1.471
USDCAD,2023-02,1.36160,2.123
USDCAD,2023-03,1.35250,-0.668
USDCAD,2023-04,1.35520,0.200
USDCAD,2023-05,1.35880,0.266
USDCAD,2023-06,1.32320,-2.620
USDCAD,2023-07,1.31600,-0.544
USDCAD,2023-08,1.35390,2.880
USDCAD,2023-09,1.35350,-0.030
USDCAD,2023-10,1.38780,2.534
USDCAD,2023-11,1.35870,-2.097
USDCAD,2023-12,1.32020,-2.834
USDCAD,2024-01,1.33840,1.379
USDCAD,2024-02,1.35680,1.375
USDCAD,2024-03,1.35400,-0.206
USDCAD,2024-04,1.37480,1.536
USDCAD,2024-05,1.36460,-0.742
USDCAD,2024-06,1.36840,0.278
USDCAD,2024-07,1.38060,0.892
USDCAD,2024-08,1.34930,-2.267
USDCAD,2024-09,1.35110,0.133
USDCAD,2024-10,1.39390,3.168
USDCAD,2024-11,1.40140,0.538
USDCAD,2024-12,1.44000,2.754
USDCAD,2025-01,1.44590,0.410
USDCAD,2025-02,1.44330,-0.180
USDCAD,2025-03,1.43790,-0.374
USDCAD,2025-04,1.38070,-3.978
USDCAD,2025-05,1.37470,-0.435
USDCAD,2025-06,1.36200,-0.924
USDCAD,2025-07,1.38450,1.652
USDCAD,2025-08,1.37260,-0.860
USDCAD,2025-09,1.39270,1.464
USDCAD,2025-10,1.40100,0.596
USDCAD,2025-11,1.39740,-0.257
USDCAD,2025-12,1.37120,-1.875
USDCAD,2026-01,1.35570,-1.130
USDCAD,2026-02,1.36320,0.553
USDCAD,2026-03,1.39530,2.355
USDCAD,2026-04,1.36110,-2.451
USDCAD,2026-05,1.37840,1.271
USDCAD,2026-06,1.42050,3.054
USDCAD,2026-07,1.40280,-1.246
USDCAD,2026-08,1.38620,-1.183
USDCAD,2026-09,1.41400,2.005
USDCHF,2009-02,1.16720,0.517
USDCHF,2009-03,1.13950,-2.373
USDCHF,2009-04,1.14020,0.061
USDCHF,2009-05,1.06920,-6.227
USDCHF,2009-06,1.08670,1.637
USDCHF,2009-07,1.06680,-1.831
USDCHF,2009-08,1.05690,-0.928
USDCHF,2009-09,1.03750,-1.836
USDCHF,2009-10,1.02380,-1.320
USDCHF,2009-11,1.00500,-1.836
USDCHF,2009-12,1.03580,3.065
USDCHF,2010-01,1.05570,1.921
USDCHF,2010-02,1.07110,1.459
USDCHF,2010-03,1.05280,-1.709
USDCHF,2010-04,1.07670,2.270
USDCHF,2010-05,1.15340,7.124
USDCHF,2010-06,1.07740,-6.589
USDCHF,2010-07,1.04100,-3.379
USDCHF,2010-08,1.01500,-2.498
USDCHF,2010-09,0.98080,-3.369
USDCHF,2010-10,0.98500,0.428
USDCHF,2010-11,0.99850,1.371
USDCHF,2010-12,0.93690,-6.169
USDCHF,2011-01,0.94020,0.352
USDCHF,2011-02,0.93050,-1.032
USDCHF,2011-03,0.91570,-1.591
USDCHF,2011-04,0.86660,-5.362
USDCHF,2011-05,0.85250,-1.627
USDCHF,2011-06,0.84130,-1.314
USDCHF,2011-07,0.78810,-6.324
USDCHF,2011-08,0.80380,1.992
USDCHF,2011-09,0.90480,12.565
USDCHF,2011-10,0.87060,-3.780
USDCHF,2011-11,0.91060,4.595
USDCHF,2011-12,0.93740,2.943
USDCHF,2012-01,0.92200,-1.643
USDCHF,2012-02,0.90230,-2.137
USDCHF,2012-03,0.90260,0.033
USDCHF,2012-04,0.90810,0.609
USDCHF,2012-05,0.97130,6.960
USDCHF,2012-06,0.94850,-2.347
USDCHF,2012-07,0.97530,2.826
USDCHF,2012-08,0.95460,-2.122
USDCHF,2012-09,0.94000,-1.529
USDCHF,2012-10,0.93110,-0.947
USDCHF,2012-11,0.92640,-0.505
USDCHF,2012-12,0.91550,-1.177
USDCHF,2013-01,0.90930,-0.677
USDCHF,2013-02,0.93360,2.672
USDCHF,2013-03,0.94900,1.650
USDCHF,2013-04,0.92980,-2.023
USDCHF,2013-05,0.95830,3.065
USDCHF,2013-06,0.94500,-1.388
USDCHF,2013-07,0.92840,-1.757
USDCHF,2013-08,0.93130,0.312
USDCHF,2013-09,0.90410,-2.921
USDCHF,2013-10,0.90560,0.166
USDCHF,2013-11,0.90470,-0.099
USDCHF,2013-12,0.89040,-1.581
USDCHF,2014-01,0.90520,1.662
USDCHF,2014-02,0.88100,-2.673
USDCHF,2014-03,0.88400,0.341
USDCHF,2014-04,0.88000,-0.452
USDCHF,2014-05,0.89440,1.636
USDCHF,2014-06,0.88680,-0.850
USDCHF,2014-07,0.90860,2.458
USDCHF,2014-08,0.91740,0.969
USDCHF,2014-09,0.95540,4.142
USDCHF,2014-10,0.96230,0.722
USDCHF,2014-11,0.96580,0.364
USDCHF,2014-12,0.99340,2.858
USDCHF,2015-01,0.92100,-7.288
USDCHF,2015-02,0.95130,3.290
USDCHF,2015-03,0.97120,2.092
USDCHF,2015-04,0.94100,-3.110
USDCHF,2015-05,0.94040,-0.064
USDCHF,2015-06,0.93460,-0.617
USDCHF,2015-07,0.96360,3.103
USDCHF,2015-08,0.96810,0.467
USDCHF,2015-09,0.97730,0.950
USDCHF,2015-10,0.98580,0.870
USDCHF,2015-11,1.02820,4.301
USDCHF,2015-12,1.00170,-2.577
USDCHF,2016-01,1.02260,2.086
USDCHF,2016-02,0.99600,-2.601
USDCHF,2016-03,0.95830,-3.785
USDCHF,2016-04,0.95980,0.157
USDCHF,2016-05,0.99340,3.501
USDCHF,2016-06,0.97920,-1.429
USDCHF,2016-07,0.96900,-1.042
USDCHF,2016-08,0.98300,1.445
USDCHF,2016-09,0.96940,-1.384
USDCHF,2016-10,0.98900,2.022
USDCHF,2016-11,1.01870,3.003
USDCHF,2016-12,1.01600,-0.265
USDCHF,2017-01,0.98880,-2.677
USDCHF,2017-02,1.00220,1.355
USDCHF,2017-03,0.99980,-0.239
USDCHF,2017-04,0.99440,-0.540
USDCHF,2017-05,0.96840,-2.615
USDCHF,2017-06,0.95860,-1.012
USDCHF,2017-07,0.96500,0.668
USDCHF,2017-08,0.96100,-0.415
USDCHF,2017-09,0.96880,0.812
USDCHF,2017-10,0.99680,2.890
USDCHF,2017-11,0.98380,-1.304
USDCHF,2017-12,0.97380,-1.016
USDCHF,2018-01,0.93210,-4.282
USDCHF,2018-02,0.94300,1.169
USDCHF,2018-03,0.95320,1.082
USDCHF,2018-04,0.99110,3.976
USDCHF,2018-05,0.98440,-0.676
USDCHF,2018-06,0.99220,0.792
USDCHF,2018-07,0.98950,-0.272
USDCHF,2018-08,0.96980,-1.991
USDCHF,2018-09,0.97580,0.619
USDCHF,2018-10,1.00570,3.064
USDCHF,2018-11,0.99870,-0.696
USDCHF,2018-12,0.98320,-1.552
USDCHF,2019-01,0.99380,1.078
USDCHF,2019-02,0.99740,0.362
USDCHF,2019-03,0.99620,-0.120
USDCHF,2019-04,1.02000,2.389
USDCHF,2019-05,1.00340,-1.627
USDCHF,2019-06,0.97580,-2.751
USDCHF,2019-07,0.99020,1.476
USDCHF,2019-08,0.98990,-0.030
USDCHF,2019-09,0.99780,0.798
USDCHF,2019-10,0.98680,-1.102
USDCHF,2019-11,1.00010,1.348
USDCHF,2019-12,0.96770,-3.240
USDCHF,2020-01,0.96450,-0.331
USDCHF,2020-02,0.96710,0.270
USDCHF,2020-03,0.96270,-0.455
USDCHF,2020-04,0.96690,0.436
USDCHF,2020-05,0.96180,-0.527
USDCHF,2020-06,0.94670,-1.570
USDCHF,2020-07,0.91130,-3.739
USDCHF,2020-08,0.90120,-1.108
USDCHF,2020-09,0.91880,1.953
USDCHF,2020-10,0.91650,-0.250
USDCHF,2020-11,0.90600,-1.146
USDCHF,2020-12,0.88410,-2.417
USDCHF,2021-01,0.89050,0.724
USDCHF,2021-02,0.90920,2.100
USDCHF,2021-03,0.94180,3.586
USDCHF,2021-04,0.91270,-3.090
USDCHF,2021-05,0.89950,-1.446
USDCHF,2021-06,0.92530,2.868
USDCHF,2021-07,0.90610,-2.075
USDCHF,2021-08,0.91610,1.104
USDCHF,2021-09,0.93390,1.943
USDCHF,2021-10,0.91650,-1.863
USDCHF,2021-11,0.92170,0.567
USDCHF,2021-12,0.91460,-0.770
USDCHF,2022-01,0.93030,1.717
USDCHF,2022-02,0.91790,-1.333
USDCHF,2022-03,0.92110,0.349
USDCHF,2022-04,0.97230,5.559
USDCHF,2022-05,0.95700,-1.574
USDCHF,2022-06,0.95500,-0.209
USDCHF,2022-07,0.95130,-0.387
USDCHF,2022-08,0.97480,2.470
USDCHF,2022-09,0.98450,0.995
USDCHF,2022-10,1.00060,1.635
USDCHF,2022-11,0.94860,-5.197
USDCHF,2022-12,0.92410,-2.583
USDCHF,2023-01,0.91860,-0.595
USDCHF,2023-02,0.93760,2.068
USDCHF,2023-03,0.91290,-2.634
USDCHF,2023-04,0.89110,-2.388
USDCHF,2023-05,0.91290,2.446
USDCHF,2023-06,0.89470,-1.994
USDCHF,2023-07,0.86880,-2.895
USDCHF,2023-08,0.88370,1.715
USDCHF,2023-09,0.91410,3.440
USDCHF,2023-10,0.91000,-0.449
USDCHF,2023-11,0.87250,-4.121
USDCHF,2023-12,0.84050,-3.668
USDCHF,2024-01,0.85870,2.165
USDCHF,2024-02,0.88330,2.865
USDCHF,2024-03,0.90150,2.060
USDCHF,2024-04,0.91740,1.764
USDCHF,2024-05,0.90340,-1.526
USDCHF,2024-06,0.89920,-0.465
USDCHF,2024-07,0.87970,-2.169
USDCHF,2024-08,0.84930,-3.456
USDCHF,2024-09,0.84440,-0.577
USDCHF,2024-10,0.86480,2.416
USDCHF,2024-11,0.88220,2.012
USDCHF,2024-12,0.90680,2.788
USDCHF,2025-01,0.90880,0.221
USDCHF,2025-02,0.90190,-0.759
USDCHF,2025-03,0.88430,-1.951
USDCHF,2025-04,0.82270,-6.966
USDCHF,2025-05,0.82290,0.024
USDCHF,2025-06,0.79380,-3.536
USDCHF,2025-07,0.81230,2.331
USDCHF,2025-08,0.79960,-1.563
USDCHF,2025-09,0.79660,-0.375
USDCHF,2025-10,0.80270,0.766
USDCHF,2025-11,0.80360,0.112
USDCHF,2025-12,0.79360,-1.244
USDCHF,2026-01,0.77100,-2.848
USDCHF,2026-02,0.76860,-0.311
USDCHF,2026-03,0.80270,4.437
USDCHF,2026-04,0.78240,-2.529
USDCHF,2026-05,0.78110,-0.166
USDCHF,2026-06,0.80820,3.469
USDCHF,2026-07,0.80810,-0.012
USDCHF,2026-08,0.80850,0.049
USDCHF,2026-09,0.82820,2.437
USDJPY,2009-02,97.74000,8.806
USDJPY,2009-03,99.15000,1.443
USDJPY,2009-04,98.76000,-0.393
USDJPY,2009-05,95.55000,-3.250
USDJPY,2009-06,96.42000,0.911
USDJPY,2009-07,94.54000,-1.950
USDJPY,2009-08,92.82000,-1.819
USDJPY,2009-09,89.49000,-3.588
USDJPY,2009-10,90.50000,1.129
USDJPY,2009-11,86.12000,-4.840
USDJPY,2009-12,93.08000,8.082
USDJPY,2010-01,90.38000,-2.901
USDJPY,2010-02,88.84000,-1.704
USDJPY,2010-03,93.40000,5.133
USDJPY,2010-04,94.24000,0.899
USDJPY,2010-05,90.81000,-3.640
USDJPY,2010-06,88.49000,-2.555
USDJPY,2010-07,86.43000,-2.328
USDJPY,2010-08,84.10000,-2.696
USDJPY,2010-09,83.53000,-0.678
USDJPY,2010-10,80.48000,-3.651
USDJPY,2010-11,83.56000,3.827
USDJPY,2010-12,81.67000,-2.262
USDJPY,2011-01,81.97000,0.367
USDJPY,2011-02,81.94000,-0.037
USDJPY,2011-03,82.76000,1.001
USDJPY,2011-04,81.31000,-1.752
USDJPY,2011-05,81.29000,-0.025
USDJPY,2011-06,80.64000,-0.800
USDJPY,2011-07,77.18000,-4.291
USDJPY,2011-08,76.50000,-0.881
USDJPY,2011-09,77.04000,0.706
USDJPY,2011-10,77.97000,1.207
USDJPY,2011-11,77.58000,-0.500
USDJPY,2011-12,76.98000,-0.773
USDJPY,2012-01,76.34000,-0.831
USDJPY,2012-02,81.10000,6.235
USDJPY,2012-03,82.41000,1.615
USDJPY,2012-04,79.81000,-3.155
USDJPY,2012-05,78.29000,-1.905
USDJPY,2012-06,79.81000,1.941
USDJPY,2012-07,78.10000,-2.143
USDJPY,2012-08,78.30000,0.256
USDJPY,2012-09,77.92000,-0.485
USDJPY,2012-10,79.94000,2.592
USDJPY,2012-11,82.54000,3.252
USDJPY,2012-12,86.64000,4.967
USDJPY,2013-01,91.28000,5.355
USDJPY,2013-02,92.36000,1.183
USDJPY,2013-03,94.16000,1.949
USDJPY,2013-04,97.52000,3.568
USDJPY,2013-05,100.83000,3.394
USDJPY,2013-06,99.21000,-1.607
USDJPY,2013-07,98.35000,-0.867
USDJPY,2013-08,98.22000,-0.132
USDJPY,2013-09,98.29000,0.071
USDJPY,2013-10,98.10000,-0.193
USDJPY,2013-11,102.45000,4.434
USDJPY,2013-12,105.25000,2.733
USDJPY,2014-01,102.28000,-2.822
USDJPY,2014-02,102.08000,-0.196
USDJPY,2014-03,102.98000,0.882
USDJPY,2014-04,102.14000,-0.816
USDJPY,2014-05,101.77000,-0.362
USDJPY,2014-06,101.28000,-0.481
USDJPY,2014-07,102.75000,1.451
USDJPY,2014-08,104.00000,1.217
USDJPY,2014-09,109.66000,5.442
USDJPY,2014-10,112.09000,2.216
USDJPY,2014-11,118.70000,5.897
USDJPY,2014-12,119.85000,0.969
USDJPY,2015-01,117.44000,-2.011
USDJPY,2015-02,119.72000,1.941
USDJPY,2015-03,119.96000,0.200
USDJPY,2015-04,119.86000,-0.083
USDJPY,2015-05,123.98000,3.437
USDJPY,2015-06,122.10000,-1.516
USDJPY,2015-07,123.94000,1.507
USDJPY,2015-08,121.26000,-2.162
USDJPY,2015-09,119.81000,-1.196
USDJPY,2015-10,120.70000,0.743
USDJPY,2015-11,123.22000,2.088
USDJPY,2015-12,120.27000,-2.394
USDJPY,2016-01,121.05000,0.649
USDJPY,2016-02,112.90000,-6.733
USDJPY,2016-03,112.42000,-0.425
USDJPY,2016-04,106.90000,-4.910
USDJPY,2016-05,110.75000,3.601
USDJPY,2016-06,102.77000,-7.205
USDJPY,2016-07,102.32000,-0.438
USDJPY,2016-08,103.38000,1.036
USDJPY,2016-09,101.21000,-2.099
USDJPY,2016-10,105.07000,3.814
USDJPY,2016-11,114.34000,8.823
USDJPY,2016-12,116.78000,2.134
USDJPY,2017-01,112.72000,-3.477
USDJPY,2017-02,112.06000,-0.586
USDJPY,2017-03,111.41000,-0.580
USDJPY,2017-04,111.44000,0.027
USDJPY,2017-05,110.71000,-0.655
USDJPY,2017-06,112.40000,1.527
USDJPY,2017-07,110.38000,-1.797
USDJPY,2017-08,110.06000,-0.290
USDJPY,2017-09,112.64000,2.344
USDJPY,2017-10,113.63000,0.879
USDJPY,2017-11,112.30000,-1.170
USDJPY,2017-12,112.69000,0.347
USDJPY,2018-01,109.31000,-2.999
USDJPY,2018-02,106.62000,-2.461
USDJPY,2018-03,106.20000,-0.394
USDJPY,2018-04,109.28000,2.900
USDJPY,2018-05,108.73000,-0.503
USDJPY,2018-06,110.71000,1.821
USDJPY,2018-07,111.88000,1.057
USDJPY,2018-08,110.98000,-0.804
USDJPY,2018-09,113.48000,2.253
USDJPY,2018-10,112.86000,-0.546
USDJPY,2018-11,113.54000,0.603
USDJPY,2018-12,109.70000,-3.382
USDJPY,2019-01,108.84000,-0.784
USDJPY,2019-02,111.38000,2.334
USDJPY,2019-03,110.68000,-0.628
USDJPY,2019-04,111.40000,0.651
USDJPY,2019-05,108.66000,-2.460
USDJPY,2019-06,107.84000,-0.755
USDJPY,2019-07,108.58000,0.686
USDJPY,2019-08,106.30000,-2.100
USDJPY,2019-09,108.11000,1.703
USDJPY,2019-10,108.09000,-0.018
USDJPY,2019-11,109.47000,1.277
USDJPY,2019-12,108.67000,-0.731
USDJPY,2020-01,108.50000,-0.156
USDJPY,2020-02,108.12000,-0.350
USDJPY,2020-03,107.53000,-0.546
USDJPY,2020-04,106.94000,-0.549
USDJPY,2020-05,107.77000,0.776
USDJPY,2020-06,107.77000,0.000
USDJPY,2020-07,105.78000,-1.847
USDJPY,2020-08,105.84000,0.057
USDJPY,2020-09,105.58000,-0.246
USDJPY,2020-10,104.54000,-0.985
USDJPY,2020-11,104.38000,-0.153
USDJPY,2020-12,103.19000,-1.140
USDJPY,2021-01,104.64000,1.405
USDJPY,2021-02,106.64000,1.911
USDJPY,2021-03,110.61000,3.723
USDJPY,2021-04,109.33000,-1.157
USDJPY,2021-05,109.83000,0.457
USDJPY,2021-06,111.05000,1.111
USDJPY,2021-07,109.70000,-1.216
USDJPY,2021-08,110.05000,0.319
USDJPY,2021-09,111.50000,1.318
USDJPY,2021-10,114.03000,2.269
USDJPY,2021-11,113.22000,-0.710
USDJPY,2021-12,115.17000,1.722
USDJPY,2022-01,115.22000,0.043
USDJPY,2022-02,115.11000,-0.095
USDJPY,2022-03,121.44000,5.499
USDJPY,2022-04,129.84000,6.917
USDJPY,2022-05,128.53000,-1.009
USDJPY,2022-06,135.69000,5.571
USDJPY,2022-07,133.25000,-1.798
USDJPY,2022-08,138.69000,4.083
USDJPY,2022-09,144.71000,4.341
USDJPY,2022-10,148.63000,2.709
USDJPY,2022-11,139.31000,-6.271
USDJPY,2022-12,131.81000,-5.384
USDJPY,2023-01,130.17000,-1.244
USDJPY,2023-02,136.09000,4.548
USDJPY,2023-03,132.75000,-2.454
USDJPY,2023-04,135.99000,2.441
USDJPY,2023-05,139.78000,2.787
USDJPY,2023-06,144.47000,3.355
USDJPY,2023-07,142.18000,-1.585
USDJPY,2023-08,145.68000,2.462
USDJPY,2023-09,149.43000,2.574
USDJPY,2023-10,151.46000,1.358
USDJPY,2023-11,147.87000,-2.370
USDJPY,2023-12,140.92000,-4.700
USDJPY,2024-01,146.26000,3.789
USDJPY,2024-02,149.90000,2.489
USDJPY,2024-03,151.22000,0.881
USDJPY,2024-04,157.54000,4.179
USDJPY,2024-05,157.19000,-0.222
USDJPY,2024-06,160.88000,2.347
USDJPY,2024-07,150.38000,-6.527
USDJPY,2024-08,145.95000,-2.946
USDJPY,2024-09,143.25000,-1.850
USDJPY,2024-10,152.35000,6.353
USDJPY,2024-11,150.41000,-1.273
USDJPY,2024-12,157.37000,4.627
USDJPY,2025-01,154.91000,-1.563
USDJPY,2025-02,150.64000,-2.756
USDJPY,2025-03,149.90000,-0.491
USDJPY,2025-04,142.63000,-4.850
USDJPY,2025-05,144.18000,1.087
USDJPY,2025-06,144.17000,-0.007
USDJPY,2025-07,150.60000,4.460
USDJPY,2025-08,146.90000,-2.457
USDJPY,2025-09,147.97000,0.728
USDJPY,2025-10,154.05000,4.109
USDJPY,2025-11,156.17000,1.376
USDJPY,2025-12,156.80000,0.403
USDJPY,2026-01,154.34000,-1.569
USDJPY,2026-02,156.05000,1.108
USDJPY,2026-03,159.08000,1.942
USDJPY,2026-04,156.66000,-1.521
USDJPY,2026-05,159.23000,1.640
USDJPY,2026-06,162.61000,2.123
USDJPY,2026-07,159.16000,-2.122
USDJPY,2026-08,159.74000,0.364
USDJPY,2026-09,157.18000,-1.603
XAUUSD,2009-02,943.00000,9.779
XAUUSD,2009-03,924.00000,-2.015
XAUUSD,2009-04,890.00000,-3.680
XAUUSD,2009-05,929.00000,4.382
XAUUSD,2009-06,946.00000,1.830
XAUUSD,2009-07,934.00000,-1.268
XAUUSD,2009-08,949.00000,1.606
XAUUSD,2009-09,996.59000,5.015
XAUUSD,2009-10,1043.00000,4.657
XAUUSD,2009-11,1127.00000,8.054
XAUUSD,2009-12,1135.00000,0.710
XAUUSD,2010-01,1118.00000,-1.498
XAUUSD,2010-02,1095.00000,-2.057
XAUUSD,2010-03,1113.00000,1.644
XAUUSD,2010-04,1149.00000,3.235
XAUUSD,2010-05,1205.00000,4.874
XAUUSD,2010-06,1233.00000,2.324
XAUUSD,2010-07,1193.00000,-3.244
XAUUSD,2010-08,1216.00000,1.928
XAUUSD,2010-09,1271.00000,4.523
XAUUSD,2010-10,1342.00000,5.586
XAUUSD,2010-11,1370.00000,2.086
XAUUSD,2010-12,1391.00000,1.533
XAUUSD,2011-01,1360.00000,-2.229
XAUUSD,2011-02,1375.00000,1.103
XAUUSD,2011-03,1423.00000,3.491
XAUUSD,2011-04,1481.00000,4.076
XAUUSD,2011-05,1513.00000,2.161
XAUUSD,2011-06,1529.00000,1.058
XAUUSD,2011-07,1573.00000,2.878
XAUUSD,2011-08,1759.00000,11.825
XAUUSD,2011-09,1772.00000,0.739
XAUUSD,2011-10,1666.00000,-5.982
XAUUSD,2011-11,1739.00000,4.382
XAUUSD,2011-12,1640.00000,-5.693
XAUUSD,2012-01,1654.00000,0.854
XAUUSD,2012-02,1745.00000,5.502
XAUUSD,2012-03,1676.00000,-3.954
XAUUSD,2012-04,1649.00000,-1.611
XAUUSD,2012-05,1589.00000,-3.639
XAUUSD,2012-06,1599.00000,0.629
XAUUSD,2012-07,1594.00000,-0.313
XAUUSD,2012-08,1630.00000,2.258
XAUUSD,2012-09,1745.00000,7.055
XAUUSD,2012-10,1747.00000,0.115
XAUUSD,2012-11,1722.00000,-1.431
XAUUSD,2012-12,1685.00000,-2.149
XAUUSD,2013-01,1672.00000,-0.772
XAUUSD,2013-02,1628.00000,-2.632
XAUUSD,2013-03,1593.00000,-2.150
XAUUSD,2013-04,1488.00000,-6.591
XAUUSD,2013-05,1414.00000,-4.973
XAUUSD,2013-06,1343.00000,-5.021
XAUUSD,2013-07,1286.00000,-4.244
XAUUSD,2013-08,1352.00000,5.132
XAUUSD,2013-09,1349.00000,-0.222
XAUUSD,2013-10,1317.00000,-2.372
XAUUSD,2013-11,1276.00000,-3.113
XAUUSD,2013-12,1222.00000,-4.232
XAUUSD,2014-01,1244.00000,1.800
XAUUSD,2014-02,1300.00000,4.502
XAUUSD,2014-03,1336.00000,2.769
XAUUSD,2014-04,1298.00000,-2.844
XAUUSD,2014-05,1289.00000,-0.693
XAUUSD,2014-06,1279.00000,-0.776
XAUUSD,2014-07,1311.00000,2.502
XAUUSD,2014-08,1295.00000,-1.220
XAUUSD,2014-09,1237.00000,-4.479
XAUUSD,2014-10,1222.00000,-1.213
XAUUSD,2014-11,1175.00000,-3.846
XAUUSD,2014-12,1201.00000,2.213
XAUUSD,2015-01,1251.00000,4.163
XAUUSD,2015-02,1227.00000,-1.918
XAUUSD,2015-03,1179.00000,-3.912
XAUUSD,2015-04,1199.00000,1.696
XAUUSD,2015-05,1199.00000,0.000
XAUUSD,2015-06,1182.00000,-1.418
XAUUSD,2015-07,1128.00000,-4.569
XAUUSD,2015-08,1118.00000,-0.887
XAUUSD,2015-09,1125.00000,0.626
XAUUSD,2015-10,1159.00000,3.022
XAUUSD,2015-11,1086.00000,-6.299
XAUUSD,2015-12,1076.00000,-0.921
XAUUSD,2016-01,1098.00000,2.045
XAUUSD,2016-02,1200.00000,9.290
XAUUSD,2016-03,1245.00000,3.750
XAUUSD,2016-04,1242.00000,-0.241
XAUUSD,2016-05,1261.00000,1.530
XAUUSD,2016-06,1276.00000,1.190
XAUUSD,2016-07,1337.00000,4.781
XAUUSD,2016-08,1340.00000,0.224
XAUUSD,2016-09,1327.00000,-0.970
XAUUSD,2016-10,1267.00000,-4.521
XAUUSD,2016-11,1238.00000,-2.289
XAUUSD,2016-12,1157.00000,-6.543
XAUUSD,2017-01,1192.00000,3.025
XAUUSD,2017-02,1234.00000,3.523
XAUUSD,2017-03,1231.00000,-0.243
XAUUSD,2017-04,1267.00000,2.924
XAUUSD,2017-05,1246.00000,-1.657
XAUUSD,2017-06,1260.00000,1.124
XAUUSD,2017-07,1237.00000,-1.825
XAUUSD,2017-08,1283.00000,3.719
XAUUSD,2017-09,1314.00000,2.416
XAUUSD,2017-10,1280.00000,-2.588
XAUUSD,2017-11,1282.00000,0.156
XAUUSD,2017-12,1264.00000,-1.404
XAUUSD,2018-01,1331.00000,5.301
XAUUSD,2018-02,1331.00000,0.000
XAUUSD,2018-03,1325.00000,-0.451
XAUUSD,2018-04,1335.00000,0.755
XAUUSD,2018-05,1303.00000,-2.397
XAUUSD,2018-06,1282.00000,-1.612
XAUUSD,2018-07,1238.00000,-3.432
XAUUSD,2018-08,1202.00000,-2.908
XAUUSD,2018-09,1198.00000,-0.333
XAUUSD,2018-10,1215.00000,1.419
XAUUSD,2018-11,1221.00000,0.494
XAUUSD,2018-12,1250.00000,2.375
XAUUSD,2019-01,1292.00000,3.360
XAUUSD,2019-02,1320.00000,2.167
XAUUSD,2019-03,1301.00000,-1.439
XAUUSD,2019-04,1286.00000,-1.153
XAUUSD,2019-05,1284.00000,-0.156
XAUUSD,2019-06,1359.00000,5.841
XAUUSD,2019-07,1413.00000,3.974
XAUUSD,2019-08,1500.00000,6.157
XAUUSD,2019-09,1511.00000,0.733
XAUUSD,2019-10,1495.00000,-1.059
XAUUSD,2019-11,1471.00000,-1.605
XAUUSD,2019-12,1479.00000,0.544
XAUUSD,2020-01,1561.00000,5.544
XAUUSD,2020-02,1597.00000,2.306
XAUUSD,2020-03,1592.00000,-0.313
XAUUSD,2020-04,1683.00000,5.716
XAUUSD,2020-05,1716.00000,1.961
XAUUSD,2020-06,1732.00000,0.932
XAUUSD,2020-07,1847.00000,6.640
XAUUSD,2020-08,1969.00000,6.605
XAUUSD,2020-09,1922.00000,-2.387
XAUUSD,2020-10,1900.00000,-1.145
XAUUSD,2020-11,1866.00000,-1.789
XAUUSD,2020-12,1858.00000,-0.429
XAUUSD,2021-01,1867.00000,0.484
XAUUSD,2021-02,1808.00000,-3.160
XAUUSD,2021-03,1718.00000,-4.978
XAUUSD,2021-04,1760.00000,2.445
XAUUSD,2021-05,1850.00000,5.114
XAUUSD,2021-06,1835.00000,-0.811
XAUUSD,2021-07,1808.00000,-1.471
XAUUSD,2021-08,1785.00000,-1.272
XAUUSD,2021-09,1775.00000,-0.560
XAUUSD,2021-10,1777.00000,0.113
XAUUSD,2021-11,1822.00000,2.532
XAUUSD,2021-12,1790.00000,-1.756
XAUUSD,2022-01,1816.00000,1.453
XAUUSD,2022-02,1856.00000,2.203
XAUUSD,2022-03,1948.00000,4.957
XAUUSD,2022-04,1937.00000,-0.565
XAUUSD,2022-05,1849.00000,-4.543
XAUUSD,2022-06,1837.00000,-0.649
XAUUSD,2022-07,1733.00000,-5.661
XAUUSD,2022-08,1765.00000,1.847
XAUUSD,2022-09,1681.00000,-4.759
XAUUSD,2022-10,1664.00000,-1.011
XAUUSD,2022-11,1725.00000,3.666
XAUUSD,2022-12,1798.00000,4.232
XAUUSD,2023-01,1898.00000,5.562
XAUUSD,2023-02,1855.00000,-2.266
XAUUSD,2023-03,1913.00000,3.127
XAUUSD,2023-04,2000.00000,4.548
XAUUSD,2023-05,1992.00000,-0.400
XAUUSD,2023-06,1943.00000,-2.460
XAUUSD,2023-07,1951.00000,0.412
XAUUSD,2023-08,1919.00000,-1.640
XAUUSD,2023-09,1916.00000,-0.156
XAUUSD,2023-10,1916.00000,0.000
XAUUSD,2023-11,1984.00000,3.549
XAUUSD,2023-12,2026.00000,2.117
XAUUSD,2024-01,2034.00000,0.395
XAUUSD,2024-02,2023.00000,-0.541
XAUUSD,2024-03,2158.00000,6.673
XAUUSD,2024-04,2331.00000,8.017
XAUUSD,2024-05,2351.00000,0.858
XAUUSD,2024-06,2326.00000,-1.063
XAUUSD,2024-07,2398.00000,3.095
XAUUSD,2024-08,2470.00000,3.003
XAUUSD,2024-09,2571.00000,4.089
XAUUSD,2024-10,2690.00000,4.629
XAUUSD,2024-11,2651.00000,-1.450
XAUUSD,2024-12,2648.00000,-0.113
XAUUSD,2025-01,2710.00000,2.341
XAUUSD,2025-02,2895.00000,6.827
XAUUSD,2025-03,2983.00000,3.040
XAUUSD,2025-04,3218.00000,7.878
XAUUSD,2025-05,3309.00000,2.828
XAUUSD,2025-06,3353.00000,1.330
XAUUSD,2025-07,3340.00000,-0.388
XAUUSD,2025-08,3368.00000,0.838
XAUUSD,2025-09,3668.00000,8.907
XAUUSD,2025-10,4058.33000,10.641
XAUUSD,2025-11,4087.00000,0.706
XAUUSD,2025-12,4309.00000,5.432
XAUUSD,2026-01,4753.00000,10.304
XAUUSD,2026-02,5020.00000,5.618
XAUUSD,2026-03,4856.00000,-3.267
XAUUSD,2026-04,4721.00000,-2.780
XAUUSD,2026-05,4587.00000,-2.838
XAUUSD,2026-06,4228.00000,-7.826
XAUUSD,2026-07,4073.00000,-3.666
XAUUSD,2026-08,4411.00000,8.299
