date,paire,sens,entree,sl,tp,issue,r
2012-01-11,NZDUSD,vente,0.79750,0.80250,0.77250,stop,-1.03000
2012-01-12,AUDJPY,vente,79.75000,80.25000,77.25000,stop,-1.03600
2012-01-13,EURUSD,achat,1.27750,1.27250,1.30250,stop,-1.01600
2012-01-13,GBPUSD,achat,1.52750,1.52250,1.55250,objectif,4.97600
2012-01-13,AUDUSD,achat,1.02750,1.02250,1.05250,objectif,4.98000
2012-01-17,NZDUSD,vente,0.79750,0.80250,0.77250,stop,-1.03000
2012-01-17,AUDJPY,vente,79.75000,80.25000,77.25000,stop,-1.03600
2012-01-19,GBPUSD,vente,1.54750,1.55250,1.52250,stop,-1.02400
2012-01-19,USDJPY,vente,77.25000,77.75000,74.75000,stop,-1.02000
2012-01-20,AUDUSD,vente,1.04750,1.05250,1.02250,stop,-1.02000
2012-01-23,EURUSD,vente,1.29750,1.30250,1.27250,stop,-1.01600
2012-01-25,AUDJPY,vente,82.25000,82.75000,79.75000,stop,-1.03600
2012-01-26,NZDUSD,vente,0.82250,0.82750,0.79750,stop,-1.03000
2012-01-26,GBPUSD,vente,1.57250,1.57750,1.54750,stop,-1.02400
2012-01-27,EURUSD,vente,1.32250,1.32750,1.29750,stop,-1.01600
2012-01-31,NZDUSD,vente,0.82250,0.82750,0.79750,stop,-1.03000
2012-02-01,AUDUSD,vente,1.07250,1.07750,1.04750,stop,-1.02000
2012-02-03,GBPUSD,achat,1.57750,1.57250,1.60250,stop,-1.02400
2012-02-03,AUDJPY,vente,82.25000,82.75000,79.75000,stop,-1.03600
2012-02-07,EURUSD,vente,1.32250,1.32750,1.29750,stop,-1.01600
2012-02-10,GBPUSD,achat,1.57750,1.57250,1.60250,stop,-1.02400
2012-02-10,NZDUSD,achat,0.82750,0.82250,0.85250,stop,-1.03000
2012-02-10,AUDJPY,achat,82.75000,82.25000,85.25000,objectif,4.96400
2012-02-13,AUDUSD,vente,1.07250,1.07750,1.04750,stop,-1.02000
2012-02-13,EURUSD,vente,1.32250,1.32750,1.29750,stop,-1.01600
2012-02-15,GBPUSD,vente,1.57250,1.57750,1.54750,stop,-1.02400
2012-02-16,AUDUSD,vente,1.07250,1.07750,1.04750,stop,-1.02000
2012-02-16,EURUSD,achat,1.30250,1.29750,1.32750,objectif,4.98400
2012-02-16,AUDJPY,vente,84.75000,85.25000,82.25000,stop,-1.03600
2012-02-16,NZDUSD,achat,0.82750,0.82250,0.85250,stop,-1.03000
2012-02-21,GBPUSD,achat,1.57750,1.57250,1.60250,stop,-1.02400
2012-02-22,NZDUSD,achat,0.82750,0.82250,0.85250,stop,-1.03000
2012-02-23,AUDUSD,vente,1.07250,1.07750,1.04750,stop,-1.02000
2012-02-24,EURUSD,vente,1.34750,1.35250,1.32250,objectif,4.98400
2012-02-27,AUDJPY,vente,87.25000,87.75000,84.75000,stop,-1.03600
2012-02-27,USDJPY,achat,80.25000,79.75000,82.75000,objectif,4.98000
2012-02-29,GBPUSD,vente,1.59750,1.60250,1.57250,objectif,4.97600
2012-03-02,EURUSD,achat,1.32750,1.32250,1.35250,stop,-1.01600
2012-03-02,AUDUSD,achat,1.07750,1.07250,1.10250,stop,-1.02000
2012-03-06,GBPUSD,achat,1.57750,1.57250,1.60250,stop,-1.02400
2012-03-06,AUDJPY,achat,85.25000,84.75000,87.75000,objectif,4.96400
2012-03-07,AUDUSD,achat,1.05250,1.04750,1.07750,stop,-1.02000
2012-03-08,NZDUSD,vente,0.82250,0.82750,0.79750,stop,-1.03000
2012-03-08,EURUSD,vente,1.32250,1.32750,1.29750,stop,-1.01600
2012-03-09,GBPUSD,achat,1.57750,1.57250,1.60250,stop,-1.02400
2012-03-09,AUDJPY,vente,87.25000,87.75000,84.75000,stop,-1.03600
2012-03-09,USDJPY,vente,82.25000,82.75000,79.75000,stop,-1.02000
2012-03-12,AUDUSD,achat,1.05250,1.04750,1.07750,stop,-1.02000
2012-03-13,NZDUSD,vente,0.82250,0.82750,0.79750,stop,-1.03000
2012-03-14,EURUSD,achat,1.30250,1.29750,1.32750,objectif,4.98400
2012-03-15,AUDUSD,vente,1.04750,1.05250,1.02250,stop,-1.02000
2012-03-15,GBPUSD,vente,1.57250,1.57750,1.54750,stop,-1.02400
2012-03-16,NZDUSD,vente,0.82250,0.82750,0.79750,stop,-1.03000
2012-03-19,EURUSD,vente,1.32250,1.32750,1.29750,stop,-1.01600
2012-03-20,AUDUSD,achat,1.05250,1.04750,1.07750,stop,-1.02000
2012-03-20,AUDJPY,achat,87.75000,87.25000,90.25000,stop,-1.03600
2012-03-22,USDJPY,achat,82.75000,82.25000,85.25000,stop,-1.02000
2012-03-22,GBPUSD,achat,1.57750,1.57250,1.60250,objectif,4.97600
2012-03-23,AUDUSD,vente,1.04750,1.05250,1.02250,stop,-1.02000
2012-03-23,AUDJPY,achat,85.25000,84.75000,87.75000,stop,-1.03600
2012-03-26,NZDUSD,vente,0.82250,0.82750,0.79750,stop,-1.03000
2012-03-27,USDJPY,achat,82.75000,82.25000,85.25000,stop,-1.02000
2012-03-29,EURUSD,achat,1.32750,1.32250,1.35250,stop,-1.01600
2012-03-29,AUDJPY,achat,85.25000,84.75000,87.75000,stop,-1.03600
2012-03-30,NZDUSD,vente,0.82250,0.82750,0.79750,stop,-1.03000
2012-04-03,USDJPY,vente,82.25000,82.75000,79.75000,stop,-1.02000
2012-04-03,EURUSD,achat,1.32750,1.32250,1.35250,stop,-1.01600
2012-04-04,AUDUSD,achat,1.02750,1.02250,1.05250,stop,-1.02000
2012-04-09,AUDUSD,achat,1.02750,1.02250,1.05250,stop,-1.02000
2012-04-09,NZDUSD,vente,0.82250,0.82750,0.79750,stop,-1.03000
2012-04-10,AUDJPY,achat,82.75000,82.25000,85.25000,stop,-1.03600
2012-04-12,GBPUSD,vente,1.59750,1.60250,1.57250,stop,-1.02400
2012-04-12,NZDUSD,vente,0.82250,0.82750,0.79750,stop,-1.03000
2012-04-13,AUDJPY,vente,84.75000,85.25000,82.25000,objectif,4.96400
2012-04-16,EURUSD,achat,1.30250,1.29750,1.32750,objectif,4.98400
2012-04-17,NZDUSD,vente,0.82250,0.82750,0.79750,objectif,4.97000
2012-04-18,GBPUSD,vente,1.59750,1.60250,1.57250,stop,-1.02400
2012-04-20,AUDJPY,vente,84.75000,85.25000,82.25000,objectif,4.96400
2012-04-20,EURUSD,vente,1.32250,1.32750,1.29750,stop,-1.01600
2012-04-23,AUDUSD,achat,1.02750,1.02250,1.05250,stop,-1.02000
2012-04-25,EURUSD,vente,1.32250,1.32750,1.29750,stop,-1.01600
2012-04-27,GBPUSD,vente,1.62250,1.62750,1.59750,stop,-1.02400
2012-04-27,NZDUSD,vente,0.82250,0.82750,0.79750,objectif,4.97000
2012-04-27,USDJPY,achat,80.25000,79.75000,82.75000,stop,-1.02000
2012-05-01,AUDJPY,achat,82.75000,82.25000,85.25000,stop,-1.03600
2012-05-03,NZDUSD,achat,0.80250,0.79750,0.82750,stop,-1.03000
2012-05-03,AUDUSD,achat,1.02750,1.02250,1.05250,stop,-1.02000
2012-05-07,EURUSD,achat,1.30250,1.29750,1.32750,stop,-1.01600
2012-05-09,AUDUSD,achat,1.00250,0.99750,1.02750,stop,-1.02000
2012-05-09,AUDJPY,achat,80.25000,79.75000,82.75000,stop,-1.03600
2012-05-10,EURUSD,vente,1.29750,1.30250,1.27250,objectif,4.98400
2012-05-14,NZDUSD,achat,0.77750,0.77250,0.80250,stop,-1.03000
2012-05-15,GBPUSD,achat,1.60250,1.59750,1.62750,stop,-1.02400
2012-05-15,EURUSD,achat,1.27750,1.27250,1.30250,stop,-1.01600
2012-05-18,EURUSD,vente,1.27250,1.27750,1.24750,stop,-1.01600
2012-05-18,NZDUSD,achat,0.75250,0.74750,0.77750,stop,-1.03000
2012-05-18,AUDJPY,achat,77.75000,77.25000,80.25000,stop,-1.03600
2012-05-22,USDJPY,vente,79.75000,80.25000,77.25000,stop,-1.02000
2012-05-22,GBPUSD,achat,1.57750,1.57250,1.60250,stop,-1.02400
2012-05-22,AUDUSD,achat,0.97750,0.97250,1.00250,stop,-1.02000
2012-05-23,AUDJPY,achat,77.75000,77.25000,80.25000,stop,-1.03600
2012-05-24,EURUSD,achat,1.25250,1.24750,1.27750,stop,-1.01600
2012-05-30,AUDUSD,achat,0.97750,0.97250,1.00250,stop,-1.02000
2012-05-30,GBPUSD,achat,1.55250,1.54750,1.57750,stop,-1.02400
2012-05-30,AUDJPY,achat,77.75000,77.25000,80.25000,stop,-1.03600
2012-05-30,NZDUSD,achat,0.75250,0.74750,0.77750,stop,-1.03000
2012-06-01,USDJPY,achat,77.75000,77.25000,80.25000,objectif,4.98000
2012-06-04,EURUSD,vente,1.24750,1.25250,1.22250,stop,-1.01600
2012-06-04,AUDJPY,achat,75.25000,74.75000,77.75000,objectif,4.96400
2012-06-04,AUDUSD,vente,0.97250,0.97750,0.94750,stop,-1.02000
2012-06-05,NZDUSD,achat,0.75250,0.74750,0.77750,objectif,4.97000
2012-06-06,GBPUSD,vente,1.54750,1.55250,1.52250,stop,-1.02400
2012-06-07,USDJPY,vente,79.75000,80.25000,77.25000,stop,-1.02000
2012-06-07,AUDUSD,vente,0.99750,1.00250,0.97250,stop,-1.02000
2012-06-08,EURUSD,achat,1.25250,1.24750,1.27750,stop,-1.01600
2012-06-08,AUDJPY,achat,77.75000,77.25000,80.25000,objectif,4.96400
2012-06-11,NZDUSD,vente,0.77250,0.77750,0.74750,stop,-1.03000
2012-06-13,AUDUSD,vente,0.99750,1.00250,0.97250,stop,-1.02000
2012-06-13,GBPUSD,achat,1.55250,1.54750,1.57750,stop,-1.02400
2012-06-18,EURUSD,vente,1.27250,1.27750,1.24750,objectif,4.98400
2012-06-18,AUDJPY,vente,79.75000,80.25000,77.25000,stop,-1.03600
2012-06-19,GBPUSD,vente,1.57250,1.57750,1.54750,stop,-1.02400
2012-06-19,NZDUSD,vente,0.79750,0.80250,0.77250,stop,-1.03000
2012-06-21,USDJPY,vente,79.75000,80.25000,77.25000,stop,-1.02000
2012-06-25,AUDJPY,achat,80.25000,79.75000,82.75000,stop,-1.03600
2012-06-25,EURUSD,achat,1.25250,1.24750,1.27750,stop,-1.01600
2012-06-25,AUDUSD,achat,1.00250,0.99750,1.02750,stop,-1.02000
2012-06-27,USDJPY,vente,79.75000,80.25000,77.25000,sortie vendredi,2.65400
2012-06-28,GBPUSD,achat,1.55250,1.54750,1.57750,stop,-1.02400
2012-06-28,AUDUSD,achat,1.00250,0.99750,1.02750,objectif,4.98000
2012-06-29,EURUSD,vente,1.24750,1.25250,1.22250,stop,-1.01600
2012-06-29,NZDUSD,vente,0.79750,0.80250,0.77250,stop,-1.03000
2012-07-03,USDJPY,vente,79.75000,80.25000,77.25000,sortie vendredi,1.81800
2012-07-04,EURUSD,achat,1.25250,1.24750,1.27750,stop,-1.01600
2012-07-05,GBPUSD,achat,1.55250,1.54750,1.57750,stop,-1.02400
2012-07-10,EURUSD,achat,1.22750,1.22250,1.25250,stop,-1.01600
2012-07-11,NZDUSD,vente,0.79750,0.80250,0.77250,stop,-1.03000
2012-07-11,USDJPY,vente,79.75000,80.25000,77.25000,sortie vendredi,2.39400
2012-07-11,AUDUSD,vente,1.02250,1.02750,0.99750,stop,-1.02000
2012-07-12,AUDJPY,achat,80.25000,79.75000,82.75000,stop,-1.03600
2012-07-13,EURUSD,vente,1.22250,1.22750,1.19750,stop,-1.01600
2012-07-13,GBPUSD,vente,1.54750,1.55250,1.52250,stop,-1.02400
2012-07-19,GBPUSD,vente,1.57250,1.57750,1.54750,objectif,4.97600
2012-07-23,AUDJPY,achat,80.25000,79.75000,82.75000,stop,-1.03600
2012-07-23,AUDUSD,achat,1.02750,1.02250,1.05250,stop,-1.02000
2012-07-26,NZDUSD,vente,0.79750,0.80250,0.77250,stop,-1.03000
2012-07-26,EURUSD,vente,1.22250,1.22750,1.19750,stop,-1.01600
2012-07-27,AUDJPY,vente,82.25000,82.75000,79.75000,stop,-1.03600
2012-07-27,GBPUSD,vente,1.57250,1.57750,1.54750,stop,-1.02400
2012-07-27,AUDUSD,vente,1.04750,1.05250,1.02250,stop,-1.02000
2012-08-01,AUDJPY,vente,82.25000,82.75000,79.75000,stop,-1.03600
2012-08-03,EURUSD,vente,1.22250,1.22750,1.19750,stop,-1.01600
2012-08-09,EURUSD,achat,1.22750,1.22250,1.25250,objectif,4.98400
2012-08-10,AUDUSD,achat,1.05250,1.04750,1.07750,stop,-1.02000
2012-08-10,AUDJPY,achat,82.75000,82.25000,85.25000,stop,-1.03600
2012-08-14,GBPUSD,vente,1.57250,1.57750,1.54750,stop,-1.02400
2012-08-15,EURUSD,achat,1.22750,1.22250,1.25250,objectif,4.98400
2012-08-17,AUDJPY,achat,82.75000,82.25000,85.25000,stop,-1.03600
2012-08-21,EURUSD,vente,1.24750,1.25250,1.22250,stop,-1.01600
2012-08-21,AUDUSD,vente,1.04750,1.05250,1.02250,stop,-1.02000
2012-08-24,EURUSD,achat,1.25250,1.24750,1.27750,stop,-1.01600
2012-08-29,NZDUSD,achat,0.80250,0.79750,0.82750,stop,-1.03000
2012-08-29,EURUSD,achat,1.25250,1.24750,1.27750,objectif,4.98400
2012-08-30,GBPUSD,achat,1.57750,1.57250,1.60250,objectif,4.97600
2012-09-03,AUDUSD,achat,1.02750,1.02250,1.05250,stop,-1.02000
2012-09-03,AUDJPY,achat,80.25000,79.75000,82.75000,stop,-1.03600
2012-09-06,NZDUSD,vente,0.79750,0.80250,0.77250,stop,-1.03000
2012-09-06,AUDUSD,vente,1.02250,1.02750,0.99750,stop,-1.02000
2012-09-07,EURUSD,vente,1.27250,1.27750,1.24750,stop,-1.01600
2012-09-07,GBPUSD,vente,1.59750,1.60250,1.57250,stop,-1.02400
2012-09-11,USDJPY,achat,77.75000,77.25000,80.25000,stop,-1.02000
2012-09-12,NZDUSD,vente,0.82250,0.82750,0.79750,stop,-1.03000
2012-09-12,AUDUSD,vente,1.04750,1.05250,1.02250,stop,-1.02000
2012-09-13,EURUSD,vente,1.29750,1.30250,1.27250,stop,-1.01600
2012-09-14,GBPUSD,vente,1.62250,1.62750,1.59750,stop,-1.02400
2012-09-14,AUDJPY,vente,82.25000,82.75000,79.75000,stop,-1.03600
2012-09-17,AUDUSD,achat,1.05250,1.04750,1.07750,stop,-1.02000
2012-09-20,EURUSD,achat,1.30250,1.29750,1.32750,stop,-1.01600
2012-09-21,AUDJPY,vente,82.25000,82.75000,79.75000,objectif,4.96400
2012-09-21,AUDUSD,vente,1.04750,1.05250,1.02250,objectif,4.98000
2012-09-26,AUDJPY,achat,80.25000,79.75000,82.75000,stop,-1.03600
2012-09-26,NZDUSD,vente,0.82250,0.82750,0.79750,stop,-1.03000
2012-09-27,GBPUSD,vente,1.62250,1.62750,1.59750,objectif,4.97600
2012-10-02,AUDUSD,achat,1.02750,1.02250,1.05250,stop,-1.02000
2012-10-02,AUDJPY,achat,80.25000,79.75000,82.75000,stop,-1.03600
2012-10-04,EURUSD,vente,1.29750,1.30250,1.27250,stop,-1.01600
2012-10-08,GBPUSD,achat,1.60250,1.59750,1.62750,stop,-1.02400
2012-10-10,AUDUSD,vente,1.02250,1.02750,0.99750,stop,-1.02000
2012-10-12,EURUSD,vente,1.29750,1.30250,1.27250,stop,-1.01600
2012-10-15,GBPUSD,achat,1.60250,1.59750,1.62750,stop,-1.02400
2012-10-17,NZDUSD,vente,0.82250,0.82750,0.79750,stop,-1.03000
2012-10-19,GBPUSD,achat,1.60250,1.59750,1.62750,stop,-1.02400
2012-10-19,EURUSD,achat,1.30250,1.29750,1.32750,stop,-1.01600
2012-10-22,USDJPY,vente,79.75000,80.25000,77.25000,stop,-1.02000
2012-10-22,AUDJPY,vente,82.25000,82.75000,79.75000,stop,-1.03600
2012-10-23,AUDUSD,achat,1.02750,1.02250,1.05250,sortie vendredi,3.95400
2012-10-24,GBPUSD,vente,1.59750,1.60250,1.57250,stop,-1.02400
2012-10-26,NZDUSD,vente,0.82250,0.82750,0.79750,stop,-1.03000
2012-10-26,AUDJPY,achat,82.75000,82.25000,85.25000,stop,-1.03600
2012-10-29,GBPUSD,achat,1.60250,1.59750,1.62750,stop,-1.02400
2012-10-30,EURUSD,vente,1.29750,1.30250,1.27250,objectif,4.98400
2012-11-02,GBPUSD,achat,1.60250,1.59750,1.62750,stop,-1.02400
2012-11-05,EURUSD,achat,1.27750,1.27250,1.30250,stop,-1.01600
2012-11-07,AUDUSD,vente,1.04750,1.05250,1.02250,stop,-1.02000
2012-11-08,AUDJPY,achat,82.75000,82.25000,85.25000,stop,-1.03600
2012-11-14,USDJPY,vente,79.75000,80.25000,77.25000,stop,-1.02000
2012-11-19,AUDJPY,vente,84.75000,85.25000,82.25000,stop,-1.03600
2012-11-21,USDJPY,vente,82.25000,82.75000,79.75000,stop,-1.02000
2012-11-21,EURUSD,achat,1.27750,1.27250,1.30250,objectif,4.98400
2012-11-23,GBPUSD,vente,1.59750,1.60250,1.57250,stop,-1.02400
2012-11-23,NZDUSD,vente,0.82250,0.82750,0.79750,stop,-1.03000
2012-11-27,USDJPY,vente,82.25000,82.75000,79.75000,stop,-1.02000
2012-11-28,AUDJPY,achat,85.25000,84.75000,87.75000,objectif,4.96400
2012-11-28,AUDUSD,vente,1.04750,1.05250,1.02250,stop,-1.02000
2012-12-04,AUDUSD,vente,1.04750,1.05250,1.02250,stop,-1.02000
2012-12-05,USDJPY,vente,82.25000,82.75000,79.75000,stop,-1.02000
2012-12-06,EURUSD,achat,1.30250,1.29750,1.32750,stop,-1.01600
2012-12-11,EURUSD,vente,1.29750,1.30250,1.27250,stop,-1.01600
2012-12-12,AUDJPY,vente,87.25000,87.75000,84.75000,stop,-1.03600
2012-12-14,NZDUSD,vente,0.84750,0.85250,0.82250,objectif,4.97000
2012-12-18,EURUSD,vente,1.32250,1.32750,1.29750,stop,-1.01600
2012-12-21,NZDUSD,achat,0.82750,0.82250,0.85250,stop,-1.03000
2012-12-21,AUDJPY,achat,87.75000,87.25000,90.25000,objectif,4.96400
2012-12-24,EURUSD,vente,1.32250,1.32750,1.29750,stop,-1.01600
2012-12-24,USDJPY,vente,84.75000,85.25000,82.25000,stop,-1.02000
2012-12-27,AUDJPY,vente,89.75000,90.25000,87.25000,stop,-1.03600
2012-12-27,NZDUSD,vente,0.82250,0.82750,0.79750,stop,-1.03000
2012-12-31,GBPUSD,vente,1.62250,1.62750,1.59750,stop,-1.02400
2013-01-02,USDJPY,vente,87.25000,87.75000,84.75000,stop,-1.02000
2013-01-02,EURUSD,vente,1.32250,1.32750,1.29750,stop,-1.01600
2013-01-02,AUDUSD,vente,1.04750,1.05250,1.02250,stop,-1.02000
2013-01-03,NZDUSD,achat,0.82750,0.82250,0.85250,stop,-1.03000
2013-01-04,GBPUSD,achat,1.60250,1.59750,1.62750,stop,-1.02400
2013-01-04,AUDJPY,vente,92.25000,92.75000,89.75000,stop,-1.03600
2013-01-07,USDJPY,achat,87.75000,87.25000,90.25000,stop,-1.02000
2013-01-07,EURUSD,achat,1.30250,1.29750,1.32750,objectif,4.98400
2013-01-09,AUDJPY,vente,92.25000,92.75000,89.75000,stop,-1.03600
2013-01-09,GBPUSD,achat,1.60250,1.59750,1.62750,stop,-1.02400
2013-01-10,EURUSD,vente,1.32250,1.32750,1.29750,stop,-1.01600
2013-01-15,EURUSD,achat,1.32750,1.32250,1.35250,objectif,4.98400
2013-01-16,AUDJPY,achat,92.75000,92.25000,95.25000,objectif,4.96400
2013-01-16,GBPUSD,achat,1.60250,1.59750,1.62750,stop,-1.02400
2013-01-17,AUDUSD,achat,1.05250,1.04750,1.07750,stop,-1.02000
2013-01-17,USDJPY,vente,89.75000,90.25000,87.25000,stop,-1.02000
2013-01-22,AUDJPY,vente,94.75000,95.25000,92.25000,stop,-1.03600
2013-01-22,EURUSD,achat,1.32750,1.32250,1.35250,objectif,4.98400
2013-01-24,USDJPY,vente,89.75000,90.25000,87.25000,stop,-1.02000
2013-01-24,GBPUSD,achat,1.57750,1.57250,1.60250,stop,-1.02400
2013-01-25,EURUSD,vente,1.34750,1.35250,1.32250,stop,-1.01600
2013-01-29,AUDUSD,vente,1.04750,1.05250,1.02250,objectif,4.98000
2013-01-29,GBPUSD,vente,1.57250,1.57750,1.54750,stop,-1.02400
2013-01-29,AUDJPY,vente,94.75000,95.25000,92.25000,stop,-1.03600
2013-02-01,USDJPY,vente,92.25000,92.75000,89.75000,stop,-1.02000
2013-02-01,GBPUSD,achat,1.57750,1.57250,1.60250,stop,-1.02400
2013-02-04,EURUSD,achat,1.35250,1.34750,1.37750,stop,-1.01600
2013-02-05,AUDJPY,vente,97.25000,97.75000,94.75000,objectif,4.96400
2013-02-07,GBPUSD,vente,1.57250,1.57750,1.54750,stop,-1.02400
2013-02-07,AUDUSD,achat,1.02750,1.02250,1.05250,stop,-1.02000
2013-02-08,USDJPY,achat,92.75000,92.25000,95.25000,stop,-1.02000
2013-02-08,AUDJPY,achat,95.25000,94.75000,97.75000,stop,-1.03600
2013-02-12,EURUSD,vente,1.34750,1.35250,1.32250,objectif,4.98400
2013-02-13,GBPUSD,achat,1.55250,1.54750,1.57750,stop,-1.02400
2013-02-14,USDJPY,achat,92.75000,92.25000,95.25000,stop,-1.02000
2013-02-18,AUDUSD,achat,1.02750,1.02250,1.05250,stop,-1.02000
2013-02-20,GBPUSD,achat,1.52750,1.52250,1.55250,stop,-1.02400
2013-02-20,EURUSD,achat,1.32750,1.32250,1.35250,stop,-1.01600
2013-02-21,AUDJPY,achat,95.25000,94.75000,97.75000,stop,-1.03600
2013-02-25,EURUSD,vente,1.32250,1.32750,1.29750,stop,-1.01600
2013-02-25,AUDUSD,achat,1.02750,1.02250,1.05250,stop,-1.02000
2013-02-25,USDJPY,achat,92.75000,92.25000,95.25000,stop,-1.02000
2013-02-26,NZDUSD,achat,0.82750,0.82250,0.85250,stop,-1.03000
2013-02-28,AUDJPY,vente,94.75000,95.25000,92.25000,stop,-1.03600
2013-03-01,GBPUSD,achat,1.50250,1.49750,1.52750,stop,-1.02400
2013-03-01,EURUSD,achat,1.30250,1.29750,1.32750,stop,-1.01600
2013-03-06,NZDUSD,achat,0.82750,0.82250,0.85250,stop,-1.03000
2013-03-06,GBPUSD,achat,1.50250,1.49750,1.52750,stop,-1.02400
2013-03-07,AUDJPY,vente,97.25000,97.75000,94.75000,stop,-1.03600
2013-03-07,USDJPY,vente,94.75000,95.25000,92.25000,stop,-1.02000
2013-03-08,EURUSD,achat,1.30250,1.29750,1.32750,stop,-1.01600
2013-03-13,GBPUSD,vente,1.49750,1.50250,1.47250,stop,-1.02400
2013-03-14,NZDUSD,vente,0.82250,0.82750,0.79750,stop,-1.03000
2013-03-14,AUDJPY,vente,99.75000,100.25000,97.25000,objectif,4.96400
2013-03-15,USDJPY,achat,95.25000,94.75000,97.75000,stop,-1.02000
2013-03-18,EURUSD,achat,1.30250,1.29750,1.32750,stop,-1.01600
2013-03-20,AUDJPY,vente,99.75000,100.25000,97.25000,objectif,4.96400
2013-03-21,USDJPY,achat,95.25000,94.75000,97.75000,stop,-1.02000
2013-03-22,EURUSD,vente,1.29750,1.30250,1.27250,stop,-1.01600
2013-03-22,GBPUSD,vente,1.52250,1.52750,1.49750,stop,-1.02400
2013-03-25,AUDJPY,achat,97.75000,97.25000,100.25000,stop,-1.03600
2013-03-25,AUDUSD,vente,1.04750,1.05250,1.02250,stop,-1.02000
2013-03-27,EURUSD,achat,1.27750,1.27250,1.30250,objectif,4.98400
2013-04-01,EURUSD,achat,1.27750,1.27250,1.30250,objectif,4.98400
2013-04-01,AUDJPY,achat,97.75000,97.25000,100.25000,stop,-1.03600
2013-04-01,GBPUSD,vente,1.52250,1.52750,1.49750,stop,-1.02400
2013-04-02,AUDUSD,vente,1.04750,1.05250,1.02250,stop,-1.02000
2013-04-02,USDJPY,achat,92.75000,92.25000,95.25000,objectif,4.98000
2013-04-04,GBPUSD,vente,1.52250,1.52750,1.49750,stop,-1.02400
2013-04-04,AUDJPY,vente,99.75000,100.25000,97.25000,stop,-1.03600
2013-04-04,EURUSD,achat,1.27750,1.27250,1.30250,objectif,4.98400
2013-04-05,USDJPY,vente,97.25000,97.75000,94.75000,stop,-1.02000
2013-04-09,AUDUSD,vente,1.04750,1.05250,1.02250,stop,-1.02000
2013-04-10,AUDJPY,vente,104.75000,105.25000,102.25000,stop,-1.03600
2013-04-10,USDJPY,vente,99.75000,100.25000,97.25000,objectif,4.98000
2013-04-15,EURUSD,achat,1.30250,1.29750,1.32750,stop,-1.01600
2013-04-15,AUDJPY,achat,102.75000,102.25000,105.25000,stop,-1.03600
2013-04-15,USDJPY,achat,97.75000,97.25000,100.25000,stop,-1.02000
2013-04-15,NZDUSD,achat,0.85250,0.84750,0.87750,stop,-1.03000
2013-04-15,GBPUSD,achat,1.52750,1.52250,1.55250,stop,-1.02400
2013-04-18,USDJPY,achat,97.75000,97.25000,100.25000,stop,-1.02000
2013-04-19,AUDJPY,vente,102.25000,102.75000,99.75000,stop,-1.03600
2013-04-19,NZDUSD,vente,0.84750,0.85250,0.82250,stop,-1.03000
2013-04-22,EURUSD,achat,1.30250,1.29750,1.32750,stop,-1.01600
2013-04-24,NZDUSD,vente,0.84750,0.85250,0.82250,stop,-1.03000
2013-04-25,GBPUSD,vente,1.54750,1.55250,1.52250,stop,-1.02400
2013-04-26,USDJPY,achat,97.75000,97.25000,100.25000,stop,-1.02000
2013-05-01,EURUSD,vente,1.32250,1.32750,1.29750,objectif,4.98400
2013-05-01,AUDJPY,achat,100.25000,99.75000,102.75000,stop,-1.03600
2013-05-01,AUDUSD,achat,1.02750,1.02250,1.05250,stop,-1.02000
2013-05-01,NZDUSD,achat,0.85250,0.84750,0.87750,stop,-1.03000
2013-05-02,GBPUSD,achat,1.55250,1.54750,1.57750,stop,-1.02400
2013-05-06,AUDUSD,achat,1.02750,1.02250,1.05250,stop,-1.02000
2013-05-09,EURUSD,achat,1.30250,1.29750,1.32750,stop,-1.01600
2013-05-09,USDJPY,vente,99.75000,100.25000,97.25000,stop,-1.02000
2013-05-09,AUDUSD,vente,1.02250,1.02750,0.99750,objectif,4.98000
2013-05-09,NZDUSD,vente,0.84750,0.85250,0.82250,objectif,4.97000
2013-05-14,GBPUSD,achat,1.52750,1.52250,1.55250,stop,-1.02400
2013-05-14,USDJPY,vente,102.25000,102.75000,99.75000,stop,-1.02000
2013-05-16,AUDJPY,achat,100.25000,99.75000,102.75000,stop,-1.03600
2013-05-17,AUDUSD,achat,0.97750,0.97250,1.00250,stop,-1.02000
2013-05-20,USDJPY,achat,102.75000,102.25000,105.25000,stop,-1.02000
2013-05-20,GBPUSD,vente,1.52250,1.52750,1.49750,stop,-1.02400
2013-05-22,AUDJPY,achat,100.25000,99.75000,102.75000,stop,-1.03600
2013-05-22,EURUSD,vente,1.29750,1.30250,1.27250,stop,-1.01600
2013-05-22,AUDUSD,achat,0.97750,0.97250,1.00250,stop,-1.02000
2013-05-23,USDJPY,achat,102.75000,102.25000,105.25000,stop,-1.02000
2013-05-28,USDJPY,vente,102.25000,102.75000,99.75000,objectif,4.98000
2013-05-28,GBPUSD,achat,1.50250,1.49750,1.52750,objectif,4.97600
2013-05-29,EURUSD,vente,1.29750,1.30250,1.27250,stop,-1.01600
2013-05-29,AUDJPY,achat,97.75000,97.25000,100.25000,stop,-1.03600
2013-05-30,NZDUSD,achat,0.80250,0.79750,0.82750,stop,-1.03000
2013-05-31,USDJPY,achat,100.25000,99.75000,102.75000,stop,-1.02000
2013-06-03,AUDUSD,vente,0.97250,0.97750,0.94750,stop,-1.02000
2013-06-03,AUDJPY,vente,97.25000,97.75000,94.75000,objectif,4.96400
2013-06-03,GBPUSD,vente,1.52250,1.52750,1.49750,stop,-1.02400
2013-06-04,NZDUSD,achat,0.80250,0.79750,0.82750,stop,-1.03000
2013-06-06,GBPUSD,vente,1.54750,1.55250,1.52250,stop,-1.02400
2013-06-06,EURUSD,vente,1.32250,1.32750,1.29750,stop,-1.01600
2013-06-06,AUDJPY,achat,92.75000,92.25000,95.25000,stop,-1.03600
2013-06-06,USDJPY,achat,97.75000,97.25000,100.25000,stop,-1.02000
2013-06-07,AUDUSD,achat,0.95250,0.94750,0.97750,stop,-1.02000
2013-06-11,GBPUSD,achat,1.55250,1.54750,1.57750,stop,-1.02400
2013-06-11,USDJPY,achat,97.75000,97.25000,100.25000,stop,-1.02000
2013-06-11,NZDUSD,achat,0.77750,0.77250,0.80250,objectif,4.97000
2013-06-11,AUDJPY,achat,92.75000,92.25000,95.25000,stop,-1.03600
2013-06-12,EURUSD,achat,1.32750,1.32250,1.35250,stop,-1.01600
2013-06-14,USDJPY,achat,95.25000,94.75000,97.75000,stop,-1.02000
2013-06-14,AUDJPY,achat,90.25000,89.75000,92.75000,stop,-1.03600
2013-06-17,AUDUSD,achat,0.95250,0.94750,0.97750,stop,-1.02000
2013-06-19,USDJPY,achat,95.25000,94.75000,97.75000,objectif,4.98000
2013-06-19,EURUSD,achat,1.32750,1.32250,1.35250,stop,-1.01600
2013-06-19,GBPUSD,achat,1.55250,1.54750,1.57750,stop,-1.02400
2013-06-20,NZDUSD,achat,0.77750,0.77250,0.80250,stop,-1.03000
2013-06-21,AUDJPY,vente,89.75000,90.25000,87.25000,stop,-1.03600
2013-06-21,AUDUSD,vente,0.92250,0.92750,0.89750,stop,-1.02000
2013-06-26,USDJPY,achat,97.75000,97.25000,100.25000,stop,-1.02000
2013-06-26,AUDJPY,achat,90.25000,89.75000,92.75000,objectif,4.96400
2013-06-26,EURUSD,achat,1.30250,1.29750,1.32750,stop,-1.01600
2013-06-27,GBPUSD,achat,1.52750,1.52250,1.55250,stop,-1.02400
2013-07-01,AUDUSD,vente,0.92250,0.92750,0.89750,stop,-1.02000
2013-07-01,USDJPY,vente,99.75000,100.25000,97.25000,stop,-1.02000
2013-07-02,NZDUSD,achat,0.77750,0.77250,0.80250,stop,-1.03000
2013-07-02,EURUSD,achat,1.30250,1.29750,1.32750,stop,-1.01600
2013-07-03,GBPUSD,vente,1.52250,1.52750,1.49750,stop,-1.02400
2013-07-03,AUDJPY,achat,90.25000,89.75000,92.75000,objectif,4.96400
2013-07-05,NZDUSD,achat,0.77750,0.77250,0.80250,stop,-1.03000
2013-07-08,AUDJPY,vente,92.25000,92.75000,89.75000,stop,-1.03600
2013-07-09,EURUSD,achat,1.27750,1.27250,1.30250,objectif,4.98400
2013-07-09,GBPUSD,vente,1.49750,1.50250,1.47250,stop,-1.02400
2013-07-10,AUDUSD,vente,0.92250,0.92750,0.89750,stop,-1.02000
2013-07-10,USDJPY,achat,100.25000,99.75000,102.75000,stop,-1.02000
2013-07-11,AUDJPY,achat,90.25000,89.75000,92.75000,stop,-1.03600
2013-07-11,NZDUSD,achat,0.77750,0.77250,0.80250,objectif,4.97000
2013-07-12,EURUSD,achat,1.30250,1.29750,1.32750,objectif,4.98400
2013-07-15,USDJPY,vente,99.75000,100.25000,97.25000,stop,-1.02000
2013-07-16,AUDUSD,vente,0.92250,0.92750,0.89750,stop,-1.02000
2013-07-17,GBPUSD,vente,1.52250,1.52750,1.49750,stop,-1.02400
2013-07-18,AUDJPY,vente,92.25000,92.75000,89.75000,objectif,4.96400
2013-07-19,AUDUSD,vente,0.92250,0.92750,0.89750,stop,-1.02000
2013-07-19,NZDUSD,vente,0.79750,0.80250,0.77250,stop,-1.03000
2013-07-19,USDJPY,achat,100.25000,99.75000,102.75000,stop,-1.02000
2013-07-23,AUDJPY,vente,92.25000,92.75000,89.75000,objectif,4.96400
2013-07-23,EURUSD,vente,1.32250,1.32750,1.29750,stop,-1.01600
2013-07-25,AUDUSD,vente,0.92250,0.92750,0.89750,stop,-1.02000
2013-07-25,GBPUSD,achat,1.52750,1.52250,1.55250,stop,-1.02400
2013-07-29,AUDJPY,achat,90.25000,89.75000,92.75000,stop,-1.03600
2013-07-29,USDJPY,achat,97.75000,97.25000,100.25000,stop,-1.02000
2013-07-29,NZDUSD,achat,0.80250,0.79750,0.82750,stop,-1.03000
2013-07-30,GBPUSD,achat,1.52750,1.52250,1.55250,stop,-1.02400
2013-07-31,AUDUSD,achat,0.90250,0.89750,0.92750,stop,-1.02000
2013-08-01,EURUSD,achat,1.32750,1.32250,1.35250,stop,-1.01600
2013-08-02,USDJPY,vente,99.75000,100.25000,97.25000,objectif,4.98000
2013-08-02,GBPUSD,vente,1.52250,1.52750,1.49750,stop,-1.02400
2013-08-05,NZDUSD,achat,0.77750,0.77250,0.80250,objectif,4.97000
2013-08-05,AUDJPY,achat,87.75000,87.25000,90.25000,stop,-1.03600
2013-08-06,AUDUSD,vente,0.89750,0.90250,0.87250,stop,-1.02000
2013-08-07,GBPUSD,vente,1.54750,1.55250,1.52250,stop,-1.02400
2013-08-07,EURUSD,achat,1.32750,1.32250,1.35250,stop,-1.01600
2013-08-08,AUDJPY,vente,87.25000,87.75000,84.75000,stop,-1.03600
2013-08-12,USDJPY,vente,97.25000,97.75000,94.75000,stop,-1.02000
2013-08-14,AUDJPY,vente,89.75000,90.25000,87.25000,objectif,4.96400
2013-08-14,GBPUSD,vente,1.54750,1.55250,1.52250,stop,-1.02400
2013-08-15,NZDUSD,achat,0.80250,0.79750,0.82750,stop,-1.03000
2013-08-19,AUDUSD,vente,0.92250,0.92750,0.89750,objectif,4.98000
2013-08-20,NZDUSD,achat,0.80250,0.79750,0.82750,stop,-1.03000
2013-08-20,AUDJPY,achat,87.75000,87.25000,90.25000,stop,-1.03600
2013-08-23,NZDUSD,achat,0.77750,0.77250,0.80250,stop,-1.03000
2013-08-27,AUDJPY,achat,87.75000,87.25000,90.25000,stop,-1.03600
2013-08-27,GBPUSD,achat,1.55250,1.54750,1.57750,stop,-1.02400
2013-08-27,USDJPY,achat,97.75000,97.25000,100.25000,stop,-1.02000
2013-08-29,NZDUSD,achat,0.77750,0.77250,0.80250,stop,-1.03000
2013-08-29,AUDUSD,vente,0.89750,0.90250,0.87250,stop,-1.02000
2013-08-29,EURUSD,achat,1.32750,1.32250,1.35250,stop,-1.01600
2013-09-06,NZDUSD,vente,0.79750,0.80250,0.77250,stop,-1.03000
2013-09-09,EURUSD,vente,1.32250,1.32750,1.29750,stop,-1.01600
2013-09-09,GBPUSD,vente,1.57250,1.57750,1.54750,stop,-1.02400
2013-09-09,USDJPY,vente,99.75000,100.25000,97.25000,stop,-1.02000
2013-09-09,AUDUSD,vente,0.92250,0.92750,0.89750,stop,-1.02000
2013-09-12,GBPUSD,achat,1.57750,1.57250,1.60250,objectif,4.97600
2013-09-12,AUDUSD,achat,0.92750,0.92250,0.95250,stop,-1.02000
2013-09-12,EURUSD,achat,1.32750,1.32250,1.35250,objectif,4.98400
2013-09-12,AUDJPY,achat,92.75000,92.25000,95.25000,stop,-1.03600
2013-09-16,NZDUSD,vente,0.82250,0.82750,0.79750,stop,-1.03000
2013-09-18,EURUSD,vente,1.34750,1.35250,1.32250,stop,-1.01600
2013-09-18,GBPUSD,vente,1.59750,1.60250,1.57250,stop,-1.02400
2013-09-18,AUDUSD,vente,0.94750,0.95250,0.92250,stop,-1.02000
2013-09-24,AUDJPY,achat,92.75000,92.25000,95.25000,stop,-1.03600
2013-09-24,NZDUSD,achat,0.82750,0.82250,0.85250,stop,-1.03000
2013-09-26,GBPUSD,achat,1.60250,1.59750,1.62750,stop,-1.02400
2013-09-30,USDJPY,achat,97.75000,97.25000,100.25000,stop,-1.02000
2013-10-01,AUDJPY,vente,92.25000,92.75000,89.75000,stop,-1.03600
2013-10-01,GBPUSD,vente,1.62250,1.62750,1.59750,objectif,4.97600
2013-10-04,GBPUSD,achat,1.60250,1.59750,1.62750,stop,-1.02400
2013-10-07,NZDUSD,achat,0.82750,0.82250,0.85250,objectif,4.97000
2013-10-08,USDJPY,vente,97.25000,97.75000,94.75000,stop,-1.02000
2013-10-08,AUDUSD,vente,0.94750,0.95250,0.92250,stop,-1.02000
2013-10-09,GBPUSD,achat,1.60250,1.59750,1.62750,stop,-1.02400
2013-10-09,EURUSD,achat,1.35250,1.34750,1.37750,stop,-1.01600
2013-10-14,GBPUSD,vente,1.59750,1.60250,1.57250,stop,-1.02400
2013-10-14,AUDJPY,achat,92.75000,92.25000,95.25000,objectif,4.96400
2013-10-15,EURUSD,achat,1.35250,1.34750,1.37750,stop,-1.01600
2013-10-17,GBPUSD,vente,1.59750,1.60250,1.57250,stop,-1.02400
2013-10-17,USDJPY,achat,97.75000,97.25000,100.25000,stop,-1.02000
2013-10-17,NZDUSD,vente,0.84750,0.85250,0.82250,stop,-1.03000
2013-10-22,AUDUSD,vente,0.97250,0.97750,0.94750,objectif,4.98000
2013-10-22,GBPUSD,vente,1.62250,1.62750,1.59750,objectif,4.97600
2013-10-22,EURUSD,vente,1.37250,1.37750,1.34750,stop,-1.01600
2013-10-23,USDJPY,achat,97.75000,97.25000,100.25000,stop,-1.02000
2013-10-25,EURUSD,achat,1.37750,1.37250,1.40250,stop,-1.01600
2013-10-25,NZDUSD,achat,0.82750,0.82250,0.85250,stop,-1.03000
2013-10-25,GBPUSD,vente,1.62250,1.62750,1.59750,objectif,4.97600
2013-10-29,AUDJPY,achat,92.75000,92.25000,95.25000,stop,-1.03600
2013-11-01,EURUSD,achat,1.35250,1.34750,1.37750,stop,-1.01600
2013-11-01,AUDJPY,achat,92.75000,92.25000,95.25000,stop,-1.03600
2013-11-04,GBPUSD,vente,1.59750,1.60250,1.57250,stop,-1.02400
2013-11-04,AUDUSD,vente,0.94750,0.95250,0.92250,stop,-1.02000
2013-11-07,AUDJPY,achat,92.75000,92.25000,95.25000,stop,-1.03600
2013-11-07,USDJPY,achat,97.75000,97.25000,100.25000,objectif,4.98000
2013-11-07,GBPUSD,achat,1.60250,1.59750,1.62750,stop,-1.02400
2013-11-08,NZDUSD,achat,0.82750,0.82250,0.85250,stop,-1.03000
2013-11-12,AUDUSD,achat,0.92750,0.92250,0.95250,stop,-1.02000
2013-11-12,USDJPY,vente,99.75000,100.25000,97.25000,stop,-1.02000
2013-11-13,GBPUSD,vente,1.59750,1.60250,1.57250,stop,-1.02400
2013-11-13,EURUSD,vente,1.34750,1.35250,1.32250,stop,-1.01600
2013-11-20,NZDUSD,achat,0.82750,0.82250,0.85250,stop,-1.03000
2013-11-20,EURUSD,achat,1.35250,1.34750,1.37750,stop,-1.01600
2013-11-21,AUDUSD,achat,0.92750,0.92250,0.95250,stop,-1.02000
2013-11-22,AUDJPY,achat,92.75000,92.25000,95.25000,stop,-1.03600
2013-11-22,GBPUSD,vente,1.62250,1.62750,1.59750,stop,-1.02400
2013-11-25,EURUSD,achat,1.35250,1.34750,1.37750,objectif,4.98400
2013-11-25,NZDUSD,vente,0.82250,0.82750,0.79750,stop,-1.03000
2013-11-27,USDJPY,vente,102.25000,102.75000,99.75000,stop,-1.02000
2013-12-03,NZDUSD,vente,0.82250,0.82750,0.79750,stop,-1.03000
2013-12-04,AUDJPY,achat,92.75000,92.25000,95.25000,stop,-1.03600
2013-12-04,AUDUSD,achat,0.90250,0.89750,0.92750,stop,-1.02000
2013-12-06,USDJPY,vente,102.25000,102.75000,99.75000,stop,-1.02000
2013-12-11,AUDJPY,achat,92.75000,92.25000,95.25000,stop,-1.03600
2013-12-11,NZDUSD,achat,0.82750,0.82250,0.85250,stop,-1.03000
2013-12-13,GBPUSD,achat,1.62750,1.62250,1.65250,stop,-1.02400
2013-12-16,USDJPY,achat,102.75000,102.25000,105.25000,objectif,4.98000
2013-12-18,GBPUSD,vente,1.64750,1.65250,1.62250,stop,-1.02400
2013-12-18,AUDJPY,vente,92.25000,92.75000,89.75000,stop,-1.03600
2013-12-27,EURUSD,vente,1.37250,1.37750,1.34750,stop,-1.01600
2013-12-27,GBPUSD,vente,1.64750,1.65250,1.62250,stop,-1.02400
2014-01-02,GBPUSD,achat,1.65250,1.64750,1.67750,stop,-1.02400
2014-01-03,AUDUSD,vente,0.89750,0.90250,0.87250,stop,-1.02000
2014-01-03,NZDUSD,vente,0.82250,0.82750,0.79750,stop,-1.03000
2014-01-09,GBPUSD,vente,1.64750,1.65250,1.62250,stop,-1.02400
2014-01-10,AUDUSD,vente,0.89750,0.90250,0.87250,stop,-1.02000
2014-01-15,AUDJPY,achat,92.75000,92.25000,95.25000,stop,-1.03600
2014-01-17,EURUSD,achat,1.35250,1.34750,1.37750,objectif,4.98400
2014-01-17,NZDUSD,achat,0.82750,0.82250,0.85250,stop,-1.03000
2014-01-17,AUDUSD,achat,0.87750,0.87250,0.90250,stop,-1.02000
2014-01-21,AUDJPY,vente,92.25000,92.75000,89.75000,objectif,4.96400
2014-01-21,GBPUSD,vente,1.64750,1.65250,1.62250,stop,-1.02400
2014-01-23,AUDUSD,achat,0.87750,0.87250,0.90250,stop,-1.02000
2014-01-23,NZDUSD,achat,0.82750,0.82250,0.85250,stop,-1.03000
2014-01-24,EURUSD,vente,1.37250,1.37750,1.34750,stop,-1.01600
2014-01-24,USDJPY,achat,102.75000,102.25000,105.25000,stop,-1.02000
2014-01-24,GBPUSD,achat,1.65250,1.64750,1.67750,stop,-1.02400
2014-01-24,AUDJPY,achat,90.25000,89.75000,92.75000,stop,-1.03600
2014-01-29,USDJPY,achat,102.75000,102.25000,105.25000,stop,-1.02000
2014-01-29,AUDJPY,achat,90.25000,89.75000,92.75000,stop,-1.03600
2014-01-30,GBPUSD,achat,1.65250,1.64750,1.67750,stop,-1.02400
2014-01-31,EURUSD,achat,1.35250,1.34750,1.37750,objectif,4.98400
2014-02-03,AUDJPY,vente,89.75000,90.25000,87.25000,stop,-1.03600
2014-02-03,USDJPY,vente,102.25000,102.75000,99.75000,stop,-1.02000
2014-02-04,NZDUSD,vente,0.82250,0.82750,0.79750,stop,-1.03000
2014-02-04,GBPUSD,achat,1.62750,1.62250,1.65250,objectif,4.97600
2014-02-06,AUDUSD,vente,0.89750,0.90250,0.87250,stop,-1.02000
2014-02-11,AUDJPY,vente,92.25000,92.75000,89.75000,stop,-1.03600
2014-02-11,AUDUSD,vente,0.89750,0.90250,0.87250,stop,-1.02000
2014-02-11,GBPUSD,vente,1.64750,1.65250,1.62250,stop,-1.02400
2014-02-14,GBPUSD,vente,1.67250,1.67750,1.64750,stop,-1.02400
2014-02-14,AUDJPY,vente,92.25000,92.75000,89.75000,stop,-1.03600
2014-02-19,GBPUSD,vente,1.67250,1.67750,1.64750,stop,-1.02400
2014-02-21,NZDUSD,achat,0.82750,0.82250,0.85250,objectif,4.97000
2014-02-24,AUDJPY,vente,92.25000,92.75000,89.75000,stop,-1.03600
2014-02-25,GBPUSD,vente,1.67250,1.67750,1.64750,stop,-1.02400
2014-02-27,EURUSD,vente,1.37250,1.37750,1.34750,stop,-1.01600
2014-02-28,GBPUSD,vente,1.67250,1.67750,1.64750,stop,-1.02400
2014-03-03,AUDJPY,achat,90.25000,89.75000,92.75000,objectif,4.96400
2014-03-04,USDJPY,vente,102.25000,102.75000,99.75000,stop,-1.02000
2014-03-05,GBPUSD,vente,1.67250,1.67750,1.64750,stop,-1.02400
2014-03-06,NZDUSD,vente,0.84750,0.85250,0.82250,stop,-1.03000
2014-03-06,AUDJPY,vente,92.25000,92.75000,89.75000,stop,-1.03600
2014-03-10,AUDUSD,achat,0.90250,0.89750,0.92750,stop,-1.02000
2014-03-11,AUDJPY,achat,92.75000,92.25000,95.25000,stop,-1.03600
2014-03-17,AUDJPY,vente,92.25000,92.75000,89.75000,stop,-1.03600
2014-03-19,USDJPY,vente,102.25000,102.75000,99.75000,stop,-1.02000
2014-03-19,GBPUSD,achat,1.65250,1.64750,1.67750,stop,-1.02400
2014-03-19,AUDUSD,achat,0.90250,0.89750,0.92750,objectif,4.98000
2014-03-20,EURUSD,achat,1.37750,1.37250,1.40250,stop,-1.01600
2014-03-25,EURUSD,achat,1.37750,1.37250,1.40250,stop,-1.01600
2014-03-26,AUDUSD,vente,0.92250,0.92750,0.89750,stop,-1.02000
2014-03-27,USDJPY,vente,102.25000,102.75000,99.75000,stop,-1.02000
2014-04-03,NZDUSD,achat,0.85250,0.84750,0.87750,objectif,4.97000
2014-04-08,USDJPY,achat,102.75000,102.25000,105.25000,stop,-1.02000
2014-04-08,GBPUSD,vente,1.67250,1.67750,1.64750,stop,-1.02400
2014-04-08,AUDJPY,achat,95.25000,94.75000,97.75000,stop,-1.03600
2014-04-09,NZDUSD,vente,0.87250,0.87750,0.84750,stop,-1.03000
2014-04-15,AUDJPY,achat,95.25000,94.75000,97.75000,stop,-1.03600
2014-04-16,USDJPY,vente,102.25000,102.75000,99.75000,stop,-1.02000
2014-04-17,GBPUSD,achat,1.67750,1.67250,1.70250,stop,-1.02400
2014-04-23,AUDJPY,achat,95.25000,94.75000,97.75000,stop,-1.03600
2014-04-23,GBPUSD,achat,1.67750,1.67250,1.70250,stop,-1.02400
2014-04-23,AUDUSD,achat,0.92750,0.92250,0.95250,stop,-1.02000
2014-04-30,EURUSD,achat,1.37750,1.37250,1.40250,stop,-1.01600
2014-05-06,NZDUSD,vente,0.87250,0.87750,0.84750,stop,-1.03000
2014-05-06,GBPUSD,vente,1.69750,1.70250,1.67250,objectif,4.97600
2014-05-08,EURUSD,vente,1.39750,1.40250,1.37250,objectif,4.98400
2014-05-14,GBPUSD,achat,1.67750,1.67250,1.70250,stop,-1.02400
2014-05-19,EURUSD,vente,1.37250,1.37750,1.34750,sortie vendredi,0.65600
2014-05-20,AUDUSD,achat,0.92750,0.92250,0.95250,stop,-1.02000
2014-05-28,GBPUSD,achat,1.67750,1.67250,1.70250,stop,-1.02400
2014-05-28,NZDUSD,achat,0.85250,0.84750,0.87750,stop,-1.03000
2014-05-29,AUDJPY,vente,94.75000,95.25000,92.25000,stop,-1.03600
2014-06-02,AUDUSD,achat,0.92750,0.92250,0.95250,sortie vendredi,2.30000
2014-06-02,USDJPY,vente,102.25000,102.75000,99.75000,stop,-1.02000
2014-06-03,NZDUSD,vente,0.84750,0.85250,0.82250,stop,-1.03000
2014-06-05,EURUSD,achat,1.35250,1.34750,1.37750,sortie vendredi,-0.14400
2014-06-10,GBPUSD,achat,1.67750,1.67250,1.70250,objectif,4.97600
2014-06-13,EURUSD,achat,1.35250,1.34750,1.37750,stop,-1.01600
2014-06-17,AUDJPY,achat,95.25000,94.75000,97.75000,stop,-1.03600
2014-06-18,NZDUSD,vente,0.87250,0.87750,0.84750,stop,-1.03000
2014-06-23,NZDUSD,vente,0.87250,0.87750,0.84750,stop,-1.03000
2014-06-30,AUDJPY,achat,95.25000,94.75000,97.75000,stop,-1.03600
2014-07-01,AUDUSD,vente,0.94750,0.95250,0.92250,sortie vendredi,4.13800
2014-07-03,USDJPY,vente,102.25000,102.75000,99.75000,stop,-1.02000
2014-07-10,AUDJPY,achat,95.25000,94.75000,97.75000,stop,-1.03600
2014-07-15,NZDUSD,achat,0.87750,0.87250,0.90250,stop,-1.03000
2014-07-16,EURUSD,achat,1.35250,1.34750,1.37750,stop,-1.01600
2014-07-23,GBPUSD,achat,1.70250,1.69750,1.72750,stop,-1.02400
2014-08-06,NZDUSD,vente,0.84750,0.85250,0.82250,objectif,4.97000
2014-08-07,AUDUSD,achat,0.92750,0.92250,0.95250,stop,-1.02000
2014-08-08,GBPUSD,achat,1.67750,1.67250,1.70250,stop,-1.02400
2014-08-13,NZDUSD,vente,0.84750,0.85250,0.82250,objectif,4.97000
2014-08-13,GBPUSD,achat,1.67750,1.67250,1.70250,stop,-1.02400
2014-08-18,GBPUSD,vente,1.67250,1.67750,1.64750,objectif,4.97600
2014-08-20,EURUSD,achat,1.32750,1.32250,1.35250,stop,-1.01600
2014-08-29,AUDJPY,vente,97.25000,97.75000,94.75000,stop,-1.03600
2014-09-02,USDJPY,vente,104.75000,105.25000,102.25000,stop,-1.02000
2014-09-02,GBPUSD,achat,1.65250,1.64750,1.67750,stop,-1.02400
2014-09-02,AUDUSD,achat,0.92750,0.92250,0.95250,stop,-1.02000
2014-09-04,NZDUSD,achat,0.82750,0.82250,0.85250,stop,-1.03000
2014-09-04,EURUSD,achat,1.30250,1.29750,1.32750,stop,-1.01600
2014-09-05,USDJPY,achat,105.25000,104.75000,107.75000,stop,-1.02000
2014-09-08,AUDUSD,achat,0.92750,0.92250,0.95250,stop,-1.02000
2014-09-08,GBPUSD,achat,1.62750,1.62250,1.65250,stop,-1.02400
2014-09-09,AUDJPY,achat,97.75000,97.25000,100.25000,stop,-1.03600
2014-09-11,GBPUSD,vente,1.62250,1.62750,1.59750,stop,-1.02400
2014-09-12,EURUSD,vente,1.29750,1.30250,1.27250,objectif,4.98400
2014-09-16,AUDJPY,vente,97.25000,97.75000,94.75000,stop,-1.03600
2014-09-16,NZDUSD,vente,0.82250,0.82750,0.79750,objectif,4.97000
2014-09-17,AUDUSD,achat,0.90250,0.89750,0.92750,stop,-1.02000
2014-09-19,GBPUSD,vente,1.64750,1.65250,1.62250,objectif,4.97600
2014-09-24,EURUSD,achat,1.27750,1.27250,1.30250,stop,-1.01600
2014-09-25,NZDUSD,achat,0.80250,0.79750,0.82750,stop,-1.03000
2014-09-25,AUDUSD,achat,0.87750,0.87250,0.90250,stop,-1.02000
2014-09-26,GBPUSD,achat,1.62750,1.62250,1.65250,stop,-1.02400
2014-09-29,AUDJPY,achat,95.25000,94.75000,97.75000,stop,-1.03600
2014-09-30,USDJPY,vente,109.75000,110.25000,107.25000,objectif,4.98000
2014-10-01,NZDUSD,achat,0.77750,0.77250,0.80250,stop,-1.03000
2014-10-02,GBPUSD,vente,1.62250,1.62750,1.59750,objectif,4.97600
2014-10-03,EURUSD,achat,1.25250,1.24750,1.27750,objectif,4.98400
2014-10-03,USDJPY,vente,109.75000,110.25000,107.25000,objectif,4.98000
2014-10-06,AUDUSD,vente,0.87250,0.87750,0.84750,stop,-1.02000
2014-10-08,EURUSD,vente,1.27250,1.27750,1.24750,stop,-1.01600
2014-10-09,GBPUSD,vente,1.62250,1.62750,1.59750,objectif,4.97600
2014-10-09,AUDJPY,achat,95.25000,94.75000,97.75000,stop,-1.03600
2014-10-09,USDJPY,achat,107.75000,107.25000,110.25000,stop,-1.02000
2014-10-09,AUDUSD,achat,0.87750,0.87250,0.90250,stop,-1.02000
2014-10-13,EURUSD,vente,1.27250,1.27750,1.24750,stop,-1.01600
2014-10-14,GBPUSD,achat,1.60250,1.59750,1.62750,stop,-1.02400
2014-10-15,AUDJPY,achat,92.75000,92.25000,95.25000,stop,-1.03600
2014-10-15,NZDUSD,vente,0.79750,0.80250,0.77250,stop,-1.03000
2014-10-15,USDJPY,achat,105.25000,104.75000,107.75000,objectif,4.98000
2014-10-16,EURUSD,achat,1.27750,1.27250,1.30250,stop,-1.01600
2014-10-20,USDJPY,vente,107.25000,107.75000,104.75000,stop,-1.02000
2014-10-20,NZDUSD,vente,0.79750,0.80250,0.77250,stop,-1.03000
2014-10-22,GBPUSD,achat,1.60250,1.59750,1.62750,stop,-1.02400
2014-10-23,AUDJPY,vente,94.75000,95.25000,92.25000,stop,-1.03600
2014-10-27,USDJPY,achat,107.75000,107.25000,110.25000,objectif,4.98000
2014-10-29,AUDUSD,achat,0.87750,0.87250,0.90250,stop,-1.02000
2014-10-29,NZDUSD,vente,0.79750,0.80250,0.77250,objectif,4.97000
2014-10-29,GBPUSD,achat,1.60250,1.59750,1.62750,stop,-1.02400
2014-10-31,USDJPY,vente,109.75000,110.25000,107.25000,stop,-1.02000
2014-10-31,AUDJPY,vente,97.25000,97.75000,94.75000,stop,-1.03600
2014-10-31,EURUSD,achat,1.25250,1.24750,1.27750,stop,-1.01600
2014-11-04,AUDUSD,vente,0.87250,0.87750,0.84750,stop,-1.02000
2014-11-05,NZDUSD,achat,0.77750,0.77250,0.80250,stop,-1.03000
2014-11-05,USDJPY,vente,114.75000,115.25000,112.25000,stop,-1.02000
2014-11-05,EURUSD,achat,1.25250,1.24750,1.27750,stop,-1.01600
2014-11-11,EURUSD,vente,1.24750,1.25250,1.22250,stop,-1.01600
2014-11-11,AUDJPY,vente,99.75000,100.25000,97.25000,stop,-1.03600
2014-11-12,USDJPY,achat,115.25000,114.75000,117.75000,objectif,4.98000
2014-11-12,GBPUSD,achat,1.57750,1.57250,1.60250,stop,-1.02400
2014-11-17,GBPUSD,vente,1.57250,1.57750,1.54750,stop,-1.02400
2014-11-17,AUDJPY,vente,102.25000,102.75000,99.75000,stop,-1.03600
2014-11-18,EURUSD,vente,1.24750,1.25250,1.22250,stop,-1.01600
2014-11-19,USDJPY,vente,117.25000,117.75000,114.75000,stop,-1.02000
2014-11-20,GBPUSD,vente,1.57250,1.57750,1.54750,stop,-1.02400
2014-11-21,AUDJPY,vente,102.25000,102.75000,99.75000,stop,-1.03600
2014-11-25,AUDUSD,achat,0.85250,0.84750,0.87750,stop,-1.02000
2014-11-25,NZDUSD,achat,0.77750,0.77250,0.80250,stop,-1.03000
2014-11-25,USDJPY,achat,117.75000,117.25000,120.25000,stop,-1.02000
2014-11-25,EURUSD,vente,1.24750,1.25250,1.22250,stop,-1.01600
2014-11-25,GBPUSD,vente,1.57250,1.57750,1.54750,stop,-1.02400
2014-11-26,AUDJPY,achat,100.25000,99.75000,102.75000,stop,-1.03600
2014-12-01,AUDJPY,achat,100.25000,99.75000,102.75000,stop,-1.03600
2014-12-01,GBPUSD,vente,1.57250,1.57750,1.54750,stop,-1.02400
2014-12-01,EURUSD,vente,1.24750,1.25250,1.22250,stop,-1.01600
2014-12-03,NZDUSD,achat,0.77750,0.77250,0.80250,stop,-1.03000
2014-12-03,USDJPY,vente,119.75000,120.25000,117.25000,stop,-1.02000
2014-12-04,AUDJPY,achat,100.25000,99.75000,102.75000,stop,-1.03600
2014-12-04,GBPUSD,vente,1.57250,1.57750,1.54750,stop,-1.02400
2014-12-05,EURUSD,achat,1.22750,1.22250,1.25250,objectif,4.98400
2014-12-08,USDJPY,achat,120.25000,119.75000,122.75000,stop,-1.02000
2014-12-08,AUDUSD,achat,0.82750,0.82250,0.85250,stop,-1.02000
2014-12-09,NZDUSD,vente,0.77250,0.77750,0.74750,stop,-1.03000
2014-12-10,EURUSD,vente,1.24750,1.25250,1.22250,stop,-1.01600
2014-12-10,GBPUSD,vente,1.57250,1.57750,1.54750,stop,-1.02400
2014-12-11,AUDUSD,achat,0.82750,0.82250,0.85250,stop,-1.02000
2014-12-12,AUDJPY,achat,97.75000,97.25000,100.25000,stop,-1.03600
2014-12-15,USDJPY,achat,117.75000,117.25000,120.25000,stop,-1.02000
2014-12-16,EURUSD,vente,1.24750,1.25250,1.22250,stop,-1.01600
2014-12-16,GBPUSD,vente,1.57250,1.57750,1.54750,stop,-1.02400
2014-12-17,AUDJPY,achat,95.25000,94.75000,97.75000,objectif,4.96400
2014-12-18,NZDUSD,vente,0.77250,0.77750,0.74750,stop,-1.03000
2014-12-23,GBPUSD,achat,1.55250,1.54750,1.57750,stop,-1.02400
2014-12-25,EURUSD,vente,1.22250,1.22750,1.19750,objectif,4.98400
2014-12-29,GBPUSD,achat,1.55250,1.54750,1.57750,stop,-1.02400
2014-12-30,AUDJPY,achat,97.75000,97.25000,100.25000,stop,-1.03600
2014-12-30,USDJPY,achat,120.25000,119.75000,122.75000,stop,-1.02000
2015-01-02,AUDJPY,achat,97.75000,97.25000,100.25000,stop,-1.03600
2015-01-02,EURUSD,achat,1.20250,1.19750,1.22750,stop,-1.01600
2015-01-02,GBPUSD,achat,1.55250,1.54750,1.57750,stop,-1.02400
2015-01-06,NZDUSD,vente,0.77250,0.77750,0.74750,stop,-1.03000
2015-01-08,USDJPY,vente,119.75000,120.25000,117.25000,objectif,4.98000
2015-01-08,EURUSD,achat,1.17750,1.17250,1.20250,stop,-1.01600
2015-01-08,AUDJPY,vente,97.25000,97.75000,94.75000,objectif,4.96400
2015-01-12,NZDUSD,achat,0.77750,0.77250,0.80250,stop,-1.03000
2015-01-13,EURUSD,achat,1.17750,1.17250,1.20250,stop,-1.01600
2015-01-13,USDJPY,achat,117.75000,117.25000,120.25000,stop,-1.02000
2015-01-14,GBPUSD,vente,1.52250,1.52750,1.49750,objectif,4.97600
2015-01-14,AUDJPY,achat,95.25000,94.75000,97.75000,stop,-1.03600
2015-01-15,AUDUSD,vente,0.82250,0.82750,0.79750,stop,-1.02000
2015-01-16,EURUSD,achat,1.15250,1.14750,1.17750,stop,-1.01600
2015-01-16,NZDUSD,achat,0.77750,0.77250,0.80250,stop,-1.03000
2015-01-16,USDJPY,vente,117.25000,117.75000,114.75000,stop,-1.02000
2015-01-20,AUDJPY,vente,97.25000,97.75000,94.75000,objectif,4.96400
2015-01-21,USDJPY,achat,117.75000,117.25000,120.25000,stop,-1.02000
2015-01-21,AUDUSD,vente,0.82250,0.82750,0.79750,objectif,4.98000
2015-01-22,EURUSD,achat,1.15250,1.14750,1.17750,stop,-1.01600
2015-01-22,GBPUSD,achat,1.50250,1.49750,1.52750,stop,-1.02400
2015-01-22,NZDUSD,achat,0.75250,0.74750,0.77750,stop,-1.03000
2015-01-26,AUDJPY,achat,92.75000,92.25000,95.25000,stop,-1.03600
2015-01-27,USDJPY,achat,117.75000,117.25000,120.25000,stop,-1.02000
2015-01-27,NZDUSD,vente,0.74750,0.75250,0.72250,objectif,4.97000
2015-01-28,AUDUSD,vente,0.79750,0.80250,0.77250,objectif,4.98000
2015-01-28,EURUSD,achat,1.12750,1.12250,1.15250,objectif,4.98400
2015-01-29,GBPUSD,achat,1.50250,1.49750,1.52750,objectif,4.97600
2015-01-30,USDJPY,achat,117.75000,117.25000,120.25000,stop,-1.02000
2015-02-03,AUDJPY,achat,90.25000,89.75000,92.75000,stop,-1.03600
2015-02-03,NZDUSD,achat,0.72750,0.72250,0.75250,stop,-1.03000
2015-02-03,EURUSD,vente,1.14750,1.15250,1.12250,stop,-1.01600
2015-02-04,GBPUSD,vente,1.52250,1.52750,1.49750,stop,-1.02400
2015-02-06,AUDJPY,vente,92.25000,92.75000,89.75000,stop,-1.03600
2015-02-09,EURUSD,achat,1.12750,1.12250,1.15250,stop,-1.01600
2015-02-11,USDJPY,vente,119.75000,120.25000,117.25000,stop,-1.02000
2015-02-12,NZDUSD,vente,0.74750,0.75250,0.72250,stop,-1.03000
2015-02-17,AUDJPY,vente,92.25000,92.75000,89.75000,stop,-1.03600
2015-02-18,AUDUSD,achat,0.77750,0.77250,0.80250,stop,-1.02000
2015-02-18,GBPUSD,vente,1.54750,1.55250,1.52250,stop,-1.02400
2015-02-23,AUDJPY,achat,92.75000,92.25000,95.25000,stop,-1.03600
2015-02-24,USDJPY,vente,119.75000,120.25000,117.25000,stop,-1.02000
2015-02-26,EURUSD,achat,1.12750,1.12250,1.15250,stop,-1.01600
2015-02-26,NZDUSD,achat,0.75250,0.74750,0.77750,stop,-1.03000
2015-02-27,AUDJPY,achat,92.75000,92.25000,95.25000,stop,-1.03600
2015-02-27,USDJPY,vente,119.75000,120.25000,117.25000,stop,-1.02000
2015-03-02,AUDUSD,achat,0.77750,0.77250,0.80250,stop,-1.02000
2015-03-04,GBPUSD,achat,1.52750,1.52250,1.55250,stop,-1.02400
2015-03-05,AUDUSD,achat,0.77750,0.77250,0.80250,stop,-1.02000
2015-03-05,NZDUSD,achat,0.75250,0.74750,0.77750,stop,-1.03000
2015-03-05,EURUSD,achat,1.10250,1.09750,1.12750,stop,-1.01600
2015-03-10,NZDUSD,achat,0.72750,0.72250,0.75250,stop,-1.03000
2015-03-10,EURUSD,achat,1.07750,1.07250,1.10250,stop,-1.01600
2015-03-10,AUDJPY,achat,92.75000,92.25000,95.25000,stop,-1.03600
2015-03-11,GBPUSD,achat,1.50250,1.49750,1.52750,stop,-1.02400
2015-03-12,AUDUSD,vente,0.77250,0.77750,0.74750,stop,-1.02000
2015-03-13,EURUSD,achat,1.05250,1.04750,1.07750,stop,-1.01600
2015-03-13,AUDJPY,achat,92.75000,92.25000,95.25000,stop,-1.03600
2015-03-17,GBPUSD,achat,1.47750,1.47250,1.50250,stop,-1.02400
2015-03-18,EURUSD,vente,1.07250,1.07750,1.04750,stop,-1.01600
2015-03-18,NZDUSD,vente,0.74750,0.75250,0.72250,stop,-1.03000
2015-03-18,AUDUSD,vente,0.77250,0.77750,0.74750,stop,-1.02000
2015-03-18,USDJPY,achat,120.25000,119.75000,122.75000,stop,-1.02000
2015-03-19,AUDJPY,achat,92.75000,92.25000,95.25000,stop,-1.03600
2015-03-20,GBPUSD,vente,1.49750,1.50250,1.47250,objectif,4.97600
2015-03-23,EURUSD,achat,1.07750,1.07250,1.10250,objectif,4.98400
2015-03-26,GBPUSD,vente,1.49750,1.50250,1.47250,objectif,4.97600
2015-03-27,AUDUSD,achat,0.77750,0.77250,0.80250,stop,-1.02000
2015-03-27,AUDJPY,achat,92.75000,92.25000,95.25000,stop,-1.03600
2015-03-30,NZDUSD,achat,0.75250,0.74750,0.77750,stop,-1.03000
2015-03-30,USDJPY,vente,119.75000,120.25000,117.25000,stop,-1.02000
2015-03-31,EURUSD,achat,1.07750,1.07250,1.10250,stop,-1.01600
2015-03-31,GBPUSD,achat,1.47750,1.47250,1.50250,stop,-1.02400
2015-04-02,AUDJPY,achat,90.25000,89.75000,92.75000,objectif,4.96400
2015-04-02,NZDUSD,vente,0.74750,0.75250,0.72250,stop,-1.03000
2015-04-03,EURUSD,vente,1.09750,1.10250,1.07250,stop,-1.01600
2015-04-06,GBPUSD,vente,1.49750,1.50250,1.47250,objectif,4.97600
2015-04-07,USDJPY,vente,119.75000,120.25000,117.25000,stop,-1.02000
2015-04-08,AUDJPY,vente,92.25000,92.75000,89.75000,stop,-1.03600
2015-04-08,AUDUSD,vente,0.77250,0.77750,0.74750,stop,-1.02000
2015-04-08,EURUSD,achat,1.07750,1.07250,1.10250,stop,-1.01600
2015-04-09,GBPUSD,achat,1.47750,1.47250,1.50250,stop,-1.02400
2015-04-10,USDJPY,achat,120.25000,119.75000,122.75000,stop,-1.02000
2015-04-10,NZDUSD,achat,0.75250,0.74750,0.77750,stop,-1.03000
2015-04-13,EURUSD,achat,1.05250,1.04750,1.07750,objectif,4.98400
2015-04-14,GBPUSD,vente,1.47250,1.47750,1.44750,stop,-1.02400
2015-04-16,AUDUSD,vente,0.77250,0.77750,0.74750,stop,-1.02000
2015-04-16,EURUSD,vente,1.07250,1.07750,1.04750,stop,-1.01600
2015-04-16,AUDJPY,vente,92.25000,92.75000,89.75000,stop,-1.03600
2015-04-17,GBPUSD,vente,1.49750,1.50250,1.47250,stop,-1.02400
2015-04-17,NZDUSD,vente,0.77250,0.77750,0.74750,objectif,4.97000
2015-04-21,USDJPY,vente,119.75000,120.25000,117.25000,stop,-1.02000
2015-04-22,GBPUSD,vente,1.49750,1.50250,1.47250,stop,-1.02400
2015-04-22,NZDUSD,vente,0.77250,0.77750,0.74750,objectif,4.97000
2015-04-27,GBPUSD,vente,1.52250,1.52750,1.49750,stop,-1.02400
2015-04-28,AUDUSD,vente,0.79750,0.80250,0.77250,stop,-1.02000
2015-04-28,NZDUSD,vente,0.77250,0.77750,0.74750,objectif,4.97000
2015-04-28,EURUSD,vente,1.09750,1.10250,1.07250,stop,-1.01600
2015-04-28,AUDJPY,vente,94.75000,95.25000,92.25000,stop,-1.03600
2015-04-30,GBPUSD,vente,1.54750,1.55250,1.52250,objectif,4.97600
2015-04-30,USDJPY,vente,119.75000,120.25000,117.25000,stop,-1.02000
2015-05-01,NZDUSD,achat,0.75250,0.74750,0.77750,stop,-1.03000
2015-05-05,AUDJPY,vente,94.75000,95.25000,92.25000,stop,-1.03600
2015-05-06,AUDUSD,vente,0.79750,0.80250,0.77250,stop,-1.02000
2015-05-06,EURUSD,vente,1.12250,1.12750,1.09750,stop,-1.01600
2015-05-06,GBPUSD,vente,1.52250,1.52750,1.49750,stop,-1.02400
2015-05-07,USDJPY,vente,119.75000,120.25000,117.25000,stop,-1.02000
2015-05-08,NZDUSD,vente,0.74750,0.75250,0.72250,stop,-1.03000
2015-05-11,GBPUSD,vente,1.54750,1.55250,1.52250,stop,-1.02400
2015-05-12,EURUSD,vente,1.12250,1.12750,1.09750,stop,-1.01600
2015-05-12,AUDUSD,vente,0.79750,0.80250,0.77250,stop,-1.02000
2015-05-13,NZDUSD,vente,0.74750,0.75250,0.72250,stop,-1.03000
2015-05-14,AUDJPY,vente,97.25000,97.75000,94.75000,objectif,4.96400
2015-05-15,USDJPY,vente,119.75000,120.25000,117.25000,stop,-1.02000
2015-05-15,AUDUSD,achat,0.80250,0.79750,0.82750,stop,-1.02000
2015-05-19,GBPUSD,achat,1.55250,1.54750,1.57750,stop,-1.02400
2015-05-19,EURUSD,achat,1.12750,1.12250,1.15250,stop,-1.01600
2015-05-22,GBPUSD,achat,1.55250,1.54750,1.57750,stop,-1.02400
2015-05-22,AUDJPY,achat,95.25000,94.75000,97.75000,stop,-1.03600
2015-05-22,EURUSD,achat,1.10250,1.09750,1.12750,stop,-1.01600
2015-05-26,NZDUSD,achat,0.72750,0.72250,0.75250,stop,-1.03000
2015-05-26,AUDUSD,achat,0.77750,0.77250,0.80250,stop,-1.02000
2015-05-26,USDJPY,vente,122.25000,122.75000,119.75000,stop,-1.02000
2015-05-28,GBPUSD,achat,1.52750,1.52250,1.55250,stop,-1.02400
2015-05-28,AUDJPY,achat,95.25000,94.75000,97.75000,stop,-1.03600
2015-06-01,USDJPY,vente,124.75000,125.25000,122.25000,stop,-1.02000
2015-06-02,GBPUSD,vente,1.52250,1.52750,1.49750,stop,-1.02400
2015-06-02,AUDUSD,vente,0.77250,0.77750,0.74750,stop,-1.02000
2015-06-02,EURUSD,vente,1.09750,1.10250,1.07250,stop,-1.01600
2015-06-05,USDJPY,vente,124.75000,125.25000,122.25000,stop,-1.02000
2015-06-05,GBPUSD,achat,1.52750,1.52250,1.55250,stop,-1.02400
2015-06-05,NZDUSD,achat,0.70250,0.69750,0.72750,stop,-1.03000
2015-06-05,AUDUSD,vente,0.77250,0.77750,0.74750,stop,-1.02000
2015-06-08,EURUSD,vente,1.12250,1.12750,1.09750,stop,-1.01600
2015-06-09,AUDJPY,achat,95.25000,94.75000,97.75000,stop,-1.03600
2015-06-10,GBPUSD,vente,1.54750,1.55250,1.52250,stop,-1.02400
2015-06-10,NZDUSD,vente,0.72250,0.72750,0.69750,objectif,4.97000
2015-06-10,AUDUSD,vente,0.77250,0.77750,0.74750,stop,-1.02000
2015-06-10,USDJPY,achat,122.75000,122.25000,125.25000,stop,-1.02000
2015-06-11,EURUSD,achat,1.12750,1.12250,1.15250,stop,-1.01600
2015-06-12,AUDJPY,achat,95.25000,94.75000,97.75000,stop,-1.03600
2015-06-15,GBPUSD,achat,1.55250,1.54750,1.57750,objectif,4.97600
2015-06-17,AUDJPY,achat,95.25000,94.75000,97.75000,stop,-1.03600
2015-06-18,USDJPY,achat,122.75000,122.25000,125.25000,stop,-1.02000
2015-06-18,NZDUSD,vente,0.69750,0.70250,0.67250,objectif,4.97000
2015-06-23,GBPUSD,achat,1.57750,1.57250,1.60250,stop,-1.02400
2015-06-23,EURUSD,achat,1.12750,1.12250,1.15250,stop,-1.01600
2015-06-26,AUDJPY,achat,95.25000,94.75000,97.75000,stop,-1.03600
2015-06-29,EURUSD,vente,1.12250,1.12750,1.09750,stop,-1.01600
2015-06-29,USDJPY,achat,122.75000,122.25000,125.25000,stop,-1.02000
2015-06-30,NZDUSD,achat,0.67750,0.67250,0.70250,stop,-1.03000
2015-07-01,AUDUSD,vente,0.77250,0.77750,0.74750,objectif,4.98000
2015-07-01,GBPUSD,vente,1.57250,1.57750,1.54750,objectif,4.97600
2015-07-01,AUDJPY,vente,94.75000,95.25000,92.25000,objectif,4.96400
2015-07-03,USDJPY,achat,122.75000,122.25000,125.25000,stop,-1.02000
2015-07-06,EURUSD,achat,1.10250,1.09750,1.12750,stop,-1.01600
2015-07-07,GBPUSD,achat,1.55250,1.54750,1.57750,stop,-1.02400
2015-07-08,NZDUSD,vente,0.67250,0.67750,0.64750,objectif,4.97000
2015-07-08,AUDJPY,achat,90.25000,89.75000,92.75000,stop,-1.03600
2015-07-09,AUDUSD,vente,0.74750,0.75250,0.72250,objectif,4.98000
2015-07-09,EURUSD,achat,1.10250,1.09750,1.12750,stop,-1.01600
2015-07-10,GBPUSD,vente,1.54750,1.55250,1.52250,stop,-1.02400
2015-07-10,USDJPY,vente,122.25000,122.75000,119.75000,stop,-1.02000
2015-07-14,AUDUSD,vente,0.74750,0.75250,0.72250,objectif,4.98000
2015-07-14,NZDUSD,vente,0.67250,0.67750,0.64750,objectif,4.97000
2015-07-15,AUDJPY,vente,92.25000,92.75000,89.75000,objectif,4.96400
2015-07-21,AUDJPY,vente,92.25000,92.75000,89.75000,objectif,4.96400
2015-07-23,GBPUSD,achat,1.55250,1.54750,1.57750,stop,-1.02400
2015-07-23,EURUSD,vente,1.09750,1.10250,1.07250,stop,-1.01600
2015-07-24,AUDUSD,achat,0.72750,0.72250,0.75250,stop,-1.02000
2015-07-24,AUDJPY,achat,90.25000,89.75000,92.75000,stop,-1.03600
2015-07-28,NZDUSD,vente,0.67250,0.67750,0.64750,objectif,4.97000
2015-07-28,EURUSD,achat,1.10250,1.09750,1.12750,stop,-1.01600
2015-07-31,AUDJPY,achat,90.25000,89.75000,92.75000,stop,-1.03600
2015-07-31,EURUSD,vente,1.09750,1.10250,1.07250,stop,-1.01600
2015-08-04,NZDUSD,achat,0.65250,0.64750,0.67750,stop,-1.03000
2015-08-05,USDJPY,vente,124.75000,125.25000,122.25000,stop,-1.02000
2015-08-06,GBPUSD,achat,1.55250,1.54750,1.57750,stop,-1.02400
2015-08-07,EURUSD,vente,1.09750,1.10250,1.07250,stop,-1.01600
2015-08-10,USDJPY,vente,124.75000,125.25000,122.25000,stop,-1.02000
2015-08-11,NZDUSD,achat,0.65250,0.64750,0.67750,stop,-1.03000
2015-08-12,AUDUSD,achat,0.72750,0.72250,0.75250,stop,-1.02000
2015-08-14,NZDUSD,achat,0.65250,0.64750,0.67750,stop,-1.03000
2015-08-18,EURUSD,achat,1.10250,1.09750,1.12750,objectif,4.98400
2015-08-20,AUDJPY,achat,90.25000,89.75000,92.75000,stop,-1.03600
2015-08-21,USDJPY,achat,122.75000,122.25000,125.25000,stop,-1.02000
2015-08-24,AUDUSD,achat,0.72750,0.72250,0.75250,stop,-1.02000
2015-08-24,EURUSD,vente,1.14750,1.15250,1.12250,stop,-1.01600
2015-08-24,GBPUSD,vente,1.57250,1.57750,1.54750,stop,-1.02400
2015-08-24,NZDUSD,achat,0.65250,0.64750,0.67750,stop,-1.03000
2015-08-26,USDJPY,vente,119.75000,120.25000,117.25000,stop,-1.02000
2015-08-26,AUDJPY,vente,84.75000,85.25000,82.25000,stop,-1.03600
2015-08-27,EURUSD,achat,1.12750,1.12250,1.15250,stop,-1.01600
2015-08-27,NZDUSD,vente,0.64750,0.65250,0.62250,stop,-1.03000
2015-09-01,AUDJPY,achat,85.25000,84.75000,87.75000,stop,-1.03600
2015-09-01,USDJPY,achat,120.25000,119.75000,122.75000,stop,-1.02000
2015-09-01,AUDUSD,achat,0.70250,0.69750,0.72750,stop,-1.02000
2015-09-02,GBPUSD,achat,1.52750,1.52250,1.55250,stop,-1.02400
2015-09-04,AUDJPY,achat,82.75000,82.25000,85.25000,stop,-1.03600
2015-09-04,NZDUSD,achat,0.62750,0.62250,0.65250,objectif,4.97000
2015-09-07,GBPUSD,vente,1.52250,1.52750,1.49750,stop,-1.02400
2015-09-08,EURUSD,vente,1.12250,1.12750,1.09750,stop,-1.01600
2015-09-08,USDJPY,vente,119.75000,120.25000,117.25000,stop,-1.02000
2015-09-08,AUDUSD,vente,0.69750,0.70250,0.67250,stop,-1.02000
2015-09-09,NZDUSD,achat,0.62750,0.62250,0.65250,objectif,4.97000
2015-09-09,AUDJPY,vente,84.75000,85.25000,82.25000,stop,-1.03600
2015-09-10,GBPUSD,vente,1.54750,1.55250,1.52250,stop,-1.02400
2015-09-14,USDJPY,achat,120.25000,119.75000,122.75000,stop,-1.02000
2015-09-15,AUDJPY,achat,85.25000,84.75000,87.75000,stop,-1.03600
2015-09-15,EURUSD,achat,1.12750,1.12250,1.15250,stop,-1.01600
2015-09-16,GBPUSD,vente,1.54750,1.55250,1.52250,stop,-1.02400
2015-09-17,USDJPY,achat,120.25000,119.75000,122.75000,stop,-1.02000
2015-09-17,AUDUSD,vente,0.72250,0.72750,0.69750,stop,-1.02000
2015-09-18,EURUSD,achat,1.12750,1.12250,1.15250,stop,-1.01600
2015-09-22,AUDJPY,achat,85.25000,84.75000,87.75000,stop,-1.03600
2015-09-22,NZDUSD,achat,0.62750,0.62250,0.65250,objectif,4.97000
2015-09-22,USDJPY,achat,120.25000,119.75000,122.75000,stop,-1.02000
2015-09-23,GBPUSD,achat,1.52750,1.52250,1.55250,stop,-1.02400
2015-09-23,AUDUSD,achat,0.70250,0.69750,0.72750,stop,-1.02000
2015-09-24,EURUSD,vente,1.12250,1.12750,1.09750,stop,-1.01600
2015-09-25,AUDJPY,vente,84.75000,85.25000,82.25000,stop,-1.03600
2015-09-28,USDJPY,achat,120.25000,119.75000,122.75000,stop,-1.02000
2015-09-28,GBPUSD,vente,1.52250,1.52750,1.49750,stop,-1.02400
2015-10-01,AUDJPY,vente,84.75000,85.25000,82.25000,stop,-1.03600
2015-10-02,GBPUSD,vente,1.52250,1.52750,1.49750,stop,-1.02400
2015-10-02,EURUSD,vente,1.12250,1.12750,1.09750,stop,-1.01600
2015-10-05,NZDUSD,vente,0.64750,0.65250,0.62250,stop,-1.03000
2015-10-07,AUDUSD,vente,0.72250,0.72750,0.69750,stop,-1.02000
2015-10-08,GBPUSD,achat,1.52750,1.52250,1.55250,stop,-1.02400
2015-10-12,NZDUSD,vente,0.67250,0.67750,0.64750,stop,-1.03000
2015-10-13,GBPUSD,achat,1.52750,1.52250,1.55250,stop,-1.02400
2015-10-13,AUDJPY,achat,87.75000,87.25000,90.25000,stop,-1.03600
2015-10-13,AUDUSD,achat,0.72750,0.72250,0.75250,stop,-1.02000
2015-10-14,EURUSD,vente,1.14750,1.15250,1.12250,objectif,4.98400
2015-10-16,AUDUSD,achat,0.72750,0.72250,0.75250,stop,-1.02000
2015-10-19,GBPUSD,vente,1.54750,1.55250,1.52250,objectif,4.97600
2015-10-20,NZDUSD,achat,0.67750,0.67250,0.70250,stop,-1.03000
2015-10-20,AUDJPY,vente,87.25000,87.75000,84.75000,stop,-1.03600
2015-10-22,GBPUSD,vente,1.54750,1.55250,1.52250,objectif,4.97600
2015-10-22,EURUSD,achat,1.12750,1.12250,1.15250,stop,-1.01600
2015-10-23,USDJPY,achat,120.25000,119.75000,122.75000,objectif,4.98000
2015-10-28,GBPUSD,achat,1.52750,1.52250,1.55250,stop,-1.02400
2015-10-29,EURUSD,vente,1.09750,1.10250,1.07250,stop,-1.01600
2015-11-02,GBPUSD,vente,1.54750,1.55250,1.52250,objectif,4.97600
2015-11-05,AUDJPY,vente,87.25000,87.75000,84.75000,stop,-1.03600
2015-11-05,GBPUSD,achat,1.52750,1.52250,1.55250,stop,-1.02400
2015-11-06,AUDUSD,achat,0.70250,0.69750,0.72750,objectif,4.98000
2015-11-06,NZDUSD,achat,0.65250,0.64750,0.67750,stop,-1.03000
2015-11-06,USDJPY,vente,122.25000,122.75000,119.75000,stop,-1.02000
2015-11-06,EURUSD,achat,1.07750,1.07250,1.10250,stop,-1.01600
2015-11-11,USDJPY,achat,122.75000,122.25000,125.25000,stop,-1.02000
2015-11-11,GBPUSD,vente,1.52250,1.52750,1.49750,stop,-1.02400
2015-11-12,AUDJPY,vente,87.25000,87.75000,84.75000,stop,-1.03600
2015-11-12,NZDUSD,achat,0.65250,0.64750,0.67750,stop,-1.03000
2015-11-13,EURUSD,achat,1.07750,1.07250,1.10250,stop,-1.01600
2015-11-17,GBPUSD,vente,1.52250,1.52750,1.49750,stop,-1.02400
2015-11-19,EURUSD,vente,1.07250,1.07750,1.04750,stop,-1.01600
2015-11-19,USDJPY,achat,122.75000,122.25000,125.25000,stop,-1.02000
2015-11-20,AUDUSD,vente,0.72250,0.72750,0.69750,stop,-1.02000
2015-11-23,NZDUSD,achat,0.65250,0.64750,0.67750,objectif,4.97000
2015-11-27,NZDUSD,achat,0.65250,0.64750,0.67750,objectif,4.97000
2015-11-30,AUDUSD,vente,0.72250,0.72750,0.69750,stop,-1.02000
2015-12-01,USDJPY,achat,122.75000,122.25000,125.25000,stop,-1.02000
2015-12-01,AUDJPY,vente,89.75000,90.25000,87.25000,stop,-1.03600
2015-12-02,GBPUSD,achat,1.50250,1.49750,1.52750,stop,-1.02400
2015-12-03,EURUSD,vente,1.07250,1.07750,1.04750,stop,-1.01600
2015-12-04,NZDUSD,vente,0.67250,0.67750,0.64750,stop,-1.03000
2015-12-07,AUDUSD,achat,0.72750,0.72250,0.75250,stop,-1.02000
2015-12-08,USDJPY,achat,122.75000,122.25000,125.25000,stop,-1.02000
2015-12-09,AUDJPY,achat,87.75000,87.25000,90.25000,stop,-1.03600
2015-12-09,NZDUSD,vente,0.67250,0.67750,0.64750,stop,-1.03000
2015-12-09,EURUSD,vente,1.09750,1.10250,1.07250,stop,-1.01600
2015-12-11,GBPUSD,vente,1.52250,1.52750,1.49750,objectif,4.97600
2015-12-14,AUDJPY,vente,87.25000,87.75000,84.75000,stop,-1.03600
2015-12-14,AUDUSD,vente,0.72250,0.72750,0.69750,stop,-1.02000
2015-12-16,EURUSD,vente,1.09750,1.10250,1.07250,objectif,4.98400
2015-12-16,USDJPY,vente,122.25000,122.75000,119.75000,stop,-1.02000
2015-12-17,AUDJPY,achat,87.75000,87.25000,90.25000,stop,-1.03600
2015-12-18,NZDUSD,vente,0.67250,0.67750,0.64750,stop,-1.03000
2015-12-22,AUDUSD,vente,0.72250,0.72750,0.69750,stop,-1.02000
2015-12-22,EURUSD,vente,1.09750,1.10250,1.07250,objectif,4.98400
2015-12-23,NZDUSD,achat,0.67750,0.67250,0.70250,stop,-1.03000
2015-12-24,USDJPY,achat,120.25000,119.75000,122.75000,stop,-1.02000
2015-12-31,GBPUSD,achat,1.47750,1.47250,1.50250,stop,-1.02400
2016-01-04,NZDUSD,achat,0.67750,0.67250,0.70250,stop,-1.03000
2016-01-05,AUDJPY,achat,85.25000,84.75000,87.75000,stop,-1.03600
2016-01-05,EURUSD,achat,1.07750,1.07250,1.10250,stop,-1.01600
2016-01-07,USDJPY,achat,117.75000,117.25000,120.25000,stop,-1.02000
2016-01-07,AUDUSD,achat,0.70250,0.69750,0.72750,stop,-1.02000
2016-01-08,GBPUSD,achat,1.45250,1.44750,1.47750,stop,-1.02400
2016-01-11,AUDJPY,vente,82.25000,82.75000,79.75000,stop,-1.03600
2016-01-12,NZDUSD,achat,0.65250,0.64750,0.67750,stop,-1.03000
2016-01-13,GBPUSD,vente,1.44750,1.45250,1.42250,objectif,4.97600
2016-01-14,AUDUSD,vente,0.69750,0.70250,0.67250,stop,-1.02000
2016-01-14,AUDJPY,vente,82.25000,82.75000,79.75000,stop,-1.03600
2016-01-15,USDJPY,achat,117.75000,117.25000,120.25000,stop,-1.02000
2016-01-15,EURUSD,vente,1.09750,1.10250,1.07250,stop,-1.01600
2016-01-19,AUDJPY,achat,80.25000,79.75000,82.75000,stop,-1.03600
2016-01-20,EURUSD,vente,1.09750,1.10250,1.07250,stop,-1.01600
2016-01-20,NZDUSD,vente,0.64750,0.65250,0.62250,stop,-1.03000
2016-01-21,AUDUSD,vente,0.69750,0.70250,0.67250,stop,-1.02000
2016-01-21,GBPUSD,vente,1.42250,1.42750,1.39750,stop,-1.02400
2016-01-25,AUDJPY,achat,82.75000,82.25000,85.25000,stop,-1.03600
2016-01-26,NZDUSD,vente,0.64750,0.65250,0.62250,stop,-1.03000
2016-01-26,USDJPY,achat,117.75000,117.25000,120.25000,objectif,4.98000
2016-01-26,AUDUSD,vente,0.69750,0.70250,0.67250,stop,-1.02000
2016-01-27,GBPUSD,achat,1.42750,1.42250,1.45250,stop,-1.02400
2016-01-28,AUDJPY,vente,84.75000,85.25000,82.25000,stop,-1.03600
2016-01-29,USDJPY,vente,119.75000,120.25000,117.25000,stop,-1.02000
2016-02-02,AUDJPY,achat,85.25000,84.75000,87.75000,stop,-1.03600
2016-02-02,AUDUSD,achat,0.70250,0.69750,0.72750,stop,-1.02000
2016-02-03,USDJPY,achat,117.75000,117.25000,120.25000,stop,-1.02000
2016-02-03,EURUSD,vente,1.09750,1.10250,1.07250,stop,-1.01600
2016-02-03,GBPUSD,vente,1.44750,1.45250,1.42250,stop,-1.02400
2016-02-04,NZDUSD,vente,0.67250,0.67750,0.64750,stop,-1.03000
2016-02-05,AUDJPY,achat,82.75000,82.25000,85.25000,stop,-1.03600
2016-02-08,USDJPY,vente,117.25000,117.75000,114.75000,objectif,4.98000
2016-02-09,EURUSD,vente,1.12250,1.12750,1.09750,stop,-1.01600
2016-02-09,GBPUSD,vente,1.44750,1.45250,1.42250,stop,-1.02400
2016-02-09,AUDUSD,achat,0.70250,0.69750,0.72750,stop,-1.02000
2016-02-11,NZDUSD,vente,0.67250,0.67750,0.64750,stop,-1.03000
2016-02-11,USDJPY,achat,112.75000,112.25000,115.25000,stop,-1.02000
2016-02-11,AUDJPY,achat,77.75000,77.25000,80.25000,objectif,4.96400
2016-02-12,EURUSD,achat,1.12750,1.12250,1.15250,stop,-1.01600
2016-02-16,USDJPY,vente,114.75000,115.25000,112.25000,objectif,4.98000
2016-02-16,AUDJPY,vente,82.25000,82.75000,79.75000,objectif,4.96400
2016-02-17,GBPUSD,achat,1.42750,1.42250,1.45250,stop,-1.02400
2016-02-19,USDJPY,achat,112.75000,112.25000,115.25000,stop,-1.02000
2016-02-19,AUDJPY,achat,80.25000,79.75000,82.75000,stop,-1.03600
2016-02-22,GBPUSD,achat,1.42750,1.42250,1.45250,stop,-1.02400
2016-02-22,EURUSD,achat,1.10250,1.09750,1.12750,stop,-1.01600
2016-02-22,NZDUSD,vente,0.67250,0.67750,0.64750,stop,-1.03000
2016-02-22,AUDUSD,vente,0.72250,0.72750,0.69750,stop,-1.02000
2016-02-24,AUDJPY,achat,80.25000,79.75000,82.75000,stop,-1.03600
2016-02-24,USDJPY,vente,112.25000,112.75000,109.75000,stop,-1.02000
2016-02-25,GBPUSD,vente,1.39750,1.40250,1.37250,stop,-1.02400
2016-02-25,NZDUSD,vente,0.67250,0.67750,0.64750,stop,-1.03000
2016-02-25,AUDUSD,vente,0.72250,0.72750,0.69750,stop,-1.02000
2016-02-29,AUDJPY,achat,80.25000,79.75000,82.75000,objectif,4.96400
2016-02-29,USDJPY,achat,112.75000,112.25000,115.25000,stop,-1.02000
2016-03-01,GBPUSD,vente,1.39750,1.40250,1.37250,stop,-1.02400
2016-03-02,AUDUSD,vente,0.72250,0.72750,0.69750,stop,-1.02000
2016-03-03,NZDUSD,vente,0.67250,0.67750,0.64750,stop,-1.03000
2016-03-04,GBPUSD,vente,1.42250,1.42750,1.39750,stop,-1.02400
2016-03-04,AUDJPY,vente,84.75000,85.25000,82.25000,stop,-1.03600
2016-03-04,EURUSD,vente,1.09750,1.10250,1.07250,stop,-1.01600
2016-03-07,AUDUSD,vente,0.74750,0.75250,0.72250,stop,-1.02000
2016-03-08,USDJPY,achat,112.75000,112.25000,115.25000,stop,-1.02000
2016-03-09,AUDJPY,vente,84.75000,85.25000,82.25000,stop,-1.03600
2016-03-11,NZDUSD,vente,0.67250,0.67750,0.64750,stop,-1.03000
2016-03-14,AUDUSD,achat,0.75250,0.74750,0.77750,stop,-1.02000
2016-03-14,GBPUSD,achat,1.42750,1.42250,1.45250,stop,-1.02400
2016-03-14,AUDJPY,achat,85.25000,84.75000,87.75000,stop,-1.03600
2016-03-15,USDJPY,achat,112.75000,112.25000,115.25000,stop,-1.02000
2016-03-16,EURUSD,vente,1.12250,1.12750,1.09750,stop,-1.01600
2016-03-16,NZDUSD,vente,0.67250,0.67750,0.64750,stop,-1.03000
2016-03-17,GBPUSD,vente,1.44750,1.45250,1.42250,objectif,4.97600
2016-03-22,GBPUSD,achat,1.42750,1.42250,1.45250,stop,-1.02400
2016-03-23,AUDUSD,achat,0.75250,0.74750,0.77750,objectif,4.98000
2016-03-23,AUDJPY,achat,85.25000,84.75000,87.75000,stop,-1.03600
2016-03-28,GBPUSD,vente,1.42250,1.42750,1.39750,stop,-1.02400
2016-03-28,NZDUSD,vente,0.67250,0.67750,0.64750,stop,-1.03000
2016-03-29,USDJPY,achat,112.75000,112.25000,115.25000,stop,-1.02000
2016-03-29,AUDUSD,achat,0.75250,0.74750,0.77750,objectif,4.98000
2016-04-01,GBPUSD,achat,1.42750,1.42250,1.45250,stop,-1.02400
2016-04-04,AUDJPY,achat,85.25000,84.75000,87.75000,stop,-1.03600
2016-04-05,AUDUSD,achat,0.75250,0.74750,0.77750,objectif,4.98000
2016-04-05,USDJPY,achat,110.25000,109.75000,112.75000,stop,-1.02000
2016-04-05,NZDUSD,achat,0.67750,0.67250,0.70250,objectif,4.97000
2016-04-06,GBPUSD,achat,1.40250,1.39750,1.42750,objectif,4.97600
2016-04-07,AUDJPY,achat,82.75000,82.25000,85.25000,stop,-1.03600
2016-04-11,USDJPY,achat,107.75000,107.25000,110.25000,objectif,4.98000
2016-04-11,GBPUSD,vente,1.42250,1.42750,1.39750,stop,-1.02400
2016-04-12,AUDJPY,vente,82.25000,82.75000,79.75000,stop,-1.03600
2016-04-13,EURUSD,achat,1.12750,1.12250,1.15250,stop,-1.01600
2016-04-14,AUDUSD,vente,0.77250,0.77750,0.74750,stop,-1.02000
2016-04-15,AUDJPY,vente,84.75000,85.25000,82.25000,stop,-1.03600
2016-04-15,GBPUSD,vente,1.42250,1.42750,1.39750,stop,-1.02400
2016-04-18,NZDUSD,vente,0.69750,0.70250,0.67250,stop,-1.03000
2016-04-20,USDJPY,vente,109.75000,110.25000,107.25000,stop,-1.02000
2016-04-21,AUDJPY,achat,85.25000,84.75000,87.75000,stop,-1.03600
2016-04-21,EURUSD,achat,1.12750,1.12250,1.15250,stop,-1.01600
2016-04-21,AUDUSD,achat,0.77750,0.77250,0.80250,stop,-1.02000
2016-04-25,GBPUSD,vente,1.44750,1.45250,1.42250,stop,-1.02400
2016-04-26,AUDJPY,achat,85.25000,84.75000,87.75000,stop,-1.03600
2016-04-28,USDJPY,achat,110.25000,109.75000,112.75000,stop,-1.02000
2016-04-28,NZDUSD,vente,0.69750,0.70250,0.67250,stop,-1.03000
2016-05-03,GBPUSD,vente,1.47250,1.47750,1.44750,objectif,4.97600
2016-05-03,AUDUSD,achat,0.75250,0.74750,0.77750,stop,-1.02000
2016-05-03,USDJPY,vente,107.25000,107.75000,104.75000,stop,-1.02000
2016-05-03,AUDJPY,achat,80.25000,79.75000,82.75000,stop,-1.03600
2016-05-06,EURUSD,vente,1.14750,1.15250,1.12250,objectif,4.98400
2016-05-09,NZDUSD,achat,0.67750,0.67250,0.70250,stop,-1.03000
2016-05-09,GBPUSD,vente,1.44750,1.45250,1.42250,stop,-1.02400
2016-05-10,AUDJPY,vente,79.75000,80.25000,77.25000,stop,-1.03600
2016-05-12,GBPUSD,vente,1.44750,1.45250,1.42250,stop,-1.02400
2016-05-13,AUDUSD,achat,0.72750,0.72250,0.75250,stop,-1.02000
2016-05-13,NZDUSD,achat,0.67750,0.67250,0.70250,stop,-1.03000
2016-05-17,AUDJPY,vente,79.75000,80.25000,77.25000,stop,-1.03600
2016-05-17,GBPUSD,vente,1.44750,1.45250,1.42250,stop,-1.02400
2016-05-18,AUDUSD,achat,0.72750,0.72250,0.75250,stop,-1.02000
2016-05-18,EURUSD,achat,1.12750,1.12250,1.15250,stop,-1.01600
2016-05-18,USDJPY,vente,109.75000,110.25000,107.25000,stop,-1.02000
2016-05-18,NZDUSD,achat,0.67750,0.67250,0.70250,stop,-1.03000
2016-05-20,AUDJPY,vente,79.75000,80.25000,77.25000,stop,-1.03600
2016-05-20,GBPUSD,achat,1.45250,1.44750,1.47750,stop,-1.02400
2016-05-24,USDJPY,vente,109.75000,110.25000,107.25000,stop,-1.02000
2016-05-25,GBPUSD,vente,1.47250,1.47750,1.44750,objectif,4.97600
2016-05-26,AUDUSD,vente,0.72250,0.72750,0.69750,stop,-1.02000
2016-05-30,AUDJPY,vente,79.75000,80.25000,77.25000,stop,-1.03600
2016-05-31,AUDUSD,vente,0.72250,0.72750,0.69750,stop,-1.02000
2016-05-31,GBPUSD,vente,1.47250,1.47750,1.44750,objectif,4.97600
2016-06-01,USDJPY,achat,110.25000,109.75000,112.75000,stop,-1.02000
2016-06-03,EURUSD,vente,1.12250,1.12750,1.09750,stop,-1.01600
2016-06-03,GBPUSD,vente,1.44750,1.45250,1.42250,stop,-1.02400
2016-06-06,USDJPY,vente,107.25000,107.75000,104.75000,stop,-1.02000
2016-06-07,AUDJPY,vente,79.75000,80.25000,77.25000,stop,-1.03600
2016-06-07,NZDUSD,vente,0.69750,0.70250,0.67250,stop,-1.03000
2016-06-08,AUDUSD,vente,0.74750,0.75250,0.72250,stop,-1.02000
2016-06-10,GBPUSD,achat,1.42750,1.42250,1.45250,stop,-1.02400
2016-06-10,EURUSD,achat,1.12750,1.12250,1.15250,stop,-1.01600
2016-06-14,AUDJPY,achat,77.75000,77.25000,80.25000,stop,-1.03600
2016-06-16,NZDUSD,achat,0.70250,0.69750,0.72750,stop,-1.03000
2016-06-16,GBPUSD,vente,1.42250,1.42750,1.39750,stop,-1.02400
2016-06-16,USDJPY,achat,105.25000,104.75000,107.75000,stop,-1.02000
2016-06-20,AUDUSD,vente,0.74750,0.75250,0.72250,stop,-1.02000
2016-06-20,AUDJPY,vente,77.25000,77.75000,74.75000,stop,-1.03600
2016-06-21,EURUSD,achat,1.12750,1.12250,1.15250,stop,-1.01600
2016-06-21,GBPUSD,vente,1.47250,1.47750,1.44750,stop,-1.02400
2016-06-21,USDJPY,vente,104.75000,105.25000,102.25000,stop,-1.02000
2016-06-23,NZDUSD,vente,0.72250,0.72750,0.69750,stop,-1.03000
2016-06-23,AUDJPY,vente,79.75000,80.25000,77.25000,stop,-1.03600
2016-06-24,GBPUSD,achat,1.45250,1.44750,1.47750,stop,-1.02400
2016-06-24,USDJPY,achat,102.75000,102.25000,105.25000,stop,-1.02000
2016-06-24,EURUSD,achat,1.12750,1.12250,1.15250,stop,-1.01600
2016-06-29,GBPUSD,vente,1.34750,1.35250,1.32250,stop,-1.02400
2016-06-30,EURUSD,achat,1.10250,1.09750,1.12750,stop,-1.01600
2016-07-01,AUDUSD,vente,0.74750,0.75250,0.72250,stop,-1.02000
2016-07-01,USDJPY,achat,102.75000,102.25000,105.25000,stop,-1.02000
2016-07-04,AUDJPY,vente,77.25000,77.75000,74.75000,objectif,4.96400
2016-07-04,NZDUSD,vente,0.72250,0.72750,0.69750,stop,-1.03000
2016-07-05,GBPUSD,achat,1.30250,1.29750,1.32750,stop,-1.02400
2016-07-06,USDJPY,achat,100.25000,99.75000,102.75000,objectif,4.98000
2016-07-06,AUDUSD,vente,0.74750,0.75250,0.72250,stop,-1.02000
2016-07-07,AUDJPY,achat,75.25000,74.75000,77.75000,objectif,4.96400
2016-07-07,NZDUSD,vente,0.72250,0.72750,0.69750,stop,-1.03000
2016-07-08,GBPUSD,vente,1.29750,1.30250,1.27250,stop,-1.02400
2016-07-08,EURUSD,achat,1.10250,1.09750,1.12750,stop,-1.01600
2016-07-11,AUDUSD,achat,0.75250,0.74750,0.77750,stop,-1.02000
2016-07-11,USDJPY,vente,102.25000,102.75000,99.75000,stop,-1.02000
2016-07-12,AUDJPY,vente,79.75000,80.25000,77.25000,stop,-1.03600
2016-07-14,GBPUSD,vente,1.32250,1.32750,1.29750,stop,-1.02400
2016-07-14,USDJPY,vente,104.75000,105.25000,102.25000,stop,-1.02000
2016-07-15,EURUSD,achat,1.10250,1.09750,1.12750,stop,-1.01600
2016-07-18,AUDJPY,vente,79.75000,80.25000,77.25000,stop,-1.03600
2016-07-19,AUDUSD,achat,0.75250,0.74750,0.77750,stop,-1.02000
2016-07-20,USDJPY,vente,107.25000,107.75000,104.75000,objectif,4.98000
2016-07-20,GBPUSD,vente,1.32250,1.32750,1.29750,stop,-1.02400
2016-07-26,USDJPY,achat,105.25000,104.75000,107.75000,stop,-1.02000
2016-07-27,GBPUSD,vente,1.32250,1.32750,1.29750,stop,-1.02400
2016-07-27,NZDUSD,achat,0.70250,0.69750,0.72750,objectif,4.97000
2016-07-28,AUDJPY,achat,77.75000,77.25000,80.25000,stop,-1.03600
2016-07-29,USDJPY,achat,102.75000,102.25000,105.25000,stop,-1.02000
2016-08-01,AUDUSD,achat,0.75250,0.74750,0.77750,sortie vendredi,0.79000
2016-08-02,GBPUSD,vente,1.32250,1.32750,1.29750,stop,-1.02400
2016-08-02,NZDUSD,vente,0.72250,0.72750,0.69750,stop,-1.03000
2016-08-02,EURUSD,vente,1.12250,1.12750,1.09750,stop,-1.01600
2016-08-04,AUDJPY,vente,77.25000,77.75000,74.75000,stop,-1.03600
2016-08-05,GBPUSD,achat,1.30250,1.29750,1.32750,stop,-1.02400
2016-08-08,USDJPY,vente,102.25000,102.75000,99.75000,objectif,4.98000
2016-08-10,AUDUSD,vente,0.77250,0.77750,0.74750,objectif,4.98000
2016-08-10,NZDUSD,vente,0.72250,0.72750,0.69750,stop,-1.03000
2016-08-12,USDJPY,vente,102.25000,102.75000,99.75000,objectif,4.98000
2016-08-12,AUDJPY,achat,77.75000,77.25000,80.25000,stop,-1.03600
2016-08-15,NZDUSD,vente,0.72250,0.72750,0.69750,stop,-1.03000
2016-08-16,EURUSD,vente,1.12250,1.12750,1.09750,stop,-1.01600
2016-08-16,AUDUSD,vente,0.77250,0.77750,0.74750,objectif,4.98000
2016-08-16,GBPUSD,vente,1.29750,1.30250,1.27250,stop,-1.02400
2016-08-18,AUDJPY,vente,77.25000,77.75000,74.75000,stop,-1.03600
2016-08-19,GBPUSD,achat,1.30250,1.29750,1.32750,objectif,4.97600
2016-08-22,EURUSD,achat,1.12750,1.12250,1.15250,stop,-1.01600
2016-08-24,GBPUSD,vente,1.32250,1.32750,1.29750,stop,-1.02400
2016-08-26,USDJPY,achat,100.25000,99.75000,102.75000,objectif,4.98000
2016-08-29,AUDUSD,achat,0.75250,0.74750,0.77750,stop,-1.02000
2016-08-29,AUDJPY,vente,77.25000,77.75000,74.75000,stop,-1.03600
2016-09-01,GBPUSD,vente,1.32250,1.32750,1.29750,stop,-1.02400
2016-09-02,EURUSD,vente,1.12250,1.12750,1.09750,stop,-1.01600
2016-09-06,USDJPY,achat,102.75000,102.25000,105.25000,stop,-1.02000
2016-09-07,AUDJPY,achat,77.75000,77.25000,80.25000,stop,-1.03600
2016-09-07,NZDUSD,vente,0.74750,0.75250,0.72250,objectif,4.97000
2016-09-08,AUDUSD,vente,0.77250,0.77750,0.74750,objectif,4.98000
2016-09-09,GBPUSD,achat,1.32750,1.32250,1.35250,stop,-1.02400
2016-09-13,USDJPY,vente,102.25000,102.75000,99.75000,stop,-1.02000
2016-09-13,AUDUSD,achat,0.75250,0.74750,0.77750,stop,-1.02000
2016-09-13,NZDUSD,achat,0.72750,0.72250,0.75250,stop,-1.03000
2016-09-14,AUDJPY,vente,77.25000,77.75000,74.75000,stop,-1.03600
2016-09-14,GBPUSD,vente,1.32250,1.32750,1.29750,stop,-1.02400
2016-09-16,USDJPY,vente,102.25000,102.75000,99.75000,stop,-1.02000
2016-09-16,NZDUSD,achat,0.72750,0.72250,0.75250,stop,-1.03000
2016-09-21,AUDJPY,vente,77.25000,77.75000,74.75000,stop,-1.03600
2016-09-21,USDJPY,vente,102.25000,102.75000,99.75000,stop,-1.02000
2016-09-22,EURUSD,vente,1.12250,1.12750,1.09750,stop,-1.01600
2016-09-23,NZDUSD,achat,0.72750,0.72250,0.75250,stop,-1.03000
2016-09-23,GBPUSD,achat,1.30250,1.29750,1.32750,stop,-1.02400
2016-09-26,USDJPY,achat,100.25000,99.75000,102.75000,objectif,4.98000
2016-09-27,AUDJPY,vente,77.25000,77.75000,74.75000,stop,-1.03600
2016-10-04,GBPUSD,achat,1.27750,1.27250,1.30250,stop,-1.02400
2016-10-04,USDJPY,vente,102.25000,102.75000,99.75000,stop,-1.02000
2016-10-07,GBPUSD,vente,1.24750,1.25250,1.22250,objectif,4.97600
2016-10-11,AUDJPY,achat,77.75000,77.25000,80.25000,objectif,4.96400
2016-10-12,EURUSD,achat,1.10250,1.09750,1.12750,stop,-1.01600
2016-10-13,AUDUSD,achat,0.75250,0.74750,0.77750,objectif,4.98000
2016-10-13,GBPUSD,vente,1.22250,1.22750,1.19750,stop,-1.02400
2016-10-18,AUDJPY,vente,79.75000,80.25000,77.25000,stop,-1.03600
2016-10-19,GBPUSD,achat,1.22750,1.22250,1.25250,stop,-1.02400
2016-10-19,AUDUSD,vente,0.77250,0.77750,0.74750,stop,-1.02000
2016-10-25,USDJPY,vente,104.75000,105.25000,102.25000,stop,-1.02000
2016-10-25,AUDJPY,vente,79.75000,80.25000,77.25000,stop,-1.03600
2016-10-26,GBPUSD,vente,1.22250,1.22750,1.19750,stop,-1.02400
2016-10-28,EURUSD,vente,1.09750,1.10250,1.07250,stop,-1.01600
2016-10-31,GBPUSD,vente,1.22250,1.22750,1.19750,stop,-1.02400
2016-11-03,USDJPY,achat,102.75000,102.25000,105.25000,stop (même jour que l'objectif),-1.02000
2016-11-03,GBPUSD,vente,1.24750,1.25250,1.22250,stop,-1.02400
2016-11-07,AUDUSD,vente,0.77250,0.77750,0.74750,stop,-1.02000
2016-11-07,AUDJPY,vente,79.75000,80.25000,77.25000,stop,-1.03600
2016-11-08,USDJPY,vente,104.75000,105.25000,102.25000,stop (même jour que l'objectif),-1.02000
2016-11-09,GBPUSD,vente,1.24750,1.25250,1.22250,stop,-1.02400
2016-11-09,NZDUSD,achat,0.72750,0.72250,0.75250,stop,-1.03000
2016-11-09,EURUSD,vente,1.12250,1.12750,1.09750,stop,-1.01600
2016-11-10,AUDJPY,vente,82.25000,82.75000,79.75000,stop,-1.03600
2016-11-10,AUDUSD,vente,0.77250,0.77750,0.74750,objectif,4.98000
2016-11-14,GBPUSD,achat,1.25250,1.24750,1.27750,stop,-1.02400
2016-11-14,USDJPY,vente,107.25000,107.75000,104.75000,stop,-1.02000
2016-11-14,EURUSD,achat,1.07750,1.07250,1.10250,stop,-1.01600
2016-11-15,AUDJPY,vente,82.25000,82.75000,79.75000,stop,-1.03600
2016-11-15,AUDUSD,achat,0.75250,0.74750,0.77750,stop,-1.02000
2016-11-17,GBPUSD,vente,1.24750,1.25250,1.22250,stop,-1.02400
2016-11-17,NZDUSD,achat,0.70250,0.69750,0.72750,stop,-1.03000
2016-11-17,USDJPY,vente,109.75000,110.25000,107.25000,stop,-1.02000
2016-11-22,AUDJPY,vente,82.25000,82.75000,79.75000,stop,-1.03600
2016-11-23,NZDUSD,achat,0.70250,0.69750,0.72750,stop,-1.03000
2016-11-23,USDJPY,vente,112.25000,112.75000,109.75000,stop,-1.02000
2016-11-24,GBPUSD,vente,1.24750,1.25250,1.22250,stop,-1.02400
2016-11-28,USDJPY,achat,112.75000,112.25000,115.25000,stop,-1.02000
2016-11-28,AUDUSD,vente,0.74750,0.75250,0.72250,objectif,4.98000
2016-11-29,GBPUSD,vente,1.24750,1.25250,1.22250,stop,-1.02400
2016-11-30,AUDJPY,vente,84.75000,85.25000,82.25000,stop,-1.03600
2016-12-02,GBPUSD,vente,1.27250,1.27750,1.24750,objectif,4.97600
2016-12-05,USDJPY,vente,114.75000,115.25000,112.25000,stop,-1.02000
2016-12-05,EURUSD,vente,1.07250,1.07750,1.04750,stop,-1.01600
2016-12-09,USDJPY,vente,114.75000,115.25000,112.25000,stop,-1.02000
2016-12-12,AUDUSD,vente,0.74750,0.75250,0.72250,objectif,4.98000
2016-12-13,GBPUSD,vente,1.27250,1.27750,1.24750,objectif,4.97600
2016-12-13,NZDUSD,vente,0.72250,0.72750,0.69750,objectif,4.97000
2016-12-14,EURUSD,achat,1.05250,1.04750,1.07750,stop,-1.01600
2016-12-14,USDJPY,vente,117.25000,117.75000,114.75000,stop,-1.02000
2016-12-15,AUDJPY,vente,87.25000,87.75000,84.75000,objectif,4.96400
2016-12-16,GBPUSD,vente,1.24750,1.25250,1.22250,objectif,4.97600
2016-12-16,AUDUSD,achat,0.72750,0.72250,0.75250,stop,-1.02000
2016-12-19,EURUSD,vente,1.04750,1.05250,1.02250,stop,-1.01600
2016-12-21,AUDJPY,achat,85.25000,84.75000,87.75000,stop,-1.03600
2016-12-22,EURUSD,vente,1.04750,1.05250,1.02250,stop,-1.01600
2016-12-26,AUDUSD,vente,0.72250,0.72750,0.69750,stop,-1.02000
2016-12-28,AUDJPY,vente,84.75000,85.25000,82.25000,stop,-1.03600
2016-12-29,AUDUSD,vente,0.72250,0.72750,0.69750,stop,-1.02000
2016-12-29,EURUSD,vente,1.04750,1.05250,1.02250,stop,-1.01600
2016-12-29,NZDUSD,vente,0.69750,0.70250,0.67250,stop,-1.03000
2017-01-02,USDJPY,vente,117.25000,117.75000,114.75000,stop,-1.02000
2017-01-02,GBPUSD,achat,1.22750,1.22250,1.25250,stop,-1.02400
2017-01-03,AUDUSD,vente,0.72250,0.72750,0.69750,stop,-1.02000
2017-01-04,EURUSD,vente,1.04750,1.05250,1.02250,stop,-1.01600
2017-01-05,GBPUSD,achat,1.22750,1.22250,1.25250,stop,-1.02400
2017-01-05,USDJPY,achat,115.25000,114.75000,117.75000,stop,-1.02000
2017-01-10,USDJPY,achat,115.25000,114.75000,117.75000,stop,-1.02000
2017-01-11,EURUSD,achat,1.05250,1.04750,1.07750,stop,-1.01600
2017-01-11,GBPUSD,vente,1.22250,1.22750,1.19750,stop,-1.02400
2017-01-12,AUDUSD,vente,0.74750,0.75250,0.72250,stop,-1.02000
2017-01-16,GBPUSD,achat,1.20250,1.19750,1.22750,objectif,4.97600
2017-01-16,AUDJPY,achat,85.25000,84.75000,87.75000,objectif,4.96400
2017-01-17,USDJPY,achat,112.75000,112.25000,115.25000,objectif,4.98000
2017-01-20,AUDUSD,achat,0.75250,0.74750,0.77750,sortie vendredi,1.34800
2017-01-20,GBPUSD,achat,1.22750,1.22250,1.25250,objectif,4.97600
2017-01-23,NZDUSD,vente,0.72250,0.72750,0.69750,stop,-1.03000
2017-01-23,USDJPY,achat,112.75000,112.25000,115.25000,objectif,4.98000
2017-01-23,EURUSD,vente,1.07250,1.07750,1.04750,stop,-1.01600
2017-01-25,AUDUSD,achat,0.75250,0.74750,0.77750,sortie vendredi,0.00800
2017-01-26,USDJPY,vente,114.75000,115.25000,112.25000,stop,-1.02000
2017-01-27,EURUSD,vente,1.07250,1.07750,1.04750,stop,-1.01600
2017-01-27,GBPUSD,achat,1.25250,1.24750,1.27750,stop,-1.02400
2017-01-31,AUDJPY,achat,85.25000,84.75000,87.75000,objectif,4.96400
2017-01-31,USDJPY,achat,112.75000,112.25000,115.25000,stop,-1.02000
2017-02-01,EURUSD,achat,1.07750,1.07250,1.10250,stop,-1.01600
2017-02-02,GBPUSD,achat,1.25250,1.24750,1.27750,stop,-1.02400
2017-02-07,USDJPY,vente,112.25000,112.75000,109.75000,stop,-1.02000
2017-02-13,AUDJPY,vente,87.25000,87.75000,84.75000,stop,-1.03600
2017-02-15,EURUSD,achat,1.05250,1.04750,1.07750,objectif,4.98400
2017-02-15,NZDUSD,vente,0.72250,0.72750,0.69750,objectif,4.97000
2017-02-15,USDJPY,vente,114.75000,115.25000,112.25000,objectif,4.98000
2017-02-16,AUDJPY,achat,87.75000,87.25000,90.25000,stop,-1.03600
2017-02-20,GBPUSD,vente,1.24750,1.25250,1.22250,stop,-1.02400
2017-02-23,AUDUSD,vente,0.77250,0.77750,0.74750,sortie vendredi,3.69800
2017-02-23,USDJPY,achat,112.75000,112.25000,115.25000,stop,-1.02000
2017-02-23,NZDUSD,vente,0.72250,0.72750,0.69750,objectif,4.97000
2017-02-24,GBPUSD,achat,1.25250,1.24750,1.27750,stop,-1.02400
2017-02-28,NZDUSD,vente,0.72250,0.72750,0.69750,objectif,4.97000
2017-03-01,GBPUSD,achat,1.22750,1.22250,1.25250,stop,-1.02400
2017-03-01,AUDJPY,vente,87.25000,87.75000,84.75000,objectif,4.96400
2017-03-01,EURUSD,achat,1.05250,1.04750,1.07750,objectif,4.98400
2017-03-03,NZDUSD,achat,0.70250,0.69750,0.72750,stop,-1.03000
2017-03-08,USDJPY,vente,114.75000,115.25000,112.25000,stop,-1.02000
2017-03-08,AUDUSD,achat,0.75250,0.74750,0.77750,stop,-1.02000
2017-03-13,GBPUSD,vente,1.22250,1.22750,1.19750,stop,-1.02400
2017-03-15,AUDJPY,vente,87.25000,87.75000,84.75000,objectif,4.96400
2017-03-15,EURUSD,vente,1.07250,1.07750,1.04750,stop,-1.01600
2017-03-15,NZDUSD,vente,0.69750,0.70250,0.67250,stop,-1.03000
2017-03-17,USDJPY,achat,112.75000,112.25000,115.25000,stop,-1.02000
2017-03-21,GBPUSD,vente,1.24750,1.25250,1.22250,stop,-1.02400
2017-03-22,AUDJPY,achat,85.25000,84.75000,87.75000,stop,-1.03600
2017-03-27,USDJPY,achat,110.25000,109.75000,112.75000,stop,-1.02000
2017-03-28,AUDJPY,vente,84.75000,85.25000,82.25000,stop,-1.03600
2017-03-28,GBPUSD,achat,1.25250,1.24750,1.27750,stop,-1.02400
2017-03-29,EURUSD,achat,1.07750,1.07250,1.10250,stop,-1.01600
2017-03-31,AUDJPY,achat,85.25000,84.75000,87.75000,stop,-1.03600
2017-04-03,GBPUSD,achat,1.25250,1.24750,1.27750,stop,-1.02400
2017-04-07,USDJPY,achat,110.25000,109.75000,112.75000,stop,-1.02000
2017-04-11,AUDJPY,achat,82.75000,82.25000,85.25000,stop,-1.03600
2017-04-11,GBPUSD,vente,1.24750,1.25250,1.22250,stop,-1.02400
2017-04-18,GBPUSD,vente,1.27250,1.27750,1.24750,stop,-1.02400
2017-04-18,EURUSD,vente,1.07250,1.07750,1.04750,stop,-1.01600
2017-04-19,AUDUSD,achat,0.75250,0.74750,0.77750,stop,-1.02000
2017-04-20,AUDJPY,vente,82.25000,82.75000,79.75000,stop,-1.03600
2017-04-21,GBPUSD,achat,1.27750,1.27250,1.30250,objectif,4.97600
2017-04-24,USDJPY,vente,109.75000,110.25000,107.25000,stop,-1.02000
2017-04-25,AUDUSD,achat,0.75250,0.74750,0.77750,stop,-1.02000
2017-04-27,AUDJPY,achat,82.75000,82.25000,85.25000,stop,-1.03600
2017-05-02,USDJPY,vente,112.25000,112.75000,109.75000,stop,-1.02000
2017-05-04,EURUSD,vente,1.09750,1.10250,1.07250,stop,-1.01600
2017-05-05,AUDJPY,achat,82.75000,82.25000,85.25000,stop,-1.03600
2017-05-05,GBPUSD,vente,1.29750,1.30250,1.27250,stop,-1.02400
2017-05-10,GBPUSD,vente,1.29750,1.30250,1.27250,stop,-1.02400
2017-05-15,EURUSD,vente,1.09750,1.10250,1.07250,stop,-1.01600
2017-05-16,USDJPY,achat,112.75000,112.25000,115.25000,stop,-1.02000
2017-05-17,AUDJPY,achat,82.75000,82.25000,85.25000,stop,-1.03600
2017-05-17,GBPUSD,vente,1.29750,1.30250,1.27250,stop,-1.02400
2017-05-22,NZDUSD,vente,0.69750,0.70250,0.67250,stop,-1.03000
2017-05-24,EURUSD,vente,1.12250,1.12750,1.09750,stop,-1.01600
2017-05-26,AUDJPY,achat,82.75000,82.25000,85.25000,stop,-1.03600
2017-05-31,GBPUSD,achat,1.27750,1.27250,1.30250,stop,-1.02400
2017-05-31,EURUSD,vente,1.12250,1.12750,1.09750,stop,-1.01600
2017-06-05,AUDUSD,vente,0.74750,0.75250,0.72250,stop,-1.02000
2017-06-07,USDJPY,vente,109.75000,110.25000,107.25000,stop,-1.02000
2017-06-08,GBPUSD,achat,1.27750,1.27250,1.30250,stop,-1.02400
2017-06-12,EURUSD,vente,1.12250,1.12750,1.09750,stop,-1.01600
2017-06-12,AUDJPY,achat,82.75000,82.25000,85.25000,objectif,4.96400
2017-06-13,GBPUSD,vente,1.27250,1.27750,1.24750,stop,-1.02400
2017-06-15,USDJPY,vente,109.75000,110.25000,107.25000,stop,-1.02000
2017-06-16,AUDJPY,vente,84.75000,85.25000,82.25000,stop,-1.03600
2017-06-23,GBPUSD,vente,1.27250,1.27750,1.24750,stop,-1.02400
2017-06-26,AUDJPY,vente,84.75000,85.25000,82.25000,stop,-1.03600
2017-06-27,USDJPY,vente,112.25000,112.75000,109.75000,stop,-1.02000
2017-06-27,EURUSD,vente,1.12250,1.12750,1.09750,stop,-1.01600
2017-06-29,GBPUSD,vente,1.29750,1.30250,1.27250,stop,-1.02400
2017-06-30,USDJPY,vente,112.25000,112.75000,109.75000,stop,-1.02000
2017-07-03,NZDUSD,achat,0.72750,0.72250,0.75250,stop,-1.03000
2017-07-06,GBPUSD,vente,1.29750,1.30250,1.27250,stop,-1.02400
2017-07-11,AUDJPY,vente,87.25000,87.75000,84.75000,stop,-1.03600
2017-07-11,EURUSD,vente,1.14750,1.15250,1.12250,stop,-1.01600
2017-07-13,AUDUSD,vente,0.77250,0.77750,0.74750,stop,-1.02000
2017-07-14,GBPUSD,vente,1.29750,1.30250,1.27250,stop,-1.02400
2017-07-14,USDJPY,achat,112.75000,112.25000,115.25000,stop,-1.02000
2017-07-17,NZDUSD,achat,0.72750,0.72250,0.75250,objectif,4.97000
2017-07-17,AUDJPY,achat,87.75000,87.25000,90.25000,stop,-1.03600
2017-07-20,USDJPY,vente,112.25000,112.75000,109.75000,objectif,4.98000
2017-07-26,AUDUSD,vente,0.79750,0.80250,0.77250,stop,-1.02000
2017-07-26,NZDUSD,vente,0.74750,0.75250,0.72250,stop,-1.03000
2017-07-26,EURUSD,vente,1.17250,1.17750,1.14750,stop,-1.01600
2017-07-31,USDJPY,achat,110.25000,109.75000,112.75000,stop,-1.02000
2017-08-01,GBPUSD,vente,1.32250,1.32750,1.29750,objectif,4.97600
2017-08-03,AUDJPY,achat,87.75000,87.25000,90.25000,stop,-1.03600
2017-08-03,USDJPY,achat,110.25000,109.75000,112.75000,stop,-1.02000
2017-08-04,EURUSD,achat,1.17750,1.17250,1.20250,stop,-1.01600
2017-08-04,GBPUSD,achat,1.30250,1.29750,1.32750,stop,-1.02400
2017-08-08,USDJPY,achat,110.25000,109.75000,112.75000,stop,-1.02000
2017-08-10,NZDUSD,achat,0.72750,0.72250,0.75250,stop,-1.03000
2017-08-14,EURUSD,achat,1.17750,1.17250,1.20250,stop,-1.01600
2017-08-14,USDJPY,vente,109.75000,110.25000,107.25000,stop,-1.02000
2017-08-16,AUDJPY,vente,87.25000,87.75000,84.75000,stop,-1.03600
2017-08-22,NZDUSD,achat,0.72750,0.72250,0.75250,stop,-1.03000
2017-08-22,USDJPY,vente,109.75000,110.25000,107.25000,stop,-1.02000
2017-08-22,EURUSD,achat,1.17750,1.17250,1.20250,objectif,4.98400
2017-08-24,GBPUSD,achat,1.27750,1.27250,1.30250,objectif,4.97600
2017-08-28,EURUSD,vente,1.19750,1.20250,1.17250,stop,-1.01600
2017-08-29,USDJPY,vente,109.75000,110.25000,107.25000,stop,-1.02000
2017-08-29,GBPUSD,vente,1.29750,1.30250,1.27250,stop,-1.02400
2017-08-29,AUDUSD,vente,0.79750,0.80250,0.77250,stop,-1.02000
2017-08-29,AUDJPY,vente,87.25000,87.75000,84.75000,stop,-1.03600
2017-09-01,GBPUSD,vente,1.29750,1.30250,1.27250,stop,-1.02400
2017-09-01,EURUSD,vente,1.19750,1.20250,1.17250,stop,-1.01600
2017-09-01,AUDUSD,vente,0.79750,0.80250,0.77250,stop,-1.02000
2017-09-05,NZDUSD,vente,0.72250,0.72750,0.69750,stop,-1.03000
2017-09-06,AUDJPY,vente,87.25000,87.75000,84.75000,stop,-1.03600
2017-09-07,EURUSD,vente,1.19750,1.20250,1.17250,stop,-1.01600
2017-09-08,USDJPY,achat,107.75000,107.25000,110.25000,objectif,4.98000
2017-09-11,AUDJPY,vente,87.25000,87.75000,84.75000,stop,-1.03600
2017-09-11,AUDUSD,achat,0.80250,0.79750,0.82750,stop,-1.02000
2017-09-12,GBPUSD,vente,1.32250,1.32750,1.29750,stop,-1.02400
2017-09-14,AUDJPY,achat,87.75000,87.25000,90.25000,objectif,4.96400
2017-09-15,EURUSD,vente,1.19750,1.20250,1.17250,stop,-1.01600
2017-09-15,GBPUSD,vente,1.34750,1.35250,1.32250,stop,-1.02400
2017-09-20,AUDJPY,vente,89.75000,90.25000,87.25000,stop,-1.03600
2017-09-20,USDJPY,vente,112.25000,112.75000,109.75000,stop,-1.02000
2017-09-22,GBPUSD,achat,1.35250,1.34750,1.37750,stop,-1.02400
2017-09-22,EURUSD,vente,1.19750,1.20250,1.17250,objectif,4.98400
2017-09-22,AUDUSD,vente,0.79750,0.80250,0.77250,objectif,4.98000
2017-09-25,USDJPY,vente,112.25000,112.75000,109.75000,stop,-1.02000
2017-09-25,NZDUSD,achat,0.72750,0.72250,0.75250,stop,-1.03000
2017-10-02,EURUSD,achat,1.17750,1.17250,1.20250,stop,-1.01600
2017-10-02,GBPUSD,achat,1.32750,1.32250,1.35250,stop,-1.02400
2017-10-10,GBPUSD,vente,1.32250,1.32750,1.29750,stop,-1.02400
2017-10-16,USDJPY,vente,112.25000,112.75000,109.75000,stop,-1.02000
2017-10-19,USDJPY,achat,112.75000,112.25000,115.25000,stop,-1.02000
2017-10-19,NZDUSD,achat,0.70250,0.69750,0.72750,stop,-1.03000
2017-10-20,EURUSD,achat,1.17750,1.17250,1.20250,stop,-1.01600
2017-10-23,GBPUSD,vente,1.32250,1.32750,1.29750,stop,-1.02400
2017-10-24,AUDUSD,achat,0.77750,0.77250,0.80250,stop,-1.02000
2017-10-25,AUDJPY,achat,87.75000,87.25000,90.25000,stop,-1.03600
2017-10-26,EURUSD,achat,1.17750,1.17250,1.20250,stop,-1.01600
2017-11-02,AUDUSD,vente,0.77250,0.77750,0.74750,sortie vendredi,1.18400
2017-11-10,GBPUSD,vente,1.32250,1.32750,1.29750,stop,-1.02400
2017-11-14,EURUSD,vente,1.17250,1.17750,1.14750,stop,-1.01600
2017-11-15,USDJPY,achat,112.75000,112.25000,115.25000,stop,-1.02000
2017-11-17,GBPUSD,vente,1.32250,1.32750,1.29750,stop,-1.02400
2017-11-17,AUDJPY,achat,85.25000,84.75000,87.75000,stop,-1.03600
2017-11-28,GBPUSD,achat,1.32750,1.32250,1.35250,stop,-1.02400
2017-12-06,AUDJPY,achat,85.25000,84.75000,87.75000,stop,-1.03600
2017-12-07,GBPUSD,vente,1.34750,1.35250,1.32250,stop,-1.02400
2017-12-07,EURUSD,achat,1.17750,1.17250,1.20250,stop,-1.01600
2017-12-07,AUDUSD,achat,0.75250,0.74750,0.77750,objectif,4.98000
2017-12-13,NZDUSD,vente,0.69750,0.70250,0.67250,stop,-1.03000
2017-12-13,USDJPY,achat,112.75000,112.25000,115.25000,stop,-1.02000
2017-12-14,EURUSD,achat,1.17750,1.17250,1.20250,objectif,4.98400
2017-12-21,AUDJPY,vente,87.25000,87.75000,84.75000,stop,-1.03600
2017-12-28,USDJPY,achat,112.75000,112.25000,115.25000,stop,-1.02000
2017-12-29,EURUSD,vente,1.19750,1.20250,1.17250,stop,-1.01600
2017-12-29,GBPUSD,vente,1.34750,1.35250,1.32250,stop,-1.02400
2018-01-03,GBPUSD,achat,1.35250,1.34750,1.37750,stop,-1.02400
2018-01-03,EURUSD,achat,1.20250,1.19750,1.22750,stop,-1.01600
2018-01-08,GBPUSD,achat,1.35250,1.34750,1.37750,stop,-1.02400
2018-01-09,USDJPY,achat,112.75000,112.25000,115.25000,stop,-1.02000
2018-01-10,EURUSD,vente,1.19750,1.20250,1.17250,stop,-1.01600
2018-01-10,NZDUSD,vente,0.72250,0.72750,0.69750,stop,-1.03000
2018-01-10,AUDJPY,achat,87.75000,87.25000,90.25000,stop,-1.03600
2018-01-12,GBPUSD,vente,1.37250,1.37750,1.34750,stop,-1.02400
2018-01-15,AUDUSD,vente,0.79750,0.80250,0.77250,stop,-1.02000
2018-01-15,EURUSD,vente,1.22250,1.22750,1.19750,stop,-1.01600
2018-01-16,USDJPY,achat,110.25000,109.75000,112.75000,stop,-1.02000
2018-01-16,AUDJPY,achat,87.75000,87.25000,90.25000,stop,-1.03600
2018-01-18,EURUSD,vente,1.22250,1.22750,1.19750,stop,-1.01600
2018-01-22,GBPUSD,vente,1.39750,1.40250,1.37250,stop,-1.02400
2018-01-23,USDJPY,achat,110.25000,109.75000,112.75000,stop,-1.02000
2018-01-25,EURUSD,vente,1.24750,1.25250,1.22250,stop,-1.01600
2018-01-26,GBPUSD,vente,1.42250,1.42750,1.39750,stop,-1.02400
2018-01-30,AUDJPY,achat,87.75000,87.25000,90.25000,stop,-1.03600
2018-01-31,GBPUSD,vente,1.42250,1.42750,1.39750,stop,-1.02400
2018-02-01,EURUSD,vente,1.24750,1.25250,1.22250,objectif,4.98400
2018-02-01,AUDUSD,achat,0.80250,0.79750,0.82750,stop,-1.02000
2018-02-02,USDJPY,vente,109.75000,110.25000,107.25000,stop,-1.02000
2018-02-05,GBPUSD,achat,1.40250,1.39750,1.42750,stop,-1.02400
2018-02-06,AUDJPY,achat,85.25000,84.75000,87.75000,stop,-1.03600
2018-02-07,EURUSD,achat,1.22750,1.22250,1.25250,stop,-1.01600
2018-02-07,NZDUSD,achat,0.72750,0.72250,0.75250,stop,-1.03000
2018-02-08,AUDUSD,achat,0.77750,0.77250,0.80250,stop,-1.02000
2018-02-08,USDJPY,vente,109.75000,110.25000,107.25000,objectif,4.98000
2018-02-08,GBPUSD,vente,1.39750,1.40250,1.37250,stop,-1.02400
2018-02-13,USDJPY,achat,107.75000,107.25000,110.25000,stop,-1.02000
2018-02-14,AUDUSD,achat,0.77750,0.77250,0.80250,stop,-1.02000
2018-02-14,GBPUSD,vente,1.39750,1.40250,1.37250,stop,-1.02400
2018-02-15,AUDJPY,vente,84.75000,85.25000,82.25000,objectif,4.96400
2018-02-20,AUDJPY,vente,84.75000,85.25000,82.25000,objectif,4.96400
2018-02-20,USDJPY,vente,107.25000,107.75000,104.75000,stop,-1.02000
2018-02-21,EURUSD,achat,1.22750,1.22250,1.25250,stop,-1.01600
2018-02-22,GBPUSD,vente,1.39750,1.40250,1.37250,stop,-1.02400
2018-02-23,NZDUSD,achat,0.72750,0.72250,0.75250,stop,-1.03000
2018-02-27,EURUSD,achat,1.22750,1.22250,1.25250,stop,-1.01600
2018-02-28,AUDJPY,achat,82.75000,82.25000,85.25000,stop,-1.03600
2018-02-28,GBPUSD,achat,1.37750,1.37250,1.40250,stop,-1.02400
2018-03-02,USDJPY,achat,105.25000,104.75000,107.75000,stop,-1.02000
2018-03-05,EURUSD,achat,1.22750,1.22250,1.25250,stop,-1.01600
2018-03-08,AUDUSD,achat,0.77750,0.77250,0.80250,stop,-1.02000
2018-03-08,AUDJPY,achat,82.75000,82.25000,85.25000,stop,-1.03600
2018-03-09,EURUSD,achat,1.22750,1.22250,1.25250,stop,-1.01600
2018-03-13,GBPUSD,vente,1.39750,1.40250,1.37250,stop,-1.02400
2018-03-13,USDJPY,vente,107.25000,107.75000,104.75000,objectif,4.98000
2018-03-15,AUDJPY,achat,82.75000,82.25000,85.25000,stop,-1.03600
2018-03-15,NZDUSD,achat,0.72750,0.72250,0.75250,stop,-1.03000
2018-03-16,EURUSD,achat,1.22750,1.22250,1.25250,stop,-1.01600
2018-03-16,GBPUSD,vente,1.39750,1.40250,1.37250,stop,-1.02400
2018-03-21,NZDUSD,vente,0.72250,0.72750,0.69750,stop,-1.03000
2018-03-21,AUDJPY,vente,82.25000,82.75000,79.75000,stop,-1.03600
2018-03-21,AUDUSD,vente,0.77250,0.77750,0.74750,stop,-1.02000
2018-03-22,USDJPY,achat,105.25000,104.75000,107.75000,stop,-1.02000
2018-03-26,GBPUSD,vente,1.42250,1.42750,1.39750,objectif,4.97600
2018-03-26,AUDUSD,vente,0.77250,0.77750,0.74750,stop,-1.02000
2018-03-27,NZDUSD,achat,0.72750,0.72250,0.75250,stop,-1.03000
2018-03-29,GBPUSD,achat,1.40250,1.39750,1.42750,stop,-1.02400
2018-04-04,AUDJPY,vente,82.25000,82.75000,79.75000,stop,-1.03600
2018-04-04,AUDUSD,vente,0.77250,0.77750,0.74750,stop,-1.02000
2018-04-04,GBPUSD,achat,1.40250,1.39750,1.42750,stop,-1.02400
2018-04-05,NZDUSD,achat,0.72750,0.72250,0.75250,stop,-1.03000
2018-04-05,USDJPY,vente,107.25000,107.75000,104.75000,stop,-1.02000
2018-04-10,USDJPY,vente,107.25000,107.75000,104.75000,stop,-1.02000
2018-04-10,AUDUSD,vente,0.77250,0.77750,0.74750,stop,-1.02000
2018-04-11,AUDJPY,achat,82.75000,82.25000,85.25000,stop,-1.03600
2018-04-12,GBPUSD,vente,1.42250,1.42750,1.39750,stop,-1.02400
2018-04-19,NZDUSD,achat,0.72750,0.72250,0.75250,stop,-1.03000
2018-04-20,EURUSD,achat,1.22750,1.22250,1.25250,stop,-1.01600
2018-04-20,GBPUSD,achat,1.40250,1.39750,1.42750,stop,-1.02400
2018-04-26,GBPUSD,vente,1.39750,1.40250,1.37250,objectif,4.97600
2018-04-30,AUDUSD,achat,0.75250,0.74750,0.77750,stop,-1.02000
2018-05-01,EURUSD,achat,1.20250,1.19750,1.22750,stop,-1.01600
2018-05-01,USDJPY,vente,109.75000,110.25000,107.25000,stop,-1.02000
2018-05-04,GBPUSD,achat,1.35250,1.34750,1.37750,stop,-1.02400
2018-05-09,USDJPY,vente,109.75000,110.25000,107.25000,stop,-1.02000
2018-05-09,GBPUSD,achat,1.35250,1.34750,1.37750,stop,-1.02400
2018-05-10,AUDJPY,vente,82.25000,82.75000,79.75000,stop,-1.03600
2018-05-10,NZDUSD,vente,0.69750,0.70250,0.67250,stop,-1.03000
2018-05-14,EURUSD,vente,1.19750,1.20250,1.17250,objectif,4.98400
2018-05-15,GBPUSD,achat,1.35250,1.34750,1.37750,stop,-1.02400
2018-05-22,GBPUSD,vente,1.34750,1.35250,1.32250,objectif,4.97600
2018-05-23,AUDUSD,achat,0.75250,0.74750,0.77750,stop,-1.02000
2018-05-23,USDJPY,achat,110.25000,109.75000,112.75000,stop,-1.02000
2018-05-23,AUDJPY,achat,82.75000,82.25000,85.25000,stop,-1.03600
2018-05-28,EURUSD,vente,1.17250,1.17750,1.14750,stop,-1.01600
2018-05-28,USDJPY,vente,109.75000,110.25000,107.25000,stop,-1.02000
2018-05-29,GBPUSD,achat,1.32750,1.32250,1.35250,stop,-1.02400
2018-05-30,NZDUSD,vente,0.69750,0.70250,0.67250,stop,-1.03000
2018-05-30,AUDJPY,vente,82.25000,82.75000,79.75000,stop,-1.03600
2018-06-01,AUDUSD,achat,0.75250,0.74750,0.77750,stop,-1.02000
2018-06-04,EURUSD,vente,1.17250,1.17750,1.14750,stop,-1.01600
2018-06-08,AUDJPY,achat,82.75000,82.25000,85.25000,stop,-1.03600
2018-06-14,EURUSD,achat,1.17750,1.17250,1.20250,stop,-1.01600
2018-06-14,GBPUSD,achat,1.32750,1.32250,1.35250,stop,-1.02400
2018-06-14,AUDUSD,achat,0.75250,0.74750,0.77750,stop,-1.02000
2018-06-14,AUDJPY,achat,82.75000,82.25000,85.25000,stop,-1.03600
2018-06-18,USDJPY,achat,110.25000,109.75000,112.75000,stop,-1.02000
2018-06-21,GBPUSD,vente,1.32250,1.32750,1.29750,stop,-1.02400
2018-06-21,EURUSD,achat,1.15250,1.14750,1.17750,objectif,4.98400
2018-07-04,GBPUSD,vente,1.32250,1.32750,1.29750,stop,-1.02400
2018-07-06,EURUSD,vente,1.17250,1.17750,1.14750,stop,-1.01600
2018-07-06,AUDJPY,vente,82.25000,82.75000,79.75000,stop,-1.03600
2018-07-09,AUDUSD,vente,0.74750,0.75250,0.72250,objectif,4.98000
2018-07-11,NZDUSD,achat,0.67750,0.67250,0.70250,stop,-1.03000
2018-07-12,USDJPY,vente,112.25000,112.75000,109.75000,stop,-1.02000
2018-07-13,GBPUSD,vente,1.32250,1.32750,1.29750,stop,-1.02400
2018-07-16,EURUSD,vente,1.17250,1.17750,1.14750,objectif,4.98400
2018-07-18,GBPUSD,achat,1.30250,1.29750,1.32750,stop,-1.02400
2018-07-18,USDJPY,achat,112.75000,112.25000,115.25000,stop,-1.02000
2018-07-19,AUDJPY,achat,82.75000,82.25000,85.25000,stop,-1.03600
2018-07-20,EURUSD,vente,1.17250,1.17750,1.14750,objectif,4.98400
2018-07-25,EURUSD,vente,1.17250,1.17750,1.14750,objectif,4.98400
2018-08-02,GBPUSD,achat,1.30250,1.29750,1.32750,stop,-1.02400
2018-08-09,EURUSD,achat,1.15250,1.14750,1.17750,stop,-1.01600
2018-08-10,GBPUSD,achat,1.27750,1.27250,1.30250,stop,-1.02400
2018-08-13,AUDJPY,achat,80.25000,79.75000,82.75000,stop,-1.03600
2018-08-13,USDJPY,achat,110.25000,109.75000,112.75000,objectif,4.98000
2018-08-16,GBPUSD,vente,1.27250,1.27750,1.24750,stop,-1.02400
2018-08-17,AUDJPY,achat,80.25000,79.75000,82.75000,stop,-1.03600
2018-08-20,EURUSD,vente,1.14750,1.15250,1.12250,stop,-1.01600
2018-08-23,AUDUSD,achat,0.72750,0.72250,0.75250,stop,-1.02000
2018-08-28,EURUSD,vente,1.17250,1.17750,1.14750,stop,-1.01600
2018-08-29,GBPUSD,vente,1.29750,1.30250,1.27250,stop,-1.02400
2018-08-29,AUDUSD,achat,0.72750,0.72250,0.75250,stop,-1.02000
2018-08-31,AUDJPY,achat,80.25000,79.75000,82.75000,stop,-1.03600
2018-09-05,GBPUSD,vente,1.29750,1.30250,1.27250,stop,-1.02400
2018-09-10,GBPUSD,vente,1.29750,1.30250,1.27250,stop,-1.02400
2018-09-12,AUDJPY,vente,79.75000,80.25000,77.25000,stop,-1.03600
2018-09-13,AUDUSD,vente,0.72250,0.72750,0.69750,stop,-1.02000
2018-09-18,USDJPY,vente,112.25000,112.75000,109.75000,stop,-1.02000
2018-09-18,AUDUSD,vente,0.72250,0.72750,0.69750,stop,-1.02000
2018-09-20,GBPUSD,vente,1.32250,1.32750,1.29750,stop,-1.02400
2018-09-20,EURUSD,vente,1.17250,1.17750,1.14750,stop,-1.01600
2018-09-21,AUDJPY,vente,82.25000,82.75000,79.75000,objectif,4.96400
2018-09-26,AUDJPY,vente,82.25000,82.75000,79.75000,objectif,4.96400
2018-09-28,GBPUSD,achat,1.30250,1.29750,1.32750,stop,-1.02400
2018-10-02,EURUSD,achat,1.15250,1.14750,1.17750,stop,-1.01600
2018-10-03,NZDUSD,achat,0.65250,0.64750,0.67750,stop,-1.03000
2018-10-04,GBPUSD,vente,1.29750,1.30250,1.27250,stop,-1.02400
2018-10-05,AUDJPY,achat,80.25000,79.75000,82.75000,stop,-1.03600
2018-10-09,NZDUSD,vente,0.64750,0.65250,0.62250,stop,-1.03000
2018-10-10,USDJPY,achat,112.75000,112.25000,115.25000,stop,-1.02000
2018-10-11,AUDJPY,vente,79.75000,80.25000,77.25000,stop,-1.03600
2018-10-16,USDJPY,vente,112.25000,112.75000,109.75000,stop,-1.02000
2018-10-16,GBPUSD,vente,1.32250,1.32750,1.29750,objectif,4.97600
2018-10-17,EURUSD,achat,1.15250,1.14750,1.17750,stop,-1.01600
2018-10-22,GBPUSD,achat,1.30250,1.29750,1.32750,stop,-1.02400
2018-10-24,NZDUSD,achat,0.65250,0.64750,0.67750,stop,-1.03000
2018-10-25,USDJPY,vente,112.25000,112.75000,109.75000,stop,-1.02000
2018-10-25,AUDJPY,vente,79.75000,80.25000,77.25000,stop,-1.03600
2018-10-26,AUDUSD,achat,0.70250,0.69750,0.72750,objectif,4.98000
2018-10-30,AUDJPY,vente,79.75000,80.25000,77.25000,stop,-1.03600
2018-10-30,GBPUSD,achat,1.27750,1.27250,1.30250,stop,-1.02400
2018-10-31,NZDUSD,achat,0.65250,0.64750,0.67750,objectif,4.97000
2018-11-06,GBPUSD,achat,1.30250,1.29750,1.32750,stop,-1.02400
2018-11-06,NZDUSD,vente,0.67250,0.67750,0.64750,stop,-1.03000
2018-11-07,EURUSD,vente,1.14750,1.15250,1.12250,objectif,4.98400
2018-11-09,GBPUSD,achat,1.30250,1.29750,1.32750,stop,-1.02400
2018-11-12,EURUSD,achat,1.12750,1.12250,1.15250,stop,-1.01600
2018-11-13,AUDUSD,vente,0.72250,0.72750,0.69750,stop,-1.02000
2018-11-13,AUDJPY,vente,82.25000,82.75000,79.75000,stop,-1.03600
2018-11-15,EURUSD,achat,1.12750,1.12250,1.15250,sortie vendredi,3.09200
2018-11-15,GBPUSD,achat,1.27750,1.27250,1.30250,stop,-1.02400
2018-11-16,USDJPY,achat,112.75000,112.25000,115.25000,stop,-1.02000
2018-11-20,GBPUSD,achat,1.27750,1.27250,1.30250,stop,-1.02400
2018-11-23,NZDUSD,achat,0.67750,0.67250,0.70250,stop,-1.03000
2018-11-26,AUDJPY,vente,82.25000,82.75000,79.75000,stop,-1.03600
2018-11-27,GBPUSD,achat,1.27750,1.27250,1.30250,stop,-1.02400
2018-11-30,AUDJPY,achat,82.75000,82.25000,85.25000,stop,-1.03600
2018-12-04,USDJPY,achat,112.75000,112.25000,115.25000,stop,-1.02000
2018-12-05,AUDUSD,achat,0.72750,0.72250,0.75250,stop,-1.02000
2018-12-10,GBPUSD,achat,1.25250,1.24750,1.27750,objectif,4.97600
2018-12-10,AUDUSD,vente,0.72250,0.72750,0.69750,objectif,4.98000
2018-12-14,EURUSD,achat,1.12750,1.12250,1.15250,objectif,4.98400
2018-12-17,USDJPY,achat,112.75000,112.25000,115.25000,stop,-1.02000
2018-12-19,AUDJPY,achat,80.25000,79.75000,82.75000,stop,-1.03600
2018-12-19,NZDUSD,achat,0.67750,0.67250,0.70250,stop,-1.03000
2018-12-20,EURUSD,vente,1.14750,1.15250,1.12250,stop,-1.01600
2018-12-24,GBPUSD,vente,1.27250,1.27750,1.24750,stop,-1.02400
2018-12-24,AUDJPY,achat,77.75000,77.25000,80.25000,stop,-1.03600
2018-12-27,AUDUSD,achat,0.70250,0.69750,0.72750,stop,-1.02000
2018-12-27,AUDJPY,achat,77.75000,77.25000,80.25000,stop,-1.03600
2018-12-28,USDJPY,achat,110.25000,109.75000,112.75000,stop,-1.02000
2018-12-31,GBPUSD,vente,1.27250,1.27750,1.24750,stop,-1.02400
2019-01-02,AUDUSD,achat,0.67750,0.67250,0.70250,stop,-1.02000
2019-01-02,USDJPY,achat,107.75000,107.25000,110.25000,stop,-1.02000
2019-01-02,AUDJPY,achat,75.25000,74.75000,77.75000,stop,-1.03600
2019-01-04,GBPUSD,vente,1.27250,1.27750,1.24750,stop,-1.02400
2019-01-04,NZDUSD,vente,0.67250,0.67750,0.64750,stop,-1.03000
2019-01-07,EURUSD,vente,1.14750,1.15250,1.12250,stop,-1.01600
2019-01-10,EURUSD,achat,1.15250,1.14750,1.17750,stop,-1.01600
2019-01-11,AUDUSD,vente,0.72250,0.72750,0.69750,stop,-1.02000
2019-01-14,AUDJPY,achat,77.75000,77.25000,80.25000,sortie vendredi,3.73800
2019-01-15,GBPUSD,achat,1.27750,1.27250,1.30250,stop,-1.02400
2019-01-16,NZDUSD,achat,0.67750,0.67250,0.70250,stop,-1.03000
2019-01-18,USDJPY,vente,109.75000,110.25000,107.25000,stop,-1.02000
2019-01-22,AUDJPY,achat,77.75000,77.25000,80.25000,sortie vendredi,3.03400
2019-01-22,GBPUSD,vente,1.29750,1.30250,1.27250,stop,-1.02400
2019-01-23,USDJPY,vente,109.75000,110.25000,107.25000,stop,-1.02000
2019-01-30,EURUSD,vente,1.14750,1.15250,1.12250,objectif,4.98400
2019-01-30,AUDUSD,vente,0.72250,0.72750,0.69750,stop,-1.02000
2019-02-05,AUDJPY,vente,79.75000,80.25000,77.25000,sortie vendredi,1.52200
2019-02-06,NZDUSD,achat,0.67750,0.67250,0.70250,stop,-1.03000
2019-02-07,GBPUSD,vente,1.29750,1.30250,1.27250,stop,-1.02400
2019-02-11,EURUSD,achat,1.12750,1.12250,1.15250,stop,-1.01600
2019-02-14,GBPUSD,achat,1.27750,1.27250,1.30250,objectif,4.97600
2019-02-19,GBPUSD,vente,1.29750,1.30250,1.27250,stop,-1.02400
2019-02-21,AUDJPY,vente,79.75000,80.25000,77.25000,sortie vendredi,0.72000
2019-02-22,NZDUSD,achat,0.67750,0.67250,0.70250,stop,-1.03000
2019-02-26,GBPUSD,vente,1.32250,1.32750,1.29750,stop,-1.02400
2019-03-04,GBPUSD,vente,1.32250,1.32750,1.29750,stop (même jour que l'objectif),-1.02400
2019-03-05,NZDUSD,achat,0.67750,0.67250,0.70250,stop,-1.03000
2019-03-06,AUDUSD,achat,0.70250,0.69750,0.72750,sortie vendredi,2.92200
2019-03-07,EURUSD,achat,1.12750,1.12250,1.15250,stop,-1.01600
2019-03-08,AUDJPY,achat,77.75000,77.25000,80.25000,objectif,4.96400
2019-03-08,GBPUSD,achat,1.30250,1.29750,1.32750,stop (même jour que l'objectif),-1.02400
2019-03-13,GBPUSD,vente,1.32250,1.32750,1.29750,stop,-1.02400
2019-03-21,GBPUSD,achat,1.30250,1.29750,1.32750,stop,-1.02400
2019-03-22,USDJPY,achat,110.25000,109.75000,112.75000,stop,-1.02000
2019-03-22,EURUSD,achat,1.12750,1.12250,1.15250,stop,-1.01600
2019-03-27,USDJPY,achat,110.25000,109.75000,112.75000,sortie vendredi,-0.46200
2019-03-29,GBPUSD,achat,1.30250,1.29750,1.32750,stop,-1.02400
2019-04-05,GBPUSD,achat,1.30250,1.29750,1.32750,stop,-1.02400
2019-04-24,AUDUSD,achat,0.70250,0.69750,0.72750,stop,-1.02000
2019-04-24,USDJPY,vente,112.25000,112.75000,109.75000,objectif,4.98000
2019-04-30,EURUSD,vente,1.12250,1.12750,1.09750,stop,-1.01600
2019-04-30,GBPUSD,vente,1.29750,1.30250,1.27250,stop,-1.02400
2019-05-06,AUDJPY,achat,77.75000,77.25000,80.25000,stop,-1.03600
2019-05-07,USDJPY,achat,110.25000,109.75000,112.75000,stop,-1.02000
2019-05-08,GBPUSD,achat,1.30250,1.29750,1.32750,stop,-1.02400
2019-05-09,EURUSD,vente,1.12250,1.12750,1.09750,stop,-1.01600
2019-05-14,USDJPY,vente,109.75000,110.25000,107.25000,stop,-1.02000
2019-05-22,USDJPY,achat,110.25000,109.75000,112.75000,stop,-1.02000
2019-05-24,GBPUSD,vente,1.27250,1.27750,1.24750,stop,-1.02400
2019-06-03,EURUSD,vente,1.12250,1.12750,1.09750,stop,-1.01600
2019-06-03,AUDUSD,vente,0.69750,0.70250,0.67250,stop,-1.02000
2019-06-06,GBPUSD,vente,1.27250,1.27750,1.24750,stop,-1.02400
2019-06-11,GBPUSD,vente,1.27250,1.27750,1.24750,stop,-1.02400
2019-06-12,AUDJPY,achat,75.25000,74.75000,77.75000,stop,-1.03600
2019-06-14,NZDUSD,achat,0.65250,0.64750,0.67750,objectif,4.97000
2019-06-19,EURUSD,vente,1.12250,1.12750,1.09750,stop,-1.01600
2019-06-20,GBPUSD,vente,1.27250,1.27750,1.24750,stop,-1.02400
2019-06-20,USDJPY,achat,107.75000,107.25000,110.25000,stop,-1.02000
2019-06-24,AUDJPY,vente,74.75000,75.25000,72.25000,stop,-1.03600
2019-06-28,GBPUSD,vente,1.27250,1.27750,1.24750,objectif,4.97600
2019-07-05,GBPUSD,achat,1.25250,1.24750,1.27750,stop,-1.02400
2019-07-15,GBPUSD,achat,1.25250,1.24750,1.27750,stop,-1.02400
2019-07-15,NZDUSD,vente,0.67250,0.67750,0.64750,stop,-1.03000
2019-07-18,GBPUSD,vente,1.24750,1.25250,1.22250,stop,-1.02400
2019-07-24,GBPUSD,vente,1.24750,1.25250,1.22250,objectif,4.97600
2019-07-26,AUDJPY,achat,75.25000,74.75000,77.75000,stop,-1.03600
2019-07-29,GBPUSD,achat,1.22750,1.22250,1.25250,stop,-1.02400
2019-08-01,AUDJPY,vente,74.75000,75.25000,72.25000,objectif,4.96400
2019-08-01,USDJPY,achat,107.75000,107.25000,110.25000,stop,-1.02000
2019-08-02,NZDUSD,achat,0.65250,0.64750,0.67750,stop,-1.03000
2019-08-02,AUDUSD,achat,0.67750,0.67250,0.70250,stop,-1.02000
2019-08-05,EURUSD,vente,1.12250,1.12750,1.09750,objectif,4.98400
2019-08-06,AUDJPY,vente,72.25000,72.75000,69.75000,stop,-1.03600
2019-08-08,NZDUSD,vente,0.64750,0.65250,0.62250,sortie vendredi,3.61400
2019-08-09,GBPUSD,achat,1.20250,1.19750,1.22750,objectif,4.97600
2019-08-12,USDJPY,achat,105.25000,104.75000,107.75000,stop,-1.02000
2019-08-12,EURUSD,vente,1.12250,1.12750,1.09750,objectif,4.98400
2019-08-13,AUDJPY,vente,72.25000,72.75000,69.75000,stop,-1.03600
2019-08-20,AUDJPY,vente,72.25000,72.75000,69.75000,stop,-1.03600
2019-08-22,GBPUSD,vente,1.22250,1.22750,1.19750,stop,-1.02400
2019-08-26,AUDJPY,achat,70.25000,69.75000,72.75000,objectif,4.96400
2019-08-30,EURUSD,achat,1.10250,1.09750,1.12750,stop,-1.01600
2019-08-30,GBPUSD,vente,1.22250,1.22750,1.19750,objectif,4.97600
2019-09-03,NZDUSD,achat,0.62750,0.62250,0.65250,stop,-1.03000
2019-09-04,GBPUSD,vente,1.22250,1.22750,1.19750,stop,-1.02400
2019-09-04,AUDJPY,vente,72.25000,72.75000,69.75000,stop,-1.03600
2019-09-09,USDJPY,vente,107.25000,107.75000,104.75000,stop,-1.02000
2019-09-11,EURUSD,achat,1.10250,1.09750,1.12750,stop,-1.01600
2019-09-12,USDJPY,achat,107.75000,107.25000,110.25000,stop,-1.02000
2019-09-13,GBPUSD,vente,1.24750,1.25250,1.22250,stop,-1.02400
2019-09-16,EURUSD,achat,1.10250,1.09750,1.12750,stop,-1.01600
2019-09-20,AUDJPY,achat,72.75000,72.25000,75.25000,stop,-1.03600
2019-09-20,USDJPY,achat,107.75000,107.25000,110.25000,stop,-1.02000
2019-09-24,GBPUSD,vente,1.24750,1.25250,1.22250,objectif,4.97600
2019-09-25,NZDUSD,achat,0.62750,0.62250,0.65250,stop,-1.03000
2019-09-27,GBPUSD,achat,1.22750,1.22250,1.25250,stop,-1.02400
2019-10-01,USDJPY,achat,107.75000,107.25000,110.25000,stop,-1.02000
2019-10-03,GBPUSD,achat,1.22750,1.22250,1.25250,stop,-1.02400
2019-10-07,USDJPY,vente,107.25000,107.75000,104.75000,stop,-1.02000
2019-10-09,AUDJPY,vente,72.25000,72.75000,69.75000,stop,-1.03600
2019-10-11,GBPUSD,vente,1.24750,1.25250,1.22250,stop,-1.02400
2019-10-15,NZDUSD,achat,0.62750,0.62250,0.65250,sortie vendredi,2.99200
2019-10-17,GBPUSD,vente,1.29750,1.30250,1.27250,sortie vendredi,1.24800
2019-10-31,GBPUSD,vente,1.29750,1.30250,1.27250,stop,-1.02400
2019-11-01,AUDJPY,vente,74.75000,75.25000,72.25000,stop,-1.03600
2019-11-08,GBPUSD,achat,1.27750,1.27250,1.30250,objectif,4.97600
2019-11-08,EURUSD,achat,1.10250,1.09750,1.12750,sortie vendredi,1.02200
2019-11-14,AUDUSD,achat,0.67750,0.67250,0.70250,sortie vendredi,3.40600
2019-11-18,GBPUSD,vente,1.29750,1.30250,1.27250,stop,-1.02400
2019-11-22,EURUSD,achat,1.10250,1.09750,1.12750,sortie vendredi,2.58000
2019-12-02,NZDUSD,vente,0.64750,0.65250,0.62250,stop,-1.03000
2019-12-03,GBPUSD,vente,1.29750,1.30250,1.27250,stop,-1.02400
2019-12-03,AUDJPY,vente,74.75000,75.25000,72.25000,stop,-1.03600
2019-12-11,AUDJPY,vente,74.75000,75.25000,72.25000,stop,-1.03600
2019-12-12,GBPUSD,vente,1.32250,1.32750,1.29750,stop,-1.02400
2019-12-19,GBPUSD,achat,1.30250,1.29750,1.32750,stop,-1.02400
2019-12-27,AUDUSD,vente,0.69750,0.70250,0.67250,stop,-1.02000
2019-12-30,NZDUSD,vente,0.67250,0.67750,0.64750,objectif,4.97000
2019-12-31,GBPUSD,vente,1.32250,1.32750,1.29750,stop,-1.02400
2020-01-03,AUDJPY,achat,75.25000,74.75000,77.75000,stop,-1.03600
2020-01-08,AUDJPY,vente,74.75000,75.25000,72.25000,stop,-1.03600
2020-01-09,GBPUSD,achat,1.30250,1.29750,1.32750,stop,-1.02400
2020-01-13,USDJPY,vente,109.75000,110.25000,107.25000,stop,-1.02000
2020-01-17,GBPUSD,achat,1.30250,1.29750,1.32750,stop,-1.02400
2020-01-21,AUDJPY,achat,75.25000,74.75000,77.75000,stop,-1.03600
2020-01-24,EURUSD,achat,1.10250,1.09750,1.12750,stop,-1.01600
2020-01-27,AUDUSD,achat,0.67750,0.67250,0.70250,stop,-1.02000
2020-01-28,GBPUSD,achat,1.30250,1.29750,1.32750,stop,-1.02400
2020-01-31,AUDJPY,achat,72.75000,72.25000,75.25000,stop,-1.03600
2020-02-03,GBPUSD,achat,1.30250,1.29750,1.32750,stop,-1.02400
2020-02-04,AUDUSD,vente,0.67250,0.67750,0.64750,objectif,4.98000
2020-02-05,USDJPY,vente,109.75000,110.25000,107.25000,stop,-1.02000
2020-02-11,AUDUSD,vente,0.67250,0.67750,0.64750,objectif,4.98000
2020-02-12,NZDUSD,vente,0.64750,0.65250,0.62250,objectif,4.97000
2020-02-21,GBPUSD,vente,1.29750,1.30250,1.27250,stop,-1.02400
2020-02-25,USDJPY,achat,110.25000,109.75000,112.75000,stop,-1.02000
2020-02-25,AUDJPY,achat,72.75000,72.25000,75.25000,stop,-1.03600
2020-02-27,EURUSD,vente,1.09750,1.10250,1.07250,stop,-1.01600
2020-02-28,AUDUSD,achat,0.65250,0.64750,0.67750,stop,-1.02000
2020-02-28,GBPUSD,achat,1.27750,1.27250,1.30250,objectif,4.97600
2020-02-28,AUDJPY,achat,70.25000,69.75000,72.75000,stop,-1.03600
2020-02-28,USDJPY,achat,107.75000,107.25000,110.25000,stop,-1.02000
2020-02-28,NZDUSD,achat,0.62750,0.62250,0.65250,stop,-1.03000
2020-03-04,GBPUSD,achat,1.27750,1.27250,1.30250,objectif,4.97600
2020-03-05,AUDJPY,achat,70.25000,69.75000,72.75000,stop,-1.03600
2020-03-05,EURUSD,vente,1.12250,1.12750,1.09750,stop,-1.01600
2020-03-06,USDJPY,achat,105.25000,104.75000,107.75000,stop,-1.02000
2020-03-09,NZDUSD,achat,0.62750,0.62250,0.65250,stop,-1.03000
2020-03-09,AUDUSD,achat,0.65250,0.64750,0.67750,stop,-1.02000
2020-03-10,EURUSD,achat,1.12750,1.12250,1.15250,stop,-1.01600
2020-03-10,GBPUSD,achat,1.30250,1.29750,1.32750,stop,-1.02400
2020-03-10,AUDJPY,achat,67.75000,67.25000,70.25000,stop,-1.03600
2020-03-12,AUDUSD,achat,0.62750,0.62250,0.65250,stop,-1.02000
2020-03-13,NZDUSD,achat,0.60250,0.59750,0.62750,stop,-1.03000
2020-03-13,USDJPY,vente,107.25000,107.75000,104.75000,stop,-1.02000
2020-03-13,AUDJPY,vente,67.25000,67.75000,64.75000,objectif,4.96400
2020-03-13,GBPUSD,achat,1.25250,1.24750,1.27750,stop,-1.02400
2020-03-16,EURUSD,vente,1.12250,1.12750,1.09750,objectif,4.98400
2020-03-17,AUDUSD,achat,0.60250,0.59750,0.62750,stop,-1.02000
2020-03-18,NZDUSD,achat,0.57750,0.57250,0.60250,stop,-1.03000
2020-03-18,AUDJPY,achat,62.75000,62.25000,65.25000,stop,-1.03600
2020-03-18,GBPUSD,achat,1.20250,1.19750,1.22750,stop,-1.02400
2020-03-19,USDJPY,vente,109.75000,110.25000,107.25000,stop,-1.02000
2020-03-19,EURUSD,achat,1.07750,1.07250,1.10250,stop,-1.01600
2020-03-20,AUDUSD,vente,0.59750,0.60250,0.57250,objectif,4.98000
2020-03-23,AUDJPY,vente,64.75000,65.25000,62.25000,stop,-1.03600
2020-03-23,GBPUSD,achat,1.15250,1.14750,1.17750,stop,-1.02400
2020-03-24,USDJPY,achat,110.25000,109.75000,112.75000,stop,-1.02000
2020-03-26,GBPUSD,vente,1.19750,1.20250,1.17250,stop,-1.02400
2020-03-26,NZDUSD,vente,0.59750,0.60250,0.57250,stop,-1.03000
2020-03-26,EURUSD,vente,1.09750,1.10250,1.07250,stop,-1.01600
2020-03-26,AUDUSD,vente,0.59750,0.60250,0.57250,stop,-1.02000
2020-03-31,USDJPY,achat,107.75000,107.25000,110.25000,stop,-1.02000
2020-03-31,GBPUSD,achat,1.22750,1.22250,1.25250,stop,-1.02400
2020-03-31,AUDJPY,vente,67.25000,67.75000,64.75000,objectif,4.96400
2020-04-01,NZDUSD,vente,0.59750,0.60250,0.57250,stop,-1.03000
2020-04-02,AUDUSD,achat,0.60250,0.59750,0.62750,objectif,4.98000
2020-04-03,AUDJPY,achat,65.25000,64.75000,67.75000,objectif,4.96400
2020-04-03,GBPUSD,achat,1.22750,1.22250,1.25250,stop,-1.02400
2020-04-03,EURUSD,achat,1.07750,1.07250,1.10250,sortie vendredi,0.85000
2020-04-07,NZDUSD,vente,0.59750,0.60250,0.57250,stop,-1.03000
2020-04-08,AUDUSD,vente,0.62250,0.62750,0.59750,stop,-1.02000
2020-04-08,AUDJPY,vente,67.25000,67.75000,64.75000,stop,-1.03600
2020-04-09,GBPUSD,vente,1.24750,1.25250,1.22250,stop,-1.02400
2020-04-13,USDJPY,achat,107.75000,107.25000,110.25000,stop,-1.02000
2020-04-14,EURUSD,vente,1.09750,1.10250,1.07250,sortie vendredi,-0.08400
2020-04-15,GBPUSD,achat,1.25250,1.24750,1.27750,stop,-1.02400
2020-04-15,NZDUSD,achat,0.60250,0.59750,0.62750,stop,-1.03000
2020-04-15,AUDJPY,achat,67.75000,67.25000,70.25000,objectif,4.96400
2020-04-16,AUDUSD,achat,0.62750,0.62250,0.65250,objectif,4.98000
2020-04-21,AUDUSD,achat,0.62750,0.62250,0.65250,objectif,4.98000
2020-04-21,GBPUSD,achat,1.22750,1.22250,1.25250,objectif,4.97600
2020-04-21,AUDJPY,achat,67.75000,67.25000,70.25000,objectif,4.96400
2020-04-23,NZDUSD,vente,0.59750,0.60250,0.57250,stop,-1.03000
2020-04-23,EURUSD,achat,1.07750,1.07250,1.10250,objectif,4.98400
2020-04-28,AUDUSD,vente,0.64750,0.65250,0.62250,stop,-1.02000
2020-04-28,GBPUSD,vente,1.24750,1.25250,1.22250,stop,-1.02400
2020-04-29,AUDJPY,vente,69.75000,70.25000,67.25000,stop,-1.03600
2020-04-30,USDJPY,vente,107.25000,107.75000,104.75000,stop,-1.02000
2020-05-01,GBPUSD,achat,1.25250,1.24750,1.27750,stop,-1.02400
2020-05-01,EURUSD,vente,1.09750,1.10250,1.07250,stop,-1.01600
2020-05-04,NZDUSD,achat,0.60250,0.59750,0.62750,stop,-1.03000
2020-05-05,AUDUSD,vente,0.64750,0.65250,0.62250,stop,-1.02000
2020-05-06,AUDJPY,achat,67.75000,67.25000,70.25000,objectif,4.96400
2020-05-07,GBPUSD,achat,1.22750,1.22250,1.25250,stop,-1.02400
2020-05-11,USDJPY,vente,107.25000,107.75000,104.75000,stop,-1.02000
2020-05-12,GBPUSD,achat,1.22750,1.22250,1.25250,stop,-1.02400
2020-05-13,NZDUSD,achat,0.60250,0.59750,0.62750,stop,-1.03000
2020-05-13,AUDJPY,vente,69.75000,70.25000,67.25000,stop,-1.03600
2020-05-14,USDJPY,vente,107.25000,107.75000,104.75000,stop,-1.02000
2020-05-14,EURUSD,achat,1.07750,1.07250,1.10250,objectif,4.98400
2020-05-18,AUDJPY,vente,69.75000,70.25000,67.25000,stop,-1.03600
2020-05-18,NZDUSD,vente,0.59750,0.60250,0.57250,stop,-1.03000
2020-05-18,AUDUSD,vente,0.64750,0.65250,0.62250,stop,-1.02000
2020-05-18,GBPUSD,vente,1.22250,1.22750,1.19750,stop,-1.02400
2020-05-19,EURUSD,vente,1.09750,1.10250,1.07250,stop,-1.01600
2020-05-22,AUDJPY,achat,70.25000,69.75000,72.75000,objectif,4.96400
2020-05-22,AUDUSD,achat,0.65250,0.64750,0.67750,objectif,4.98000
2020-05-26,EURUSD,vente,1.09750,1.10250,1.07250,stop,-1.01600
2020-05-26,NZDUSD,vente,0.62250,0.62750,0.59750,stop,-1.03000
2020-05-27,GBPUSD,achat,1.22750,1.22250,1.25250,stop,-1.02400
2020-05-29,NZDUSD,vente,0.62250,0.62750,0.59750,stop,-1.03000
2020-06-01,GBPUSD,vente,1.24750,1.25250,1.22250,stop,-1.02400
2020-06-01,AUDJPY,vente,72.25000,72.75000,69.75000,stop,-1.03600
2020-06-01,AUDUSD,vente,0.67250,0.67750,0.64750,stop,-1.02000
2020-06-03,EURUSD,vente,1.12250,1.12750,1.09750,stop,-1.01600
2020-06-04,AUDUSD,vente,0.69750,0.70250,0.67250,stop,-1.02000
2020-06-04,GBPUSD,achat,1.25250,1.24750,1.27750,objectif,4.97600
2020-06-04,AUDJPY,achat,75.25000,74.75000,77.75000,stop,-1.03600
2020-06-04,NZDUSD,vente,0.64750,0.65250,0.62250,stop,-1.03000
2020-06-05,USDJPY,vente,109.75000,110.25000,107.25000,objectif,4.98000
2020-06-09,EURUSD,achat,1.12750,1.12250,1.15250,stop,-1.01600
2020-06-09,AUDJPY,achat,75.25000,74.75000,77.75000,stop,-1.03600
2020-06-09,NZDUSD,achat,0.65250,0.64750,0.67750,stop,-1.03000
2020-06-10,AUDUSD,vente,0.69750,0.70250,0.67250,stop,-1.02000
2020-06-12,GBPUSD,achat,1.25250,1.24750,1.27750,stop,-1.02400
2020-06-12,USDJPY,vente,107.25000,107.75000,104.75000,stop,-1.02000
2020-06-12,NZDUSD,vente,0.64750,0.65250,0.62250,stop,-1.03000
2020-06-15,AUDJPY,vente,74.75000,75.25000,72.25000,stop,-1.03600
2020-06-16,EURUSD,achat,1.12750,1.12250,1.15250,stop,-1.01600
2020-06-17,GBPUSD,achat,1.25250,1.24750,1.27750,stop,-1.02400
2020-06-22,AUDJPY,achat,72.75000,72.25000,75.25000,objectif,4.96400
2020-06-22,NZDUSD,vente,0.64750,0.65250,0.62250,stop,-1.03000
2020-06-22,EURUSD,vente,1.12250,1.12750,1.09750,stop,-1.01600
2020-06-22,GBPUSD,vente,1.24750,1.25250,1.22250,stop,-1.02400
2020-06-29,GBPUSD,achat,1.22750,1.22250,1.25250,objectif,4.97600
2020-07-01,NZDUSD,vente,0.64750,0.65250,0.62250,stop,-1.03000
2020-07-06,AUDUSD,vente,0.69750,0.70250,0.67250,stop,-1.02000
2020-07-07,NZDUSD,achat,0.65250,0.64750,0.67750,sortie vendredi,1.64000
2020-07-07,EURUSD,achat,1.12750,1.12250,1.15250,objectif,4.98400
2020-07-13,AUDUSD,vente,0.69750,0.70250,0.67250,stop,-1.02000
2020-07-13,USDJPY,vente,107.25000,107.75000,104.75000,objectif,4.98000
2020-07-13,AUDJPY,vente,74.75000,75.25000,72.25000,stop,-1.03600
2020-07-14,GBPUSD,achat,1.25250,1.24750,1.27750,objectif,4.97600
2020-07-16,USDJPY,vente,107.25000,107.75000,104.75000,objectif,4.98000
2020-07-17,GBPUSD,achat,1.25250,1.24750,1.27750,objectif,4.97600
2020-07-22,USDJPY,vente,107.25000,107.75000,104.75000,objectif,4.98000
2020-07-24,AUDJPY,achat,75.25000,74.75000,77.75000,objectif,4.96400
2020-07-27,USDJPY,achat,105.25000,104.75000,107.75000,stop,-1.02000
2020-07-27,EURUSD,vente,1.17250,1.17750,1.14750,stop,-1.01600
2020-07-29,GBPUSD,vente,1.29750,1.30250,1.27250,stop,-1.02400
2020-07-31,EURUSD,achat,1.17750,1.17250,1.20250,stop,-1.01600
2020-08-03,AUDJPY,achat,75.25000,74.75000,77.75000,objectif,4.96400
2020-08-03,GBPUSD,achat,1.30250,1.29750,1.32750,objectif,4.97600
2020-08-05,AUDUSD,vente,0.72250,0.72750,0.69750,stop,-1.02000
2020-08-07,EURUSD,achat,1.17750,1.17250,1.20250,stop,-1.01600
2020-08-07,GBPUSD,achat,1.30250,1.29750,1.32750,objectif,4.97600
2020-08-12,NZDUSD,achat,0.65250,0.64750,0.67750,objectif,4.97000
2020-08-12,GBPUSD,achat,1.30250,1.29750,1.32750,objectif,4.97600
2020-08-17,AUDUSD,vente,0.72250,0.72750,0.69750,stop,-1.02000
2020-08-18,GBPUSD,vente,1.32250,1.32750,1.29750,stop,-1.02400
2020-08-18,USDJPY,achat,105.25000,104.75000,107.75000,stop,-1.02000
2020-08-20,NZDUSD,achat,0.65250,0.64750,0.67750,objectif,4.97000
2020-08-21,EURUSD,achat,1.17750,1.17250,1.20250,stop,-1.01600
2020-08-26,AUDUSD,vente,0.72250,0.72750,0.69750,stop,-1.02000
2020-08-26,EURUSD,achat,1.17750,1.17250,1.20250,stop,-1.01600
2020-08-27,AUDJPY,vente,77.25000,77.75000,74.75000,stop,-1.03600
2020-08-28,USDJPY,achat,105.25000,104.75000,107.75000,stop,-1.02000
2020-08-28,NZDUSD,vente,0.67250,0.67750,0.64750,stop,-1.03000
2020-08-28,GBPUSD,vente,1.32250,1.32750,1.29750,stop,-1.02400
2020-09-01,EURUSD,vente,1.19750,1.20250,1.17250,objectif,4.98400
2020-09-02,AUDJPY,achat,77.75000,77.25000,80.25000,stop,-1.03600
2020-09-03,AUDUSD,achat,0.72750,0.72250,0.75250,stop,-1.02000
2020-09-03,GBPUSD,achat,1.32750,1.32250,1.35250,stop,-1.02400
2020-09-04,NZDUSD,vente,0.67250,0.67750,0.64750,stop,-1.03000
2020-09-08,GBPUSD,achat,1.30250,1.29750,1.32750,stop,-1.02400
2020-09-08,EURUSD,achat,1.17750,1.17250,1.20250,stop,-1.01600
2020-09-09,AUDJPY,vente,77.25000,77.75000,74.75000,objectif,4.96400
2020-09-11,GBPUSD,achat,1.27750,1.27250,1.30250,stop,-1.02400
2020-09-15,NZDUSD,vente,0.67250,0.67750,0.64750,stop,-1.03000
2020-09-16,GBPUSD,vente,1.29750,1.30250,1.27250,objectif,4.97600
2020-09-17,EURUSD,achat,1.17750,1.17250,1.20250,stop,-1.01600
2020-09-21,GBPUSD,achat,1.27750,1.27250,1.30250,stop,-1.02400
2020-09-22,AUDJPY,achat,75.25000,74.75000,77.75000,stop,-1.03600
2020-09-24,AUDUSD,achat,0.70250,0.69750,0.72750,objectif,4.98000
2020-09-28,AUDJPY,vente,74.75000,75.25000,72.25000,stop,-1.03600
2020-09-29,EURUSD,vente,1.17250,1.17750,1.14750,stop,-1.01600
2020-10-01,GBPUSD,vente,1.29750,1.30250,1.27250,stop,-1.02400
2020-10-02,AUDJPY,achat,75.25000,74.75000,77.75000,stop,-1.03600
2020-10-02,USDJPY,achat,105.25000,104.75000,107.75000,stop,-1.02000
2020-10-09,AUDUSD,vente,0.72250,0.72750,0.69750,stop,-1.02000
2020-10-09,GBPUSD,vente,1.29750,1.30250,1.27250,stop,-1.02400
2020-10-12,USDJPY,achat,105.25000,104.75000,107.75000,stop,-1.02000
2020-10-13,EURUSD,achat,1.17750,1.17250,1.20250,stop,-1.01600
2020-10-14,AUDJPY,achat,75.25000,74.75000,77.75000,stop,-1.03600
2020-10-14,GBPUSD,vente,1.29750,1.30250,1.27250,stop,-1.02400
2020-10-19,GBPUSD,vente,1.29750,1.30250,1.27250,stop,-1.02400
2020-10-20,AUDUSD,achat,0.70250,0.69750,0.72750,objectif,4.98000
2020-10-22,AUDJPY,vente,74.75000,75.25000,72.25000,stop,-1.03600
2020-10-23,GBPUSD,achat,1.30250,1.29750,1.32750,stop,-1.02400
2020-10-27,EURUSD,achat,1.17750,1.17250,1.20250,stop,-1.01600
2020-10-29,AUDUSD,achat,0.70250,0.69750,0.72750,objectif,4.98000
2020-10-30,GBPUSD,vente,1.29750,1.30250,1.27250,stop,-1.02400
2020-11-03,EURUSD,vente,1.17250,1.17750,1.14750,stop,-1.01600
2020-11-03,NZDUSD,vente,0.67250,0.67750,0.64750,stop,-1.03000
2020-11-03,AUDJPY,vente,74.75000,75.25000,72.25000,stop,-1.03600
2020-11-04,GBPUSD,achat,1.30250,1.29750,1.32750,stop,-1.02400
2020-11-05,AUDUSD,vente,0.72250,0.72750,0.69750,stop,-1.02000
2020-11-09,USDJPY,vente,104.75000,105.25000,102.25000,stop,-1.02000
2020-11-10,GBPUSD,vente,1.32250,1.32750,1.29750,stop,-1.02400
2020-11-11,EURUSD,achat,1.17750,1.17250,1.20250,objectif,4.98400
2020-11-16,GBPUSD,vente,1.32250,1.32750,1.29750,stop,-1.02400
2020-11-23,AUDUSD,achat,0.72750,0.72250,0.75250,objectif,4.98000
2020-11-24,NZDUSD,vente,0.69750,0.70250,0.67250,stop,-1.03000
2020-12-01,EURUSD,vente,1.19750,1.20250,1.17250,stop,-1.01600
2020-12-02,USDJPY,vente,104.75000,105.25000,102.25000,sortie vendredi,1.80000
2020-12-02,AUDJPY,vente,77.25000,77.75000,74.75000,stop,-1.03600
2020-12-03,GBPUSD,vente,1.34750,1.35250,1.32250,stop,-1.02400
2020-12-09,GBPUSD,vente,1.34750,1.35250,1.32250,objectif,4.97600
2020-12-09,AUDUSD,vente,0.74750,0.75250,0.72250,stop,-1.02000
2020-12-16,GBPUSD,vente,1.34750,1.35250,1.32250,stop,-1.02400
2020-12-17,EURUSD,vente,1.22250,1.22750,1.19750,stop,-1.01600
2020-12-21,AUDUSD,achat,0.75250,0.74750,0.77750,stop,-1.02000
2020-12-21,GBPUSD,achat,1.32750,1.32250,1.35250,stop,-1.02400
2020-12-21,AUDJPY,achat,77.75000,77.25000,80.25000,objectif,4.96400
2020-12-21,NZDUSD,achat,0.70250,0.69750,0.72750,objectif,4.97000
2020-12-28,EURUSD,vente,1.22250,1.22750,1.19750,stop,-1.01600
2020-12-31,AUDUSD,vente,0.77250,0.77750,0.74750,stop,-1.02000
2020-12-31,AUDJPY,vente,79.75000,80.25000,77.25000,stop,-1.03600
2021-01-04,USDJPY,achat,102.75000,102.25000,105.25000,objectif,4.98000
2021-01-04,NZDUSD,vente,0.72250,0.72750,0.69750,stop,-1.03000
2021-01-07,EURUSD,achat,1.22750,1.22250,1.25250,stop,-1.01600
2021-01-07,AUDUSD,achat,0.77750,0.77250,0.80250,stop,-1.02000
2021-01-07,AUDJPY,achat,80.25000,79.75000,82.75000,stop,-1.03600
2021-01-07,NZDUSD,achat,0.72750,0.72250,0.75250,stop,-1.03000
2021-01-11,GBPUSD,achat,1.35250,1.34750,1.37750,stop,-1.02400
2021-01-12,NZDUSD,vente,0.72250,0.72750,0.69750,stop,-1.03000
2021-01-15,AUDJPY,achat,80.25000,79.75000,82.75000,stop,-1.03600
2021-01-18,GBPUSD,achat,1.35250,1.34750,1.37750,objectif,4.97600
2021-01-21,GBPUSD,vente,1.37250,1.37750,1.34750,stop,-1.02400
2021-01-26,GBPUSD,vente,1.37250,1.37750,1.34750,stop,-1.02400
2021-01-26,NZDUSD,vente,0.72250,0.72750,0.69750,stop,-1.03000
2021-01-29,NZDUSD,vente,0.72250,0.72750,0.69750,stop,-1.03000
2021-01-29,USDJPY,vente,104.75000,105.25000,102.25000,stop,-1.02000
2021-02-02,EURUSD,achat,1.20250,1.19750,1.22750,stop,-1.01600
2021-02-05,GBPUSD,vente,1.37250,1.37750,1.34750,stop,-1.02400
2021-02-08,NZDUSD,vente,0.72250,0.72750,0.69750,stop,-1.03000
2021-02-17,EURUSD,achat,1.20250,1.19750,1.22750,stop,-1.01600
2021-02-18,NZDUSD,vente,0.72250,0.72750,0.69750,stop,-1.03000
2021-02-18,GBPUSD,vente,1.39750,1.40250,1.37250,stop,-1.02400
2021-02-19,USDJPY,achat,105.25000,104.75000,107.75000,objectif,4.98000
2021-02-24,GBPUSD,vente,1.42250,1.42750,1.39750,objectif,4.97600
2021-02-24,AUDUSD,vente,0.79750,0.80250,0.77250,objectif,4.98000
2021-02-25,EURUSD,vente,1.22250,1.22750,1.19750,objectif,4.98400
2021-02-26,NZDUSD,achat,0.72750,0.72250,0.75250,stop,-1.03000
2021-02-26,AUDJPY,achat,82.75000,82.25000,85.25000,stop,-1.03600
2021-03-01,GBPUSD,vente,1.39750,1.40250,1.37250,objectif,4.97600
2021-03-03,AUDUSD,achat,0.77750,0.77250,0.80250,stop,-1.02000
2021-03-04,GBPUSD,vente,1.39750,1.40250,1.37250,objectif,4.97600
2021-03-09,AUDUSD,vente,0.77250,0.77750,0.74750,stop,-1.02000
2021-03-11,NZDUSD,vente,0.72250,0.72750,0.69750,objectif,4.97000
2021-03-11,EURUSD,vente,1.19750,1.20250,1.17250,objectif,4.98400
2021-03-11,GBPUSD,vente,1.39750,1.40250,1.37250,objectif,4.97600
2021-03-17,EURUSD,vente,1.19750,1.20250,1.17250,objectif,4.98400
2021-03-17,GBPUSD,vente,1.39750,1.40250,1.37250,objectif,4.97600
2021-03-17,AUDJPY,vente,84.75000,85.25000,82.25000,stop,-1.03600
2021-03-17,NZDUSD,vente,0.72250,0.72750,0.69750,objectif,4.97000
2021-03-18,AUDUSD,achat,0.77750,0.77250,0.80250,stop,-1.02000
2021-03-23,AUDJPY,achat,82.75000,82.25000,85.25000,sortie vendredi,3.12400
2021-03-23,GBPUSD,achat,1.37750,1.37250,1.40250,stop,-1.02400
2021-03-23,NZDUSD,achat,0.70250,0.69750,0.72750,stop,-1.03000
2021-03-25,EURUSD,achat,1.17750,1.17250,1.20250,stop,-1.01600
2021-03-26,USDJPY,vente,109.75000,110.25000,107.25000,stop,-1.02000
2021-04-05,USDJPY,achat,110.25000,109.75000,112.75000,stop,-1.02000
2021-04-06,NZDUSD,achat,0.70250,0.69750,0.72750,objectif,4.97000
2021-04-07,GBPUSD,achat,1.37750,1.37250,1.40250,stop,-1.02400
2021-04-09,USDJPY,vente,109.75000,110.25000,107.25000,sortie vendredi,1.62200
2021-04-09,NZDUSD,achat,0.70250,0.69750,0.72750,objectif,4.97000
2021-04-14,AUDUSD,vente,0.77250,0.77750,0.74750,stop,-1.02000
2021-04-19,GBPUSD,vente,1.39750,1.40250,1.37250,stop,-1.02400
2021-04-20,NZDUSD,vente,0.72250,0.72750,0.69750,stop,-1.03000
2021-04-26,NZDUSD,vente,0.72250,0.72750,0.69750,stop,-1.03000
2021-04-28,AUDJPY,vente,84.75000,85.25000,82.25000,stop,-1.03600
2021-04-29,AUDUSD,achat,0.77750,0.77250,0.80250,stop,-1.02000
2021-04-30,EURUSD,achat,1.20250,1.19750,1.22750,sortie vendredi,1.62800
2021-05-07,GBPUSD,vente,1.39750,1.40250,1.37250,stop,-1.02400
2021-05-12,AUDUSD,achat,0.77750,0.77250,0.80250,stop,-1.02000
2021-05-13,GBPUSD,achat,1.40250,1.39750,1.42750,stop,-1.02400
2021-05-14,NZDUSD,vente,0.72250,0.72750,0.69750,stop,-1.03000
2021-05-18,EURUSD,vente,1.22250,1.22750,1.19750,objectif,4.98400
2021-05-21,GBPUSD,vente,1.42250,1.42750,1.39750,objectif,4.97600
2021-05-24,EURUSD,vente,1.22250,1.22750,1.19750,objectif,4.98400
2021-05-26,AUDJPY,vente,84.75000,85.25000,82.25000,objectif,4.96400
2021-05-27,USDJPY,vente,109.75000,110.25000,107.25000,stop,-1.02000
2021-05-31,EURUSD,vente,1.22250,1.22750,1.19750,objectif,4.98400
2021-05-31,GBPUSD,vente,1.42250,1.42750,1.39750,objectif,4.97600
2021-06-02,USDJPY,vente,109.75000,110.25000,107.25000,stop,-1.02000
2021-06-04,AUDUSD,vente,0.77250,0.77750,0.74750,stop,-1.02000
2021-06-11,USDJPY,vente,109.75000,110.25000,107.25000,stop,-1.02000
2021-06-14,AUDJPY,vente,84.75000,85.25000,82.25000,objectif,4.96400
2021-06-16,GBPUSD,achat,1.40250,1.39750,1.42750,stop,-1.02400
2021-06-16,EURUSD,achat,1.20250,1.19750,1.22750,stop,-1.01600
2021-06-17,NZDUSD,achat,0.70250,0.69750,0.72750,stop,-1.03000
2021-06-17,USDJPY,achat,110.25000,109.75000,112.75000,stop,-1.02000
2021-06-18,AUDUSD,achat,0.75250,0.74750,0.77750,stop,-1.02000
2021-06-18,AUDJPY,achat,82.75000,82.25000,85.25000,stop,-1.03600
2021-06-23,GBPUSD,vente,1.39750,1.40250,1.37250,objectif,4.97600
2021-06-25,EURUSD,vente,1.19750,1.20250,1.17250,sortie vendredi,4.29200
2021-06-29,AUDUSD,achat,0.75250,0.74750,0.77750,stop,-1.02000
2021-07-01,GBPUSD,achat,1.37750,1.37250,1.40250,stop,-1.02400
2021-07-06,NZDUSD,achat,0.70250,0.69750,0.72750,stop,-1.03000
2021-07-06,GBPUSD,achat,1.37750,1.37250,1.40250,stop,-1.02400
2021-07-08,USDJPY,achat,110.25000,109.75000,112.75000,stop,-1.02000
2021-07-09,AUDUSD,vente,0.74750,0.75250,0.72250,objectif,4.98000
2021-07-09,NZDUSD,vente,0.69750,0.70250,0.67250,stop,-1.03000
2021-07-09,AUDJPY,vente,82.25000,82.75000,79.75000,stop,-1.03600
2021-07-13,EURUSD,achat,1.17750,1.17250,1.20250,stop,-1.01600
2021-07-14,NZDUSD,vente,0.69750,0.70250,0.67250,stop,-1.03000
2021-07-14,USDJPY,achat,110.25000,109.75000,112.75000,stop,-1.02000
2021-07-14,AUDUSD,vente,0.74750,0.75250,0.72250,objectif,4.98000
2021-07-16,GBPUSD,achat,1.37750,1.37250,1.40250,stop,-1.02400
2021-07-19,EURUSD,achat,1.17750,1.17250,1.20250,stop,-1.01600
2021-07-19,AUDJPY,achat,80.25000,79.75000,82.75000,stop,-1.03600
2021-07-21,NZDUSD,vente,0.69750,0.70250,0.67250,stop,-1.03000
2021-07-26,USDJPY,achat,110.25000,109.75000,112.75000,stop,-1.02000
2021-07-27,GBPUSD,achat,1.37750,1.37250,1.40250,stop,-1.02400
2021-07-27,EURUSD,achat,1.17750,1.17250,1.20250,stop,-1.01600
2021-07-30,USDJPY,vente,109.75000,110.25000,107.25000,stop,-1.02000
2021-08-06,EURUSD,achat,1.17750,1.17250,1.20250,stop,-1.01600
2021-08-16,AUDJPY,achat,80.25000,79.75000,82.75000,stop,-1.03600
2021-08-17,AUDUSD,achat,0.72750,0.72250,0.75250,stop,-1.02000
2021-08-17,GBPUSD,achat,1.37750,1.37250,1.40250,stop,-1.02400
2021-08-23,EURUSD,vente,1.17250,1.17750,1.14750,stop,-1.01600
2021-08-23,GBPUSD,vente,1.37250,1.37750,1.34750,stop,-1.02400
2021-08-25,NZDUSD,vente,0.69750,0.70250,0.67250,stop,-1.03000
2021-08-27,GBPUSD,vente,1.37250,1.37750,1.34750,stop,-1.02400
2021-09-03,AUDUSD,vente,0.74750,0.75250,0.72250,objectif,4.98000
2021-09-07,GBPUSD,achat,1.37750,1.37250,1.40250,stop,-1.02400
2021-09-13,EURUSD,achat,1.17750,1.17250,1.20250,stop,-1.01600
2021-09-14,AUDJPY,achat,80.25000,79.75000,82.75000,stop,-1.03600
2021-09-16,USDJPY,vente,109.75000,110.25000,107.25000,stop,-1.02000
2021-09-16,EURUSD,achat,1.17750,1.17250,1.20250,stop,-1.01600
2021-09-16,GBPUSD,achat,1.37750,1.37250,1.40250,stop,-1.02400
2021-09-16,AUDUSD,achat,0.72750,0.72250,0.75250,stop,-1.02000
2021-09-21,AUDJPY,vente,79.75000,80.25000,77.25000,stop,-1.03600
2021-09-22,USDJPY,vente,109.75000,110.25000,107.25000,stop,-1.02000
2021-09-23,GBPUSD,vente,1.37250,1.37750,1.34750,objectif,4.97600
2021-09-23,EURUSD,vente,1.17250,1.17750,1.14750,sortie vendredi,3.38000
2021-09-24,AUDJPY,achat,80.25000,79.75000,82.75000,objectif,4.96400
2021-09-24,NZDUSD,achat,0.70250,0.69750,0.72750,stop,-1.03000
2021-09-28,GBPUSD,achat,1.35250,1.34750,1.37750,stop,-1.02400
2021-09-29,AUDJPY,achat,80.25000,79.75000,82.75000,objectif,4.96400
2021-09-30,AUDUSD,vente,0.72250,0.72750,0.69750,stop,-1.02000
2021-10-04,NZDUSD,vente,0.69750,0.70250,0.67250,stop,-1.03000
2021-10-08,USDJPY,vente,112.25000,112.75000,109.75000,stop,-1.02000
2021-10-12,EURUSD,achat,1.15250,1.14750,1.17750,stop,-1.01600
2021-10-14,GBPUSD,vente,1.37250,1.37750,1.34750,stop,-1.02400
2021-10-15,AUDJPY,vente,84.75000,85.25000,82.25000,stop,-1.03600
2021-10-19,AUDUSD,vente,0.74750,0.75250,0.72250,stop,-1.02000
2021-10-21,AUDJPY,achat,85.25000,84.75000,87.75000,stop,-1.03600
2021-10-27,AUDJPY,achat,85.25000,84.75000,87.75000,stop,-1.03600
2021-11-02,AUDJPY,achat,85.25000,84.75000,87.75000,stop,-1.03600
2021-11-04,GBPUSD,achat,1.35250,1.34750,1.37750,stop,-1.02400
2021-11-05,EURUSD,achat,1.15250,1.14750,1.17750,stop,-1.01600
2021-11-09,GBPUSD,achat,1.35250,1.34750,1.37750,stop,-1.02400
2021-11-09,USDJPY,achat,112.75000,112.25000,115.25000,objectif,4.98000
2021-11-10,EURUSD,achat,1.15250,1.14750,1.17750,stop,-1.01600
2021-11-11,NZDUSD,achat,0.70250,0.69750,0.72750,stop,-1.03000
2021-11-16,USDJPY,vente,114.75000,115.25000,112.25000,stop,-1.02000
2021-11-17,EURUSD,achat,1.12750,1.12250,1.15250,stop,-1.01600
2021-11-17,AUDUSD,achat,0.72750,0.72250,0.75250,stop,-1.02000
2021-11-17,GBPUSD,vente,1.34750,1.35250,1.32250,objectif,4.97600
2021-11-19,AUDJPY,achat,82.75000,82.25000,85.25000,stop,-1.03600
2021-11-22,USDJPY,vente,114.75000,115.25000,112.25000,stop,-1.02000
2021-11-24,AUDJPY,achat,82.75000,82.25000,85.25000,stop,-1.03600
2021-11-29,EURUSD,achat,1.12750,1.12250,1.15250,stop,-1.01600
2021-11-30,AUDJPY,achat,80.25000,79.75000,82.75000,stop,-1.03600
2021-11-30,NZDUSD,achat,0.67750,0.67250,0.70250,stop,-1.03000
2021-11-30,GBPUSD,achat,1.32750,1.32250,1.35250,stop,-1.02400
2021-11-30,USDJPY,achat,112.75000,112.25000,115.25000,objectif,4.98000
2021-12-03,NZDUSD,achat,0.67750,0.67250,0.70250,stop,-1.03000
2021-12-03,AUDUSD,achat,0.70250,0.69750,0.72750,objectif,4.98000
2021-12-03,USDJPY,achat,112.75000,112.25000,115.25000,objectif,4.98000
2021-12-03,EURUSD,achat,1.12750,1.12250,1.15250,stop,-1.01600
2021-12-06,AUDJPY,vente,79.75000,80.25000,77.25000,stop,-1.03600
2021-12-13,EURUSD,achat,1.12750,1.12250,1.15250,stop,-1.01600
2021-12-16,AUDJPY,vente,82.25000,82.75000,79.75000,stop,-1.03600
2021-12-17,GBPUSD,achat,1.32750,1.32250,1.35250,stop,-1.02400
2021-12-17,EURUSD,achat,1.12750,1.12250,1.15250,stop,-1.01600
2021-12-22,AUDJPY,vente,82.25000,82.75000,79.75000,stop,-1.03600
2021-12-27,USDJPY,vente,114.75000,115.25000,112.25000,stop,-1.02000
2021-12-29,EURUSD,achat,1.12750,1.12250,1.15250,stop,-1.01600
2021-12-29,GBPUSD,vente,1.34750,1.35250,1.32250,stop,-1.02400
2022-01-03,NZDUSD,achat,0.67750,0.67250,0.70250,stop,-1.03000
2022-01-04,AUDUSD,vente,0.72250,0.72750,0.69750,stop,-1.02000
2022-01-04,EURUSD,achat,1.12750,1.12250,1.15250,stop,-1.01600
2022-01-06,GBPUSD,achat,1.35250,1.34750,1.37750,stop,-1.02400
2022-01-06,AUDJPY,achat,82.75000,82.25000,85.25000,stop,-1.03600
2022-01-10,USDJPY,achat,115.25000,114.75000,117.75000,stop,-1.02000
2022-01-13,EURUSD,vente,1.14750,1.15250,1.12250,objectif,4.98400
2022-01-14,AUDJPY,achat,82.75000,82.25000,85.25000,stop,-1.03600
2022-01-19,AUDUSD,vente,0.72250,0.72750,0.69750,stop,-1.02000
2022-01-24,GBPUSD,achat,1.35250,1.34750,1.37750,stop,-1.02400
2022-01-25,EURUSD,achat,1.12750,1.12250,1.15250,stop,-1.01600
2022-01-27,AUDUSD,achat,0.70250,0.69750,0.72750,stop,-1.02000
2022-01-31,EURUSD,vente,1.12250,1.12750,1.09750,stop,-1.01600
2022-02-01,GBPUSD,vente,1.34750,1.35250,1.32250,stop,-1.02400
2022-02-03,AUDJPY,vente,82.25000,82.75000,79.75000,stop,-1.03600
2022-02-03,USDJPY,vente,114.75000,115.25000,112.25000,stop,-1.02000
2022-02-04,GBPUSD,achat,1.35250,1.34750,1.37750,stop,-1.02400
2022-02-04,EURUSD,vente,1.14750,1.15250,1.12250,objectif,4.98400
2022-02-10,NZDUSD,vente,0.67250,0.67750,0.64750,stop,-1.03000
2022-02-10,AUDUSD,vente,0.72250,0.72750,0.69750,stop,-1.02000
2022-02-10,EURUSD,vente,1.14750,1.15250,1.12250,objectif,4.98400
2022-02-11,USDJPY,achat,115.25000,114.75000,117.75000,stop,-1.02000
2022-02-11,AUDJPY,achat,82.75000,82.25000,85.25000,stop,-1.03600
2022-02-14,GBPUSD,achat,1.35250,1.34750,1.37750,stop,-1.02400
2022-02-18,NZDUSD,vente,0.67250,0.67750,0.64750,stop,-1.03000
2022-02-18,AUDUSD,vente,0.72250,0.72750,0.69750,stop,-1.02000
2022-02-24,EURUSD,achat,1.12750,1.12250,1.15250,stop,-1.01600
2022-02-24,GBPUSD,achat,1.32750,1.32250,1.35250,stop,-1.02400
2022-02-24,AUDJPY,achat,82.75000,82.25000,85.25000,stop,-1.03600
2022-02-25,AUDUSD,vente,0.72250,0.72750,0.69750,stop,-1.02000
2022-02-25,USDJPY,achat,115.25000,114.75000,117.75000,stop,-1.02000
2022-02-25,NZDUSD,vente,0.67250,0.67750,0.64750,stop,-1.03000
2022-03-02,GBPUSD,achat,1.32750,1.32250,1.35250,stop,-1.02400
2022-03-03,AUDJPY,vente,84.75000,85.25000,82.25000,stop,-1.03600
2022-03-04,EURUSD,achat,1.10250,1.09750,1.12750,stop,-1.01600
2022-03-04,NZDUSD,achat,0.67750,0.67250,0.70250,objectif,4.97000
2022-03-08,AUDUSD,achat,0.72750,0.72250,0.75250,stop,-1.02000
2022-03-09,AUDJPY,vente,84.75000,85.25000,82.25000,stop,-1.03600
2022-03-09,EURUSD,vente,1.09750,1.10250,1.07250,stop,-1.01600
2022-03-11,USDJPY,vente,117.25000,117.75000,114.75000,stop,-1.02000
2022-03-14,EURUSD,vente,1.09750,1.10250,1.07250,stop,-1.01600
2022-03-15,AUDUSD,vente,0.72250,0.72750,0.69750,stop,-1.02000
2022-03-17,AUDJPY,vente,87.25000,87.75000,84.75000,stop,-1.03600
2022-03-18,EURUSD,achat,1.10250,1.09750,1.12750,stop,-1.01600
2022-03-22,GBPUSD,vente,1.32250,1.32750,1.29750,stop,-1.02400
2022-03-22,AUDJPY,vente,89.75000,90.25000,87.25000,stop,-1.03600
2022-03-22,AUDUSD,vente,0.74750,0.75250,0.72250,stop,-1.02000
2022-03-24,USDJPY,vente,122.25000,122.75000,119.75000,stop,-1.02000
2022-03-28,AUDJPY,vente,92.25000,92.75000,89.75000,stop,-1.03600
2022-03-29,USDJPY,achat,122.75000,122.25000,125.25000,stop,-1.02000
2022-03-30,NZDUSD,vente,0.69750,0.70250,0.67250,stop,-1.03000
2022-04-01,USDJPY,vente,122.25000,122.75000,119.75000,stop,-1.02000
2022-04-01,AUDJPY,vente,92.25000,92.75000,89.75000,stop,-1.03600
2022-04-05,NZDUSD,vente,0.69750,0.70250,0.67250,stop,-1.03000
2022-04-06,AUDUSD,achat,0.75250,0.74750,0.77750,stop,-1.02000
2022-04-06,AUDJPY,achat,92.75000,92.25000,95.25000,objectif,4.96400
2022-04-08,GBPUSD,achat,1.30250,1.29750,1.32750,stop,-1.02400
2022-04-11,USDJPY,vente,124.75000,125.25000,122.25000,stop,-1.02000
2022-04-12,AUDUSD,vente,0.74750,0.75250,0.72250,objectif,4.98000
2022-04-13,NZDUSD,achat,0.67750,0.67250,0.70250,stop,-1.03000
2022-04-14,EURUSD,achat,1.07750,1.07250,1.10250,stop,-1.01600
2022-04-18,GBPUSD,achat,1.30250,1.29750,1.32750,stop,-1.02400
2022-04-19,AUDJPY,vente,94.75000,95.25000,92.25000,stop,-1.03600
2022-04-20,USDJPY,achat,127.75000,127.25000,130.25000,stop,-1.02000
2022-04-21,GBPUSD,achat,1.30250,1.29750,1.32750,stop,-1.02400
2022-04-22,AUDUSD,achat,0.72750,0.72250,0.75250,stop,-1.02000
2022-04-22,EURUSD,achat,1.07750,1.07250,1.10250,stop,-1.01600
2022-04-25,AUDJPY,achat,92.75000,92.25000,95.25000,stop,-1.03600
2022-04-25,USDJPY,achat,127.75000,127.25000,130.25000,stop,-1.02000
2022-04-27,EURUSD,achat,1.05250,1.04750,1.07750,stop,-1.01600
2022-04-27,GBPUSD,achat,1.25250,1.24750,1.27750,stop,-1.02400
2022-04-28,USDJPY,vente,129.75000,130.25000,127.25000,stop,-1.02000
2022-04-28,AUDJPY,vente,92.25000,92.75000,89.75000,stop,-1.03600
2022-05-02,GBPUSD,achat,1.25250,1.24750,1.27750,stop,-1.02400
2022-05-03,AUDJPY,vente,92.25000,92.75000,89.75000,stop,-1.03600
2022-05-04,NZDUSD,vente,0.64750,0.65250,0.62250,stop,-1.03000
2022-05-04,AUDUSD,vente,0.72250,0.72750,0.69750,objectif,4.98000
2022-05-05,EURUSD,achat,1.05250,1.04750,1.07750,stop,-1.01600
2022-05-05,GBPUSD,achat,1.25250,1.24750,1.27750,stop,-1.02400
2022-05-05,USDJPY,vente,129.75000,130.25000,127.25000,stop,-1.02000
2022-05-09,AUDUSD,achat,0.70250,0.69750,0.72750,stop,-1.02000
2022-05-10,AUDJPY,achat,90.25000,89.75000,92.75000,stop,-1.03600
2022-05-11,GBPUSD,achat,1.22750,1.22250,1.25250,stop,-1.02400
2022-05-12,USDJPY,achat,127.75000,127.25000,130.25000,stop,-1.02000
2022-05-16,AUDUSD,vente,0.69750,0.70250,0.67250,stop,-1.02000
2022-05-17,USDJPY,vente,129.75000,130.25000,127.25000,objectif,4.98000
2022-05-17,EURUSD,vente,1.04750,1.05250,1.02250,stop,-1.01600
2022-05-17,GBPUSD,vente,1.24750,1.25250,1.22250,stop,-1.02400
2022-05-18,AUDJPY,achat,90.25000,89.75000,92.75000,stop,-1.03600
2022-05-23,NZDUSD,vente,0.64750,0.65250,0.62250,stop,-1.03000
2022-05-24,AUDJPY,achat,90.25000,89.75000,92.75000,stop,-1.03600
2022-05-24,EURUSD,vente,1.07250,1.07750,1.04750,stop,-1.01600
2022-05-24,GBPUSD,achat,1.25250,1.24750,1.27750,stop,-1.02400
2022-05-25,USDJPY,vente,127.25000,127.75000,124.75000,stop,-1.02000
2022-05-31,AUDJPY,vente,92.25000,92.75000,89.75000,stop,-1.03600
2022-05-31,NZDUSD,achat,0.65250,0.64750,0.67750,stop,-1.03000
2022-06-01,AUDUSD,vente,0.72250,0.72750,0.69750,stop,-1.02000
2022-06-01,GBPUSD,achat,1.25250,1.24750,1.27750,stop,-1.02400
2022-06-01,USDJPY,vente,129.75000,130.25000,127.25000,stop,-1.02000
2022-06-02,EURUSD,vente,1.07250,1.07750,1.04750,objectif,4.98400
2022-06-03,NZDUSD,achat,0.65250,0.64750,0.67750,stop,-1.03000
2022-06-06,AUDJPY,vente,94.75000,95.25000,92.25000,stop,-1.03600
2022-06-06,USDJPY,vente,132.25000,132.75000,129.75000,stop,-1.02000
2022-06-07,AUDUSD,vente,0.72250,0.72750,0.69750,objectif,4.98000
2022-06-08,EURUSD,vente,1.07250,1.07750,1.04750,objectif,4.98400
2022-06-08,GBPUSD,achat,1.25250,1.24750,1.27750,stop,-1.02400
2022-06-13,USDJPY,vente,134.75000,135.25000,132.25000,stop,-1.02000
2022-06-13,AUDJPY,achat,92.75000,92.25000,95.25000,stop,-1.03600
2022-06-13,NZDUSD,achat,0.62750,0.62250,0.65250,stop,-1.03000
2022-06-13,GBPUSD,achat,1.22750,1.22250,1.25250,stop,-1.02400
2022-06-14,EURUSD,vente,1.04750,1.05250,1.02250,stop,-1.01600
2022-06-15,AUDUSD,vente,0.69750,0.70250,0.67250,stop,-1.02000
2022-06-16,AUDJPY,achat,92.75000,92.25000,95.25000,stop,-1.03600
2022-06-16,USDJPY,achat,132.75000,132.25000,135.25000,stop,-1.02000
2022-06-16,GBPUSD,vente,1.22250,1.22750,1.19750,stop,-1.02400
2022-06-17,NZDUSD,achat,0.62750,0.62250,0.65250,stop,-1.03000
2022-06-20,AUDUSD,vente,0.69750,0.70250,0.67250,objectif,4.98000
2022-06-21,AUDJPY,vente,94.75000,95.25000,92.25000,stop,-1.03600
2022-06-22,NZDUSD,achat,0.62750,0.62250,0.65250,stop,-1.03000
2022-06-23,EURUSD,achat,1.05250,1.04750,1.07750,stop,-1.01600
2022-06-23,USDJPY,achat,135.25000,134.75000,137.75000,stop,-1.02000
2022-06-28,EURUSD,achat,1.05250,1.04750,1.07750,stop,-1.01600
2022-07-01,AUDJPY,achat,92.75000,92.25000,95.25000,stop,-1.03600
2022-07-01,AUDUSD,achat,0.67750,0.67250,0.70250,stop,-1.02000
2022-07-01,USDJPY,achat,135.25000,134.75000,137.75000,stop,-1.02000
2022-07-01,GBPUSD,achat,1.20250,1.19750,1.22750,stop,-1.02400
2022-07-05,EURUSD,achat,1.02750,1.02250,1.05250,stop,-1.01600
2022-07-06,USDJPY,achat,135.25000,134.75000,137.75000,objectif,4.98000
2022-07-07,GBPUSD,vente,1.19750,1.20250,1.17250,stop,-1.02400
2022-07-08,AUDJPY,achat,92.75000,92.25000,95.25000,stop,-1.03600
2022-07-11,USDJPY,vente,137.25000,137.75000,134.75000,stop,-1.02000
2022-07-11,AUDUSD,achat,0.67750,0.67250,0.70250,stop,-1.02000
2022-07-14,GBPUSD,achat,1.17750,1.17250,1.20250,objectif,4.97600
2022-07-19,AUDJPY,vente,94.75000,95.25000,92.25000,stop,-1.03600
2022-07-19,USDJPY,achat,137.75000,137.25000,140.25000,stop,-1.02000
2022-07-19,EURUSD,vente,1.02250,1.02750,0.99750,stop,-1.01600
2022-07-19,GBPUSD,vente,1.19750,1.20250,1.17250,stop,-1.02400
2022-07-19,NZDUSD,vente,0.62250,0.62750,0.59750,stop,-1.03000
2022-07-22,AUDUSD,vente,0.69750,0.70250,0.67250,stop,-1.02000
2022-07-25,AUDJPY,vente,94.75000,95.25000,92.25000,stop,-1.03600
2022-07-26,GBPUSD,achat,1.20250,1.19750,1.22750,stop,-1.02400
2022-07-27,AUDUSD,vente,0.69750,0.70250,0.67250,stop,-1.02000
2022-07-27,USDJPY,vente,137.25000,137.75000,134.75000,objectif,4.98000
2022-07-29,EURUSD,vente,1.02250,1.02750,0.99750,stop,-1.01600
2022-07-29,GBPUSD,vente,1.22250,1.22750,1.19750,stop,-1.02400
2022-08-01,USDJPY,achat,132.75000,132.25000,135.25000,stop,-1.02000
2022-08-01,AUDJPY,achat,92.75000,92.25000,95.25000,stop,-1.03600
2022-08-02,NZDUSD,achat,0.62750,0.62250,0.65250,stop,-1.03000
2022-08-04,USDJPY,achat,132.75000,132.25000,135.25000,objectif,4.98000
2022-08-04,AUDUSD,vente,0.69750,0.70250,0.67250,stop,-1.02000
2022-08-04,EURUSD,vente,1.02250,1.02750,0.99750,stop,-1.01600
2022-08-05,GBPUSD,achat,1.20250,1.19750,1.22750,objectif,4.97600
2022-08-09,EURUSD,vente,1.02250,1.02750,0.99750,stop,-1.01600
2022-08-10,USDJPY,achat,132.75000,132.25000,135.25000,stop,-1.02000
2022-08-10,GBPUSD,vente,1.22250,1.22750,1.19750,stop,-1.02400
2022-08-12,AUDJPY,vente,94.75000,95.25000,92.25000,stop,-1.03600
2022-08-12,EURUSD,achat,1.02750,1.02250,1.05250,stop,-1.01600
2022-08-15,USDJPY,achat,132.75000,132.25000,135.25000,objectif,4.98000
2022-08-15,AUDUSD,achat,0.70250,0.69750,0.72750,stop,-1.02000
2022-08-16,GBPUSD,achat,1.20250,1.19750,1.22750,stop,-1.02400
2022-08-17,NZDUSD,achat,0.62750,0.62250,0.65250,stop,-1.03000
2022-08-22,USDJPY,vente,137.25000,137.75000,134.75000,stop,-1.02000
2022-08-22,GBPUSD,achat,1.17750,1.17250,1.20250,stop,-1.02400
2022-08-22,AUDJPY,vente,94.75000,95.25000,92.25000,stop,-1.03600
2022-08-23,NZDUSD,vente,0.62250,0.62750,0.59750,objectif,4.97000
2022-08-23,EURUSD,vente,0.99750,1.00250,0.97250,stop,-1.01600
2022-08-25,AUDUSD,vente,0.69750,0.70250,0.67250,objectif,4.98000
2022-08-26,GBPUSD,achat,1.17750,1.17250,1.20250,stop,-1.02400
2022-08-26,USDJPY,vente,137.25000,137.75000,134.75000,stop,-1.02000
2022-08-30,AUDJPY,achat,95.25000,94.75000,97.75000,objectif,4.96400
2022-09-01,AUDUSD,achat,0.67750,0.67250,0.70250,stop,-1.02000
2022-09-01,GBPUSD,achat,1.15250,1.14750,1.17750,stop,-1.02400
2022-09-01,USDJPY,vente,139.75000,140.25000,137.25000,stop,-1.02000
2022-09-06,GBPUSD,achat,1.15250,1.14750,1.17750,stop,-1.02400
2022-09-06,AUDUSD,achat,0.67750,0.67250,0.70250,stop,-1.02000
2022-09-06,EURUSD,vente,0.99750,1.00250,0.97250,stop,-1.01600
2022-09-06,USDJPY,vente,142.25000,142.75000,139.75000,stop,-1.02000
2022-09-07,AUDJPY,vente,97.25000,97.75000,94.75000,stop,-1.03600
2022-09-09,USDJPY,achat,142.75000,142.25000,145.25000,stop,-1.02000
2022-09-13,GBPUSD,vente,1.17250,1.17750,1.14750,objectif,4.97600
2022-09-13,NZDUSD,achat,0.60250,0.59750,0.62750,stop,-1.03000
2022-09-13,AUDJPY,achat,97.75000,97.25000,100.25000,stop,-1.03600
2022-09-13,EURUSD,achat,1.00250,0.99750,1.02750,stop,-1.01600
2022-09-13,AUDUSD,achat,0.67750,0.67250,0.70250,stop,-1.02000
2022-09-14,USDJPY,vente,144.75000,145.25000,142.25000,stop (même jour que l'objectif),-1.02000
2022-09-21,GBPUSD,achat,1.12750,1.12250,1.15250,stop,-1.02400
2022-09-22,USDJPY,vente,144.75000,145.25000,142.25000,stop,-1.02000
2022-09-23,NZDUSD,achat,0.57750,0.57250,0.60250,stop,-1.03000
2022-09-23,AUDUSD,achat,0.65250,0.64750,0.67750,stop,-1.02000
2022-09-23,EURUSD,achat,0.97750,0.97250,1.00250,stop,-1.01600
2022-09-26,GBPUSD,achat,1.07750,1.07250,1.10250,stop,-1.02400
2022-09-27,USDJPY,vente,144.75000,145.25000,142.25000,stop,-1.02000
2022-09-28,AUDJPY,achat,92.75000,92.25000,95.25000,stop,-1.03600
2022-09-28,EURUSD,vente,0.97250,0.97750,0.94750,stop,-1.01600
2022-09-28,NZDUSD,vente,0.57250,0.57750,0.54750,stop,-1.03000
2022-09-28,AUDUSD,vente,0.64750,0.65250,0.62250,stop,-1.02000
2022-09-29,GBPUSD,vente,1.09750,1.10250,1.07250,stop,-1.02400
2022-09-30,USDJPY,vente,144.75000,145.25000,142.25000,stop,-1.02000
2022-10-03,AUDUSD,vente,0.64750,0.65250,0.62250,stop,-1.02000
2022-10-03,EURUSD,achat,0.97750,0.97250,1.00250,stop,-1.01600
2022-10-03,NZDUSD,vente,0.57250,0.57750,0.54750,stop,-1.03000
2022-10-04,GBPUSD,vente,1.14750,1.15250,1.12250,objectif,4.97600
2022-10-05,USDJPY,vente,144.75000,145.25000,142.25000,stop,-1.02000
2022-10-06,AUDJPY,achat,92.75000,92.25000,95.25000,stop,-1.03600
2022-10-10,GBPUSD,achat,1.10250,1.09750,1.12750,stop,-1.02400
2022-10-10,AUDUSD,achat,0.62750,0.62250,0.65250,stop,-1.02000
2022-10-11,AUDJPY,vente,92.25000,92.75000,89.75000,stop,-1.03600
2022-10-13,GBPUSD,vente,1.12250,1.12750,1.09750,stop,-1.02400
2022-10-13,USDJPY,vente,147.25000,147.75000,144.75000,stop,-1.02000
2022-10-13,NZDUSD,achat,0.55250,0.54750,0.57750,objectif,4.97000
2022-10-17,AUDUSD,vente,0.62250,0.62750,0.59750,stop,-1.02000
2022-10-19,EURUSD,achat,0.97750,0.97250,1.00250,stop,-1.01600
2022-10-19,USDJPY,vente,149.75000,150.25000,147.25000,stop,-1.02000
2022-10-20,NZDUSD,vente,0.57250,0.57750,0.54750,stop,-1.03000
2022-10-20,AUDJPY,vente,94.75000,95.25000,92.25000,stop,-1.03600
2022-10-24,AUDUSD,achat,0.62750,0.62250,0.65250,objectif,4.98000
2022-10-25,USDJPY,achat,147.75000,147.25000,150.25000,stop,-1.02000
2022-10-25,GBPUSD,vente,1.14750,1.15250,1.12250,stop,-1.02400
2022-10-25,EURUSD,vente,0.99750,1.00250,0.97250,stop,-1.01600
2022-10-26,AUDJPY,vente,94.75000,95.25000,92.25000,stop,-1.03600
2022-10-28,AUDUSD,vente,0.64750,0.65250,0.62250,stop,-1.02000
2022-10-28,USDJPY,vente,147.25000,147.75000,144.75000,stop,-1.02000
2022-10-28,GBPUSD,achat,1.15250,1.14750,1.17750,stop,-1.02400
2022-10-31,AUDJPY,vente,94.75000,95.25000,92.25000,stop,-1.03600
2022-10-31,NZDUSD,achat,0.57750,0.57250,0.60250,objectif,4.97000
2022-11-02,AUDUSD,vente,0.64750,0.65250,0.62250,stop,-1.02000
2022-11-02,EURUSD,vente,0.99750,1.00250,0.97250,stop,-1.01600
2022-11-03,NZDUSD,achat,0.57750,0.57250,0.60250,objectif,4.97000
2022-11-03,GBPUSD,achat,1.12750,1.12250,1.15250,stop,-1.02400
2022-11-04,AUDJPY,vente,94.75000,95.25000,92.25000,objectif,4.96400
2022-11-04,USDJPY,achat,147.75000,147.25000,150.25000,stop,-1.02000
2022-11-08,NZDUSD,vente,0.59750,0.60250,0.57250,stop,-1.03000
2022-11-09,GBPUSD,achat,1.15250,1.14750,1.17750,stop,-1.02400
2022-11-09,EURUSD,achat,1.00250,0.99750,1.02750,stop,-1.01600
2022-11-10,AUDUSD,vente,0.64750,0.65250,0.62250,stop,-1.02000
2022-11-10,USDJPY,achat,145.25000,144.75000,147.75000,stop,-1.02000
2022-11-11,AUDJPY,achat,92.75000,92.25000,95.25000,stop,-1.03600
2022-11-14,EURUSD,achat,1.02750,1.02250,1.05250,stop,-1.01600
2022-11-14,GBPUSD,achat,1.17750,1.17250,1.20250,stop,-1.02400
2022-11-15,AUDUSD,vente,0.67250,0.67750,0.64750,stop,-1.02000
2022-11-15,USDJPY,achat,137.75000,137.25000,140.25000,objectif,4.98000
2022-11-17,GBPUSD,achat,1.17750,1.17250,1.20250,objectif,4.97600
2022-11-18,AUDUSD,vente,0.67250,0.67750,0.64750,stop,-1.02000
2022-11-21,EURUSD,achat,1.02750,1.02250,1.05250,stop,-1.01600
2022-11-21,USDJPY,vente,142.25000,142.75000,139.75000,objectif,4.98000
2022-11-23,AUDUSD,vente,0.67250,0.67750,0.64750,stop,-1.02000
2022-11-23,GBPUSD,vente,1.19750,1.20250,1.17250,stop,-1.02400
2022-11-23,NZDUSD,vente,0.62250,0.62750,0.59750,stop,-1.03000
2022-11-28,USDJPY,achat,137.75000,137.25000,140.25000,stop,-1.02000
2022-11-28,EURUSD,vente,1.04750,1.05250,1.02250,stop,-1.01600
2022-11-28,GBPUSD,achat,1.20250,1.19750,1.22750,stop,-1.02400
2022-11-28,AUDJPY,achat,92.75000,92.25000,95.25000,stop,-1.03600
2022-11-29,NZDUSD,vente,0.62250,0.62750,0.59750,stop,-1.03000
2022-11-29,AUDUSD,vente,0.67250,0.67750,0.64750,stop,-1.02000
2022-12-01,EURUSD,vente,1.04750,1.05250,1.02250,stop,-1.01600
2022-12-01,AUDJPY,achat,92.75000,92.25000,95.25000,stop,-1.03600
2022-12-01,USDJPY,achat,135.25000,134.75000,137.75000,stop,-1.02000
2022-12-01,GBPUSD,vente,1.22250,1.22750,1.19750,stop,-1.02400
2022-12-02,AUDUSD,achat,0.67750,0.67250,0.70250,stop,-1.02000
2022-12-06,GBPUSD,vente,1.22250,1.22750,1.19750,stop,-1.02400
2022-12-06,USDJPY,vente,137.25000,137.75000,134.75000,stop,-1.02000
2022-12-06,AUDJPY,vente,92.25000,92.75000,89.75000,stop,-1.03600
2022-12-07,AUDUSD,vente,0.67250,0.67750,0.64750,stop,-1.02000
2022-12-09,EURUSD,achat,1.05250,1.04750,1.07750,objectif,4.98400
2022-12-12,USDJPY,vente,137.25000,137.75000,134.75000,stop,-1.02000
2022-12-13,NZDUSD,vente,0.64750,0.65250,0.62250,objectif,4.97000
2022-12-15,AUDUSD,achat,0.67750,0.67250,0.70250,stop,-1.02000
2022-12-15,EURUSD,vente,1.07250,1.07750,1.04750,stop,-1.01600
2022-12-15,USDJPY,vente,137.25000,137.75000,134.75000,stop,-1.02000
2022-12-15,GBPUSD,achat,1.22750,1.22250,1.25250,stop,-1.02400
2022-12-20,AUDJPY,achat,90.25000,89.75000,92.75000,stop,-1.03600
2022-12-20,USDJPY,vente,137.25000,137.75000,134.75000,objectif,4.98000
2022-12-21,AUDUSD,vente,0.67250,0.67750,0.64750,stop,-1.02000
2022-12-22,GBPUSD,achat,1.20250,1.19750,1.22750,stop,-1.02400
2022-12-27,GBPUSD,achat,1.20250,1.19750,1.22750,stop,-1.02400
2022-12-27,NZDUSD,achat,0.62750,0.62250,0.65250,stop,-1.03000
2022-12-30,GBPUSD,achat,1.20250,1.19750,1.22750,stop,-1.02400
2023-01-03,USDJPY,achat,130.25000,129.75000,132.75000,stop,-1.02000
2023-01-03,NZDUSD,achat,0.62750,0.62250,0.65250,stop,-1.03000
2023-01-03,AUDJPY,achat,87.75000,87.25000,90.25000,objectif,4.96400
2023-01-03,AUDUSD,achat,0.67750,0.67250,0.70250,stop,-1.02000
2023-01-03,EURUSD,achat,1.05250,1.04750,1.07750,objectif,4.98400
2023-01-05,GBPUSD,achat,1.20250,1.19750,1.22750,stop,-1.02400
2023-01-06,USDJPY,vente,134.75000,135.25000,132.25000,objectif,4.98000
2023-01-09,EURUSD,vente,1.07250,1.07750,1.04750,stop,-1.01600
2023-01-12,AUDUSD,vente,0.69750,0.70250,0.67250,stop,-1.02000
2023-01-12,GBPUSD,vente,1.22250,1.22750,1.19750,stop,-1.02400
2023-01-12,USDJPY,achat,130.25000,129.75000,132.75000,stop,-1.02000
2023-01-12,AUDJPY,achat,90.25000,89.75000,92.75000,stop,-1.03600
2023-01-17,EURUSD,achat,1.07750,1.07250,1.10250,objectif,4.98400
2023-01-17,AUDJPY,vente,89.75000,90.25000,87.25000,stop,-1.03600
2023-01-18,NZDUSD,vente,0.64750,0.65250,0.62250,stop,-1.03000
2023-01-18,USDJPY,vente,129.75000,130.25000,127.25000,stop,-1.02000
2023-01-20,AUDJPY,vente,89.75000,90.25000,87.25000,stop,-1.03600
2023-01-23,USDJPY,vente,129.75000,130.25000,127.25000,stop,-1.02000
2023-01-24,GBPUSD,achat,1.22750,1.22250,1.25250,stop,-1.02400
2023-01-25,AUDJPY,vente,92.25000,92.75000,89.75000,stop,-1.03600
2023-01-26,USDJPY,vente,129.75000,130.25000,127.25000,stop,-1.02000
2023-01-31,AUDUSD,achat,0.70250,0.69750,0.72750,stop,-1.02000
2023-02-01,NZDUSD,vente,0.64750,0.65250,0.62250,stop,-1.03000
2023-02-01,EURUSD,vente,1.09750,1.10250,1.07250,stop,-1.01600
2023-02-01,GBPUSD,achat,1.22750,1.22250,1.25250,stop,-1.02400
2023-02-03,USDJPY,vente,129.75000,130.25000,127.25000,stop,-1.02000
2023-02-03,AUDUSD,achat,0.70250,0.69750,0.72750,stop,-1.02000
2023-02-06,GBPUSD,achat,1.20250,1.19750,1.22750,stop,-1.02400
2023-02-06,NZDUSD,achat,0.62750,0.62250,0.65250,stop,-1.03000
2023-02-09,AUDUSD,vente,0.69750,0.70250,0.67250,stop,-1.02000
2023-02-10,USDJPY,achat,130.25000,129.75000,132.75000,objectif,4.98000
2023-02-10,AUDJPY,achat,90.25000,89.75000,92.75000,objectif,4.96400
2023-02-13,EURUSD,vente,1.07250,1.07750,1.04750,stop,-1.01600
2023-02-14,GBPUSD,vente,1.22250,1.22750,1.19750,objectif,4.97600
2023-02-15,NZDUSD,achat,0.62750,0.62250,0.65250,stop,-1.03000
2023-02-17,USDJPY,vente,134.75000,135.25000,132.25000,stop,-1.02000
2023-02-17,AUDJPY,vente,92.25000,92.75000,89.75000,stop,-1.03600
2023-02-23,AUDJPY,vente,92.25000,92.75000,89.75000,objectif,4.96400
2023-02-24,AUDUSD,achat,0.67750,0.67250,0.70250,stop,-1.02000
2023-02-27,GBPUSD,vente,1.19750,1.20250,1.17250,stop,-1.02400
2023-03-01,NZDUSD,vente,0.62250,0.62750,0.59750,stop,-1.03000
2023-03-03,GBPUSD,vente,1.19750,1.20250,1.17250,stop,-1.02400
2023-03-07,USDJPY,vente,137.25000,137.75000,134.75000,stop,-1.02000
2023-03-07,AUDJPY,achat,90.25000,89.75000,92.75000,stop,-1.03600
2023-03-10,USDJPY,achat,135.25000,134.75000,137.75000,stop,-1.02000
2023-03-10,GBPUSD,vente,1.19750,1.20250,1.17250,stop,-1.02400
2023-03-13,AUDJPY,vente,89.75000,90.25000,87.25000,objectif,4.96400
2023-03-13,NZDUSD,vente,0.62250,0.62750,0.59750,stop,-1.03000
2023-03-13,EURUSD,vente,1.07250,1.07750,1.04750,stop,-1.01600
2023-03-15,GBPUSD,achat,1.20250,1.19750,1.22750,objectif,4.97600
2023-03-15,USDJPY,vente,134.75000,135.25000,132.25000,objectif,4.98000
2023-03-20,EURUSD,vente,1.07250,1.07750,1.04750,stop,-1.01600
2023-03-20,USDJPY,vente,132.25000,132.75000,129.75000,stop,-1.02000
2023-03-20,GBPUSD,vente,1.22250,1.22750,1.19750,stop,-1.02400
2023-03-20,AUDUSD,vente,0.67250,0.67750,0.64750,stop,-1.02000
2023-03-20,AUDJPY,achat,87.75000,87.25000,90.25000,stop,-1.03600
2023-03-22,NZDUSD,vente,0.62250,0.62750,0.59750,stop,-1.03000
2023-03-23,AUDUSD,vente,0.67250,0.67750,0.64750,stop,-1.02000
2023-03-24,EURUSD,achat,1.07750,1.07250,1.10250,stop,-1.01600
2023-03-24,USDJPY,achat,130.25000,129.75000,132.75000,stop,-1.02000
2023-03-27,AUDJPY,vente,87.25000,87.75000,84.75000,stop,-1.03600
2023-03-29,USDJPY,vente,132.25000,132.75000,129.75000,stop,-1.02000
2023-04-03,AUDUSD,vente,0.67250,0.67750,0.64750,stop,-1.02000
2023-04-03,GBPUSD,achat,1.22750,1.22250,1.25250,objectif,4.97600
2023-04-03,AUDJPY,vente,89.75000,90.25000,87.25000,stop,-1.03600
2023-04-06,NZDUSD,achat,0.62750,0.62250,0.65250,stop,-1.03000
2023-04-07,USDJPY,vente,132.25000,132.75000,129.75000,stop,-1.02000
2023-04-12,NZDUSD,vente,0.62250,0.62750,0.59750,stop,-1.03000
2023-04-12,GBPUSD,vente,1.24750,1.25250,1.22250,stop,-1.02400
2023-04-12,USDJPY,achat,132.75000,132.25000,135.25000,stop,-1.02000
2023-04-12,EURUSD,vente,1.09750,1.10250,1.07250,stop,-1.01600
2023-04-13,AUDUSD,vente,0.67250,0.67750,0.64750,stop,-1.02000
2023-04-13,AUDJPY,vente,89.75000,90.25000,87.25000,stop,-1.03600
2023-04-18,EURUSD,vente,1.09750,1.10250,1.07250,stop,-1.01600
2023-04-18,AUDUSD,vente,0.67250,0.67750,0.64750,stop,-1.02000
2023-04-19,USDJPY,vente,134.75000,135.25000,132.25000,stop,-1.02000
2023-04-24,GBPUSD,vente,1.24750,1.25250,1.22250,stop,-1.02400
2023-04-25,EURUSD,achat,1.10250,1.09750,1.12750,stop,-1.01600
2023-04-28,USDJPY,vente,134.75000,135.25000,132.25000,stop,-1.02000
2023-04-28,AUDJPY,vente,89.75000,90.25000,87.25000,stop,-1.03600
2023-05-01,GBPUSD,achat,1.25250,1.24750,1.27750,stop,-1.02400
2023-05-02,NZDUSD,vente,0.62250,0.62750,0.59750,stop,-1.03000
2023-05-03,USDJPY,achat,135.25000,134.75000,137.75000,stop,-1.02000
2023-05-03,AUDJPY,achat,90.25000,89.75000,92.75000,stop,-1.03600
2023-05-04,EURUSD,achat,1.10250,1.09750,1.12750,stop,-1.01600
2023-05-05,AUDUSD,vente,0.67250,0.67750,0.64750,stop,-1.02000
2023-05-11,GBPUSD,achat,1.25250,1.24750,1.27750,stop,-1.02400
2023-05-11,AUDJPY,achat,90.25000,89.75000,92.75000,objectif,4.96400
2023-05-11,USDJPY,vente,134.75000,135.25000,132.25000,stop,-1.02000
2023-05-15,NZDUSD,vente,0.62250,0.62750,0.59750,stop,-1.03000
2023-05-17,USDJPY,vente,137.25000,137.75000,134.75000,stop,-1.02000
2023-05-18,EURUSD,achat,1.07750,1.07250,1.10250,stop,-1.01600
2023-05-19,AUDJPY,vente,92.25000,92.75000,89.75000,stop,-1.03600
2023-05-19,GBPUSD,vente,1.24750,1.25250,1.22250,stop,-1.02400
2023-05-23,EURUSD,achat,1.07750,1.07250,1.10250,stop,-1.01600
2023-05-25,USDJPY,vente,139.75000,140.25000,137.25000,stop,-1.02000
2023-06-01,GBPUSD,vente,1.24750,1.25250,1.22250,stop,-1.02400
2023-06-01,EURUSD,vente,1.07250,1.07750,1.04750,stop,-1.01600
2023-06-01,USDJPY,vente,139.75000,140.25000,137.25000,stop,-1.02000
2023-06-02,AUDJPY,vente,92.25000,92.75000,89.75000,stop,-1.03600
2023-06-06,USDJPY,vente,139.75000,140.25000,137.25000,stop,-1.02000
2023-06-07,GBPUSD,vente,1.24750,1.25250,1.22250,stop,-1.02400
2023-06-07,EURUSD,vente,1.07250,1.07750,1.04750,stop,-1.01600
2023-06-12,USDJPY,vente,139.75000,140.25000,137.25000,stop,-1.02000
2023-06-12,GBPUSD,achat,1.25250,1.24750,1.27750,objectif,4.97600
2023-06-13,AUDJPY,vente,94.75000,95.25000,92.25000,stop,-1.03600
2023-06-14,NZDUSD,vente,0.62250,0.62750,0.59750,stop,-1.03000
2023-06-15,GBPUSD,vente,1.27250,1.27750,1.24750,stop,-1.02400
2023-06-16,AUDJPY,vente,97.25000,97.75000,94.75000,objectif,4.96400
2023-06-20,AUDUSD,achat,0.67750,0.67250,0.70250,stop,-1.02000
2023-06-20,USDJPY,vente,142.25000,142.75000,139.75000,stop,-1.02000
2023-06-21,EURUSD,vente,1.09750,1.10250,1.07250,stop,-1.01600
2023-06-23,USDJPY,achat,142.75000,142.25000,145.25000,stop,-1.02000
2023-06-27,EURUSD,vente,1.09750,1.10250,1.07250,stop,-1.01600
2023-06-28,AUDJPY,achat,95.25000,94.75000,97.75000,stop,-1.03600
2023-06-29,USDJPY,vente,144.75000,145.25000,142.25000,objectif,4.98000
2023-06-30,GBPUSD,vente,1.27250,1.27750,1.24750,stop,-1.02400
2023-07-07,USDJPY,achat,142.75000,142.25000,145.25000,stop,-1.02000
2023-07-10,GBPUSD,achat,1.27750,1.27250,1.30250,objectif,4.97600
2023-07-12,NZDUSD,vente,0.62250,0.62750,0.59750,stop,-1.03000
2023-07-12,AUDUSD,vente,0.67250,0.67750,0.64750,stop,-1.02000
2023-07-13,AUDJPY,vente,94.75000,95.25000,92.25000,stop,-1.03600
2023-07-13,EURUSD,vente,1.12250,1.12750,1.09750,stop,-1.01600
2023-07-14,USDJPY,achat,137.75000,137.25000,140.25000,stop,-1.02000
2023-07-18,AUDJPY,vente,94.75000,95.25000,92.25000,stop,-1.03600
2023-07-18,NZDUSD,achat,0.62750,0.62250,0.65250,stop,-1.03000
2023-07-19,AUDUSD,achat,0.67750,0.67250,0.70250,stop,-1.02000
2023-07-19,USDJPY,vente,139.75000,140.25000,137.25000,stop,-1.02000
2023-07-25,NZDUSD,vente,0.62250,0.62750,0.59750,objectif,4.97000
2023-07-25,EURUSD,achat,1.10250,1.09750,1.12750,stop,-1.01600
2023-07-26,USDJPY,achat,140.25000,139.75000,142.75000,stop,-1.02000
2023-07-26,AUDJPY,achat,95.25000,94.75000,97.75000,stop,-1.03600
2023-07-27,GBPUSD,vente,1.29750,1.30250,1.27250,objectif,4.97600
2023-07-31,USDJPY,vente,142.25000,142.75000,139.75000,stop,-1.02000
2023-07-31,AUDUSD,vente,0.67250,0.67750,0.64750,objectif,4.98000
2023-07-31,AUDJPY,vente,94.75000,95.25000,92.25000,stop,-1.03600
2023-07-31,NZDUSD,vente,0.62250,0.62750,0.59750,objectif,4.97000
2023-08-01,GBPUSD,achat,1.27750,1.27250,1.30250,stop,-1.02400
2023-08-03,USDJPY,achat,142.75000,142.25000,145.25000,stop,-1.02000
2023-08-08,AUDUSD,achat,0.65250,0.64750,0.67750,stop,-1.02000
2023-08-10,USDJPY,vente,144.75000,145.25000,142.25000,stop,-1.02000
2023-08-10,AUDJPY,vente,94.75000,95.25000,92.25000,stop,-1.03600
2023-08-10,NZDUSD,achat,0.60250,0.59750,0.62750,stop,-1.03000
2023-08-11,GBPUSD,vente,1.27250,1.27750,1.24750,stop,-1.02400
2023-08-15,AUDJPY,vente,94.75000,95.25000,92.25000,stop,-1.03600
2023-08-18,USDJPY,achat,145.25000,144.75000,147.75000,stop,-1.02000
2023-08-23,AUDUSD,vente,0.64750,0.65250,0.62250,sortie vendredi,2.91800
2023-08-23,USDJPY,achat,145.25000,144.75000,147.75000,stop,-1.02000
2023-08-23,NZDUSD,vente,0.59750,0.60250,0.57250,stop,-1.03000
2023-08-29,USDJPY,vente,147.25000,147.75000,144.75000,objectif,4.98000
2023-08-29,NZDUSD,vente,0.59750,0.60250,0.57250,stop,-1.03000
2023-08-29,AUDUSD,vente,0.64750,0.65250,0.62250,sortie vendredi,0.84800
2023-08-30,GBPUSD,vente,1.27250,1.27750,1.24750,objectif,4.97600
2023-09-01,EURUSD,achat,1.07750,1.07250,1.10250,stop,-1.01600
2023-09-04,AUDUSD,vente,0.64750,0.65250,0.62250,sortie vendredi,2.73800
2023-09-05,USDJPY,vente,147.25000,147.75000,144.75000,stop,-1.02000
2023-09-06,GBPUSD,achat,1.25250,1.24750,1.27750,stop,-1.02400
2023-09-08,EURUSD,vente,1.07250,1.07750,1.04750,objectif,4.98400
2023-09-20,NZDUSD,vente,0.59750,0.60250,0.57250,stop,-1.03000
2023-09-20,EURUSD,vente,1.07250,1.07750,1.04750,objectif,4.98400
2023-09-21,GBPUSD,achat,1.22750,1.22250,1.25250,stop,-1.02400
2023-09-21,USDJPY,achat,147.75000,147.25000,150.25000,objectif,4.98000
2023-09-25,AUDJPY,achat,95.25000,94.75000,97.75000,stop,-1.03600
2023-09-27,EURUSD,achat,1.05250,1.04750,1.07750,stop,-1.01600
2023-09-29,AUDUSD,vente,0.64750,0.65250,0.62250,sortie vendredi,2.32200
2023-10-02,EURUSD,achat,1.05250,1.04750,1.07750,stop,-1.01600
2023-10-02,USDJPY,vente,149.75000,150.25000,147.25000,stop,-1.02000
2023-10-06,GBPUSD,vente,1.22250,1.22750,1.19750,stop,-1.02400
2023-10-09,EURUSD,achat,1.05250,1.04750,1.07750,objectif,4.98400
2023-10-12,AUDJPY,achat,95.25000,94.75000,97.75000,stop,-1.03600
2023-10-12,USDJPY,vente,149.75000,150.25000,147.25000,stop,-1.02000
2023-10-12,GBPUSD,achat,1.22750,1.22250,1.25250,stop,-1.02400
2023-10-18,EURUSD,achat,1.05250,1.04750,1.07750,objectif,4.98400
2023-10-23,GBPUSD,vente,1.22250,1.22750,1.19750,stop,-1.02400
2023-10-26,AUDJPY,vente,94.75000,95.25000,92.25000,stop,-1.03600
2023-10-26,EURUSD,achat,1.05250,1.04750,1.07750,objectif,4.98400
2023-10-31,USDJPY,vente,149.75000,150.25000,147.25000,stop,-1.02000
2023-11-01,EURUSD,achat,1.05250,1.04750,1.07750,objectif,4.98400
2023-11-02,GBPUSD,vente,1.22250,1.22750,1.19750,stop,-1.02400
2023-11-03,AUDJPY,vente,97.25000,97.75000,94.75000,stop,-1.03600
2023-11-03,AUDUSD,vente,0.64750,0.65250,0.62250,stop,-1.02000
2023-11-03,NZDUSD,vente,0.59750,0.60250,0.57250,stop,-1.03000
2023-11-06,USDJPY,vente,149.75000,150.25000,147.25000,stop,-1.02000
2023-11-07,GBPUSD,achat,1.22750,1.22250,1.25250,stop,-1.02400
2023-11-14,AUDUSD,vente,0.64750,0.65250,0.62250,stop,-1.02000
2023-11-14,NZDUSD,vente,0.59750,0.60250,0.57250,stop,-1.03000
2023-11-14,AUDJPY,vente,97.25000,97.75000,94.75000,stop,-1.03600
2023-11-14,USDJPY,achat,150.25000,149.75000,152.75000,stop,-1.02000
2023-11-14,GBPUSD,vente,1.24750,1.25250,1.22250,stop,-1.02400
2023-11-17,USDJPY,achat,150.25000,149.75000,152.75000,stop,-1.02000
2023-11-22,AUDUSD,achat,0.65250,0.64750,0.67750,objectif,4.98000
2023-11-22,NZDUSD,achat,0.60250,0.59750,0.62750,objectif,4.97000
2023-11-28,USDJPY,achat,147.75000,147.25000,150.25000,stop,-1.02000
2023-12-04,USDJPY,vente,147.25000,147.75000,144.75000,objectif,4.98000
2023-12-07,AUDJPY,achat,95.25000,94.75000,97.75000,stop,-1.03600
2023-12-07,USDJPY,achat,145.25000,144.75000,147.75000,stop,-1.02000
2023-12-07,AUDUSD,achat,0.65250,0.64750,0.67750,objectif,4.98000
2023-12-08,GBPUSD,achat,1.25250,1.24750,1.27750,objectif,4.97600
2023-12-12,USDJPY,achat,145.25000,144.75000,147.75000,stop,-1.02000
2023-12-12,AUDJPY,achat,95.25000,94.75000,97.75000,stop,-1.03600
2023-12-13,GBPUSD,achat,1.25250,1.24750,1.27750,objectif,4.97600
2023-12-14,EURUSD,vente,1.09750,1.10250,1.07250,stop,-1.01600
2023-12-14,NZDUSD,vente,0.62250,0.62750,0.59750,stop,-1.03000
2023-12-14,AUDUSD,vente,0.67250,0.67750,0.64750,stop,-1.02000
2023-12-19,AUDJPY,vente,97.25000,97.75000,94.75000,stop,-1.03600
2023-12-19,EURUSD,vente,1.09750,1.10250,1.07250,stop,-1.01600
2023-12-19,GBPUSD,vente,1.27250,1.27750,1.24750,stop,-1.02400
2023-12-19,USDJPY,vente,144.75000,145.25000,142.25000,objectif,4.98000
2023-12-22,GBPUSD,vente,1.27250,1.27750,1.24750,stop,-1.02400
2023-12-28,USDJPY,achat,140.25000,139.75000,142.75000,objectif,4.98000
2024-01-02,AUDUSD,achat,0.67750,0.67250,0.70250,stop,-1.02000
2024-01-02,NZDUSD,achat,0.62750,0.62250,0.65250,stop,-1.03000
2024-01-04,USDJPY,vente,144.75000,145.25000,142.25000,stop,-1.02000
2024-01-04,GBPUSD,vente,1.27250,1.27750,1.24750,stop,-1.02400
2024-01-05,EURUSD,vente,1.09750,1.10250,1.07250,objectif,4.98400
2024-01-10,AUDJPY,vente,97.25000,97.75000,94.75000,stop,-1.03600
2024-01-10,USDJPY,vente,144.75000,145.25000,142.25000,stop,-1.02000
2024-01-12,AUDUSD,vente,0.67250,0.67750,0.64750,objectif,4.98000
2024-01-16,USDJPY,vente,147.25000,147.75000,144.75000,stop,-1.02000
2024-01-17,AUDUSD,achat,0.65250,0.64750,0.67750,stop,-1.02000
2024-01-22,USDJPY,achat,147.75000,147.25000,150.25000,stop,-1.02000
2024-01-24,GBPUSD,vente,1.27250,1.27750,1.24750,sortie vendredi,-0.23800
2024-01-29,USDJPY,achat,147.75000,147.25000,150.25000,stop,-1.02000
2024-01-31,GBPUSD,vente,1.27250,1.27750,1.24750,stop,-1.02400
2024-02-01,AUDUSD,achat,0.65250,0.64750,0.67750,stop,-1.02000
2024-02-02,USDJPY,vente,147.25000,147.75000,144.75000,stop,-1.02000
2024-02-05,GBPUSD,achat,1.25250,1.24750,1.27750,objectif,4.97600
2024-02-13,USDJPY,vente,149.75000,150.25000,147.25000,stop,-1.02000
2024-02-27,USDJPY,achat,150.25000,149.75000,152.75000,stop,-1.02000
2024-03-05,GBPUSD,vente,1.27250,1.27750,1.24750,stop,-1.02400
2024-03-07,USDJPY,achat,147.75000,147.25000,150.25000,stop,-1.02000
2024-03-07,AUDJPY,achat,97.75000,97.25000,100.25000,stop,-1.03600
2024-03-12,GBPUSD,achat,1.27750,1.27250,1.30250,stop,-1.02400
2024-03-12,USDJPY,vente,147.25000,147.75000,144.75000,stop,-1.02000
2024-03-19,USDJPY,vente,149.75000,150.25000,147.25000,stop,-1.02000
2024-03-19,AUDUSD,achat,0.65250,0.64750,0.67750,stop,-1.02000
2024-03-21,AUDJPY,vente,99.75000,100.25000,97.25000,stop,-1.03600
2024-03-22,AUDUSD,achat,0.65250,0.64750,0.67750,stop,-1.02000
2024-04-10,NZDUSD,achat,0.60250,0.59750,0.62750,stop,-1.03000
2024-04-10,GBPUSD,achat,1.25250,1.24750,1.27750,stop,-1.02400
2024-04-10,AUDJPY,achat,100.25000,99.75000,102.75000,stop,-1.03600
2024-04-10,USDJPY,vente,152.25000,152.75000,149.75000,stop,-1.02000
2024-04-10,EURUSD,achat,1.07750,1.07250,1.10250,stop,-1.01600
2024-04-10,AUDUSD,achat,0.65250,0.64750,0.67750,stop,-1.02000
2024-04-15,AUDJPY,vente,99.75000,100.25000,97.25000,stop,-1.03600
2024-04-15,GBPUSD,vente,1.24750,1.25250,1.22250,stop,-1.02400
2024-04-16,USDJPY,vente,154.75000,155.25000,152.25000,stop,-1.02000
2024-04-22,AUDJPY,vente,99.75000,100.25000,97.25000,stop,-1.03600
2024-04-25,EURUSD,vente,1.07250,1.07750,1.04750,stop,-1.01600
2024-04-26,USDJPY,vente,157.25000,157.75000,154.75000,stop,-1.02000
2024-04-26,AUDJPY,vente,102.25000,102.75000,99.75000,stop,-1.03600
2024-04-29,NZDUSD,vente,0.59750,0.60250,0.57250,stop,-1.03000
2024-04-30,AUDUSD,achat,0.65250,0.64750,0.67750,stop,-1.02000
2024-04-30,GBPUSD,achat,1.25250,1.24750,1.27750,stop,-1.02400
2024-05-01,AUDJPY,achat,100.25000,99.75000,102.75000,objectif,4.96400
2024-05-01,USDJPY,achat,155.25000,154.75000,157.75000,stop,-1.02000
2024-05-01,EURUSD,vente,1.07250,1.07750,1.04750,stop,-1.01600
2024-05-07,GBPUSD,achat,1.25250,1.24750,1.27750,stop,-1.02400
2024-05-07,USDJPY,vente,154.75000,155.25000,152.25000,stop,-1.02000
2024-05-08,AUDJPY,vente,102.25000,102.75000,99.75000,stop,-1.03600
2024-05-14,GBPUSD,achat,1.25250,1.24750,1.27750,objectif,4.97600
2024-05-15,USDJPY,achat,155.25000,154.75000,157.75000,stop,-1.02000
2024-05-20,GBPUSD,vente,1.27250,1.27750,1.24750,stop,-1.02400
2024-05-24,GBPUSD,vente,1.27250,1.27750,1.24750,stop,-1.02400
2024-05-28,USDJPY,vente,157.25000,157.75000,154.75000,objectif,4.98000
2024-05-30,GBPUSD,vente,1.27250,1.27750,1.24750,stop,-1.02400
2024-05-31,USDJPY,vente,157.25000,157.75000,154.75000,objectif,4.98000
2024-06-04,GBPUSD,achat,1.27750,1.27250,1.30250,stop,-1.02400
2024-06-04,AUDJPY,achat,102.75000,102.25000,105.25000,objectif,4.96400
2024-06-07,USDJPY,achat,155.25000,154.75000,157.75000,objectif,4.98000
2024-06-10,EURUSD,achat,1.07750,1.07250,1.10250,stop,-1.01600
2024-06-13,USDJPY,vente,157.25000,157.75000,154.75000,stop,-1.02000
2024-06-13,EURUSD,achat,1.07750,1.07250,1.10250,stop,-1.01600
2024-06-14,AUDJPY,vente,104.75000,105.25000,102.25000,stop,-1.03600
2024-06-21,USDJPY,vente,159.75000,160.25000,157.25000,stop,-1.02000
2024-06-24,EURUSD,vente,1.07250,1.07750,1.04750,stop,-1.01600
2024-06-27,EURUSD,vente,1.07250,1.07750,1.04750,stop,-1.01600
2024-06-28,AUDJPY,vente,107.25000,107.75000,104.75000,stop,-1.03600
2024-07-03,GBPUSD,vente,1.27250,1.27750,1.24750,stop,-1.02400
2024-07-03,AUDUSD,vente,0.67250,0.67750,0.64750,stop,-1.02000
2024-07-11,USDJPY,achat,160.25000,159.75000,162.75000,stop,-1.02000
2024-07-11,AUDJPY,achat,107.75000,107.25000,110.25000,stop,-1.03600
2024-07-12,GBPUSD,vente,1.29750,1.30250,1.27250,stop,-1.02400
2024-07-17,AUDJPY,achat,105.25000,104.75000,107.75000,stop,-1.03600
2024-07-17,USDJPY,achat,157.75000,157.25000,160.25000,stop,-1.02000
2024-07-24,USDJPY,achat,155.25000,154.75000,157.75000,stop,-1.02000
2024-07-25,AUDJPY,achat,100.25000,99.75000,102.75000,stop,-1.03600
2024-07-25,AUDUSD,achat,0.65250,0.64750,0.67750,stop,-1.02000
2024-07-30,USDJPY,vente,154.75000,155.25000,152.25000,objectif,4.98000
2024-07-30,AUDJPY,achat,100.25000,99.75000,102.75000,stop,-1.03600
2024-08-01,GBPUSD,achat,1.27750,1.27250,1.30250,stop,-1.02400
2024-08-02,USDJPY,vente,149.75000,150.25000,147.25000,objectif,4.98000
2024-08-02,AUDJPY,vente,97.25000,97.75000,94.75000,objectif,4.96400
2024-08-02,NZDUSD,vente,0.59750,0.60250,0.57250,stop,-1.03000
2024-08-05,EURUSD,vente,1.09750,1.10250,1.07250,stop,-1.01600
2024-08-07,USDJPY,vente,147.25000,147.75000,144.75000,stop,-1.02000
2024-08-07,AUDJPY,vente,94.75000,95.25000,92.25000,stop,-1.03600
2024-08-07,GBPUSD,vente,1.27250,1.27750,1.24750,stop,-1.02400
2024-08-12,AUDJPY,vente,97.25000,97.75000,94.75000,stop,-1.03600
2024-08-12,USDJPY,vente,147.25000,147.75000,144.75000,stop,-1.02000
2024-08-13,EURUSD,vente,1.09750,1.10250,1.07250,stop,-1.01600
2024-08-14,NZDUSD,achat,0.60250,0.59750,0.62750,stop,-1.03000
2024-08-16,USDJPY,achat,147.75000,147.25000,150.25000,stop,-1.02000
2024-08-19,AUDUSD,vente,0.67250,0.67750,0.64750,stop,-1.02000
2024-08-19,GBPUSD,vente,1.29750,1.30250,1.27250,stop,-1.02400
2024-08-19,AUDJPY,achat,97.75000,97.25000,100.25000,stop,-1.03600
2024-08-23,GBPUSD,vente,1.32250,1.32750,1.29750,stop,-1.02400
2024-08-23,AUDJPY,achat,97.75000,97.25000,100.25000,stop,-1.03600
2024-08-23,NZDUSD,vente,0.62250,0.62750,0.59750,stop,-1.03000
2024-08-23,USDJPY,achat,145.25000,144.75000,147.75000,stop,-1.02000
2024-08-28,USDJPY,vente,144.75000,145.25000,142.25000,stop,-1.02000
2024-08-29,GBPUSD,vente,1.32250,1.32750,1.29750,stop,-1.02400
2024-09-02,AUDJPY,vente,99.75000,100.25000,97.25000,objectif,4.96400
2024-09-03,USDJPY,achat,145.25000,144.75000,147.75000,stop,-1.02000
2024-09-05,NZDUSD,vente,0.62250,0.62750,0.59750,stop,-1.03000
2024-09-06,AUDJPY,achat,95.25000,94.75000,97.75000,stop,-1.03600
2024-09-06,USDJPY,achat,142.75000,142.25000,145.25000,stop,-1.02000
2024-09-06,GBPUSD,vente,1.32250,1.32750,1.29750,stop,-1.02400
2024-09-11,GBPUSD,achat,1.30250,1.29750,1.32750,objectif,4.97600
2024-09-12,AUDUSD,vente,0.67250,0.67750,0.64750,stop,-1.02000
2024-09-16,AUDJPY,vente,94.75000,95.25000,92.25000,stop,-1.03600
2024-09-16,USDJPY,achat,140.25000,139.75000,142.75000,stop,-1.02000
2024-09-18,NZDUSD,vente,0.62250,0.62750,0.59750,stop,-1.03000
2024-09-18,GBPUSD,vente,1.32250,1.32750,1.29750,stop,-1.02400
2024-09-19,AUDJPY,vente,97.25000,97.75000,94.75000,stop,-1.03600
2024-09-23,GBPUSD,achat,1.32750,1.32250,1.35250,stop,-1.02400
2024-09-25,USDJPY,vente,144.75000,145.25000,142.25000,stop (même jour que l'objectif),-1.02000
2024-09-25,NZDUSD,achat,0.62750,0.62250,0.65250,stop,-1.03000
2024-09-26,AUDJPY,vente,99.75000,100.25000,97.25000,stop,-1.03600
2024-10-01,AUDJPY,vente,99.75000,100.25000,97.25000,stop,-1.03600
2024-10-01,GBPUSD,achat,1.32750,1.32250,1.35250,stop,-1.02400
2024-10-01,NZDUSD,achat,0.62750,0.62250,0.65250,stop,-1.03000
2024-10-02,USDJPY,vente,144.75000,145.25000,142.25000,stop,-1.02000
2024-10-04,AUDJPY,achat,100.25000,99.75000,102.75000,stop,-1.03600
2024-10-07,USDJPY,achat,147.75000,147.25000,150.25000,objectif,4.98000
2024-10-10,GBPUSD,achat,1.30250,1.29750,1.32750,stop,-1.02400
2024-10-14,AUDJPY,achat,100.25000,99.75000,102.75000,stop,-1.03600
2024-10-14,USDJPY,vente,149.75000,150.25000,147.25000,stop,-1.02000
2024-10-16,GBPUSD,achat,1.30250,1.29750,1.32750,stop,-1.02400
2024-10-18,AUDJPY,achat,100.25000,99.75000,102.75000,stop,-1.03600
2024-10-21,NZDUSD,achat,0.60250,0.59750,0.62750,stop,-1.03000
2024-10-23,USDJPY,vente,152.25000,152.75000,149.75000,stop,-1.02000
2024-10-24,GBPUSD,vente,1.29750,1.30250,1.27250,stop,-1.02400
2024-10-29,EURUSD,achat,1.07750,1.07250,1.10250,stop,-1.01600
2024-10-30,AUDJPY,achat,100.25000,99.75000,102.75000,stop,-1.03600
2024-10-31,USDJPY,achat,152.75000,152.25000,155.25000,stop,-1.02000
2024-11-01,GBPUSD,vente,1.29750,1.30250,1.27250,stop,-1.02400
2024-11-06,USDJPY,vente,152.25000,152.75000,149.75000,stop,-1.02000
2024-11-06,EURUSD,achat,1.07750,1.07250,1.10250,stop,-1.01600
2024-11-06,AUDUSD,achat,0.65250,0.64750,0.67750,stop,-1.02000
2024-11-07,NZDUSD,vente,0.59750,0.60250,0.57250,stop,-1.03000
2024-11-07,GBPUSD,vente,1.29750,1.30250,1.27250,objectif,4.97600
2024-11-07,AUDJPY,vente,102.25000,102.75000,99.75000,objectif,4.96400
2024-11-12,AUDUSD,achat,0.65250,0.64750,0.67750,stop,-1.02000
2024-11-12,GBPUSD,achat,1.27750,1.27250,1.30250,stop,-1.02400
2024-11-12,USDJPY,vente,154.75000,155.25000,152.25000,stop,-1.02000
2024-11-14,EURUSD,achat,1.05250,1.04750,1.07750,stop,-1.01600
2024-11-15,USDJPY,achat,155.25000,154.75000,157.75000,stop,-1.02000
2024-11-15,AUDJPY,achat,100.25000,99.75000,102.75000,stop,-1.03600
2024-11-19,EURUSD,achat,1.05250,1.04750,1.07750,stop,-1.01600
2024-11-22,USDJPY,vente,154.75000,155.25000,152.25000,objectif,4.98000
2024-11-22,GBPUSD,achat,1.25250,1.24750,1.27750,objectif,4.97600
2024-11-25,AUDJPY,achat,100.25000,99.75000,102.75000,stop,-1.03600
2024-11-25,EURUSD,vente,1.04750,1.05250,1.02250,stop,-1.01600
2024-11-29,GBPUSD,vente,1.27250,1.27750,1.24750,stop,-1.02400
2024-11-29,AUDJPY,achat,97.75000,97.25000,100.25000,stop,-1.03600
2024-11-29,USDJPY,achat,150.25000,149.75000,152.75000,stop,-1.02000
2024-12-02,EURUSD,achat,1.05250,1.04750,1.07750,stop,-1.01600
2024-12-05,USDJPY,achat,150.25000,149.75000,152.75000,stop,-1.02000
2024-12-09,AUDJPY,vente,97.25000,97.75000,94.75000,stop,-1.03600
2024-12-10,EURUSD,achat,1.05250,1.04750,1.07750,stop,-1.01600
2024-12-11,NZDUSD,achat,0.57750,0.57250,0.60250,stop,-1.03000
2024-12-11,USDJPY,vente,152.25000,152.75000,149.75000,stop,-1.02000
2024-12-17,AUDJPY,achat,97.75000,97.25000,100.25000,stop,-1.03600
2024-12-17,GBPUSD,vente,1.27250,1.27750,1.24750,objectif,4.97600
2024-12-18,USDJPY,vente,154.75000,155.25000,152.25000,stop,-1.02000
2024-12-18,AUDUSD,achat,0.62750,0.62250,0.65250,stop,-1.02000
2024-12-20,AUDJPY,achat,97.75000,97.25000,100.25000,stop,-1.03600
2024-12-23,GBPUSD,achat,1.25250,1.24750,1.27750,stop,-1.02400
2024-12-23,USDJPY,vente,157.25000,157.75000,154.75000,stop,-1.02000
2024-12-30,AUDJPY,achat,97.75000,97.25000,100.25000,stop,-1.03600
2024-12-30,GBPUSD,achat,1.25250,1.24750,1.27750,stop,-1.02400
2025-01-02,EURUSD,achat,1.02750,1.02250,1.05250,stop,-1.01600
2025-01-06,GBPUSD,vente,1.24750,1.25250,1.22250,stop,-1.02400
2025-01-08,EURUSD,achat,1.02750,1.02250,1.05250,stop,-1.01600
2025-01-09,GBPUSD,achat,1.22750,1.22250,1.25250,stop,-1.02400
2025-01-09,AUDJPY,achat,97.75000,97.25000,100.25000,stop,-1.03600
2025-01-09,USDJPY,achat,157.75000,157.25000,160.25000,stop,-1.02000
2025-01-15,AUDUSD,vente,0.62250,0.62750,0.59750,stop,-1.02000
2025-01-15,USDJPY,achat,157.75000,157.25000,160.25000,stop,-1.02000
2025-01-15,EURUSD,achat,1.02750,1.02250,1.05250,objectif,4.98400
2025-01-20,GBPUSD,vente,1.22250,1.22750,1.19750,stop,-1.02400
2025-01-20,AUDJPY,vente,97.25000,97.75000,94.75000,stop,-1.03600
2025-01-20,AUDUSD,vente,0.62250,0.62750,0.59750,stop,-1.02000
2025-01-20,USDJPY,achat,155.25000,154.75000,157.75000,stop,-1.02000
2025-01-24,USDJPY,achat,155.25000,154.75000,157.75000,stop,-1.02000
2025-01-24,GBPUSD,vente,1.24750,1.25250,1.22250,stop,-1.02400
2025-01-24,EURUSD,vente,1.04750,1.05250,1.02250,stop,-1.01600
2025-01-27,AUDJPY,achat,97.75000,97.25000,100.25000,stop,-1.03600
2025-01-27,AUDUSD,achat,0.62750,0.62250,0.65250,stop,-1.02000
2025-01-29,USDJPY,achat,155.25000,154.75000,157.75000,stop,-1.02000
2025-02-03,NZDUSD,achat,0.55250,0.54750,0.57750,objectif,4.97000
2025-02-03,EURUSD,achat,1.02750,1.02250,1.05250,stop,-1.01600
2025-02-03,AUDJPY,achat,95.25000,94.75000,97.75000,stop,-1.03600
2025-02-03,GBPUSD,achat,1.22750,1.22250,1.25250,objectif,4.97600
2025-02-05,USDJPY,achat,152.75000,152.25000,155.25000,stop,-1.02000
2025-02-06,AUDJPY,achat,95.25000,94.75000,97.75000,stop,-1.03600
2025-02-07,GBPUSD,vente,1.24750,1.25250,1.22250,stop,-1.02400
2025-02-10,USDJPY,vente,152.25000,152.75000,149.75000,stop,-1.02000
2025-02-12,AUDJPY,vente,97.25000,97.75000,94.75000,objectif,4.96400
2025-02-13,USDJPY,achat,152.75000,152.25000,155.25000,stop,-1.02000
2025-02-14,NZDUSD,vente,0.57250,0.57750,0.54750,stop,-1.03000
2025-02-19,USDJPY,vente,152.25000,152.75000,149.75000,objectif,4.98000
2025-02-20,EURUSD,vente,1.04750,1.05250,1.02250,stop,-1.01600
2025-02-21,AUDJPY,achat,95.25000,94.75000,97.75000,stop,-1.03600
2025-02-24,USDJPY,vente,149.75000,150.25000,147.25000,stop,-1.02000
2025-02-27,USDJPY,vente,149.75000,150.25000,147.25000,stop,-1.02000
2025-02-27,AUDUSD,achat,0.62750,0.62250,0.65250,stop,-1.02000
2025-02-28,AUDJPY,achat,92.75000,92.25000,95.25000,stop,-1.03600
2025-03-03,EURUSD,vente,1.04750,1.05250,1.02250,stop,-1.01600
2025-03-04,USDJPY,vente,149.75000,150.25000,147.25000,objectif,4.98000
2025-03-05,NZDUSD,vente,0.57250,0.57750,0.54750,stop,-1.03000
2025-03-07,USDJPY,achat,147.75000,147.25000,150.25000,stop,-1.02000
2025-03-07,AUDJPY,achat,92.75000,92.25000,95.25000,stop,-1.03600
2025-03-10,AUDUSD,achat,0.62750,0.62250,0.65250,stop,-1.02000
2025-03-11,NZDUSD,vente,0.57250,0.57750,0.54750,stop,-1.03000
2025-03-12,GBPUSD,vente,1.29750,1.30250,1.27250,stop,-1.02400
2025-03-13,AUDJPY,achat,92.75000,92.25000,95.25000,objectif,4.96400
2025-03-13,AUDUSD,achat,0.62750,0.62250,0.65250,stop,-1.02000
2025-03-13,USDJPY,achat,147.75000,147.25000,150.25000,objectif,4.98000
2025-03-17,GBPUSD,vente,1.29750,1.30250,1.27250,stop,-1.02400
2025-03-18,USDJPY,vente,149.75000,150.25000,147.25000,stop,-1.02000
2025-03-20,AUDUSD,achat,0.62750,0.62250,0.65250,stop,-1.02000
2025-03-20,NZDUSD,achat,0.57750,0.57250,0.60250,stop,-1.03000
2025-03-24,USDJPY,vente,149.75000,150.25000,147.25000,stop,-1.02000
2025-03-24,AUDJPY,vente,94.75000,95.25000,92.25000,stop,-1.03600
2025-03-27,GBPUSD,vente,1.29750,1.30250,1.27250,stop,-1.02400
2025-03-28,USDJPY,achat,150.25000,149.75000,152.75000,stop,-1.02000
2025-03-28,EURUSD,achat,1.07750,1.07250,1.10250,objectif,4.98400
2025-04-02,USDJPY,achat,147.75000,147.25000,150.25000,stop,-1.02000
2025-04-02,GBPUSD,vente,1.29750,1.30250,1.27250,stop,-1.02400
2025-04-02,AUDJPY,vente,94.75000,95.25000,92.25000,stop,-1.03600
2025-04-03,EURUSD,vente,1.09750,1.10250,1.07250,stop,-1.01600
2025-04-04,AUDUSD,achat,0.62750,0.62250,0.65250,stop,-1.02000
2025-04-07,NZDUSD,achat,0.55250,0.54750,0.57750,objectif,4.97000
2025-04-07,GBPUSD,achat,1.27750,1.27250,1.30250,stop,-1.02400
2025-04-07,AUDJPY,vente,89.75000,90.25000,87.25000,stop,-1.03600
2025-04-07,USDJPY,vente,147.25000,147.75000,144.75000,stop,-1.02000
2025-04-08,EURUSD,vente,1.09750,1.10250,1.07250,stop,-1.01600
2025-04-10,NZDUSD,vente,0.57250,0.57750,0.54750,stop,-1.03000
2025-04-10,USDJPY,achat,145.25000,144.75000,147.75000,stop,-1.02000
2025-04-10,GBPUSD,vente,1.29750,1.30250,1.27250,stop,-1.02400
2025-04-10,AUDUSD,vente,0.62250,0.62750,0.59750,stop,-1.02000
2025-04-11,AUDJPY,vente,89.75000,90.25000,87.25000,stop,-1.03600
2025-04-15,USDJPY,achat,142.75000,142.25000,145.25000,stop,-1.02000
2025-04-15,EURUSD,achat,1.12750,1.12250,1.15250,objectif,4.98400
2025-04-15,GBPUSD,vente,1.32250,1.32750,1.29750,stop,-1.02400
2025-04-16,AUDJPY,achat,90.25000,89.75000,92.75000,stop,-1.03600
2025-04-17,NZDUSD,vente,0.59750,0.60250,0.57250,stop,-1.03000
2025-04-21,AUDJPY,achat,90.25000,89.75000,92.75000,stop,-1.03600
2025-04-21,EURUSD,vente,1.14750,1.15250,1.12250,stop,-1.01600
2025-04-22,USDJPY,vente,142.25000,142.75000,139.75000,stop,-1.02000
2025-04-22,GBPUSD,achat,1.32750,1.32250,1.35250,stop,-1.02400
2025-04-24,NZDUSD,vente,0.59750,0.60250,0.57250,stop,-1.03000
2025-04-25,GBPUSD,achat,1.32750,1.32250,1.35250,stop,-1.02400
2025-04-28,USDJPY,achat,142.75000,142.25000,145.25000,stop,-1.02000
2025-05-01,EURUSD,achat,1.12750,1.12250,1.15250,stop,-1.01600
2025-05-01,USDJPY,vente,144.75000,145.25000,142.25000,stop,-1.02000
2025-05-01,GBPUSD,achat,1.32750,1.32250,1.35250,stop,-1.02400
2025-05-01,AUDJPY,vente,92.25000,92.75000,89.75000,stop,-1.03600
2025-05-02,NZDUSD,vente,0.59750,0.60250,0.57250,stop,-1.03000
2025-05-05,AUDUSD,vente,0.64750,0.65250,0.62250,stop,-1.02000
2025-05-06,USDJPY,achat,142.75000,142.25000,145.25000,objectif,4.98000
2025-05-07,AUDJPY,achat,92.75000,92.25000,95.25000,stop,-1.03600
2025-05-08,EURUSD,achat,1.12750,1.12250,1.15250,stop,-1.01600
2025-05-09,USDJPY,achat,145.25000,144.75000,147.75000,objectif,4.98000
2025-05-12,AUDJPY,vente,94.75000,95.25000,92.25000,stop,-1.03600
2025-05-13,AUDUSD,vente,0.64750,0.65250,0.62250,stop,-1.02000
2025-05-13,GBPUSD,vente,1.32250,1.32750,1.29750,stop,-1.02400
2025-05-14,EURUSD,vente,1.12250,1.12750,1.09750,stop,-1.01600
2025-05-16,GBPUSD,achat,1.32750,1.32250,1.35250,objectif,4.97600
2025-05-16,USDJPY,achat,145.25000,144.75000,147.75000,stop,-1.02000
2025-05-16,AUDJPY,achat,92.75000,92.25000,95.25000,stop,-1.03600
2025-05-19,EURUSD,vente,1.12250,1.12750,1.09750,stop,-1.01600
2025-05-22,EURUSD,achat,1.12750,1.12250,1.15250,stop,-1.01600
2025-05-23,AUDUSD,vente,0.64750,0.65250,0.62250,stop,-1.02000
2025-05-23,NZDUSD,vente,0.59750,0.60250,0.57250,stop,-1.03000
2025-05-23,USDJPY,achat,142.75000,142.25000,145.25000,stop,-1.02000
2025-05-23,GBPUSD,vente,1.34750,1.35250,1.32250,stop,-1.02400
2025-05-28,NZDUSD,vente,0.59750,0.60250,0.57250,stop,-1.03000
2025-05-28,USDJPY,vente,144.75000,145.25000,142.25000,stop,-1.02000
2025-05-28,EURUSD,achat,1.12750,1.12250,1.15250,stop,-1.01600
2025-05-29,AUDJPY,achat,92.75000,92.25000,95.25000,stop,-1.03600
2025-05-29,GBPUSD,vente,1.34750,1.35250,1.32250,stop,-1.02400
2025-06-02,AUDUSD,vente,0.64750,0.65250,0.62250,stop,-1.02000
2025-06-02,USDJPY,achat,142.75000,142.25000,145.25000,objectif,4.98000
2025-06-03,GBPUSD,achat,1.35250,1.34750,1.37750,stop,-1.02400
2025-06-05,EURUSD,vente,1.14750,1.15250,1.12250,stop,-1.01600
2025-06-06,USDJPY,vente,144.75000,145.25000,142.25000,stop,-1.02000
2025-06-06,GBPUSD,achat,1.35250,1.34750,1.37750,stop,-1.02400
2025-06-10,AUDJPY,vente,94.75000,95.25000,92.25000,stop,-1.03600
2025-06-11,NZDUSD,achat,0.60250,0.59750,0.62750,stop,-1.03000
2025-06-11,EURUSD,vente,1.14750,1.15250,1.12250,stop,-1.01600
2025-06-12,GBPUSD,achat,1.35250,1.34750,1.37750,stop,-1.02400
2025-06-13,AUDJPY,achat,92.75000,92.25000,95.25000,objectif,4.96400
2025-06-16,USDJPY,vente,144.75000,145.25000,142.25000,stop,-1.02000
2025-06-17,EURUSD,achat,1.15250,1.14750,1.17750,stop,-1.01600
2025-06-17,GBPUSD,achat,1.35250,1.34750,1.37750,stop,-1.02400
2025-06-17,NZDUSD,achat,0.60250,0.59750,0.62750,stop,-1.03000
2025-06-23,GBPUSD,vente,1.34750,1.35250,1.32250,stop,-1.02400
2025-06-23,USDJPY,vente,147.25000,147.75000,144.75000,stop,-1.02000
2025-06-23,AUDUSD,vente,0.64750,0.65250,0.62250,stop,-1.02000
2025-06-25,AUDJPY,vente,94.75000,95.25000,92.25000,stop,-1.03600
2025-06-26,GBPUSD,vente,1.37250,1.37750,1.34750,stop,-1.02400
2025-06-26,EURUSD,vente,1.17250,1.17750,1.14750,stop,-1.01600
2025-06-30,AUDJPY,vente,94.75000,95.25000,92.25000,stop,-1.03600
2025-07-01,USDJPY,achat,142.75000,142.25000,145.25000,objectif,4.98000
2025-07-02,EURUSD,achat,1.17750,1.17250,1.20250,stop,-1.01600
2025-07-03,AUDJPY,vente,94.75000,95.25000,92.25000,stop,-1.03600
2025-07-07,USDJPY,vente,144.75000,145.25000,142.25000,stop,-1.02000
2025-07-07,NZDUSD,achat,0.60250,0.59750,0.62750,stop,-1.03000
2025-07-11,GBPUSD,achat,1.35250,1.34750,1.37750,stop,-1.02400
2025-07-11,USDJPY,vente,147.25000,147.75000,144.75000,stop,-1.02000
2025-07-15,AUDJPY,vente,97.25000,97.75000,94.75000,objectif,4.96400
2025-07-16,GBPUSD,vente,1.34750,1.35250,1.32250,stop,-1.02400
2025-07-16,USDJPY,achat,147.75000,147.25000,150.25000,stop,-1.02000
2025-07-18,NZDUSD,vente,0.59750,0.60250,0.57250,stop,-1.03000
2025-07-21,GBPUSD,vente,1.34750,1.35250,1.32250,stop,-1.02400
2025-07-21,USDJPY,achat,147.75000,147.25000,150.25000,stop,-1.02000
2025-07-22,EURUSD,vente,1.17250,1.17750,1.14750,stop,-1.01600
2025-07-24,GBPUSD,achat,1.35250,1.34750,1.37750,stop,-1.02400
2025-07-28,AUDUSD,achat,0.65250,0.64750,0.67750,stop,-1.02000
2025-07-28,AUDJPY,vente,97.25000,97.75000,94.75000,objectif,4.96400
2025-07-29,EURUSD,achat,1.15250,1.14750,1.17750,stop,-1.01600
2025-07-30,GBPUSD,achat,1.32750,1.32250,1.35250,stop,-1.02400
2025-07-31,USDJPY,vente,149.75000,150.25000,147.25000,stop,-1.02000
2025-07-31,AUDUSD,vente,0.64750,0.65250,0.62250,stop,-1.02000
2025-08-01,AUDJPY,achat,95.25000,94.75000,97.75000,stop,-1.03600
2025-08-01,EURUSD,vente,1.14750,1.15250,1.12250,stop,-1.01600
2025-08-05,USDJPY,vente,147.25000,147.75000,144.75000,stop,-1.02000
2025-08-08,USDJPY,vente,147.25000,147.75000,144.75000,stop,-1.02000
2025-08-11,GBPUSD,vente,1.34750,1.35250,1.32250,stop,-1.02400
2025-08-13,EURUSD,vente,1.17250,1.17750,1.14750,stop,-1.01600
2025-08-14,GBPUSD,achat,1.35250,1.34750,1.37750,stop,-1.02400
2025-08-14,AUDUSD,achat,0.65250,0.64750,0.67750,stop,-1.02000
2025-08-19,AUDJPY,achat,95.25000,94.75000,97.75000,stop,-1.03600
2025-08-22,EURUSD,vente,1.17250,1.17750,1.14750,stop,-1.01600
2025-08-22,AUDUSD,vente,0.64750,0.65250,0.62250,stop,-1.02000
2025-08-22,USDJPY,achat,147.75000,147.25000,150.25000,stop,-1.02000
2025-08-22,GBPUSD,vente,1.34750,1.35250,1.32250,stop,-1.02400
2025-08-29,USDJPY,vente,147.25000,147.75000,144.75000,stop,-1.02000
2025-09-01,EURUSD,vente,1.17250,1.17750,1.14750,stop,-1.01600
2025-09-02,AUDUSD,achat,0.65250,0.64750,0.67750,stop,-1.02000
2025-09-03,AUDJPY,vente,97.25000,97.75000,94.75000,stop,-1.03600
2025-09-05,USDJPY,achat,147.75000,147.25000,150.25000,stop,-1.02000
2025-09-05,EURUSD,vente,1.17250,1.17750,1.14750,stop,-1.01600
2025-09-05,GBPUSD,vente,1.34750,1.35250,1.32250,stop,-1.02400
2025-09-08,AUDJPY,vente,97.25000,97.75000,94.75000,stop,-1.03600
2025-09-11,NZDUSD,vente,0.59750,0.60250,0.57250,objectif,4.97000
2025-09-12,GBPUSD,achat,1.35250,1.34750,1.37750,stop,-1.02400
2025-09-16,AUDJPY,achat,97.75000,97.25000,100.25000,stop,-1.03600
2025-09-17,GBPUSD,vente,1.37250,1.37750,1.34750,objectif,4.97600
2025-09-18,USDJPY,vente,147.25000,147.75000,144.75000,stop,-1.02000
2025-09-18,EURUSD,achat,1.17750,1.17250,1.20250,stop,-1.01600
2025-09-24,EURUSD,achat,1.17750,1.17250,1.20250,stop,-1.01600
2025-09-25,USDJPY,vente,149.75000,150.25000,147.25000,objectif,4.98000
2025-09-25,NZDUSD,achat,0.57750,0.57250,0.60250,stop,-1.03000
2025-09-30,USDJPY,achat,147.75000,147.25000,150.25000,stop,-1.02000
2025-10-01,GBPUSD,vente,1.34750,1.35250,1.32250,stop,-1.02400
2025-10-06,USDJPY,vente,149.75000,150.25000,147.25000,stop,-1.02000
2025-10-07,AUDJPY,vente,99.75000,100.25000,97.25000,stop,-1.03600
2025-10-10,AUDUSD,achat,0.65250,0.64750,0.67750,stop,-1.02000
2025-10-10,GBPUSD,achat,1.32750,1.32250,1.35250,stop,-1.02400
2025-10-10,USDJPY,achat,152.75000,152.25000,155.25000,stop,-1.02000
2025-10-16,AUDJPY,achat,97.75000,97.25000,100.25000,stop,-1.03600
2025-10-16,USDJPY,achat,150.25000,149.75000,152.75000,stop,-1.02000
2025-10-17,EURUSD,vente,1.17250,1.17750,1.14750,objectif,4.98400
2025-10-23,USDJPY,vente,152.25000,152.75000,149.75000,stop,-1.02000
2025-10-28,GBPUSD,achat,1.32750,1.32250,1.35250,stop,-1.02400
2025-10-29,USDJPY,vente,152.25000,152.75000,149.75000,stop,-1.02000
2025-10-31,EURUSD,achat,1.15250,1.14750,1.17750,stop,-1.01600
2025-11-04,GBPUSD,achat,1.30250,1.29750,1.32750,objectif,4.97600
2025-11-04,AUDJPY,achat,100.25000,99.75000,102.75000,stop,-1.03600
2025-11-07,AUDJPY,vente,99.75000,100.25000,97.25000,stop,-1.03600
2025-11-12,USDJPY,vente,154.75000,155.25000,152.25000,stop,-1.02000
2025-11-14,AUDJPY,achat,100.25000,99.75000,102.75000,objectif,4.96400
2025-11-19,USDJPY,achat,155.25000,154.75000,157.75000,objectif,4.98000
2025-11-19,EURUSD,achat,1.15250,1.14750,1.17750,objectif,4.98400
2025-11-20,AUDJPY,vente,102.25000,102.75000,99.75000,stop,-1.03600
2025-11-26,GBPUSD,vente,1.32250,1.32750,1.29750,stop,-1.02400
2025-12-01,USDJPY,achat,155.25000,154.75000,157.75000,stop,-1.02000
2025-12-02,AUDJPY,vente,102.25000,102.75000,99.75000,stop,-1.03600
2025-12-11,USDJPY,achat,155.25000,154.75000,157.75000,stop,-1.02000
2025-12-15,NZDUSD,achat,0.57750,0.57250,0.60250,stop,-1.03000
2025-12-19,USDJPY,vente,157.25000,157.75000,154.75000,stop,-1.02000
2025-12-22,GBPUSD,vente,1.34750,1.35250,1.32250,stop,-1.02400
2025-12-30,AUDJPY,vente,104.75000,105.25000,102.25000,stop,-1.03600
2026-01-05,USDJPY,vente,157.25000,157.75000,154.75000,stop,-1.02000
2026-01-07,AUDJPY,achat,105.25000,104.75000,107.75000,stop,-1.03600
2026-01-09,USDJPY,vente,157.25000,157.75000,154.75000,stop,-1.02000
2026-01-12,GBPUSD,vente,1.34750,1.35250,1.32250,stop,-1.02400
2026-01-19,USDJPY,achat,157.75000,157.25000,160.25000,stop,-1.02000
2026-01-19,AUDJPY,achat,105.25000,104.75000,107.75000,objectif,4.96400
2026-01-20,EURUSD,vente,1.17250,1.17750,1.14750,stop,-1.01600
2026-01-20,GBPUSD,vente,1.34750,1.35250,1.32250,stop,-1.02400
2026-01-23,AUDJPY,achat,107.75000,107.25000,110.25000,stop,-1.03600
2026-01-23,USDJPY,achat,157.75000,157.25000,160.25000,stop,-1.02000
2026-01-27,GBPUSD,vente,1.37250,1.37750,1.34750,stop,-1.02400
2026-01-27,AUDUSD,vente,0.69750,0.70250,0.67250,stop,-1.02000
2026-01-27,EURUSD,vente,1.19750,1.20250,1.17250,stop,-1.01600
2026-01-28,AUDJPY,vente,107.25000,107.75000,104.75000,stop,-1.03600
2026-01-29,USDJPY,achat,152.75000,152.25000,155.25000,objectif,4.98000
2026-01-30,GBPUSD,achat,1.37750,1.37250,1.40250,stop,-1.02400
2026-02-02,NZDUSD,achat,0.60250,0.59750,0.62750,stop,-1.03000
2026-02-04,GBPUSD,vente,1.37250,1.37750,1.34750,objectif,4.97600
2026-02-04,AUDJPY,vente,109.75000,110.25000,107.25000,stop,-1.03600
2026-02-05,USDJPY,vente,157.25000,157.75000,154.75000,objectif,4.98000
2026-02-06,NZDUSD,vente,0.59750,0.60250,0.57250,stop,-1.03000
2026-02-06,AUDUSD,vente,0.69750,0.70250,0.67250,stop,-1.02000
2026-02-10,AUDJPY,achat,110.25000,109.75000,112.75000,stop,-1.03600
2026-02-10,USDJPY,achat,155.25000,154.75000,157.75000,stop,-1.02000
2026-02-13,AUDJPY,achat,107.75000,107.25000,110.25000,objectif,4.96400
2026-02-17,USDJPY,achat,152.75000,152.25000,155.25000,objectif,4.98000
2026-02-17,GBPUSD,achat,1.35250,1.34750,1.37750,stop,-1.02400
2026-02-19,AUDJPY,vente,109.75000,110.25000,107.25000,stop,-1.03600
2026-02-20,AUDUSD,achat,0.70250,0.69750,0.72750,stop,-1.02000
2026-02-24,AUDJPY,vente,109.75000,110.25000,107.25000,stop,-1.03600
2026-02-26,GBPUSD,achat,1.35250,1.34750,1.37750,stop,-1.02400
2026-03-02,EURUSD,achat,1.17750,1.17250,1.20250,stop,-1.01600
2026-03-02,USDJPY,vente,157.25000,157.75000,154.75000,stop,-1.02000
2026-03-03,AUDJPY,achat,110.25000,109.75000,112.75000,stop,-1.03600
2026-03-03,GBPUSD,achat,1.32750,1.32250,1.35250,stop,-1.02400
2026-03-03,AUDUSD,achat,0.70250,0.69750,0.72750,stop,-1.02000
2026-03-05,USDJPY,vente,157.25000,157.75000,154.75000,stop,-1.02000
2026-03-09,EURUSD,achat,1.15250,1.14750,1.17750,stop,-1.01600
2026-03-10,AUDJPY,vente,112.25000,112.75000,109.75000,stop,-1.03600
2026-03-10,GBPUSD,vente,1.34750,1.35250,1.32250,objectif,4.97600
2026-03-13,NZDUSD,achat,0.57750,0.57250,0.60250,stop,-1.03000
2026-03-13,AUDUSD,achat,0.70250,0.69750,0.72750,stop,-1.02000
2026-03-13,GBPUSD,achat,1.32750,1.32250,1.35250,stop,-1.02400
2026-03-16,AUDJPY,vente,112.25000,112.75000,109.75000,stop,-1.03600
2026-03-16,EURUSD,vente,1.14750,1.15250,1.12250,stop,-1.01600
2026-03-18,AUDUSD,achat,0.70250,0.69750,0.72750,stop,-1.02000
2026-03-18,USDJPY,vente,159.75000,160.25000,157.25000,stop,-1.02000
2026-03-18,GBPUSD,achat,1.32750,1.32250,1.35250,stop,-1.02400
2026-03-20,AUDJPY,vente,112.25000,112.75000,109.75000,objectif,4.96400
2026-03-23,GBPUSD,vente,1.34750,1.35250,1.32250,objectif,4.97600
2026-03-23,NZDUSD,achat,0.57750,0.57250,0.60250,stop,-1.03000
2026-03-23,EURUSD,achat,1.15250,1.14750,1.17750,stop,-1.01600
2026-03-26,NZDUSD,achat,0.57750,0.57250,0.60250,stop,-1.03000
2026-03-26,USDJPY,vente,159.75000,160.25000,157.25000,stop,-1.02000
2026-03-26,AUDJPY,achat,110.25000,109.75000,112.75000,stop,-1.03600
2026-03-26,EURUSD,achat,1.15250,1.14750,1.17750,stop,-1.01600
2026-03-27,GBPUSD,achat,1.32750,1.32250,1.35250,stop,-1.02400
2026-03-31,AUDJPY,vente,109.75000,110.25000,107.25000,stop,-1.03600
2026-04-02,EURUSD,achat,1.15250,1.14750,1.17750,objectif,4.98400
2026-04-02,GBPUSD,achat,1.32750,1.32250,1.35250,stop,-1.02400
2026-04-03,USDJPY,vente,159.75000,160.25000,157.25000,stop,-1.02000
2026-04-06,NZDUSD,vente,0.57250,0.57750,0.54750,stop,-1.03000
2026-04-07,AUDUSD,vente,0.69750,0.70250,0.67250,stop,-1.02000
2026-04-07,AUDJPY,vente,112.25000,112.75000,109.75000,stop,-1.03600
2026-04-08,GBPUSD,vente,1.34750,1.35250,1.32250,stop,-1.02400
2026-04-09,EURUSD,vente,1.17250,1.17750,1.14750,stop,-1.01600
2026-04-13,AUDUSD,achat,0.70250,0.69750,0.72750,objectif,4.98000
2026-04-13,USDJPY,vente,159.75000,160.25000,157.25000,stop,-1.02000
2026-04-14,AUDJPY,achat,112.75000,112.25000,115.25000,stop,-1.03600
2026-04-16,EURUSD,achat,1.17750,1.17250,1.20250,stop,-1.01600
2026-04-16,GBPUSD,achat,1.35250,1.34750,1.37750,stop,-1.02400
2026-04-17,USDJPY,achat,157.75000,157.25000,160.25000,objectif,4.98000
2026-04-23,USDJPY,vente,159.75000,160.25000,157.25000,stop,-1.02000
2026-04-24,EURUSD,vente,1.17250,1.17750,1.14750,stop,-1.01600
2026-04-28,USDJPY,vente,159.75000,160.25000,157.25000,stop,-1.02000
2026-04-30,AUDJPY,achat,112.75000,112.25000,115.25000,stop,-1.03600
2026-04-30,EURUSD,vente,1.17250,1.17750,1.14750,stop,-1.01600
2026-05-01,USDJPY,vente,157.25000,157.75000,154.75000,stop,-1.02000
2026-05-04,GBPUSD,achat,1.35250,1.34750,1.37750,stop,-1.02400
2026-05-05,EURUSD,vente,1.17250,1.17750,1.14750,stop,-1.01600
2026-05-06,NZDUSD,vente,0.59750,0.60250,0.57250,sortie vendredi,3.96320
2026-05-06,USDJPY,achat,155.25000,154.75000,157.75000,objectif,4.98000
2026-05-06,AUDJPY,achat,112.75000,112.25000,115.25000,stop,-1.03600
2026-05-11,USDJPY,vente,157.25000,157.75000,154.75000,stop,-1.02000
2026-05-12,GBPUSD,achat,1.35250,1.34750,1.37750,stop,-1.02400
2026-05-19,AUDJPY,achat,112.75000,112.25000,115.25000,stop,-1.03600
2026-05-25,GBPUSD,vente,1.34750,1.35250,1.32250,objectif,4.97600
2026-05-29,NZDUSD,vente,0.59750,0.60250,0.57250,objectif,4.97000
2026-05-29,GBPUSD,vente,1.34750,1.35250,1.32250,objectif,4.97600
2026-06-01,USDJPY,vente,159.75000,160.25000,157.25000,stop,-1.02000
2026-06-02,AUDJPY,vente,114.75000,115.25000,112.25000,objectif,4.96400
2026-06-05,EURUSD,achat,1.15250,1.14750,1.17750,stop,-1.01600
2026-06-05,AUDJPY,achat,112.75000,112.25000,115.25000,stop,-1.03600
2026-06-05,GBPUSD,vente,1.34750,1.35250,1.32250,objectif,4.97600
2026-06-11,USDJPY,achat,160.25000,159.75000,162.75000,stop,-1.02000
2026-06-17,GBPUSD,achat,1.32750,1.32250,1.35250,stop,-1.02400
2026-06-17,NZDUSD,achat,0.57750,0.57250,0.60250,stop,-1.03000
2026-06-17,AUDUSD,achat,0.70250,0.69750,0.72750,stop,-1.02000
2026-06-17,EURUSD,achat,1.15250,1.14750,1.17750,stop,-1.01600
2026-06-17,AUDJPY,achat,112.75000,112.25000,115.25000,stop,-1.03600
2026-06-23,AUDJPY,achat,112.75000,112.25000,115.25000,stop,-1.03600
2026-06-26,GBPUSD,vente,1.32250,1.32750,1.29750,stop,-1.02400
2026-06-30,AUDJPY,vente,112.25000,112.75000,109.75000,stop,-1.03600
2026-06-30,USDJPY,vente,162.25000,162.75000,159.75000,stop,-1.02000
2026-07-03,NZDUSD,vente,0.57250,0.57750,0.54750,stop,-1.03000
2026-07-06,AUDJPY,vente,112.25000,112.75000,109.75000,stop,-1.03600
2026-07-06,USDJPY,vente,162.25000,162.75000,159.75000,stop,-1.02000
2026-07-13,USDJPY,vente,162.25000,162.75000,159.75000,stop,-1.02000
2026-07-14,AUDUSD,vente,0.69750,0.70250,0.67250,stop,-1.02000
2026-07-15,GBPUSD,vente,1.34750,1.35250,1.32250,stop,-1.02400
2026-07-15,EURUSD,vente,1.14750,1.15250,1.12250,stop,-1.01600
2026-07-22,USDJPY,achat,162.75000,162.25000,165.25000,stop,-1.02000
2026-07-23,NZDUSD,achat,0.57750,0.57250,0.60250,sortie vendredi,2.20020
2026-07-29,EURUSD,vente,1.14750,1.15250,1.12250,stop,-1.01600
2026-07-30,AUDJPY,achat,112.75000,112.25000,115.25000,stop,-1.03600
2026-07-30,GBPUSD,vente,1.34750,1.35250,1.32250,stop,-1.02400
2026-07-30,USDJPY,achat,162.75000,162.25000,165.25000,stop,-1.02000
2026-08-06,EURUSD,achat,1.15250,1.14750,1.17750,stop,-1.01600
2026-08-07,USDJPY,achat,157.75000,157.25000,160.25000,stop,-1.02000
2026-08-10,AUDJPY,vente,112.25000,112.75000,109.75000,stop,-1.03600
2026-08-18,USDJPY,vente,159.75000,160.25000,157.25000,stop,-1.02000
2026-08-18,GBPUSD,achat,1.35250,1.34750,1.37750,stop,-1.02400
2026-08-28,USDJPY,vente,159.75000,160.25000,157.25000,stop,-1.02000
2026-09-03,USDJPY,achat,157.75000,157.25000,160.25000,stop,-1.02000
2026-09-03,AUDJPY,achat,112.75000,112.25000,115.25000,stop,-1.03600
2026-09-10,AUDJPY,achat,110.25000,109.75000,112.75000,stop,-1.03600
2026-09-14,NZDUSD,achat,0.57750,0.57250,0.60250,stop,-1.03000
2026-09-14,USDJPY,vente,154.75000,155.25000,152.25000,stop,-1.02000
2026-09-18,AUDJPY,vente,112.25000,112.75000,109.75000,objectif,4.96400
2026-09-18,USDJPY,vente,157.25000,157.75000,154.75000,stop,-1.02000
2026-09-23,GBPUSD,achat,1.32750,1.32250,1.35250,stop,-1.02400
2026-09-25,AUDJPY,achat,110.25000,109.75000,112.75000,stop,-1.03600
2026-09-25,USDJPY,achat,157.75000,157.25000,160.25000,stop,-1.02000
